{"type":"FeatureCollection","ridingCode":"12009","ridingName":"Sackville--Bedford--Preston","result":{"electors":80508,"voters":58606,"totalVotes":58190,"rejected":416,"turnout":72.79525016147463,"winnerId":"braedon-clark","winnerPartyId":"LIB","runnerUpId":"dave-carroll","runnerUpPartyId":"CPC","margin":29.561780374634814,"top":[{"id":"braedon-clark","name":"Braedon Clark","shortName":"Clark","partyId":"LIB","votes":36062,"share":61.972847568310705},{"id":"dave-carroll","name":"Dave Carroll","shortName":"Carroll","partyId":"CPC","votes":18860,"share":32.41106719367589},{"id":"isaac-wilson","name":"Isaac Wilson","shortName":"Wilson","partyId":"NDP","votes":2324,"share":3.993813369994845},{"id":"andre-anderson","name":"Andre Anderson","shortName":"Anderson","partyId":"GRN","votes":526,"share":0.9039353840866129},{"id":"ryan-slaney","name":"Ryan Slaney","shortName":"Slaney","partyId":"PPC","votes":418,"share":0.718336483931947}],"partyVotes":{"LIB":36062,"CPC":18860,"BQ":0,"NDP":2324,"GRN":526,"PPC":418,"OTH":0}},"buckets":[{"kind":"advance","polls":18,"electors":0,"voters":27879,"totalVotes":27781,"rejected":98,"turnout":0,"winnerId":"braedon-clark","winnerPartyId":"LIB","runnerUpId":"dave-carroll","runnerUpPartyId":"CPC","margin":37.777617796335626,"top":[{"id":"braedon-clark","name":"Braedon Clark","shortName":"Clark","partyId":"LIB","votes":18502,"share":66.59947446096253},{"id":"dave-carroll","name":"Dave Carroll","shortName":"Carroll","partyId":"CPC","votes":8007,"share":28.821856664626903},{"id":"isaac-wilson","name":"Isaac Wilson","shortName":"Wilson","partyId":"NDP","votes":905,"share":3.257622115834563},{"id":"andre-anderson","name":"Andre Anderson","shortName":"Anderson","partyId":"GRN","votes":203,"share":0.7307152370325042},{"id":"ryan-slaney","name":"Ryan Slaney","shortName":"Slaney","partyId":"PPC","votes":164,"share":0.590331521543501}],"partyVotes":{"LIB":18502,"CPC":8007,"BQ":0,"NDP":905,"GRN":203,"PPC":164,"OTH":0}},{"kind":"special","polls":6,"electors":808,"voters":5502,"totalVotes":5299,"rejected":203,"turnout":680.940594059406,"winnerId":"braedon-clark","winnerPartyId":"LIB","runnerUpId":"dave-carroll","runnerUpPartyId":"CPC","margin":34.8367616531421,"top":[{"id":"braedon-clark","name":"Braedon Clark","shortName":"Clark","partyId":"LIB","votes":3472,"share":65.5217965653897},{"id":"dave-carroll","name":"Dave Carroll","shortName":"Carroll","partyId":"CPC","votes":1626,"share":30.685034912247595},{"id":"isaac-wilson","name":"Isaac Wilson","shortName":"Wilson","partyId":"NDP","votes":137,"share":2.585393470466126},{"id":"andre-anderson","name":"Andre Anderson","shortName":"Anderson","partyId":"GRN","votes":38,"share":0.7171164370635968},{"id":"ryan-slaney","name":"Ryan Slaney","shortName":"Slaney","partyId":"PPC","votes":26,"share":0.49065861483298734}],"partyVotes":{"LIB":3472,"CPC":1626,"BQ":0,"NDP":137,"GRN":38,"PPC":26,"OTH":0}}],"features":[{"type":"Feature","id":"12009-1","properties":{"ridingCode":"12009","pollNumber":"1","pollType":"N","advancePollNumber":"601","sourceCode":"1-0","geometryPollNumbers":["1"],"code":"12009-1","resultPollNumbers":["1"],"resultStatus":"exact","result":{"electors":430,"voters":165,"totalVotes":165,"rejected":0,"turnout":38.372093023255815,"winnerId":"dave-carroll","winnerPartyId":"CPC","runnerUpId":"braedon-clark","runnerUpPartyId":"LIB","margin":9.090909090909092,"top":[{"id":"dave-carroll","name":"Dave Carroll","shortName":"Carroll","partyId":"CPC","votes":86,"share":52.121212121212125},{"id":"braedon-clark","name":"Braedon Clark","shortName":"Clark","partyId":"LIB","votes":71,"share":43.03030303030303},{"id":"isaac-wilson","name":"Isaac Wilson","shortName":"Wilson","partyId":"NDP","votes":7,"share":4.242424242424243},{"id":"andre-anderson","name":"Andre Anderson","shortName":"Anderson","partyId":"GRN","votes":1,"share":0.6060606060606061}],"partyVotes":{"LIB":71,"CPC":86,"BQ":0,"NDP":7,"GRN":1,"PPC":0,"OTH":0}}},"geometry":{"type":"Polygon","coordinates":[[[719.27,135.14],[719.27,135.15],[719.24,135.19],[719.23,135.19],[719.21,135.15],[719.21,135.15],[719.19,135.15],[719.18,135.16],[719.18,135.15],[719.16,135.14],[719.15,135.12],[719.16,135.12],[719.17,135.11],[719.17,135.09],[719.15,135.07],[719.14,135.07],[719.14,135.07],[719.13,135.05],[719.13,135.04],[719.13,135.03],[719.13,135.03],[719.13,135.02],[719.15,135],[719.15,134.96],[719.15,134.95],[719.16,134.94],[719.16,134.94],[719.17,134.93],[719.15,134.93],[719.15,134.93],[719.14,134.92],[719.14,134.92],[719.14,134.92],[719.14,134.91],[719.14,134.91],[719.15,134.91],[719.15,134.89],[719.16,134.88],[719.16,134.88],[719.16,134.87],[719.16,134.87],[719.17,134.86],[719.17,134.86],[719.17,134.86],[719.17,134.85],[719.29,134.82],[719.32,134.82],[719.32,134.84],[719.32,134.84],[719.32,134.88],[719.33,134.91],[719.32,134.98],[719.32,134.99],[719.32,134.99],[719.31,135.01],[719.27,135.05],[719.26,135.06],[719.25,135.07],[719.24,135.07],[719.24,135.07],[719.22,135.07],[719.22,135.07],[719.2,135.1],[719.19,135.1],[719.19,135.1],[719.17,135.11],[719.17,135.12],[719.17,135.13],[719.17,135.13],[719.21,135.13],[719.23,135.11],[719.27,135.14]]]}},{"type":"Feature","id":"12009-2","properties":{"ridingCode":"12009","pollNumber":"2","pollType":"N","advancePollNumber":"601","sourceCode":"2-0","geometryPollNumbers":["2"],"code":"12009-2","resultPollNumbers":["2"],"resultStatus":"exact","result":{"electors":291,"voters":86,"totalVotes":86,"rejected":0,"turnout":29.553264604810998,"winnerId":"dave-carroll","winnerPartyId":"CPC","runnerUpId":"braedon-clark","runnerUpPartyId":"LIB","margin":6.976744186046512,"top":[{"id":"dave-carroll","name":"Dave Carroll","shortName":"Carroll","partyId":"CPC","votes":42,"share":48.837209302325576},{"id":"braedon-clark","name":"Braedon Clark","shortName":"Clark","partyId":"LIB","votes":36,"share":41.86046511627907},{"id":"isaac-wilson","name":"Isaac Wilson","shortName":"Wilson","partyId":"NDP","votes":6,"share":6.976744186046512},{"id":"ryan-slaney","name":"Ryan Slaney","shortName":"Slaney","partyId":"PPC","votes":2,"share":2.3255813953488373}],"partyVotes":{"LIB":36,"CPC":42,"BQ":0,"NDP":6,"GRN":0,"PPC":2,"OTH":0}}},"geometry":{"type":"Polygon","coordinates":[[[719.25,135.07],[719.26,135.06],[719.27,135.05],[719.31,135.01],[719.32,134.99],[719.32,134.99],[719.32,134.98],[719.33,134.91],[719.32,134.88],[719.32,134.84],[719.32,134.84],[719.32,134.82],[719.41,134.75],[719.47,134.73],[719.51,134.73],[719.55,134.73],[719.59,134.72],[719.6,134.71],[719.64,134.71],[719.62,134.8],[719.6,134.83],[719.58,134.85],[719.47,134.92],[719.44,134.94],[719.43,134.96],[719.39,135.04],[719.37,135.05],[719.33,135.09],[719.3,135.14],[719.29,135.14],[719.28,135.14],[719.27,135.15],[719.27,135.14],[719.23,135.11],[719.21,135.13],[719.17,135.13],[719.17,135.13],[719.17,135.12],[719.17,135.11],[719.19,135.1],[719.19,135.1],[719.2,135.1],[719.22,135.07],[719.22,135.07],[719.24,135.07],[719.24,135.07],[719.25,135.07]]]}},{"type":"Feature","id":"12009-3","properties":{"ridingCode":"12009","pollNumber":"3","pollType":"N","advancePollNumber":"601","sourceCode":"3-0","geometryPollNumbers":["3"],"code":"12009-3","resultPollNumbers":["3"],"resultStatus":"exact","result":{"electors":302,"voters":80,"totalVotes":80,"rejected":0,"turnout":26.490066225165563,"winnerId":"braedon-clark","winnerPartyId":"LIB","runnerUpId":"dave-carroll","runnerUpPartyId":"CPC","margin":22.5,"top":[{"id":"braedon-clark","name":"Braedon Clark","shortName":"Clark","partyId":"LIB","votes":48,"share":60},{"id":"dave-carroll","name":"Dave Carroll","shortName":"Carroll","partyId":"CPC","votes":30,"share":37.5},{"id":"isaac-wilson","name":"Isaac Wilson","shortName":"Wilson","partyId":"NDP","votes":2,"share":2.5},{"id":"andre-anderson","name":"Andre Anderson","shortName":"Anderson","partyId":"GRN","votes":0,"share":0}],"partyVotes":{"LIB":48,"CPC":30,"BQ":0,"NDP":2,"GRN":0,"PPC":0,"OTH":0}}},"geometry":{"type":"Polygon","coordinates":[[[719.1,134.85],[719.09,134.87],[719.08,134.87],[719.08,134.87],[719.09,134.85],[719.07,134.84],[719.08,134.8],[719.09,134.78],[719.09,134.76],[719.1,134.74],[719.12,134.71],[719.14,134.68],[719.14,134.67],[719.15,134.66],[719.16,134.65],[719.18,134.65],[719.18,134.65],[719.18,134.65],[719.19,134.62],[719.18,134.61],[719.18,134.6],[719.19,134.6],[719.19,134.58],[719.18,134.54],[719.18,134.53],[719.18,134.53],[719.17,134.52],[719.18,134.52],[719.18,134.52],[719.18,134.52],[719.19,134.52],[719.19,134.51],[719.21,134.48],[719.21,134.48],[719.21,134.47],[719.23,134.47],[719.23,134.46],[719.23,134.46],[719.23,134.47],[719.2,134.5],[719.19,134.51],[719.19,134.52],[719.2,134.54],[719.22,134.56],[719.24,134.59],[719.23,134.62],[719.25,134.66],[719.26,134.73],[719.28,134.75],[719.29,134.78],[719.31,134.8],[719.32,134.82],[719.29,134.82],[719.17,134.85],[719.17,134.83],[719.17,134.83],[719.15,134.84],[719.15,134.84],[719.15,134.83],[719.14,134.84],[719.14,134.85],[719.14,134.85],[719.13,134.85],[719.13,134.85],[719.12,134.85],[719.12,134.85],[719.12,134.85],[719.1,134.85]]]}},{"type":"Feature","id":"12009-4","properties":{"ridingCode":"12009","pollNumber":"4","pollType":"N","advancePollNumber":"601","sourceCode":"4-0","geometryPollNumbers":["4"],"code":"12009-4","resultPollNumbers":["4"],"resultStatus":"exact","result":{"electors":395,"voters":105,"totalVotes":104,"rejected":1,"turnout":26.582278481012654,"winnerId":"braedon-clark","winnerPartyId":"LIB","runnerUpId":"dave-carroll","runnerUpPartyId":"CPC","margin":6.730769230769231,"top":[{"id":"braedon-clark","name":"Braedon Clark","shortName":"Clark","partyId":"LIB","votes":54,"share":51.92307692307693},{"id":"dave-carroll","name":"Dave Carroll","shortName":"Carroll","partyId":"CPC","votes":47,"share":45.19230769230769},{"id":"isaac-wilson","name":"Isaac Wilson","shortName":"Wilson","partyId":"NDP","votes":3,"share":2.8846153846153846},{"id":"andre-anderson","name":"Andre Anderson","shortName":"Anderson","partyId":"GRN","votes":0,"share":0}],"partyVotes":{"LIB":54,"CPC":47,"BQ":0,"NDP":3,"GRN":0,"PPC":0,"OTH":0}}},"geometry":{"type":"Polygon","coordinates":[[[719.41,134.75],[719.32,134.82],[719.31,134.8],[719.29,134.78],[719.28,134.75],[719.26,134.73],[719.25,134.66],[719.23,134.62],[719.24,134.59],[719.22,134.56],[719.2,134.54],[719.19,134.52],[719.19,134.51],[719.2,134.5],[719.23,134.47],[719.23,134.46],[719.24,134.45],[719.25,134.45],[719.26,134.44],[719.29,134.44],[719.3,134.43],[719.31,134.42],[719.31,134.42],[719.32,134.41],[719.32,134.41],[719.35,134.38],[719.58,134.19],[719.63,134.29],[719.68,134.55],[719.68,134.57],[719.67,134.6],[719.64,134.71],[719.6,134.71],[719.59,134.72],[719.55,134.73],[719.51,134.73],[719.47,134.73],[719.41,134.75]]]}},{"type":"Feature","id":"12009-5","properties":{"ridingCode":"12009","pollNumber":"5","pollType":"N","advancePollNumber":"601","sourceCode":"5-0","geometryPollNumbers":["5"],"code":"12009-5","resultPollNumbers":["5"],"resultStatus":"exact","result":{"electors":327,"voters":98,"totalVotes":97,"rejected":1,"turnout":29.96941896024465,"winnerId":"braedon-clark","winnerPartyId":"LIB","runnerUpId":"dave-carroll","runnerUpPartyId":"CPC","margin":10.309278350515463,"top":[{"id":"braedon-clark","name":"Braedon Clark","shortName":"Clark","partyId":"LIB","votes":51,"share":52.57731958762887},{"id":"dave-carroll","name":"Dave Carroll","shortName":"Carroll","partyId":"CPC","votes":41,"share":42.2680412371134},{"id":"isaac-wilson","name":"Isaac Wilson","shortName":"Wilson","partyId":"NDP","votes":4,"share":4.123711340206185},{"id":"ryan-slaney","name":"Ryan Slaney","shortName":"Slaney","partyId":"PPC","votes":1,"share":1.0309278350515463}],"partyVotes":{"LIB":51,"CPC":41,"BQ":0,"NDP":4,"GRN":0,"PPC":1,"OTH":0}}},"geometry":{"type":"Polygon","coordinates":[[[719.07,134.5],[719.07,134.4],[719.03,134.29],[719.08,134.25],[719.1,134.24],[719.11,134.23],[719.1,134.22],[719.15,134.18],[719.18,134.16],[719.18,134.16],[719.21,134.17],[719.2,134.2],[719.22,134.2],[719.23,134.2],[719.23,134.22],[719.23,134.23],[719.27,134.25],[719.27,134.25],[719.27,134.26],[719.27,134.27],[719.24,134.26],[719.28,134.32],[719.3,134.32],[719.3,134.32],[719.3,134.34],[719.3,134.34],[719.32,134.41],[719.32,134.41],[719.31,134.42],[719.31,134.42],[719.3,134.43],[719.29,134.44],[719.26,134.44],[719.25,134.45],[719.24,134.45],[719.23,134.46],[719.23,134.46],[719.07,134.5]]]}},{"type":"Feature","id":"12009-6","properties":{"ridingCode":"12009","pollNumber":"6","pollType":"N","advancePollNumber":"601","sourceCode":"6-0","geometryPollNumbers":["6"],"code":"12009-6","resultPollNumbers":["6"],"resultStatus":"exact","result":{"electors":426,"voters":169,"totalVotes":169,"rejected":0,"turnout":39.671361502347416,"winnerId":"braedon-clark","winnerPartyId":"LIB","runnerUpId":"dave-carroll","runnerUpPartyId":"CPC","margin":26.627218934911244,"top":[{"id":"braedon-clark","name":"Braedon Clark","shortName":"Clark","partyId":"LIB","votes":103,"share":60.946745562130175},{"id":"dave-carroll","name":"Dave Carroll","shortName":"Carroll","partyId":"CPC","votes":58,"share":34.319526627218934},{"id":"isaac-wilson","name":"Isaac Wilson","shortName":"Wilson","partyId":"NDP","votes":5,"share":2.9585798816568047},{"id":"andre-anderson","name":"Andre Anderson","shortName":"Anderson","partyId":"GRN","votes":3,"share":1.7751479289940828}],"partyVotes":{"LIB":103,"CPC":58,"BQ":0,"NDP":5,"GRN":3,"PPC":0,"OTH":0}}},"geometry":{"type":"Polygon","coordinates":[[[719.18,134.16],[719.16,134.14],[719.17,134.14],[719.18,134.13],[719.19,134.13],[719.21,134.12],[719.22,134.13],[719.22,134.15],[719.24,134.15],[719.25,134.14],[719.28,134.15],[719.29,134.14],[719.29,134.14],[719.33,134.15],[719.33,134.13],[719.36,134.15],[719.35,134.19],[719.35,134.21],[719.34,134.23],[719.33,134.27],[719.33,134.28],[719.3,134.34],[719.3,134.34],[719.3,134.34],[719.3,134.32],[719.3,134.32],[719.28,134.32],[719.24,134.26],[719.27,134.27],[719.27,134.26],[719.27,134.25],[719.27,134.25],[719.23,134.23],[719.23,134.22],[719.23,134.2],[719.22,134.2],[719.2,134.2],[719.21,134.17],[719.18,134.16],[719.18,134.16]]]}},{"type":"Feature","id":"12009-7","properties":{"ridingCode":"12009","pollNumber":"7","pollType":"N","advancePollNumber":"601","sourceCode":"7-0","geometryPollNumbers":["7"],"code":"12009-7","resultPollNumbers":["7"],"resultStatus":"exact","result":{"electors":250,"voters":92,"totalVotes":92,"rejected":0,"turnout":36.8,"winnerId":"braedon-clark","winnerPartyId":"LIB","runnerUpId":"dave-carroll","runnerUpPartyId":"CPC","margin":11.956521739130435,"top":[{"id":"braedon-clark","name":"Braedon Clark","shortName":"Clark","partyId":"LIB","votes":49,"share":53.2608695652174},{"id":"dave-carroll","name":"Dave Carroll","shortName":"Carroll","partyId":"CPC","votes":38,"share":41.30434782608695},{"id":"andre-anderson","name":"Andre Anderson","shortName":"Anderson","partyId":"GRN","votes":2,"share":2.1739130434782608},{"id":"isaac-wilson","name":"Isaac Wilson","shortName":"Wilson","partyId":"NDP","votes":2,"share":2.1739130434782608}],"partyVotes":{"LIB":49,"CPC":38,"BQ":0,"NDP":2,"GRN":2,"PPC":1,"OTH":0}}},"geometry":{"type":"Polygon","coordinates":[[[718.95,134.2],[718.99,134],[718.98,134],[718.99,133.99],[718.99,133.98],[718.99,133.97],[718.99,133.96],[719,133.94],[718.99,133.91],[719.03,133.86],[719.04,133.87],[719.13,133.91],[719.16,133.93],[719.21,134.04],[719.22,134.04],[719.23,134.04],[719.24,134.05],[719.25,134.04],[719.26,134.04],[719.26,134.04],[719.3,133.98],[719.31,134],[719.32,134.01],[719.31,134.02],[719.29,134.06],[719.28,134.08],[719.26,134.09],[719.22,134.1],[719.21,134.12],[719.19,134.13],[719.18,134.13],[719.17,134.14],[719.16,134.14],[719.18,134.16],[719.15,134.18],[719.1,134.22],[719.11,134.23],[719.1,134.24],[719.08,134.25],[719.03,134.29],[719.07,134.4],[719.07,134.5],[718.95,134.54],[718.86,134.47],[718.85,134.47],[718.86,134.46],[718.87,134.46],[718.88,134.47],[718.88,134.47],[718.89,134.48],[718.89,134.46],[718.9,134.45],[718.91,134.44],[718.91,134.42],[718.9,134.41],[718.9,134.41],[718.9,134.4],[718.89,134.39],[718.89,134.39],[718.88,134.38],[718.88,134.38],[718.88,134.37],[718.87,134.37],[718.87,134.35],[718.84,134.33],[718.86,134.33],[718.91,134.31],[718.91,134.31],[718.92,134.27],[718.92,134.26],[718.93,134.24],[718.94,134.22],[718.95,134.2],[718.95,134.2]]]}},{"type":"Feature","id":"12009-8","properties":{"ridingCode":"12009","pollNumber":"8","pollType":"N","advancePollNumber":"601","sourceCode":"8-0","geometryPollNumbers":["8"],"code":"12009-8","resultPollNumbers":["8"],"resultStatus":"exact","result":{"electors":455,"voters":169,"totalVotes":167,"rejected":2,"turnout":37.142857142857146,"winnerId":"braedon-clark","winnerPartyId":"LIB","runnerUpId":"dave-carroll","runnerUpPartyId":"CPC","margin":8.982035928143713,"top":[{"id":"braedon-clark","name":"Braedon Clark","shortName":"Clark","partyId":"LIB","votes":86,"share":51.49700598802395},{"id":"dave-carroll","name":"Dave Carroll","shortName":"Carroll","partyId":"CPC","votes":71,"share":42.51497005988024},{"id":"isaac-wilson","name":"Isaac Wilson","shortName":"Wilson","partyId":"NDP","votes":6,"share":3.592814371257485},{"id":"andre-anderson","name":"Andre Anderson","shortName":"Anderson","partyId":"GRN","votes":3,"share":1.7964071856287425}],"partyVotes":{"LIB":86,"CPC":71,"BQ":0,"NDP":6,"GRN":3,"PPC":1,"OTH":0}}},"geometry":{"type":"Polygon","coordinates":[[[719.3,134.34],[719.33,134.28],[719.33,134.27],[719.34,134.23],[719.35,134.21],[719.35,134.19],[719.36,134.15],[719.33,134.13],[719.35,134.09],[719.34,134.08],[719.33,134.08],[719.33,134.06],[719.33,134.05],[719.33,134.02],[719.32,134.01],[719.35,133.98],[719.38,133.96],[719.41,134.01],[719.44,134.03],[719.46,133.99],[719.47,133.98],[719.48,133.96],[719.49,133.95],[719.49,133.94],[719.5,133.94],[719.51,133.94],[719.5,133.99],[719.5,134],[719.5,134.02],[719.58,134.19],[719.35,134.38],[719.32,134.41],[719.3,134.34],[719.3,134.34],[719.3,134.34],[719.3,134.34]]]}},{"type":"Feature","id":"12009-9","properties":{"ridingCode":"12009","pollNumber":"9","pollType":"N","advancePollNumber":"601","sourceCode":"9-0","geometryPollNumbers":["9"],"code":"12009-9","resultPollNumbers":["9"],"resultStatus":"exact","result":{"electors":380,"voters":156,"totalVotes":154,"rejected":2,"turnout":41.05263157894737,"winnerId":"braedon-clark","winnerPartyId":"LIB","runnerUpId":"dave-carroll","runnerUpPartyId":"CPC","margin":4.545454545454546,"top":[{"id":"braedon-clark","name":"Braedon Clark","shortName":"Clark","partyId":"LIB","votes":74,"share":48.05194805194805},{"id":"dave-carroll","name":"Dave Carroll","shortName":"Carroll","partyId":"CPC","votes":67,"share":43.506493506493506},{"id":"isaac-wilson","name":"Isaac Wilson","shortName":"Wilson","partyId":"NDP","votes":9,"share":5.844155844155844},{"id":"andre-anderson","name":"Andre Anderson","shortName":"Anderson","partyId":"GRN","votes":3,"share":1.948051948051948}],"partyVotes":{"LIB":74,"CPC":67,"BQ":0,"NDP":9,"GRN":3,"PPC":1,"OTH":0}}},"geometry":{"type":"Polygon","coordinates":[[[719.22,134.13],[719.21,134.12],[719.22,134.1],[719.26,134.09],[719.28,134.08],[719.29,134.06],[719.31,134.02],[719.32,134.01],[719.33,134.02],[719.33,134.05],[719.33,134.06],[719.33,134.08],[719.34,134.08],[719.35,134.09],[719.33,134.13],[719.33,134.15],[719.29,134.14],[719.29,134.14],[719.28,134.15],[719.25,134.14],[719.24,134.15],[719.22,134.15],[719.22,134.13]]]}},{"type":"Feature","id":"12009-10","properties":{"ridingCode":"12009","pollNumber":"10","pollType":"N","advancePollNumber":"600","sourceCode":"10-0","geometryPollNumbers":["10"],"code":"12009-10","resultPollNumbers":["10"],"resultStatus":"exact","result":{"electors":316,"voters":100,"totalVotes":100,"rejected":0,"turnout":31.645569620253166,"winnerId":"braedon-clark","winnerPartyId":"LIB","runnerUpId":"dave-carroll","runnerUpPartyId":"CPC","margin":3,"top":[{"id":"braedon-clark","name":"Braedon Clark","shortName":"Clark","partyId":"LIB","votes":49,"share":49},{"id":"dave-carroll","name":"Dave Carroll","shortName":"Carroll","partyId":"CPC","votes":46,"share":46},{"id":"isaac-wilson","name":"Isaac Wilson","shortName":"Wilson","partyId":"NDP","votes":4,"share":4},{"id":"andre-anderson","name":"Andre Anderson","shortName":"Anderson","partyId":"GRN","votes":1,"share":1}],"partyVotes":{"LIB":49,"CPC":46,"BQ":0,"NDP":4,"GRN":1,"PPC":0,"OTH":0}}},"geometry":{"type":"Polygon","coordinates":[[[718.25,134.23],[718.31,134.2],[718.33,134.2],[718.33,134.21],[718.34,134.21],[718.35,134.19],[718.35,134.19],[718.35,134.19],[718.36,134.18],[718.37,134.19],[718.37,134.19],[718.35,134.21],[718.36,134.21],[718.38,134.18],[718.44,134.13],[718.47,134.1],[718.5,134.06],[718.52,134.04],[718.55,134.02],[718.58,133.99],[718.64,133.95],[718.65,133.95],[718.63,133.99],[718.77,134.19],[718.78,134.2],[718.8,134.24],[718.84,134.27],[718.84,134.28],[718.83,134.29],[718.86,134.33],[718.84,134.33],[718.87,134.35],[718.87,134.37],[718.88,134.37],[718.88,134.38],[718.88,134.38],[718.89,134.39],[718.89,134.39],[718.9,134.4],[718.9,134.41],[718.9,134.41],[718.91,134.42],[718.91,134.44],[718.9,134.45],[718.89,134.46],[718.89,134.48],[718.88,134.47],[718.88,134.47],[718.87,134.46],[718.86,134.46],[718.85,134.47],[718.86,134.47],[718.95,134.54],[719.07,134.5],[719.23,134.46],[719.23,134.47],[719.21,134.47],[719.21,134.48],[719.21,134.48],[719.19,134.51],[719.19,134.52],[719.18,134.52],[719.18,134.52],[719.18,134.52],[719.17,134.52],[719.18,134.53],[719.18,134.53],[719.18,134.54],[719.19,134.58],[719.19,134.6],[719.18,134.6],[719.18,134.61],[719.19,134.62],[719.18,134.65],[719.18,134.65],[719.18,134.65],[719.16,134.65],[719.15,134.66],[719.14,134.67],[719.14,134.68],[719.12,134.71],[719.1,134.74],[719.09,134.76],[719.09,134.78],[719.08,134.8],[719.07,134.84],[719.09,134.85],[719.08,134.87],[719.08,134.87],[719.09,134.87],[719.1,134.85],[719.12,134.85],[719.12,134.85],[719.12,134.85],[719.13,134.85],[719.13,134.85],[719.14,134.85],[719.14,134.85],[719.14,134.84],[719.15,134.83],[719.15,134.84],[719.15,134.84],[719.17,134.83],[719.17,134.83],[719.17,134.85],[719.17,134.86],[719.17,134.86],[719.17,134.86],[719.16,134.87],[719.16,134.87],[719.16,134.88],[719.16,134.88],[719.15,134.89],[719.15,134.91],[719.14,134.91],[719.14,134.91],[719.14,134.92],[719.14,134.92],[719.14,134.92],[719.15,134.93],[719.15,134.93],[719.17,134.93],[719.16,134.93],[719.06,134.97],[718.94,135.03],[718.9,135.07],[718.76,134.95],[718.5,134.69],[718.48,134.66],[718.43,134.57],[718.37,134.47],[718.32,134.38],[718.28,134.31],[718.26,134.26],[718.25,134.23]]]}},{"type":"Feature","id":"12009-11","properties":{"ridingCode":"12009","pollNumber":"11","pollType":"N","advancePollNumber":"600","sourceCode":"11-0","geometryPollNumbers":["11"],"code":"12009-11","resultPollNumbers":["11"],"resultStatus":"exact","result":{"electors":419,"voters":144,"totalVotes":144,"rejected":0,"turnout":34.36754176610978,"winnerId":"braedon-clark","winnerPartyId":"LIB","runnerUpId":"dave-carroll","runnerUpPartyId":"CPC","margin":9.722222222222223,"top":[{"id":"braedon-clark","name":"Braedon Clark","shortName":"Clark","partyId":"LIB","votes":74,"share":51.388888888888886},{"id":"dave-carroll","name":"Dave Carroll","shortName":"Carroll","partyId":"CPC","votes":60,"share":41.66666666666667},{"id":"isaac-wilson","name":"Isaac Wilson","shortName":"Wilson","partyId":"NDP","votes":7,"share":4.861111111111112},{"id":"ryan-slaney","name":"Ryan Slaney","shortName":"Slaney","partyId":"PPC","votes":3,"share":2.083333333333333}],"partyVotes":{"LIB":74,"CPC":60,"BQ":0,"NDP":7,"GRN":0,"PPC":3,"OTH":0}}},"geometry":{"type":"Polygon","coordinates":[[[718.65,133.85],[718.67,133.84],[718.68,133.83],[718.69,133.77],[718.7,133.77],[718.77,133.79],[718.77,133.8],[718.77,133.81],[718.78,133.81],[718.79,133.83],[718.8,133.84],[718.8,133.84],[718.81,133.84],[718.81,133.85],[718.82,133.85],[718.83,133.85],[718.84,133.85],[718.84,133.86],[718.85,133.86],[718.85,133.86],[718.86,133.86],[718.86,133.86],[718.87,133.86],[718.88,133.86],[718.88,133.87],[718.88,133.87],[718.89,133.88],[718.89,133.88],[718.88,133.88],[718.87,133.9],[718.86,133.93],[718.87,133.93],[718.89,133.93],[718.9,133.93],[718.94,133.89],[718.95,133.87],[718.96,133.87],[718.96,133.86],[718.97,133.86],[718.97,133.86],[718.98,133.86],[718.99,133.86],[719,133.86],[719.01,133.86],[719.02,133.86],[719.03,133.86],[718.99,133.91],[719,133.94],[718.99,133.96],[718.99,133.97],[718.99,133.98],[718.99,133.99],[718.98,134],[718.99,134],[718.95,134.2],[718.95,134.2],[718.94,134.22],[718.93,134.24],[718.92,134.26],[718.92,134.27],[718.91,134.31],[718.91,134.31],[718.86,134.33],[718.83,134.29],[718.84,134.28],[718.84,134.27],[718.8,134.24],[718.78,134.2],[718.77,134.19],[718.63,133.99],[718.65,133.95],[718.62,133.87],[718.63,133.87],[718.64,133.86],[718.64,133.86],[718.65,133.85],[718.65,133.85]]]}},{"type":"Feature","id":"12009-12","properties":{"ridingCode":"12009","pollNumber":"12","pollType":"N","advancePollNumber":"600","sourceCode":"12-0","geometryPollNumbers":["12"],"code":"12009-12","resultPollNumbers":["12"],"resultStatus":"exact","result":{"electors":391,"voters":124,"totalVotes":124,"rejected":0,"turnout":31.713554987212277,"winnerId":"dave-carroll","winnerPartyId":"CPC","runnerUpId":"braedon-clark","runnerUpPartyId":"LIB","margin":2.4193548387096775,"top":[{"id":"dave-carroll","name":"Dave Carroll","shortName":"Carroll","partyId":"CPC","votes":55,"share":44.354838709677416},{"id":"braedon-clark","name":"Braedon Clark","shortName":"Clark","partyId":"LIB","votes":52,"share":41.935483870967744},{"id":"andre-anderson","name":"Andre Anderson","shortName":"Anderson","partyId":"GRN","votes":8,"share":6.451612903225806},{"id":"isaac-wilson","name":"Isaac Wilson","shortName":"Wilson","partyId":"NDP","votes":8,"share":6.451612903225806}],"partyVotes":{"LIB":52,"CPC":55,"BQ":0,"NDP":8,"GRN":8,"PPC":1,"OTH":0}}},"geometry":{"type":"Polygon","coordinates":[[[718.09,133.68],[718.09,133.59],[718.1,133.58],[718.14,133.57],[718.18,133.56],[718.36,133.55],[718.4,133.55],[718.42,133.54],[718.48,133.53],[718.5,133.52],[718.56,133.46],[718.58,133.46],[718.6,133.45],[718.66,133.45],[718.69,133.46],[718.71,133.47],[718.62,133.57],[718.62,133.58],[718.62,133.59],[718.64,133.59],[718.64,133.59],[718.64,133.6],[718.64,133.61],[718.63,133.63],[718.63,133.64],[718.64,133.63],[718.65,133.63],[718.65,133.63],[718.66,133.62],[718.67,133.62],[718.73,133.63],[718.75,133.64],[718.71,133.68],[718.72,133.7],[718.74,133.7],[718.75,133.71],[718.75,133.72],[718.76,133.73],[718.76,133.75],[718.79,133.72],[718.8,133.7],[718.82,133.69],[718.86,133.69],[718.88,133.7],[718.89,133.7],[718.91,133.7],[718.9,133.71],[718.89,133.72],[718.85,133.74],[718.84,133.74],[718.82,133.77],[718.81,133.79],[718.77,133.8],[718.77,133.79],[718.7,133.77],[718.69,133.77],[718.68,133.83],[718.67,133.84],[718.65,133.85],[718.65,133.85],[718.64,133.86],[718.64,133.86],[718.63,133.87],[718.62,133.87],[718.65,133.95],[718.64,133.95],[718.58,133.99],[718.55,134.02],[718.52,134.04],[718.5,134.06],[718.47,134.1],[718.44,134.13],[718.38,134.18],[718.36,134.21],[718.35,134.21],[718.37,134.19],[718.37,134.19],[718.36,134.18],[718.35,134.19],[718.35,134.19],[718.34,134.21],[718.33,134.21],[718.33,134.2],[718.31,134.2],[718.25,134.23],[718.18,134.1],[718.14,134.02],[718.12,133.98],[718.11,133.95],[718.1,133.91],[718.1,133.81],[718.09,133.73],[718.09,133.68]]]}},{"type":"Feature","id":"12009-13","properties":{"ridingCode":"12009","pollNumber":"13","pollType":"N","advancePollNumber":"600","sourceCode":"13-0","geometryPollNumbers":["13"],"code":"12009-13","resultPollNumbers":["13"],"resultStatus":"exact","result":{"electors":400,"voters":141,"totalVotes":140,"rejected":1,"turnout":35.25,"winnerId":"braedon-clark","winnerPartyId":"LIB","runnerUpId":"dave-carroll","runnerUpPartyId":"CPC","margin":10.714285714285714,"top":[{"id":"braedon-clark","name":"Braedon Clark","shortName":"Clark","partyId":"LIB","votes":73,"share":52.142857142857146},{"id":"dave-carroll","name":"Dave Carroll","shortName":"Carroll","partyId":"CPC","votes":58,"share":41.42857142857143},{"id":"isaac-wilson","name":"Isaac Wilson","shortName":"Wilson","partyId":"NDP","votes":7,"share":5},{"id":"andre-anderson","name":"Andre Anderson","shortName":"Anderson","partyId":"GRN","votes":1,"share":0.7142857142857143}],"partyVotes":{"LIB":73,"CPC":58,"BQ":0,"NDP":7,"GRN":1,"PPC":1,"OTH":0}}},"geometry":{"type":"Polygon","coordinates":[[[718.79,133.83],[718.78,133.81],[718.77,133.81],[718.77,133.8],[718.81,133.79],[718.81,133.79],[718.83,133.76],[718.85,133.75],[718.88,133.78],[718.94,133.77],[718.94,133.78],[718.95,133.78],[718.96,133.78],[718.96,133.78],[718.98,133.77],[719.03,133.81],[719.03,133.83],[719.04,133.84],[719.03,133.86],[719.02,133.86],[719.01,133.86],[719,133.86],[718.99,133.86],[718.98,133.86],[718.97,133.86],[718.97,133.86],[718.96,133.86],[718.96,133.87],[718.95,133.87],[718.94,133.89],[718.9,133.93],[718.89,133.93],[718.87,133.93],[718.86,133.93],[718.87,133.9],[718.88,133.88],[718.89,133.88],[718.89,133.88],[718.88,133.87],[718.88,133.87],[718.88,133.86],[718.87,133.86],[718.86,133.86],[718.86,133.86],[718.85,133.86],[718.85,133.86],[718.84,133.86],[718.84,133.85],[718.83,133.85],[718.82,133.85],[718.81,133.85],[718.81,133.84],[718.8,133.84],[718.8,133.84],[718.79,133.83]]]}},{"type":"Feature","id":"12009-14","properties":{"ridingCode":"12009","pollNumber":"14","pollType":"N","advancePollNumber":"600","sourceCode":"14-0","geometryPollNumbers":["14"],"code":"12009-14","resultPollNumbers":["14"],"resultStatus":"exact","result":{"electors":464,"voters":176,"totalVotes":176,"rejected":0,"turnout":37.93103448275862,"winnerId":"braedon-clark","winnerPartyId":"LIB","runnerUpId":"dave-carroll","runnerUpPartyId":"CPC","margin":18.75,"top":[{"id":"braedon-clark","name":"Braedon Clark","shortName":"Clark","partyId":"LIB","votes":102,"share":57.95454545454546},{"id":"dave-carroll","name":"Dave Carroll","shortName":"Carroll","partyId":"CPC","votes":69,"share":39.20454545454545},{"id":"ryan-slaney","name":"Ryan Slaney","shortName":"Slaney","partyId":"PPC","votes":4,"share":2.272727272727273},{"id":"andre-anderson","name":"Andre Anderson","shortName":"Anderson","partyId":"GRN","votes":1,"share":0.5681818181818182}],"partyVotes":{"LIB":102,"CPC":69,"BQ":0,"NDP":0,"GRN":1,"PPC":4,"OTH":0}}},"geometry":{"type":"Polygon","coordinates":[[[718.82,133.77],[718.84,133.74],[718.85,133.74],[718.89,133.72],[718.9,133.71],[718.91,133.7],[718.91,133.67],[718.91,133.67],[718.92,133.67],[718.96,133.67],[719,133.64],[719.03,133.66],[719.07,133.67],[719.06,133.67],[719.05,133.67],[719.03,133.68],[719.02,133.7],[719.01,133.71],[719.01,133.73],[718.99,133.74],[718.98,133.76],[718.97,133.76],[718.96,133.78],[718.96,133.78],[718.95,133.78],[718.94,133.78],[718.94,133.77],[718.88,133.78],[718.85,133.75],[718.83,133.76],[718.81,133.79],[718.81,133.79],[718.82,133.77]]]}},{"type":"Feature","id":"12009-15","properties":{"ridingCode":"12009","pollNumber":"15","pollType":"N","advancePollNumber":"600","sourceCode":"15-0","geometryPollNumbers":["15"],"code":"12009-15","resultPollNumbers":["15"],"resultStatus":"exact","result":{"electors":331,"voters":109,"totalVotes":109,"rejected":0,"turnout":32.93051359516616,"winnerId":"braedon-clark","winnerPartyId":"LIB","runnerUpId":"dave-carroll","runnerUpPartyId":"CPC","margin":16.51376146788991,"top":[{"id":"braedon-clark","name":"Braedon Clark","shortName":"Clark","partyId":"LIB","votes":62,"share":56.88073394495413},{"id":"dave-carroll","name":"Dave Carroll","shortName":"Carroll","partyId":"CPC","votes":44,"share":40.36697247706422},{"id":"isaac-wilson","name":"Isaac Wilson","shortName":"Wilson","partyId":"NDP","votes":3,"share":2.7522935779816518},{"id":"andre-anderson","name":"Andre Anderson","shortName":"Anderson","partyId":"GRN","votes":0,"share":0}],"partyVotes":{"LIB":62,"CPC":44,"BQ":0,"NDP":3,"GRN":0,"PPC":0,"OTH":0}}},"geometry":{"type":"Polygon","coordinates":[[[718.8,133.7],[718.79,133.72],[718.76,133.75],[718.76,133.73],[718.75,133.72],[718.75,133.71],[718.74,133.7],[718.72,133.7],[718.71,133.68],[718.75,133.64],[718.97,133.55],[718.97,133.57],[718.96,133.58],[718.95,133.58],[718.94,133.58],[718.94,133.6],[718.92,133.63],[718.9,133.63],[718.9,133.63],[718.89,133.64],[718.88,133.64],[718.87,133.64],[718.86,133.65],[718.86,133.66],[718.87,133.66],[718.88,133.65],[718.89,133.66],[718.88,133.66],[718.88,133.67],[718.91,133.67],[718.91,133.7],[718.89,133.7],[718.88,133.7],[718.86,133.69],[718.82,133.69],[718.8,133.7]]]}},{"type":"Feature","id":"12009-16","properties":{"ridingCode":"12009","pollNumber":"16","pollType":"N","advancePollNumber":"600","sourceCode":"16-0","geometryPollNumbers":["16"],"code":"12009-16","resultPollNumbers":["16"],"resultStatus":"exact","result":{"electors":306,"voters":118,"totalVotes":116,"rejected":2,"turnout":38.56209150326798,"winnerId":"dave-carroll","winnerPartyId":"CPC","runnerUpId":"braedon-clark","runnerUpPartyId":"LIB","margin":12.931034482758621,"top":[{"id":"dave-carroll","name":"Dave Carroll","shortName":"Carroll","partyId":"CPC","votes":62,"share":53.44827586206896},{"id":"braedon-clark","name":"Braedon Clark","shortName":"Clark","partyId":"LIB","votes":47,"share":40.51724137931034},{"id":"isaac-wilson","name":"Isaac Wilson","shortName":"Wilson","partyId":"NDP","votes":5,"share":4.310344827586207},{"id":"andre-anderson","name":"Andre Anderson","shortName":"Anderson","partyId":"GRN","votes":1,"share":0.8620689655172413}],"partyVotes":{"LIB":47,"CPC":62,"BQ":0,"NDP":5,"GRN":1,"PPC":1,"OTH":0}}},"geometry":{"type":"Polygon","coordinates":[[[718.89,133.66],[718.88,133.65],[718.87,133.66],[718.86,133.66],[718.86,133.65],[718.87,133.64],[718.88,133.64],[718.89,133.64],[718.9,133.63],[718.9,133.63],[718.92,133.63],[718.94,133.6],[718.94,133.58],[718.95,133.58],[718.96,133.58],[718.96,133.59],[718.95,133.61],[718.92,133.64],[718.91,133.67],[718.88,133.67],[718.88,133.66],[718.89,133.66]]]}},{"type":"Feature","id":"12009-17","properties":{"ridingCode":"12009","pollNumber":"17","pollType":"N","advancePollNumber":"600","sourceCode":"17-0","geometryPollNumbers":["17","33"],"code":"12009-17","resultPollNumbers":["17"],"resultStatus":"resolved-combination","result":{"electors":231,"voters":128,"totalVotes":125,"rejected":3,"turnout":55.41125541125541,"winnerId":"dave-carroll","winnerPartyId":"CPC","runnerUpId":"braedon-clark","runnerUpPartyId":"LIB","margin":7.199999999999999,"top":[{"id":"dave-carroll","name":"Dave Carroll","shortName":"Carroll","partyId":"CPC","votes":63,"share":50.4},{"id":"braedon-clark","name":"Braedon Clark","shortName":"Clark","partyId":"LIB","votes":54,"share":43.2},{"id":"isaac-wilson","name":"Isaac Wilson","shortName":"Wilson","partyId":"NDP","votes":7,"share":5.6000000000000005},{"id":"andre-anderson","name":"Andre Anderson","shortName":"Anderson","partyId":"GRN","votes":1,"share":0.8}],"partyVotes":{"LIB":54,"CPC":63,"BQ":0,"NDP":7,"GRN":1,"PPC":0,"OTH":0}}},"geometry":{"type":"MultiPolygon","coordinates":[[[[718.91,133.67],[718.92,133.64],[718.95,133.61],[718.96,133.59],[718.96,133.58],[718.97,133.57],[718.97,133.55],[718.99,133.55],[718.99,133.57],[719,133.58],[719,133.58],[718.98,133.58],[718.97,133.6],[718.97,133.62],[718.94,133.65],[718.92,133.67],[718.91,133.67],[718.91,133.67]]],[[[719.04,133.84],[719.03,133.83],[719.03,133.81],[718.98,133.77],[718.96,133.78],[718.97,133.76],[718.98,133.76],[718.99,133.74],[719.01,133.73],[719.01,133.71],[719.02,133.7],[719.03,133.68],[719.05,133.67],[719.06,133.67],[719.07,133.67],[719.03,133.66],[719.07,133.57],[719.09,133.56],[719.09,133.56],[719.1,133.56],[719.11,133.56],[719.11,133.56],[719.12,133.56],[719.12,133.56],[719.13,133.56],[719.13,133.55],[719.14,133.54],[719.16,133.54],[719.16,133.53],[719.17,133.53],[719.19,133.53],[719.2,133.53],[719.21,133.53],[719.2,133.56],[719.2,133.56],[719.22,133.58],[719.22,133.59],[719.22,133.59],[719.23,133.59],[719.25,133.61],[719.2,133.65],[719.14,133.69],[719.11,133.73],[719.1,133.75],[719.08,133.78],[719.04,133.84]]]]}},{"type":"Feature","id":"12009-18","properties":{"ridingCode":"12009","pollNumber":"18","pollType":"N","advancePollNumber":"600","sourceCode":"18-0","geometryPollNumbers":["18"],"code":"12009-18","resultPollNumbers":["18"],"resultStatus":"exact","result":{"electors":178,"voters":64,"totalVotes":64,"rejected":0,"turnout":35.95505617977528,"winnerId":"braedon-clark","winnerPartyId":"LIB","runnerUpId":"dave-carroll","runnerUpPartyId":"CPC","margin":1.5625,"top":[{"id":"braedon-clark","name":"Braedon Clark","shortName":"Clark","partyId":"LIB","votes":30,"share":46.875},{"id":"dave-carroll","name":"Dave Carroll","shortName":"Carroll","partyId":"CPC","votes":29,"share":45.3125},{"id":"ryan-slaney","name":"Ryan Slaney","shortName":"Slaney","partyId":"PPC","votes":2,"share":3.125},{"id":"isaac-wilson","name":"Isaac Wilson","shortName":"Wilson","partyId":"NDP","votes":2,"share":3.125}],"partyVotes":{"LIB":30,"CPC":29,"BQ":0,"NDP":2,"GRN":1,"PPC":2,"OTH":0}}},"geometry":{"type":"Polygon","coordinates":[[[718.64,133.63],[718.63,133.64],[718.63,133.63],[718.64,133.61],[718.64,133.6],[718.64,133.59],[718.64,133.59],[718.62,133.59],[718.62,133.58],[718.64,133.57],[718.65,133.57],[718.69,133.57],[718.74,133.57],[718.75,133.57],[718.79,133.54],[718.82,133.52],[718.86,133.49],[718.87,133.49],[718.88,133.5],[718.89,133.5],[718.89,133.51],[718.93,133.51],[718.93,133.5],[718.95,133.49],[718.96,133.51],[718.97,133.51],[718.97,133.52],[718.97,133.55],[718.75,133.64],[718.73,133.63],[718.67,133.62],[718.66,133.62],[718.65,133.63],[718.65,133.63],[718.64,133.63]]]}},{"type":"Feature","id":"12009-19","properties":{"ridingCode":"12009","pollNumber":"19","pollType":"N","advancePollNumber":"602","sourceCode":"19-0","geometryPollNumbers":["19"],"code":"12009-19","resultPollNumbers":["19"],"resultStatus":"exact","result":{"electors":420,"voters":140,"totalVotes":140,"rejected":0,"turnout":33.33333333333333,"winnerId":"braedon-clark","winnerPartyId":"LIB","runnerUpId":"dave-carroll","runnerUpPartyId":"CPC","margin":24.285714285714285,"top":[{"id":"braedon-clark","name":"Braedon Clark","shortName":"Clark","partyId":"LIB","votes":86,"share":61.42857142857143},{"id":"dave-carroll","name":"Dave Carroll","shortName":"Carroll","partyId":"CPC","votes":52,"share":37.142857142857146},{"id":"isaac-wilson","name":"Isaac Wilson","shortName":"Wilson","partyId":"NDP","votes":2,"share":1.4285714285714286},{"id":"andre-anderson","name":"Andre Anderson","shortName":"Anderson","partyId":"GRN","votes":0,"share":0}],"partyVotes":{"LIB":86,"CPC":52,"BQ":0,"NDP":2,"GRN":0,"PPC":0,"OTH":0}}},"geometry":{"type":"Polygon","coordinates":[[[719.38,133.94],[719.38,133.91],[719.39,133.89],[719.4,133.87],[719.41,133.87],[719.41,133.88],[719.42,133.89],[719.44,133.85],[719.45,133.83],[719.45,133.83],[719.46,133.83],[719.48,133.84],[719.47,133.87],[719.49,133.88],[719.47,133.9],[719.47,133.92],[719.41,134.01],[719.38,133.96],[719.38,133.94]]]}},{"type":"Feature","id":"12009-20","properties":{"ridingCode":"12009","pollNumber":"20","pollType":"N","advancePollNumber":"602","sourceCode":"20-0","geometryPollNumbers":["20"],"code":"12009-20","resultPollNumbers":["20"],"resultStatus":"exact","result":{"electors":313,"voters":122,"totalVotes":122,"rejected":0,"turnout":38.977635782747605,"winnerId":"braedon-clark","winnerPartyId":"LIB","runnerUpId":"dave-carroll","runnerUpPartyId":"CPC","margin":22.131147540983605,"top":[{"id":"braedon-clark","name":"Braedon Clark","shortName":"Clark","partyId":"LIB","votes":70,"share":57.377049180327866},{"id":"dave-carroll","name":"Dave Carroll","shortName":"Carroll","partyId":"CPC","votes":43,"share":35.24590163934426},{"id":"isaac-wilson","name":"Isaac Wilson","shortName":"Wilson","partyId":"NDP","votes":8,"share":6.557377049180328},{"id":"ryan-slaney","name":"Ryan Slaney","shortName":"Slaney","partyId":"PPC","votes":1,"share":0.819672131147541}],"partyVotes":{"LIB":70,"CPC":43,"BQ":0,"NDP":8,"GRN":0,"PPC":1,"OTH":0}}},"geometry":{"type":"Polygon","coordinates":[[[719.51,133.94],[719.52,133.89],[719.52,133.88],[719.56,133.82],[719.57,133.75],[719.58,133.7],[719.59,133.69],[719.6,133.68],[719.79,133.8],[719.78,133.82],[719.76,133.86],[719.7,133.94],[719.66,134.05],[719.65,134.06],[719.65,134.07],[719.64,134.07],[719.65,134.08],[719.64,134.08],[719.64,134.09],[719.64,134.09],[719.64,134.09],[719.64,134.1],[719.64,134.11],[719.64,134.13],[719.61,134.14],[719.6,134.16],[719.59,134.19],[719.58,134.19],[719.5,134.02],[719.5,134],[719.5,133.99],[719.51,133.94]]]}},{"type":"Feature","id":"12009-21","properties":{"ridingCode":"12009","pollNumber":"21","pollType":"N","advancePollNumber":"602","sourceCode":"21-0","geometryPollNumbers":["21"],"code":"12009-21","resultPollNumbers":["21"],"resultStatus":"exact","result":{"electors":511,"voters":156,"totalVotes":156,"rejected":0,"turnout":30.528375733855185,"winnerId":"braedon-clark","winnerPartyId":"LIB","runnerUpId":"dave-carroll","runnerUpPartyId":"CPC","margin":14.102564102564102,"top":[{"id":"braedon-clark","name":"Braedon Clark","shortName":"Clark","partyId":"LIB","votes":88,"share":56.41025641025641},{"id":"dave-carroll","name":"Dave Carroll","shortName":"Carroll","partyId":"CPC","votes":66,"share":42.30769230769231},{"id":"andre-anderson","name":"Andre Anderson","shortName":"Anderson","partyId":"GRN","votes":2,"share":1.282051282051282},{"id":"ryan-slaney","name":"Ryan Slaney","shortName":"Slaney","partyId":"PPC","votes":0,"share":0}],"partyVotes":{"LIB":88,"CPC":66,"BQ":0,"NDP":0,"GRN":2,"PPC":0,"OTH":0}}},"geometry":{"type":"Polygon","coordinates":[[[719.41,134.01],[719.47,133.92],[719.47,133.9],[719.49,133.88],[719.47,133.87],[719.48,133.84],[719.46,133.83],[719.45,133.83],[719.45,133.83],[719.44,133.85],[719.42,133.89],[719.41,133.88],[719.41,133.87],[719.4,133.87],[719.41,133.87],[719.42,133.86],[719.46,133.8],[719.5,133.77],[719.53,133.79],[719.54,133.78],[719.54,133.79],[719.54,133.79],[719.54,133.79],[719.57,133.75],[719.57,133.75],[719.56,133.82],[719.52,133.88],[719.52,133.89],[719.51,133.94],[719.5,133.94],[719.49,133.94],[719.49,133.95],[719.48,133.96],[719.47,133.98],[719.46,133.99],[719.44,134.03],[719.41,134.01]]]}},{"type":"Feature","id":"12009-22","properties":{"ridingCode":"12009","pollNumber":"22","pollType":"N","advancePollNumber":"612","sourceCode":"22-0","geometryPollNumbers":["22"],"code":"12009-22","resultPollNumbers":["22"],"resultStatus":"exact","result":{"electors":319,"voters":60,"totalVotes":59,"rejected":1,"turnout":18.808777429467085,"winnerId":"braedon-clark","winnerPartyId":"LIB","runnerUpId":"isaac-wilson","runnerUpPartyId":"NDP","margin":50.847457627118644,"top":[{"id":"braedon-clark","name":"Braedon Clark","shortName":"Clark","partyId":"LIB","votes":39,"share":66.10169491525424},{"id":"isaac-wilson","name":"Isaac Wilson","shortName":"Wilson","partyId":"NDP","votes":9,"share":15.254237288135593},{"id":"dave-carroll","name":"Dave Carroll","shortName":"Carroll","partyId":"CPC","votes":8,"share":13.559322033898304},{"id":"andre-anderson","name":"Andre Anderson","shortName":"Anderson","partyId":"GRN","votes":3,"share":5.084745762711865}],"partyVotes":{"LIB":39,"CPC":8,"BQ":0,"NDP":9,"GRN":3,"PPC":0,"OTH":0}}},"geometry":{"type":"Polygon","coordinates":[[[719.84,133.83],[719.89,133.81],[719.91,133.8],[719.92,133.81],[719.94,133.8],[719.95,133.79],[719.96,133.79],[719.97,133.78],[719.98,133.78],[719.99,133.78],[720.01,133.77],[720.02,133.78],[720.03,133.77],[720.05,133.78],[720.06,133.77],[720.06,133.77],[720.08,133.77],[720.08,133.77],[720.09,133.77],[720.09,133.76],[720.1,133.76],[720.11,133.75],[720.11,133.75],[720.12,133.76],[720.12,133.76],[720.14,133.75],[720.14,133.75],[720.15,133.74],[720.16,133.73],[720.18,133.73],[720.18,133.74],[720.19,133.74],[720.2,133.73],[720.2,133.73],[720.2,133.72],[720.23,133.7],[720.25,133.69],[720.29,133.68],[720.3,133.67],[720.3,133.67],[720.31,133.67],[720.31,133.66],[720.32,133.66],[720.33,133.66],[720.34,133.66],[720.37,133.64],[720.38,133.63],[720.4,133.62],[720.41,133.63],[720.42,133.63],[720.54,133.55],[720.57,133.56],[720.65,133.56],[720.68,133.59],[720.7,133.61],[720.73,133.63],[720.79,133.65],[720.8,133.65],[720.81,133.63],[720.82,133.62],[720.81,133.62],[720.82,133.6],[720.83,133.6],[720.83,133.6],[720.85,133.58],[720.86,133.55],[720.91,133.51],[721.08,133.54],[721.03,133.63],[721.04,133.65],[720.99,133.68],[720.98,133.7],[720.93,133.74],[720.91,133.74],[720.9,133.75],[720.96,133.82],[720.84,133.82],[720.88,133.84],[720.96,133.91],[721.04,133.98],[720.86,134.18],[720.7,134.36],[720.28,134.13],[719.84,133.83]]]}},{"type":"Feature","id":"12009-23","properties":{"ridingCode":"12009","pollNumber":"23","pollType":"N","advancePollNumber":"612","sourceCode":"23-0","geometryPollNumbers":["23"],"code":"12009-23","resultPollNumbers":["23"],"resultStatus":"exact","result":{"electors":445,"voters":97,"totalVotes":95,"rejected":2,"turnout":21.79775280898876,"winnerId":"braedon-clark","winnerPartyId":"LIB","runnerUpId":"isaac-wilson","runnerUpPartyId":"NDP","margin":44.21052631578947,"top":[{"id":"braedon-clark","name":"Braedon Clark","shortName":"Clark","partyId":"LIB","votes":59,"share":62.10526315789474},{"id":"isaac-wilson","name":"Isaac Wilson","shortName":"Wilson","partyId":"NDP","votes":17,"share":17.894736842105264},{"id":"dave-carroll","name":"Dave Carroll","shortName":"Carroll","partyId":"CPC","votes":14,"share":14.736842105263156},{"id":"andre-anderson","name":"Andre Anderson","shortName":"Anderson","partyId":"GRN","votes":3,"share":3.1578947368421053}],"partyVotes":{"LIB":59,"CPC":14,"BQ":0,"NDP":17,"GRN":3,"PPC":2,"OTH":0}}},"geometry":{"type":"Polygon","coordinates":[[[720.82,133.62],[720.81,133.63],[720.8,133.65],[720.79,133.65],[720.73,133.63],[720.7,133.61],[720.68,133.59],[720.65,133.56],[720.75,133.55],[720.86,133.55],[720.85,133.58],[720.83,133.6],[720.83,133.6],[720.82,133.6],[720.81,133.62],[720.82,133.62]]]}},{"type":"Feature","id":"12009-24","properties":{"ridingCode":"12009","pollNumber":"24","pollType":"N","advancePollNumber":"602","sourceCode":"24-0","geometryPollNumbers":["24"],"code":"12009-24","resultPollNumbers":["24"],"resultStatus":"exact","result":{"electors":437,"voters":144,"totalVotes":143,"rejected":1,"turnout":32.951945080091534,"winnerId":"braedon-clark","winnerPartyId":"LIB","runnerUpId":"dave-carroll","runnerUpPartyId":"CPC","margin":22.377622377622377,"top":[{"id":"braedon-clark","name":"Braedon Clark","shortName":"Clark","partyId":"LIB","votes":85,"share":59.44055944055944},{"id":"dave-carroll","name":"Dave Carroll","shortName":"Carroll","partyId":"CPC","votes":53,"share":37.06293706293706},{"id":"isaac-wilson","name":"Isaac Wilson","shortName":"Wilson","partyId":"NDP","votes":5,"share":3.4965034965034967},{"id":"andre-anderson","name":"Andre Anderson","shortName":"Anderson","partyId":"GRN","votes":0,"share":0}],"partyVotes":{"LIB":85,"CPC":53,"BQ":0,"NDP":5,"GRN":0,"PPC":0,"OTH":0}}},"geometry":{"type":"Polygon","coordinates":[[[719.22,134.04],[719.23,133.99],[719.23,133.97],[719.23,133.96],[719.23,133.95],[719.24,133.94],[719.27,133.96],[719.28,133.94],[719.29,133.94],[719.3,133.93],[719.32,133.92],[719.33,133.91],[719.33,133.88],[719.32,133.87],[719.33,133.86],[719.32,133.84],[719.31,133.83],[719.33,133.8],[719.33,133.81],[719.35,133.82],[719.35,133.83],[719.36,133.82],[719.36,133.82],[719.38,133.82],[719.39,133.83],[719.38,133.86],[719.39,133.86],[719.4,133.85],[719.4,133.86],[719.4,133.87],[719.39,133.89],[719.38,133.91],[719.38,133.94],[719.38,133.96],[719.35,133.98],[719.32,134.01],[719.31,134],[719.3,133.98],[719.26,134.04],[719.26,134.04],[719.25,134.04],[719.24,134.05],[719.23,134.04],[719.22,134.04]]]}},{"type":"Feature","id":"12009-25","properties":{"ridingCode":"12009","pollNumber":"25","pollType":"N","advancePollNumber":"602","sourceCode":"25-0","geometryPollNumbers":["25"],"code":"12009-25","resultPollNumbers":["25"],"resultStatus":"exact","result":{"electors":441,"voters":136,"totalVotes":136,"rejected":0,"turnout":30.839002267573694,"winnerId":"braedon-clark","winnerPartyId":"LIB","runnerUpId":"dave-carroll","runnerUpPartyId":"CPC","margin":8.088235294117647,"top":[{"id":"braedon-clark","name":"Braedon Clark","shortName":"Clark","partyId":"LIB","votes":69,"share":50.73529411764706},{"id":"dave-carroll","name":"Dave Carroll","shortName":"Carroll","partyId":"CPC","votes":58,"share":42.64705882352941},{"id":"isaac-wilson","name":"Isaac Wilson","shortName":"Wilson","partyId":"NDP","votes":7,"share":5.147058823529411},{"id":"ryan-slaney","name":"Ryan Slaney","shortName":"Slaney","partyId":"PPC","votes":2,"share":1.4705882352941175}],"partyVotes":{"LIB":69,"CPC":58,"BQ":0,"NDP":7,"GRN":0,"PPC":2,"OTH":0}}},"geometry":{"type":"Polygon","coordinates":[[[719.4,133.85],[719.39,133.86],[719.38,133.86],[719.39,133.83],[719.4,133.8],[719.41,133.79],[719.42,133.77],[719.43,133.76],[719.43,133.77],[719.44,133.76],[719.45,133.77],[719.47,133.73],[719.5,133.71],[719.52,133.68],[719.55,133.66],[719.55,133.66],[719.57,133.67],[719.58,133.65],[719.58,133.63],[719.59,133.61],[719.6,133.58],[719.61,133.57],[719.63,133.56],[719.65,133.6],[719.65,133.67],[719.6,133.68],[719.59,133.69],[719.58,133.7],[719.57,133.75],[719.57,133.75],[719.54,133.79],[719.54,133.79],[719.54,133.79],[719.54,133.78],[719.53,133.79],[719.5,133.77],[719.46,133.8],[719.42,133.86],[719.41,133.87],[719.4,133.87],[719.4,133.86],[719.4,133.85]]]}},{"type":"Feature","id":"12009-26","properties":{"ridingCode":"12009","pollNumber":"26","pollType":"N","advancePollNumber":"602","sourceCode":"26-0","geometryPollNumbers":["26"],"code":"12009-26","resultPollNumbers":["26"],"resultStatus":"exact","result":{"electors":281,"voters":99,"totalVotes":99,"rejected":0,"turnout":35.231316725978644,"winnerId":"braedon-clark","winnerPartyId":"LIB","runnerUpId":"dave-carroll","runnerUpPartyId":"CPC","margin":15.151515151515152,"top":[{"id":"braedon-clark","name":"Braedon Clark","shortName":"Clark","partyId":"LIB","votes":55,"share":55.55555555555556},{"id":"dave-carroll","name":"Dave Carroll","shortName":"Carroll","partyId":"CPC","votes":40,"share":40.4040404040404},{"id":"isaac-wilson","name":"Isaac Wilson","shortName":"Wilson","partyId":"NDP","votes":4,"share":4.040404040404041},{"id":"andre-anderson","name":"Andre Anderson","shortName":"Anderson","partyId":"GRN","votes":0,"share":0}],"partyVotes":{"LIB":55,"CPC":40,"BQ":0,"NDP":4,"GRN":0,"PPC":0,"OTH":0}}},"geometry":{"type":"Polygon","coordinates":[[[719.22,133.82],[719.21,133.8],[719.23,133.76],[719.25,133.76],[719.27,133.78],[719.29,133.79],[719.32,133.8],[719.33,133.8],[719.31,133.83],[719.32,133.84],[719.33,133.86],[719.32,133.87],[719.33,133.88],[719.33,133.91],[719.32,133.92],[719.3,133.93],[719.29,133.94],[719.28,133.94],[719.27,133.96],[719.24,133.94],[719.23,133.95],[719.23,133.96],[719.23,133.97],[719.23,133.99],[719.22,134.04],[719.21,134.04],[719.16,133.93],[719.13,133.91],[719.18,133.84],[719.22,133.82]]]}},{"type":"Feature","id":"12009-27","properties":{"ridingCode":"12009","pollNumber":"27","pollType":"N","advancePollNumber":"602","sourceCode":"27-0","geometryPollNumbers":["27"],"code":"12009-27","resultPollNumbers":["27"],"resultStatus":"exact","result":{"electors":325,"voters":103,"totalVotes":103,"rejected":0,"turnout":31.692307692307693,"winnerId":"dave-carroll","winnerPartyId":"CPC","runnerUpId":"braedon-clark","runnerUpPartyId":"LIB","margin":2.912621359223301,"top":[{"id":"dave-carroll","name":"Dave Carroll","shortName":"Carroll","partyId":"CPC","votes":50,"share":48.54368932038835},{"id":"braedon-clark","name":"Braedon Clark","shortName":"Clark","partyId":"LIB","votes":47,"share":45.63106796116505},{"id":"isaac-wilson","name":"Isaac Wilson","shortName":"Wilson","partyId":"NDP","votes":3,"share":2.912621359223301},{"id":"andre-anderson","name":"Andre Anderson","shortName":"Anderson","partyId":"GRN","votes":2,"share":1.9417475728155338}],"partyVotes":{"LIB":47,"CPC":50,"BQ":0,"NDP":3,"GRN":2,"PPC":1,"OTH":0}}},"geometry":{"type":"Polygon","coordinates":[[[719.13,133.91],[719.04,133.87],[719.03,133.86],[719.04,133.84],[719.08,133.78],[719.1,133.75],[719.12,133.74],[719.16,133.74],[719.23,133.76],[719.21,133.8],[719.22,133.82],[719.18,133.84],[719.13,133.91]]]}},{"type":"Feature","id":"12009-28","properties":{"ridingCode":"12009","pollNumber":"28","pollType":"N","advancePollNumber":"602","sourceCode":"28-0","geometryPollNumbers":["28"],"code":"12009-28","resultPollNumbers":["28"],"resultStatus":"exact","result":{"electors":506,"voters":114,"totalVotes":114,"rejected":0,"turnout":22.529644268774703,"winnerId":"braedon-clark","winnerPartyId":"LIB","runnerUpId":"dave-carroll","runnerUpPartyId":"CPC","margin":13.157894736842104,"top":[{"id":"braedon-clark","name":"Braedon Clark","shortName":"Clark","partyId":"LIB","votes":61,"share":53.50877192982456},{"id":"dave-carroll","name":"Dave Carroll","shortName":"Carroll","partyId":"CPC","votes":46,"share":40.35087719298245},{"id":"isaac-wilson","name":"Isaac Wilson","shortName":"Wilson","partyId":"NDP","votes":7,"share":6.140350877192982},{"id":"andre-anderson","name":"Andre Anderson","shortName":"Anderson","partyId":"GRN","votes":0,"share":0}],"partyVotes":{"LIB":61,"CPC":46,"BQ":0,"NDP":7,"GRN":0,"PPC":0,"OTH":0}}},"geometry":{"type":"Polygon","coordinates":[[[719.33,133.78],[719.33,133.76],[719.32,133.75],[719.34,133.74],[719.34,133.74],[719.38,133.76],[719.39,133.75],[719.4,133.71],[719.38,133.72],[719.35,133.71],[719.36,133.67],[719.38,133.67],[719.45,133.69],[719.46,133.69],[719.47,133.67],[719.49,133.68],[719.52,133.68],[719.5,133.71],[719.47,133.73],[719.45,133.77],[719.44,133.76],[719.43,133.77],[719.43,133.76],[719.42,133.77],[719.41,133.79],[719.4,133.8],[719.39,133.83],[719.38,133.82],[719.36,133.82],[719.36,133.82],[719.35,133.83],[719.35,133.82],[719.33,133.81],[719.33,133.8],[719.33,133.8],[719.33,133.78]]]}},{"type":"Feature","id":"12009-29","properties":{"ridingCode":"12009","pollNumber":"29","pollType":"N","advancePollNumber":"602","sourceCode":"29-0","geometryPollNumbers":["29"],"code":"12009-29","resultPollNumbers":["29"],"resultStatus":"exact","result":{"electors":527,"voters":158,"totalVotes":158,"rejected":0,"turnout":29.98102466793169,"winnerId":"braedon-clark","winnerPartyId":"LIB","runnerUpId":"dave-carroll","runnerUpPartyId":"CPC","margin":15.18987341772152,"top":[{"id":"braedon-clark","name":"Braedon Clark","shortName":"Clark","partyId":"LIB","votes":87,"share":55.06329113924051},{"id":"dave-carroll","name":"Dave Carroll","shortName":"Carroll","partyId":"CPC","votes":63,"share":39.87341772151899},{"id":"isaac-wilson","name":"Isaac Wilson","shortName":"Wilson","partyId":"NDP","votes":6,"share":3.79746835443038},{"id":"andre-anderson","name":"Andre Anderson","shortName":"Anderson","partyId":"GRN","votes":1,"share":0.6329113924050633}],"partyVotes":{"LIB":87,"CPC":63,"BQ":0,"NDP":6,"GRN":1,"PPC":1,"OTH":0}}},"geometry":{"type":"Polygon","coordinates":[[[719.28,133.63],[719.29,133.63],[719.29,133.67],[719.29,133.68],[719.29,133.69],[719.32,133.68],[719.36,133.67],[719.35,133.71],[719.38,133.72],[719.4,133.71],[719.39,133.75],[719.38,133.76],[719.34,133.74],[719.34,133.74],[719.32,133.75],[719.33,133.76],[719.33,133.78],[719.33,133.8],[719.33,133.8],[719.32,133.8],[719.29,133.79],[719.27,133.78],[719.25,133.76],[719.23,133.76],[719.16,133.74],[719.12,133.74],[719.1,133.75],[719.11,133.73],[719.14,133.69],[719.2,133.65],[719.25,133.61],[719.28,133.63]]]}},{"type":"Feature","id":"12009-30","properties":{"ridingCode":"12009","pollNumber":"30","pollType":"N","advancePollNumber":"602","sourceCode":"30-0","geometryPollNumbers":["30"],"code":"12009-30","resultPollNumbers":["30"],"resultStatus":"exact","result":{"electors":483,"voters":142,"totalVotes":140,"rejected":2,"turnout":29.39958592132505,"winnerId":"braedon-clark","winnerPartyId":"LIB","runnerUpId":"dave-carroll","runnerUpPartyId":"CPC","margin":25,"top":[{"id":"braedon-clark","name":"Braedon Clark","shortName":"Clark","partyId":"LIB","votes":85,"share":60.71428571428571},{"id":"dave-carroll","name":"Dave Carroll","shortName":"Carroll","partyId":"CPC","votes":50,"share":35.714285714285715},{"id":"isaac-wilson","name":"Isaac Wilson","shortName":"Wilson","partyId":"NDP","votes":3,"share":2.142857142857143},{"id":"andre-anderson","name":"Andre Anderson","shortName":"Anderson","partyId":"GRN","votes":2,"share":1.4285714285714286}],"partyVotes":{"LIB":85,"CPC":50,"BQ":0,"NDP":3,"GRN":2,"PPC":0,"OTH":0}}},"geometry":{"type":"Polygon","coordinates":[[[719.29,133.63],[719.28,133.63],[719.25,133.61],[719.29,133.57],[719.29,133.56],[719.3,133.55],[719.31,133.55],[719.31,133.57],[719.32,133.58],[719.33,133.58],[719.37,133.6],[719.4,133.61],[719.43,133.62],[719.45,133.64],[719.45,133.65],[719.42,133.64],[719.41,133.65],[719.44,133.66],[719.44,133.68],[719.46,133.68],[719.46,133.69],[719.45,133.69],[719.38,133.67],[719.36,133.67],[719.32,133.68],[719.29,133.69],[719.29,133.68],[719.29,133.67],[719.29,133.63]]]}},{"type":"Feature","id":"12009-31","properties":{"ridingCode":"12009","pollNumber":"31","pollType":"N","advancePollNumber":"602","sourceCode":"31-0","geometryPollNumbers":["31"],"code":"12009-31","resultPollNumbers":["31"],"resultStatus":"exact","result":{"electors":421,"voters":115,"totalVotes":115,"rejected":0,"turnout":27.315914489311165,"winnerId":"braedon-clark","winnerPartyId":"LIB","runnerUpId":"dave-carroll","runnerUpPartyId":"CPC","margin":19.130434782608695,"top":[{"id":"braedon-clark","name":"Braedon Clark","shortName":"Clark","partyId":"LIB","votes":67,"share":58.26086956521739},{"id":"dave-carroll","name":"Dave Carroll","shortName":"Carroll","partyId":"CPC","votes":45,"share":39.130434782608695},{"id":"isaac-wilson","name":"Isaac Wilson","shortName":"Wilson","partyId":"NDP","votes":3,"share":2.608695652173913},{"id":"andre-anderson","name":"Andre Anderson","shortName":"Anderson","partyId":"GRN","votes":0,"share":0}],"partyVotes":{"LIB":67,"CPC":45,"BQ":0,"NDP":3,"GRN":0,"PPC":0,"OTH":0}}},"geometry":{"type":"Polygon","coordinates":[[[719.33,133.57],[719.33,133.56],[719.36,133.56],[719.36,133.57],[719.37,133.57],[719.38,133.57],[719.39,133.57],[719.39,133.58],[719.39,133.58],[719.42,133.59],[719.44,133.59],[719.47,133.6],[719.48,133.61],[719.49,133.61],[719.5,133.6],[719.52,133.59],[719.53,133.58],[719.54,133.58],[719.53,133.61],[719.53,133.62],[719.54,133.64],[719.55,133.66],[719.52,133.68],[719.49,133.68],[719.47,133.67],[719.46,133.69],[719.46,133.68],[719.44,133.68],[719.44,133.66],[719.41,133.65],[719.42,133.64],[719.45,133.65],[719.45,133.64],[719.43,133.62],[719.4,133.61],[719.37,133.6],[719.33,133.58],[719.32,133.58],[719.33,133.57]]]}},{"type":"Feature","id":"12009-32","properties":{"ridingCode":"12009","pollNumber":"32","pollType":"N","advancePollNumber":"602","sourceCode":"32-0","geometryPollNumbers":["32"],"code":"12009-32","resultPollNumbers":["32"],"resultStatus":"exact","result":{"electors":405,"voters":119,"totalVotes":118,"rejected":1,"turnout":29.38271604938272,"winnerId":"braedon-clark","winnerPartyId":"LIB","runnerUpId":"dave-carroll","runnerUpPartyId":"CPC","margin":21.1864406779661,"top":[{"id":"braedon-clark","name":"Braedon Clark","shortName":"Clark","partyId":"LIB","votes":67,"share":56.779661016949156},{"id":"dave-carroll","name":"Dave Carroll","shortName":"Carroll","partyId":"CPC","votes":42,"share":35.59322033898305},{"id":"isaac-wilson","name":"Isaac Wilson","shortName":"Wilson","partyId":"NDP","votes":5,"share":4.23728813559322},{"id":"andre-anderson","name":"Andre Anderson","shortName":"Anderson","partyId":"GRN","votes":4,"share":3.389830508474576}],"partyVotes":{"LIB":67,"CPC":42,"BQ":0,"NDP":5,"GRN":4,"PPC":0,"OTH":0}}},"geometry":{"type":"Polygon","coordinates":[[[719.4,133.56],[719.4,133.56],[719.38,133.55],[719.39,133.54],[719.4,133.53],[719.41,133.53],[719.41,133.52],[719.42,133.52],[719.42,133.52],[719.42,133.52],[719.42,133.54],[719.44,133.54],[719.46,133.54],[719.46,133.53],[719.47,133.52],[719.49,133.51],[719.5,133.51],[719.51,133.52],[719.52,133.51],[719.55,133.49],[719.55,133.49],[719.56,133.5],[719.55,133.51],[719.54,133.53],[719.54,133.55],[719.53,133.58],[719.52,133.58],[719.52,133.59],[719.5,133.6],[719.49,133.61],[719.48,133.61],[719.47,133.6],[719.44,133.59],[719.42,133.59],[719.39,133.58],[719.39,133.58],[719.39,133.57],[719.39,133.56],[719.4,133.56]]]}},{"type":"Feature","id":"12009-34","properties":{"ridingCode":"12009","pollNumber":"34","pollType":"N","advancePollNumber":"603","sourceCode":"34-0","geometryPollNumbers":["34"],"code":"12009-34","resultPollNumbers":["34"],"resultStatus":"exact","result":{"electors":376,"voters":98,"totalVotes":98,"rejected":0,"turnout":26.063829787234045,"winnerId":"braedon-clark","winnerPartyId":"LIB","runnerUpId":"dave-carroll","runnerUpPartyId":"CPC","margin":17.346938775510203,"top":[{"id":"braedon-clark","name":"Braedon Clark","shortName":"Clark","partyId":"LIB","votes":53,"share":54.08163265306123},{"id":"dave-carroll","name":"Dave Carroll","shortName":"Carroll","partyId":"CPC","votes":36,"share":36.734693877551024},{"id":"isaac-wilson","name":"Isaac Wilson","shortName":"Wilson","partyId":"NDP","votes":7,"share":7.142857142857142},{"id":"andre-anderson","name":"Andre Anderson","shortName":"Anderson","partyId":"GRN","votes":2,"share":2.0408163265306123}],"partyVotes":{"LIB":53,"CPC":36,"BQ":0,"NDP":7,"GRN":2,"PPC":0,"OTH":0}}},"geometry":{"type":"Polygon","coordinates":[[[718.96,133.67],[718.92,133.67],[718.94,133.65],[718.97,133.62],[718.97,133.6],[718.98,133.58],[719,133.58],[719,133.58],[718.99,133.57],[718.99,133.55],[718.97,133.55],[718.97,133.52],[719.01,133.52],[719.02,133.53],[719.03,133.52],[719.04,133.52],[719.05,133.52],[719.05,133.52],[719.06,133.51],[719.07,133.52],[719.07,133.52],[719.06,133.54],[719.07,133.55],[719.07,133.56],[719.07,133.57],[719.03,133.66],[719,133.64],[718.96,133.67]]]}},{"type":"Feature","id":"12009-35","properties":{"ridingCode":"12009","pollNumber":"35","pollType":"N","advancePollNumber":"603","sourceCode":"35-0","geometryPollNumbers":["35"],"code":"12009-35","resultPollNumbers":["35"],"resultStatus":"exact","result":{"electors":452,"voters":131,"totalVotes":131,"rejected":0,"turnout":28.98230088495575,"winnerId":"braedon-clark","winnerPartyId":"LIB","runnerUpId":"dave-carroll","runnerUpPartyId":"CPC","margin":7.633587786259542,"top":[{"id":"braedon-clark","name":"Braedon Clark","shortName":"Clark","partyId":"LIB","votes":68,"share":51.908396946564885},{"id":"dave-carroll","name":"Dave Carroll","shortName":"Carroll","partyId":"CPC","votes":58,"share":44.274809160305345},{"id":"isaac-wilson","name":"Isaac Wilson","shortName":"Wilson","partyId":"NDP","votes":3,"share":2.2900763358778624},{"id":"andre-anderson","name":"Andre Anderson","shortName":"Anderson","partyId":"GRN","votes":1,"share":0.7633587786259541}],"partyVotes":{"LIB":68,"CPC":58,"BQ":0,"NDP":3,"GRN":1,"PPC":1,"OTH":0}}},"geometry":{"type":"Polygon","coordinates":[[[718.62,133.58],[718.62,133.57],[718.71,133.47],[718.76,133.46],[718.77,133.46],[718.79,133.45],[718.89,133.38],[718.93,133.36],[718.95,133.36],[719,133.39],[719,133.41],[719,133.43],[719,133.44],[718.99,133.45],[718.98,133.47],[718.97,133.48],[718.97,133.5],[718.97,133.51],[718.96,133.51],[718.95,133.49],[718.93,133.5],[718.93,133.51],[718.89,133.51],[718.89,133.5],[718.88,133.5],[718.87,133.49],[718.86,133.49],[718.82,133.52],[718.79,133.54],[718.75,133.57],[718.74,133.57],[718.69,133.57],[718.65,133.57],[718.64,133.57],[718.62,133.58]]]}},{"type":"Feature","id":"12009-36","properties":{"ridingCode":"12009","pollNumber":"36","pollType":"N","advancePollNumber":"603","sourceCode":"36-0","geometryPollNumbers":["36"],"code":"12009-36","resultPollNumbers":["36"],"resultStatus":"exact","result":{"electors":252,"voters":63,"totalVotes":63,"rejected":0,"turnout":25,"winnerId":"braedon-clark","winnerPartyId":"LIB","runnerUpId":"dave-carroll","runnerUpPartyId":"CPC","margin":7.936507936507936,"top":[{"id":"braedon-clark","name":"Braedon Clark","shortName":"Clark","partyId":"LIB","votes":31,"share":49.2063492063492},{"id":"dave-carroll","name":"Dave Carroll","shortName":"Carroll","partyId":"CPC","votes":26,"share":41.269841269841265},{"id":"andre-anderson","name":"Andre Anderson","shortName":"Anderson","partyId":"GRN","votes":2,"share":3.1746031746031744},{"id":"ryan-slaney","name":"Ryan Slaney","shortName":"Slaney","partyId":"PPC","votes":2,"share":3.1746031746031744}],"partyVotes":{"LIB":31,"CPC":26,"BQ":0,"NDP":2,"GRN":2,"PPC":2,"OTH":0}}},"geometry":{"type":"Polygon","coordinates":[[[719.09,133.56],[719.07,133.57],[719.07,133.56],[719.07,133.55],[719.06,133.54],[719.07,133.52],[719.07,133.52],[719.06,133.51],[719.05,133.52],[719.05,133.52],[719.04,133.5],[719.06,133.5],[719.1,133.52],[719.11,133.5],[719.11,133.49],[719.1,133.47],[719.08,133.48],[719.07,133.45],[719.1,133.43],[719.1,133.42],[719.1,133.41],[719.11,133.41],[719.12,133.4],[719.13,133.41],[719.13,133.42],[719.16,133.42],[719.2,133.53],[719.19,133.53],[719.17,133.53],[719.16,133.53],[719.16,133.54],[719.14,133.54],[719.13,133.55],[719.13,133.56],[719.12,133.56],[719.12,133.56],[719.11,133.56],[719.11,133.56],[719.1,133.56],[719.09,133.56],[719.09,133.56]]]}},{"type":"Feature","id":"12009-37","properties":{"ridingCode":"12009","pollNumber":"37","pollType":"N","advancePollNumber":"603","sourceCode":"37-0","geometryPollNumbers":["37"],"code":"12009-37","resultPollNumbers":["37"],"resultStatus":"exact","result":{"electors":334,"voters":92,"totalVotes":92,"rejected":0,"turnout":27.54491017964072,"winnerId":"braedon-clark","winnerPartyId":"LIB","runnerUpId":"dave-carroll","runnerUpPartyId":"CPC","margin":3.260869565217391,"top":[{"id":"braedon-clark","name":"Braedon Clark","shortName":"Clark","partyId":"LIB","votes":46,"share":50},{"id":"dave-carroll","name":"Dave Carroll","shortName":"Carroll","partyId":"CPC","votes":43,"share":46.73913043478261},{"id":"isaac-wilson","name":"Isaac Wilson","shortName":"Wilson","partyId":"NDP","votes":2,"share":2.1739130434782608},{"id":"ryan-slaney","name":"Ryan Slaney","shortName":"Slaney","partyId":"PPC","votes":1,"share":1.0869565217391304}],"partyVotes":{"LIB":46,"CPC":43,"BQ":0,"NDP":2,"GRN":0,"PPC":1,"OTH":0}}},"geometry":{"type":"Polygon","coordinates":[[[718.97,133.52],[718.97,133.51],[718.97,133.5],[718.97,133.48],[718.98,133.47],[718.99,133.45],[719,133.44],[719,133.43],[719,133.41],[719,133.39],[719.01,133.4],[719,133.42],[719.02,133.45],[719.02,133.44],[719.03,133.44],[719.04,133.45],[719.05,133.44],[719.09,133.43],[719.1,133.41],[719.1,133.42],[719.1,133.43],[719.07,133.45],[719.08,133.48],[719.1,133.47],[719.11,133.49],[719.11,133.5],[719.1,133.52],[719.06,133.5],[719.04,133.5],[719.05,133.52],[719.04,133.52],[719.03,133.52],[719.02,133.53],[719.01,133.52],[718.97,133.52]]]}},{"type":"Feature","id":"12009-38A+38B","properties":{"ridingCode":"12009","pollNumber":"38A+38B","pollType":"N","advancePollNumber":"603","sourceCode":"38-0","geometryPollNumbers":["38"],"code":"12009-38A+38B","resultPollNumbers":["38A","38B"],"resultStatus":"resolved-suffix","result":{"electors":563,"voters":143,"totalVotes":143,"rejected":0,"turnout":25.399644760213143,"winnerId":"braedon-clark","winnerPartyId":"LIB","runnerUpId":"dave-carroll","runnerUpPartyId":"CPC","margin":9.090909090909092,"top":[{"id":"braedon-clark","name":"Braedon Clark","shortName":"Clark","partyId":"LIB","votes":70,"share":48.95104895104895},{"id":"dave-carroll","name":"Dave Carroll","shortName":"Carroll","partyId":"CPC","votes":57,"share":39.86013986013986},{"id":"isaac-wilson","name":"Isaac Wilson","shortName":"Wilson","partyId":"NDP","votes":8,"share":5.594405594405594},{"id":"andre-anderson","name":"Andre Anderson","shortName":"Anderson","partyId":"GRN","votes":4,"share":2.797202797202797}],"partyVotes":{"LIB":70,"CPC":57,"BQ":0,"NDP":8,"GRN":4,"PPC":4,"OTH":0}}},"geometry":{"type":"Polygon","coordinates":[[[719.01,133.37],[719.05,133.31],[719.06,133.31],[719.05,133.32],[719.06,133.33],[719.05,133.34],[719.06,133.34],[719.06,133.38],[719.09,133.38],[719.08,133.39],[719.06,133.39],[719.04,133.38],[719.01,133.37]]]}},{"type":"Feature","id":"12009-39","properties":{"ridingCode":"12009","pollNumber":"39","pollType":"N","advancePollNumber":"603","sourceCode":"39-0","geometryPollNumbers":["39"],"code":"12009-39","resultPollNumbers":["39"],"resultStatus":"exact","result":{"electors":528,"voters":125,"totalVotes":125,"rejected":0,"turnout":23.674242424242426,"winnerId":"dave-carroll","winnerPartyId":"CPC","runnerUpId":"braedon-clark","runnerUpPartyId":"LIB","margin":0.8,"top":[{"id":"dave-carroll","name":"Dave Carroll","shortName":"Carroll","partyId":"CPC","votes":54,"share":43.2},{"id":"braedon-clark","name":"Braedon Clark","shortName":"Clark","partyId":"LIB","votes":53,"share":42.4},{"id":"isaac-wilson","name":"Isaac Wilson","shortName":"Wilson","partyId":"NDP","votes":14,"share":11.200000000000001},{"id":"ryan-slaney","name":"Ryan Slaney","shortName":"Slaney","partyId":"PPC","votes":3,"share":2.4}],"partyVotes":{"LIB":53,"CPC":54,"BQ":0,"NDP":14,"GRN":1,"PPC":3,"OTH":0}}},"geometry":{"type":"Polygon","coordinates":[[[719.06,133.31],[719.05,133.31],[719.06,133.3],[719.07,133.29],[719.08,133.29],[719.09,133.32],[719.08,133.37],[719.09,133.38],[719.06,133.38],[719.06,133.34],[719.05,133.34],[719.06,133.33],[719.05,133.32],[719.06,133.31]]]}},{"type":"Feature","id":"12009-40","properties":{"ridingCode":"12009","pollNumber":"40","pollType":"N","advancePollNumber":"612","sourceCode":"40-0","geometryPollNumbers":["40"],"code":"12009-40","resultPollNumbers":["40"],"resultStatus":"exact","result":{"electors":259,"voters":93,"totalVotes":91,"rejected":2,"turnout":35.907335907335906,"winnerId":"braedon-clark","winnerPartyId":"LIB","runnerUpId":"dave-carroll","runnerUpPartyId":"CPC","margin":30.76923076923077,"top":[{"id":"braedon-clark","name":"Braedon Clark","shortName":"Clark","partyId":"LIB","votes":49,"share":53.84615384615385},{"id":"dave-carroll","name":"Dave Carroll","shortName":"Carroll","partyId":"CPC","votes":21,"share":23.076923076923077},{"id":"isaac-wilson","name":"Isaac Wilson","shortName":"Wilson","partyId":"NDP","votes":14,"share":15.384615384615385},{"id":"ryan-slaney","name":"Ryan Slaney","shortName":"Slaney","partyId":"PPC","votes":4,"share":4.395604395604396}],"partyVotes":{"LIB":49,"CPC":21,"BQ":0,"NDP":14,"GRN":3,"PPC":4,"OTH":0}}},"geometry":{"type":"Polygon","coordinates":[[[721.19,133.83],[721.04,133.98],[720.96,133.91],[720.96,133.87],[721.18,133.65],[721.21,133.65],[721.2,133.64],[721.23,133.62],[721.24,133.6],[721.28,133.62],[721.31,133.63],[721.34,133.63],[721.34,133.64],[721.36,133.66],[721.32,133.7],[721.26,133.76],[721.25,133.76],[721.19,133.83]]]}},{"type":"Feature","id":"12009-41","properties":{"ridingCode":"12009","pollNumber":"41","pollType":"N","advancePollNumber":"612","sourceCode":"41-0","geometryPollNumbers":["41"],"code":"12009-41","resultPollNumbers":["41"],"resultStatus":"exact","result":{"electors":303,"voters":89,"totalVotes":88,"rejected":1,"turnout":29.372937293729372,"winnerId":"braedon-clark","winnerPartyId":"LIB","runnerUpId":"dave-carroll","runnerUpPartyId":"CPC","margin":19.318181818181817,"top":[{"id":"braedon-clark","name":"Braedon Clark","shortName":"Clark","partyId":"LIB","votes":42,"share":47.72727272727273},{"id":"dave-carroll","name":"Dave Carroll","shortName":"Carroll","partyId":"CPC","votes":25,"share":28.40909090909091},{"id":"isaac-wilson","name":"Isaac Wilson","shortName":"Wilson","partyId":"NDP","votes":18,"share":20.454545454545457},{"id":"andre-anderson","name":"Andre Anderson","shortName":"Anderson","partyId":"GRN","votes":2,"share":2.272727272727273}],"partyVotes":{"LIB":42,"CPC":25,"BQ":0,"NDP":18,"GRN":2,"PPC":1,"OTH":0}}},"geometry":{"type":"Polygon","coordinates":[[[720.91,133.51],[720.93,133.5],[721.02,133.47],[721.04,133.46],[721.05,133.45],[721.06,133.45],[721.06,133.45],[721.07,133.45],[721.1,133.44],[721.12,133.44],[721.13,133.43],[721.13,133.43],[721.14,133.44],[721.15,133.44],[721.15,133.45],[721.16,133.47],[721.16,133.49],[721.15,133.51],[721.16,133.54],[721.2,133.58],[721.22,133.59],[721.24,133.6],[721.23,133.62],[721.2,133.64],[721.21,133.65],[721.18,133.65],[720.96,133.87],[720.96,133.91],[720.88,133.84],[720.84,133.82],[720.96,133.82],[720.9,133.75],[720.91,133.74],[720.93,133.74],[720.98,133.7],[720.99,133.68],[721.04,133.65],[721.03,133.63],[721.08,133.54],[720.91,133.51],[720.91,133.51]]]}},{"type":"Feature","id":"12009-42","properties":{"ridingCode":"12009","pollNumber":"42","pollType":"N","advancePollNumber":"612","sourceCode":"42-0","geometryPollNumbers":["42"],"code":"12009-42","resultPollNumbers":["42"],"resultStatus":"exact","result":{"electors":367,"voters":107,"totalVotes":103,"rejected":4,"turnout":29.155313351498634,"winnerId":"braedon-clark","winnerPartyId":"LIB","runnerUpId":"dave-carroll","runnerUpPartyId":"CPC","margin":19.41747572815534,"top":[{"id":"braedon-clark","name":"Braedon Clark","shortName":"Clark","partyId":"LIB","votes":55,"share":53.398058252427184},{"id":"dave-carroll","name":"Dave Carroll","shortName":"Carroll","partyId":"CPC","votes":35,"share":33.980582524271846},{"id":"isaac-wilson","name":"Isaac Wilson","shortName":"Wilson","partyId":"NDP","votes":6,"share":5.825242718446602},{"id":"andre-anderson","name":"Andre Anderson","shortName":"Anderson","partyId":"GRN","votes":5,"share":4.854368932038835}],"partyVotes":{"LIB":55,"CPC":35,"BQ":0,"NDP":6,"GRN":5,"PPC":2,"OTH":0}}},"geometry":{"type":"Polygon","coordinates":[[[720.91,133.51],[721.01,133.32],[721.13,133.34],[721.14,133.33],[721.16,133.33],[721.18,133.33],[721.23,133.38],[721.37,133.52],[721.45,133.6],[721.41,133.61],[721.4,133.62],[721.4,133.63],[721.39,133.65],[721.37,133.65],[721.36,133.66],[721.34,133.64],[721.34,133.63],[721.31,133.63],[721.28,133.62],[721.24,133.6],[721.22,133.59],[721.2,133.58],[721.16,133.54],[721.15,133.51],[721.16,133.49],[721.16,133.47],[721.15,133.45],[721.15,133.44],[721.14,133.44],[721.13,133.43],[721.13,133.43],[721.12,133.44],[721.1,133.44],[721.07,133.45],[721.06,133.45],[721.06,133.45],[721.05,133.45],[721.04,133.46],[721.02,133.47],[720.93,133.5],[720.91,133.51]]]}},{"type":"Feature","id":"12009-43","properties":{"ridingCode":"12009","pollNumber":"43","pollType":"N","advancePollNumber":"612","sourceCode":"43-0","geometryPollNumbers":["43"],"code":"12009-43","resultPollNumbers":["43"],"resultStatus":"exact","result":{"electors":277,"voters":103,"totalVotes":102,"rejected":1,"turnout":37.18411552346571,"winnerId":"braedon-clark","winnerPartyId":"LIB","runnerUpId":"dave-carroll","runnerUpPartyId":"CPC","margin":5.88235294117647,"top":[{"id":"braedon-clark","name":"Braedon Clark","shortName":"Clark","partyId":"LIB","votes":47,"share":46.07843137254902},{"id":"dave-carroll","name":"Dave Carroll","shortName":"Carroll","partyId":"CPC","votes":41,"share":40.19607843137255},{"id":"isaac-wilson","name":"Isaac Wilson","shortName":"Wilson","partyId":"NDP","votes":11,"share":10.784313725490197},{"id":"ryan-slaney","name":"Ryan Slaney","shortName":"Slaney","partyId":"PPC","votes":2,"share":1.9607843137254901}],"partyVotes":{"LIB":47,"CPC":41,"BQ":0,"NDP":11,"GRN":1,"PPC":2,"OTH":0}}},"geometry":{"type":"Polygon","coordinates":[[[720.95,133.35],[720.95,133.34],[720.96,133.31],[720.91,133.25],[720.9,133.25],[720.91,133.25],[720.92,133.24],[720.93,133.25],[720.93,133.25],[720.99,133.22],[721.02,133.25],[721.04,133.28],[721.08,133.3],[721.11,133.32],[721.13,133.33],[721.14,133.33],[721.13,133.34],[721.01,133.32],[720.99,133.34],[720.98,133.34],[720.96,133.35],[720.95,133.35],[720.95,133.35]]]}},{"type":"Feature","id":"12009-44","properties":{"ridingCode":"12009","pollNumber":"44","pollType":"N","advancePollNumber":"612","sourceCode":"44-0","geometryPollNumbers":["44"],"code":"12009-44","resultPollNumbers":["44"],"resultStatus":"exact","result":{"electors":335,"voters":89,"totalVotes":89,"rejected":0,"turnout":26.56716417910448,"winnerId":"braedon-clark","winnerPartyId":"LIB","runnerUpId":"dave-carroll","runnerUpPartyId":"CPC","margin":6.741573033707865,"top":[{"id":"braedon-clark","name":"Braedon Clark","shortName":"Clark","partyId":"LIB","votes":42,"share":47.19101123595505},{"id":"dave-carroll","name":"Dave Carroll","shortName":"Carroll","partyId":"CPC","votes":36,"share":40.44943820224719},{"id":"isaac-wilson","name":"Isaac Wilson","shortName":"Wilson","partyId":"NDP","votes":10,"share":11.235955056179774},{"id":"andre-anderson","name":"Andre Anderson","shortName":"Anderson","partyId":"GRN","votes":1,"share":1.1235955056179776}],"partyVotes":{"LIB":42,"CPC":36,"BQ":0,"NDP":10,"GRN":1,"PPC":0,"OTH":0}}},"geometry":{"type":"Polygon","coordinates":[[[720.85,133.2],[720.83,133.19],[720.88,133.12],[720.91,133.12],[720.91,133.13],[720.92,133.15],[720.93,133.17],[720.99,133.22],[720.93,133.25],[720.93,133.25],[720.92,133.24],[720.91,133.25],[720.9,133.25],[720.9,133.25],[720.87,133.22],[720.86,133.22],[720.86,133.2],[720.86,133.2],[720.85,133.2]]]}},{"type":"Feature","id":"12009-45","properties":{"ridingCode":"12009","pollNumber":"45","pollType":"N","advancePollNumber":"602","sourceCode":"45-0","geometryPollNumbers":["45"],"code":"12009-45","resultPollNumbers":["45"],"resultStatus":"exact","result":{"electors":406,"voters":147,"totalVotes":147,"rejected":0,"turnout":36.206896551724135,"winnerId":"braedon-clark","winnerPartyId":"LIB","runnerUpId":"dave-carroll","runnerUpPartyId":"CPC","margin":15.646258503401361,"top":[{"id":"braedon-clark","name":"Braedon Clark","shortName":"Clark","partyId":"LIB","votes":83,"share":56.4625850340136},{"id":"dave-carroll","name":"Dave Carroll","shortName":"Carroll","partyId":"CPC","votes":60,"share":40.816326530612244},{"id":"isaac-wilson","name":"Isaac Wilson","shortName":"Wilson","partyId":"NDP","votes":2,"share":1.3605442176870748},{"id":"andre-anderson","name":"Andre Anderson","shortName":"Anderson","partyId":"GRN","votes":1,"share":0.6802721088435374}],"partyVotes":{"LIB":83,"CPC":60,"BQ":0,"NDP":2,"GRN":1,"PPC":1,"OTH":0}}},"geometry":{"type":"Polygon","coordinates":[[[719.23,133.59],[719.25,133.55],[719.29,133.53],[719.3,133.51],[719.32,133.44],[719.37,133.46],[719.37,133.47],[719.43,133.49],[719.46,133.53],[719.46,133.54],[719.44,133.54],[719.42,133.54],[719.42,133.52],[719.42,133.52],[719.42,133.52],[719.41,133.52],[719.41,133.53],[719.4,133.53],[719.39,133.54],[719.38,133.55],[719.4,133.56],[719.4,133.56],[719.39,133.56],[719.39,133.57],[719.38,133.57],[719.37,133.57],[719.36,133.57],[719.36,133.56],[719.33,133.56],[719.33,133.57],[719.32,133.58],[719.31,133.57],[719.31,133.55],[719.3,133.55],[719.29,133.56],[719.29,133.57],[719.25,133.61],[719.23,133.59]]]}},{"type":"Feature","id":"12009-46","properties":{"ridingCode":"12009","pollNumber":"46","pollType":"N","advancePollNumber":"602","sourceCode":"46-0","geometryPollNumbers":["46"],"code":"12009-46","resultPollNumbers":["46"],"resultStatus":"exact","result":{"electors":394,"voters":125,"totalVotes":125,"rejected":0,"turnout":31.725888324873097,"winnerId":"braedon-clark","winnerPartyId":"LIB","runnerUpId":"dave-carroll","runnerUpPartyId":"CPC","margin":9.6,"top":[{"id":"braedon-clark","name":"Braedon Clark","shortName":"Clark","partyId":"LIB","votes":66,"share":52.800000000000004},{"id":"dave-carroll","name":"Dave Carroll","shortName":"Carroll","partyId":"CPC","votes":54,"share":43.2},{"id":"ryan-slaney","name":"Ryan Slaney","shortName":"Slaney","partyId":"PPC","votes":3,"share":2.4},{"id":"isaac-wilson","name":"Isaac Wilson","shortName":"Wilson","partyId":"NDP","votes":2,"share":1.6}],"partyVotes":{"LIB":66,"CPC":54,"BQ":0,"NDP":2,"GRN":0,"PPC":3,"OTH":0}}},"geometry":{"type":"Polygon","coordinates":[[[719.37,133.47],[719.37,133.46],[719.38,133.42],[719.39,133.41],[719.4,133.39],[719.4,133.39],[719.39,133.37],[719.39,133.35],[719.39,133.34],[719.4,133.34],[719.4,133.35],[719.41,133.36],[719.42,133.35],[719.45,133.35],[719.45,133.37],[719.48,133.36],[719.49,133.38],[719.49,133.39],[719.5,133.4],[719.5,133.42],[719.5,133.42],[719.51,133.43],[719.53,133.42],[719.54,133.42],[719.54,133.43],[719.52,133.44],[719.52,133.46],[719.52,133.46],[719.52,133.47],[719.53,133.48],[719.51,133.5],[719.49,133.51],[719.47,133.52],[719.46,133.53],[719.43,133.49],[719.37,133.47]]]}},{"type":"Feature","id":"12009-47","properties":{"ridingCode":"12009","pollNumber":"47","pollType":"N","advancePollNumber":"604","sourceCode":"47-0","geometryPollNumbers":["47"],"code":"12009-47","resultPollNumbers":["47"],"resultStatus":"exact","result":{"electors":443,"voters":174,"totalVotes":173,"rejected":1,"turnout":39.27765237020316,"winnerId":"braedon-clark","winnerPartyId":"LIB","runnerUpId":"dave-carroll","runnerUpPartyId":"CPC","margin":13.872832369942195,"top":[{"id":"braedon-clark","name":"Braedon Clark","shortName":"Clark","partyId":"LIB","votes":96,"share":55.49132947976878},{"id":"dave-carroll","name":"Dave Carroll","shortName":"Carroll","partyId":"CPC","votes":72,"share":41.61849710982659},{"id":"isaac-wilson","name":"Isaac Wilson","shortName":"Wilson","partyId":"NDP","votes":3,"share":1.7341040462427744},{"id":"andre-anderson","name":"Andre Anderson","shortName":"Anderson","partyId":"GRN","votes":2,"share":1.1560693641618496}],"partyVotes":{"LIB":96,"CPC":72,"BQ":0,"NDP":3,"GRN":2,"PPC":0,"OTH":0}}},"geometry":{"type":"Polygon","coordinates":[[[719.2,133.56],[719.2,133.56],[719.21,133.53],[719.2,133.53],[719.23,133.48],[719.26,133.39],[719.27,133.39],[719.31,133.37],[719.31,133.37],[719.32,133.36],[719.31,133.36],[719.3,133.36],[719.3,133.35],[719.27,133.36],[719.27,133.32],[719.27,133.3],[719.27,133.3],[719.26,133.29],[719.32,133.29],[719.35,133.3],[719.35,133.31],[719.37,133.31],[719.39,133.31],[719.4,133.31],[719.4,133.32],[719.4,133.34],[719.39,133.34],[719.39,133.35],[719.39,133.37],[719.4,133.39],[719.4,133.39],[719.39,133.41],[719.38,133.42],[719.37,133.46],[719.32,133.44],[719.3,133.51],[719.29,133.53],[719.25,133.55],[719.23,133.59],[719.22,133.59],[719.22,133.59],[719.22,133.58],[719.2,133.56]]]}},{"type":"Feature","id":"12009-48","properties":{"ridingCode":"12009","pollNumber":"48","pollType":"N","advancePollNumber":"611","sourceCode":"48-0","geometryPollNumbers":["48"],"code":"12009-48","resultPollNumbers":["48"],"resultStatus":"exact","result":{"electors":451,"voters":126,"totalVotes":125,"rejected":1,"turnout":27.93791574279379,"winnerId":"braedon-clark","winnerPartyId":"LIB","runnerUpId":"dave-carroll","runnerUpPartyId":"CPC","margin":10.4,"top":[{"id":"braedon-clark","name":"Braedon Clark","shortName":"Clark","partyId":"LIB","votes":66,"share":52.800000000000004},{"id":"dave-carroll","name":"Dave Carroll","shortName":"Carroll","partyId":"CPC","votes":53,"share":42.4},{"id":"isaac-wilson","name":"Isaac Wilson","shortName":"Wilson","partyId":"NDP","votes":5,"share":4},{"id":"andre-anderson","name":"Andre Anderson","shortName":"Anderson","partyId":"GRN","votes":1,"share":0.8}],"partyVotes":{"LIB":66,"CPC":53,"BQ":0,"NDP":5,"GRN":1,"PPC":0,"OTH":0}}},"geometry":{"type":"Polygon","coordinates":[[[719.49,133.38],[719.48,133.36],[719.51,133.35],[719.54,133.34],[719.56,133.32],[719.58,133.3],[719.61,133.36],[719.61,133.37],[719.61,133.39],[719.6,133.42],[719.57,133.48],[719.54,133.58],[719.53,133.58],[719.52,133.59],[719.52,133.58],[719.53,133.58],[719.54,133.55],[719.54,133.53],[719.55,133.51],[719.56,133.5],[719.55,133.49],[719.55,133.49],[719.52,133.51],[719.51,133.52],[719.5,133.51],[719.49,133.51],[719.51,133.5],[719.53,133.48],[719.52,133.47],[719.52,133.46],[719.52,133.46],[719.52,133.44],[719.54,133.43],[719.54,133.42],[719.53,133.42],[719.51,133.43],[719.5,133.42],[719.5,133.42],[719.5,133.4],[719.49,133.39],[719.49,133.38]]]}},{"type":"Feature","id":"12009-49","properties":{"ridingCode":"12009","pollNumber":"49","pollType":"N","advancePollNumber":"607","sourceCode":"49-0","geometryPollNumbers":["49"],"code":"12009-49","resultPollNumbers":["49"],"resultStatus":"exact","result":{"electors":402,"voters":124,"totalVotes":124,"rejected":0,"turnout":30.845771144278604,"winnerId":"braedon-clark","winnerPartyId":"LIB","runnerUpId":"dave-carroll","runnerUpPartyId":"CPC","margin":10.483870967741936,"top":[{"id":"braedon-clark","name":"Braedon Clark","shortName":"Clark","partyId":"LIB","votes":61,"share":49.193548387096776},{"id":"dave-carroll","name":"Dave Carroll","shortName":"Carroll","partyId":"CPC","votes":48,"share":38.70967741935484},{"id":"isaac-wilson","name":"Isaac Wilson","shortName":"Wilson","partyId":"NDP","votes":12,"share":9.67741935483871},{"id":"ryan-slaney","name":"Ryan Slaney","shortName":"Slaney","partyId":"PPC","votes":2,"share":1.6129032258064515}],"partyVotes":{"LIB":61,"CPC":48,"BQ":0,"NDP":12,"GRN":1,"PPC":2,"OTH":0}}},"geometry":{"type":"Polygon","coordinates":[[[718.36,133.55],[718.38,133.28],[718.45,133.23],[718.46,133.22],[718.46,133.21],[718.55,133.16],[718.57,133.16],[718.59,133.15],[718.61,133.14],[718.63,133.15],[718.6,133.16],[718.58,133.18],[718.58,133.17],[718.57,133.16],[718.55,133.17],[718.54,133.18],[718.52,133.19],[718.5,133.2],[718.51,133.21],[718.5,133.22],[718.5,133.26],[718.49,133.27],[718.49,133.28],[718.5,133.29],[718.53,133.3],[718.55,133.3],[718.6,133.45],[718.58,133.46],[718.56,133.46],[718.5,133.52],[718.48,133.53],[718.42,133.54],[718.4,133.55],[718.36,133.55]]]}},{"type":"Feature","id":"12009-50","properties":{"ridingCode":"12009","pollNumber":"50","pollType":"N","advancePollNumber":"607","sourceCode":"50-0","geometryPollNumbers":["50"],"code":"12009-50","resultPollNumbers":["50"],"resultStatus":"exact","result":{"electors":417,"voters":144,"totalVotes":144,"rejected":0,"turnout":34.53237410071942,"winnerId":"dave-carroll","winnerPartyId":"CPC","runnerUpId":"braedon-clark","runnerUpPartyId":"LIB","margin":11.11111111111111,"top":[{"id":"dave-carroll","name":"Dave Carroll","shortName":"Carroll","partyId":"CPC","votes":72,"share":50},{"id":"braedon-clark","name":"Braedon Clark","shortName":"Clark","partyId":"LIB","votes":56,"share":38.88888888888889},{"id":"isaac-wilson","name":"Isaac Wilson","shortName":"Wilson","partyId":"NDP","votes":15,"share":10.416666666666668},{"id":"ryan-slaney","name":"Ryan Slaney","shortName":"Slaney","partyId":"PPC","votes":1,"share":0.6944444444444444}],"partyVotes":{"LIB":56,"CPC":72,"BQ":0,"NDP":15,"GRN":0,"PPC":1,"OTH":0}}},"geometry":{"type":"Polygon","coordinates":[[[718.08,133.28],[718.36,133.16],[718.62,133.09],[718.62,133.09],[718.6,133.1],[718.6,133.1],[718.6,133.11],[718.59,133.12],[718.58,133.14],[718.59,133.14],[718.59,133.15],[718.57,133.16],[718.55,133.16],[718.46,133.21],[718.46,133.22],[718.45,133.23],[718.38,133.28],[718.36,133.55],[718.18,133.56],[718.14,133.57],[718.1,133.58],[718.09,133.59],[718.08,133.33],[718.08,133.28]]]}},{"type":"Feature","id":"12009-51","properties":{"ridingCode":"12009","pollNumber":"51","pollType":"N","advancePollNumber":"607","sourceCode":"51-0","geometryPollNumbers":["51"],"code":"12009-51","resultPollNumbers":["51"],"resultStatus":"exact","result":{"electors":434,"voters":158,"totalVotes":158,"rejected":0,"turnout":36.405529953917046,"winnerId":"braedon-clark","winnerPartyId":"LIB","runnerUpId":"dave-carroll","runnerUpPartyId":"CPC","margin":8.227848101265822,"top":[{"id":"braedon-clark","name":"Braedon Clark","shortName":"Clark","partyId":"LIB","votes":83,"share":52.53164556962025},{"id":"dave-carroll","name":"Dave Carroll","shortName":"Carroll","partyId":"CPC","votes":70,"share":44.303797468354425},{"id":"isaac-wilson","name":"Isaac Wilson","shortName":"Wilson","partyId":"NDP","votes":3,"share":1.89873417721519},{"id":"andre-anderson","name":"Andre Anderson","shortName":"Anderson","partyId":"GRN","votes":1,"share":0.6329113924050633}],"partyVotes":{"LIB":83,"CPC":70,"BQ":0,"NDP":3,"GRN":1,"PPC":1,"OTH":0}}},"geometry":{"type":"Polygon","coordinates":[[[718.59,133.22],[718.58,133.23],[718.58,133.25],[718.55,133.3],[718.53,133.3],[718.5,133.29],[718.49,133.28],[718.49,133.27],[718.5,133.26],[718.5,133.22],[718.51,133.21],[718.5,133.2],[718.52,133.19],[718.54,133.18],[718.55,133.17],[718.57,133.16],[718.58,133.17],[718.58,133.18],[718.6,133.16],[718.63,133.15],[718.64,133.15],[718.63,133.16],[718.63,133.16],[718.63,133.16],[718.62,133.17],[718.62,133.17],[718.65,133.22],[718.62,133.34],[718.61,133.33],[718.61,133.32],[718.58,133.32],[718.57,133.32],[718.57,133.31],[718.57,133.3],[718.58,133.3],[718.59,133.28],[718.62,133.26],[718.61,133.24],[718.61,133.24],[718.6,133.24],[718.59,133.24],[718.59,133.22]]]}},{"type":"Feature","id":"12009-52","properties":{"ridingCode":"12009","pollNumber":"52","pollType":"N","advancePollNumber":"607","sourceCode":"52-0","geometryPollNumbers":["52"],"code":"12009-52","resultPollNumbers":["52"],"resultStatus":"exact","result":{"electors":486,"voters":157,"totalVotes":157,"rejected":0,"turnout":32.30452674897119,"winnerId":"braedon-clark","winnerPartyId":"LIB","runnerUpId":"dave-carroll","runnerUpPartyId":"CPC","margin":1.910828025477707,"top":[{"id":"braedon-clark","name":"Braedon Clark","shortName":"Clark","partyId":"LIB","votes":74,"share":47.13375796178344},{"id":"dave-carroll","name":"Dave Carroll","shortName":"Carroll","partyId":"CPC","votes":71,"share":45.22292993630573},{"id":"isaac-wilson","name":"Isaac Wilson","shortName":"Wilson","partyId":"NDP","votes":11,"share":7.006369426751593},{"id":"andre-anderson","name":"Andre Anderson","shortName":"Anderson","partyId":"GRN","votes":1,"share":0.6369426751592357}],"partyVotes":{"LIB":74,"CPC":71,"BQ":0,"NDP":11,"GRN":1,"PPC":0,"OTH":0}}},"geometry":{"type":"Polygon","coordinates":[[[718.63,133.15],[718.61,133.14],[718.59,133.15],[718.59,133.14],[718.58,133.14],[718.59,133.12],[718.6,133.11],[718.6,133.1],[718.6,133.1],[718.62,133.09],[718.63,133.09],[718.64,133.09],[718.7,133.08],[718.7,133.11],[718.71,133.11],[718.72,133.11],[718.72,133.14],[718.71,133.14],[718.71,133.15],[718.71,133.16],[718.71,133.17],[718.71,133.18],[718.72,133.19],[718.72,133.2],[718.7,133.22],[718.71,133.25],[718.71,133.29],[718.71,133.3],[718.7,133.29],[718.69,133.24],[718.67,133.21],[718.67,133.21],[718.66,133.17],[718.65,133.16],[718.65,133.16],[718.66,133.15],[718.63,133.15]]]}},{"type":"Feature","id":"12009-53","properties":{"ridingCode":"12009","pollNumber":"53","pollType":"N","advancePollNumber":"611","sourceCode":"53-0","geometryPollNumbers":["53"],"code":"12009-53","resultPollNumbers":["53"],"resultStatus":"exact","result":{"electors":411,"voters":132,"totalVotes":132,"rejected":0,"turnout":32.11678832116788,"winnerId":"braedon-clark","winnerPartyId":"LIB","runnerUpId":"dave-carroll","runnerUpPartyId":"CPC","margin":33.33333333333333,"top":[{"id":"braedon-clark","name":"Braedon Clark","shortName":"Clark","partyId":"LIB","votes":86,"share":65.15151515151516},{"id":"dave-carroll","name":"Dave Carroll","shortName":"Carroll","partyId":"CPC","votes":42,"share":31.818181818181817},{"id":"isaac-wilson","name":"Isaac Wilson","shortName":"Wilson","partyId":"NDP","votes":2,"share":1.5151515151515151},{"id":"andre-anderson","name":"Andre Anderson","shortName":"Anderson","partyId":"GRN","votes":1,"share":0.7575757575757576}],"partyVotes":{"LIB":86,"CPC":42,"BQ":0,"NDP":2,"GRN":1,"PPC":1,"OTH":0}}},"geometry":{"type":"Polygon","coordinates":[[[719.79,133.8],[719.6,133.68],[719.65,133.67],[719.65,133.6],[719.78,133.52],[719.77,133.52],[719.76,133.51],[719.78,133.5],[719.79,133.49],[719.81,133.49],[719.86,133.48],[719.89,133.46],[719.89,133.46],[719.88,133.46],[719.89,133.47],[719.89,133.47],[719.9,133.47],[719.9,133.47],[719.89,133.48],[719.89,133.48],[719.9,133.48],[719.92,133.49],[719.93,133.47],[719.95,133.46],[719.94,133.45],[719.95,133.45],[719.96,133.45],[719.97,133.45],[719.99,133.44],[720.04,133.4],[720.09,133.4],[720.11,133.38],[720.15,133.34],[720.17,133.32],[720.18,133.29],[720.19,133.21],[720.22,133.22],[720.23,133.24],[720.22,133.25],[720.24,133.29],[720.26,133.32],[720.3,133.41],[720.4,133.62],[720.38,133.63],[720.37,133.64],[720.34,133.66],[720.33,133.66],[720.32,133.66],[720.31,133.66],[720.31,133.67],[720.3,133.67],[720.3,133.67],[720.29,133.68],[720.25,133.69],[720.23,133.7],[720.2,133.72],[720.2,133.73],[720.2,133.73],[720.19,133.74],[720.18,133.74],[720.18,133.73],[720.16,133.73],[720.15,133.74],[720.14,133.75],[720.14,133.75],[720.12,133.76],[720.12,133.76],[720.11,133.75],[720.11,133.75],[720.1,133.76],[720.09,133.76],[720.09,133.77],[720.08,133.77],[720.08,133.77],[720.06,133.77],[720.06,133.77],[720.05,133.78],[720.03,133.77],[720.02,133.78],[720.01,133.77],[719.99,133.78],[719.98,133.78],[719.97,133.78],[719.96,133.79],[719.95,133.79],[719.94,133.8],[719.92,133.81],[719.91,133.8],[719.89,133.81],[719.84,133.83],[719.79,133.8]]]}},{"type":"Feature","id":"12009-54","properties":{"ridingCode":"12009","pollNumber":"54","pollType":"N","advancePollNumber":"611","sourceCode":"54-0","geometryPollNumbers":["54"],"code":"12009-54","resultPollNumbers":["54"],"resultStatus":"exact","result":{"electors":406,"voters":138,"totalVotes":136,"rejected":2,"turnout":33.99014778325123,"winnerId":"braedon-clark","winnerPartyId":"LIB","runnerUpId":"dave-carroll","runnerUpPartyId":"CPC","margin":23.52941176470588,"top":[{"id":"braedon-clark","name":"Braedon Clark","shortName":"Clark","partyId":"LIB","votes":79,"share":58.08823529411765},{"id":"dave-carroll","name":"Dave Carroll","shortName":"Carroll","partyId":"CPC","votes":47,"share":34.55882352941176},{"id":"isaac-wilson","name":"Isaac Wilson","shortName":"Wilson","partyId":"NDP","votes":9,"share":6.61764705882353},{"id":"ryan-slaney","name":"Ryan Slaney","shortName":"Slaney","partyId":"PPC","votes":1,"share":0.7352941176470588}],"partyVotes":{"LIB":79,"CPC":47,"BQ":0,"NDP":9,"GRN":0,"PPC":1,"OTH":0}}},"geometry":{"type":"Polygon","coordinates":[[[719.63,133.56],[719.61,133.52],[719.61,133.52],[719.63,133.52],[719.63,133.5],[719.65,133.49],[719.66,133.48],[719.66,133.48],[719.68,133.48],[719.67,133.49],[719.67,133.5],[719.68,133.49],[719.71,133.5],[719.72,133.5],[719.72,133.49],[719.71,133.48],[719.71,133.46],[719.71,133.45],[719.71,133.43],[719.72,133.43],[719.72,133.42],[719.74,133.43],[719.77,133.41],[719.79,133.46],[719.81,133.49],[719.79,133.49],[719.78,133.5],[719.76,133.51],[719.77,133.52],[719.78,133.52],[719.65,133.6],[719.63,133.56]]]}},{"type":"Feature","id":"12009-55","properties":{"ridingCode":"12009","pollNumber":"55","pollType":"N","advancePollNumber":"611","sourceCode":"55-0","geometryPollNumbers":["55"],"code":"12009-55","resultPollNumbers":["55"],"resultStatus":"exact","result":{"electors":406,"voters":113,"totalVotes":112,"rejected":1,"turnout":27.832512315270936,"winnerId":"braedon-clark","winnerPartyId":"LIB","runnerUpId":"dave-carroll","runnerUpPartyId":"CPC","margin":41.07142857142857,"top":[{"id":"braedon-clark","name":"Braedon Clark","shortName":"Clark","partyId":"LIB","votes":77,"share":68.75},{"id":"dave-carroll","name":"Dave Carroll","shortName":"Carroll","partyId":"CPC","votes":31,"share":27.67857142857143},{"id":"isaac-wilson","name":"Isaac Wilson","shortName":"Wilson","partyId":"NDP","votes":4,"share":3.571428571428571},{"id":"andre-anderson","name":"Andre Anderson","shortName":"Anderson","partyId":"GRN","votes":0,"share":0}],"partyVotes":{"LIB":77,"CPC":31,"BQ":0,"NDP":4,"GRN":0,"PPC":0,"OTH":0}}},"geometry":{"type":"Polygon","coordinates":[[[719.81,133.49],[719.79,133.46],[719.81,133.45],[719.89,133.42],[720.02,133.33],[720.03,133.36],[720.05,133.37],[720.06,133.37],[720.07,133.38],[720.09,133.4],[720.04,133.4],[719.99,133.44],[719.97,133.45],[719.96,133.45],[719.95,133.45],[719.94,133.45],[719.95,133.46],[719.93,133.47],[719.92,133.49],[719.9,133.48],[719.89,133.48],[719.89,133.48],[719.9,133.47],[719.9,133.47],[719.89,133.47],[719.89,133.47],[719.88,133.46],[719.89,133.46],[719.89,133.46],[719.86,133.48],[719.81,133.49]]]}},{"type":"Feature","id":"12009-56","properties":{"ridingCode":"12009","pollNumber":"56","pollType":"N","advancePollNumber":"611","sourceCode":"56-0","geometryPollNumbers":["56"],"code":"12009-56","resultPollNumbers":["56"],"resultStatus":"exact","result":{"electors":363,"voters":114,"totalVotes":114,"rejected":0,"turnout":31.40495867768595,"winnerId":"braedon-clark","winnerPartyId":"LIB","runnerUpId":"dave-carroll","runnerUpPartyId":"CPC","margin":13.157894736842104,"top":[{"id":"braedon-clark","name":"Braedon Clark","shortName":"Clark","partyId":"LIB","votes":57,"share":50},{"id":"dave-carroll","name":"Dave Carroll","shortName":"Carroll","partyId":"CPC","votes":42,"share":36.84210526315789},{"id":"isaac-wilson","name":"Isaac Wilson","shortName":"Wilson","partyId":"NDP","votes":11,"share":9.649122807017543},{"id":"andre-anderson","name":"Andre Anderson","shortName":"Anderson","partyId":"GRN","votes":2,"share":1.7543859649122806}],"partyVotes":{"LIB":57,"CPC":42,"BQ":0,"NDP":11,"GRN":2,"PPC":2,"OTH":0}}},"geometry":{"type":"Polygon","coordinates":[[[719.54,133.58],[719.57,133.48],[719.6,133.42],[719.61,133.41],[719.64,133.39],[719.69,133.36],[719.67,133.34],[719.68,133.33],[719.68,133.29],[719.68,133.25],[719.68,133.22],[719.69,133.21],[719.69,133.2],[719.69,133.19],[719.65,133.17],[719.6,133.13],[719.58,133.13],[719.58,133.13],[719.59,133.13],[719.59,133.13],[719.59,133.12],[719.58,133.11],[719.58,133.11],[719.59,133.1],[719.59,133.11],[719.6,133.11],[719.6,133.12],[719.61,133.12],[719.62,133.12],[719.62,133.12],[719.62,133.13],[719.63,133.14],[719.64,133.14],[719.64,133.14],[719.63,133.13],[719.63,133.12],[719.63,133.12],[719.64,133.12],[719.64,133.13],[719.65,133.14],[719.65,133.15],[719.65,133.15],[719.66,133.14],[719.68,133.15],[719.67,133.13],[719.66,133.13],[719.67,133.13],[719.67,133.12],[719.67,133.11],[719.66,133.11],[719.66,133.1],[719.66,133.1],[719.66,133.1],[719.66,133.09],[719.68,133.11],[719.68,133.11],[719.68,133.1],[719.68,133.1],[719.68,133.1],[719.68,133.09],[719.7,133.07],[719.69,133.03],[719.87,132.87],[719.88,132.86],[719.99,132.83],[719.99,132.84],[719.99,132.85],[719.98,132.88],[719.98,132.89],[719.99,132.91],[719.99,132.92],[719.99,132.93],[719.98,132.95],[719.98,132.96],[719.99,133.02],[719.99,133.04],[720,133.05],[720.03,133.09],[720.04,133.1],[720.04,133.12],[720.04,133.13],[720.19,133.21],[720.18,133.29],[720.17,133.32],[720.15,133.34],[720.11,133.38],[720.09,133.4],[720.07,133.38],[720.06,133.37],[720.05,133.37],[720.03,133.36],[720.02,133.33],[719.89,133.42],[719.81,133.45],[719.79,133.46],[719.77,133.41],[719.74,133.43],[719.72,133.42],[719.72,133.43],[719.71,133.43],[719.71,133.45],[719.71,133.46],[719.71,133.48],[719.72,133.49],[719.72,133.5],[719.71,133.5],[719.68,133.49],[719.67,133.5],[719.67,133.49],[719.68,133.48],[719.66,133.48],[719.66,133.48],[719.65,133.49],[719.63,133.5],[719.63,133.52],[719.61,133.52],[719.61,133.52],[719.63,133.56],[719.61,133.57],[719.6,133.58],[719.59,133.61],[719.58,133.63],[719.58,133.65],[719.57,133.67],[719.55,133.66],[719.55,133.66],[719.54,133.64],[719.53,133.62],[719.53,133.61],[719.54,133.58]]]}},{"type":"Feature","id":"12009-57","properties":{"ridingCode":"12009","pollNumber":"57","pollType":"N","advancePollNumber":"604","sourceCode":"57-0","geometryPollNumbers":["57"],"code":"12009-57","resultPollNumbers":["57"],"resultStatus":"exact","result":{"electors":469,"voters":117,"totalVotes":117,"rejected":0,"turnout":24.946695095948826,"winnerId":"braedon-clark","winnerPartyId":"LIB","runnerUpId":"dave-carroll","runnerUpPartyId":"CPC","margin":17.94871794871795,"top":[{"id":"braedon-clark","name":"Braedon Clark","shortName":"Clark","partyId":"LIB","votes":66,"share":56.41025641025641},{"id":"dave-carroll","name":"Dave Carroll","shortName":"Carroll","partyId":"CPC","votes":45,"share":38.46153846153847},{"id":"isaac-wilson","name":"Isaac Wilson","shortName":"Wilson","partyId":"NDP","votes":5,"share":4.273504273504273},{"id":"ryan-slaney","name":"Ryan Slaney","shortName":"Slaney","partyId":"PPC","votes":1,"share":0.8547008547008548}],"partyVotes":{"LIB":66,"CPC":45,"BQ":0,"NDP":5,"GRN":0,"PPC":1,"OTH":0}}},"geometry":{"type":"Polygon","coordinates":[[[719.13,133.31],[719.12,133.3],[719.12,133.3],[719.13,133.29],[719.13,133.29],[719.14,133.27],[719.18,133.29],[719.19,133.3],[719.27,133.3],[719.27,133.3],[719.27,133.32],[719.27,133.36],[719.3,133.35],[719.3,133.36],[719.31,133.36],[719.32,133.36],[719.31,133.37],[719.31,133.37],[719.27,133.39],[719.26,133.39],[719.23,133.48],[719.2,133.53],[719.16,133.42],[719.13,133.42],[719.13,133.41],[719.12,133.4],[719.11,133.41],[719.1,133.41],[719.13,133.38],[719.12,133.37],[719.12,133.36],[719.13,133.34],[719.13,133.32],[719.13,133.31]]]}},{"type":"Feature","id":"12009-58","properties":{"ridingCode":"12009","pollNumber":"58","pollType":"N","advancePollNumber":"603","sourceCode":"58-0","geometryPollNumbers":["58"],"code":"12009-58","resultPollNumbers":["58"],"resultStatus":"exact","result":{"electors":565,"voters":161,"totalVotes":160,"rejected":1,"turnout":28.49557522123894,"winnerId":"dave-carroll","winnerPartyId":"CPC","runnerUpId":"braedon-clark","runnerUpPartyId":"LIB","margin":0,"top":[{"id":"dave-carroll","name":"Dave Carroll","shortName":"Carroll","partyId":"CPC","votes":78,"share":48.75},{"id":"braedon-clark","name":"Braedon Clark","shortName":"Clark","partyId":"LIB","votes":78,"share":48.75},{"id":"andre-anderson","name":"Andre Anderson","shortName":"Anderson","partyId":"GRN","votes":2,"share":1.25},{"id":"isaac-wilson","name":"Isaac Wilson","shortName":"Wilson","partyId":"NDP","votes":2,"share":1.25}],"partyVotes":{"LIB":78,"CPC":78,"BQ":0,"NDP":2,"GRN":2,"PPC":0,"OTH":0}}},"geometry":{"type":"Polygon","coordinates":[[[719,133.39],[718.95,133.36],[719,133.31],[719.05,133.27],[719.05,133.27],[719.07,133.26],[719.09,133.25],[719.11,133.26],[719.14,133.27],[719.13,133.29],[719.13,133.29],[719.12,133.3],[719.12,133.3],[719.13,133.31],[719.13,133.32],[719.13,133.34],[719.12,133.36],[719.12,133.37],[719.13,133.38],[719.1,133.41],[719.09,133.43],[719.05,133.44],[719.04,133.45],[719.03,133.44],[719.02,133.44],[719.02,133.45],[719,133.42],[719.01,133.4],[719,133.39]],[[719.01,133.37],[719.04,133.38],[719.06,133.39],[719.08,133.39],[719.09,133.38],[719.08,133.37],[719.09,133.32],[719.08,133.29],[719.07,133.29],[719.06,133.3],[719.05,133.31],[719.01,133.37]]]}},{"type":"Feature","id":"12009-59A+59B","properties":{"ridingCode":"12009","pollNumber":"59A+59B","pollType":"N","advancePollNumber":"605","sourceCode":"59-0","geometryPollNumbers":["59"],"code":"12009-59A+59B","resultPollNumbers":["59A","59B"],"resultStatus":"resolved-suffix","result":{"electors":567,"voters":171,"totalVotes":171,"rejected":0,"turnout":30.158730158730158,"winnerId":"braedon-clark","winnerPartyId":"LIB","runnerUpId":"dave-carroll","runnerUpPartyId":"CPC","margin":32.748538011695906,"top":[{"id":"braedon-clark","name":"Braedon Clark","shortName":"Clark","partyId":"LIB","votes":106,"share":61.98830409356725},{"id":"dave-carroll","name":"Dave Carroll","shortName":"Carroll","partyId":"CPC","votes":50,"share":29.239766081871345},{"id":"isaac-wilson","name":"Isaac Wilson","shortName":"Wilson","partyId":"NDP","votes":10,"share":5.847953216374268},{"id":"andre-anderson","name":"Andre Anderson","shortName":"Anderson","partyId":"GRN","votes":4,"share":2.3391812865497075}],"partyVotes":{"LIB":106,"CPC":50,"BQ":0,"NDP":10,"GRN":4,"PPC":1,"OTH":0}}},"geometry":{"type":"Polygon","coordinates":[[[719.06,133.22],[719.07,133.2],[719.08,133.19],[719.09,133.17],[719.11,133.15],[719.12,133.15],[719.13,133.14],[719.14,133.15],[719.15,133.15],[719.15,133.16],[719.14,133.16],[719.14,133.16],[719.14,133.17],[719.14,133.17],[719.13,133.18],[719.13,133.19],[719.13,133.2],[719.13,133.18],[719.13,133.17],[719.13,133.17],[719.12,133.17],[719.11,133.17],[719.1,133.19],[719.11,133.21],[719.09,133.22],[719.07,133.22],[719.06,133.22]]]}},{"type":"Feature","id":"12009-60","properties":{"ridingCode":"12009","pollNumber":"60","pollType":"N","advancePollNumber":"605","sourceCode":"60-0","geometryPollNumbers":["60"],"code":"12009-60","resultPollNumbers":["60"],"resultStatus":"exact","result":{"electors":446,"voters":147,"totalVotes":147,"rejected":0,"turnout":32.95964125560538,"winnerId":"dave-carroll","winnerPartyId":"CPC","runnerUpId":"braedon-clark","runnerUpPartyId":"LIB","margin":3.4013605442176873,"top":[{"id":"dave-carroll","name":"Dave Carroll","shortName":"Carroll","partyId":"CPC","votes":69,"share":46.93877551020408},{"id":"braedon-clark","name":"Braedon Clark","shortName":"Clark","partyId":"LIB","votes":64,"share":43.53741496598639},{"id":"isaac-wilson","name":"Isaac Wilson","shortName":"Wilson","partyId":"NDP","votes":10,"share":6.802721088435375},{"id":"andre-anderson","name":"Andre Anderson","shortName":"Anderson","partyId":"GRN","votes":3,"share":2.0408163265306123}],"partyVotes":{"LIB":64,"CPC":69,"BQ":0,"NDP":10,"GRN":3,"PPC":1,"OTH":0}}},"geometry":{"type":"Polygon","coordinates":[[[719.07,133.2],[719.06,133.22],[719.06,133.21],[719.06,133.17],[719.06,133.15],[719.06,133.15],[719.07,133.15],[719.07,133.15],[719.09,133.14],[719.09,133.14],[719.09,133.14],[719.1,133.13],[719.11,133.13],[719.11,133.15],[719.09,133.17],[719.08,133.19],[719.07,133.2]]]}},{"type":"Feature","id":"12009-61","properties":{"ridingCode":"12009","pollNumber":"61","pollType":"N","advancePollNumber":"604","sourceCode":"61-0","geometryPollNumbers":["61"],"code":"12009-61","resultPollNumbers":["61"],"resultStatus":"exact","result":{"electors":521,"voters":169,"totalVotes":169,"rejected":0,"turnout":32.437619961612285,"winnerId":"braedon-clark","winnerPartyId":"LIB","runnerUpId":"dave-carroll","runnerUpPartyId":"CPC","margin":30.76923076923077,"top":[{"id":"braedon-clark","name":"Braedon Clark","shortName":"Clark","partyId":"LIB","votes":102,"share":60.35502958579882},{"id":"dave-carroll","name":"Dave Carroll","shortName":"Carroll","partyId":"CPC","votes":50,"share":29.585798816568047},{"id":"isaac-wilson","name":"Isaac Wilson","shortName":"Wilson","partyId":"NDP","votes":15,"share":8.875739644970414},{"id":"andre-anderson","name":"Andre Anderson","shortName":"Anderson","partyId":"GRN","votes":1,"share":0.591715976331361}],"partyVotes":{"LIB":102,"CPC":50,"BQ":0,"NDP":15,"GRN":1,"PPC":1,"OTH":0}}},"geometry":{"type":"Polygon","coordinates":[[[719.15,133.15],[719.14,133.15],[719.13,133.14],[719.15,133.14],[719.19,133.15],[719.18,133.17],[719.17,133.17],[719.17,133.18],[719.17,133.2],[719.16,133.19],[719.13,133.2],[719.13,133.2],[719.13,133.19],[719.13,133.18],[719.14,133.17],[719.14,133.17],[719.14,133.16],[719.14,133.16],[719.15,133.16],[719.15,133.15]]]}},{"type":"Feature","id":"12009-62","properties":{"ridingCode":"12009","pollNumber":"62","pollType":"N","advancePollNumber":"607","sourceCode":"62-0","geometryPollNumbers":["62"],"code":"12009-62","resultPollNumbers":["62"],"resultStatus":"exact","result":{"electors":535,"voters":238,"totalVotes":236,"rejected":2,"turnout":44.48598130841121,"winnerId":"braedon-clark","winnerPartyId":"LIB","runnerUpId":"dave-carroll","runnerUpPartyId":"CPC","margin":9.745762711864407,"top":[{"id":"braedon-clark","name":"Braedon Clark","shortName":"Clark","partyId":"LIB","votes":120,"share":50.847457627118644},{"id":"dave-carroll","name":"Dave Carroll","shortName":"Carroll","partyId":"CPC","votes":97,"share":41.10169491525424},{"id":"isaac-wilson","name":"Isaac Wilson","shortName":"Wilson","partyId":"NDP","votes":10,"share":4.23728813559322},{"id":"ryan-slaney","name":"Ryan Slaney","shortName":"Slaney","partyId":"PPC","votes":5,"share":2.11864406779661}],"partyVotes":{"LIB":120,"CPC":97,"BQ":0,"NDP":10,"GRN":4,"PPC":5,"OTH":0}}},"geometry":{"type":"Polygon","coordinates":[[[718.62,133.34],[718.63,133.33],[718.66,133.31],[718.67,133.31],[718.68,133.31],[718.68,133.3],[718.68,133.29],[718.68,133.28],[718.69,133.28],[718.69,133.3],[718.7,133.33],[718.7,133.35],[718.71,133.37],[718.71,133.41],[718.73,133.41],[718.73,133.43],[718.71,133.47],[718.69,133.46],[718.66,133.45],[718.6,133.45],[718.55,133.3],[718.58,133.25],[718.58,133.23],[718.59,133.22],[718.59,133.24],[718.6,133.24],[718.61,133.24],[718.61,133.24],[718.62,133.26],[718.59,133.28],[718.58,133.3],[718.57,133.3],[718.57,133.31],[718.57,133.32],[718.58,133.32],[718.61,133.32],[718.61,133.33],[718.62,133.34]]]}},{"type":"Feature","id":"12009-63","properties":{"ridingCode":"12009","pollNumber":"63","pollType":"N","advancePollNumber":"607","sourceCode":"63-0","geometryPollNumbers":["63"],"code":"12009-63","resultPollNumbers":["63"],"resultStatus":"exact","result":{"electors":402,"voters":133,"totalVotes":133,"rejected":0,"turnout":33.08457711442786,"winnerId":"braedon-clark","winnerPartyId":"LIB","runnerUpId":"dave-carroll","runnerUpPartyId":"CPC","margin":7.518796992481203,"top":[{"id":"braedon-clark","name":"Braedon Clark","shortName":"Clark","partyId":"LIB","votes":66,"share":49.62406015037594},{"id":"dave-carroll","name":"Dave Carroll","shortName":"Carroll","partyId":"CPC","votes":56,"share":42.10526315789473},{"id":"isaac-wilson","name":"Isaac Wilson","shortName":"Wilson","partyId":"NDP","votes":10,"share":7.518796992481203},{"id":"ryan-slaney","name":"Ryan Slaney","shortName":"Slaney","partyId":"PPC","votes":1,"share":0.7518796992481203}],"partyVotes":{"LIB":66,"CPC":56,"BQ":0,"NDP":10,"GRN":0,"PPC":1,"OTH":0}}},"geometry":{"type":"Polygon","coordinates":[[[718.78,133.38],[718.77,133.37],[718.79,133.35],[718.81,133.28],[718.83,133.27],[718.84,133.17],[718.85,133.15],[718.85,133.16],[718.85,133.17],[718.85,133.29],[718.85,133.31],[718.86,133.31],[718.95,133.36],[718.93,133.36],[718.89,133.38],[718.79,133.45],[718.77,133.46],[718.76,133.46],[718.75,133.45],[718.74,133.44],[718.75,133.43],[718.78,133.39],[718.8,133.38],[718.79,133.38],[718.78,133.38]]]}},{"type":"Feature","id":"12009-64","properties":{"ridingCode":"12009","pollNumber":"64","pollType":"N","advancePollNumber":"607","sourceCode":"64-0","geometryPollNumbers":["64"],"code":"12009-64","resultPollNumbers":["64"],"resultStatus":"exact","result":{"electors":558,"voters":196,"totalVotes":196,"rejected":0,"turnout":35.12544802867383,"winnerId":"braedon-clark","winnerPartyId":"LIB","runnerUpId":"dave-carroll","runnerUpPartyId":"CPC","margin":9.183673469387756,"top":[{"id":"braedon-clark","name":"Braedon Clark","shortName":"Clark","partyId":"LIB","votes":101,"share":51.53061224489795},{"id":"dave-carroll","name":"Dave Carroll","shortName":"Carroll","partyId":"CPC","votes":83,"share":42.3469387755102},{"id":"andre-anderson","name":"Andre Anderson","shortName":"Anderson","partyId":"GRN","votes":6,"share":3.061224489795918},{"id":"isaac-wilson","name":"Isaac Wilson","shortName":"Wilson","partyId":"NDP","votes":6,"share":3.061224489795918}],"partyVotes":{"LIB":101,"CPC":83,"BQ":0,"NDP":6,"GRN":6,"PPC":0,"OTH":0}}},"geometry":{"type":"Polygon","coordinates":[[[718.71,133.3],[718.71,133.29],[718.72,133.29],[718.73,133.28],[718.73,133.25],[718.74,133.25],[718.76,133.25],[718.77,133.25],[718.77,133.26],[718.78,133.26],[718.79,133.24],[718.79,133.22],[718.81,133.2],[718.81,133.14],[718.85,133.15],[718.84,133.17],[718.83,133.27],[718.81,133.28],[718.79,133.35],[718.77,133.37],[718.78,133.38],[718.79,133.38],[718.8,133.38],[718.78,133.39],[718.75,133.43],[718.74,133.44],[718.75,133.45],[718.76,133.46],[718.71,133.47],[718.73,133.43],[718.73,133.41],[718.71,133.41],[718.71,133.37],[718.7,133.35],[718.7,133.33],[718.69,133.3],[718.71,133.3]]]}},{"type":"Feature","id":"12009-65","properties":{"ridingCode":"12009","pollNumber":"65","pollType":"N","advancePollNumber":"607","sourceCode":"65-0","geometryPollNumbers":["65"],"code":"12009-65","resultPollNumbers":["65"],"resultStatus":"exact","result":{"electors":389,"voters":149,"totalVotes":148,"rejected":1,"turnout":38.303341902313626,"winnerId":"braedon-clark","winnerPartyId":"LIB","runnerUpId":"dave-carroll","runnerUpPartyId":"CPC","margin":1.3513513513513513,"top":[{"id":"braedon-clark","name":"Braedon Clark","shortName":"Clark","partyId":"LIB","votes":72,"share":48.64864864864865},{"id":"dave-carroll","name":"Dave Carroll","shortName":"Carroll","partyId":"CPC","votes":70,"share":47.2972972972973},{"id":"isaac-wilson","name":"Isaac Wilson","shortName":"Wilson","partyId":"NDP","votes":4,"share":2.7027027027027026},{"id":"andre-anderson","name":"Andre Anderson","shortName":"Anderson","partyId":"GRN","votes":2,"share":1.3513513513513513}],"partyVotes":{"LIB":72,"CPC":70,"BQ":0,"NDP":4,"GRN":2,"PPC":0,"OTH":0}}},"geometry":{"type":"Polygon","coordinates":[[[718.65,133.22],[718.62,133.17],[718.62,133.17],[718.63,133.16],[718.63,133.16],[718.63,133.16],[718.64,133.15],[718.63,133.15],[718.66,133.15],[718.65,133.16],[718.65,133.16],[718.66,133.17],[718.67,133.21],[718.67,133.21],[718.69,133.24],[718.7,133.29],[718.71,133.3],[718.69,133.3],[718.69,133.28],[718.68,133.28],[718.68,133.29],[718.68,133.3],[718.68,133.31],[718.67,133.31],[718.66,133.31],[718.63,133.33],[718.62,133.34],[718.65,133.22]]]}},{"type":"Feature","id":"12009-66","properties":{"ridingCode":"12009","pollNumber":"66","pollType":"N","advancePollNumber":"607","sourceCode":"66-0","geometryPollNumbers":["66"],"code":"12009-66","resultPollNumbers":["66"],"resultStatus":"exact","result":{"electors":537,"voters":195,"totalVotes":194,"rejected":1,"turnout":36.312849162011176,"winnerId":"dave-carroll","winnerPartyId":"CPC","runnerUpId":"braedon-clark","runnerUpPartyId":"LIB","margin":3.0927835051546393,"top":[{"id":"dave-carroll","name":"Dave Carroll","shortName":"Carroll","partyId":"CPC","votes":93,"share":47.93814432989691},{"id":"braedon-clark","name":"Braedon Clark","shortName":"Clark","partyId":"LIB","votes":87,"share":44.84536082474227},{"id":"isaac-wilson","name":"Isaac Wilson","shortName":"Wilson","partyId":"NDP","votes":8,"share":4.123711340206185},{"id":"andre-anderson","name":"Andre Anderson","shortName":"Anderson","partyId":"GRN","votes":5,"share":2.5773195876288657}],"partyVotes":{"LIB":87,"CPC":93,"BQ":0,"NDP":8,"GRN":5,"PPC":1,"OTH":0}}},"geometry":{"type":"Polygon","coordinates":[[[718.72,133.2],[718.72,133.19],[718.71,133.18],[718.71,133.17],[718.71,133.16],[718.71,133.15],[718.71,133.14],[718.72,133.14],[718.73,133.14],[718.77,133.13],[718.78,133.13],[718.81,133.14],[718.81,133.2],[718.79,133.22],[718.79,133.24],[718.78,133.26],[718.77,133.26],[718.77,133.25],[718.76,133.25],[718.74,133.25],[718.73,133.25],[718.73,133.28],[718.72,133.29],[718.71,133.29],[718.71,133.25],[718.7,133.22],[718.72,133.2]]]}},{"type":"Feature","id":"12009-67","properties":{"ridingCode":"12009","pollNumber":"67","pollType":"N","advancePollNumber":"607","sourceCode":"67-0","geometryPollNumbers":["67"],"code":"12009-67","resultPollNumbers":["67"],"resultStatus":"exact","result":{"electors":391,"voters":105,"totalVotes":105,"rejected":0,"turnout":26.854219948849106,"winnerId":"dave-carroll","winnerPartyId":"CPC","runnerUpId":"braedon-clark","runnerUpPartyId":"LIB","margin":8.571428571428571,"top":[{"id":"dave-carroll","name":"Dave Carroll","shortName":"Carroll","partyId":"CPC","votes":50,"share":47.61904761904761},{"id":"braedon-clark","name":"Braedon Clark","shortName":"Clark","partyId":"LIB","votes":41,"share":39.04761904761905},{"id":"isaac-wilson","name":"Isaac Wilson","shortName":"Wilson","partyId":"NDP","votes":11,"share":10.476190476190476},{"id":"andre-anderson","name":"Andre Anderson","shortName":"Anderson","partyId":"GRN","votes":2,"share":1.9047619047619049}],"partyVotes":{"LIB":41,"CPC":50,"BQ":0,"NDP":11,"GRN":2,"PPC":1,"OTH":0}}},"geometry":{"type":"Polygon","coordinates":[[[718.62,133.09],[718.83,133.03],[718.82,133.12],[718.8,133.12],[718.78,133.13],[718.77,133.13],[718.73,133.14],[718.72,133.14],[718.72,133.11],[718.71,133.11],[718.7,133.11],[718.7,133.08],[718.64,133.09],[718.63,133.09],[718.62,133.09],[718.62,133.09]]]}},{"type":"Feature","id":"12009-68","properties":{"ridingCode":"12009","pollNumber":"68","pollType":"N","advancePollNumber":"606","sourceCode":"68-0","geometryPollNumbers":["68"],"code":"12009-68","resultPollNumbers":["68"],"resultStatus":"exact","result":{"electors":289,"voters":107,"totalVotes":106,"rejected":1,"turnout":37.0242214532872,"winnerId":"braedon-clark","winnerPartyId":"LIB","runnerUpId":"dave-carroll","runnerUpPartyId":"CPC","margin":10.377358490566039,"top":[{"id":"braedon-clark","name":"Braedon Clark","shortName":"Clark","partyId":"LIB","votes":56,"share":52.83018867924528},{"id":"dave-carroll","name":"Dave Carroll","shortName":"Carroll","partyId":"CPC","votes":45,"share":42.45283018867924},{"id":"ryan-slaney","name":"Ryan Slaney","shortName":"Slaney","partyId":"PPC","votes":3,"share":2.8301886792452833},{"id":"isaac-wilson","name":"Isaac Wilson","shortName":"Wilson","partyId":"NDP","votes":2,"share":1.8867924528301887}],"partyVotes":{"LIB":56,"CPC":45,"BQ":0,"NDP":2,"GRN":0,"PPC":3,"OTH":0}}},"geometry":{"type":"Polygon","coordinates":[[[718.82,133.12],[718.83,133.03],[718.9,133.01],[718.92,133.01],[718.99,133.01],[718.96,133.03],[718.96,133.04],[718.97,133.05],[718.96,133.05],[718.95,133.06],[718.94,133.07],[718.94,133.08],[718.92,133.09],[718.91,133.1],[718.89,133.11],[718.89,133.11],[718.89,133.09],[718.88,133.08],[718.88,133.08],[718.87,133.08],[718.87,133.15],[718.87,133.15],[718.87,133.15],[718.86,133.15],[718.86,133.16],[718.85,133.16],[718.85,133.15],[718.81,133.14],[718.78,133.13],[718.8,133.12],[718.82,133.12]]]}},{"type":"Feature","id":"12009-69","properties":{"ridingCode":"12009","pollNumber":"69","pollType":"N","advancePollNumber":"612","sourceCode":"69-0","geometryPollNumbers":["69"],"code":"12009-69","resultPollNumbers":["69"],"resultStatus":"exact","result":{"electors":232,"voters":55,"totalVotes":55,"rejected":0,"turnout":23.70689655172414,"winnerId":"braedon-clark","winnerPartyId":"LIB","runnerUpId":"dave-carroll","runnerUpPartyId":"CPC","margin":10.909090909090908,"top":[{"id":"braedon-clark","name":"Braedon Clark","shortName":"Clark","partyId":"LIB","votes":28,"share":50.90909090909091},{"id":"dave-carroll","name":"Dave Carroll","shortName":"Carroll","partyId":"CPC","votes":22,"share":40},{"id":"isaac-wilson","name":"Isaac Wilson","shortName":"Wilson","partyId":"NDP","votes":4,"share":7.2727272727272725},{"id":"ryan-slaney","name":"Ryan Slaney","shortName":"Slaney","partyId":"PPC","votes":1,"share":1.8181818181818181}],"partyVotes":{"LIB":28,"CPC":22,"BQ":0,"NDP":4,"GRN":0,"PPC":1,"OTH":0}}},"geometry":{"type":"Polygon","coordinates":[[[720.54,133.55],[720.42,133.63],[720.41,133.63],[720.4,133.62],[720.3,133.41],[720.35,133.38],[720.68,133.3],[720.71,133.3],[720.73,133.23],[720.76,133.19],[720.76,133.17],[720.77,133.17],[720.79,133.15],[720.81,133.18],[720.83,133.19],[720.85,133.2],[720.86,133.2],[720.86,133.2],[720.86,133.22],[720.87,133.22],[720.9,133.25],[720.9,133.25],[720.91,133.25],[720.96,133.31],[720.95,133.34],[720.95,133.35],[720.95,133.35],[720.96,133.35],[720.98,133.34],[720.99,133.34],[721.01,133.32],[720.91,133.51],[720.91,133.51],[720.86,133.55],[720.75,133.55],[720.65,133.56],[720.57,133.56],[720.54,133.55]]]}},{"type":"Feature","id":"12009-70","properties":{"ridingCode":"12009","pollNumber":"70","pollType":"N","advancePollNumber":"612","sourceCode":"70-0","geometryPollNumbers":["70"],"code":"12009-70","resultPollNumbers":["70"],"resultStatus":"exact","result":{"electors":421,"voters":113,"totalVotes":113,"rejected":0,"turnout":26.840855106888363,"winnerId":"braedon-clark","winnerPartyId":"LIB","runnerUpId":"dave-carroll","runnerUpPartyId":"CPC","margin":16.8141592920354,"top":[{"id":"braedon-clark","name":"Braedon Clark","shortName":"Clark","partyId":"LIB","votes":64,"share":56.63716814159292},{"id":"dave-carroll","name":"Dave Carroll","shortName":"Carroll","partyId":"CPC","votes":45,"share":39.823008849557525},{"id":"isaac-wilson","name":"Isaac Wilson","shortName":"Wilson","partyId":"NDP","votes":4,"share":3.5398230088495577},{"id":"andre-anderson","name":"Andre Anderson","shortName":"Anderson","partyId":"GRN","votes":0,"share":0}],"partyVotes":{"LIB":64,"CPC":45,"BQ":0,"NDP":4,"GRN":0,"PPC":0,"OTH":0}}},"geometry":{"type":"Polygon","coordinates":[[[720.24,133.29],[720.22,133.25],[720.23,133.24],[720.24,133.25],[720.25,133.26],[720.26,133.27],[720.27,133.26],[720.3,133.25],[720.33,133.22],[720.34,133.22],[720.4,133.2],[720.43,133.19],[720.44,133.18],[720.41,133.21],[720.41,133.21],[720.4,133.21],[720.41,133.22],[720.42,133.22],[720.45,133.18],[720.46,133.17],[720.46,133.17],[720.47,133.17],[720.48,133.19],[720.5,133.19],[720.51,133.21],[720.53,133.21],[720.58,133.21],[720.62,133.2],[720.62,133.2],[720.63,133.22],[720.64,133.22],[720.67,133.23],[720.67,133.23],[720.68,133.22],[720.68,133.3],[720.35,133.38],[720.3,133.41],[720.26,133.32],[720.24,133.29]]]}},{"type":"Feature","id":"12009-71","properties":{"ridingCode":"12009","pollNumber":"71","pollType":"N","advancePollNumber":"612","sourceCode":"71-0","geometryPollNumbers":["71"],"code":"12009-71","resultPollNumbers":["71"],"resultStatus":"exact","result":{"electors":510,"voters":189,"totalVotes":189,"rejected":0,"turnout":37.05882352941177,"winnerId":"braedon-clark","winnerPartyId":"LIB","runnerUpId":"dave-carroll","runnerUpPartyId":"CPC","margin":17.989417989417987,"top":[{"id":"braedon-clark","name":"Braedon Clark","shortName":"Clark","partyId":"LIB","votes":107,"share":56.613756613756614},{"id":"dave-carroll","name":"Dave Carroll","shortName":"Carroll","partyId":"CPC","votes":73,"share":38.62433862433862},{"id":"isaac-wilson","name":"Isaac Wilson","shortName":"Wilson","partyId":"NDP","votes":8,"share":4.232804232804233},{"id":"andre-anderson","name":"Andre Anderson","shortName":"Anderson","partyId":"GRN","votes":1,"share":0.5291005291005291}],"partyVotes":{"LIB":107,"CPC":73,"BQ":0,"NDP":8,"GRN":1,"PPC":0,"OTH":0}}},"geometry":{"type":"Polygon","coordinates":[[[720.52,133.13],[720.7,133.07],[720.73,133.06],[720.77,133.04],[720.79,133.03],[720.83,133.03],[720.85,133.03],[720.85,133.05],[720.86,133.08],[720.87,133.09],[720.86,133.1],[720.85,133.1],[720.83,133.1],[720.8,133.13],[720.76,133.17],[720.76,133.19],[720.73,133.23],[720.71,133.3],[720.68,133.3],[720.68,133.22],[720.67,133.23],[720.67,133.23],[720.64,133.22],[720.63,133.22],[720.62,133.2],[720.62,133.2],[720.58,133.21],[720.53,133.21],[720.51,133.21],[720.5,133.19],[720.48,133.19],[720.47,133.17],[720.46,133.17],[720.46,133.17],[720.45,133.18],[720.42,133.22],[720.41,133.22],[720.4,133.21],[720.41,133.21],[720.41,133.21],[720.44,133.18],[720.48,133.15],[720.52,133.13]]]}},{"type":"Feature","id":"12009-72","properties":{"ridingCode":"12009","pollNumber":"72","pollType":"N","advancePollNumber":"612","sourceCode":"72-0","geometryPollNumbers":["72"],"code":"12009-72","resultPollNumbers":["72"],"resultStatus":"exact","result":{"electors":365,"voters":141,"totalVotes":140,"rejected":1,"turnout":38.63013698630137,"winnerId":"braedon-clark","winnerPartyId":"LIB","runnerUpId":"dave-carroll","runnerUpPartyId":"CPC","margin":35,"top":[{"id":"braedon-clark","name":"Braedon Clark","shortName":"Clark","partyId":"LIB","votes":88,"share":62.857142857142854},{"id":"dave-carroll","name":"Dave Carroll","shortName":"Carroll","partyId":"CPC","votes":39,"share":27.857142857142858},{"id":"isaac-wilson","name":"Isaac Wilson","shortName":"Wilson","partyId":"NDP","votes":8,"share":5.714285714285714},{"id":"ryan-slaney","name":"Ryan Slaney","shortName":"Slaney","partyId":"PPC","votes":3,"share":2.142857142857143}],"partyVotes":{"LIB":88,"CPC":39,"BQ":0,"NDP":8,"GRN":2,"PPC":3,"OTH":0}}},"geometry":{"type":"Polygon","coordinates":[[[720.76,133.17],[720.8,133.13],[720.83,133.1],[720.85,133.1],[720.86,133.1],[720.87,133.09],[720.87,133.1],[720.91,133.12],[720.88,133.12],[720.83,133.19],[720.81,133.18],[720.79,133.15],[720.77,133.17],[720.76,133.17]]]}},{"type":"Feature","id":"12009-73","properties":{"ridingCode":"12009","pollNumber":"73","pollType":"N","advancePollNumber":"604","sourceCode":"73-0","geometryPollNumbers":["73"],"code":"12009-73","resultPollNumbers":["73"],"resultStatus":"exact","result":{"electors":394,"voters":156,"totalVotes":156,"rejected":0,"turnout":39.59390862944163,"winnerId":"braedon-clark","winnerPartyId":"LIB","runnerUpId":"dave-carroll","runnerUpPartyId":"CPC","margin":26.282051282051285,"top":[{"id":"braedon-clark","name":"Braedon Clark","shortName":"Clark","partyId":"LIB","votes":94,"share":60.256410256410255},{"id":"dave-carroll","name":"Dave Carroll","shortName":"Carroll","partyId":"CPC","votes":53,"share":33.97435897435898},{"id":"isaac-wilson","name":"Isaac Wilson","shortName":"Wilson","partyId":"NDP","votes":8,"share":5.128205128205128},{"id":"andre-anderson","name":"Andre Anderson","shortName":"Anderson","partyId":"GRN","votes":1,"share":0.641025641025641}],"partyVotes":{"LIB":94,"CPC":53,"BQ":0,"NDP":8,"GRN":1,"PPC":0,"OTH":0}}},"geometry":{"type":"Polygon","coordinates":[[[719.09,133.23],[719.1,133.23],[719.11,133.23],[719.12,133.24],[719.14,133.25],[719.15,133.25],[719.18,133.29],[719.14,133.27],[719.11,133.26],[719.09,133.25],[719.07,133.26],[719.05,133.27],[719.05,133.24],[719.06,133.22],[719.07,133.22],[719.07,133.22],[719.09,133.22],[719.09,133.23],[719.09,133.23]]]}},{"type":"Feature","id":"12009-74","properties":{"ridingCode":"12009","pollNumber":"74","pollType":"N","advancePollNumber":"604","sourceCode":"74-0","geometryPollNumbers":["74"],"code":"12009-74","resultPollNumbers":["74"],"resultStatus":"exact","result":{"electors":405,"voters":146,"totalVotes":143,"rejected":3,"turnout":36.04938271604938,"winnerId":"braedon-clark","winnerPartyId":"LIB","runnerUpId":"dave-carroll","runnerUpPartyId":"CPC","margin":20.27972027972028,"top":[{"id":"braedon-clark","name":"Braedon Clark","shortName":"Clark","partyId":"LIB","votes":77,"share":53.84615384615385},{"id":"dave-carroll","name":"Dave Carroll","shortName":"Carroll","partyId":"CPC","votes":48,"share":33.56643356643357},{"id":"isaac-wilson","name":"Isaac Wilson","shortName":"Wilson","partyId":"NDP","votes":13,"share":9.090909090909092},{"id":"andre-anderson","name":"Andre Anderson","shortName":"Anderson","partyId":"GRN","votes":4,"share":2.797202797202797}],"partyVotes":{"LIB":77,"CPC":48,"BQ":0,"NDP":13,"GRN":4,"PPC":1,"OTH":0}}},"geometry":{"type":"Polygon","coordinates":[[[719.1,133.22],[719.12,133.21],[719.13,133.21],[719.13,133.23],[719.14,133.22],[719.15,133.24],[719.16,133.23],[719.16,133.23],[719.18,133.22],[719.18,133.21],[719.18,133.21],[719.2,133.24],[719.18,133.29],[719.15,133.25],[719.14,133.25],[719.12,133.24],[719.11,133.23],[719.1,133.22]]]}},{"type":"Feature","id":"12009-75","properties":{"ridingCode":"12009","pollNumber":"75","pollType":"N","advancePollNumber":"605","sourceCode":"75-0","geometryPollNumbers":["75"],"code":"12009-75","resultPollNumbers":["75"],"resultStatus":"exact","result":{"electors":427,"voters":114,"totalVotes":114,"rejected":0,"turnout":26.697892271662766,"winnerId":"braedon-clark","winnerPartyId":"LIB","runnerUpId":"dave-carroll","runnerUpPartyId":"CPC","margin":14.912280701754385,"top":[{"id":"braedon-clark","name":"Braedon Clark","shortName":"Clark","partyId":"LIB","votes":57,"share":50},{"id":"dave-carroll","name":"Dave Carroll","shortName":"Carroll","partyId":"CPC","votes":40,"share":35.08771929824561},{"id":"isaac-wilson","name":"Isaac Wilson","shortName":"Wilson","partyId":"NDP","votes":13,"share":11.403508771929824},{"id":"ryan-slaney","name":"Ryan Slaney","shortName":"Slaney","partyId":"PPC","votes":4,"share":3.508771929824561}],"partyVotes":{"LIB":57,"CPC":40,"BQ":0,"NDP":13,"GRN":0,"PPC":4,"OTH":0}}},"geometry":{"type":"Polygon","coordinates":[[[719.01,133.18],[719.01,133.18],[719.02,133.18],[719.03,133.19],[719.03,133.19],[719.03,133.17],[719.06,133.17],[719.06,133.21],[719.06,133.22],[719.05,133.24],[719.05,133.27],[719.05,133.27],[719,133.31],[719.01,133.24],[719.02,133.23],[719.03,133.22],[719.01,133.2],[719.01,133.19],[719.01,133.18]]]}},{"type":"Feature","id":"12009-76","properties":{"ridingCode":"12009","pollNumber":"76","pollType":"N","advancePollNumber":"604","sourceCode":"76-0","geometryPollNumbers":["76"],"code":"12009-76","resultPollNumbers":["76"],"resultStatus":"exact","result":{"electors":350,"voters":121,"totalVotes":121,"rejected":0,"turnout":34.57142857142857,"winnerId":"braedon-clark","winnerPartyId":"LIB","runnerUpId":"dave-carroll","runnerUpPartyId":"CPC","margin":6.6115702479338845,"top":[{"id":"braedon-clark","name":"Braedon Clark","shortName":"Clark","partyId":"LIB","votes":59,"share":48.760330578512395},{"id":"dave-carroll","name":"Dave Carroll","shortName":"Carroll","partyId":"CPC","votes":51,"share":42.14876033057851},{"id":"isaac-wilson","name":"Isaac Wilson","shortName":"Wilson","partyId":"NDP","votes":7,"share":5.785123966942149},{"id":"ryan-slaney","name":"Ryan Slaney","shortName":"Slaney","partyId":"PPC","votes":3,"share":2.479338842975207}],"partyVotes":{"LIB":59,"CPC":51,"BQ":0,"NDP":7,"GRN":1,"PPC":3,"OTH":0}}},"geometry":{"type":"Polygon","coordinates":[[[719.14,133.22],[719.14,133.21],[719.13,133.2],[719.16,133.19],[719.17,133.2],[719.18,133.21],[719.18,133.22],[719.16,133.23],[719.16,133.23],[719.15,133.24],[719.14,133.22]]]}},{"type":"Feature","id":"12009-77","properties":{"ridingCode":"12009","pollNumber":"77","pollType":"N","advancePollNumber":"605","sourceCode":"77-0","geometryPollNumbers":["77"],"code":"12009-77","resultPollNumbers":["77"],"resultStatus":"exact","result":{"electors":446,"voters":178,"totalVotes":176,"rejected":2,"turnout":39.91031390134529,"winnerId":"braedon-clark","winnerPartyId":"LIB","runnerUpId":"dave-carroll","runnerUpPartyId":"CPC","margin":27.27272727272727,"top":[{"id":"braedon-clark","name":"Braedon Clark","shortName":"Clark","partyId":"LIB","votes":107,"share":60.79545454545454},{"id":"dave-carroll","name":"Dave Carroll","shortName":"Carroll","partyId":"CPC","votes":59,"share":33.52272727272727},{"id":"isaac-wilson","name":"Isaac Wilson","shortName":"Wilson","partyId":"NDP","votes":8,"share":4.545454545454546},{"id":"andre-anderson","name":"Andre Anderson","shortName":"Anderson","partyId":"GRN","votes":2,"share":1.1363636363636365}],"partyVotes":{"LIB":107,"CPC":59,"BQ":0,"NDP":8,"GRN":2,"PPC":0,"OTH":0}}},"geometry":{"type":"Polygon","coordinates":[[[719.09,133.22],[719.11,133.21],[719.1,133.19],[719.11,133.17],[719.12,133.17],[719.13,133.17],[719.13,133.17],[719.13,133.18],[719.13,133.2],[719.13,133.2],[719.14,133.21],[719.14,133.22],[719.13,133.23],[719.13,133.21],[719.12,133.21],[719.1,133.22],[719.11,133.23],[719.1,133.23],[719.09,133.23],[719.09,133.23],[719.09,133.22],[719.07,133.22],[719.07,133.22],[719.09,133.22]]]}},{"type":"Feature","id":"12009-78","properties":{"ridingCode":"12009","pollNumber":"78","pollType":"N","advancePollNumber":"604","sourceCode":"78-0","geometryPollNumbers":["78"],"code":"12009-78","resultPollNumbers":["78"],"resultStatus":"exact","result":{"electors":333,"voters":88,"totalVotes":88,"rejected":0,"turnout":26.426426426426424,"winnerId":"braedon-clark","winnerPartyId":"LIB","runnerUpId":"dave-carroll","runnerUpPartyId":"CPC","margin":19.318181818181817,"top":[{"id":"braedon-clark","name":"Braedon Clark","shortName":"Clark","partyId":"LIB","votes":49,"share":55.68181818181818},{"id":"dave-carroll","name":"Dave Carroll","shortName":"Carroll","partyId":"CPC","votes":32,"share":36.36363636363637},{"id":"isaac-wilson","name":"Isaac Wilson","shortName":"Wilson","partyId":"NDP","votes":4,"share":4.545454545454546},{"id":"andre-anderson","name":"Andre Anderson","shortName":"Anderson","partyId":"GRN","votes":2,"share":2.272727272727273}],"partyVotes":{"LIB":49,"CPC":32,"BQ":0,"NDP":4,"GRN":2,"PPC":1,"OTH":0}}},"geometry":{"type":"Polygon","coordinates":[[[719.46,133.19],[719.49,133.18],[719.5,133.22],[719.5,133.22],[719.51,133.24],[719.52,133.25],[719.51,133.26],[719.52,133.29],[719.53,133.3],[719.54,133.33],[719.54,133.34],[719.51,133.35],[719.48,133.36],[719.45,133.37],[719.45,133.35],[719.42,133.35],[719.41,133.36],[719.4,133.35],[719.4,133.34],[719.4,133.32],[719.4,133.31],[719.39,133.31],[719.37,133.31],[719.35,133.31],[719.35,133.3],[719.32,133.29],[719.26,133.29],[719.25,133.26],[719.32,133.24],[719.31,133.22],[719.32,133.22],[719.33,133.21],[719.35,133.21],[719.35,133.21],[719.36,133.21],[719.37,133.2],[719.37,133.19],[719.36,133.19],[719.36,133.18],[719.37,133.18],[719.4,133.16],[719.41,133.16],[719.43,133.16],[719.44,133.16],[719.45,133.17],[719.46,133.19]]]}},{"type":"Feature","id":"12009-79","properties":{"ridingCode":"12009","pollNumber":"79","pollType":"N","advancePollNumber":"604","sourceCode":"79-0","geometryPollNumbers":["79"],"code":"12009-79","resultPollNumbers":["79"],"resultStatus":"exact","result":{"electors":503,"voters":159,"totalVotes":157,"rejected":2,"turnout":31.610337972166995,"winnerId":"braedon-clark","winnerPartyId":"LIB","runnerUpId":"dave-carroll","runnerUpPartyId":"CPC","margin":24.203821656050955,"top":[{"id":"braedon-clark","name":"Braedon Clark","shortName":"Clark","partyId":"LIB","votes":89,"share":56.68789808917197},{"id":"dave-carroll","name":"Dave Carroll","shortName":"Carroll","partyId":"CPC","votes":51,"share":32.48407643312102},{"id":"isaac-wilson","name":"Isaac Wilson","shortName":"Wilson","partyId":"NDP","votes":15,"share":9.554140127388536},{"id":"andre-anderson","name":"Andre Anderson","shortName":"Anderson","partyId":"GRN","votes":1,"share":0.6369426751592357}],"partyVotes":{"LIB":89,"CPC":51,"BQ":0,"NDP":15,"GRN":1,"PPC":1,"OTH":0}}},"geometry":{"type":"Polygon","coordinates":[[[719.28,133.21],[719.28,133.2],[719.28,133.2],[719.29,133.2],[719.3,133.19],[719.31,133.19],[719.31,133.22],[719.32,133.24],[719.25,133.26],[719.24,133.22],[719.24,133.21],[719.24,133.2],[719.25,133.21],[719.26,133.2],[719.27,133.2],[719.28,133.21]]]}},{"type":"Feature","id":"12009-80","properties":{"ridingCode":"12009","pollNumber":"80","pollType":"N","advancePollNumber":"604","sourceCode":"80-0","geometryPollNumbers":["80"],"code":"12009-80","resultPollNumbers":["80"],"resultStatus":"exact","result":{"electors":354,"voters":82,"totalVotes":81,"rejected":1,"turnout":23.163841807909606,"winnerId":"braedon-clark","winnerPartyId":"LIB","runnerUpId":"dave-carroll","runnerUpPartyId":"CPC","margin":35.80246913580247,"top":[{"id":"braedon-clark","name":"Braedon Clark","shortName":"Clark","partyId":"LIB","votes":51,"share":62.96296296296296},{"id":"dave-carroll","name":"Dave Carroll","shortName":"Carroll","partyId":"CPC","votes":22,"share":27.160493827160494},{"id":"ryan-slaney","name":"Ryan Slaney","shortName":"Slaney","partyId":"PPC","votes":4,"share":4.938271604938271},{"id":"isaac-wilson","name":"Isaac Wilson","shortName":"Wilson","partyId":"NDP","votes":3,"share":3.7037037037037033}],"partyVotes":{"LIB":51,"CPC":22,"BQ":0,"NDP":3,"GRN":1,"PPC":4,"OTH":0}}},"geometry":{"type":"Polygon","coordinates":[[[719.31,133.19],[719.3,133.19],[719.29,133.19],[719.28,133.19],[719.28,133.18],[719.26,133.17],[719.27,133.16],[719.29,133.16],[719.3,133.16],[719.35,133.16],[719.39,133.13],[719.42,133.12],[719.46,133.16],[719.46,133.17],[719.47,133.17],[719.47,133.18],[719.49,133.18],[719.49,133.17],[719.49,133.18],[719.46,133.19],[719.45,133.17],[719.44,133.16],[719.43,133.16],[719.41,133.16],[719.4,133.16],[719.37,133.18],[719.36,133.18],[719.36,133.19],[719.37,133.19],[719.37,133.2],[719.36,133.21],[719.35,133.21],[719.35,133.21],[719.33,133.21],[719.32,133.22],[719.31,133.22],[719.31,133.19]]]}},{"type":"Feature","id":"12009-81A+81B","properties":{"ridingCode":"12009","pollNumber":"81A+81B","pollType":"N","advancePollNumber":"607","sourceCode":"81-0","geometryPollNumbers":["81"],"code":"12009-81A+81B","resultPollNumbers":["81A","81B"],"resultStatus":"resolved-suffix","result":{"electors":597,"voters":222,"totalVotes":222,"rejected":0,"turnout":37.185929648241206,"winnerId":"braedon-clark","winnerPartyId":"LIB","runnerUpId":"dave-carroll","runnerUpPartyId":"CPC","margin":10.36036036036036,"top":[{"id":"braedon-clark","name":"Braedon Clark","shortName":"Clark","partyId":"LIB","votes":114,"share":51.35135135135135},{"id":"dave-carroll","name":"Dave Carroll","shortName":"Carroll","partyId":"CPC","votes":91,"share":40.99099099099099},{"id":"isaac-wilson","name":"Isaac Wilson","shortName":"Wilson","partyId":"NDP","votes":11,"share":4.954954954954955},{"id":"ryan-slaney","name":"Ryan Slaney","shortName":"Slaney","partyId":"PPC","votes":4,"share":1.8018018018018018}],"partyVotes":{"LIB":114,"CPC":91,"BQ":0,"NDP":11,"GRN":2,"PPC":4,"OTH":0}}},"geometry":{"type":"Polygon","coordinates":[[[718.87,133.15],[718.87,133.14],[718.87,133.12],[718.88,133.12],[718.9,133.14],[718.89,133.17],[718.9,133.19],[718.93,133.18],[718.93,133.19],[718.92,133.2],[718.92,133.2],[718.91,133.23],[718.92,133.24],[718.92,133.24],[718.92,133.24],[718.93,133.24],[718.94,133.24],[718.95,133.24],[718.96,133.24],[718.96,133.24],[718.97,133.24],[718.97,133.24],[718.98,133.24],[718.98,133.24],[718.98,133.23],[718.99,133.24],[718.99,133.24],[719,133.23],[719,133.22],[719,133.22],[719.03,133.22],[719.02,133.23],[719.01,133.24],[719,133.31],[718.95,133.36],[718.86,133.31],[718.85,133.31],[718.85,133.29],[718.85,133.17],[718.85,133.16],[718.85,133.15],[718.85,133.16],[718.86,133.16],[718.86,133.15],[718.87,133.15],[718.87,133.15],[718.87,133.15]]]}},{"type":"Feature","id":"12009-82","properties":{"ridingCode":"12009","pollNumber":"82","pollType":"N","advancePollNumber":"606","sourceCode":"82-0","geometryPollNumbers":["82"],"code":"12009-82","resultPollNumbers":["82"],"resultStatus":"exact","result":{"electors":400,"voters":114,"totalVotes":114,"rejected":0,"turnout":28.499999999999996,"winnerId":"braedon-clark","winnerPartyId":"LIB","runnerUpId":"dave-carroll","runnerUpPartyId":"CPC","margin":21.052631578947366,"top":[{"id":"braedon-clark","name":"Braedon Clark","shortName":"Clark","partyId":"LIB","votes":65,"share":57.01754385964912},{"id":"dave-carroll","name":"Dave Carroll","shortName":"Carroll","partyId":"CPC","votes":41,"share":35.96491228070175},{"id":"isaac-wilson","name":"Isaac Wilson","shortName":"Wilson","partyId":"NDP","votes":6,"share":5.263157894736842},{"id":"ryan-slaney","name":"Ryan Slaney","shortName":"Slaney","partyId":"PPC","votes":2,"share":1.7543859649122806}],"partyVotes":{"LIB":65,"CPC":41,"BQ":0,"NDP":6,"GRN":0,"PPC":2,"OTH":0}}},"geometry":{"type":"Polygon","coordinates":[[[718.98,133.16],[718.98,133.16],[718.98,133.16],[718.99,133.15],[719,133.17],[719.01,133.17],[719.01,133.16],[719.01,133.15],[719.02,133.14],[719.02,133.14],[719.02,133.16],[719.03,133.16],[719.03,133.17],[719.03,133.18],[719.03,133.19],[719.03,133.19],[719.03,133.19],[719.02,133.18],[719.01,133.18],[718.99,133.18],[718.99,133.19],[718.98,133.16]]]}},{"type":"Feature","id":"12009-83","properties":{"ridingCode":"12009","pollNumber":"83","pollType":"N","advancePollNumber":"606","sourceCode":"83-0","geometryPollNumbers":["83"],"code":"12009-83","resultPollNumbers":["83"],"resultStatus":"exact","result":{"electors":376,"voters":111,"totalVotes":111,"rejected":0,"turnout":29.521276595744684,"winnerId":"braedon-clark","winnerPartyId":"LIB","runnerUpId":"dave-carroll","runnerUpPartyId":"CPC","margin":38.73873873873874,"top":[{"id":"braedon-clark","name":"Braedon Clark","shortName":"Clark","partyId":"LIB","votes":71,"share":63.96396396396396},{"id":"dave-carroll","name":"Dave Carroll","shortName":"Carroll","partyId":"CPC","votes":28,"share":25.225225225225223},{"id":"isaac-wilson","name":"Isaac Wilson","shortName":"Wilson","partyId":"NDP","votes":9,"share":8.108108108108109},{"id":"ryan-slaney","name":"Ryan Slaney","shortName":"Slaney","partyId":"PPC","votes":2,"share":1.8018018018018018}],"partyVotes":{"LIB":71,"CPC":28,"BQ":0,"NDP":9,"GRN":1,"PPC":2,"OTH":0}}},"geometry":{"type":"Polygon","coordinates":[[[718.95,133.18],[718.97,133.16],[718.97,133.15],[719.01,133.12],[719.03,133.13],[719.03,133.17],[719.03,133.19],[719.03,133.19],[719.03,133.18],[719.03,133.17],[719.03,133.16],[719.02,133.16],[719.02,133.14],[719.02,133.14],[719.01,133.15],[719.01,133.16],[719.01,133.17],[719,133.17],[718.99,133.15],[718.98,133.16],[718.98,133.16],[718.98,133.16],[718.99,133.19],[718.98,133.18],[718.96,133.19],[718.95,133.18]]]}},{"type":"Feature","id":"12009-84","properties":{"ridingCode":"12009","pollNumber":"84","pollType":"N","advancePollNumber":"606","sourceCode":"84-0","geometryPollNumbers":["84"],"code":"12009-84","resultPollNumbers":["84"],"resultStatus":"exact","result":{"electors":525,"voters":119,"totalVotes":118,"rejected":1,"turnout":22.666666666666664,"winnerId":"dave-carroll","winnerPartyId":"CPC","runnerUpId":"braedon-clark","runnerUpPartyId":"LIB","margin":7.627118644067797,"top":[{"id":"dave-carroll","name":"Dave Carroll","shortName":"Carroll","partyId":"CPC","votes":55,"share":46.61016949152542},{"id":"braedon-clark","name":"Braedon Clark","shortName":"Clark","partyId":"LIB","votes":46,"share":38.983050847457626},{"id":"isaac-wilson","name":"Isaac Wilson","shortName":"Wilson","partyId":"NDP","votes":13,"share":11.016949152542372},{"id":"ryan-slaney","name":"Ryan Slaney","shortName":"Slaney","partyId":"PPC","votes":3,"share":2.5423728813559325}],"partyVotes":{"LIB":46,"CPC":55,"BQ":0,"NDP":13,"GRN":1,"PPC":3,"OTH":0}}},"geometry":{"type":"Polygon","coordinates":[[[719.03,133.13],[719.04,133.13],[719.04,133.12],[719.04,133.11],[719.05,133.11],[719.06,133.11],[719.06,133.1],[719.07,133.1],[719.07,133.11],[719.06,133.11],[719.06,133.14],[719.06,133.14],[719.06,133.15],[719.06,133.17],[719.03,133.17],[719.03,133.13]]]}},{"type":"Feature","id":"12009-85","properties":{"ridingCode":"12009","pollNumber":"85","pollType":"N","advancePollNumber":"606","sourceCode":"85-0","geometryPollNumbers":["85"],"code":"12009-85","resultPollNumbers":["85"],"resultStatus":"exact","result":{"electors":507,"voters":180,"totalVotes":179,"rejected":1,"turnout":35.50295857988166,"winnerId":"braedon-clark","winnerPartyId":"LIB","runnerUpId":"dave-carroll","runnerUpPartyId":"CPC","margin":15.64245810055866,"top":[{"id":"braedon-clark","name":"Braedon Clark","shortName":"Clark","partyId":"LIB","votes":97,"share":54.18994413407822},{"id":"dave-carroll","name":"Dave Carroll","shortName":"Carroll","partyId":"CPC","votes":69,"share":38.547486033519554},{"id":"isaac-wilson","name":"Isaac Wilson","shortName":"Wilson","partyId":"NDP","votes":12,"share":6.70391061452514},{"id":"andre-anderson","name":"Andre Anderson","shortName":"Anderson","partyId":"GRN","votes":1,"share":0.5586592178770949}],"partyVotes":{"LIB":97,"CPC":69,"BQ":0,"NDP":12,"GRN":1,"PPC":0,"OTH":0}}},"geometry":{"type":"Polygon","coordinates":[[[718.94,133.16],[718.94,133.15],[718.93,133.16],[718.93,133.17],[718.93,133.17],[718.93,133.15],[718.92,133.14],[718.91,133.14],[718.91,133.13],[718.94,133.12],[718.96,133.08],[718.99,133.07],[718.99,133.07],[719,133.08],[719,133.08],[718.98,133.09],[718.97,133.12],[718.96,133.12],[718.95,133.12],[718.95,133.12],[718.94,133.13],[718.94,133.13],[718.95,133.14],[718.96,133.13],[718.96,133.14],[718.95,133.15],[718.95,133.16],[718.94,133.17],[718.94,133.16]]]}},{"type":"Feature","id":"12009-86","properties":{"ridingCode":"12009","pollNumber":"86","pollType":"N","advancePollNumber":"606","sourceCode":"86-0","geometryPollNumbers":["86"],"code":"12009-86","resultPollNumbers":["86"],"resultStatus":"exact","result":{"electors":438,"voters":172,"totalVotes":172,"rejected":0,"turnout":39.26940639269406,"winnerId":"braedon-clark","winnerPartyId":"LIB","runnerUpId":"dave-carroll","runnerUpPartyId":"CPC","margin":25.581395348837212,"top":[{"id":"braedon-clark","name":"Braedon Clark","shortName":"Clark","partyId":"LIB","votes":106,"share":61.627906976744185},{"id":"dave-carroll","name":"Dave Carroll","shortName":"Carroll","partyId":"CPC","votes":62,"share":36.04651162790697},{"id":"isaac-wilson","name":"Isaac Wilson","shortName":"Wilson","partyId":"NDP","votes":4,"share":2.3255813953488373},{"id":"andre-anderson","name":"Andre Anderson","shortName":"Anderson","partyId":"GRN","votes":0,"share":0}],"partyVotes":{"LIB":106,"CPC":62,"BQ":0,"NDP":4,"GRN":0,"PPC":0,"OTH":0}}},"geometry":{"type":"Polygon","coordinates":[[[718.95,133.14],[718.94,133.13],[718.94,133.13],[718.95,133.12],[718.95,133.12],[718.96,133.12],[718.97,133.12],[718.98,133.09],[719,133.08],[719,133.08],[718.99,133.07],[718.99,133.07],[718.99,133.07],[719.01,133.07],[719.03,133.08],[719.03,133.09],[719.04,133.1],[719.05,133.1],[719.06,133.1],[719.06,133.11],[719.05,133.11],[719.04,133.11],[719.04,133.12],[719.04,133.13],[719.03,133.13],[719.01,133.12],[718.97,133.15],[718.97,133.16],[718.95,133.18],[718.95,133.16],[718.95,133.15],[718.96,133.14],[718.96,133.13],[718.95,133.14]]]}},{"type":"Feature","id":"12009-87","properties":{"ridingCode":"12009","pollNumber":"87","pollType":"N","advancePollNumber":"606","sourceCode":"87-0","geometryPollNumbers":["87"],"code":"12009-87","resultPollNumbers":["87"],"resultStatus":"exact","result":{"electors":386,"voters":119,"totalVotes":119,"rejected":0,"turnout":30.82901554404145,"winnerId":"braedon-clark","winnerPartyId":"LIB","runnerUpId":"dave-carroll","runnerUpPartyId":"CPC","margin":16.80672268907563,"top":[{"id":"braedon-clark","name":"Braedon Clark","shortName":"Clark","partyId":"LIB","votes":67,"share":56.30252100840336},{"id":"dave-carroll","name":"Dave Carroll","shortName":"Carroll","partyId":"CPC","votes":47,"share":39.49579831932773},{"id":"isaac-wilson","name":"Isaac Wilson","shortName":"Wilson","partyId":"NDP","votes":3,"share":2.5210084033613445},{"id":"andre-anderson","name":"Andre Anderson","shortName":"Anderson","partyId":"GRN","votes":1,"share":0.8403361344537815}],"partyVotes":{"LIB":67,"CPC":47,"BQ":0,"NDP":3,"GRN":1,"PPC":1,"OTH":0}}},"geometry":{"type":"Polygon","coordinates":[[[718.87,133.08],[718.88,133.08],[718.88,133.08],[718.89,133.09],[718.89,133.11],[718.9,133.11],[718.91,133.1],[718.91,133.11],[718.91,133.12],[718.91,133.13],[718.9,133.14],[718.88,133.12],[718.87,133.12],[718.87,133.14],[718.87,133.15],[718.87,133.08]]]}},{"type":"Feature","id":"12009-88","properties":{"ridingCode":"12009","pollNumber":"88","pollType":"N","advancePollNumber":"606","sourceCode":"88-0","geometryPollNumbers":["88"],"code":"12009-88","resultPollNumbers":["88"],"resultStatus":"exact","result":{"electors":473,"voters":156,"totalVotes":155,"rejected":1,"turnout":32.98097251585624,"winnerId":"braedon-clark","winnerPartyId":"LIB","runnerUpId":"dave-carroll","runnerUpPartyId":"CPC","margin":18.70967741935484,"top":[{"id":"braedon-clark","name":"Braedon Clark","shortName":"Clark","partyId":"LIB","votes":87,"share":56.12903225806451},{"id":"dave-carroll","name":"Dave Carroll","shortName":"Carroll","partyId":"CPC","votes":58,"share":37.41935483870968},{"id":"isaac-wilson","name":"Isaac Wilson","shortName":"Wilson","partyId":"NDP","votes":6,"share":3.870967741935484},{"id":"andre-anderson","name":"Andre Anderson","shortName":"Anderson","partyId":"GRN","votes":2,"share":1.2903225806451613}],"partyVotes":{"LIB":87,"CPC":58,"BQ":0,"NDP":6,"GRN":2,"PPC":2,"OTH":0}}},"geometry":{"type":"Polygon","coordinates":[[[718.94,133.07],[718.95,133.06],[718.96,133.05],[718.97,133.05],[718.97,133.06],[718.98,133.07],[718.98,133.06],[719,133.06],[719.01,133.05],[719.01,133.06],[719.01,133.07],[719.01,133.07],[718.99,133.07],[718.99,133.07],[718.96,133.08],[718.94,133.12],[718.91,133.13],[718.91,133.13],[718.91,133.12],[718.91,133.11],[718.91,133.1],[718.9,133.11],[718.89,133.11],[718.89,133.11],[718.91,133.1],[718.92,133.09],[718.94,133.08],[718.94,133.07]]]}},{"type":"Feature","id":"12009-89","properties":{"ridingCode":"12009","pollNumber":"89","pollType":"N","advancePollNumber":"606","sourceCode":"89-0","geometryPollNumbers":["89"],"code":"12009-89","resultPollNumbers":["89"],"resultStatus":"exact","result":{"electors":421,"voters":155,"totalVotes":155,"rejected":0,"turnout":36.81710213776722,"winnerId":"braedon-clark","winnerPartyId":"LIB","runnerUpId":"dave-carroll","runnerUpPartyId":"CPC","margin":16.129032258064516,"top":[{"id":"braedon-clark","name":"Braedon Clark","shortName":"Clark","partyId":"LIB","votes":85,"share":54.83870967741935},{"id":"dave-carroll","name":"Dave Carroll","shortName":"Carroll","partyId":"CPC","votes":60,"share":38.70967741935484},{"id":"isaac-wilson","name":"Isaac Wilson","shortName":"Wilson","partyId":"NDP","votes":7,"share":4.516129032258064},{"id":"andre-anderson","name":"Andre Anderson","shortName":"Anderson","partyId":"GRN","votes":2,"share":1.2903225806451613}],"partyVotes":{"LIB":85,"CPC":60,"BQ":0,"NDP":7,"GRN":2,"PPC":1,"OTH":0}}},"geometry":{"type":"Polygon","coordinates":[[[718.91,133.23],[718.92,133.2],[718.94,133.19],[718.95,133.18],[718.96,133.19],[718.98,133.18],[718.99,133.19],[718.97,133.2],[718.96,133.19],[718.96,133.2],[718.96,133.22],[718.96,133.24],[718.95,133.24],[718.94,133.24],[718.93,133.24],[718.92,133.24],[718.92,133.24],[718.92,133.24],[718.91,133.23]]]}},{"type":"Feature","id":"12009-90","properties":{"ridingCode":"12009","pollNumber":"90","pollType":"N","advancePollNumber":"606","sourceCode":"90-0","geometryPollNumbers":["90"],"code":"12009-90","resultPollNumbers":["90"],"resultStatus":"exact","result":{"electors":413,"voters":150,"totalVotes":149,"rejected":1,"turnout":36.31961259079903,"winnerId":"braedon-clark","winnerPartyId":"LIB","runnerUpId":"dave-carroll","runnerUpPartyId":"CPC","margin":26.174496644295303,"top":[{"id":"braedon-clark","name":"Braedon Clark","shortName":"Clark","partyId":"LIB","votes":90,"share":60.40268456375839},{"id":"dave-carroll","name":"Dave Carroll","shortName":"Carroll","partyId":"CPC","votes":51,"share":34.22818791946309},{"id":"isaac-wilson","name":"Isaac Wilson","shortName":"Wilson","partyId":"NDP","votes":7,"share":4.697986577181208},{"id":"ryan-slaney","name":"Ryan Slaney","shortName":"Slaney","partyId":"PPC","votes":1,"share":0.6711409395973155}],"partyVotes":{"LIB":90,"CPC":51,"BQ":0,"NDP":7,"GRN":0,"PPC":1,"OTH":0}}},"geometry":{"type":"Polygon","coordinates":[[[718.96,133.19],[718.97,133.2],[718.99,133.19],[718.99,133.18],[719.01,133.18],[719.01,133.18],[719.01,133.19],[719.01,133.2],[719.03,133.22],[719,133.22],[719,133.22],[719,133.23],[718.99,133.24],[718.99,133.24],[718.98,133.23],[718.98,133.24],[718.98,133.24],[718.97,133.24],[718.97,133.24],[718.96,133.24],[718.96,133.24],[718.96,133.22],[718.96,133.2],[718.96,133.19]]]}},{"type":"Feature","id":"12009-91","properties":{"ridingCode":"12009","pollNumber":"91","pollType":"N","advancePollNumber":"607","sourceCode":"91-0","geometryPollNumbers":["91"],"code":"12009-91","resultPollNumbers":["91"],"resultStatus":"exact","result":{"electors":451,"voters":176,"totalVotes":176,"rejected":0,"turnout":39.02439024390244,"winnerId":"braedon-clark","winnerPartyId":"LIB","runnerUpId":"dave-carroll","runnerUpPartyId":"CPC","margin":28.40909090909091,"top":[{"id":"braedon-clark","name":"Braedon Clark","shortName":"Clark","partyId":"LIB","votes":107,"share":60.79545454545454},{"id":"dave-carroll","name":"Dave Carroll","shortName":"Carroll","partyId":"CPC","votes":57,"share":32.38636363636363},{"id":"isaac-wilson","name":"Isaac Wilson","shortName":"Wilson","partyId":"NDP","votes":10,"share":5.681818181818182},{"id":"andre-anderson","name":"Andre Anderson","shortName":"Anderson","partyId":"GRN","votes":1,"share":0.5681818181818182}],"partyVotes":{"LIB":107,"CPC":57,"BQ":0,"NDP":10,"GRN":1,"PPC":1,"OTH":0}}},"geometry":{"type":"Polygon","coordinates":[[[718.91,133.14],[718.92,133.14],[718.93,133.15],[718.93,133.17],[718.93,133.17],[718.93,133.16],[718.94,133.15],[718.94,133.16],[718.94,133.17],[718.95,133.16],[718.95,133.18],[718.94,133.19],[718.92,133.2],[718.92,133.2],[718.93,133.19],[718.93,133.18],[718.9,133.19],[718.89,133.17],[718.9,133.14],[718.91,133.13],[718.91,133.13],[718.91,133.14]]]}},{"type":"Feature","id":"12009-92","properties":{"ridingCode":"12009","pollNumber":"92","pollType":"N","advancePollNumber":"604","sourceCode":"92-0","geometryPollNumbers":["92"],"code":"12009-92","resultPollNumbers":["92"],"resultStatus":"exact","result":{"electors":367,"voters":105,"totalVotes":104,"rejected":1,"turnout":28.610354223433244,"winnerId":"braedon-clark","winnerPartyId":"LIB","runnerUpId":"dave-carroll","runnerUpPartyId":"CPC","margin":35.57692307692308,"top":[{"id":"braedon-clark","name":"Braedon Clark","shortName":"Clark","partyId":"LIB","votes":63,"share":60.57692307692307},{"id":"dave-carroll","name":"Dave Carroll","shortName":"Carroll","partyId":"CPC","votes":26,"share":25},{"id":"andre-anderson","name":"Andre Anderson","shortName":"Anderson","partyId":"GRN","votes":6,"share":5.769230769230769},{"id":"isaac-wilson","name":"Isaac Wilson","shortName":"Wilson","partyId":"NDP","votes":6,"share":5.769230769230769}],"partyVotes":{"LIB":63,"CPC":26,"BQ":0,"NDP":6,"GRN":6,"PPC":3,"OTH":0}}},"geometry":{"type":"Polygon","coordinates":[[[719.17,133.2],[719.19,133.19],[719.2,133.2],[719.22,133.19],[719.22,133.2],[719.21,133.2],[719.21,133.2],[719.19,133.21],[719.19,133.22],[719.22,133.2],[719.23,133.21],[719.23,133.21],[719.24,133.21],[719.24,133.22],[719.25,133.26],[719.26,133.29],[719.27,133.3],[719.19,133.3],[719.18,133.29],[719.2,133.24],[719.18,133.21],[719.18,133.21],[719.17,133.2]]]}},{"type":"Feature","id":"12009-93","properties":{"ridingCode":"12009","pollNumber":"93","pollType":"N","advancePollNumber":"604","sourceCode":"93-0","geometryPollNumbers":["93"],"code":"12009-93","resultPollNumbers":["93"],"resultStatus":"exact","result":{"electors":404,"voters":104,"totalVotes":104,"rejected":0,"turnout":25.742574257425744,"winnerId":"braedon-clark","winnerPartyId":"LIB","runnerUpId":"dave-carroll","runnerUpPartyId":"CPC","margin":11.538461538461538,"top":[{"id":"braedon-clark","name":"Braedon Clark","shortName":"Clark","partyId":"LIB","votes":53,"share":50.96153846153846},{"id":"dave-carroll","name":"Dave Carroll","shortName":"Carroll","partyId":"CPC","votes":41,"share":39.42307692307692},{"id":"isaac-wilson","name":"Isaac Wilson","shortName":"Wilson","partyId":"NDP","votes":4,"share":3.8461538461538463},{"id":"andre-anderson","name":"Andre Anderson","shortName":"Anderson","partyId":"GRN","votes":3,"share":2.8846153846153846}],"partyVotes":{"LIB":53,"CPC":41,"BQ":0,"NDP":4,"GRN":3,"PPC":3,"OTH":0}}},"geometry":{"type":"Polygon","coordinates":[[[719.19,133.15],[719.19,133.16],[719.19,133.17],[719.18,133.18],[719.18,133.18],[719.18,133.19],[719.18,133.19],[719.19,133.18],[719.21,133.17],[719.22,133.18],[719.23,133.21],[719.23,133.21],[719.22,133.2],[719.19,133.22],[719.19,133.21],[719.21,133.2],[719.21,133.2],[719.22,133.2],[719.22,133.19],[719.2,133.2],[719.19,133.19],[719.17,133.2],[719.17,133.18],[719.17,133.17],[719.18,133.17],[719.19,133.15]]]}},{"type":"Feature","id":"12009-94","properties":{"ridingCode":"12009","pollNumber":"94","pollType":"N","advancePollNumber":"604","sourceCode":"94-0","geometryPollNumbers":["94"],"code":"12009-94","resultPollNumbers":["94"],"resultStatus":"exact","result":{"electors":404,"voters":112,"totalVotes":110,"rejected":2,"turnout":27.722772277227726,"winnerId":"braedon-clark","winnerPartyId":"LIB","runnerUpId":"dave-carroll","runnerUpPartyId":"CPC","margin":28.18181818181818,"top":[{"id":"braedon-clark","name":"Braedon Clark","shortName":"Clark","partyId":"LIB","votes":63,"share":57.27272727272727},{"id":"dave-carroll","name":"Dave Carroll","shortName":"Carroll","partyId":"CPC","votes":32,"share":29.09090909090909},{"id":"isaac-wilson","name":"Isaac Wilson","shortName":"Wilson","partyId":"NDP","votes":10,"share":9.090909090909092},{"id":"ryan-slaney","name":"Ryan Slaney","shortName":"Slaney","partyId":"PPC","votes":4,"share":3.6363636363636362}],"partyVotes":{"LIB":63,"CPC":32,"BQ":0,"NDP":10,"GRN":1,"PPC":4,"OTH":0}}},"geometry":{"type":"Polygon","coordinates":[[[719.24,133.21],[719.23,133.21],[719.22,133.18],[719.21,133.16],[719.22,133.15],[719.22,133.15],[719.22,133.16],[719.23,133.17],[719.24,133.17],[719.24,133.16],[719.23,133.16],[719.23,133.16],[719.25,133.16],[719.25,133.17],[719.26,133.17],[719.28,133.18],[719.28,133.19],[719.29,133.19],[719.3,133.19],[719.31,133.19],[719.3,133.19],[719.29,133.2],[719.28,133.2],[719.28,133.2],[719.28,133.21],[719.27,133.2],[719.26,133.2],[719.25,133.21],[719.24,133.2],[719.24,133.21]]]}},{"type":"Feature","id":"12009-95","properties":{"ridingCode":"12009","pollNumber":"95","pollType":"N","advancePollNumber":"604","sourceCode":"95-0","geometryPollNumbers":["95"],"code":"12009-95","resultPollNumbers":["95"],"resultStatus":"exact","result":{"electors":341,"voters":111,"totalVotes":110,"rejected":1,"turnout":32.55131964809384,"winnerId":"braedon-clark","winnerPartyId":"LIB","runnerUpId":"dave-carroll","runnerUpPartyId":"CPC","margin":13.636363636363635,"top":[{"id":"braedon-clark","name":"Braedon Clark","shortName":"Clark","partyId":"LIB","votes":58,"share":52.72727272727272},{"id":"dave-carroll","name":"Dave Carroll","shortName":"Carroll","partyId":"CPC","votes":43,"share":39.09090909090909},{"id":"isaac-wilson","name":"Isaac Wilson","shortName":"Wilson","partyId":"NDP","votes":8,"share":7.2727272727272725},{"id":"andre-anderson","name":"Andre Anderson","shortName":"Anderson","partyId":"GRN","votes":1,"share":0.9090909090909091}],"partyVotes":{"LIB":58,"CPC":43,"BQ":0,"NDP":8,"GRN":1,"PPC":0,"OTH":0}}},"geometry":{"type":"Polygon","coordinates":[[[719.19,133.17],[719.19,133.16],[719.19,133.15],[719.22,133.14],[719.24,133.14],[719.25,133.13],[719.27,133.11],[719.28,133.1],[719.3,133.1],[719.3,133.11],[719.3,133.16],[719.29,133.16],[719.27,133.16],[719.26,133.17],[719.25,133.17],[719.25,133.16],[719.23,133.16],[719.23,133.16],[719.24,133.16],[719.24,133.17],[719.23,133.17],[719.22,133.16],[719.22,133.15],[719.22,133.15],[719.21,133.16],[719.22,133.18],[719.21,133.17],[719.19,133.18],[719.18,133.19],[719.18,133.19],[719.18,133.18],[719.18,133.18],[719.19,133.17]]]}},{"type":"Feature","id":"12009-96","properties":{"ridingCode":"12009","pollNumber":"96","pollType":"N","advancePollNumber":"611","sourceCode":"96-0","geometryPollNumbers":["96"],"code":"12009-96","resultPollNumbers":["96"],"resultStatus":"exact","result":{"electors":391,"voters":180,"totalVotes":180,"rejected":0,"turnout":46.03580562659847,"winnerId":"braedon-clark","winnerPartyId":"LIB","runnerUpId":"dave-carroll","runnerUpPartyId":"CPC","margin":23.333333333333332,"top":[{"id":"braedon-clark","name":"Braedon Clark","shortName":"Clark","partyId":"LIB","votes":105,"share":58.333333333333336},{"id":"dave-carroll","name":"Dave Carroll","shortName":"Carroll","partyId":"CPC","votes":63,"share":35},{"id":"isaac-wilson","name":"Isaac Wilson","shortName":"Wilson","partyId":"NDP","votes":7,"share":3.888888888888889},{"id":"ryan-slaney","name":"Ryan Slaney","shortName":"Slaney","partyId":"PPC","votes":3,"share":1.6666666666666667}],"partyVotes":{"LIB":105,"CPC":63,"BQ":0,"NDP":7,"GRN":2,"PPC":3,"OTH":0}}},"geometry":{"type":"Polygon","coordinates":[[[719.52,133.29],[719.53,133.28],[719.54,133.26],[719.55,133.26],[719.54,133.28],[719.55,133.28],[719.56,133.29],[719.56,133.3],[719.57,133.29],[719.57,133.27],[719.57,133.26],[719.58,133.23],[719.58,133.2],[719.57,133.12],[719.57,133.12],[719.58,133.13],[719.58,133.13],[719.6,133.13],[719.65,133.17],[719.69,133.19],[719.69,133.2],[719.69,133.21],[719.68,133.22],[719.68,133.25],[719.68,133.29],[719.68,133.33],[719.67,133.34],[719.69,133.36],[719.64,133.39],[719.61,133.41],[719.6,133.42],[719.61,133.39],[719.61,133.37],[719.61,133.36],[719.58,133.3],[719.56,133.32],[719.54,133.34],[719.54,133.33],[719.53,133.3],[719.52,133.29]]]}},{"type":"Feature","id":"12009-97","properties":{"ridingCode":"12009","pollNumber":"97","pollType":"N","advancePollNumber":"611","sourceCode":"97-0","geometryPollNumbers":["97"],"code":"12009-97","resultPollNumbers":["97"],"resultStatus":"exact","result":{"electors":346,"voters":112,"totalVotes":111,"rejected":1,"turnout":32.369942196531795,"winnerId":"braedon-clark","winnerPartyId":"LIB","runnerUpId":"dave-carroll","runnerUpPartyId":"CPC","margin":9.90990990990991,"top":[{"id":"braedon-clark","name":"Braedon Clark","shortName":"Clark","partyId":"LIB","votes":58,"share":52.25225225225225},{"id":"dave-carroll","name":"Dave Carroll","shortName":"Carroll","partyId":"CPC","votes":47,"share":42.34234234234234},{"id":"isaac-wilson","name":"Isaac Wilson","shortName":"Wilson","partyId":"NDP","votes":5,"share":4.504504504504505},{"id":"andre-anderson","name":"Andre Anderson","shortName":"Anderson","partyId":"GRN","votes":1,"share":0.9009009009009009}],"partyVotes":{"LIB":58,"CPC":47,"BQ":0,"NDP":5,"GRN":1,"PPC":0,"OTH":0}}},"geometry":{"type":"Polygon","coordinates":[[[719.5,133.22],[719.49,133.18],[719.51,133.18],[719.52,133.18],[719.53,133.17],[719.52,133.16],[719.53,133.14],[719.52,133.07],[719.54,133.07],[719.56,133.07],[719.57,133.12],[719.58,133.2],[719.58,133.23],[719.57,133.26],[719.57,133.27],[719.57,133.29],[719.56,133.3],[719.56,133.29],[719.55,133.28],[719.54,133.28],[719.55,133.26],[719.54,133.26],[719.53,133.28],[719.52,133.29],[719.51,133.26],[719.52,133.25],[719.51,133.24],[719.5,133.22],[719.5,133.22]]]}},{"type":"Feature","id":"12009-98","properties":{"ridingCode":"12009","pollNumber":"98","pollType":"N","advancePollNumber":"611","sourceCode":"98-0","geometryPollNumbers":["98"],"code":"12009-98","resultPollNumbers":["98"],"resultStatus":"exact","result":{"electors":501,"voters":161,"totalVotes":161,"rejected":0,"turnout":32.13572854291417,"winnerId":"braedon-clark","winnerPartyId":"LIB","runnerUpId":"dave-carroll","runnerUpPartyId":"CPC","margin":10.559006211180124,"top":[{"id":"braedon-clark","name":"Braedon Clark","shortName":"Clark","partyId":"LIB","votes":81,"share":50.31055900621118},{"id":"dave-carroll","name":"Dave Carroll","shortName":"Carroll","partyId":"CPC","votes":64,"share":39.75155279503105},{"id":"isaac-wilson","name":"Isaac Wilson","shortName":"Wilson","partyId":"NDP","votes":11,"share":6.832298136645963},{"id":"ryan-slaney","name":"Ryan Slaney","shortName":"Slaney","partyId":"PPC","votes":5,"share":3.1055900621118013}],"partyVotes":{"LIB":81,"CPC":64,"BQ":0,"NDP":11,"GRN":0,"PPC":5,"OTH":0}}},"geometry":{"type":"Polygon","coordinates":[[[719.42,133.12],[719.43,133.1],[719.44,133.09],[719.44,133.09],[719.45,133.09],[719.46,133.09],[719.46,133.1],[719.47,133.09],[719.48,133.1],[719.48,133.1],[719.48,133.1],[719.48,133.1],[719.5,133.1],[719.51,133.08],[719.52,133.07],[719.53,133.14],[719.52,133.16],[719.53,133.17],[719.52,133.18],[719.51,133.18],[719.49,133.18],[719.49,133.17],[719.49,133.18],[719.47,133.18],[719.47,133.17],[719.46,133.17],[719.46,133.16],[719.42,133.12]]]}},{"type":"Feature","id":"12009-99","properties":{"ridingCode":"12009","pollNumber":"99","pollType":"N","advancePollNumber":"605","sourceCode":"99-0","geometryPollNumbers":["99"],"code":"12009-99","resultPollNumbers":["99"],"resultStatus":"exact","result":{"electors":349,"voters":100,"totalVotes":100,"rejected":0,"turnout":28.653295128939828,"winnerId":"braedon-clark","winnerPartyId":"LIB","runnerUpId":"dave-carroll","runnerUpPartyId":"CPC","margin":22,"top":[{"id":"braedon-clark","name":"Braedon Clark","shortName":"Clark","partyId":"LIB","votes":57,"share":56.99999999999999},{"id":"dave-carroll","name":"Dave Carroll","shortName":"Carroll","partyId":"CPC","votes":35,"share":35},{"id":"isaac-wilson","name":"Isaac Wilson","shortName":"Wilson","partyId":"NDP","votes":5,"share":5},{"id":"ryan-slaney","name":"Ryan Slaney","shortName":"Slaney","partyId":"PPC","votes":3,"share":3}],"partyVotes":{"LIB":57,"CPC":35,"BQ":0,"NDP":5,"GRN":0,"PPC":3,"OTH":0}}},"geometry":{"type":"Polygon","coordinates":[[[719.12,133.15],[719.14,133.14],[719.15,133.14],[719.15,133.13],[719.15,133.13],[719.15,133.12],[719.15,133.12],[719.15,133.11],[719.16,133.1],[719.16,133.11],[719.18,133.1],[719.18,133.09],[719.18,133.09],[719.19,133.09],[719.19,133.11],[719.19,133.15],[719.15,133.14],[719.13,133.14],[719.12,133.15]]]}},{"type":"Feature","id":"12009-100","properties":{"ridingCode":"12009","pollNumber":"100","pollType":"N","advancePollNumber":"605","sourceCode":"100-0","geometryPollNumbers":["100"],"code":"12009-100","resultPollNumbers":["100"],"resultStatus":"exact","result":{"electors":472,"voters":145,"totalVotes":144,"rejected":1,"turnout":30.720338983050848,"winnerId":"braedon-clark","winnerPartyId":"LIB","runnerUpId":"dave-carroll","runnerUpPartyId":"CPC","margin":26.38888888888889,"top":[{"id":"braedon-clark","name":"Braedon Clark","shortName":"Clark","partyId":"LIB","votes":86,"share":59.72222222222222},{"id":"dave-carroll","name":"Dave Carroll","shortName":"Carroll","partyId":"CPC","votes":48,"share":33.33333333333333},{"id":"isaac-wilson","name":"Isaac Wilson","shortName":"Wilson","partyId":"NDP","votes":7,"share":4.861111111111112},{"id":"ryan-slaney","name":"Ryan Slaney","shortName":"Slaney","partyId":"PPC","votes":2,"share":1.3888888888888888}],"partyVotes":{"LIB":86,"CPC":48,"BQ":0,"NDP":7,"GRN":1,"PPC":2,"OTH":0}}},"geometry":{"type":"Polygon","coordinates":[[[719.06,133.14],[719.06,133.11],[719.07,133.11],[719.07,133.1],[719.09,133.08],[719.11,133.07],[719.11,133.13],[719.1,133.13],[719.09,133.14],[719.09,133.14],[719.09,133.14],[719.07,133.15],[719.07,133.15],[719.06,133.15],[719.06,133.15],[719.06,133.14],[719.06,133.14]]]}},{"type":"Feature","id":"12009-101","properties":{"ridingCode":"12009","pollNumber":"101","pollType":"N","advancePollNumber":"605","sourceCode":"101-0","geometryPollNumbers":["101"],"code":"12009-101","resultPollNumbers":["101"],"resultStatus":"exact","result":{"electors":323,"voters":114,"totalVotes":112,"rejected":2,"turnout":35.294117647058826,"winnerId":"braedon-clark","winnerPartyId":"LIB","runnerUpId":"dave-carroll","runnerUpPartyId":"CPC","margin":17.857142857142858,"top":[{"id":"braedon-clark","name":"Braedon Clark","shortName":"Clark","partyId":"LIB","votes":58,"share":51.78571428571429},{"id":"dave-carroll","name":"Dave Carroll","shortName":"Carroll","partyId":"CPC","votes":38,"share":33.92857142857143},{"id":"isaac-wilson","name":"Isaac Wilson","shortName":"Wilson","partyId":"NDP","votes":13,"share":11.607142857142858},{"id":"andre-anderson","name":"Andre Anderson","shortName":"Anderson","partyId":"GRN","votes":2,"share":1.7857142857142856}],"partyVotes":{"LIB":58,"CPC":38,"BQ":0,"NDP":13,"GRN":2,"PPC":1,"OTH":0}}},"geometry":{"type":"Polygon","coordinates":[[[719.12,133.14],[719.14,133.11],[719.14,133.1],[719.15,133.09],[719.17,133.07],[719.18,133.04],[719.19,133.04],[719.19,133.07],[719.19,133.09],[719.18,133.09],[719.18,133.09],[719.18,133.1],[719.16,133.11],[719.16,133.1],[719.15,133.11],[719.15,133.12],[719.15,133.12],[719.15,133.13],[719.15,133.13],[719.15,133.14],[719.14,133.14],[719.12,133.15],[719.12,133.14]]]}},{"type":"Feature","id":"12009-102","properties":{"ridingCode":"12009","pollNumber":"102","pollType":"N","advancePollNumber":"605","sourceCode":"102-0","geometryPollNumbers":["102"],"code":"12009-102","resultPollNumbers":["102"],"resultStatus":"exact","result":{"electors":301,"voters":110,"totalVotes":108,"rejected":2,"turnout":36.544850498338874,"winnerId":"braedon-clark","winnerPartyId":"LIB","runnerUpId":"dave-carroll","runnerUpPartyId":"CPC","margin":5.555555555555555,"top":[{"id":"braedon-clark","name":"Braedon Clark","shortName":"Clark","partyId":"LIB","votes":55,"share":50.92592592592593},{"id":"dave-carroll","name":"Dave Carroll","shortName":"Carroll","partyId":"CPC","votes":49,"share":45.370370370370374},{"id":"andre-anderson","name":"Andre Anderson","shortName":"Anderson","partyId":"GRN","votes":3,"share":2.7777777777777777},{"id":"isaac-wilson","name":"Isaac Wilson","shortName":"Wilson","partyId":"NDP","votes":1,"share":0.9259259259259258}],"partyVotes":{"LIB":55,"CPC":49,"BQ":0,"NDP":1,"GRN":3,"PPC":0,"OTH":0}}},"geometry":{"type":"Polygon","coordinates":[[[719.11,133.07],[719.15,133.06],[719.13,133.03],[719.18,133.03],[719.19,133.03],[719.19,133.04],[719.18,133.04],[719.17,133.07],[719.15,133.09],[719.14,133.1],[719.14,133.11],[719.12,133.14],[719.12,133.15],[719.11,133.15],[719.11,133.13],[719.11,133.07]]]}},{"type":"Feature","id":"12009-103","properties":{"ridingCode":"12009","pollNumber":"103","pollType":"N","advancePollNumber":"604","sourceCode":"103-0","geometryPollNumbers":["103"],"code":"12009-103","resultPollNumbers":["103"],"resultStatus":"exact","result":{"electors":364,"voters":94,"totalVotes":94,"rejected":0,"turnout":25.82417582417583,"winnerId":"braedon-clark","winnerPartyId":"LIB","runnerUpId":"dave-carroll","runnerUpPartyId":"CPC","margin":12.76595744680851,"top":[{"id":"braedon-clark","name":"Braedon Clark","shortName":"Clark","partyId":"LIB","votes":49,"share":52.12765957446809},{"id":"dave-carroll","name":"Dave Carroll","shortName":"Carroll","partyId":"CPC","votes":37,"share":39.361702127659576},{"id":"isaac-wilson","name":"Isaac Wilson","shortName":"Wilson","partyId":"NDP","votes":8,"share":8.51063829787234},{"id":"andre-anderson","name":"Andre Anderson","shortName":"Anderson","partyId":"GRN","votes":0,"share":0}],"partyVotes":{"LIB":49,"CPC":37,"BQ":0,"NDP":8,"GRN":0,"PPC":0,"OTH":0}}},"geometry":{"type":"Polygon","coordinates":[[[719.35,133.1],[719.35,133.12],[719.38,133.11],[719.38,133.11],[719.38,133.1],[719.39,133.1],[719.39,133.11],[719.4,133.1],[719.41,133.1],[719.43,133.1],[719.42,133.12],[719.39,133.13],[719.35,133.16],[719.3,133.16],[719.3,133.11],[719.3,133.1],[719.32,133.1],[719.35,133.1]]]}},{"type":"Feature","id":"12009-104","properties":{"ridingCode":"12009","pollNumber":"104","pollType":"N","advancePollNumber":"610","sourceCode":"104-0","geometryPollNumbers":["104"],"code":"12009-104","resultPollNumbers":["104"],"resultStatus":"exact","result":{"electors":503,"voters":161,"totalVotes":160,"rejected":1,"turnout":32.007952286282304,"winnerId":"braedon-clark","winnerPartyId":"LIB","runnerUpId":"dave-carroll","runnerUpPartyId":"CPC","margin":10,"top":[{"id":"braedon-clark","name":"Braedon Clark","shortName":"Clark","partyId":"LIB","votes":79,"share":49.375},{"id":"dave-carroll","name":"Dave Carroll","shortName":"Carroll","partyId":"CPC","votes":63,"share":39.375},{"id":"isaac-wilson","name":"Isaac Wilson","shortName":"Wilson","partyId":"NDP","votes":17,"share":10.625},{"id":"ryan-slaney","name":"Ryan Slaney","shortName":"Slaney","partyId":"PPC","votes":1,"share":0.625}],"partyVotes":{"LIB":79,"CPC":63,"BQ":0,"NDP":17,"GRN":0,"PPC":1,"OTH":0}}},"geometry":{"type":"Polygon","coordinates":[[[719.35,133.1],[719.37,133.1],[719.38,133.09],[719.42,133.06],[719.44,133.05],[719.44,133.07],[719.46,133.07],[719.47,133.09],[719.46,133.1],[719.46,133.09],[719.45,133.09],[719.44,133.09],[719.44,133.09],[719.43,133.1],[719.41,133.1],[719.4,133.1],[719.39,133.11],[719.39,133.1],[719.38,133.1],[719.38,133.11],[719.38,133.11],[719.35,133.12],[719.35,133.1]]]}},{"type":"Feature","id":"12009-105","properties":{"ridingCode":"12009","pollNumber":"105","pollType":"N","advancePollNumber":"605","sourceCode":"105-0","geometryPollNumbers":["105"],"code":"12009-105","resultPollNumbers":["105"],"resultStatus":"exact","result":{"electors":372,"voters":116,"totalVotes":116,"rejected":0,"turnout":31.182795698924732,"winnerId":"braedon-clark","winnerPartyId":"LIB","runnerUpId":"dave-carroll","runnerUpPartyId":"CPC","margin":13.793103448275861,"top":[{"id":"braedon-clark","name":"Braedon Clark","shortName":"Clark","partyId":"LIB","votes":60,"share":51.724137931034484},{"id":"dave-carroll","name":"Dave Carroll","shortName":"Carroll","partyId":"CPC","votes":44,"share":37.93103448275862},{"id":"isaac-wilson","name":"Isaac Wilson","shortName":"Wilson","partyId":"NDP","votes":10,"share":8.620689655172415},{"id":"andre-anderson","name":"Andre Anderson","shortName":"Anderson","partyId":"GRN","votes":2,"share":1.7241379310344827}],"partyVotes":{"LIB":60,"CPC":44,"BQ":0,"NDP":10,"GRN":2,"PPC":0,"OTH":0}}},"geometry":{"type":"Polygon","coordinates":[[[719.19,133.15],[719.19,133.11],[719.21,133.11],[719.23,133.1],[719.24,133.1],[719.24,133.11],[719.24,133.12],[719.25,133.12],[719.24,133.11],[719.26,133.11],[719.27,133.11],[719.27,133.11],[719.25,133.13],[719.24,133.14],[719.22,133.14],[719.19,133.15]]]}},{"type":"Feature","id":"12009-106","properties":{"ridingCode":"12009","pollNumber":"106","pollType":"N","advancePollNumber":"610","sourceCode":"106-0","geometryPollNumbers":["106"],"code":"12009-106","resultPollNumbers":["106"],"resultStatus":"exact","result":{"electors":417,"voters":129,"totalVotes":128,"rejected":1,"turnout":30.935251798561154,"winnerId":"braedon-clark","winnerPartyId":"LIB","runnerUpId":"dave-carroll","runnerUpPartyId":"CPC","margin":21.09375,"top":[{"id":"braedon-clark","name":"Braedon Clark","shortName":"Clark","partyId":"LIB","votes":70,"share":54.6875},{"id":"dave-carroll","name":"Dave Carroll","shortName":"Carroll","partyId":"CPC","votes":43,"share":33.59375},{"id":"isaac-wilson","name":"Isaac Wilson","shortName":"Wilson","partyId":"NDP","votes":15,"share":11.71875},{"id":"andre-anderson","name":"Andre Anderson","shortName":"Anderson","partyId":"GRN","votes":0,"share":0}],"partyVotes":{"LIB":70,"CPC":43,"BQ":0,"NDP":15,"GRN":0,"PPC":0,"OTH":0}}},"geometry":{"type":"Polygon","coordinates":[[[719.26,133.08],[719.27,133.08],[719.28,133.07],[719.29,133.06],[719.3,133.05],[719.3,133.07],[719.31,133.07],[719.31,133.09],[719.32,133.09],[719.32,133.1],[719.3,133.1],[719.28,133.1],[719.27,133.11],[719.27,133.11],[719.26,133.1],[719.26,133.09],[719.26,133.08]]]}},{"type":"Feature","id":"12009-107","properties":{"ridingCode":"12009","pollNumber":"107","pollType":"N","advancePollNumber":"605","sourceCode":"107-0","geometryPollNumbers":["107"],"code":"12009-107","resultPollNumbers":["107"],"resultStatus":"exact","result":{"electors":348,"voters":121,"totalVotes":121,"rejected":0,"turnout":34.770114942528735,"winnerId":"braedon-clark","winnerPartyId":"LIB","runnerUpId":"dave-carroll","runnerUpPartyId":"CPC","margin":22.31404958677686,"top":[{"id":"braedon-clark","name":"Braedon Clark","shortName":"Clark","partyId":"LIB","votes":67,"share":55.371900826446286},{"id":"dave-carroll","name":"Dave Carroll","shortName":"Carroll","partyId":"CPC","votes":40,"share":33.057851239669425},{"id":"isaac-wilson","name":"Isaac Wilson","shortName":"Wilson","partyId":"NDP","votes":10,"share":8.264462809917356},{"id":"andre-anderson","name":"Andre Anderson","shortName":"Anderson","partyId":"GRN","votes":3,"share":2.479338842975207}],"partyVotes":{"LIB":67,"CPC":40,"BQ":0,"NDP":10,"GRN":3,"PPC":1,"OTH":0}}},"geometry":{"type":"Polygon","coordinates":[[[719.19,133.11],[719.19,133.09],[719.19,133.07],[719.19,133.04],[719.25,133.03],[719.25,133.04],[719.24,133.05],[719.24,133.06],[719.24,133.06],[719.24,133.07],[719.24,133.1],[719.24,133.1],[719.24,133.11],[719.25,133.12],[719.24,133.12],[719.24,133.11],[719.24,133.1],[719.23,133.1],[719.21,133.11],[719.19,133.11]]]}},{"type":"Feature","id":"12009-108","properties":{"ridingCode":"12009","pollNumber":"108","pollType":"N","advancePollNumber":"610","sourceCode":"108-0","geometryPollNumbers":["108"],"code":"12009-108","resultPollNumbers":["108"],"resultStatus":"exact","result":{"electors":493,"voters":171,"totalVotes":171,"rejected":0,"turnout":34.68559837728195,"winnerId":"braedon-clark","winnerPartyId":"LIB","runnerUpId":"dave-carroll","runnerUpPartyId":"CPC","margin":26.900584795321635,"top":[{"id":"braedon-clark","name":"Braedon Clark","shortName":"Clark","partyId":"LIB","votes":100,"share":58.47953216374269},{"id":"dave-carroll","name":"Dave Carroll","shortName":"Carroll","partyId":"CPC","votes":54,"share":31.57894736842105},{"id":"isaac-wilson","name":"Isaac Wilson","shortName":"Wilson","partyId":"NDP","votes":15,"share":8.771929824561402},{"id":"andre-anderson","name":"Andre Anderson","shortName":"Anderson","partyId":"GRN","votes":1,"share":0.5847953216374269}],"partyVotes":{"LIB":100,"CPC":54,"BQ":0,"NDP":15,"GRN":1,"PPC":1,"OTH":0}}},"geometry":{"type":"Polygon","coordinates":[[[719.26,133.08],[719.26,133.09],[719.26,133.1],[719.27,133.11],[719.26,133.11],[719.24,133.11],[719.24,133.1],[719.24,133.1],[719.24,133.07],[719.24,133.06],[719.24,133.06],[719.24,133.05],[719.25,133.06],[719.26,133.05],[719.3,133.04],[719.3,133.03],[719.3,133.05],[719.29,133.06],[719.28,133.07],[719.27,133.08],[719.26,133.08]]]}},{"type":"Feature","id":"12009-109","properties":{"ridingCode":"12009","pollNumber":"109","pollType":"N","advancePollNumber":"610","sourceCode":"109-0","geometryPollNumbers":["109"],"code":"12009-109","resultPollNumbers":["109"],"resultStatus":"exact","result":{"electors":440,"voters":144,"totalVotes":144,"rejected":0,"turnout":32.72727272727273,"winnerId":"braedon-clark","winnerPartyId":"LIB","runnerUpId":"dave-carroll","runnerUpPartyId":"CPC","margin":14.583333333333334,"top":[{"id":"braedon-clark","name":"Braedon Clark","shortName":"Clark","partyId":"LIB","votes":75,"share":52.083333333333336},{"id":"dave-carroll","name":"Dave Carroll","shortName":"Carroll","partyId":"CPC","votes":54,"share":37.5},{"id":"isaac-wilson","name":"Isaac Wilson","shortName":"Wilson","partyId":"NDP","votes":9,"share":6.25},{"id":"andre-anderson","name":"Andre Anderson","shortName":"Anderson","partyId":"GRN","votes":4,"share":2.7777777777777777}],"partyVotes":{"LIB":75,"CPC":54,"BQ":0,"NDP":9,"GRN":4,"PPC":2,"OTH":0}}},"geometry":{"type":"Polygon","coordinates":[[[719.3,133.03],[719.34,132.97],[719.41,132.97],[719.41,132.96],[719.43,132.97],[719.44,132.97],[719.41,132.99],[719.4,133],[719.39,133],[719.38,133.01],[719.35,133.01],[719.35,133.02],[719.35,133.04],[719.32,133.05],[719.3,133.05],[719.3,133.03]]]}},{"type":"Feature","id":"12009-110","properties":{"ridingCode":"12009","pollNumber":"110","pollType":"N","advancePollNumber":"606","sourceCode":"110-0","geometryPollNumbers":["110"],"code":"12009-110","resultPollNumbers":["110"],"resultStatus":"exact","result":{"electors":487,"voters":147,"totalVotes":147,"rejected":0,"turnout":30.184804928131413,"winnerId":"braedon-clark","winnerPartyId":"LIB","runnerUpId":"dave-carroll","runnerUpPartyId":"CPC","margin":36.734693877551024,"top":[{"id":"braedon-clark","name":"Braedon Clark","shortName":"Clark","partyId":"LIB","votes":94,"share":63.94557823129252},{"id":"dave-carroll","name":"Dave Carroll","shortName":"Carroll","partyId":"CPC","votes":40,"share":27.2108843537415},{"id":"isaac-wilson","name":"Isaac Wilson","shortName":"Wilson","partyId":"NDP","votes":9,"share":6.122448979591836},{"id":"andre-anderson","name":"Andre Anderson","shortName":"Anderson","partyId":"GRN","votes":3,"share":2.0408163265306123}],"partyVotes":{"LIB":94,"CPC":40,"BQ":0,"NDP":9,"GRN":3,"PPC":1,"OTH":0}}},"geometry":{"type":"Polygon","coordinates":[[[718.97,133.05],[718.98,133.05],[718.99,133.05],[719.01,133.05],[719.04,133.05],[719.05,133.05],[719.05,133.07],[719.06,133.07],[719.07,133.06],[719.08,133.06],[719.08,133.07],[719.09,133.08],[719.07,133.1],[719.06,133.1],[719.05,133.1],[719.04,133.1],[719.03,133.09],[719.03,133.08],[719.01,133.07],[719.01,133.07],[719.01,133.06],[719.01,133.05],[719,133.06],[718.98,133.06],[718.98,133.07],[718.97,133.06],[718.97,133.05]]]}},{"type":"Feature","id":"12009-111","properties":{"ridingCode":"12009","pollNumber":"111","pollType":"N","advancePollNumber":"606","sourceCode":"111-0","geometryPollNumbers":["111"],"code":"12009-111","resultPollNumbers":["111"],"resultStatus":"exact","result":{"electors":361,"voters":136,"totalVotes":136,"rejected":0,"turnout":37.67313019390582,"winnerId":"braedon-clark","winnerPartyId":"LIB","runnerUpId":"dave-carroll","runnerUpPartyId":"CPC","margin":22.794117647058822,"top":[{"id":"braedon-clark","name":"Braedon Clark","shortName":"Clark","partyId":"LIB","votes":76,"share":55.88235294117647},{"id":"dave-carroll","name":"Dave Carroll","shortName":"Carroll","partyId":"CPC","votes":45,"share":33.088235294117645},{"id":"isaac-wilson","name":"Isaac Wilson","shortName":"Wilson","partyId":"NDP","votes":11,"share":8.088235294117647},{"id":"ryan-slaney","name":"Ryan Slaney","shortName":"Slaney","partyId":"PPC","votes":3,"share":2.2058823529411766}],"partyVotes":{"LIB":76,"CPC":45,"BQ":0,"NDP":11,"GRN":1,"PPC":3,"OTH":0}}},"geometry":{"type":"Polygon","coordinates":[[[719.05,133.05],[719.08,133.03],[719.12,133.01],[719.13,133.01],[719.14,133],[719.14,133.01],[719.14,133.01],[719.14,133.02],[719.13,133.03],[719.15,133.06],[719.11,133.07],[719.09,133.08],[719.08,133.07],[719.08,133.06],[719.07,133.06],[719.06,133.07],[719.05,133.07],[719.05,133.05]]]}},{"type":"Feature","id":"12009-112","properties":{"ridingCode":"12009","pollNumber":"112","pollType":"N","advancePollNumber":"606","sourceCode":"112-0","geometryPollNumbers":["112"],"code":"12009-112","resultPollNumbers":["112"],"resultStatus":"exact","result":{"electors":560,"voters":187,"totalVotes":185,"rejected":2,"turnout":33.39285714285714,"winnerId":"braedon-clark","winnerPartyId":"LIB","runnerUpId":"dave-carroll","runnerUpPartyId":"CPC","margin":11.351351351351353,"top":[{"id":"braedon-clark","name":"Braedon Clark","shortName":"Clark","partyId":"LIB","votes":96,"share":51.891891891891895},{"id":"dave-carroll","name":"Dave Carroll","shortName":"Carroll","partyId":"CPC","votes":75,"share":40.54054054054054},{"id":"isaac-wilson","name":"Isaac Wilson","shortName":"Wilson","partyId":"NDP","votes":9,"share":4.864864864864865},{"id":"andre-anderson","name":"Andre Anderson","shortName":"Anderson","partyId":"GRN","votes":5,"share":2.7027027027027026}],"partyVotes":{"LIB":96,"CPC":75,"BQ":0,"NDP":9,"GRN":5,"PPC":0,"OTH":0}}},"geometry":{"type":"Polygon","coordinates":[[[719.04,133.05],[719.01,133.05],[718.99,133.05],[718.98,133.05],[718.97,133.05],[718.96,133.04],[718.96,133.03],[718.99,133.01],[719.02,133.01],[719.04,133.01],[719.11,132.97],[719.11,133.01],[719.12,133.01],[719.08,133.03],[719.05,133.05],[719.04,133.05]]]}},{"type":"Feature","id":"12009-113","properties":{"ridingCode":"12009","pollNumber":"113","pollType":"N","advancePollNumber":"610","sourceCode":"113-0","geometryPollNumbers":["113"],"code":"12009-113","resultPollNumbers":["113"],"resultStatus":"exact","result":{"electors":410,"voters":135,"totalVotes":134,"rejected":1,"turnout":32.926829268292686,"winnerId":"braedon-clark","winnerPartyId":"LIB","runnerUpId":"dave-carroll","runnerUpPartyId":"CPC","margin":17.91044776119403,"top":[{"id":"braedon-clark","name":"Braedon Clark","shortName":"Clark","partyId":"LIB","votes":73,"share":54.47761194029851},{"id":"dave-carroll","name":"Dave Carroll","shortName":"Carroll","partyId":"CPC","votes":49,"share":36.56716417910448},{"id":"isaac-wilson","name":"Isaac Wilson","shortName":"Wilson","partyId":"NDP","votes":10,"share":7.462686567164178},{"id":"andre-anderson","name":"Andre Anderson","shortName":"Anderson","partyId":"GRN","votes":2,"share":1.4925373134328357}],"partyVotes":{"LIB":73,"CPC":49,"BQ":0,"NDP":10,"GRN":2,"PPC":0,"OTH":0}}},"geometry":{"type":"Polygon","coordinates":[[[719.32,133.09],[719.34,133.08],[719.34,133.07],[719.35,133.08],[719.35,133.07],[719.35,133.06],[719.38,133.06],[719.4,133.06],[719.4,133.07],[719.38,133.08],[719.38,133.09],[719.37,133.1],[719.35,133.1],[719.32,133.1],[719.32,133.09]]]}},{"type":"Feature","id":"12009-114","properties":{"ridingCode":"12009","pollNumber":"114","pollType":"N","advancePollNumber":"610","sourceCode":"114-0","geometryPollNumbers":["114"],"code":"12009-114","resultPollNumbers":["114"],"resultStatus":"exact","result":{"electors":342,"voters":141,"totalVotes":141,"rejected":0,"turnout":41.228070175438596,"winnerId":"braedon-clark","winnerPartyId":"LIB","runnerUpId":"dave-carroll","runnerUpPartyId":"CPC","margin":5.673758865248227,"top":[{"id":"braedon-clark","name":"Braedon Clark","shortName":"Clark","partyId":"LIB","votes":69,"share":48.93617021276596},{"id":"dave-carroll","name":"Dave Carroll","shortName":"Carroll","partyId":"CPC","votes":61,"share":43.262411347517734},{"id":"isaac-wilson","name":"Isaac Wilson","shortName":"Wilson","partyId":"NDP","votes":9,"share":6.382978723404255},{"id":"andre-anderson","name":"Andre Anderson","shortName":"Anderson","partyId":"GRN","votes":2,"share":1.4184397163120568}],"partyVotes":{"LIB":69,"CPC":61,"BQ":0,"NDP":9,"GRN":2,"PPC":0,"OTH":0}}},"geometry":{"type":"Polygon","coordinates":[[[719.3,133.05],[719.32,133.05],[719.35,133.04],[719.35,133.06],[719.35,133.07],[719.35,133.08],[719.34,133.07],[719.34,133.08],[719.32,133.09],[719.31,133.09],[719.31,133.07],[719.3,133.07],[719.3,133.05]]]}},{"type":"Feature","id":"12009-115","properties":{"ridingCode":"12009","pollNumber":"115","pollType":"N","advancePollNumber":"610","sourceCode":"115-0","geometryPollNumbers":["115"],"code":"12009-115","resultPollNumbers":["115"],"resultStatus":"exact","result":{"electors":543,"voters":149,"totalVotes":149,"rejected":0,"turnout":27.440147329650095,"winnerId":"braedon-clark","winnerPartyId":"LIB","runnerUpId":"dave-carroll","runnerUpPartyId":"CPC","margin":19.463087248322147,"top":[{"id":"braedon-clark","name":"Braedon Clark","shortName":"Clark","partyId":"LIB","votes":81,"share":54.36241610738255},{"id":"dave-carroll","name":"Dave Carroll","shortName":"Carroll","partyId":"CPC","votes":52,"share":34.899328859060404},{"id":"isaac-wilson","name":"Isaac Wilson","shortName":"Wilson","partyId":"NDP","votes":13,"share":8.724832214765101},{"id":"ryan-slaney","name":"Ryan Slaney","shortName":"Slaney","partyId":"PPC","votes":2,"share":1.342281879194631}],"partyVotes":{"LIB":81,"CPC":52,"BQ":0,"NDP":13,"GRN":1,"PPC":2,"OTH":0}}},"geometry":{"type":"Polygon","coordinates":[[[719.35,133.01],[719.38,133.01],[719.39,133],[719.4,133],[719.41,133.01],[719.41,133.01],[719.41,133.02],[719.41,133.03],[719.4,133.04],[719.4,133.05],[719.39,133.05],[719.4,133.06],[719.38,133.06],[719.35,133.06],[719.35,133.04],[719.35,133.02],[719.35,133.01]]]}},{"type":"Feature","id":"12009-116","properties":{"ridingCode":"12009","pollNumber":"116","pollType":"N","advancePollNumber":"610","sourceCode":"116-0","geometryPollNumbers":["116"],"code":"12009-116","resultPollNumbers":["116"],"resultStatus":"exact","result":{"electors":413,"voters":101,"totalVotes":100,"rejected":1,"turnout":24.455205811138015,"winnerId":"braedon-clark","winnerPartyId":"LIB","runnerUpId":"dave-carroll","runnerUpPartyId":"CPC","margin":20,"top":[{"id":"braedon-clark","name":"Braedon Clark","shortName":"Clark","partyId":"LIB","votes":54,"share":54},{"id":"dave-carroll","name":"Dave Carroll","shortName":"Carroll","partyId":"CPC","votes":34,"share":34},{"id":"isaac-wilson","name":"Isaac Wilson","shortName":"Wilson","partyId":"NDP","votes":9,"share":9},{"id":"andre-anderson","name":"Andre Anderson","shortName":"Anderson","partyId":"GRN","votes":3,"share":3}],"partyVotes":{"LIB":54,"CPC":34,"BQ":0,"NDP":9,"GRN":3,"PPC":0,"OTH":0}}},"geometry":{"type":"Polygon","coordinates":[[[719.4,133.05],[719.4,133.04],[719.41,133.03],[719.41,133.02],[719.42,133.02],[719.44,133.01],[719.44,133.01],[719.45,133],[719.45,132.97],[719.44,132.97],[719.44,132.97],[719.43,132.97],[719.41,132.96],[719.41,132.96],[719.41,132.96],[719.49,132.94],[719.51,132.95],[719.5,132.95],[719.51,132.94],[719.53,132.94],[719.54,132.92],[719.54,132.96],[719.56,133.07],[719.54,133.07],[719.52,133.07],[719.51,133.08],[719.5,133.1],[719.48,133.1],[719.48,133.1],[719.48,133.1],[719.48,133.1],[719.47,133.09],[719.46,133.07],[719.44,133.07],[719.44,133.05],[719.42,133.06],[719.38,133.09],[719.38,133.08],[719.4,133.07],[719.4,133.06],[719.39,133.05],[719.4,133.05]],[[719.47,132.96],[719.47,132.96],[719.47,132.96],[719.47,132.96]]]}},{"type":"Feature","id":"12009-117","properties":{"ridingCode":"12009","pollNumber":"117","pollType":"N","advancePollNumber":"610","sourceCode":"117-0","geometryPollNumbers":["117"],"code":"12009-117","resultPollNumbers":["117"],"resultStatus":"exact","result":{"electors":434,"voters":89,"totalVotes":89,"rejected":0,"turnout":20.506912442396313,"winnerId":"braedon-clark","winnerPartyId":"LIB","runnerUpId":"dave-carroll","runnerUpPartyId":"CPC","margin":29.213483146067414,"top":[{"id":"braedon-clark","name":"Braedon Clark","shortName":"Clark","partyId":"LIB","votes":53,"share":59.55056179775281},{"id":"dave-carroll","name":"Dave Carroll","shortName":"Carroll","partyId":"CPC","votes":27,"share":30.337078651685395},{"id":"isaac-wilson","name":"Isaac Wilson","shortName":"Wilson","partyId":"NDP","votes":7,"share":7.865168539325842},{"id":"ryan-slaney","name":"Ryan Slaney","shortName":"Slaney","partyId":"PPC","votes":2,"share":2.247191011235955}],"partyVotes":{"LIB":53,"CPC":27,"BQ":0,"NDP":7,"GRN":0,"PPC":2,"OTH":0}}},"geometry":{"type":"Polygon","coordinates":[[[719.44,133.01],[719.44,133.01],[719.42,133.02],[719.41,133.02],[719.41,133.01],[719.41,133.01],[719.4,133],[719.41,132.99],[719.44,132.97],[719.44,132.97],[719.45,132.97],[719.45,133],[719.44,133.01]]]}},{"type":"Feature","id":"12009-118","properties":{"ridingCode":"12009","pollNumber":"118","pollType":"N","advancePollNumber":"605","sourceCode":"118-0","geometryPollNumbers":["118"],"code":"12009-118","resultPollNumbers":["118"],"resultStatus":"exact","result":{"electors":478,"voters":113,"totalVotes":112,"rejected":1,"turnout":23.640167364016737,"winnerId":"braedon-clark","winnerPartyId":"LIB","runnerUpId":"dave-carroll","runnerUpPartyId":"CPC","margin":8.035714285714286,"top":[{"id":"braedon-clark","name":"Braedon Clark","shortName":"Clark","partyId":"LIB","votes":55,"share":49.107142857142854},{"id":"dave-carroll","name":"Dave Carroll","shortName":"Carroll","partyId":"CPC","votes":46,"share":41.07142857142857},{"id":"isaac-wilson","name":"Isaac Wilson","shortName":"Wilson","partyId":"NDP","votes":9,"share":8.035714285714286},{"id":"ryan-slaney","name":"Ryan Slaney","shortName":"Slaney","partyId":"PPC","votes":2,"share":1.7857142857142856}],"partyVotes":{"LIB":55,"CPC":46,"BQ":0,"NDP":9,"GRN":0,"PPC":2,"OTH":0}}},"geometry":{"type":"Polygon","coordinates":[[[719.14,133.01],[719.15,133],[719.16,132.99],[719.18,132.99],[719.19,132.99],[719.2,133],[719.18,133],[719.17,133.01],[719.18,133.03],[719.13,133.03],[719.14,133.02],[719.14,133.01],[719.14,133.01]]]}},{"type":"Feature","id":"12009-119A+119B","properties":{"ridingCode":"12009","pollNumber":"119A+119B","pollType":"N","advancePollNumber":"605","sourceCode":"119-0","geometryPollNumbers":["119"],"code":"12009-119A+119B","resultPollNumbers":["119A","119B"],"resultStatus":"resolved-suffix","result":{"electors":573,"voters":151,"totalVotes":148,"rejected":3,"turnout":26.352530541012214,"winnerId":"braedon-clark","winnerPartyId":"LIB","runnerUpId":"dave-carroll","runnerUpPartyId":"CPC","margin":10.135135135135135,"top":[{"id":"braedon-clark","name":"Braedon Clark","shortName":"Clark","partyId":"LIB","votes":70,"share":47.2972972972973},{"id":"dave-carroll","name":"Dave Carroll","shortName":"Carroll","partyId":"CPC","votes":55,"share":37.16216216216216},{"id":"isaac-wilson","name":"Isaac Wilson","shortName":"Wilson","partyId":"NDP","votes":14,"share":9.45945945945946},{"id":"andre-anderson","name":"Andre Anderson","shortName":"Anderson","partyId":"GRN","votes":5,"share":3.3783783783783785}],"partyVotes":{"LIB":70,"CPC":55,"BQ":0,"NDP":14,"GRN":5,"PPC":4,"OTH":0}}},"geometry":{"type":"Polygon","coordinates":[[[719.23,132.98],[719.23,133],[719.23,133],[719.24,133.01],[719.24,133.02],[719.26,133.02],[719.26,133.02],[719.26,133.02],[719.25,133.03],[719.25,133.03],[719.19,133.04],[719.19,133.03],[719.18,133.03],[719.17,133.01],[719.18,133],[719.2,133],[719.21,132.99],[719.22,132.98],[719.23,132.98]]]}},{"type":"Feature","id":"12009-120","properties":{"ridingCode":"12009","pollNumber":"120","pollType":"N","advancePollNumber":"610","sourceCode":"120-0","geometryPollNumbers":["120"],"code":"12009-120","resultPollNumbers":["120"],"resultStatus":"exact","result":{"electors":534,"voters":133,"totalVotes":133,"rejected":0,"turnout":24.9063670411985,"winnerId":"braedon-clark","winnerPartyId":"LIB","runnerUpId":"dave-carroll","runnerUpPartyId":"CPC","margin":4.511278195488721,"top":[{"id":"braedon-clark","name":"Braedon Clark","shortName":"Clark","partyId":"LIB","votes":64,"share":48.1203007518797},{"id":"dave-carroll","name":"Dave Carroll","shortName":"Carroll","partyId":"CPC","votes":58,"share":43.609022556390975},{"id":"isaac-wilson","name":"Isaac Wilson","shortName":"Wilson","partyId":"NDP","votes":7,"share":5.263157894736842},{"id":"andre-anderson","name":"Andre Anderson","shortName":"Anderson","partyId":"GRN","votes":3,"share":2.2556390977443606}],"partyVotes":{"LIB":64,"CPC":58,"BQ":0,"NDP":7,"GRN":3,"PPC":1,"OTH":0}}},"geometry":{"type":"Polygon","coordinates":[[[719.23,132.98],[719.22,132.98],[719.21,132.99],[719.2,133],[719.2,132.99],[719.2,132.97],[719.22,132.97],[719.23,132.97],[719.23,132.97],[719.3,132.97],[719.29,132.97],[719.28,132.99],[719.27,132.99],[719.28,133],[719.28,133.03],[719.3,133.03],[719.3,133.04],[719.26,133.05],[719.25,133.06],[719.24,133.05],[719.25,133.04],[719.25,133.03],[719.25,133.03],[719.26,133.02],[719.26,133.02],[719.26,133.02],[719.24,133.02],[719.24,133.01],[719.23,133],[719.23,133],[719.23,132.98]]]}},{"type":"Feature","id":"12009-121","properties":{"ridingCode":"12009","pollNumber":"121","pollType":"N","advancePollNumber":"605","sourceCode":"121-0","geometryPollNumbers":["121"],"code":"12009-121","resultPollNumbers":["121"],"resultStatus":"exact","result":{"electors":527,"voters":137,"totalVotes":135,"rejected":2,"turnout":25.996204933586338,"winnerId":"braedon-clark","winnerPartyId":"LIB","runnerUpId":"dave-carroll","runnerUpPartyId":"CPC","margin":8.148148148148149,"top":[{"id":"braedon-clark","name":"Braedon Clark","shortName":"Clark","partyId":"LIB","votes":65,"share":48.148148148148145},{"id":"dave-carroll","name":"Dave Carroll","shortName":"Carroll","partyId":"CPC","votes":54,"share":40},{"id":"isaac-wilson","name":"Isaac Wilson","shortName":"Wilson","partyId":"NDP","votes":9,"share":6.666666666666667},{"id":"andre-anderson","name":"Andre Anderson","shortName":"Anderson","partyId":"GRN","votes":4,"share":2.9629629629629632}],"partyVotes":{"LIB":65,"CPC":54,"BQ":0,"NDP":9,"GRN":4,"PPC":3,"OTH":0}}},"geometry":{"type":"Polygon","coordinates":[[[719.11,133.01],[719.11,132.97],[719.13,132.97],[719.15,132.96],[719.23,132.97],[719.23,132.97],[719.22,132.97],[719.2,132.97],[719.2,132.99],[719.2,133],[719.19,132.99],[719.18,132.99],[719.16,132.99],[719.15,133],[719.14,133.01],[719.14,133],[719.13,133.01],[719.12,133.01],[719.11,133.01]]]}},{"type":"Feature","id":"12009-122A+122B","properties":{"ridingCode":"12009","pollNumber":"122A+122B","pollType":"N","advancePollNumber":"610","sourceCode":"122-0","geometryPollNumbers":["122"],"code":"12009-122A+122B","resultPollNumbers":["122A","122B"],"resultStatus":"resolved-suffix","result":{"electors":589,"voters":157,"totalVotes":156,"rejected":1,"turnout":26.6553480475382,"winnerId":"braedon-clark","winnerPartyId":"LIB","runnerUpId":"dave-carroll","runnerUpPartyId":"CPC","margin":3.205128205128205,"top":[{"id":"braedon-clark","name":"Braedon Clark","shortName":"Clark","partyId":"LIB","votes":73,"share":46.794871794871796},{"id":"dave-carroll","name":"Dave Carroll","shortName":"Carroll","partyId":"CPC","votes":68,"share":43.58974358974359},{"id":"isaac-wilson","name":"Isaac Wilson","shortName":"Wilson","partyId":"NDP","votes":11,"share":7.051282051282051},{"id":"andre-anderson","name":"Andre Anderson","shortName":"Anderson","partyId":"GRN","votes":3,"share":1.9230769230769231}],"partyVotes":{"LIB":73,"CPC":68,"BQ":0,"NDP":11,"GRN":3,"PPC":1,"OTH":0}}},"geometry":{"type":"Polygon","coordinates":[[[719.23,132.96],[719.24,132.89],[719.24,132.89],[719.25,132.89],[719.25,132.89],[719.25,132.89],[719.25,132.89],[719.25,132.9],[719.26,132.9],[719.27,132.89],[719.28,132.9],[719.28,132.9],[719.29,132.9],[719.3,132.9],[719.32,132.89],[719.35,132.9],[719.37,132.91],[719.38,132.91],[719.39,132.91],[719.39,132.92],[719.39,132.92],[719.39,132.93],[719.41,132.94],[719.41,132.95],[719.42,132.96],[719.41,132.96],[719.41,132.96],[719.41,132.96],[719.41,132.97],[719.34,132.97],[719.3,133.03],[719.28,133.03],[719.28,133],[719.27,132.99],[719.28,132.99],[719.29,132.97],[719.3,132.97],[719.31,132.96],[719.31,132.95],[719.3,132.95],[719.3,132.95],[719.28,132.96],[719.23,132.96]]]}},{"type":"Feature","id":"12009-123","properties":{"ridingCode":"12009","pollNumber":"123","pollType":"N","advancePollNumber":"610","sourceCode":"123-0","geometryPollNumbers":["123"],"code":"12009-123","resultPollNumbers":["123"],"resultStatus":"exact","result":{"electors":474,"voters":143,"totalVotes":143,"rejected":0,"turnout":30.168776371308013,"winnerId":"dave-carroll","winnerPartyId":"CPC","runnerUpId":"braedon-clark","runnerUpPartyId":"LIB","margin":1.3986013986013985,"top":[{"id":"dave-carroll","name":"Dave Carroll","shortName":"Carroll","partyId":"CPC","votes":62,"share":43.35664335664335},{"id":"braedon-clark","name":"Braedon Clark","shortName":"Clark","partyId":"LIB","votes":60,"share":41.95804195804196},{"id":"isaac-wilson","name":"Isaac Wilson","shortName":"Wilson","partyId":"NDP","votes":17,"share":11.888111888111888},{"id":"andre-anderson","name":"Andre Anderson","shortName":"Anderson","partyId":"GRN","votes":3,"share":2.097902097902098}],"partyVotes":{"LIB":60,"CPC":62,"BQ":0,"NDP":17,"GRN":3,"PPC":1,"OTH":0}}},"geometry":{"type":"Polygon","coordinates":[[[719.13,132.97],[719.12,132.94],[719.13,132.92],[719.13,132.91],[719.13,132.9],[719.13,132.9],[719.13,132.9],[719.13,132.89],[719.14,132.89],[719.16,132.89],[719.17,132.88],[719.18,132.88],[719.19,132.88],[719.21,132.88],[719.22,132.89],[719.22,132.88],[719.23,132.89],[719.24,132.89],[719.23,132.96],[719.28,132.96],[719.3,132.95],[719.3,132.95],[719.31,132.95],[719.31,132.96],[719.3,132.97],[719.23,132.97],[719.15,132.96],[719.13,132.97]]]}},{"type":"Feature","id":"12009-124","properties":{"ridingCode":"12009","pollNumber":"124","pollType":"N","advancePollNumber":"608","sourceCode":"124-0","geometryPollNumbers":["124"],"code":"12009-124","resultPollNumbers":["124"],"resultStatus":"exact","result":{"electors":316,"voters":126,"totalVotes":125,"rejected":1,"turnout":39.87341772151899,"winnerId":"braedon-clark","winnerPartyId":"LIB","runnerUpId":"dave-carroll","runnerUpPartyId":"CPC","margin":7.199999999999999,"top":[{"id":"braedon-clark","name":"Braedon Clark","shortName":"Clark","partyId":"LIB","votes":65,"share":52},{"id":"dave-carroll","name":"Dave Carroll","shortName":"Carroll","partyId":"CPC","votes":56,"share":44.800000000000004},{"id":"andre-anderson","name":"Andre Anderson","shortName":"Anderson","partyId":"GRN","votes":2,"share":1.6},{"id":"isaac-wilson","name":"Isaac Wilson","shortName":"Wilson","partyId":"NDP","votes":2,"share":1.6}],"partyVotes":{"LIB":65,"CPC":56,"BQ":0,"NDP":2,"GRN":2,"PPC":0,"OTH":0}}},"geometry":{"type":"Polygon","coordinates":[[[718.08,133.28],[718.08,133.27],[718.09,133.2],[718.09,133.13],[718.09,133.11],[718.11,133.07],[718.12,133.05],[718.49,132.83],[718.5,132.84],[718.51,132.85],[718.53,132.85],[718.54,132.85],[718.54,132.85],[718.54,132.86],[718.54,132.86],[718.54,132.87],[718.53,132.89],[718.53,132.89],[718.54,132.9],[718.54,132.9],[718.55,132.91],[718.59,132.96],[718.61,132.95],[718.62,132.95],[718.63,132.94],[718.65,132.95],[718.66,132.94],[718.67,132.93],[718.68,132.94],[718.68,132.95],[718.65,133],[718.65,133.03],[718.65,133.03],[718.66,133.04],[718.67,133.02],[718.68,133.01],[718.68,133.01],[718.71,133.02],[718.72,133.02],[718.74,133.01],[718.75,133.01],[718.78,133.01],[718.79,133.01],[718.81,133],[718.83,132.98],[718.85,132.97],[718.86,132.97],[718.86,133],[718.86,133.01],[718.87,133.01],[718.88,132.99],[718.89,132.99],[718.91,132.99],[718.93,132.99],[718.96,133],[718.99,133],[718.99,133.01],[718.99,133.01],[718.92,133.01],[718.9,133.01],[718.83,133.03],[718.62,133.09],[718.36,133.16],[718.08,133.28]]]}},{"type":"Feature","id":"12009-125","properties":{"ridingCode":"12009","pollNumber":"125","pollType":"N","advancePollNumber":"608","sourceCode":"125-0","geometryPollNumbers":["125"],"code":"12009-125","resultPollNumbers":["125"],"resultStatus":"exact","result":{"electors":399,"voters":140,"totalVotes":140,"rejected":0,"turnout":35.08771929824561,"winnerId":"braedon-clark","winnerPartyId":"LIB","runnerUpId":"dave-carroll","runnerUpPartyId":"CPC","margin":2.142857142857143,"top":[{"id":"braedon-clark","name":"Braedon Clark","shortName":"Clark","partyId":"LIB","votes":70,"share":50},{"id":"dave-carroll","name":"Dave Carroll","shortName":"Carroll","partyId":"CPC","votes":67,"share":47.85714285714286},{"id":"isaac-wilson","name":"Isaac Wilson","shortName":"Wilson","partyId":"NDP","votes":2,"share":1.4285714285714286},{"id":"ryan-slaney","name":"Ryan Slaney","shortName":"Slaney","partyId":"PPC","votes":1,"share":0.7142857142857143}],"partyVotes":{"LIB":70,"CPC":67,"BQ":0,"NDP":2,"GRN":0,"PPC":1,"OTH":0}}},"geometry":{"type":"Polygon","coordinates":[[[718.68,132.95],[718.68,132.94],[718.67,132.93],[718.68,132.92],[718.7,132.92],[718.73,132.92],[718.76,132.92],[718.77,132.9],[718.78,132.9],[718.79,132.9],[718.82,132.92],[718.83,132.95],[718.85,132.94],[718.86,132.94],[718.86,132.97],[718.85,132.97],[718.83,132.98],[718.81,133],[718.79,133.01],[718.78,133.01],[718.75,133.01],[718.74,133.01],[718.72,133.02],[718.71,133.02],[718.68,133.01],[718.68,133.01],[718.67,133.02],[718.66,133.04],[718.65,133.03],[718.65,133.03],[718.65,133],[718.68,132.95]]]}},{"type":"Feature","id":"12009-126","properties":{"ridingCode":"12009","pollNumber":"126","pollType":"N","advancePollNumber":"608","sourceCode":"126-0","geometryPollNumbers":["126"],"code":"12009-126","resultPollNumbers":["126"],"resultStatus":"exact","result":{"electors":207,"voters":53,"totalVotes":53,"rejected":0,"turnout":25.60386473429952,"winnerId":"braedon-clark","winnerPartyId":"LIB","runnerUpId":"dave-carroll","runnerUpPartyId":"CPC","margin":5.660377358490567,"top":[{"id":"braedon-clark","name":"Braedon Clark","shortName":"Clark","partyId":"LIB","votes":27,"share":50.943396226415096},{"id":"dave-carroll","name":"Dave Carroll","shortName":"Carroll","partyId":"CPC","votes":24,"share":45.28301886792453},{"id":"andre-anderson","name":"Andre Anderson","shortName":"Anderson","partyId":"GRN","votes":1,"share":1.8867924528301887},{"id":"isaac-wilson","name":"Isaac Wilson","shortName":"Wilson","partyId":"NDP","votes":1,"share":1.8867924528301887}],"partyVotes":{"LIB":27,"CPC":24,"BQ":0,"NDP":1,"GRN":1,"PPC":0,"OTH":0}}},"geometry":{"type":"Polygon","coordinates":[[[718.55,132.91],[718.54,132.9],[718.54,132.9],[718.53,132.89],[718.53,132.89],[718.54,132.87],[718.54,132.86],[718.55,132.86],[718.56,132.87],[718.57,132.89],[718.59,132.89],[718.6,132.88],[718.61,132.88],[718.63,132.88],[718.67,132.88],[718.7,132.87],[718.73,132.86],[718.74,132.85],[718.75,132.81],[718.74,132.8],[718.75,132.79],[718.75,132.78],[718.75,132.77],[718.75,132.76],[718.75,132.76],[718.76,132.74],[718.76,132.73],[718.76,132.73],[718.91,132.96],[718.87,132.98],[718.86,133],[718.87,133.01],[718.86,133.01],[718.86,133],[718.86,132.97],[718.86,132.94],[718.85,132.94],[718.83,132.95],[718.82,132.92],[718.79,132.9],[718.78,132.9],[718.77,132.9],[718.76,132.92],[718.73,132.92],[718.7,132.92],[718.68,132.92],[718.67,132.93],[718.66,132.94],[718.65,132.95],[718.63,132.94],[718.62,132.95],[718.61,132.95],[718.59,132.96],[718.55,132.91]]]}},{"type":"Feature","id":"12009-127","properties":{"ridingCode":"12009","pollNumber":"127","pollType":"N","advancePollNumber":"608","sourceCode":"127-0","geometryPollNumbers":["127"],"code":"12009-127","resultPollNumbers":["127"],"resultStatus":"exact","result":{"electors":307,"voters":110,"totalVotes":109,"rejected":1,"turnout":35.83061889250814,"winnerId":"braedon-clark","winnerPartyId":"LIB","runnerUpId":"dave-carroll","runnerUpPartyId":"CPC","margin":20.18348623853211,"top":[{"id":"braedon-clark","name":"Braedon Clark","shortName":"Clark","partyId":"LIB","votes":64,"share":58.71559633027523},{"id":"dave-carroll","name":"Dave Carroll","shortName":"Carroll","partyId":"CPC","votes":42,"share":38.53211009174312},{"id":"andre-anderson","name":"Andre Anderson","shortName":"Anderson","partyId":"GRN","votes":1,"share":0.9174311926605505},{"id":"ryan-slaney","name":"Ryan Slaney","shortName":"Slaney","partyId":"PPC","votes":1,"share":0.9174311926605505}],"partyVotes":{"LIB":64,"CPC":42,"BQ":0,"NDP":1,"GRN":1,"PPC":1,"OTH":0}}},"geometry":{"type":"Polygon","coordinates":[[[718.99,133.01],[718.99,133.01],[719,133],[719,132.99],[719,132.99],[718.99,132.97],[718.99,132.96],[718.99,132.95],[719,132.93],[719,132.87],[719.02,132.86],[719.03,132.86],[719.03,132.84],[719.06,132.83],[719.06,132.82],[719.06,132.73],[719.07,132.7],[719.16,132.7],[719.17,132.88],[719.16,132.89],[719.14,132.89],[719.13,132.89],[719.13,132.9],[719.13,132.9],[719.13,132.9],[719.13,132.91],[719.13,132.92],[719.12,132.94],[719.13,132.97],[719.11,132.97],[719.04,133.01],[719.02,133.01],[718.99,133.01]]]}},{"type":"Feature","id":"12009-128","properties":{"ridingCode":"12009","pollNumber":"128","pollType":"N","advancePollNumber":"608","sourceCode":"128-0","geometryPollNumbers":["128"],"code":"12009-128","resultPollNumbers":["128"],"resultStatus":"exact","result":{"electors":507,"voters":131,"totalVotes":131,"rejected":0,"turnout":25.83826429980276,"winnerId":"braedon-clark","winnerPartyId":"LIB","runnerUpId":"dave-carroll","runnerUpPartyId":"CPC","margin":5.343511450381679,"top":[{"id":"braedon-clark","name":"Braedon Clark","shortName":"Clark","partyId":"LIB","votes":66,"share":50.38167938931297},{"id":"dave-carroll","name":"Dave Carroll","shortName":"Carroll","partyId":"CPC","votes":59,"share":45.038167938931295},{"id":"isaac-wilson","name":"Isaac Wilson","shortName":"Wilson","partyId":"NDP","votes":5,"share":3.816793893129771},{"id":"andre-anderson","name":"Andre Anderson","shortName":"Anderson","partyId":"GRN","votes":1,"share":0.7633587786259541}],"partyVotes":{"LIB":66,"CPC":59,"BQ":0,"NDP":5,"GRN":1,"PPC":0,"OTH":0}}},"geometry":{"type":"Polygon","coordinates":[[[718.91,132.96],[718.76,132.73],[718.77,132.73],[718.77,132.73],[718.8,132.72],[718.84,132.71],[718.85,132.7],[718.86,132.7],[718.86,132.69],[718.85,132.69],[718.85,132.68],[718.84,132.67],[718.84,132.67],[718.85,132.66],[718.86,132.66],[718.87,132.64],[718.88,132.64],[718.88,132.62],[718.88,132.58],[718.9,132.57],[718.9,132.59],[718.91,132.59],[718.91,132.6],[718.91,132.65],[718.91,132.7],[718.92,132.72],[718.93,132.73],[718.94,132.72],[718.96,132.72],[718.96,132.73],[718.97,132.75],[718.99,132.78],[718.99,132.8],[719,132.87],[719,132.93],[718.99,132.95],[718.99,132.96],[718.99,132.97],[719,132.99],[719,132.99],[719,133],[718.99,133.01],[718.99,133],[718.96,133],[718.93,132.99],[718.91,132.99],[718.89,132.99],[718.88,132.99],[718.87,133.01],[718.86,133],[718.87,132.98],[718.91,132.96]]]}},{"type":"Feature","id":"12009-129","properties":{"ridingCode":"12009","pollNumber":"129","pollType":"N","advancePollNumber":"608","sourceCode":"129-0","geometryPollNumbers":["129"],"code":"12009-129","resultPollNumbers":["129"],"resultStatus":"exact","result":{"electors":370,"voters":77,"totalVotes":76,"rejected":1,"turnout":20.81081081081081,"winnerId":"braedon-clark","winnerPartyId":"LIB","runnerUpId":"dave-carroll","runnerUpPartyId":"CPC","margin":3.9473684210526314,"top":[{"id":"braedon-clark","name":"Braedon Clark","shortName":"Clark","partyId":"LIB","votes":34,"share":44.73684210526316},{"id":"dave-carroll","name":"Dave Carroll","shortName":"Carroll","partyId":"CPC","votes":31,"share":40.78947368421053},{"id":"isaac-wilson","name":"Isaac Wilson","shortName":"Wilson","partyId":"NDP","votes":11,"share":14.473684210526317},{"id":"andre-anderson","name":"Andre Anderson","shortName":"Anderson","partyId":"GRN","votes":0,"share":0}],"partyVotes":{"LIB":34,"CPC":31,"BQ":0,"NDP":11,"GRN":0,"PPC":0,"OTH":0}}},"geometry":{"type":"Polygon","coordinates":[[[718.95,132.65],[718.95,132.68],[718.95,132.69],[718.92,132.69],[718.92,132.65],[718.93,132.65],[718.95,132.65]]]}},{"type":"Feature","id":"12009-130","properties":{"ridingCode":"12009","pollNumber":"130","pollType":"N","advancePollNumber":"608","sourceCode":"130-0","geometryPollNumbers":["130"],"code":"12009-130","resultPollNumbers":["130"],"resultStatus":"exact","result":{"electors":298,"voters":92,"totalVotes":88,"rejected":4,"turnout":30.87248322147651,"winnerId":"braedon-clark","winnerPartyId":"LIB","runnerUpId":"dave-carroll","runnerUpPartyId":"CPC","margin":10.227272727272728,"top":[{"id":"braedon-clark","name":"Braedon Clark","shortName":"Clark","partyId":"LIB","votes":47,"share":53.40909090909091},{"id":"dave-carroll","name":"Dave Carroll","shortName":"Carroll","partyId":"CPC","votes":38,"share":43.18181818181818},{"id":"isaac-wilson","name":"Isaac Wilson","shortName":"Wilson","partyId":"NDP","votes":2,"share":2.272727272727273},{"id":"ryan-slaney","name":"Ryan Slaney","shortName":"Slaney","partyId":"PPC","votes":1,"share":1.1363636363636365}],"partyVotes":{"LIB":47,"CPC":38,"BQ":0,"NDP":2,"GRN":0,"PPC":1,"OTH":0}}},"geometry":{"type":"Polygon","coordinates":[[[718.9,132.57],[718.88,132.58],[718.92,132.52],[718.94,132.52],[719.04,132.49],[719.02,132.64],[719.06,132.65],[719.07,132.7],[719.06,132.73],[719.06,132.82],[719.06,132.83],[719.03,132.84],[719.03,132.86],[719.02,132.86],[719,132.87],[718.99,132.8],[718.99,132.78],[718.97,132.75],[718.96,132.73],[718.96,132.72],[718.94,132.72],[718.93,132.73],[718.92,132.72],[718.91,132.7],[718.91,132.65],[718.91,132.6],[718.91,132.59],[718.9,132.59],[718.9,132.57]],[[718.95,132.62],[718.95,132.61],[718.92,132.62],[718.92,132.65],[718.92,132.69],[718.95,132.69],[718.95,132.68],[718.95,132.65],[718.95,132.62]]]}},{"type":"Feature","id":"12009-131","properties":{"ridingCode":"12009","pollNumber":"131","pollType":"N","advancePollNumber":"608","sourceCode":"131-0","geometryPollNumbers":["131"],"code":"12009-131","resultPollNumbers":["131"],"resultStatus":"exact","result":{"electors":315,"voters":82,"totalVotes":82,"rejected":0,"turnout":26.031746031746035,"winnerId":"braedon-clark","winnerPartyId":"LIB","runnerUpId":"dave-carroll","runnerUpPartyId":"CPC","margin":25.609756097560975,"top":[{"id":"braedon-clark","name":"Braedon Clark","shortName":"Clark","partyId":"LIB","votes":51,"share":62.19512195121951},{"id":"dave-carroll","name":"Dave Carroll","shortName":"Carroll","partyId":"CPC","votes":30,"share":36.58536585365854},{"id":"isaac-wilson","name":"Isaac Wilson","shortName":"Wilson","partyId":"NDP","votes":1,"share":1.2195121951219512},{"id":"andre-anderson","name":"Andre Anderson","shortName":"Anderson","partyId":"GRN","votes":0,"share":0}],"partyVotes":{"LIB":51,"CPC":30,"BQ":0,"NDP":1,"GRN":0,"PPC":0,"OTH":0}}},"geometry":{"type":"Polygon","coordinates":[[[718.95,132.62],[718.95,132.65],[718.93,132.65],[718.92,132.65],[718.92,132.62],[718.95,132.61],[718.95,132.62]]]}},{"type":"Feature","id":"12009-132","properties":{"ridingCode":"12009","pollNumber":"132","pollType":"N","advancePollNumber":"614","sourceCode":"132-0","geometryPollNumbers":["132"],"code":"12009-132","resultPollNumbers":["132"],"resultStatus":"exact","result":{"electors":336,"voters":110,"totalVotes":109,"rejected":1,"turnout":32.73809523809524,"winnerId":"braedon-clark","winnerPartyId":"LIB","runnerUpId":"dave-carroll","runnerUpPartyId":"CPC","margin":19.26605504587156,"top":[{"id":"braedon-clark","name":"Braedon Clark","shortName":"Clark","partyId":"LIB","votes":61,"share":55.96330275229357},{"id":"dave-carroll","name":"Dave Carroll","shortName":"Carroll","partyId":"CPC","votes":40,"share":36.69724770642202},{"id":"andre-anderson","name":"Andre Anderson","shortName":"Anderson","partyId":"GRN","votes":4,"share":3.669724770642202},{"id":"isaac-wilson","name":"Isaac Wilson","shortName":"Wilson","partyId":"NDP","votes":4,"share":3.669724770642202}],"partyVotes":{"LIB":61,"CPC":40,"BQ":0,"NDP":4,"GRN":4,"PPC":0,"OTH":0}}},"geometry":{"type":"Polygon","coordinates":[[[719.6,132.86],[719.6,132.84],[719.6,132.82],[719.6,132.82],[719.6,132.8],[719.61,132.8],[719.62,132.81],[719.63,132.83],[719.64,132.87],[719.64,132.88],[719.63,132.89],[719.61,132.87],[719.6,132.87],[719.6,132.86]]]}},{"type":"Feature","id":"12009-133","properties":{"ridingCode":"12009","pollNumber":"133","pollType":"N","advancePollNumber":"609","sourceCode":"133-0","geometryPollNumbers":["133"],"code":"12009-133","resultPollNumbers":["133"],"resultStatus":"exact","result":{"electors":409,"voters":147,"totalVotes":147,"rejected":0,"turnout":35.94132029339853,"winnerId":"braedon-clark","winnerPartyId":"LIB","runnerUpId":"dave-carroll","runnerUpPartyId":"CPC","margin":12.244897959183673,"top":[{"id":"braedon-clark","name":"Braedon Clark","shortName":"Clark","partyId":"LIB","votes":79,"share":53.74149659863946},{"id":"dave-carroll","name":"Dave Carroll","shortName":"Carroll","partyId":"CPC","votes":61,"share":41.49659863945578},{"id":"isaac-wilson","name":"Isaac Wilson","shortName":"Wilson","partyId":"NDP","votes":7,"share":4.761904761904762},{"id":"andre-anderson","name":"Andre Anderson","shortName":"Anderson","partyId":"GRN","votes":0,"share":0}],"partyVotes":{"LIB":79,"CPC":61,"BQ":0,"NDP":7,"GRN":0,"PPC":0,"OTH":0}}},"geometry":{"type":"Polygon","coordinates":[[[718.58,132.58],[718.57,132.59],[718.57,132.62],[718.57,132.64],[718.57,132.66],[718.58,132.67],[718.57,132.69],[718.59,132.72],[718.59,132.75],[718.61,132.76],[718.61,132.76],[718.49,132.83],[718.12,133.05],[718.12,133.03],[718.12,132.99],[718.12,132.95],[718.1,132.92],[718.07,132.83],[718.07,132.71],[718.06,132.67],[718.51,132.54],[718.55,132.53],[718.57,132.52],[718.56,132.53],[718.57,132.57],[718.58,132.58]]]}},{"type":"Feature","id":"12009-134","properties":{"ridingCode":"12009","pollNumber":"134","pollType":"N","advancePollNumber":"614","sourceCode":"134-0","geometryPollNumbers":["134"],"code":"12009-134","resultPollNumbers":["134"],"resultStatus":"exact","result":{"electors":493,"voters":166,"totalVotes":165,"rejected":1,"turnout":33.67139959432049,"winnerId":"braedon-clark","winnerPartyId":"LIB","runnerUpId":"dave-carroll","runnerUpPartyId":"CPC","margin":49.696969696969695,"top":[{"id":"braedon-clark","name":"Braedon Clark","shortName":"Clark","partyId":"LIB","votes":120,"share":72.72727272727273},{"id":"dave-carroll","name":"Dave Carroll","shortName":"Carroll","partyId":"CPC","votes":38,"share":23.03030303030303},{"id":"ryan-slaney","name":"Ryan Slaney","shortName":"Slaney","partyId":"PPC","votes":3,"share":1.8181818181818181},{"id":"isaac-wilson","name":"Isaac Wilson","shortName":"Wilson","partyId":"NDP","votes":3,"share":1.8181818181818181}],"partyVotes":{"LIB":120,"CPC":38,"BQ":0,"NDP":3,"GRN":1,"PPC":3,"OTH":0}}},"geometry":{"type":"Polygon","coordinates":[[[719.65,132.74],[719.66,132.73],[719.66,132.72],[719.66,132.72],[719.67,132.72],[719.67,132.73],[719.68,132.74],[719.68,132.74],[719.69,132.75],[719.7,132.75],[719.7,132.75],[719.7,132.74],[719.71,132.74],[719.71,132.74],[719.72,132.76],[719.7,132.76],[719.7,132.77],[719.71,132.78],[719.71,132.79],[719.72,132.78],[719.73,132.78],[719.73,132.8],[719.7,132.81],[719.65,132.79],[719.65,132.77],[719.66,132.76],[719.66,132.76],[719.66,132.75],[719.66,132.74],[719.65,132.74]]]}},{"type":"Feature","id":"12009-135","properties":{"ridingCode":"12009","pollNumber":"135","pollType":"N","advancePollNumber":"614","sourceCode":"135-0","geometryPollNumbers":["135"],"code":"12009-135","resultPollNumbers":["135"],"resultStatus":"exact","result":{"electors":428,"voters":119,"totalVotes":119,"rejected":0,"turnout":27.80373831775701,"winnerId":"braedon-clark","winnerPartyId":"LIB","runnerUpId":"dave-carroll","runnerUpPartyId":"CPC","margin":32.773109243697476,"top":[{"id":"braedon-clark","name":"Braedon Clark","shortName":"Clark","partyId":"LIB","votes":76,"share":63.86554621848739},{"id":"dave-carroll","name":"Dave Carroll","shortName":"Carroll","partyId":"CPC","votes":37,"share":31.092436974789916},{"id":"isaac-wilson","name":"Isaac Wilson","shortName":"Wilson","partyId":"NDP","votes":3,"share":2.5210084033613445},{"id":"andre-anderson","name":"Andre Anderson","shortName":"Anderson","partyId":"GRN","votes":2,"share":1.680672268907563}],"partyVotes":{"LIB":76,"CPC":37,"BQ":0,"NDP":3,"GRN":2,"PPC":1,"OTH":0}}},"geometry":{"type":"Polygon","coordinates":[[[719.58,132.76],[719.58,132.76],[719.58,132.76],[719.6,132.74],[719.63,132.73],[719.64,132.73],[719.65,132.74],[719.65,132.74],[719.66,132.74],[719.66,132.75],[719.66,132.76],[719.66,132.76],[719.65,132.77],[719.65,132.79],[719.64,132.78],[719.63,132.78],[719.61,132.8],[719.6,132.8],[719.6,132.8],[719.58,132.78],[719.58,132.77],[719.58,132.76]]]}},{"type":"Feature","id":"12009-136","properties":{"ridingCode":"12009","pollNumber":"136","pollType":"N","advancePollNumber":"614","sourceCode":"136-0","geometryPollNumbers":["136"],"code":"12009-136","resultPollNumbers":["136"],"resultStatus":"exact","result":{"electors":460,"voters":133,"totalVotes":133,"rejected":0,"turnout":28.913043478260867,"winnerId":"braedon-clark","winnerPartyId":"LIB","runnerUpId":"dave-carroll","runnerUpPartyId":"CPC","margin":31.57894736842105,"top":[{"id":"braedon-clark","name":"Braedon Clark","shortName":"Clark","partyId":"LIB","votes":83,"share":62.40601503759399},{"id":"dave-carroll","name":"Dave Carroll","shortName":"Carroll","partyId":"CPC","votes":41,"share":30.82706766917293},{"id":"ryan-slaney","name":"Ryan Slaney","shortName":"Slaney","partyId":"PPC","votes":4,"share":3.007518796992481},{"id":"isaac-wilson","name":"Isaac Wilson","shortName":"Wilson","partyId":"NDP","votes":4,"share":3.007518796992481}],"partyVotes":{"LIB":83,"CPC":41,"BQ":0,"NDP":4,"GRN":1,"PPC":4,"OTH":0}}},"geometry":{"type":"Polygon","coordinates":[[[719.56,133.07],[719.54,132.96],[719.54,132.96],[719.57,132.95],[719.64,132.91],[719.64,132.91],[719.62,132.92],[719.62,132.92],[719.61,132.9],[719.6,132.9],[719.59,132.9],[719.58,132.9],[719.59,132.89],[719.59,132.89],[719.58,132.87],[719.59,132.86],[719.6,132.82],[719.6,132.84],[719.6,132.86],[719.6,132.87],[719.61,132.87],[719.63,132.89],[719.64,132.88],[719.66,132.94],[719.69,133.03],[719.7,133.07],[719.68,133.09],[719.68,133.1],[719.68,133.1],[719.68,133.1],[719.68,133.11],[719.68,133.11],[719.66,133.09],[719.66,133.1],[719.66,133.1],[719.66,133.1],[719.66,133.11],[719.67,133.11],[719.67,133.12],[719.67,133.13],[719.66,133.13],[719.67,133.13],[719.68,133.15],[719.66,133.14],[719.65,133.15],[719.65,133.15],[719.65,133.14],[719.64,133.13],[719.64,133.12],[719.63,133.12],[719.63,133.12],[719.63,133.13],[719.64,133.14],[719.64,133.14],[719.63,133.14],[719.62,133.13],[719.62,133.12],[719.62,133.12],[719.61,133.12],[719.6,133.12],[719.6,133.11],[719.59,133.11],[719.59,133.1],[719.58,133.11],[719.58,133.11],[719.59,133.12],[719.59,133.13],[719.59,133.13],[719.58,133.13],[719.57,133.12],[719.57,133.12],[719.56,133.07]]]}},{"type":"Feature","id":"12009-137","properties":{"ridingCode":"12009","pollNumber":"137","pollType":"N","advancePollNumber":"614","sourceCode":"137-0","geometryPollNumbers":["137"],"code":"12009-137","resultPollNumbers":["137"],"resultStatus":"exact","result":{"electors":356,"voters":122,"totalVotes":122,"rejected":0,"turnout":34.26966292134831,"winnerId":"braedon-clark","winnerPartyId":"LIB","runnerUpId":"dave-carroll","runnerUpPartyId":"CPC","margin":33.60655737704918,"top":[{"id":"braedon-clark","name":"Braedon Clark","shortName":"Clark","partyId":"LIB","votes":78,"share":63.934426229508205},{"id":"dave-carroll","name":"Dave Carroll","shortName":"Carroll","partyId":"CPC","votes":37,"share":30.327868852459016},{"id":"isaac-wilson","name":"Isaac Wilson","shortName":"Wilson","partyId":"NDP","votes":4,"share":3.278688524590164},{"id":"ryan-slaney","name":"Ryan Slaney","shortName":"Slaney","partyId":"PPC","votes":2,"share":1.639344262295082}],"partyVotes":{"LIB":78,"CPC":37,"BQ":0,"NDP":4,"GRN":1,"PPC":2,"OTH":0}}},"geometry":{"type":"Polygon","coordinates":[[[719.54,132.92],[719.58,132.87],[719.59,132.89],[719.59,132.89],[719.58,132.9],[719.59,132.9],[719.6,132.9],[719.61,132.9],[719.62,132.92],[719.62,132.92],[719.64,132.91],[719.64,132.91],[719.57,132.95],[719.54,132.96],[719.54,132.96],[719.54,132.92]]]}},{"type":"Feature","id":"12009-138","properties":{"ridingCode":"12009","pollNumber":"138","pollType":"N","advancePollNumber":"614","sourceCode":"138-0","geometryPollNumbers":["138"],"code":"12009-138","resultPollNumbers":["138"],"resultStatus":"exact","result":{"electors":369,"voters":137,"totalVotes":137,"rejected":0,"turnout":37.12737127371274,"winnerId":"braedon-clark","winnerPartyId":"LIB","runnerUpId":"dave-carroll","runnerUpPartyId":"CPC","margin":31.386861313868614,"top":[{"id":"braedon-clark","name":"Braedon Clark","shortName":"Clark","partyId":"LIB","votes":88,"share":64.23357664233576},{"id":"dave-carroll","name":"Dave Carroll","shortName":"Carroll","partyId":"CPC","votes":45,"share":32.846715328467155},{"id":"ryan-slaney","name":"Ryan Slaney","shortName":"Slaney","partyId":"PPC","votes":2,"share":1.4598540145985401},{"id":"isaac-wilson","name":"Isaac Wilson","shortName":"Wilson","partyId":"NDP","votes":2,"share":1.4598540145985401}],"partyVotes":{"LIB":88,"CPC":45,"BQ":0,"NDP":2,"GRN":0,"PPC":2,"OTH":0}}},"geometry":{"type":"Polygon","coordinates":[[[719.66,132.94],[719.64,132.88],[719.64,132.87],[719.66,132.88],[719.66,132.88],[719.67,132.87],[719.67,132.85],[719.67,132.81],[719.66,132.81],[719.66,132.8],[719.65,132.79],[719.64,132.78],[719.65,132.79],[719.7,132.81],[719.73,132.8],[719.73,132.81],[719.85,132.83],[719.87,132.87],[719.69,133.03],[719.66,132.94]]]}},{"type":"Feature","id":"12009-139","properties":{"ridingCode":"12009","pollNumber":"139","pollType":"N","advancePollNumber":"614","sourceCode":"139-0","geometryPollNumbers":["139"],"code":"12009-139","resultPollNumbers":["139"],"resultStatus":"exact","result":{"electors":476,"voters":126,"totalVotes":126,"rejected":0,"turnout":26.47058823529412,"winnerId":"braedon-clark","winnerPartyId":"LIB","runnerUpId":"dave-carroll","runnerUpPartyId":"CPC","margin":38.095238095238095,"top":[{"id":"braedon-clark","name":"Braedon Clark","shortName":"Clark","partyId":"LIB","votes":85,"share":67.46031746031747},{"id":"dave-carroll","name":"Dave Carroll","shortName":"Carroll","partyId":"CPC","votes":37,"share":29.365079365079367},{"id":"isaac-wilson","name":"Isaac Wilson","shortName":"Wilson","partyId":"NDP","votes":3,"share":2.380952380952381},{"id":"andre-anderson","name":"Andre Anderson","shortName":"Anderson","partyId":"GRN","votes":1,"share":0.7936507936507936}],"partyVotes":{"LIB":85,"CPC":37,"BQ":0,"NDP":3,"GRN":1,"PPC":0,"OTH":0}}},"geometry":{"type":"Polygon","coordinates":[[[719.61,132.8],[719.63,132.78],[719.64,132.78],[719.65,132.79],[719.66,132.8],[719.66,132.81],[719.67,132.81],[719.67,132.85],[719.67,132.87],[719.66,132.88],[719.66,132.88],[719.64,132.87],[719.63,132.83],[719.62,132.81],[719.61,132.8]]]}},{"type":"Feature","id":"12009-140","properties":{"ridingCode":"12009","pollNumber":"140","pollType":"N","advancePollNumber":"609","sourceCode":"140-0","geometryPollNumbers":["140"],"code":"12009-140","resultPollNumbers":["140"],"resultStatus":"exact","result":{"electors":303,"voters":101,"totalVotes":100,"rejected":1,"turnout":33.33333333333333,"winnerId":"braedon-clark","winnerPartyId":"LIB","runnerUpId":"dave-carroll","runnerUpPartyId":"CPC","margin":12,"top":[{"id":"braedon-clark","name":"Braedon Clark","shortName":"Clark","partyId":"LIB","votes":53,"share":53},{"id":"dave-carroll","name":"Dave Carroll","shortName":"Carroll","partyId":"CPC","votes":41,"share":41},{"id":"isaac-wilson","name":"Isaac Wilson","shortName":"Wilson","partyId":"NDP","votes":4,"share":4},{"id":"ryan-slaney","name":"Ryan Slaney","shortName":"Slaney","partyId":"PPC","votes":2,"share":2}],"partyVotes":{"LIB":53,"CPC":41,"BQ":0,"NDP":4,"GRN":0,"PPC":2,"OTH":0}}},"geometry":{"type":"Polygon","coordinates":[[[719.07,132.7],[719.08,132.68],[719.07,132.62],[719.07,132.61],[719.09,132.6],[719.09,132.58],[719.09,132.57],[719.11,132.54],[719.11,132.44],[719.13,132.44],[719.15,132.45],[719.21,132.5],[719.23,132.51],[719.27,132.55],[719.29,132.57],[719.3,132.58],[719.32,132.59],[719.35,132.59],[719.37,132.6],[719.38,132.61],[719.4,132.61],[719.43,132.6],[719.44,132.65],[719.45,132.7],[719.46,132.71],[719.54,132.8],[719.55,132.81],[719.55,132.82],[719.54,132.87],[719.54,132.92],[719.53,132.94],[719.51,132.94],[719.5,132.95],[719.51,132.95],[719.49,132.94],[719.41,132.96],[719.42,132.96],[719.41,132.95],[719.41,132.94],[719.39,132.93],[719.39,132.92],[719.39,132.92],[719.39,132.91],[719.38,132.91],[719.37,132.91],[719.35,132.9],[719.32,132.89],[719.3,132.9],[719.29,132.9],[719.28,132.9],[719.28,132.9],[719.27,132.89],[719.26,132.9],[719.25,132.9],[719.25,132.89],[719.25,132.89],[719.25,132.89],[719.25,132.89],[719.24,132.89],[719.24,132.89],[719.23,132.89],[719.22,132.88],[719.22,132.89],[719.21,132.88],[719.19,132.88],[719.18,132.88],[719.17,132.88],[719.16,132.7],[719.07,132.7]]]}},{"type":"Feature","id":"12009-141","properties":{"ridingCode":"12009","pollNumber":"141","pollType":"N","advancePollNumber":"612","sourceCode":"141-0","geometryPollNumbers":["141"],"code":"12009-141","resultPollNumbers":["141"],"resultStatus":"exact","result":{"electors":471,"voters":150,"totalVotes":149,"rejected":1,"turnout":31.84713375796178,"winnerId":"braedon-clark","winnerPartyId":"LIB","runnerUpId":"dave-carroll","runnerUpPartyId":"CPC","margin":29.53020134228188,"top":[{"id":"braedon-clark","name":"Braedon Clark","shortName":"Clark","partyId":"LIB","votes":92,"share":61.74496644295302},{"id":"dave-carroll","name":"Dave Carroll","shortName":"Carroll","partyId":"CPC","votes":48,"share":32.21476510067114},{"id":"isaac-wilson","name":"Isaac Wilson","shortName":"Wilson","partyId":"NDP","votes":7,"share":4.697986577181208},{"id":"andre-anderson","name":"Andre Anderson","shortName":"Anderson","partyId":"GRN","votes":2,"share":1.342281879194631}],"partyVotes":{"LIB":92,"CPC":48,"BQ":0,"NDP":7,"GRN":2,"PPC":0,"OTH":0}}},"geometry":{"type":"Polygon","coordinates":[[[720.24,133.25],[720.23,133.24],[720.24,133.24],[720.24,133.23],[720.24,133.22],[720.25,133.22],[720.26,133.23],[720.28,133.22],[720.29,133.19],[720.32,133.17],[720.33,133.16],[720.36,133.11],[720.37,133.12],[720.39,133.12],[720.39,133.11],[720.41,133.12],[720.4,133.14],[720.39,133.14],[720.39,133.15],[720.38,133.15],[720.38,133.16],[720.38,133.17],[720.39,133.17],[720.39,133.18],[720.4,133.2],[720.34,133.22],[720.33,133.22],[720.3,133.25],[720.27,133.26],[720.26,133.27],[720.25,133.26],[720.24,133.25]]]}},{"type":"Feature","id":"12009-142","properties":{"ridingCode":"12009","pollNumber":"142","pollType":"N","advancePollNumber":"612","sourceCode":"142-0","geometryPollNumbers":["142"],"code":"12009-142","resultPollNumbers":["142"],"resultStatus":"exact","result":{"electors":482,"voters":154,"totalVotes":153,"rejected":1,"turnout":31.950207468879665,"winnerId":"braedon-clark","winnerPartyId":"LIB","runnerUpId":"dave-carroll","runnerUpPartyId":"CPC","margin":20.915032679738562,"top":[{"id":"braedon-clark","name":"Braedon Clark","shortName":"Clark","partyId":"LIB","votes":87,"share":56.86274509803921},{"id":"dave-carroll","name":"Dave Carroll","shortName":"Carroll","partyId":"CPC","votes":55,"share":35.947712418300654},{"id":"isaac-wilson","name":"Isaac Wilson","shortName":"Wilson","partyId":"NDP","votes":9,"share":5.88235294117647},{"id":"andre-anderson","name":"Andre Anderson","shortName":"Anderson","partyId":"GRN","votes":1,"share":0.6535947712418301}],"partyVotes":{"LIB":87,"CPC":55,"BQ":0,"NDP":9,"GRN":1,"PPC":1,"OTH":0}}},"geometry":{"type":"Polygon","coordinates":[[[720.39,133.11],[720.39,133.12],[720.37,133.12],[720.36,133.11],[720.39,133.07],[720.42,133.05],[720.43,133.07],[720.42,133.07],[720.44,133.08],[720.45,133.09],[720.45,133.1],[720.46,133.1],[720.46,133.12],[720.48,133.13],[720.49,133.13],[720.49,133.12],[720.5,133.12],[720.5,133.12],[720.51,133.12],[720.52,133.13],[720.48,133.15],[720.44,133.18],[720.43,133.19],[720.4,133.2],[720.39,133.18],[720.39,133.17],[720.38,133.17],[720.38,133.16],[720.38,133.15],[720.39,133.15],[720.39,133.14],[720.4,133.14],[720.41,133.12],[720.39,133.11]]]}},{"type":"Feature","id":"12009-143","properties":{"ridingCode":"12009","pollNumber":"143","pollType":"N","advancePollNumber":"613","sourceCode":"143-0","geometryPollNumbers":["143"],"code":"12009-143","resultPollNumbers":["143"],"resultStatus":"exact","result":{"electors":437,"voters":119,"totalVotes":118,"rejected":1,"turnout":27.23112128146453,"winnerId":"braedon-clark","winnerPartyId":"LIB","runnerUpId":"dave-carroll","runnerUpPartyId":"CPC","margin":27.11864406779661,"top":[{"id":"braedon-clark","name":"Braedon Clark","shortName":"Clark","partyId":"LIB","votes":64,"share":54.23728813559322},{"id":"dave-carroll","name":"Dave Carroll","shortName":"Carroll","partyId":"CPC","votes":32,"share":27.11864406779661},{"id":"isaac-wilson","name":"Isaac Wilson","shortName":"Wilson","partyId":"NDP","votes":21,"share":17.796610169491526},{"id":"andre-anderson","name":"Andre Anderson","shortName":"Anderson","partyId":"GRN","votes":1,"share":0.847457627118644}],"partyVotes":{"LIB":64,"CPC":32,"BQ":0,"NDP":21,"GRN":1,"PPC":0,"OTH":0}}},"geometry":{"type":"Polygon","coordinates":[[[719.73,132.65],[719.76,132.56],[719.78,132.55],[719.93,132.51],[720,132.65],[720,132.66],[720,132.69],[719.99,132.69],[719.99,132.7],[719.99,132.7],[720.03,132.7],[720.08,132.7],[720.09,132.7],[720.11,132.68],[720.15,132.67],[720.16,132.67],[720.18,132.65],[720.14,132.63],[720.12,132.63],[720.11,132.62],[720.1,132.6],[720.09,132.58],[720.09,132.57],[720.09,132.56],[720.13,132.57],[720.15,132.56],[720.16,132.56],[720.16,132.55],[720.18,132.57],[720.19,132.57],[720.19,132.58],[720.2,132.59],[720.22,132.6],[720.23,132.61],[720.24,132.63],[720.26,132.65],[720.31,132.72],[720.34,132.75],[720.36,132.76],[720.38,132.77],[720.42,132.78],[720.44,132.78],[720.42,132.82],[720.4,132.87],[720.39,132.99],[720.38,133.01],[720.37,133.03],[720.42,133.05],[720.39,133.07],[720.36,133.11],[720.33,133.16],[720.32,133.17],[720.29,133.19],[720.28,133.22],[720.26,133.23],[720.25,133.22],[720.24,133.22],[720.24,133.23],[720.24,133.24],[720.23,133.24],[720.22,133.22],[720.19,133.21],[720.04,133.13],[720.04,133.12],[720.04,133.1],[720.03,133.09],[720,133.05],[719.99,133.04],[719.99,133.02],[719.98,132.96],[719.98,132.95],[719.99,132.93],[719.99,132.92],[719.99,132.91],[719.98,132.89],[719.98,132.88],[719.99,132.85],[719.99,132.84],[719.99,132.83],[719.88,132.86],[719.87,132.87],[719.85,132.83],[719.73,132.81],[719.73,132.8],[719.73,132.78],[719.71,132.7],[719.73,132.65]]]}},{"type":"Feature","id":"12009-144","properties":{"ridingCode":"12009","pollNumber":"144","pollType":"N","advancePollNumber":"616","sourceCode":"144-0","geometryPollNumbers":["144"],"code":"12009-144","resultPollNumbers":["144"],"resultStatus":"exact","result":{"electors":471,"voters":107,"totalVotes":107,"rejected":0,"turnout":22.717622080679405,"winnerId":"braedon-clark","winnerPartyId":"LIB","runnerUpId":"dave-carroll","runnerUpPartyId":"CPC","margin":14.953271028037381,"top":[{"id":"braedon-clark","name":"Braedon Clark","shortName":"Clark","partyId":"LIB","votes":59,"share":55.140186915887845},{"id":"dave-carroll","name":"Dave Carroll","shortName":"Carroll","partyId":"CPC","votes":43,"share":40.18691588785047},{"id":"isaac-wilson","name":"Isaac Wilson","shortName":"Wilson","partyId":"NDP","votes":4,"share":3.7383177570093453},{"id":"andre-anderson","name":"Andre Anderson","shortName":"Anderson","partyId":"GRN","votes":1,"share":0.9345794392523363}],"partyVotes":{"LIB":59,"CPC":43,"BQ":0,"NDP":4,"GRN":1,"PPC":0,"OTH":0}}},"geometry":{"type":"Polygon","coordinates":[[[719.56,132.58],[719.54,132.59],[719.54,132.58],[719.55,132.57],[719.56,132.56],[719.57,132.56],[719.59,132.56],[719.61,132.55],[719.61,132.55],[719.6,132.54],[719.6,132.53],[719.65,132.51],[719.67,132.49],[719.68,132.51],[719.67,132.53],[719.68,132.54],[719.73,132.51],[719.74,132.5],[719.75,132.48],[719.78,132.55],[719.76,132.56],[719.73,132.65],[719.71,132.6],[719.68,132.6],[719.62,132.58],[719.58,132.58],[719.57,132.59],[719.56,132.58]]]}},{"type":"Feature","id":"12009-145A+145B","properties":{"ridingCode":"12009","pollNumber":"145A+145B","pollType":"N","advancePollNumber":"613","sourceCode":"145-0","geometryPollNumbers":["145"],"code":"12009-145A+145B","resultPollNumbers":["145A","145B"],"resultStatus":"resolved-suffix","result":{"electors":617,"voters":164,"totalVotes":164,"rejected":0,"turnout":26.580226904376016,"winnerId":"braedon-clark","winnerPartyId":"LIB","runnerUpId":"dave-carroll","runnerUpPartyId":"CPC","margin":21.951219512195124,"top":[{"id":"braedon-clark","name":"Braedon Clark","shortName":"Clark","partyId":"LIB","votes":95,"share":57.92682926829268},{"id":"dave-carroll","name":"Dave Carroll","shortName":"Carroll","partyId":"CPC","votes":59,"share":35.97560975609756},{"id":"isaac-wilson","name":"Isaac Wilson","shortName":"Wilson","partyId":"NDP","votes":7,"share":4.2682926829268295},{"id":"andre-anderson","name":"Andre Anderson","shortName":"Anderson","partyId":"GRN","votes":3,"share":1.8292682926829267}],"partyVotes":{"LIB":95,"CPC":59,"BQ":0,"NDP":7,"GRN":3,"PPC":0,"OTH":0}}},"geometry":{"type":"Polygon","coordinates":[[[719.93,132.51],[720.13,132.46],[720.18,132.46],[720.19,132.57],[720.18,132.57],[720.16,132.55],[720.16,132.56],[720.15,132.56],[720.13,132.57],[720.09,132.56],[720.09,132.57],[720.09,132.58],[720.1,132.6],[720.11,132.62],[720.12,132.63],[720.14,132.63],[720.18,132.65],[720.16,132.67],[720.15,132.67],[720.11,132.68],[720.09,132.7],[720.08,132.7],[720.03,132.7],[719.99,132.7],[719.99,132.7],[719.99,132.69],[720,132.69],[720,132.66],[720,132.65],[719.93,132.51]]]}},{"type":"Feature","id":"12009-146","properties":{"ridingCode":"12009","pollNumber":"146","pollType":"N","advancePollNumber":"617","sourceCode":"146-0","geometryPollNumbers":["146"],"code":"12009-146","resultPollNumbers":["146"],"resultStatus":"exact","result":{"electors":359,"voters":68,"totalVotes":66,"rejected":2,"turnout":18.94150417827298,"winnerId":"braedon-clark","winnerPartyId":"LIB","runnerUpId":"dave-carroll","runnerUpPartyId":"CPC","margin":56.060606060606055,"top":[{"id":"braedon-clark","name":"Braedon Clark","shortName":"Clark","partyId":"LIB","votes":50,"share":75.75757575757575},{"id":"dave-carroll","name":"Dave Carroll","shortName":"Carroll","partyId":"CPC","votes":13,"share":19.696969696969695},{"id":"andre-anderson","name":"Andre Anderson","shortName":"Anderson","partyId":"GRN","votes":2,"share":3.0303030303030303},{"id":"isaac-wilson","name":"Isaac Wilson","shortName":"Wilson","partyId":"NDP","votes":1,"share":1.5151515151515151}],"partyVotes":{"LIB":50,"CPC":13,"BQ":0,"NDP":1,"GRN":2,"PPC":0,"OTH":0}}},"geometry":{"type":"Polygon","coordinates":[[[719.65,132.46],[719.65,132.42],[719.65,132.42],[719.66,132.43],[719.69,132.44],[719.67,132.45],[719.68,132.46],[719.67,132.47],[719.66,132.47],[719.65,132.46]]]}},{"type":"Feature","id":"12009-147","properties":{"ridingCode":"12009","pollNumber":"147","pollType":"N","advancePollNumber":"614","sourceCode":"147-0","geometryPollNumbers":["147"],"code":"12009-147","resultPollNumbers":["147"],"resultStatus":"exact","result":{"electors":334,"voters":119,"totalVotes":119,"rejected":0,"turnout":35.62874251497006,"winnerId":"braedon-clark","winnerPartyId":"LIB","runnerUpId":"dave-carroll","runnerUpPartyId":"CPC","margin":39.49579831932773,"top":[{"id":"braedon-clark","name":"Braedon Clark","shortName":"Clark","partyId":"LIB","votes":78,"share":65.54621848739495},{"id":"dave-carroll","name":"Dave Carroll","shortName":"Carroll","partyId":"CPC","votes":31,"share":26.05042016806723},{"id":"isaac-wilson","name":"Isaac Wilson","shortName":"Wilson","partyId":"NDP","votes":8,"share":6.722689075630252},{"id":"andre-anderson","name":"Andre Anderson","shortName":"Anderson","partyId":"GRN","votes":1,"share":0.8403361344537815}],"partyVotes":{"LIB":78,"CPC":31,"BQ":0,"NDP":8,"GRN":1,"PPC":1,"OTH":0}}},"geometry":{"type":"Polygon","coordinates":[[[719.51,132.73],[719.51,132.72],[719.52,132.72],[719.55,132.71],[719.55,132.71],[719.56,132.72],[719.57,132.72],[719.57,132.73],[719.58,132.75],[719.57,132.76],[719.57,132.76],[719.57,132.77],[719.56,132.77],[719.56,132.76],[719.56,132.76],[719.56,132.75],[719.56,132.76],[719.57,132.74],[719.55,132.74],[719.55,132.73],[719.55,132.73],[719.54,132.74],[719.54,132.73],[719.53,132.73],[719.51,132.73]]]}},{"type":"Feature","id":"12009-148","properties":{"ridingCode":"12009","pollNumber":"148","pollType":"N","advancePollNumber":"615","sourceCode":"148-0","geometryPollNumbers":["148"],"code":"12009-148","resultPollNumbers":["148"],"resultStatus":"exact","result":{"electors":333,"voters":106,"totalVotes":106,"rejected":0,"turnout":31.83183183183183,"winnerId":"braedon-clark","winnerPartyId":"LIB","runnerUpId":"dave-carroll","runnerUpPartyId":"CPC","margin":32.075471698113205,"top":[{"id":"braedon-clark","name":"Braedon Clark","shortName":"Clark","partyId":"LIB","votes":66,"share":62.264150943396224},{"id":"dave-carroll","name":"Dave Carroll","shortName":"Carroll","partyId":"CPC","votes":32,"share":30.18867924528302},{"id":"isaac-wilson","name":"Isaac Wilson","shortName":"Wilson","partyId":"NDP","votes":8,"share":7.547169811320755},{"id":"andre-anderson","name":"Andre Anderson","shortName":"Anderson","partyId":"GRN","votes":0,"share":0}],"partyVotes":{"LIB":66,"CPC":32,"BQ":0,"NDP":8,"GRN":0,"PPC":0,"OTH":0}}},"geometry":{"type":"Polygon","coordinates":[[[719.47,132.68],[719.49,132.68],[719.52,132.7],[719.54,132.7],[719.55,132.7],[719.55,132.71],[719.52,132.72],[719.51,132.72],[719.51,132.73],[719.51,132.73],[719.51,132.73],[719.5,132.73],[719.5,132.72],[719.51,132.71],[719.5,132.7],[719.49,132.69],[719.49,132.69],[719.47,132.69],[719.47,132.68]]]}},{"type":"Feature","id":"12009-149","properties":{"ridingCode":"12009","pollNumber":"149","pollType":"N","advancePollNumber":"615","sourceCode":"149-0","geometryPollNumbers":["149"],"code":"12009-149","resultPollNumbers":["149"],"resultStatus":"exact","result":{"electors":362,"voters":133,"totalVotes":133,"rejected":0,"turnout":36.74033149171271,"winnerId":"braedon-clark","winnerPartyId":"LIB","runnerUpId":"dave-carroll","runnerUpPartyId":"CPC","margin":28.57142857142857,"top":[{"id":"braedon-clark","name":"Braedon Clark","shortName":"Clark","partyId":"LIB","votes":78,"share":58.64661654135338},{"id":"dave-carroll","name":"Dave Carroll","shortName":"Carroll","partyId":"CPC","votes":40,"share":30.075187969924812},{"id":"isaac-wilson","name":"Isaac Wilson","shortName":"Wilson","partyId":"NDP","votes":12,"share":9.022556390977442},{"id":"ryan-slaney","name":"Ryan Slaney","shortName":"Slaney","partyId":"PPC","votes":3,"share":2.2556390977443606}],"partyVotes":{"LIB":78,"CPC":40,"BQ":0,"NDP":12,"GRN":0,"PPC":3,"OTH":0}}},"geometry":{"type":"Polygon","coordinates":[[[719.54,132.7],[719.54,132.68],[719.53,132.68],[719.52,132.68],[719.52,132.67],[719.52,132.67],[719.53,132.67],[719.53,132.67],[719.54,132.64],[719.55,132.64],[719.54,132.67],[719.56,132.67],[719.56,132.69],[719.57,132.71],[719.57,132.72],[719.56,132.72],[719.55,132.71],[719.55,132.71],[719.55,132.7],[719.54,132.7]]]}},{"type":"Feature","id":"12009-150","properties":{"ridingCode":"12009","pollNumber":"150","pollType":"N","advancePollNumber":"615","sourceCode":"150-0","geometryPollNumbers":["150"],"code":"12009-150","resultPollNumbers":["150"],"resultStatus":"exact","result":{"electors":357,"voters":104,"totalVotes":102,"rejected":2,"turnout":29.13165266106443,"winnerId":"braedon-clark","winnerPartyId":"LIB","runnerUpId":"dave-carroll","runnerUpPartyId":"CPC","margin":38.23529411764706,"top":[{"id":"braedon-clark","name":"Braedon Clark","shortName":"Clark","partyId":"LIB","votes":70,"share":68.62745098039215},{"id":"dave-carroll","name":"Dave Carroll","shortName":"Carroll","partyId":"CPC","votes":31,"share":30.392156862745097},{"id":"andre-anderson","name":"Andre Anderson","shortName":"Anderson","partyId":"GRN","votes":1,"share":0.9803921568627451},{"id":"ryan-slaney","name":"Ryan Slaney","shortName":"Slaney","partyId":"PPC","votes":0,"share":0}],"partyVotes":{"LIB":70,"CPC":31,"BQ":0,"NDP":0,"GRN":1,"PPC":0,"OTH":0}}},"geometry":{"type":"Polygon","coordinates":[[[719.46,132.67],[719.46,132.65],[719.47,132.63],[719.48,132.63],[719.5,132.64],[719.51,132.64],[719.51,132.65],[719.52,132.67],[719.52,132.68],[719.53,132.68],[719.54,132.68],[719.54,132.7],[719.52,132.7],[719.49,132.68],[719.47,132.68],[719.46,132.67]]]}},{"type":"Feature","id":"12009-151","properties":{"ridingCode":"12009","pollNumber":"151","pollType":"N","advancePollNumber":"615","sourceCode":"151-0","geometryPollNumbers":["151"],"code":"12009-151","resultPollNumbers":["151"],"resultStatus":"exact","result":{"electors":423,"voters":152,"totalVotes":152,"rejected":0,"turnout":35.9338061465721,"winnerId":"braedon-clark","winnerPartyId":"LIB","runnerUpId":"dave-carroll","runnerUpPartyId":"CPC","margin":42.10526315789473,"top":[{"id":"braedon-clark","name":"Braedon Clark","shortName":"Clark","partyId":"LIB","votes":106,"share":69.73684210526315},{"id":"dave-carroll","name":"Dave Carroll","shortName":"Carroll","partyId":"CPC","votes":42,"share":27.631578947368425},{"id":"isaac-wilson","name":"Isaac Wilson","shortName":"Wilson","partyId":"NDP","votes":3,"share":1.9736842105263157},{"id":"andre-anderson","name":"Andre Anderson","shortName":"Anderson","partyId":"GRN","votes":1,"share":0.6578947368421052}],"partyVotes":{"LIB":106,"CPC":42,"BQ":0,"NDP":3,"GRN":1,"PPC":0,"OTH":0}}},"geometry":{"type":"Polygon","coordinates":[[[719.51,132.63],[719.5,132.62],[719.5,132.62],[719.49,132.61],[719.51,132.62],[719.52,132.62],[719.52,132.62],[719.52,132.61],[719.53,132.61],[719.54,132.61],[719.54,132.61],[719.55,132.62],[719.56,132.61],[719.56,132.64],[719.56,132.65],[719.56,132.67],[719.54,132.67],[719.55,132.64],[719.54,132.64],[719.53,132.67],[719.53,132.67],[719.52,132.67],[719.52,132.67],[719.51,132.65],[719.51,132.64],[719.51,132.64],[719.51,132.63]]]}},{"type":"Feature","id":"12009-152","properties":{"ridingCode":"12009","pollNumber":"152","pollType":"N","advancePollNumber":"615","sourceCode":"152-0","geometryPollNumbers":["152"],"code":"12009-152","resultPollNumbers":["152"],"resultStatus":"exact","result":{"electors":462,"voters":147,"totalVotes":146,"rejected":1,"turnout":31.818181818181817,"winnerId":"braedon-clark","winnerPartyId":"LIB","runnerUpId":"dave-carroll","runnerUpPartyId":"CPC","margin":49.31506849315068,"top":[{"id":"braedon-clark","name":"Braedon Clark","shortName":"Clark","partyId":"LIB","votes":105,"share":71.91780821917808},{"id":"dave-carroll","name":"Dave Carroll","shortName":"Carroll","partyId":"CPC","votes":33,"share":22.602739726027394},{"id":"isaac-wilson","name":"Isaac Wilson","shortName":"Wilson","partyId":"NDP","votes":4,"share":2.73972602739726},{"id":"andre-anderson","name":"Andre Anderson","shortName":"Anderson","partyId":"GRN","votes":3,"share":2.054794520547945}],"partyVotes":{"LIB":105,"CPC":33,"BQ":0,"NDP":4,"GRN":3,"PPC":1,"OTH":0}}},"geometry":{"type":"Polygon","coordinates":[[[719.45,132.61],[719.45,132.59],[719.45,132.59],[719.48,132.57],[719.48,132.58],[719.49,132.59],[719.47,132.61],[719.47,132.63],[719.47,132.63],[719.46,132.65],[719.46,132.65],[719.45,132.65],[719.45,132.66],[719.45,132.66],[719.45,132.65],[719.45,132.62],[719.45,132.61]]]}},{"type":"Feature","id":"12009-153","properties":{"ridingCode":"12009","pollNumber":"153","pollType":"N","advancePollNumber":"615","sourceCode":"153-0","geometryPollNumbers":["153"],"code":"12009-153","resultPollNumbers":["153"],"resultStatus":"exact","result":{"electors":411,"voters":112,"totalVotes":112,"rejected":0,"turnout":27.25060827250608,"winnerId":"braedon-clark","winnerPartyId":"LIB","runnerUpId":"dave-carroll","runnerUpPartyId":"CPC","margin":41.964285714285715,"top":[{"id":"braedon-clark","name":"Braedon Clark","shortName":"Clark","partyId":"LIB","votes":77,"share":68.75},{"id":"dave-carroll","name":"Dave Carroll","shortName":"Carroll","partyId":"CPC","votes":30,"share":26.785714285714285},{"id":"andre-anderson","name":"Andre Anderson","shortName":"Anderson","partyId":"GRN","votes":2,"share":1.7857142857142856},{"id":"isaac-wilson","name":"Isaac Wilson","shortName":"Wilson","partyId":"NDP","votes":2,"share":1.7857142857142856}],"partyVotes":{"LIB":77,"CPC":30,"BQ":0,"NDP":2,"GRN":2,"PPC":1,"OTH":0}}},"geometry":{"type":"Polygon","coordinates":[[[719.48,132.58],[719.49,132.58],[719.49,132.58],[719.5,132.58],[719.51,132.59],[719.51,132.59],[719.52,132.6],[719.51,132.61],[719.49,132.61],[719.49,132.61],[719.49,132.62],[719.49,132.62],[719.5,132.62],[719.51,132.63],[719.51,132.64],[719.51,132.64],[719.5,132.64],[719.48,132.63],[719.47,132.63],[719.47,132.63],[719.47,132.61],[719.49,132.59],[719.48,132.58]]]}},{"type":"Feature","id":"12009-154","properties":{"ridingCode":"12009","pollNumber":"154","pollType":"N","advancePollNumber":"614","sourceCode":"154-0","geometryPollNumbers":["154"],"code":"12009-154","resultPollNumbers":["154"],"resultStatus":"exact","result":{"electors":416,"voters":146,"totalVotes":146,"rejected":0,"turnout":35.09615384615385,"winnerId":"braedon-clark","winnerPartyId":"LIB","runnerUpId":"dave-carroll","runnerUpPartyId":"CPC","margin":12.32876712328767,"top":[{"id":"braedon-clark","name":"Braedon Clark","shortName":"Clark","partyId":"LIB","votes":76,"share":52.054794520547944},{"id":"dave-carroll","name":"Dave Carroll","shortName":"Carroll","partyId":"CPC","votes":58,"share":39.726027397260275},{"id":"isaac-wilson","name":"Isaac Wilson","shortName":"Wilson","partyId":"NDP","votes":8,"share":5.47945205479452},{"id":"andre-anderson","name":"Andre Anderson","shortName":"Anderson","partyId":"GRN","votes":3,"share":2.054794520547945}],"partyVotes":{"LIB":76,"CPC":58,"BQ":0,"NDP":8,"GRN":3,"PPC":1,"OTH":0}}},"geometry":{"type":"Polygon","coordinates":[[[719.54,132.92],[719.54,132.87],[719.55,132.82],[719.55,132.81],[719.54,132.8],[719.54,132.79],[719.55,132.79],[719.56,132.82],[719.55,132.84],[719.55,132.85],[719.55,132.85],[719.55,132.86],[719.54,132.86],[719.55,132.86],[719.55,132.86],[719.56,132.85],[719.57,132.85],[719.57,132.84],[719.58,132.82],[719.6,132.82],[719.6,132.82],[719.59,132.86],[719.58,132.87],[719.54,132.92]]]}},{"type":"Feature","id":"12009-155","properties":{"ridingCode":"12009","pollNumber":"155","pollType":"N","advancePollNumber":"614","sourceCode":"155-0","geometryPollNumbers":["155"],"code":"12009-155","resultPollNumbers":["155"],"resultStatus":"exact","result":{"electors":342,"voters":102,"totalVotes":102,"rejected":0,"turnout":29.82456140350877,"winnerId":"braedon-clark","winnerPartyId":"LIB","runnerUpId":"dave-carroll","runnerUpPartyId":"CPC","margin":42.15686274509804,"top":[{"id":"braedon-clark","name":"Braedon Clark","shortName":"Clark","partyId":"LIB","votes":68,"share":66.66666666666666},{"id":"dave-carroll","name":"Dave Carroll","shortName":"Carroll","partyId":"CPC","votes":25,"share":24.509803921568626},{"id":"isaac-wilson","name":"Isaac Wilson","shortName":"Wilson","partyId":"NDP","votes":9,"share":8.823529411764707},{"id":"andre-anderson","name":"Andre Anderson","shortName":"Anderson","partyId":"GRN","votes":0,"share":0}],"partyVotes":{"LIB":68,"CPC":25,"BQ":0,"NDP":9,"GRN":0,"PPC":0,"OTH":0}}},"geometry":{"type":"Polygon","coordinates":[[[719.55,132.79],[719.54,132.79],[719.55,132.78],[719.55,132.77],[719.56,132.78],[719.56,132.77],[719.57,132.77],[719.57,132.76],[719.57,132.76],[719.58,132.77],[719.58,132.78],[719.6,132.8],[719.6,132.8],[719.6,132.82],[719.58,132.82],[719.57,132.84],[719.57,132.85],[719.56,132.85],[719.55,132.86],[719.55,132.85],[719.55,132.85],[719.55,132.84],[719.56,132.82],[719.55,132.79]]]}},{"type":"Feature","id":"12009-156","properties":{"ridingCode":"12009","pollNumber":"156","pollType":"N","advancePollNumber":"614","sourceCode":"156-0","geometryPollNumbers":["156"],"code":"12009-156","resultPollNumbers":["156"],"resultStatus":"exact","result":{"electors":428,"voters":129,"totalVotes":127,"rejected":2,"turnout":30.140186915887853,"winnerId":"braedon-clark","winnerPartyId":"LIB","runnerUpId":"dave-carroll","runnerUpPartyId":"CPC","margin":37.79527559055118,"top":[{"id":"braedon-clark","name":"Braedon Clark","shortName":"Clark","partyId":"LIB","votes":86,"share":67.71653543307087},{"id":"dave-carroll","name":"Dave Carroll","shortName":"Carroll","partyId":"CPC","votes":38,"share":29.92125984251969},{"id":"isaac-wilson","name":"Isaac Wilson","shortName":"Wilson","partyId":"NDP","votes":2,"share":1.574803149606299},{"id":"ryan-slaney","name":"Ryan Slaney","shortName":"Slaney","partyId":"PPC","votes":1,"share":0.7874015748031495}],"partyVotes":{"LIB":86,"CPC":38,"BQ":0,"NDP":2,"GRN":0,"PPC":1,"OTH":0}}},"geometry":{"type":"Polygon","coordinates":[[[719.55,132.78],[719.54,132.79],[719.54,132.8],[719.46,132.71],[719.45,132.7],[719.44,132.65],[719.45,132.69],[719.45,132.67],[719.46,132.67],[719.47,132.68],[719.47,132.69],[719.47,132.7],[719.47,132.72],[719.51,132.75],[719.51,132.74],[719.51,132.73],[719.51,132.73],[719.53,132.73],[719.54,132.73],[719.54,132.74],[719.55,132.73],[719.55,132.73],[719.55,132.74],[719.57,132.74],[719.56,132.76],[719.56,132.75],[719.56,132.76],[719.56,132.76],[719.56,132.77],[719.56,132.78],[719.55,132.77],[719.55,132.78]]]}},{"type":"Feature","id":"12009-157","properties":{"ridingCode":"12009","pollNumber":"157","pollType":"N","advancePollNumber":"615","sourceCode":"157-0","geometryPollNumbers":["157"],"code":"12009-157","resultPollNumbers":["157"],"resultStatus":"exact","result":{"electors":421,"voters":113,"totalVotes":113,"rejected":0,"turnout":26.840855106888363,"winnerId":"braedon-clark","winnerPartyId":"LIB","runnerUpId":"dave-carroll","runnerUpPartyId":"CPC","margin":38.05309734513274,"top":[{"id":"braedon-clark","name":"Braedon Clark","shortName":"Clark","partyId":"LIB","votes":77,"share":68.14159292035397},{"id":"dave-carroll","name":"Dave Carroll","shortName":"Carroll","partyId":"CPC","votes":34,"share":30.08849557522124},{"id":"andre-anderson","name":"Andre Anderson","shortName":"Anderson","partyId":"GRN","votes":1,"share":0.8849557522123894},{"id":"isaac-wilson","name":"Isaac Wilson","shortName":"Wilson","partyId":"NDP","votes":1,"share":0.8849557522123894}],"partyVotes":{"LIB":77,"CPC":34,"BQ":0,"NDP":1,"GRN":1,"PPC":0,"OTH":0}}},"geometry":{"type":"Polygon","coordinates":[[[719.51,132.75],[719.47,132.72],[719.47,132.7],[719.47,132.69],[719.49,132.69],[719.49,132.69],[719.5,132.7],[719.51,132.71],[719.5,132.72],[719.5,132.73],[719.51,132.73],[719.51,132.73],[719.51,132.74],[719.51,132.75]]]}},{"type":"Feature","id":"12009-158","properties":{"ridingCode":"12009","pollNumber":"158","pollType":"N","advancePollNumber":"614","sourceCode":"158-0","geometryPollNumbers":["158"],"code":"12009-158","resultPollNumbers":["158"],"resultStatus":"exact","result":{"electors":504,"voters":139,"totalVotes":139,"rejected":0,"turnout":27.579365079365083,"winnerId":"braedon-clark","winnerPartyId":"LIB","runnerUpId":"dave-carroll","runnerUpPartyId":"CPC","margin":34.53237410071942,"top":[{"id":"braedon-clark","name":"Braedon Clark","shortName":"Clark","partyId":"LIB","votes":92,"share":66.18705035971223},{"id":"dave-carroll","name":"Dave Carroll","shortName":"Carroll","partyId":"CPC","votes":44,"share":31.654676258992804},{"id":"isaac-wilson","name":"Isaac Wilson","shortName":"Wilson","partyId":"NDP","votes":2,"share":1.4388489208633095},{"id":"ryan-slaney","name":"Ryan Slaney","shortName":"Slaney","partyId":"PPC","votes":1,"share":0.7194244604316548}],"partyVotes":{"LIB":92,"CPC":44,"BQ":0,"NDP":2,"GRN":0,"PPC":1,"OTH":0}}},"geometry":{"type":"Polygon","coordinates":[[[719.57,132.76],[719.58,132.75],[719.57,132.73],[719.57,132.72],[719.57,132.71],[719.56,132.69],[719.56,132.67],[719.56,132.65],[719.59,132.65],[719.61,132.65],[719.62,132.63],[719.63,132.62],[719.64,132.61],[719.68,132.6],[719.71,132.6],[719.73,132.65],[719.71,132.7],[719.73,132.78],[719.72,132.78],[719.71,132.79],[719.71,132.78],[719.7,132.77],[719.7,132.76],[719.72,132.76],[719.71,132.74],[719.71,132.74],[719.7,132.74],[719.7,132.75],[719.7,132.75],[719.69,132.75],[719.68,132.74],[719.68,132.74],[719.67,132.73],[719.67,132.72],[719.66,132.72],[719.66,132.72],[719.66,132.73],[719.65,132.74],[719.65,132.74],[719.64,132.73],[719.63,132.73],[719.6,132.74],[719.58,132.76],[719.58,132.76],[719.58,132.76],[719.58,132.77],[719.57,132.76]]]}},{"type":"Feature","id":"12009-159A+159B","properties":{"ridingCode":"12009","pollNumber":"159A+159B","pollType":"N","advancePollNumber":"615","sourceCode":"159-0","geometryPollNumbers":["159"],"code":"12009-159A+159B","resultPollNumbers":["159A","159B"],"resultStatus":"resolved-suffix","result":{"electors":553,"voters":177,"totalVotes":177,"rejected":0,"turnout":32.00723327305606,"winnerId":"braedon-clark","winnerPartyId":"LIB","runnerUpId":"dave-carroll","runnerUpPartyId":"CPC","margin":58.19209039548022,"top":[{"id":"braedon-clark","name":"Braedon Clark","shortName":"Clark","partyId":"LIB","votes":139,"share":78.53107344632768},{"id":"dave-carroll","name":"Dave Carroll","shortName":"Carroll","partyId":"CPC","votes":36,"share":20.33898305084746},{"id":"isaac-wilson","name":"Isaac Wilson","shortName":"Wilson","partyId":"NDP","votes":2,"share":1.1299435028248588},{"id":"andre-anderson","name":"Andre Anderson","shortName":"Anderson","partyId":"GRN","votes":0,"share":0}],"partyVotes":{"LIB":139,"CPC":36,"BQ":0,"NDP":2,"GRN":0,"PPC":0,"OTH":0}}},"geometry":{"type":"Polygon","coordinates":[[[719.53,132.56],[719.55,132.57],[719.54,132.58],[719.54,132.59],[719.56,132.58],[719.57,132.59],[719.58,132.58],[719.62,132.58],[719.68,132.6],[719.64,132.61],[719.63,132.62],[719.62,132.63],[719.61,132.65],[719.59,132.65],[719.56,132.65],[719.56,132.64],[719.56,132.61],[719.55,132.62],[719.54,132.61],[719.54,132.61],[719.53,132.61],[719.53,132.6],[719.52,132.58],[719.53,132.57],[719.53,132.56]],[[719.56,132.61],[719.56,132.61],[719.58,132.61],[719.57,132.61],[719.56,132.61]]]}},{"type":"Feature","id":"12009-160","properties":{"ridingCode":"12009","pollNumber":"160","pollType":"N","advancePollNumber":"615","sourceCode":"160-0","geometryPollNumbers":["160"],"code":"12009-160","resultPollNumbers":["160"],"resultStatus":"exact","result":{"electors":428,"voters":114,"totalVotes":114,"rejected":0,"turnout":26.635514018691588,"winnerId":"braedon-clark","winnerPartyId":"LIB","runnerUpId":"dave-carroll","runnerUpPartyId":"CPC","margin":28.07017543859649,"top":[{"id":"braedon-clark","name":"Braedon Clark","shortName":"Clark","partyId":"LIB","votes":71,"share":62.28070175438597},{"id":"dave-carroll","name":"Dave Carroll","shortName":"Carroll","partyId":"CPC","votes":39,"share":34.21052631578947},{"id":"isaac-wilson","name":"Isaac Wilson","shortName":"Wilson","partyId":"NDP","votes":4,"share":3.508771929824561},{"id":"andre-anderson","name":"Andre Anderson","shortName":"Anderson","partyId":"GRN","votes":0,"share":0}],"partyVotes":{"LIB":71,"CPC":39,"BQ":0,"NDP":4,"GRN":0,"PPC":0,"OTH":0}}},"geometry":{"type":"Polygon","coordinates":[[[719.48,132.57],[719.53,132.56],[719.53,132.57],[719.52,132.58],[719.53,132.6],[719.53,132.61],[719.52,132.61],[719.52,132.62],[719.52,132.62],[719.51,132.62],[719.49,132.61],[719.5,132.62],[719.5,132.62],[719.49,132.62],[719.49,132.62],[719.49,132.61],[719.49,132.61],[719.51,132.61],[719.52,132.6],[719.51,132.59],[719.51,132.59],[719.5,132.58],[719.49,132.58],[719.49,132.58],[719.48,132.58],[719.48,132.57]]]}},{"type":"Feature","id":"12009-161","properties":{"ridingCode":"12009","pollNumber":"161","pollType":"N","advancePollNumber":"615","sourceCode":"161-0","geometryPollNumbers":["161"],"code":"12009-161","resultPollNumbers":["161"],"resultStatus":"exact","result":{"electors":431,"voters":163,"totalVotes":163,"rejected":0,"turnout":37.81902552204176,"winnerId":"braedon-clark","winnerPartyId":"LIB","runnerUpId":"dave-carroll","runnerUpPartyId":"CPC","margin":51.533742331288344,"top":[{"id":"braedon-clark","name":"Braedon Clark","shortName":"Clark","partyId":"LIB","votes":120,"share":73.61963190184049},{"id":"dave-carroll","name":"Dave Carroll","shortName":"Carroll","partyId":"CPC","votes":36,"share":22.085889570552148},{"id":"isaac-wilson","name":"Isaac Wilson","shortName":"Wilson","partyId":"NDP","votes":4,"share":2.4539877300613497},{"id":"ryan-slaney","name":"Ryan Slaney","shortName":"Slaney","partyId":"PPC","votes":3,"share":1.8404907975460123}],"partyVotes":{"LIB":120,"CPC":36,"BQ":0,"NDP":4,"GRN":0,"PPC":3,"OTH":0}}},"geometry":{"type":"Polygon","coordinates":[[[719.52,132.53],[719.53,132.52],[719.54,132.53],[719.57,132.52],[719.57,132.53],[719.57,132.55],[719.58,132.55],[719.59,132.56],[719.57,132.56],[719.56,132.56],[719.55,132.54],[719.54,132.54],[719.53,132.55],[719.52,132.54],[719.52,132.54],[719.52,132.53]]]}},{"type":"Feature","id":"12009-162","properties":{"ridingCode":"12009","pollNumber":"162","pollType":"N","advancePollNumber":"616","sourceCode":"162-0","geometryPollNumbers":["162"],"code":"12009-162","resultPollNumbers":["162"],"resultStatus":"exact","result":{"electors":573,"voters":163,"totalVotes":163,"rejected":0,"turnout":28.44677137870855,"winnerId":"braedon-clark","winnerPartyId":"LIB","runnerUpId":"dave-carroll","runnerUpPartyId":"CPC","margin":14.723926380368098,"top":[{"id":"braedon-clark","name":"Braedon Clark","shortName":"Clark","partyId":"LIB","votes":85,"share":52.14723926380368},{"id":"dave-carroll","name":"Dave Carroll","shortName":"Carroll","partyId":"CPC","votes":61,"share":37.423312883435585},{"id":"isaac-wilson","name":"Isaac Wilson","shortName":"Wilson","partyId":"NDP","votes":15,"share":9.202453987730062},{"id":"ryan-slaney","name":"Ryan Slaney","shortName":"Slaney","partyId":"PPC","votes":2,"share":1.2269938650306749}],"partyVotes":{"LIB":85,"CPC":61,"BQ":0,"NDP":15,"GRN":0,"PPC":2,"OTH":0}}},"geometry":{"type":"Polygon","coordinates":[[[719.69,132.47],[719.69,132.48],[719.69,132.48],[719.71,132.48],[719.69,132.47],[719.69,132.46],[719.7,132.46],[719.7,132.47],[719.71,132.47],[719.71,132.48],[719.72,132.48],[719.72,132.48],[719.75,132.48],[719.74,132.5],[719.73,132.51],[719.68,132.54],[719.67,132.53],[719.68,132.51],[719.67,132.49],[719.65,132.46],[719.66,132.47],[719.67,132.47],[719.69,132.46],[719.69,132.47]]]}},{"type":"Feature","id":"12009-163","properties":{"ridingCode":"12009","pollNumber":"163","pollType":"N","advancePollNumber":"617","sourceCode":"163-0","geometryPollNumbers":["163"],"code":"12009-163","resultPollNumbers":["163"],"resultStatus":"exact","result":{"electors":498,"voters":101,"totalVotes":98,"rejected":3,"turnout":20.281124497991968,"winnerId":"braedon-clark","winnerPartyId":"LIB","runnerUpId":"dave-carroll","runnerUpPartyId":"CPC","margin":32.6530612244898,"top":[{"id":"braedon-clark","name":"Braedon Clark","shortName":"Clark","partyId":"LIB","votes":63,"share":64.28571428571429},{"id":"dave-carroll","name":"Dave Carroll","shortName":"Carroll","partyId":"CPC","votes":31,"share":31.63265306122449},{"id":"isaac-wilson","name":"Isaac Wilson","shortName":"Wilson","partyId":"NDP","votes":3,"share":3.061224489795918},{"id":"ryan-slaney","name":"Ryan Slaney","shortName":"Slaney","partyId":"PPC","votes":1,"share":1.0204081632653061}],"partyVotes":{"LIB":63,"CPC":31,"BQ":0,"NDP":3,"GRN":0,"PPC":1,"OTH":0}}},"geometry":{"type":"Polygon","coordinates":[[[719.71,132.46],[719.76,132.46],[719.76,132.45],[719.77,132.44],[719.78,132.45],[719.93,132.51],[719.78,132.55],[719.75,132.48],[719.72,132.48],[719.72,132.48],[719.72,132.48],[719.72,132.48],[719.71,132.48],[719.71,132.47],[719.7,132.47],[719.7,132.46],[719.69,132.46],[719.71,132.46]],[[719.71,132.46],[719.71,132.46],[719.72,132.46],[719.71,132.46]]]}},{"type":"Feature","id":"12009-164","properties":{"ridingCode":"12009","pollNumber":"164","pollType":"N","advancePollNumber":"608","sourceCode":"164-0","geometryPollNumbers":["164"],"code":"12009-164","resultPollNumbers":["164"],"resultStatus":"exact","result":{"electors":438,"voters":167,"totalVotes":167,"rejected":0,"turnout":38.12785388127854,"winnerId":"braedon-clark","winnerPartyId":"LIB","runnerUpId":"dave-carroll","runnerUpPartyId":"CPC","margin":10.778443113772456,"top":[{"id":"braedon-clark","name":"Braedon Clark","shortName":"Clark","partyId":"LIB","votes":88,"share":52.69461077844312},{"id":"dave-carroll","name":"Dave Carroll","shortName":"Carroll","partyId":"CPC","votes":70,"share":41.91616766467065},{"id":"isaac-wilson","name":"Isaac Wilson","shortName":"Wilson","partyId":"NDP","votes":8,"share":4.790419161676647},{"id":"ryan-slaney","name":"Ryan Slaney","shortName":"Slaney","partyId":"PPC","votes":1,"share":0.5988023952095809}],"partyVotes":{"LIB":88,"CPC":70,"BQ":0,"NDP":8,"GRN":0,"PPC":1,"OTH":0}}},"geometry":{"type":"Polygon","coordinates":[[[718.6,132.88],[718.59,132.89],[718.57,132.89],[718.56,132.87],[718.55,132.86],[718.54,132.86],[718.54,132.86],[718.54,132.85],[718.54,132.85],[718.55,132.84],[718.55,132.83],[718.56,132.82],[718.62,132.78],[718.7,132.73],[718.71,132.73],[718.72,132.72],[718.72,132.72],[718.73,132.72],[718.73,132.71],[718.73,132.71],[718.85,132.65],[718.88,132.62],[718.88,132.64],[718.87,132.64],[718.86,132.66],[718.85,132.66],[718.84,132.67],[718.84,132.67],[718.85,132.68],[718.85,132.69],[718.86,132.69],[718.86,132.7],[718.85,132.7],[718.84,132.71],[718.8,132.72],[718.77,132.73],[718.77,132.73],[718.76,132.73],[718.76,132.73],[718.76,132.74],[718.75,132.76],[718.75,132.76],[718.75,132.77],[718.75,132.78],[718.75,132.79],[718.74,132.8],[718.75,132.81],[718.74,132.85],[718.73,132.86],[718.7,132.87],[718.67,132.88],[718.63,132.88],[718.61,132.88],[718.6,132.88]]]}},{"type":"Feature","id":"12009-165","properties":{"ridingCode":"12009","pollNumber":"165","pollType":"N","advancePollNumber":"608","sourceCode":"165-0","geometryPollNumbers":["165"],"code":"12009-165","resultPollNumbers":["165"],"resultStatus":"exact","result":{"electors":303,"voters":99,"totalVotes":98,"rejected":1,"turnout":32.67326732673268,"winnerId":"braedon-clark","winnerPartyId":"LIB","runnerUpId":"dave-carroll","runnerUpPartyId":"CPC","margin":4.081632653061225,"top":[{"id":"braedon-clark","name":"Braedon Clark","shortName":"Clark","partyId":"LIB","votes":50,"share":51.02040816326531},{"id":"dave-carroll","name":"Dave Carroll","shortName":"Carroll","partyId":"CPC","votes":46,"share":46.93877551020408},{"id":"andre-anderson","name":"Andre Anderson","shortName":"Anderson","partyId":"GRN","votes":1,"share":1.0204081632653061},{"id":"isaac-wilson","name":"Isaac Wilson","shortName":"Wilson","partyId":"NDP","votes":1,"share":1.0204081632653061}],"partyVotes":{"LIB":50,"CPC":46,"BQ":0,"NDP":1,"GRN":1,"PPC":0,"OTH":0}}},"geometry":{"type":"Polygon","coordinates":[[[718.66,132.66],[718.66,132.65],[718.66,132.64],[718.68,132.62],[718.67,132.62],[718.68,132.6],[718.69,132.6],[718.69,132.59],[718.7,132.57],[718.72,132.55],[718.72,132.54],[718.71,132.54],[718.72,132.53],[718.73,132.51],[718.77,132.51],[718.78,132.51],[718.78,132.5],[718.81,132.5],[718.92,132.52],[718.88,132.58],[718.88,132.62],[718.85,132.65],[718.73,132.71],[718.73,132.71],[718.73,132.72],[718.72,132.72],[718.72,132.72],[718.71,132.73],[718.7,132.73],[718.69,132.73],[718.69,132.72],[718.68,132.72],[718.67,132.71],[718.67,132.7],[718.67,132.7],[718.65,132.66],[718.66,132.66]]]}},{"type":"Feature","id":"12009-166","properties":{"ridingCode":"12009","pollNumber":"166","pollType":"N","advancePollNumber":"609","sourceCode":"166-0","geometryPollNumbers":["166"],"code":"12009-166","resultPollNumbers":["166"],"resultStatus":"exact","result":{"electors":211,"voters":87,"totalVotes":87,"rejected":0,"turnout":41.23222748815166,"winnerId":"braedon-clark","winnerPartyId":"LIB","runnerUpId":"dave-carroll","runnerUpPartyId":"CPC","margin":5.747126436781609,"top":[{"id":"braedon-clark","name":"Braedon Clark","shortName":"Clark","partyId":"LIB","votes":44,"share":50.57471264367817},{"id":"dave-carroll","name":"Dave Carroll","shortName":"Carroll","partyId":"CPC","votes":39,"share":44.827586206896555},{"id":"isaac-wilson","name":"Isaac Wilson","shortName":"Wilson","partyId":"NDP","votes":4,"share":4.597701149425287},{"id":"andre-anderson","name":"Andre Anderson","shortName":"Anderson","partyId":"GRN","votes":0,"share":0}],"partyVotes":{"LIB":44,"CPC":39,"BQ":0,"NDP":4,"GRN":0,"PPC":0,"OTH":0}}},"geometry":{"type":"Polygon","coordinates":[[[719.11,132.44],[719.11,132.54],[719.09,132.57],[719.09,132.58],[719.09,132.6],[719.07,132.61],[719.07,132.62],[719.08,132.68],[719.07,132.7],[719.06,132.65],[719.02,132.64],[719.04,132.49],[718.94,132.52],[718.93,132.49],[718.92,132.43],[718.97,132.43],[719,132.43],[719.01,132.43],[719.05,132.43],[719.09,132.44],[719.11,132.44]]]}},{"type":"Feature","id":"12009-167","properties":{"ridingCode":"12009","pollNumber":"167","pollType":"N","advancePollNumber":"609","sourceCode":"167-0","geometryPollNumbers":["167"],"code":"12009-167","resultPollNumbers":["167"],"resultStatus":"exact","result":{"electors":441,"voters":143,"totalVotes":143,"rejected":0,"turnout":32.426303854875286,"winnerId":"braedon-clark","winnerPartyId":"LIB","runnerUpId":"dave-carroll","runnerUpPartyId":"CPC","margin":8.391608391608392,"top":[{"id":"braedon-clark","name":"Braedon Clark","shortName":"Clark","partyId":"LIB","votes":74,"share":51.74825174825175},{"id":"dave-carroll","name":"Dave Carroll","shortName":"Carroll","partyId":"CPC","votes":62,"share":43.35664335664335},{"id":"ryan-slaney","name":"Ryan Slaney","shortName":"Slaney","partyId":"PPC","votes":4,"share":2.797202797202797},{"id":"isaac-wilson","name":"Isaac Wilson","shortName":"Wilson","partyId":"NDP","votes":2,"share":1.3986013986013985}],"partyVotes":{"LIB":74,"CPC":62,"BQ":0,"NDP":2,"GRN":1,"PPC":4,"OTH":0}}},"geometry":{"type":"Polygon","coordinates":[[[718.64,132.45],[718.65,132.43],[718.66,132.43],[718.68,132.43],[718.67,132.39],[718.66,132.4],[718.65,132.36],[718.65,132.36],[718.65,132.34],[718.68,132.34],[718.68,132.34],[718.68,132.34],[718.68,132.34],[718.69,132.35],[718.7,132.36],[718.71,132.36],[718.71,132.36],[718.7,132.37],[718.7,132.38],[718.73,132.41],[718.74,132.44],[718.74,132.49],[718.78,132.5],[718.78,132.51],[718.77,132.51],[718.73,132.51],[718.72,132.53],[718.71,132.54],[718.69,132.54],[718.68,132.54],[718.68,132.53],[718.68,132.5],[718.68,132.49],[718.68,132.49],[718.67,132.48],[718.66,132.48],[718.65,132.5],[718.65,132.51],[718.64,132.52],[718.63,132.53],[718.62,132.53],[718.61,132.49],[718.62,132.46],[718.62,132.45],[718.62,132.44],[718.63,132.44],[718.64,132.44],[718.64,132.45]]]}},{"type":"Feature","id":"12009-168","properties":{"ridingCode":"12009","pollNumber":"168","pollType":"N","advancePollNumber":"609","sourceCode":"168-0","geometryPollNumbers":["168"],"code":"12009-168","resultPollNumbers":["168"],"resultStatus":"exact","result":{"electors":245,"voters":106,"totalVotes":106,"rejected":0,"turnout":43.26530612244898,"winnerId":"braedon-clark","winnerPartyId":"LIB","runnerUpId":"dave-carroll","runnerUpPartyId":"CPC","margin":17.92452830188679,"top":[{"id":"braedon-clark","name":"Braedon Clark","shortName":"Clark","partyId":"LIB","votes":62,"share":58.490566037735846},{"id":"dave-carroll","name":"Dave Carroll","shortName":"Carroll","partyId":"CPC","votes":43,"share":40.56603773584906},{"id":"isaac-wilson","name":"Isaac Wilson","shortName":"Wilson","partyId":"NDP","votes":1,"share":0.9433962264150944},{"id":"andre-anderson","name":"Andre Anderson","shortName":"Anderson","partyId":"GRN","votes":0,"share":0}],"partyVotes":{"LIB":62,"CPC":43,"BQ":0,"NDP":1,"GRN":0,"PPC":0,"OTH":0}}},"geometry":{"type":"Polygon","coordinates":[[[718.73,132.34],[718.77,132.37],[718.86,132.41],[718.89,132.42],[718.92,132.43],[718.93,132.49],[718.94,132.52],[718.92,132.52],[718.81,132.5],[718.78,132.5],[718.74,132.49],[718.74,132.44],[718.73,132.41],[718.7,132.38],[718.7,132.37],[718.71,132.36],[718.71,132.36],[718.7,132.36],[718.69,132.35],[718.68,132.34],[718.68,132.34],[718.71,132.33],[718.73,132.34]]]}},{"type":"Feature","id":"12009-169","properties":{"ridingCode":"12009","pollNumber":"169","pollType":"N","advancePollNumber":"615","sourceCode":"169-0","geometryPollNumbers":["169"],"code":"12009-169","resultPollNumbers":["169"],"resultStatus":"exact","result":{"electors":515,"voters":127,"totalVotes":127,"rejected":0,"turnout":24.660194174757283,"winnerId":"braedon-clark","winnerPartyId":"LIB","runnerUpId":"dave-carroll","runnerUpPartyId":"CPC","margin":40.94488188976378,"top":[{"id":"braedon-clark","name":"Braedon Clark","shortName":"Clark","partyId":"LIB","votes":85,"share":66.92913385826772},{"id":"dave-carroll","name":"Dave Carroll","shortName":"Carroll","partyId":"CPC","votes":33,"share":25.984251968503933},{"id":"isaac-wilson","name":"Isaac Wilson","shortName":"Wilson","partyId":"NDP","votes":6,"share":4.724409448818897},{"id":"andre-anderson","name":"Andre Anderson","shortName":"Anderson","partyId":"GRN","votes":2,"share":1.574803149606299}],"partyVotes":{"LIB":85,"CPC":33,"BQ":0,"NDP":6,"GRN":2,"PPC":1,"OTH":0}}},"geometry":{"type":"Polygon","coordinates":[[[719.43,132.6],[719.41,132.52],[719.42,132.5],[719.42,132.48],[719.46,132.44],[719.47,132.46],[719.46,132.47],[719.47,132.49],[719.48,132.49],[719.48,132.5],[719.48,132.51],[719.49,132.52],[719.49,132.53],[719.5,132.53],[719.5,132.53],[719.51,132.53],[719.53,132.51],[719.53,132.52],[719.52,132.53],[719.52,132.54],[719.52,132.54],[719.53,132.55],[719.54,132.54],[719.55,132.54],[719.56,132.56],[719.55,132.57],[719.53,132.56],[719.48,132.57],[719.45,132.59],[719.45,132.59],[719.45,132.61],[719.45,132.62],[719.45,132.65],[719.45,132.66],[719.45,132.66],[719.45,132.65],[719.46,132.65],[719.46,132.65],[719.46,132.67],[719.45,132.67],[719.45,132.69],[719.44,132.65],[719.43,132.6]]]}},{"type":"Feature","id":"12009-170","properties":{"ridingCode":"12009","pollNumber":"170","pollType":"N","advancePollNumber":"617","sourceCode":"170-0","geometryPollNumbers":["170"],"code":"12009-170","resultPollNumbers":["170"],"resultStatus":"exact","result":{"electors":477,"voters":109,"totalVotes":108,"rejected":1,"turnout":22.851153039832283,"winnerId":"braedon-clark","winnerPartyId":"LIB","runnerUpId":"dave-carroll","runnerUpPartyId":"CPC","margin":35.18518518518518,"top":[{"id":"braedon-clark","name":"Braedon Clark","shortName":"Clark","partyId":"LIB","votes":71,"share":65.74074074074075},{"id":"dave-carroll","name":"Dave Carroll","shortName":"Carroll","partyId":"CPC","votes":33,"share":30.555555555555557},{"id":"isaac-wilson","name":"Isaac Wilson","shortName":"Wilson","partyId":"NDP","votes":3,"share":2.7777777777777777},{"id":"andre-anderson","name":"Andre Anderson","shortName":"Anderson","partyId":"GRN","votes":1,"share":0.9259259259259258}],"partyVotes":{"LIB":71,"CPC":33,"BQ":0,"NDP":3,"GRN":1,"PPC":0,"OTH":0}}},"geometry":{"type":"Polygon","coordinates":[[[719.6,132.46],[719.59,132.46],[719.59,132.47],[719.58,132.46],[719.59,132.45],[719.59,132.44],[719.59,132.44],[719.6,132.45],[719.61,132.45],[719.62,132.44],[719.63,132.45],[719.61,132.46],[719.6,132.46]]]}},{"type":"Feature","id":"12009-171","properties":{"ridingCode":"12009","pollNumber":"171","pollType":"N","advancePollNumber":"617","sourceCode":"171-0","geometryPollNumbers":["171"],"code":"12009-171","resultPollNumbers":["171"],"resultStatus":"exact","result":{"electors":479,"voters":117,"totalVotes":117,"rejected":0,"turnout":24.4258872651357,"winnerId":"braedon-clark","winnerPartyId":"LIB","runnerUpId":"dave-carroll","runnerUpPartyId":"CPC","margin":30.76923076923077,"top":[{"id":"braedon-clark","name":"Braedon Clark","shortName":"Clark","partyId":"LIB","votes":71,"share":60.68376068376068},{"id":"dave-carroll","name":"Dave Carroll","shortName":"Carroll","partyId":"CPC","votes":35,"share":29.914529914529915},{"id":"isaac-wilson","name":"Isaac Wilson","shortName":"Wilson","partyId":"NDP","votes":8,"share":6.837606837606838},{"id":"ryan-slaney","name":"Ryan Slaney","shortName":"Slaney","partyId":"PPC","votes":2,"share":1.7094017094017095}],"partyVotes":{"LIB":71,"CPC":35,"BQ":0,"NDP":8,"GRN":1,"PPC":2,"OTH":0}}},"geometry":{"type":"Polygon","coordinates":[[[719.55,132.42],[719.56,132.41],[719.57,132.4],[719.6,132.42],[719.61,132.43],[719.62,132.44],[719.61,132.45],[719.6,132.45],[719.59,132.44],[719.59,132.44],[719.59,132.45],[719.57,132.45],[719.56,132.45],[719.59,132.43],[719.57,132.43],[719.57,132.43],[719.55,132.42]]]}},{"type":"Feature","id":"12009-172","properties":{"ridingCode":"12009","pollNumber":"172","pollType":"N","advancePollNumber":"617","sourceCode":"172-0","geometryPollNumbers":["172"],"code":"12009-172","resultPollNumbers":["172"],"resultStatus":"exact","result":{"electors":340,"voters":93,"totalVotes":93,"rejected":0,"turnout":27.35294117647059,"winnerId":"braedon-clark","winnerPartyId":"LIB","runnerUpId":"dave-carroll","runnerUpPartyId":"CPC","margin":35.483870967741936,"top":[{"id":"braedon-clark","name":"Braedon Clark","shortName":"Clark","partyId":"LIB","votes":61,"share":65.59139784946237},{"id":"dave-carroll","name":"Dave Carroll","shortName":"Carroll","partyId":"CPC","votes":28,"share":30.107526881720432},{"id":"isaac-wilson","name":"Isaac Wilson","shortName":"Wilson","partyId":"NDP","votes":4,"share":4.301075268817205},{"id":"andre-anderson","name":"Andre Anderson","shortName":"Anderson","partyId":"GRN","votes":0,"share":0}],"partyVotes":{"LIB":61,"CPC":28,"BQ":0,"NDP":4,"GRN":0,"PPC":0,"OTH":0}}},"geometry":{"type":"Polygon","coordinates":[[[719.57,132.4],[719.6,132.38],[719.65,132.46],[719.63,132.45],[719.62,132.44],[719.61,132.43],[719.6,132.42],[719.57,132.4],[719.57,132.4],[719.57,132.4]]]}},{"type":"Feature","id":"12009-173","properties":{"ridingCode":"12009","pollNumber":"173","pollType":"N","advancePollNumber":"616","sourceCode":"173-0","geometryPollNumbers":["173"],"code":"12009-173","resultPollNumbers":["173"],"resultStatus":"exact","result":{"electors":404,"voters":175,"totalVotes":173,"rejected":2,"turnout":43.31683168316832,"winnerId":"braedon-clark","winnerPartyId":"LIB","runnerUpId":"dave-carroll","runnerUpPartyId":"CPC","margin":34.104046242774565,"top":[{"id":"braedon-clark","name":"Braedon Clark","shortName":"Clark","partyId":"LIB","votes":110,"share":63.58381502890174},{"id":"dave-carroll","name":"Dave Carroll","shortName":"Carroll","partyId":"CPC","votes":51,"share":29.47976878612717},{"id":"isaac-wilson","name":"Isaac Wilson","shortName":"Wilson","partyId":"NDP","votes":6,"share":3.4682080924855487},{"id":"andre-anderson","name":"Andre Anderson","shortName":"Anderson","partyId":"GRN","votes":4,"share":2.312138728323699}],"partyVotes":{"LIB":110,"CPC":51,"BQ":0,"NDP":6,"GRN":4,"PPC":2,"OTH":0}}},"geometry":{"type":"Polygon","coordinates":[[[719.61,132.55],[719.61,132.55],[719.59,132.56],[719.58,132.55],[719.57,132.55],[719.57,132.53],[719.57,132.52],[719.57,132.52],[719.58,132.51],[719.58,132.51],[719.59,132.52],[719.6,132.53],[719.6,132.54],[719.61,132.55]]]}},{"type":"Feature","id":"12009-174","properties":{"ridingCode":"12009","pollNumber":"174","pollType":"N","advancePollNumber":"615","sourceCode":"174-0","geometryPollNumbers":["174"],"code":"12009-174","resultPollNumbers":["174"],"resultStatus":"exact","result":{"electors":343,"voters":124,"totalVotes":124,"rejected":0,"turnout":36.15160349854227,"winnerId":"braedon-clark","winnerPartyId":"LIB","runnerUpId":"dave-carroll","runnerUpPartyId":"CPC","margin":50.806451612903224,"top":[{"id":"braedon-clark","name":"Braedon Clark","shortName":"Clark","partyId":"LIB","votes":92,"share":74.19354838709677},{"id":"dave-carroll","name":"Dave Carroll","shortName":"Carroll","partyId":"CPC","votes":29,"share":23.387096774193548},{"id":"isaac-wilson","name":"Isaac Wilson","shortName":"Wilson","partyId":"NDP","votes":3,"share":2.4193548387096775},{"id":"andre-anderson","name":"Andre Anderson","shortName":"Anderson","partyId":"GRN","votes":0,"share":0}],"partyVotes":{"LIB":92,"CPC":29,"BQ":0,"NDP":3,"GRN":0,"PPC":0,"OTH":0}}},"geometry":{"type":"Polygon","coordinates":[[[719.54,132.53],[719.53,132.52],[719.53,132.51],[719.54,132.51],[719.57,132.5],[719.58,132.51],[719.57,132.52],[719.57,132.52],[719.54,132.53]]]}},{"type":"Feature","id":"12009-175","properties":{"ridingCode":"12009","pollNumber":"175","pollType":"N","advancePollNumber":"615","sourceCode":"175-0","geometryPollNumbers":["175"],"code":"12009-175","resultPollNumbers":["175"],"resultStatus":"exact","result":{"electors":482,"voters":152,"totalVotes":152,"rejected":0,"turnout":31.535269709543567,"winnerId":"braedon-clark","winnerPartyId":"LIB","runnerUpId":"dave-carroll","runnerUpPartyId":"CPC","margin":22.36842105263158,"top":[{"id":"braedon-clark","name":"Braedon Clark","shortName":"Clark","partyId":"LIB","votes":91,"share":59.86842105263158},{"id":"dave-carroll","name":"Dave Carroll","shortName":"Carroll","partyId":"CPC","votes":57,"share":37.5},{"id":"andre-anderson","name":"Andre Anderson","shortName":"Anderson","partyId":"GRN","votes":3,"share":1.9736842105263157},{"id":"isaac-wilson","name":"Isaac Wilson","shortName":"Wilson","partyId":"NDP","votes":1,"share":0.6578947368421052}],"partyVotes":{"LIB":91,"CPC":57,"BQ":0,"NDP":1,"GRN":3,"PPC":0,"OTH":0}}},"geometry":{"type":"Polygon","coordinates":[[[719.49,132.47],[719.52,132.48],[719.52,132.49],[719.53,132.5],[719.53,132.51],[719.51,132.53],[719.5,132.53],[719.5,132.53],[719.49,132.53],[719.49,132.52],[719.48,132.51],[719.48,132.5],[719.48,132.49],[719.47,132.49],[719.46,132.47],[719.47,132.46],[719.46,132.44],[719.49,132.47]]]}},{"type":"Feature","id":"12009-176","properties":{"ridingCode":"12009","pollNumber":"176","pollType":"N","advancePollNumber":"609","sourceCode":"176-0","geometryPollNumbers":["176"],"code":"12009-176","resultPollNumbers":["176"],"resultStatus":"exact","result":{"electors":375,"voters":127,"totalVotes":127,"rejected":0,"turnout":33.86666666666667,"winnerId":"braedon-clark","winnerPartyId":"LIB","runnerUpId":"dave-carroll","runnerUpPartyId":"CPC","margin":7.086614173228346,"top":[{"id":"braedon-clark","name":"Braedon Clark","shortName":"Clark","partyId":"LIB","votes":66,"share":51.96850393700787},{"id":"dave-carroll","name":"Dave Carroll","shortName":"Carroll","partyId":"CPC","votes":57,"share":44.881889763779526},{"id":"andre-anderson","name":"Andre Anderson","shortName":"Anderson","partyId":"GRN","votes":3,"share":2.3622047244094486},{"id":"isaac-wilson","name":"Isaac Wilson","shortName":"Wilson","partyId":"NDP","votes":1,"share":0.7874015748031495}],"partyVotes":{"LIB":66,"CPC":57,"BQ":0,"NDP":1,"GRN":3,"PPC":0,"OTH":0}}},"geometry":{"type":"Polygon","coordinates":[[[718.53,132.85],[718.51,132.85],[718.5,132.84],[718.49,132.83],[718.61,132.76],[718.61,132.76],[718.59,132.75],[718.59,132.72],[718.57,132.69],[718.58,132.67],[718.57,132.66],[718.57,132.64],[718.57,132.62],[718.57,132.59],[718.58,132.59],[718.59,132.57],[718.61,132.56],[718.62,132.56],[718.62,132.55],[718.62,132.53],[718.63,132.53],[718.64,132.52],[718.65,132.51],[718.65,132.5],[718.66,132.48],[718.67,132.48],[718.68,132.49],[718.68,132.49],[718.68,132.5],[718.68,132.53],[718.68,132.54],[718.69,132.54],[718.71,132.54],[718.72,132.54],[718.72,132.55],[718.7,132.57],[718.69,132.59],[718.69,132.6],[718.68,132.6],[718.67,132.62],[718.68,132.62],[718.66,132.64],[718.66,132.65],[718.66,132.66],[718.65,132.66],[718.67,132.7],[718.67,132.7],[718.67,132.71],[718.68,132.72],[718.69,132.72],[718.69,132.73],[718.7,132.73],[718.62,132.78],[718.56,132.82],[718.55,132.83],[718.55,132.84],[718.54,132.85],[718.53,132.85]]]}},{"type":"Feature","id":"12009-177","properties":{"ridingCode":"12009","pollNumber":"177","pollType":"N","advancePollNumber":"609","sourceCode":"177-0","geometryPollNumbers":["177"],"code":"12009-177","resultPollNumbers":["177"],"resultStatus":"exact","result":{"electors":567,"voters":183,"totalVotes":183,"rejected":0,"turnout":32.27513227513227,"winnerId":"braedon-clark","winnerPartyId":"LIB","runnerUpId":"dave-carroll","runnerUpPartyId":"CPC","margin":14.207650273224044,"top":[{"id":"braedon-clark","name":"Braedon Clark","shortName":"Clark","partyId":"LIB","votes":95,"share":51.91256830601093},{"id":"dave-carroll","name":"Dave Carroll","shortName":"Carroll","partyId":"CPC","votes":69,"share":37.704918032786885},{"id":"isaac-wilson","name":"Isaac Wilson","shortName":"Wilson","partyId":"NDP","votes":10,"share":5.46448087431694},{"id":"andre-anderson","name":"Andre Anderson","shortName":"Anderson","partyId":"GRN","votes":8,"share":4.371584699453552}],"partyVotes":{"LIB":95,"CPC":69,"BQ":0,"NDP":10,"GRN":8,"PPC":1,"OTH":0}}},"geometry":{"type":"Polygon","coordinates":[[[717.9,132.43],[718.07,132.24],[718.07,132.24],[718.07,132.25],[718.23,132.24],[718.23,132.25],[718.35,132.21],[718.38,132.2],[718.43,132.3],[718.45,132.32],[718.48,132.33],[718.51,132.37],[718.54,132.47],[718.55,132.48],[718.55,132.49],[718.55,132.52],[718.57,132.52],[718.55,132.53],[718.51,132.54],[718.06,132.67],[718.06,132.65],[718.04,132.62],[718.02,132.6],[717.97,132.6],[717.9,132.64],[717.89,132.64],[717.88,132.63],[717.88,132.63],[717.88,132.62],[717.89,132.62],[717.9,132.61],[717.91,132.59],[717.92,132.56],[717.94,132.52],[717.94,132.5],[717.93,132.48],[717.93,132.47],[717.93,132.45],[717.9,132.44],[717.9,132.43],[717.9,132.43]]]}},{"type":"Feature","id":"12009-178","properties":{"ridingCode":"12009","pollNumber":"178","pollType":"N","advancePollNumber":"609","sourceCode":"178-0","geometryPollNumbers":["178"],"code":"12009-178","resultPollNumbers":["178"],"resultStatus":"exact","result":{"electors":464,"voters":190,"totalVotes":190,"rejected":0,"turnout":40.94827586206897,"winnerId":"braedon-clark","winnerPartyId":"LIB","runnerUpId":"dave-carroll","runnerUpPartyId":"CPC","margin":3.1578947368421053,"top":[{"id":"braedon-clark","name":"Braedon Clark","shortName":"Clark","partyId":"LIB","votes":95,"share":50},{"id":"dave-carroll","name":"Dave Carroll","shortName":"Carroll","partyId":"CPC","votes":89,"share":46.8421052631579},{"id":"isaac-wilson","name":"Isaac Wilson","shortName":"Wilson","partyId":"NDP","votes":6,"share":3.1578947368421053},{"id":"andre-anderson","name":"Andre Anderson","shortName":"Anderson","partyId":"GRN","votes":0,"share":0}],"partyVotes":{"LIB":95,"CPC":89,"BQ":0,"NDP":6,"GRN":0,"PPC":0,"OTH":0}}},"geometry":{"type":"Polygon","coordinates":[[[718.07,132.24],[718.29,132.09],[718.37,132.04],[718.37,132.04],[718.37,132.05],[718.37,132.06],[718.37,132.07],[718.37,132.08],[718.39,132.08],[718.39,132.1],[718.4,132.11],[718.41,132.12],[718.42,132.13],[718.42,132.13],[718.43,132.13],[718.43,132.12],[718.44,132.12],[718.44,132.12],[718.46,132.12],[718.47,132.13],[718.47,132.14],[718.49,132.14],[718.49,132.14],[718.5,132.14],[718.54,132.32],[718.61,132.28],[718.62,132.29],[718.63,132.3],[718.63,132.34],[718.59,132.33],[718.59,132.35],[718.59,132.36],[718.6,132.36],[718.6,132.37],[718.59,132.38],[718.59,132.38],[718.6,132.41],[718.59,132.43],[718.6,132.45],[718.6,132.46],[718.62,132.46],[718.61,132.49],[718.62,132.53],[718.62,132.55],[718.62,132.56],[718.61,132.56],[718.59,132.57],[718.58,132.59],[718.57,132.59],[718.58,132.58],[718.57,132.57],[718.56,132.53],[718.57,132.52],[718.55,132.52],[718.55,132.49],[718.55,132.48],[718.54,132.47],[718.51,132.37],[718.48,132.33],[718.45,132.32],[718.43,132.3],[718.38,132.2],[718.35,132.21],[718.23,132.25],[718.23,132.24],[718.07,132.25],[718.07,132.24],[718.07,132.24]],[[718.55,132.37],[718.55,132.37],[718.55,132.37],[718.55,132.37]]]}},{"type":"Feature","id":"12009-179","properties":{"ridingCode":"12009","pollNumber":"179","pollType":"N","advancePollNumber":"616","sourceCode":"179-0","geometryPollNumbers":["179"],"code":"12009-179","resultPollNumbers":["179"],"resultStatus":"exact","result":{"electors":479,"voters":124,"totalVotes":123,"rejected":1,"turnout":25.887265135699373,"winnerId":"braedon-clark","winnerPartyId":"LIB","runnerUpId":"dave-carroll","runnerUpPartyId":"CPC","margin":11.38211382113821,"top":[{"id":"braedon-clark","name":"Braedon Clark","shortName":"Clark","partyId":"LIB","votes":67,"share":54.47154471544715},{"id":"dave-carroll","name":"Dave Carroll","shortName":"Carroll","partyId":"CPC","votes":53,"share":43.08943089430895},{"id":"andre-anderson","name":"Andre Anderson","shortName":"Anderson","partyId":"GRN","votes":2,"share":1.6260162601626018},{"id":"isaac-wilson","name":"Isaac Wilson","shortName":"Wilson","partyId":"NDP","votes":1,"share":0.8130081300813009}],"partyVotes":{"LIB":67,"CPC":53,"BQ":0,"NDP":1,"GRN":2,"PPC":0,"OTH":0}}},"geometry":{"type":"Polygon","coordinates":[[[719.57,132.5],[719.57,132.49],[719.57,132.49],[719.57,132.5],[719.6,132.49],[719.59,132.48],[719.59,132.47],[719.59,132.46],[719.6,132.46],[719.61,132.46],[719.61,132.47],[719.63,132.48],[719.64,132.48],[719.63,132.49],[719.62,132.5],[719.62,132.5],[719.61,132.51],[719.6,132.52],[719.6,132.53],[719.59,132.52],[719.58,132.51],[719.58,132.51],[719.57,132.5]]]}},{"type":"Feature","id":"12009-180A+180B","properties":{"ridingCode":"12009","pollNumber":"180A+180B","pollType":"N","advancePollNumber":"617","sourceCode":"180-0","geometryPollNumbers":["180"],"code":"12009-180A+180B","resultPollNumbers":["180A","180B"],"resultStatus":"resolved-suffix","result":{"electors":491,"voters":157,"totalVotes":157,"rejected":0,"turnout":31.975560081466398,"winnerId":"braedon-clark","winnerPartyId":"LIB","runnerUpId":"dave-carroll","runnerUpPartyId":"CPC","margin":40.76433121019109,"top":[{"id":"braedon-clark","name":"Braedon Clark","shortName":"Clark","partyId":"LIB","votes":106,"share":67.51592356687898},{"id":"dave-carroll","name":"Dave Carroll","shortName":"Carroll","partyId":"CPC","votes":42,"share":26.751592356687897},{"id":"isaac-wilson","name":"Isaac Wilson","shortName":"Wilson","partyId":"NDP","votes":6,"share":3.821656050955414},{"id":"ryan-slaney","name":"Ryan Slaney","shortName":"Slaney","partyId":"PPC","votes":2,"share":1.2738853503184715}],"partyVotes":{"LIB":106,"CPC":42,"BQ":0,"NDP":6,"GRN":1,"PPC":2,"OTH":0}}},"geometry":{"type":"Polygon","coordinates":[[[719.63,132.45],[719.65,132.46],[719.67,132.49],[719.65,132.51],[719.6,132.53],[719.6,132.52],[719.61,132.51],[719.62,132.5],[719.62,132.5],[719.63,132.49],[719.64,132.48],[719.63,132.48],[719.61,132.47],[719.61,132.46],[719.63,132.45]]]}},{"type":"Feature","id":"12009-181","properties":{"ridingCode":"12009","pollNumber":"181","pollType":"N","advancePollNumber":"616","sourceCode":"181-0","geometryPollNumbers":["181"],"code":"12009-181","resultPollNumbers":["181"],"resultStatus":"exact","result":{"electors":521,"voters":128,"totalVotes":127,"rejected":1,"turnout":24.56813819577735,"winnerId":"braedon-clark","winnerPartyId":"LIB","runnerUpId":"dave-carroll","runnerUpPartyId":"CPC","margin":21.25984251968504,"top":[{"id":"braedon-clark","name":"Braedon Clark","shortName":"Clark","partyId":"LIB","votes":74,"share":58.26771653543307},{"id":"dave-carroll","name":"Dave Carroll","shortName":"Carroll","partyId":"CPC","votes":47,"share":37.00787401574803},{"id":"isaac-wilson","name":"Isaac Wilson","shortName":"Wilson","partyId":"NDP","votes":3,"share":2.3622047244094486},{"id":"andre-anderson","name":"Andre Anderson","shortName":"Anderson","partyId":"GRN","votes":2,"share":1.574803149606299}],"partyVotes":{"LIB":74,"CPC":47,"BQ":0,"NDP":3,"GRN":2,"PPC":1,"OTH":0}}},"geometry":{"type":"Polygon","coordinates":[[[719.55,132.47],[719.53,132.44],[719.54,132.44],[719.55,132.42],[719.57,132.43],[719.57,132.43],[719.59,132.43],[719.56,132.45],[719.57,132.45],[719.59,132.45],[719.58,132.46],[719.59,132.47],[719.59,132.48],[719.6,132.49],[719.57,132.5],[719.57,132.49],[719.57,132.49],[719.56,132.49],[719.55,132.48],[719.56,132.48],[719.55,132.47]]]}},{"type":"Feature","id":"12009-182","properties":{"ridingCode":"12009","pollNumber":"182","pollType":"N","advancePollNumber":"609","sourceCode":"182-0","geometryPollNumbers":["182"],"code":"12009-182","resultPollNumbers":["182"],"resultStatus":"exact","result":{"electors":360,"voters":115,"totalVotes":114,"rejected":1,"turnout":31.944444444444443,"winnerId":"braedon-clark","winnerPartyId":"LIB","runnerUpId":"dave-carroll","runnerUpPartyId":"CPC","margin":22.807017543859647,"top":[{"id":"braedon-clark","name":"Braedon Clark","shortName":"Clark","partyId":"LIB","votes":68,"share":59.64912280701754},{"id":"dave-carroll","name":"Dave Carroll","shortName":"Carroll","partyId":"CPC","votes":42,"share":36.84210526315789},{"id":"isaac-wilson","name":"Isaac Wilson","shortName":"Wilson","partyId":"NDP","votes":3,"share":2.631578947368421},{"id":"andre-anderson","name":"Andre Anderson","shortName":"Anderson","partyId":"GRN","votes":1,"share":0.8771929824561403}],"partyVotes":{"LIB":68,"CPC":42,"BQ":0,"NDP":3,"GRN":1,"PPC":0,"OTH":0}}},"geometry":{"type":"Polygon","coordinates":[[[718.6,132.36],[718.59,132.36],[718.59,132.35],[718.59,132.33],[718.63,132.34],[718.64,132.34],[718.67,132.33],[718.68,132.34],[718.68,132.34],[718.65,132.34],[718.65,132.36],[718.65,132.36],[718.66,132.4],[718.67,132.39],[718.68,132.43],[718.66,132.43],[718.65,132.43],[718.64,132.45],[718.64,132.44],[718.63,132.44],[718.62,132.44],[718.62,132.45],[718.62,132.46],[718.6,132.46],[718.6,132.45],[718.59,132.43],[718.6,132.41],[718.59,132.38],[718.59,132.38],[718.6,132.37],[718.6,132.36]]]}},{"type":"Feature","id":"12009-183","properties":{"ridingCode":"12009","pollNumber":"183","pollType":"N","advancePollNumber":"617","sourceCode":"183-0","geometryPollNumbers":["183"],"code":"12009-183","resultPollNumbers":["183"],"resultStatus":"exact","result":{"electors":492,"voters":143,"totalVotes":143,"rejected":0,"turnout":29.065040650406505,"winnerId":"braedon-clark","winnerPartyId":"LIB","runnerUpId":"dave-carroll","runnerUpPartyId":"CPC","margin":8.391608391608392,"top":[{"id":"braedon-clark","name":"Braedon Clark","shortName":"Clark","partyId":"LIB","votes":74,"share":51.74825174825175},{"id":"dave-carroll","name":"Dave Carroll","shortName":"Carroll","partyId":"CPC","votes":62,"share":43.35664335664335},{"id":"isaac-wilson","name":"Isaac Wilson","shortName":"Wilson","partyId":"NDP","votes":5,"share":3.4965034965034967},{"id":"andre-anderson","name":"Andre Anderson","shortName":"Anderson","partyId":"GRN","votes":2,"share":1.3986013986013985}],"partyVotes":{"LIB":74,"CPC":62,"BQ":0,"NDP":5,"GRN":2,"PPC":0,"OTH":0}}},"geometry":{"type":"MultiPolygon","coordinates":[[[[719.69,132.46],[719.67,132.47],[719.68,132.46],[719.67,132.45],[719.69,132.44],[719.7,132.44],[719.71,132.43],[719.72,132.44],[719.71,132.46],[719.69,132.46]]],[[[719.69,132.46],[719.69,132.47],[719.71,132.48],[719.69,132.48],[719.69,132.48],[719.69,132.47],[719.69,132.46]]]]}},{"type":"Feature","id":"12009-184A+186A+186B","properties":{"ridingCode":"12009","pollNumber":"184A+186A+186B","pollType":"N","advancePollNumber":"617","sourceCode":"184-0","geometryPollNumbers":["184","186"],"code":"12009-184A+186A+186B","resultPollNumbers":["184A","186A","186B"],"resultStatus":"resolved-combination","result":{"electors":942,"voters":303,"totalVotes":299,"rejected":4,"turnout":32.1656050955414,"winnerId":"braedon-clark","winnerPartyId":"LIB","runnerUpId":"dave-carroll","runnerUpPartyId":"CPC","margin":30.434782608695656,"top":[{"id":"braedon-clark","name":"Braedon Clark","shortName":"Clark","partyId":"LIB","votes":179,"share":59.86622073578596},{"id":"dave-carroll","name":"Dave Carroll","shortName":"Carroll","partyId":"CPC","votes":88,"share":29.431438127090303},{"id":"isaac-wilson","name":"Isaac Wilson","shortName":"Wilson","partyId":"NDP","votes":17,"share":5.68561872909699},{"id":"andre-anderson","name":"Andre Anderson","shortName":"Anderson","partyId":"GRN","votes":8,"share":2.6755852842809364}],"partyVotes":{"LIB":179,"CPC":88,"BQ":0,"NDP":17,"GRN":8,"PPC":7,"OTH":0}}},"geometry":{"type":"MultiPolygon","coordinates":[[[[719.71,132.46],[719.74,132.43],[719.75,132.43],[719.76,132.44],[719.76,132.45],[719.76,132.45],[719.76,132.46],[719.71,132.46]]],[[[719.62,132.38],[719.64,132.37],[719.66,132.38],[719.69,132.4],[719.69,132.39],[719.69,132.39],[719.7,132.39],[719.71,132.38],[719.69,132.36],[719.71,132.35],[719.74,132.4],[719.75,132.41],[719.75,132.42],[719.77,132.44],[719.76,132.45],[719.76,132.45],[719.76,132.44],[719.75,132.43],[719.74,132.43],[719.71,132.46],[719.72,132.44],[719.71,132.43],[719.69,132.41],[719.69,132.41],[719.67,132.4],[719.66,132.39],[719.65,132.39],[719.64,132.39],[719.64,132.39],[719.65,132.42],[719.65,132.42],[719.65,132.46],[719.6,132.38],[719.6,132.38],[719.6,132.38],[719.62,132.38]]]]}},{"type":"Feature","id":"12009-185","properties":{"ridingCode":"12009","pollNumber":"185","pollType":"N","advancePollNumber":"617","sourceCode":"185-0","geometryPollNumbers":["185"],"code":"12009-185","resultPollNumbers":["185"],"resultStatus":"exact","result":{"electors":537,"voters":153,"totalVotes":152,"rejected":1,"turnout":28.49162011173184,"winnerId":"braedon-clark","winnerPartyId":"LIB","runnerUpId":"dave-carroll","runnerUpPartyId":"CPC","margin":20.394736842105264,"top":[{"id":"braedon-clark","name":"Braedon Clark","shortName":"Clark","partyId":"LIB","votes":87,"share":57.23684210526315},{"id":"dave-carroll","name":"Dave Carroll","shortName":"Carroll","partyId":"CPC","votes":56,"share":36.84210526315789},{"id":"isaac-wilson","name":"Isaac Wilson","shortName":"Wilson","partyId":"NDP","votes":8,"share":5.263157894736842},{"id":"ryan-slaney","name":"Ryan Slaney","shortName":"Slaney","partyId":"PPC","votes":1,"share":0.6578947368421052}],"partyVotes":{"LIB":87,"CPC":56,"BQ":0,"NDP":8,"GRN":0,"PPC":1,"OTH":0}}},"geometry":{"type":"Polygon","coordinates":[[[719.65,132.42],[719.64,132.39],[719.64,132.39],[719.65,132.39],[719.66,132.39],[719.67,132.4],[719.69,132.41],[719.69,132.41],[719.71,132.43],[719.7,132.44],[719.69,132.44],[719.66,132.43],[719.65,132.42]]]}},{"type":"Feature","id":"12009-187","properties":{"ridingCode":"12009","pollNumber":"187","pollType":"N","advancePollNumber":"616","sourceCode":"187-0","geometryPollNumbers":["187"],"code":"12009-187","resultPollNumbers":["187"],"resultStatus":"exact","result":{"electors":564,"voters":166,"totalVotes":164,"rejected":2,"turnout":29.432624113475175,"winnerId":"braedon-clark","winnerPartyId":"LIB","runnerUpId":"dave-carroll","runnerUpPartyId":"CPC","margin":29.878048780487802,"top":[{"id":"braedon-clark","name":"Braedon Clark","shortName":"Clark","partyId":"LIB","votes":104,"share":63.41463414634146},{"id":"dave-carroll","name":"Dave Carroll","shortName":"Carroll","partyId":"CPC","votes":55,"share":33.53658536585366},{"id":"isaac-wilson","name":"Isaac Wilson","shortName":"Wilson","partyId":"NDP","votes":5,"share":3.048780487804878},{"id":"andre-anderson","name":"Andre Anderson","shortName":"Anderson","partyId":"GRN","votes":0,"share":0}],"partyVotes":{"LIB":104,"CPC":55,"BQ":0,"NDP":5,"GRN":0,"PPC":0,"OTH":0}}},"geometry":{"type":"Polygon","coordinates":[[[719.51,132.39],[719.52,132.38],[719.55,132.37],[719.53,132.41],[719.52,132.41],[719.53,132.42],[719.53,132.42],[719.53,132.43],[719.53,132.44],[719.55,132.47],[719.56,132.48],[719.55,132.48],[719.56,132.49],[719.57,132.49],[719.57,132.5],[719.54,132.51],[719.53,132.51],[719.53,132.5],[719.52,132.49],[719.52,132.48],[719.49,132.47],[719.46,132.44],[719.51,132.39]]]}},{"type":"Feature","id":"12009-188A+188B","properties":{"ridingCode":"12009","pollNumber":"188A+188B","pollType":"N","advancePollNumber":"616","sourceCode":"188-0","geometryPollNumbers":["188"],"code":"12009-188A+188B","resultPollNumbers":["188A","188B"],"resultStatus":"resolved-suffix","result":{"electors":419,"voters":164,"totalVotes":162,"rejected":2,"turnout":39.140811455847256,"winnerId":"braedon-clark","winnerPartyId":"LIB","runnerUpId":"dave-carroll","runnerUpPartyId":"CPC","margin":27.160493827160494,"top":[{"id":"braedon-clark","name":"Braedon Clark","shortName":"Clark","partyId":"LIB","votes":96,"share":59.25925925925925},{"id":"dave-carroll","name":"Dave Carroll","shortName":"Carroll","partyId":"CPC","votes":52,"share":32.098765432098766},{"id":"isaac-wilson","name":"Isaac Wilson","shortName":"Wilson","partyId":"NDP","votes":10,"share":6.172839506172839},{"id":"ryan-slaney","name":"Ryan Slaney","shortName":"Slaney","partyId":"PPC","votes":3,"share":1.8518518518518516}],"partyVotes":{"LIB":96,"CPC":52,"BQ":0,"NDP":10,"GRN":1,"PPC":3,"OTH":0}}},"geometry":{"type":"Polygon","coordinates":[[[719.53,132.41],[719.55,132.37],[719.56,132.39],[719.57,132.4],[719.57,132.4],[719.57,132.4],[719.56,132.41],[719.55,132.42],[719.54,132.44],[719.53,132.44],[719.53,132.43],[719.53,132.42],[719.53,132.42],[719.52,132.41],[719.53,132.41]]]}},{"type":"Feature","id":"12009-189","properties":{"ridingCode":"12009","pollNumber":"189","pollType":"N","advancePollNumber":"617","sourceCode":"189-0","geometryPollNumbers":["189"],"code":"12009-189","resultPollNumbers":["189"],"resultStatus":"exact","result":{"electors":389,"voters":92,"totalVotes":91,"rejected":1,"turnout":23.65038560411311,"winnerId":"braedon-clark","winnerPartyId":"LIB","runnerUpId":"dave-carroll","runnerUpPartyId":"CPC","margin":21.978021978021978,"top":[{"id":"braedon-clark","name":"Braedon Clark","shortName":"Clark","partyId":"LIB","votes":52,"share":57.14285714285714},{"id":"dave-carroll","name":"Dave Carroll","shortName":"Carroll","partyId":"CPC","votes":32,"share":35.16483516483517},{"id":"isaac-wilson","name":"Isaac Wilson","shortName":"Wilson","partyId":"NDP","votes":4,"share":4.395604395604396},{"id":"ryan-slaney","name":"Ryan Slaney","shortName":"Slaney","partyId":"PPC","votes":2,"share":2.197802197802198}],"partyVotes":{"LIB":52,"CPC":32,"BQ":0,"NDP":4,"GRN":1,"PPC":2,"OTH":0}}},"geometry":{"type":"Polygon","coordinates":[[[719.65,132.36],[719.65,132.35],[719.66,132.34],[719.67,132.35],[719.67,132.35],[719.68,132.36],[719.68,132.37],[719.69,132.36],[719.71,132.38],[719.7,132.39],[719.69,132.39],[719.69,132.39],[719.69,132.4],[719.66,132.38],[719.66,132.38],[719.66,132.37],[719.65,132.36]]]}},{"type":"Feature","id":"12009-190A+190B+190C","properties":{"ridingCode":"12009","pollNumber":"190A+190B+190C","pollType":"N","advancePollNumber":"616","sourceCode":"190-0","geometryPollNumbers":["190"],"code":"12009-190A+190B+190C","resultPollNumbers":["190A","190B","190C"],"resultStatus":"resolved-suffix","result":{"electors":590,"voters":268,"totalVotes":268,"rejected":0,"turnout":45.42372881355932,"winnerId":"braedon-clark","winnerPartyId":"LIB","runnerUpId":"dave-carroll","runnerUpPartyId":"CPC","margin":43.28358208955223,"top":[{"id":"braedon-clark","name":"Braedon Clark","shortName":"Clark","partyId":"LIB","votes":183,"share":68.28358208955224},{"id":"dave-carroll","name":"Dave Carroll","shortName":"Carroll","partyId":"CPC","votes":67,"share":25},{"id":"isaac-wilson","name":"Isaac Wilson","shortName":"Wilson","partyId":"NDP","votes":11,"share":4.104477611940299},{"id":"andre-anderson","name":"Andre Anderson","shortName":"Anderson","partyId":"GRN","votes":4,"share":1.4925373134328357}],"partyVotes":{"LIB":183,"CPC":67,"BQ":0,"NDP":11,"GRN":4,"PPC":3,"OTH":0}}},"geometry":{"type":"Polygon","coordinates":[[[719.55,132.37],[719.58,132.35],[719.63,132.33],[719.68,132.33],[719.71,132.35],[719.69,132.36],[719.68,132.37],[719.68,132.36],[719.67,132.35],[719.67,132.35],[719.66,132.34],[719.65,132.35],[719.65,132.36],[719.66,132.37],[719.66,132.38],[719.66,132.38],[719.64,132.37],[719.62,132.38],[719.62,132.37],[719.62,132.36],[719.61,132.36],[719.61,132.38],[719.62,132.38],[719.6,132.38],[719.6,132.38],[719.6,132.38],[719.57,132.4],[719.56,132.39],[719.55,132.37]]]}},{"type":"Feature","id":"12009-191A+191B","properties":{"ridingCode":"12009","pollNumber":"191A+191B","pollType":"N","advancePollNumber":"616","sourceCode":"191-0","geometryPollNumbers":["191"],"code":"12009-191A+191B","resultPollNumbers":["191A","191B"],"resultStatus":"resolved-suffix","result":{"electors":498,"voters":296,"totalVotes":295,"rejected":1,"turnout":59.43775100401606,"winnerId":"braedon-clark","winnerPartyId":"LIB","runnerUpId":"dave-carroll","runnerUpPartyId":"CPC","margin":51.186440677966104,"top":[{"id":"braedon-clark","name":"Braedon Clark","shortName":"Clark","partyId":"LIB","votes":214,"share":72.54237288135593},{"id":"dave-carroll","name":"Dave Carroll","shortName":"Carroll","partyId":"CPC","votes":63,"share":21.35593220338983},{"id":"isaac-wilson","name":"Isaac Wilson","shortName":"Wilson","partyId":"NDP","votes":15,"share":5.084745762711865},{"id":"ryan-slaney","name":"Ryan Slaney","shortName":"Slaney","partyId":"PPC","votes":2,"share":0.6779661016949152}],"partyVotes":{"LIB":214,"CPC":63,"BQ":0,"NDP":15,"GRN":1,"PPC":2,"OTH":0}}},"geometry":{"type":"Polygon","coordinates":[[[719.62,132.37],[719.62,132.38],[719.61,132.38],[719.61,132.36],[719.62,132.36],[719.62,132.37]]]}},{"type":"Feature","id":"12009-400","properties":{"ridingCode":"12009","pollNumber":"400","pollType":"S","advancePollNumber":"616","sourceCode":"400-0","geometryPollNumbers":["400"],"code":"12009-400","resultPollNumbers":["400"],"resultStatus":"exact","result":{"electors":149,"voters":70,"totalVotes":70,"rejected":0,"turnout":46.97986577181208,"winnerId":"braedon-clark","winnerPartyId":"LIB","runnerUpId":"dave-carroll","runnerUpPartyId":"CPC","margin":51.42857142857142,"top":[{"id":"braedon-clark","name":"Braedon Clark","shortName":"Clark","partyId":"LIB","votes":53,"share":75.71428571428571},{"id":"dave-carroll","name":"Dave Carroll","shortName":"Carroll","partyId":"CPC","votes":17,"share":24.285714285714285},{"id":"andre-anderson","name":"Andre Anderson","shortName":"Anderson","partyId":"GRN","votes":0,"share":0},{"id":"ryan-slaney","name":"Ryan Slaney","shortName":"Slaney","partyId":"PPC","votes":0,"share":0}],"partyVotes":{"LIB":53,"CPC":17,"BQ":0,"NDP":0,"GRN":0,"PPC":0,"OTH":0}}},"geometry":{"type":"Polygon","coordinates":[[[719.72,132.48],[719.72,132.48],[719.72,132.48],[719.72,132.48],[719.72,132.48]]]}},{"type":"Feature","id":"12009-401","properties":{"ridingCode":"12009","pollNumber":"401","pollType":"S","advancePollNumber":"617","sourceCode":"401-0","geometryPollNumbers":["401"],"code":"12009-401","resultPollNumbers":["401"],"resultStatus":"exact","result":{"electors":88,"voters":42,"totalVotes":42,"rejected":0,"turnout":47.72727272727273,"winnerId":"braedon-clark","winnerPartyId":"LIB","runnerUpId":"dave-carroll","runnerUpPartyId":"CPC","margin":57.14285714285714,"top":[{"id":"braedon-clark","name":"Braedon Clark","shortName":"Clark","partyId":"LIB","votes":32,"share":76.19047619047619},{"id":"dave-carroll","name":"Dave Carroll","shortName":"Carroll","partyId":"CPC","votes":8,"share":19.047619047619047},{"id":"isaac-wilson","name":"Isaac Wilson","shortName":"Wilson","partyId":"NDP","votes":2,"share":4.761904761904762},{"id":"andre-anderson","name":"Andre Anderson","shortName":"Anderson","partyId":"GRN","votes":0,"share":0}],"partyVotes":{"LIB":32,"CPC":8,"BQ":0,"NDP":2,"GRN":0,"PPC":0,"OTH":0}}},"geometry":{"type":"Polygon","coordinates":[[[719.72,132.48],[719.72,132.48],[719.72,132.48],[719.72,132.48],[719.72,132.48]]]}},{"type":"Feature","id":"12009-402","properties":{"ridingCode":"12009","pollNumber":"402","pollType":"S","advancePollNumber":"617","sourceCode":"402-0","geometryPollNumbers":["402"],"code":"12009-402","resultPollNumbers":["402"],"resultStatus":"exact","result":{"electors":128,"voters":64,"totalVotes":64,"rejected":0,"turnout":50,"winnerId":"braedon-clark","winnerPartyId":"LIB","runnerUpId":"dave-carroll","runnerUpPartyId":"CPC","margin":46.875,"top":[{"id":"braedon-clark","name":"Braedon Clark","shortName":"Clark","partyId":"LIB","votes":46,"share":71.875},{"id":"dave-carroll","name":"Dave Carroll","shortName":"Carroll","partyId":"CPC","votes":16,"share":25},{"id":"ryan-slaney","name":"Ryan Slaney","shortName":"Slaney","partyId":"PPC","votes":1,"share":1.5625},{"id":"isaac-wilson","name":"Isaac Wilson","shortName":"Wilson","partyId":"NDP","votes":1,"share":1.5625}],"partyVotes":{"LIB":46,"CPC":16,"BQ":0,"NDP":1,"GRN":0,"PPC":1,"OTH":0}}},"geometry":{"type":"Polygon","coordinates":[[[719.72,132.46],[719.71,132.46],[719.71,132.46],[719.72,132.46]]]}},{"type":"Feature","id":"12009-403","properties":{"ridingCode":"12009","pollNumber":"403","pollType":"S","advancePollNumber":"617","sourceCode":"403-0","geometryPollNumbers":["403"],"code":"12009-403","resultPollNumbers":["403"],"resultStatus":"exact","result":{"electors":150,"voters":92,"totalVotes":92,"rejected":0,"turnout":61.33333333333333,"winnerId":"braedon-clark","winnerPartyId":"LIB","runnerUpId":"dave-carroll","runnerUpPartyId":"CPC","margin":60.86956521739131,"top":[{"id":"braedon-clark","name":"Braedon Clark","shortName":"Clark","partyId":"LIB","votes":73,"share":79.34782608695652},{"id":"dave-carroll","name":"Dave Carroll","shortName":"Carroll","partyId":"CPC","votes":17,"share":18.478260869565215},{"id":"isaac-wilson","name":"Isaac Wilson","shortName":"Wilson","partyId":"NDP","votes":2,"share":2.1739130434782608},{"id":"andre-anderson","name":"Andre Anderson","shortName":"Anderson","partyId":"GRN","votes":0,"share":0}],"partyVotes":{"LIB":73,"CPC":17,"BQ":0,"NDP":2,"GRN":0,"PPC":0,"OTH":0}}},"geometry":{"type":"Polygon","coordinates":[[[719.6,132.38],[719.6,132.38],[719.6,132.38],[719.6,132.38],[719.6,132.38]]]}},{"type":"Feature","id":"12009-500","properties":{"ridingCode":"12009","pollNumber":"500","pollType":"M","advancePollNumber":"610","sourceCode":"501-0","geometryPollNumbers":["500","501"],"code":"12009-500","resultPollNumbers":["500"],"resultStatus":"resolved-combination","result":{"electors":11,"voters":40,"totalVotes":40,"rejected":0,"turnout":363.6363636363636,"winnerId":"braedon-clark","winnerPartyId":"LIB","runnerUpId":"dave-carroll","runnerUpPartyId":"CPC","margin":12.5,"top":[{"id":"braedon-clark","name":"Braedon Clark","shortName":"Clark","partyId":"LIB","votes":18,"share":45},{"id":"dave-carroll","name":"Dave Carroll","shortName":"Carroll","partyId":"CPC","votes":13,"share":32.5},{"id":"isaac-wilson","name":"Isaac Wilson","shortName":"Wilson","partyId":"NDP","votes":5,"share":12.5},{"id":"ryan-slaney","name":"Ryan Slaney","shortName":"Slaney","partyId":"PPC","votes":4,"share":10}],"partyVotes":{"LIB":18,"CPC":13,"BQ":0,"NDP":5,"GRN":0,"PPC":4,"OTH":0}}},"geometry":{"type":"MultiPolygon","coordinates":[[[[719.48,133.1],[719.48,133.1],[719.48,133.1],[719.48,133.1],[719.48,133.1]]],[[[718.35,134.19],[718.35,134.19],[718.35,134.19],[718.35,134.19]]]]}},{"type":"Feature","id":"12009-502","properties":{"ridingCode":"12009","pollNumber":"502","pollType":"M","advancePollNumber":"610","sourceCode":"502-0","geometryPollNumbers":["502"],"code":"12009-502","resultPollNumbers":["502"],"resultStatus":"exact","result":{"electors":17,"voters":20,"totalVotes":20,"rejected":0,"turnout":117.64705882352942,"winnerId":"braedon-clark","winnerPartyId":"LIB","runnerUpId":"andre-anderson","runnerUpPartyId":"GRN","margin":30,"top":[{"id":"braedon-clark","name":"Braedon Clark","shortName":"Clark","partyId":"LIB","votes":10,"share":50},{"id":"andre-anderson","name":"Andre Anderson","shortName":"Anderson","partyId":"GRN","votes":4,"share":20},{"id":"isaac-wilson","name":"Isaac Wilson","shortName":"Wilson","partyId":"NDP","votes":4,"share":20},{"id":"dave-carroll","name":"Dave Carroll","shortName":"Carroll","partyId":"CPC","votes":2,"share":10}],"partyVotes":{"LIB":10,"CPC":2,"BQ":0,"NDP":4,"GRN":4,"PPC":0,"OTH":0}}},"geometry":{"type":"Polygon","coordinates":[[[719.47,132.96],[719.47,132.96],[719.47,132.96],[719.47,132.96]]]}},{"type":"Feature","id":"12009-503","properties":{"ridingCode":"12009","pollNumber":"503","pollType":"M","advancePollNumber":"609","sourceCode":"505-0","geometryPollNumbers":["503","504","505"],"code":"12009-503","resultPollNumbers":["503"],"resultStatus":"resolved-combination","result":{"electors":24,"voters":76,"totalVotes":76,"rejected":0,"turnout":316.66666666666663,"winnerId":"braedon-clark","winnerPartyId":"LIB","runnerUpId":"dave-carroll","runnerUpPartyId":"CPC","margin":34.21052631578947,"top":[{"id":"braedon-clark","name":"Braedon Clark","shortName":"Clark","partyId":"LIB","votes":46,"share":60.526315789473685},{"id":"dave-carroll","name":"Dave Carroll","shortName":"Carroll","partyId":"CPC","votes":20,"share":26.31578947368421},{"id":"isaac-wilson","name":"Isaac Wilson","shortName":"Wilson","partyId":"NDP","votes":5,"share":6.578947368421052},{"id":"ryan-slaney","name":"Ryan Slaney","shortName":"Slaney","partyId":"PPC","votes":3,"share":3.9473684210526314}],"partyVotes":{"LIB":46,"CPC":20,"BQ":0,"NDP":5,"GRN":2,"PPC":3,"OTH":0}}},"geometry":{"type":"MultiPolygon","coordinates":[[[[718.55,132.37],[718.55,132.37],[718.55,132.37],[718.55,132.37]]],[[[719.56,132.61],[719.57,132.61],[719.58,132.61],[719.56,132.61],[719.56,132.61]]],[[[719.55,132.86],[719.55,132.86],[719.54,132.86],[719.55,132.86]]]]}}]}