{"type":"FeatureCollection","ridingCode":"35035","ridingName":"Haliburton--Kawartha Lakes","result":{"electors":104455,"voters":75954,"totalVotes":75503,"rejected":451,"turnout":72.71456608108755,"winnerId":"jamie-schmale","winnerPartyId":"CPC","runnerUpId":"nell-thomas","runnerUpPartyId":"LIB","margin":17.850946320013776,"top":[{"id":"jamie-schmale","name":"Jamie Schmale","shortName":"Schmale","partyId":"CPC","votes":42701,"share":56.55536866084792},{"id":"nell-thomas","name":"Nell Thomas","shortName":"Thomas","partyId":"LIB","votes":29223,"share":38.704422340834135},{"id":"alyea-teel","name":"Alyea Teel","shortName":"Teel","partyId":"NDP","votes":2625,"share":3.476683045706793},{"id":"michael-penman","name":"Michael Penman","shortName":"Penman","partyId":"PPC","votes":954,"share":1.2635259526111546}],"partyVotes":{"LIB":29223,"CPC":42701,"BQ":0,"NDP":2625,"GRN":0,"PPC":954,"OTH":0}},"buckets":[{"kind":"advance","polls":33,"electors":0,"voters":28955,"totalVotes":28847,"rejected":108,"turnout":0,"winnerId":"jamie-schmale","winnerPartyId":"CPC","runnerUpId":"nell-thomas","runnerUpPartyId":"LIB","margin":7.6403092175962835,"top":[{"id":"jamie-schmale","name":"Jamie Schmale","shortName":"Schmale","partyId":"CPC","votes":15030,"share":52.102471660831284},{"id":"nell-thomas","name":"Nell Thomas","shortName":"Thomas","partyId":"LIB","votes":12826,"share":44.462162443235},{"id":"alyea-teel","name":"Alyea Teel","shortName":"Teel","partyId":"NDP","votes":731,"share":2.5340590009359723},{"id":"michael-penman","name":"Michael Penman","shortName":"Penman","partyId":"PPC","votes":260,"share":0.9013068949977467}],"partyVotes":{"LIB":12826,"CPC":15030,"BQ":0,"NDP":731,"GRN":0,"PPC":260,"OTH":0}},{"kind":"special","polls":3,"electors":345,"voters":3981,"totalVotes":3857,"rejected":124,"turnout":1153.9130434782608,"winnerId":"nell-thomas","winnerPartyId":"LIB","runnerUpId":"jamie-schmale","runnerUpPartyId":"CPC","margin":4.796473943479388,"top":[{"id":"nell-thomas","name":"Nell Thomas","shortName":"Thomas","partyId":"LIB","votes":1959,"share":50.790770028519574},{"id":"jamie-schmale","name":"Jamie Schmale","shortName":"Schmale","partyId":"CPC","votes":1774,"share":45.99429608504019},{"id":"alyea-teel","name":"Alyea Teel","shortName":"Teel","partyId":"NDP","votes":95,"share":2.4630541871921183},{"id":"michael-penman","name":"Michael Penman","shortName":"Penman","partyId":"PPC","votes":29,"share":0.7518796992481203}],"partyVotes":{"LIB":1959,"CPC":1774,"BQ":0,"NDP":95,"GRN":0,"PPC":29,"OTH":0}}],"features":[{"type":"Feature","id":"35035-1","properties":{"ridingCode":"35035","pollNumber":"1","pollType":"N","advancePollNumber":"600","sourceCode":"1-0","geometryPollNumbers":["1"],"code":"35035-1","resultPollNumbers":["1"],"resultStatus":"exact","result":{"electors":210,"voters":64,"totalVotes":64,"rejected":0,"turnout":30.476190476190478,"winnerId":"jamie-schmale","winnerPartyId":"CPC","runnerUpId":"nell-thomas","runnerUpPartyId":"LIB","margin":3.125,"top":[{"id":"jamie-schmale","name":"Jamie Schmale","shortName":"Schmale","partyId":"CPC","votes":31,"share":48.4375},{"id":"nell-thomas","name":"Nell Thomas","shortName":"Thomas","partyId":"LIB","votes":29,"share":45.3125},{"id":"alyea-teel","name":"Alyea Teel","shortName":"Teel","partyId":"NDP","votes":4,"share":6.25},{"id":"michael-penman","name":"Michael Penman","shortName":"Penman","partyId":"PPC","votes":0,"share":0}],"partyVotes":{"LIB":29,"CPC":31,"BQ":0,"NDP":4,"GRN":0,"PPC":0,"OTH":0}}},"geometry":{"type":"Polygon","coordinates":[[[610.63,95.84],[610.3,95.59],[610.3,95.55],[610.3,95.54],[610.31,95.53],[610.34,95.52],[610.35,95.5],[610.35,95.48],[610.36,95.48],[610.44,95.48],[610.45,95.46],[610.45,95.43],[610.45,95.4],[610.47,95.39],[610.5,95.39],[610.51,95.38],[610.55,95.29],[610.58,95.25],[610.6,95.25],[610.62,95.24],[610.63,95.18],[610.67,95.13],[610.72,95.07],[610.73,95.05],[610.74,95.04],[610.73,95.01],[610.74,94.98],[610.76,94.94],[610.83,94.86],[610.86,94.83],[610.89,94.8],[610.94,94.74],[610.94,94.71],[610.96,94.71],[610.97,94.68],[610.99,94.66],[611.02,94.62],[611.04,94.6],[611.07,94.61],[611.08,94.6],[611.08,94.57],[611.09,94.54],[611.1,94.53],[611.11,94.52],[611.12,94.5],[611.12,94.49],[611.12,94.48],[611.15,94.46],[611.16,94.46],[611.21,94.45],[611.24,94.46],[611.26,94.47],[611.29,94.47],[611.29,94.47],[611.3,94.47],[611.29,94.49],[611.3,94.5],[611.3,94.52],[611.31,94.55],[611.3,94.57],[611.3,94.61],[611.3,94.61],[611.32,94.62],[611.33,94.62],[611.34,94.64],[611.36,94.68],[611.37,94.68],[611.38,94.7],[611.39,94.74],[611.39,94.75],[611.38,94.75],[611.36,94.75],[611.31,94.75],[611.29,94.77],[611.28,94.79],[611.28,94.81],[611.29,94.83],[611.29,94.84],[611.29,94.89],[611.29,94.91],[611.32,94.95],[611.31,94.99],[611.33,95.01],[611.33,95.01],[611.31,95.04],[611.3,95.07],[611.3,95.08],[611.32,95.1],[611.32,95.11],[611.32,95.12],[611.3,95.13],[611.3,95.15],[611.3,95.15],[611.32,95.18],[611.32,95.22],[611.33,95.23],[611.33,95.26],[611.37,95.31],[611.37,95.33],[611.37,95.35],[611.39,95.37],[611.4,95.38],[611.41,95.38],[611.44,95.37],[611.44,95.37],[611.47,95.39],[611.47,95.4],[611.48,95.41],[611.49,95.42],[611.5,95.43],[611.52,95.45],[611.53,95.45],[611.55,95.45],[611.57,95.46],[611.59,95.47],[611.6,95.47],[611.63,95.48],[611.65,95.49],[611.66,95.51],[611.73,95.55],[611.78,95.59],[611.79,95.6],[611.8,95.61],[611.82,95.61],[611.83,95.61],[611.85,95.61],[611.86,95.61],[611.86,95.62],[611.88,95.64],[611.9,95.64],[611.92,95.66],[611.93,95.68],[611.95,95.69],[611.96,95.68],[611.96,95.65],[611.96,95.65],[611.96,95.64],[611.96,95.63],[611.96,95.63],[611.97,95.6],[611.98,95.6],[612,95.6],[612,95.61],[612,95.62],[612.01,95.62],[612.02,95.62],[612.04,95.63],[612.05,95.66],[612.08,95.67],[612.08,95.69],[612.09,95.69],[612.1,95.69],[612.11,95.67],[612.12,95.66],[612.12,95.65],[612.14,95.65],[612.14,95.64],[612.15,95.64],[612.15,95.63],[612.16,95.62],[612.17,95.6],[612.18,95.61],[612.19,95.6],[612.19,95.6],[612.21,95.61],[612.21,95.62],[612.22,95.62],[612.22,95.6],[612.22,95.59],[612.22,95.58],[612.23,95.58],[612.24,95.58],[612.24,95.57],[612.25,95.57],[612.27,95.57],[612.27,95.57],[612.28,95.57],[612.3,95.57],[612.31,95.59],[612.31,95.59],[612.32,95.58],[612.33,95.58],[612.34,95.56],[612.36,95.56],[612.36,95.57],[612.37,95.59],[612.37,95.61],[612.36,95.62],[612.36,95.63],[612.38,95.63],[612.4,95.63],[612.41,95.62],[612.44,95.57],[612.49,95.52],[613.49,96.24],[614.54,97.03],[615.12,97.46],[615.3,97.59],[615.35,97.63],[614.73,98.46],[614.52,98.72],[614.52,98.73],[614.19,98.48],[613.99,98.33],[613.99,98.32],[613.98,98.32],[613.83,98.21],[613.04,97.61],[611.61,96.56],[611.54,96.5],[611.51,96.49],[611.48,96.46],[611.06,96.15],[611.02,96.12],[610.93,96.07],[610.76,95.93],[610.64,95.85],[610.63,95.84]]]}},{"type":"Feature","id":"35035-2","properties":{"ridingCode":"35035","pollNumber":"2","pollType":"N","advancePollNumber":"600","sourceCode":"2-0","geometryPollNumbers":["2"],"code":"35035-2","resultPollNumbers":["2"],"resultStatus":"exact","result":{"electors":362,"voters":147,"totalVotes":147,"rejected":0,"turnout":40.607734806629836,"winnerId":"jamie-schmale","winnerPartyId":"CPC","runnerUpId":"nell-thomas","runnerUpPartyId":"LIB","margin":12.244897959183673,"top":[{"id":"jamie-schmale","name":"Jamie Schmale","shortName":"Schmale","partyId":"CPC","votes":79,"share":53.74149659863946},{"id":"nell-thomas","name":"Nell Thomas","shortName":"Thomas","partyId":"LIB","votes":61,"share":41.49659863945578},{"id":"alyea-teel","name":"Alyea Teel","shortName":"Teel","partyId":"NDP","votes":5,"share":3.4013605442176873},{"id":"michael-penman","name":"Michael Penman","shortName":"Penman","partyId":"PPC","votes":2,"share":1.3605442176870748}],"partyVotes":{"LIB":61,"CPC":79,"BQ":0,"NDP":5,"GRN":0,"PPC":2,"OTH":0}}},"geometry":{"type":"Polygon","coordinates":[[[611.14,94.46],[611.15,94.44],[611.17,94.43],[611.18,94.41],[611.18,94.4],[611.19,94.38],[611.25,94.36],[611.25,94.34],[611.25,94.32],[611.26,94.31],[611.25,94.27],[611.33,94.2],[611.35,94.18],[611.36,94.15],[611.36,94.13],[611.37,94.13],[611.37,94.13],[611.38,94.13],[611.39,94.12],[611.39,94.09],[611.4,94.08],[611.41,94.06],[611.42,94.05],[611.43,94.03],[611.46,94.03],[611.52,94.03],[611.53,94.03],[611.52,94],[611.51,93.97],[611.5,93.96],[611.51,93.95],[611.52,93.94],[611.53,93.93],[611.52,93.92],[611.53,93.91],[611.55,93.86],[611.57,93.85],[611.6,93.84],[611.6,93.82],[611.6,93.81],[611.59,93.8],[611.58,93.79],[611.59,93.77],[611.61,93.75],[611.61,93.74],[611.63,93.72],[611.62,93.71],[611.61,93.69],[611.6,93.67],[611.61,93.67],[611.62,93.66],[611.65,93.68],[611.69,93.68],[611.73,93.66],[611.74,93.63],[611.75,93.63],[611.76,93.6],[611.77,93.59],[611.79,93.58],[611.86,93.51],[611.86,93.5],[611.86,93.46],[611.86,93.44],[611.9,93.39],[611.91,93.38],[611.95,93.41],[611.98,93.44],[612.44,93.75],[612.39,93.83],[612.43,93.89],[612.52,93.88],[612.57,93.84],[613.01,94.15],[612.98,94.18],[612.38,95.01],[612.74,95.22],[612.71,95.42],[612.48,95.3],[612.34,95.41],[612.43,95.47],[612.49,95.52],[612.44,95.57],[612.41,95.62],[612.4,95.63],[612.38,95.63],[612.36,95.63],[612.36,95.62],[612.37,95.61],[612.37,95.59],[612.36,95.57],[612.36,95.56],[612.34,95.56],[612.33,95.58],[612.32,95.58],[612.31,95.59],[612.31,95.59],[612.3,95.57],[612.28,95.57],[612.27,95.57],[612.27,95.57],[612.25,95.57],[612.24,95.57],[612.24,95.58],[612.23,95.58],[612.22,95.58],[612.22,95.59],[612.22,95.6],[612.22,95.62],[612.21,95.62],[612.21,95.61],[612.19,95.6],[612.19,95.6],[612.18,95.61],[612.17,95.6],[612.16,95.62],[612.15,95.63],[612.15,95.64],[612.14,95.64],[612.14,95.65],[612.12,95.65],[612.12,95.66],[612.11,95.67],[612.1,95.69],[612.09,95.69],[612.08,95.69],[612.08,95.67],[612.05,95.66],[612.04,95.63],[612.02,95.62],[612.01,95.62],[612,95.62],[612,95.61],[612,95.6],[611.98,95.6],[611.97,95.6],[611.96,95.63],[611.96,95.63],[611.96,95.64],[611.96,95.65],[611.96,95.65],[611.96,95.68],[611.95,95.69],[611.93,95.68],[611.92,95.66],[611.9,95.64],[611.88,95.64],[611.86,95.62],[611.86,95.61],[611.85,95.61],[611.83,95.61],[611.82,95.61],[611.8,95.61],[611.79,95.6],[611.78,95.59],[611.73,95.55],[611.66,95.51],[611.65,95.49],[611.63,95.48],[611.6,95.47],[611.59,95.47],[611.57,95.46],[611.55,95.45],[611.53,95.45],[611.52,95.45],[611.5,95.43],[611.49,95.42],[611.48,95.41],[611.47,95.4],[611.47,95.39],[611.44,95.37],[611.44,95.37],[611.41,95.38],[611.4,95.38],[611.39,95.37],[611.37,95.35],[611.37,95.33],[611.37,95.31],[611.33,95.26],[611.33,95.23],[611.32,95.22],[611.32,95.18],[611.3,95.15],[611.3,95.15],[611.3,95.13],[611.32,95.12],[611.32,95.11],[611.32,95.1],[611.3,95.08],[611.3,95.07],[611.31,95.04],[611.33,95.01],[611.33,95.01],[611.31,94.99],[611.32,94.95],[611.29,94.91],[611.29,94.89],[611.29,94.84],[611.29,94.83],[611.28,94.81],[611.28,94.79],[611.29,94.77],[611.31,94.75],[611.36,94.75],[611.38,94.75],[611.39,94.75],[611.39,94.74],[611.38,94.7],[611.37,94.68],[611.36,94.68],[611.34,94.64],[611.33,94.62],[611.32,94.62],[611.3,94.61],[611.3,94.61],[611.3,94.57],[611.31,94.55],[611.3,94.52],[611.3,94.5],[611.29,94.49],[611.3,94.47],[611.29,94.47],[611.29,94.47],[611.26,94.47],[611.24,94.46],[611.21,94.45],[611.16,94.46],[611.15,94.46],[611.14,94.46]]]}},{"type":"Feature","id":"35035-3","properties":{"ridingCode":"35035","pollNumber":"3","pollType":"N","advancePollNumber":"601","sourceCode":"3-0","geometryPollNumbers":["3"],"code":"35035-3","resultPollNumbers":["3"],"resultStatus":"exact","result":{"electors":291,"voters":114,"totalVotes":114,"rejected":0,"turnout":39.175257731958766,"winnerId":"jamie-schmale","winnerPartyId":"CPC","runnerUpId":"nell-thomas","runnerUpPartyId":"LIB","margin":7.017543859649122,"top":[{"id":"jamie-schmale","name":"Jamie Schmale","shortName":"Schmale","partyId":"CPC","votes":58,"share":50.877192982456144},{"id":"nell-thomas","name":"Nell Thomas","shortName":"Thomas","partyId":"LIB","votes":50,"share":43.859649122807014},{"id":"alyea-teel","name":"Alyea Teel","shortName":"Teel","partyId":"NDP","votes":4,"share":3.508771929824561},{"id":"michael-penman","name":"Michael Penman","shortName":"Penman","partyId":"PPC","votes":2,"share":1.7543859649122806}],"partyVotes":{"LIB":50,"CPC":58,"BQ":0,"NDP":4,"GRN":0,"PPC":2,"OTH":0}}},"geometry":{"type":"Polygon","coordinates":[[[612.49,95.52],[612.43,95.47],[612.34,95.41],[612.48,95.3],[612.71,95.42],[612.74,95.22],[612.38,95.01],[612.98,94.18],[612.99,94.19],[612.99,94.2],[613,94.19],[613.01,94.18],[613.02,94.17],[613.02,94.18],[613.03,94.2],[613.05,94.21],[613.05,94.22],[613.05,94.22],[613.06,94.22],[613.07,94.2],[613.08,94.17],[613.07,94.15],[613.06,94.11],[613.07,94.09],[613.07,94.08],[613.1,94.09],[613.1,94.09],[613.11,94.12],[613.16,94.15],[613.17,94.15],[613.18,94.15],[613.21,94.13],[613.22,94.13],[613.24,94.14],[613.25,94.14],[613.25,94.15],[613.27,94.16],[613.27,94.17],[613.28,94.18],[613.32,94.16],[613.32,94.16],[613.33,94.17],[613.33,94.19],[613.34,94.19],[613.35,94.21],[613.36,94.23],[613.37,94.24],[613.36,94.25],[613.36,94.25],[613.34,94.26],[613.33,94.26],[613.34,94.27],[613.34,94.29],[613.33,94.3],[613.33,94.3],[613.31,94.29],[613.29,94.3],[613.28,94.29],[613.27,94.29],[613.26,94.29],[613.26,94.29],[613.26,94.3],[613.26,94.3],[613.25,94.31],[613.25,94.32],[613.27,94.35],[613.27,94.35],[613.26,94.36],[613.22,94.37],[613.21,94.36],[613.19,94.36],[613.19,94.36],[613.14,94.37],[613.13,94.38],[613.13,94.39],[613.14,94.4],[613.14,94.41],[613.14,94.42],[613.16,94.43],[613.16,94.45],[613.18,94.47],[613.19,94.47],[613.21,94.47],[613.22,94.48],[613.25,94.48],[613.27,94.5],[613.29,94.52],[613.3,94.53],[613.31,94.54],[613.32,94.55],[613.33,94.56],[613.35,94.56],[613.36,94.58],[613.36,94.6],[613.36,94.6],[613.39,94.63],[613.4,94.64],[613.4,94.65],[613.4,94.66],[613.41,94.67],[613.41,94.66],[613.42,94.65],[613.43,94.65],[613.46,94.66],[613.48,94.66],[613.5,94.63],[613.5,94.62],[613.5,94.6],[613.5,94.59],[613.53,94.56],[613.53,94.54],[613.55,94.52],[613.56,94.52],[613.56,94.5],[613.56,94.5],[613.58,94.51],[613.59,94.52],[613.62,94.53],[613.65,94.53],[613.66,94.53],[613.71,94.54],[613.72,94.53],[613.74,94.52],[613.78,94.55],[613.79,94.54],[613.8,94.55],[613.82,94.55],[613.83,94.56],[613.84,94.56],[613.85,94.55],[613.85,94.52],[613.87,94.5],[613.87,94.5],[613.87,94.49],[613.87,94.48],[613.88,94.48],[613.89,94.48],[613.92,94.46],[613.94,94.43],[613.96,94.38],[613.96,94.33],[613.97,94.29],[613.98,94.2],[613.97,94.15],[613.97,94.14],[613.96,94.13],[613.95,94.13],[613.94,94.13],[613.93,94.1],[613.92,94.09],[613.9,94.06],[613.91,94.04],[613.92,94.04],[613.93,94.04],[613.95,94.01],[613.95,94],[613.95,94],[613.96,94],[613.96,94],[613.97,94],[613.97,94.02],[613.97,94.04],[613.99,94.05],[613.99,94.06],[613.99,94.07],[614,94.08],[614.01,94.09],[614.01,94.1],[614.03,94.11],[614.03,94.11],[614.04,94.11],[614.06,94.1],[614.08,94.11],[614.08,94.11],[614.07,94.13],[614.06,94.15],[614.06,94.15],[614.06,94.17],[614.19,94.28],[614.17,94.3],[614.16,94.32],[614.14,94.32],[614.12,94.32],[614.1,94.32],[614.07,94.3],[613.79,94.64],[613.78,94.69],[613.77,94.71],[613.81,94.73],[613.87,94.78],[614.1,94.93],[614.16,95],[614.18,95.02],[614.24,95.04],[614.25,95.05],[614.28,95.07],[614.37,95.13],[614.38,95.14],[614.39,95.14],[614.67,95.32],[615.03,95.56],[615.1,95.58],[615.19,95.58],[615.24,95.6],[615.23,95.69],[615.61,95.97],[615.63,96.04],[615.64,96.04],[615.65,96],[615.68,96.03],[615.82,96.13],[615.83,96.13],[615.83,96.14],[616.05,96.3],[616.09,96.29],[616.08,96.32],[616.24,96.43],[615.35,97.63],[615.3,97.59],[615.12,97.46],[614.54,97.03],[613.49,96.24],[612.49,95.52]]]}},{"type":"Feature","id":"35035-4","properties":{"ridingCode":"35035","pollNumber":"4","pollType":"N","advancePollNumber":"601","sourceCode":"4-0","geometryPollNumbers":["4"],"code":"35035-4","resultPollNumbers":["4"],"resultStatus":"exact","result":{"electors":420,"voters":203,"totalVotes":203,"rejected":0,"turnout":48.333333333333336,"winnerId":"jamie-schmale","winnerPartyId":"CPC","runnerUpId":"nell-thomas","runnerUpPartyId":"LIB","margin":13.793103448275861,"top":[{"id":"jamie-schmale","name":"Jamie Schmale","shortName":"Schmale","partyId":"CPC","votes":111,"share":54.679802955665025},{"id":"nell-thomas","name":"Nell Thomas","shortName":"Thomas","partyId":"LIB","votes":83,"share":40.88669950738916},{"id":"alyea-teel","name":"Alyea Teel","shortName":"Teel","partyId":"NDP","votes":7,"share":3.4482758620689653},{"id":"michael-penman","name":"Michael Penman","shortName":"Penman","partyId":"PPC","votes":2,"share":0.9852216748768473}],"partyVotes":{"LIB":83,"CPC":111,"BQ":0,"NDP":7,"GRN":0,"PPC":2,"OTH":0}}},"geometry":{"type":"Polygon","coordinates":[[[613.27,94.17],[613.27,94.16],[613.25,94.15],[613.25,94.14],[613.24,94.14],[613.22,94.13],[613.21,94.13],[613.18,94.15],[613.17,94.15],[613.16,94.15],[613.11,94.12],[613.1,94.09],[613.1,94.09],[613.07,94.08],[613.07,94.09],[613.06,94.11],[613.07,94.15],[613.08,94.17],[613.07,94.2],[613.06,94.22],[613.05,94.22],[613.05,94.22],[613.05,94.21],[613.03,94.2],[613.02,94.18],[613.02,94.17],[613.01,94.18],[613,94.19],[612.99,94.2],[612.99,94.19],[612.98,94.18],[613.01,94.15],[613.38,93.64],[613.43,93.57],[613.43,93.58],[613.49,93.62],[613.52,93.62],[613.58,93.65],[613.59,93.65],[613.61,93.64],[613.62,93.64],[613.63,93.63],[613.67,93.58],[613.67,93.57],[613.72,93.56],[613.74,93.54],[613.75,93.54],[613.76,93.54],[613.77,93.53],[613.77,93.52],[613.78,93.53],[613.79,93.52],[613.82,93.53],[613.83,93.54],[613.86,93.55],[613.87,93.56],[613.89,93.59],[613.89,93.6],[613.91,93.61],[613.92,93.61],[613.92,93.65],[613.89,93.67],[613.83,93.81],[613.89,93.87],[614.27,94.16],[614.19,94.28],[614.06,94.17],[614.06,94.15],[614.06,94.15],[614.07,94.13],[614.08,94.11],[614.08,94.11],[614.06,94.1],[614.04,94.11],[614.03,94.11],[614.03,94.11],[614.01,94.1],[614.01,94.09],[614,94.08],[613.99,94.07],[613.99,94.06],[613.99,94.05],[613.97,94.04],[613.97,94.02],[613.97,94],[613.96,94],[613.96,94],[613.95,94],[613.95,94],[613.95,94.01],[613.93,94.04],[613.92,94.04],[613.91,94.04],[613.9,94.06],[613.92,94.09],[613.93,94.1],[613.94,94.13],[613.95,94.13],[613.96,94.13],[613.97,94.14],[613.97,94.15],[613.98,94.2],[613.97,94.29],[613.96,94.33],[613.96,94.38],[613.94,94.43],[613.92,94.46],[613.89,94.48],[613.88,94.48],[613.87,94.48],[613.87,94.49],[613.87,94.5],[613.87,94.5],[613.85,94.52],[613.85,94.55],[613.84,94.56],[613.83,94.56],[613.82,94.55],[613.8,94.55],[613.79,94.54],[613.78,94.55],[613.74,94.52],[613.72,94.53],[613.71,94.54],[613.66,94.53],[613.65,94.53],[613.62,94.53],[613.59,94.52],[613.58,94.51],[613.56,94.5],[613.56,94.5],[613.56,94.52],[613.55,94.52],[613.53,94.54],[613.53,94.56],[613.5,94.59],[613.5,94.6],[613.5,94.62],[613.5,94.63],[613.48,94.66],[613.46,94.66],[613.43,94.65],[613.42,94.65],[613.41,94.66],[613.41,94.67],[613.4,94.66],[613.4,94.65],[613.4,94.64],[613.39,94.63],[613.36,94.6],[613.36,94.6],[613.36,94.58],[613.35,94.56],[613.33,94.56],[613.32,94.55],[613.31,94.54],[613.3,94.53],[613.29,94.52],[613.27,94.5],[613.25,94.48],[613.22,94.48],[613.21,94.47],[613.19,94.47],[613.18,94.47],[613.16,94.45],[613.16,94.43],[613.14,94.42],[613.14,94.41],[613.14,94.4],[613.13,94.39],[613.13,94.38],[613.14,94.37],[613.19,94.36],[613.19,94.36],[613.21,94.36],[613.22,94.37],[613.26,94.36],[613.27,94.35],[613.27,94.35],[613.25,94.32],[613.25,94.31],[613.26,94.3],[613.26,94.3],[613.26,94.29],[613.26,94.29],[613.27,94.29],[613.28,94.29],[613.29,94.3],[613.31,94.29],[613.33,94.3],[613.33,94.3],[613.34,94.29],[613.34,94.27],[613.33,94.26],[613.34,94.26],[613.36,94.25],[613.36,94.25],[613.37,94.24],[613.36,94.23],[613.35,94.21],[613.34,94.19],[613.33,94.19],[613.33,94.17],[613.32,94.16],[613.32,94.16],[613.28,94.18],[613.27,94.17]]]}},{"type":"Feature","id":"35035-5","properties":{"ridingCode":"35035","pollNumber":"5","pollType":"N","advancePollNumber":"601","sourceCode":"5-0","geometryPollNumbers":["5"],"code":"35035-5","resultPollNumbers":["5"],"resultStatus":"exact","result":{"electors":398,"voters":225,"totalVotes":225,"rejected":0,"turnout":56.53266331658291,"winnerId":"jamie-schmale","winnerPartyId":"CPC","runnerUpId":"nell-thomas","runnerUpPartyId":"LIB","margin":18.22222222222222,"top":[{"id":"jamie-schmale","name":"Jamie Schmale","shortName":"Schmale","partyId":"CPC","votes":126,"share":56.00000000000001},{"id":"nell-thomas","name":"Nell Thomas","shortName":"Thomas","partyId":"LIB","votes":85,"share":37.77777777777778},{"id":"alyea-teel","name":"Alyea Teel","shortName":"Teel","partyId":"NDP","votes":8,"share":3.5555555555555554},{"id":"michael-penman","name":"Michael Penman","shortName":"Penman","partyId":"PPC","votes":6,"share":2.666666666666667}],"partyVotes":{"LIB":85,"CPC":126,"BQ":0,"NDP":8,"GRN":0,"PPC":6,"OTH":0}}},"geometry":{"type":"Polygon","coordinates":[[[613.43,93.57],[613.51,93.45],[613.55,93.41],[613.55,93.4],[613.53,93.4],[613.5,93.38],[613.49,93.4],[613.49,93.39],[613.49,93.39],[613.5,93.38],[613.48,93.36],[613.48,93.35],[613.48,93.34],[613.49,93.34],[613.5,93.34],[613.51,93.33],[613.51,93.32],[613.51,93.31],[613.54,93.28],[613.54,93.28],[613.55,93.26],[613.56,93.25],[613.57,93.24],[613.57,93.23],[613.61,93.18],[613.69,93.04],[613.77,93.1],[613.87,92.99],[614.2,93.25],[614.18,93.26],[614.15,93.28],[613.99,93.36],[613.94,93.54],[613.92,93.61],[613.91,93.61],[613.89,93.6],[613.89,93.59],[613.87,93.56],[613.86,93.55],[613.83,93.54],[613.82,93.53],[613.79,93.52],[613.78,93.53],[613.77,93.52],[613.77,93.53],[613.76,93.54],[613.75,93.54],[613.74,93.54],[613.72,93.56],[613.67,93.57],[613.67,93.58],[613.63,93.63],[613.62,93.64],[613.61,93.64],[613.59,93.65],[613.58,93.65],[613.52,93.62],[613.49,93.62],[613.43,93.58],[613.43,93.57]]]}},{"type":"Feature","id":"35035-6","properties":{"ridingCode":"35035","pollNumber":"6","pollType":"N","advancePollNumber":"602","sourceCode":"6-0","geometryPollNumbers":["6"],"code":"35035-6","resultPollNumbers":["6"],"resultStatus":"exact","result":{"electors":237,"voters":92,"totalVotes":92,"rejected":0,"turnout":38.81856540084388,"winnerId":"jamie-schmale","winnerPartyId":"CPC","runnerUpId":"nell-thomas","runnerUpPartyId":"LIB","margin":22.82608695652174,"top":[{"id":"jamie-schmale","name":"Jamie Schmale","shortName":"Schmale","partyId":"CPC","votes":54,"share":58.69565217391305},{"id":"nell-thomas","name":"Nell Thomas","shortName":"Thomas","partyId":"LIB","votes":33,"share":35.869565217391305},{"id":"alyea-teel","name":"Alyea Teel","shortName":"Teel","partyId":"NDP","votes":3,"share":3.260869565217391},{"id":"michael-penman","name":"Michael Penman","shortName":"Penman","partyId":"PPC","votes":2,"share":2.1739130434782608}],"partyVotes":{"LIB":33,"CPC":54,"BQ":0,"NDP":3,"GRN":0,"PPC":2,"OTH":0}}},"geometry":{"type":"Polygon","coordinates":[[[615.23,95.69],[615.29,95.59],[615.35,95.52],[615.38,95.47],[615.4,95.47],[615.43,95.41],[615.78,94.93],[615.9,94.68],[615.88,94.65],[615.9,94.67],[615.8,94.59],[616.14,94.16],[616.14,94.15],[616.15,94.15],[616.32,93.88],[616.35,93.88],[616.38,93.9],[616.47,93.98],[616.5,93.95],[616.56,93.87],[616.62,93.78],[616.63,93.77],[616.64,93.76],[616.65,93.75],[616.76,93.85],[616.79,93.89],[616.98,94.06],[616.98,94.05],[616.99,94.07],[617.12,94.19],[617.13,94.19],[617.12,94.19],[617.18,94.24],[617.16,94.27],[617.16,94.28],[617.16,94.29],[617.17,94.32],[617.16,94.33],[617.16,94.33],[617.12,94.36],[617.1,94.38],[617.1,94.39],[617.09,94.43],[617.04,94.5],[617.04,94.51],[617.05,94.51],[617.07,94.51],[617.08,94.52],[617.08,94.53],[617.08,94.54],[617.07,94.56],[617.06,94.58],[617.05,94.6],[617.04,94.63],[617.03,94.64],[617,94.65],[616.99,94.66],[616.99,94.67],[616.97,94.7],[616.97,94.74],[616.96,94.75],[616.95,94.77],[616.95,94.79],[616.94,94.81],[616.94,94.82],[616.91,94.84],[616.88,94.95],[616.85,95.01],[616.74,95.15],[616.73,95.16],[616.71,95.17],[616.69,95.19],[616.68,95.2],[616.68,95.21],[616.68,95.22],[616.69,95.23],[616.79,95.31],[616.81,95.3],[616.81,95.3],[616.82,95.25],[616.82,95.25],[616.83,95.25],[616.84,95.25],[616.84,95.27],[616.88,95.33],[616.89,95.34],[616.92,95.35],[616.92,95.35],[616.93,95.37],[616.95,95.4],[616.98,95.4],[617.01,95.4],[617.02,95.4],[616.63,95.91],[616.34,96.29],[616.24,96.43],[616.08,96.32],[616.09,96.29],[616.05,96.3],[615.83,96.14],[615.83,96.13],[615.82,96.13],[615.68,96.03],[615.65,96],[615.64,96.04],[615.63,96.04],[615.61,95.97],[615.23,95.69]]]}},{"type":"Feature","id":"35035-7","properties":{"ridingCode":"35035","pollNumber":"7","pollType":"N","advancePollNumber":"602","sourceCode":"7-0","geometryPollNumbers":["7"],"code":"35035-7","resultPollNumbers":["7"],"resultStatus":"exact","result":{"electors":413,"voters":164,"totalVotes":163,"rejected":1,"turnout":39.70944309927361,"winnerId":"jamie-schmale","winnerPartyId":"CPC","runnerUpId":"nell-thomas","runnerUpPartyId":"LIB","margin":23.31288343558282,"top":[{"id":"jamie-schmale","name":"Jamie Schmale","shortName":"Schmale","partyId":"CPC","votes":95,"share":58.282208588957054},{"id":"nell-thomas","name":"Nell Thomas","shortName":"Thomas","partyId":"LIB","votes":57,"share":34.96932515337423},{"id":"alyea-teel","name":"Alyea Teel","shortName":"Teel","partyId":"NDP","votes":8,"share":4.9079754601226995},{"id":"michael-penman","name":"Michael Penman","shortName":"Penman","partyId":"PPC","votes":3,"share":1.8404907975460123}],"partyVotes":{"LIB":57,"CPC":95,"BQ":0,"NDP":8,"GRN":0,"PPC":3,"OTH":0}}},"geometry":{"type":"Polygon","coordinates":[[[616.75,93.63],[616.87,93.48],[617.17,93.72],[617.61,94.16],[617.69,94.16],[617.87,94.27],[617.88,94.27],[617.83,94.33],[617.82,94.34],[617.81,94.36],[617.74,94.45],[617.7,94.5],[617.62,94.61],[617.55,94.7],[617.4,94.9],[617.39,94.91],[617.39,94.91],[617.1,95.3],[617.02,95.4],[617.01,95.4],[616.98,95.4],[616.95,95.4],[616.93,95.37],[616.92,95.35],[616.92,95.35],[616.89,95.34],[616.88,95.33],[616.84,95.27],[616.84,95.25],[616.83,95.25],[616.82,95.25],[616.82,95.25],[616.81,95.3],[616.81,95.3],[616.79,95.31],[616.69,95.23],[616.68,95.22],[616.68,95.21],[616.68,95.2],[616.69,95.19],[616.71,95.17],[616.73,95.16],[616.74,95.15],[616.85,95.01],[616.88,94.95],[616.91,94.84],[616.94,94.82],[616.94,94.81],[616.95,94.79],[616.95,94.77],[616.96,94.75],[616.97,94.74],[616.97,94.7],[616.99,94.67],[616.99,94.66],[617,94.65],[617.03,94.64],[617.04,94.63],[617.05,94.6],[617.06,94.58],[617.07,94.56],[617.08,94.54],[617.08,94.53],[617.08,94.52],[617.07,94.51],[617.05,94.51],[617.04,94.51],[617.04,94.5],[617.09,94.43],[617.1,94.39],[617.1,94.38],[617.12,94.36],[617.16,94.33],[617.16,94.33],[617.17,94.32],[617.16,94.29],[617.16,94.28],[617.16,94.27],[617.18,94.24],[617.12,94.19],[617.13,94.19],[617.12,94.19],[616.99,94.07],[616.98,94.05],[616.98,94.06],[616.79,93.89],[616.76,93.85],[616.76,93.82],[616.76,93.8],[616.76,93.79],[616.77,93.79],[616.77,93.79],[616.77,93.77],[616.76,93.76],[616.72,93.73],[616.71,93.72],[616.71,93.71],[616.72,93.7],[616.73,93.7],[616.74,93.69],[616.74,93.68],[616.75,93.66],[616.75,93.66],[616.74,93.64],[616.75,93.63]]]}},{"type":"Feature","id":"35035-8","properties":{"ridingCode":"35035","pollNumber":"8","pollType":"N","advancePollNumber":"601","sourceCode":"8-0","geometryPollNumbers":["8"],"code":"35035-8","resultPollNumbers":["8"],"resultStatus":"exact","result":{"electors":224,"voters":109,"totalVotes":109,"rejected":0,"turnout":48.660714285714285,"winnerId":"jamie-schmale","winnerPartyId":"CPC","runnerUpId":"nell-thomas","runnerUpPartyId":"LIB","margin":12.844036697247708,"top":[{"id":"jamie-schmale","name":"Jamie Schmale","shortName":"Schmale","partyId":"CPC","votes":61,"share":55.96330275229357},{"id":"nell-thomas","name":"Nell Thomas","shortName":"Thomas","partyId":"LIB","votes":47,"share":43.11926605504588},{"id":"michael-penman","name":"Michael Penman","shortName":"Penman","partyId":"PPC","votes":1,"share":0.9174311926605505},{"id":"alyea-teel","name":"Alyea Teel","shortName":"Teel","partyId":"NDP","votes":0,"share":0}],"partyVotes":{"LIB":47,"CPC":61,"BQ":0,"NDP":0,"GRN":0,"PPC":1,"OTH":0}}},"geometry":{"type":"Polygon","coordinates":[[[614.37,95.13],[614.38,95.12],[614.4,95.12],[614.42,95.13],[614.44,95.14],[614.48,95.15],[614.5,95.15],[614.52,95.13],[614.54,95.13],[614.55,95.12],[614.56,95.11],[614.59,95.11],[614.62,95.11],[614.65,95.12],[614.71,95.12],[614.72,95.12],[614.76,95.12],[614.75,95.1],[614.75,95.09],[614.75,95.07],[614.75,95.03],[614.77,95.01],[614.77,94.99],[614.79,94.98],[614.8,94.97],[614.8,94.96],[614.79,94.92],[614.79,94.92],[614.78,94.91],[614.77,94.91],[614.77,94.88],[614.78,94.87],[614.79,94.86],[614.8,94.85],[614.81,94.84],[614.82,94.85],[614.84,94.87],[614.85,94.86],[614.87,94.86],[614.87,94.86],[614.88,94.86],[614.89,94.86],[614.9,94.86],[614.9,94.85],[614.9,94.84],[614.92,94.83],[614.92,94.82],[614.92,94.8],[614.92,94.79],[614.92,94.78],[614.94,94.77],[614.94,94.77],[614.95,94.76],[614.96,94.75],[614.96,94.74],[614.96,94.73],[614.95,94.71],[614.96,94.69],[614.96,94.68],[614.95,94.67],[614.93,94.66],[614.92,94.65],[614.91,94.64],[614.92,94.63],[614.93,94.62],[614.92,94.62],[614.89,94.6],[614.88,94.59],[614.87,94.6],[614.87,94.59],[614.85,94.58],[614.85,94.57],[614.87,94.56],[614.9,94.56],[614.91,94.55],[614.92,94.56],[614.93,94.57],[614.94,94.57],[614.95,94.57],[614.96,94.56],[614.97,94.56],[614.96,94.54],[614.95,94.54],[614.94,94.54],[614.91,94.54],[614.89,94.52],[614.86,94.55],[614.83,94.56],[614.83,94.55],[614.83,94.53],[614.83,94.3],[614.85,94.24],[614.86,94.23],[614.87,94.23],[614.86,94.23],[614.87,94.23],[614.86,94.21],[614.88,94.19],[614.89,94.19],[614.89,94.17],[615,94.03],[615.01,94.03],[615.02,94.03],[615.06,94.06],[615.06,94.13],[615.2,94.16],[615.8,94.59],[615.9,94.67],[615.88,94.65],[615.9,94.68],[615.78,94.93],[615.43,95.41],[615.4,95.47],[615.38,95.47],[615.35,95.52],[615.29,95.59],[615.23,95.69],[615.24,95.6],[615.19,95.58],[615.1,95.58],[615.03,95.56],[614.67,95.32],[614.39,95.14],[614.38,95.14],[614.37,95.13]]]}},{"type":"Feature","id":"35035-9","properties":{"ridingCode":"35035","pollNumber":"9","pollType":"N","advancePollNumber":"601","sourceCode":"9-0","geometryPollNumbers":["9"],"code":"35035-9","resultPollNumbers":["9"],"resultStatus":"exact","result":{"electors":361,"voters":166,"totalVotes":165,"rejected":1,"turnout":45.98337950138504,"winnerId":"nell-thomas","winnerPartyId":"LIB","runnerUpId":"jamie-schmale","runnerUpPartyId":"CPC","margin":12.727272727272727,"top":[{"id":"nell-thomas","name":"Nell Thomas","shortName":"Thomas","partyId":"LIB","votes":88,"share":53.333333333333336},{"id":"jamie-schmale","name":"Jamie Schmale","shortName":"Schmale","partyId":"CPC","votes":67,"share":40.60606060606061},{"id":"alyea-teel","name":"Alyea Teel","shortName":"Teel","partyId":"NDP","votes":6,"share":3.6363636363636362},{"id":"michael-penman","name":"Michael Penman","shortName":"Penman","partyId":"PPC","votes":4,"share":2.4242424242424243}],"partyVotes":{"LIB":88,"CPC":67,"BQ":0,"NDP":6,"GRN":0,"PPC":4,"OTH":0}}},"geometry":{"type":"Polygon","coordinates":[[[613.78,94.69],[613.79,94.64],[614.07,94.3],[614.1,94.32],[614.12,94.32],[614.14,94.32],[614.16,94.32],[614.17,94.3],[614.19,94.28],[614.27,94.16],[613.89,93.87],[613.83,93.81],[613.89,93.67],[613.92,93.65],[613.92,93.61],[613.94,93.54],[613.97,93.53],[613.99,93.53],[614.02,93.51],[614.01,93.5],[614.01,93.49],[614.06,93.46],[614.09,93.45],[614.14,93.45],[614.17,93.48],[614.21,93.49],[614.2,93.5],[614.18,93.5],[614.17,93.5],[614.16,93.52],[614.14,93.56],[614.13,93.61],[614.14,93.62],[614.14,93.63],[614.18,93.65],[614.21,93.68],[614.22,93.68],[614.24,93.68],[614.26,93.69],[614.27,93.71],[614.29,93.73],[614.29,93.75],[614.3,93.76],[614.32,93.79],[614.33,93.82],[614.36,93.84],[614.37,93.88],[614.38,93.88],[614.39,93.9],[614.39,93.9],[614.39,93.9],[614.37,93.9],[614.37,93.93],[614.37,93.97],[614.36,93.98],[614.32,94],[614.32,94],[614.32,94.01],[614.32,94.02],[614.35,94.03],[614.36,94.04],[614.37,94.04],[614.4,94.03],[614.41,94.04],[614.42,94.04],[614.43,94.07],[614.43,94.1],[614.43,94.13],[614.43,94.14],[614.41,94.16],[614.4,94.18],[614.4,94.19],[614.42,94.21],[614.41,94.28],[614.41,94.29],[614.47,94.37],[614.48,94.39],[614.49,94.4],[614.51,94.41],[614.56,94.4],[614.57,94.39],[614.58,94.39],[614.71,94.44],[614.71,94.44],[614.74,94.47],[614.76,94.49],[614.77,94.51],[614.8,94.53],[614.82,94.56],[614.83,94.56],[614.83,94.56],[614.86,94.55],[614.89,94.52],[614.91,94.54],[614.94,94.54],[614.95,94.54],[614.96,94.54],[614.97,94.56],[614.96,94.56],[614.95,94.57],[614.94,94.57],[614.93,94.57],[614.92,94.56],[614.91,94.55],[614.9,94.56],[614.87,94.56],[614.85,94.57],[614.85,94.58],[614.87,94.59],[614.87,94.6],[614.88,94.59],[614.89,94.6],[614.92,94.62],[614.93,94.62],[614.92,94.63],[614.91,94.64],[614.92,94.65],[614.93,94.66],[614.95,94.67],[614.96,94.68],[614.96,94.69],[614.95,94.71],[614.96,94.73],[614.96,94.74],[614.96,94.75],[614.95,94.76],[614.94,94.77],[614.94,94.77],[614.92,94.78],[614.92,94.79],[614.92,94.8],[614.92,94.82],[614.92,94.83],[614.9,94.84],[614.9,94.85],[614.9,94.86],[614.89,94.86],[614.88,94.86],[614.87,94.86],[614.87,94.86],[614.85,94.86],[614.84,94.87],[614.82,94.85],[614.81,94.84],[614.8,94.85],[614.79,94.86],[614.78,94.87],[614.77,94.88],[614.77,94.91],[614.78,94.91],[614.79,94.92],[614.79,94.92],[614.8,94.96],[614.8,94.97],[614.79,94.98],[614.77,94.99],[614.77,95.01],[614.75,95.03],[614.75,95.07],[614.75,95.09],[614.75,95.1],[614.76,95.12],[614.72,95.12],[614.71,95.12],[614.65,95.12],[614.62,95.11],[614.59,95.11],[614.56,95.11],[614.55,95.12],[614.54,95.13],[614.52,95.13],[614.5,95.15],[614.48,95.15],[614.44,95.14],[614.42,95.13],[614.4,95.12],[614.38,95.12],[614.37,95.13],[614.28,95.07],[614.25,95.05],[614.24,95.04],[614.18,95.02],[614.16,95],[614.1,94.93],[613.87,94.78],[613.81,94.73],[613.77,94.71],[613.78,94.69]]]}},{"type":"Feature","id":"35035-10","properties":{"ridingCode":"35035","pollNumber":"10","pollType":"N","advancePollNumber":"601","sourceCode":"10-0","geometryPollNumbers":["10"],"code":"35035-10","resultPollNumbers":["10"],"resultStatus":"exact","result":{"electors":342,"voters":125,"totalVotes":124,"rejected":1,"turnout":36.54970760233918,"winnerId":"jamie-schmale","winnerPartyId":"CPC","runnerUpId":"nell-thomas","runnerUpPartyId":"LIB","margin":10.483870967741936,"top":[{"id":"jamie-schmale","name":"Jamie Schmale","shortName":"Schmale","partyId":"CPC","votes":64,"share":51.61290322580645},{"id":"nell-thomas","name":"Nell Thomas","shortName":"Thomas","partyId":"LIB","votes":51,"share":41.12903225806452},{"id":"michael-penman","name":"Michael Penman","shortName":"Penman","partyId":"PPC","votes":8,"share":6.451612903225806},{"id":"alyea-teel","name":"Alyea Teel","shortName":"Teel","partyId":"NDP","votes":1,"share":0.8064516129032258}],"partyVotes":{"LIB":51,"CPC":64,"BQ":0,"NDP":1,"GRN":0,"PPC":8,"OTH":0}}},"geometry":{"type":"Polygon","coordinates":[[[614.39,93.9],[614.38,93.88],[614.37,93.88],[614.36,93.84],[614.33,93.82],[614.32,93.79],[614.3,93.76],[614.29,93.75],[614.29,93.73],[614.27,93.71],[614.26,93.69],[614.24,93.68],[614.22,93.68],[614.21,93.68],[614.18,93.65],[614.14,93.63],[614.14,93.62],[614.13,93.61],[614.14,93.56],[614.16,93.52],[614.17,93.5],[614.18,93.5],[614.2,93.5],[614.21,93.49],[614.25,93.52],[614.31,93.55],[614.36,93.59],[614.43,93.61],[614.56,93.54],[614.61,93.53],[614.62,93.58],[614.63,93.59],[614.68,93.53],[614.68,93.52],[614.68,93.52],[614.69,93.51],[614.69,93.49],[614.68,93.48],[614.68,93.46],[614.69,93.45],[614.7,93.45],[614.72,93.45],[614.73,93.44],[614.74,93.43],[614.75,93.43],[614.77,93.41],[614.78,93.42],[614.79,93.42],[614.79,93.42],[614.81,93.43],[614.84,93.43],[614.85,93.43],[614.87,93.44],[614.89,93.46],[614.9,93.48],[614.91,93.49],[614.92,93.5],[614.93,93.51],[614.93,93.52],[614.93,93.54],[614.96,93.58],[614.96,93.59],[614.94,93.6],[614.94,93.61],[614.95,93.62],[614.97,93.66],[614.98,93.66],[614.99,93.72],[615.02,93.77],[615.02,93.81],[615.02,93.82],[615.03,93.83],[615.06,93.85],[615.07,93.87],[615.07,93.88],[615.06,93.9],[615.02,93.93],[615.01,93.93],[615.02,93.96],[615.01,93.97],[615,93.98],[615.01,94.02],[615.01,94.03],[615,94.03],[614.89,94.17],[614.89,94.19],[614.88,94.19],[614.86,94.21],[614.87,94.23],[614.86,94.23],[614.87,94.23],[614.86,94.23],[614.85,94.24],[614.83,94.3],[614.83,94.53],[614.83,94.55],[614.83,94.56],[614.83,94.56],[614.82,94.56],[614.8,94.53],[614.77,94.51],[614.76,94.49],[614.74,94.47],[614.71,94.44],[614.71,94.44],[614.58,94.39],[614.57,94.39],[614.56,94.4],[614.51,94.41],[614.49,94.4],[614.48,94.39],[614.47,94.37],[614.41,94.29],[614.41,94.28],[614.42,94.21],[614.4,94.19],[614.4,94.18],[614.41,94.16],[614.43,94.14],[614.43,94.13],[614.43,94.1],[614.43,94.07],[614.42,94.04],[614.41,94.04],[614.4,94.03],[614.37,94.04],[614.36,94.04],[614.35,94.03],[614.32,94.02],[614.32,94.01],[614.32,94],[614.32,94],[614.36,93.98],[614.37,93.97],[614.37,93.93],[614.37,93.9],[614.39,93.9],[614.39,93.9],[614.39,93.9]]]}},{"type":"Feature","id":"35035-11","properties":{"ridingCode":"35035","pollNumber":"11","pollType":"N","advancePollNumber":"603","sourceCode":"11-0","geometryPollNumbers":["11"],"code":"35035-11","resultPollNumbers":["11"],"resultStatus":"exact","result":{"electors":384,"voters":109,"totalVotes":108,"rejected":1,"turnout":28.385416666666668,"winnerId":"nell-thomas","winnerPartyId":"LIB","runnerUpId":"jamie-schmale","runnerUpPartyId":"CPC","margin":1.8518518518518516,"top":[{"id":"nell-thomas","name":"Nell Thomas","shortName":"Thomas","partyId":"LIB","votes":50,"share":46.2962962962963},{"id":"jamie-schmale","name":"Jamie Schmale","shortName":"Schmale","partyId":"CPC","votes":48,"share":44.44444444444444},{"id":"alyea-teel","name":"Alyea Teel","shortName":"Teel","partyId":"NDP","votes":6,"share":5.555555555555555},{"id":"michael-penman","name":"Michael Penman","shortName":"Penman","partyId":"PPC","votes":4,"share":3.7037037037037033}],"partyVotes":{"LIB":50,"CPC":48,"BQ":0,"NDP":6,"GRN":0,"PPC":4,"OTH":0}}},"geometry":{"type":"Polygon","coordinates":[[[614.63,93.04],[614.58,93.01],[614.59,93],[614.6,93],[614.65,93.04],[614.67,93.05],[614.69,93.05],[614.7,93.06],[614.73,93.05],[614.75,93.05],[614.76,93.05],[614.81,93.04],[614.82,93.04],[614.86,93.05],[614.9,93.05],[614.94,93.06],[615,93.06],[615.01,93.06],[615.03,93.05],[615.03,93.04],[615.05,93.02],[615.06,93.01],[615.08,93.01],[615.11,93.02],[615.12,93.02],[615.17,93.08],[615.22,93.11],[615.27,93.16],[615.26,93.17],[615.27,93.18],[615.29,93.19],[615.3,93.2],[615.31,93.2],[615.32,93.2],[615.33,93.21],[615.33,93.22],[615.34,93.22],[615.35,93.23],[615.36,93.24],[615.37,93.24],[615.38,93.23],[615.4,93.23],[615.41,93.23],[615.42,93.24],[615.43,93.24],[615.43,93.25],[615.45,93.28],[615.46,93.3],[615.47,93.3],[615.48,93.3],[615.49,93.3],[615.51,93.31],[615.52,93.32],[615.53,93.34],[615.54,93.36],[615.54,93.37],[615.54,93.38],[615.54,93.39],[615.57,93.41],[615.57,93.43],[615.59,93.44],[615.6,93.44],[615.61,93.45],[615.61,93.46],[615.62,93.47],[615.63,93.48],[615.65,93.5],[615.66,93.51],[615.67,93.53],[615.68,93.55],[615.7,93.56],[615.7,93.57],[615.7,93.58],[615.7,93.6],[615.71,93.61],[615.74,93.65],[615.75,93.67],[615.76,93.69],[615.78,93.7],[615.78,93.71],[615.77,93.73],[615.77,93.77],[615.77,93.78],[615.77,93.8],[615.78,93.82],[615.79,93.84],[615.81,93.85],[615.83,93.86],[615.84,93.87],[615.85,93.89],[615.87,93.9],[615.89,93.91],[615.9,93.92],[615.92,93.93],[615.93,93.94],[615.93,93.95],[615.93,93.96],[615.95,93.97],[615.97,93.97],[615.98,93.98],[615.99,93.99],[615.99,94],[616.02,94],[616.03,94.03],[616.04,94.04],[616.05,94.06],[616.05,94.06],[616.07,94.07],[616.09,94.09],[616.11,94.12],[616.12,94.12],[616.14,94.15],[616.14,94.16],[615.8,94.59],[615.2,94.16],[615.06,94.13],[615.06,94.06],[615.02,94.03],[615.01,94.03],[615.01,94.02],[615,93.98],[615.01,93.97],[615.02,93.96],[615.01,93.93],[615.02,93.93],[615.06,93.9],[615.07,93.88],[615.07,93.87],[615.06,93.85],[615.03,93.83],[615.02,93.82],[615.02,93.81],[615.02,93.77],[614.99,93.72],[614.98,93.66],[614.97,93.66],[614.95,93.62],[614.94,93.61],[614.94,93.6],[614.96,93.59],[614.96,93.58],[614.93,93.54],[614.93,93.52],[614.93,93.51],[614.92,93.5],[614.91,93.49],[614.9,93.48],[614.89,93.46],[614.89,93.45],[614.9,93.46],[614.91,93.46],[614.92,93.45],[614.94,93.45],[614.95,93.43],[614.97,93.43],[614.98,93.43],[615,93.44],[615.01,93.45],[615.03,93.46],[615.04,93.45],[615.04,93.44],[615.05,93.44],[615.05,93.44],[615.06,93.43],[615.06,93.43],[615.07,93.42],[615.08,93.43],[615.08,93.42],[615.1,93.42],[615.1,93.42],[615.13,93.41],[615.18,93.35],[615.15,93.32],[615.14,93.31],[615.15,93.31],[615.15,93.3],[615.14,93.3],[615.14,93.29],[615.13,93.28],[615.12,93.27],[615.1,93.26],[615.1,93.26],[615.1,93.25],[615.09,93.24],[615.07,93.22],[615.05,93.22],[615.05,93.22],[615.03,93.21],[615.02,93.21],[615.01,93.22],[615.01,93.21],[615.01,93.21],[614.99,93.2],[614.98,93.19],[614.97,93.19],[614.96,93.19],[614.95,93.19],[614.94,93.19],[614.93,93.19],[614.93,93.18],[614.92,93.17],[614.91,93.17],[614.87,93.16],[614.86,93.16],[614.85,93.16],[614.85,93.16],[614.84,93.16],[614.83,93.15],[614.83,93.14],[614.82,93.14],[614.82,93.14],[614.81,93.13],[614.81,93.13],[614.81,93.13],[614.8,93.13],[614.79,93.13],[614.79,93.13],[614.8,93.12],[614.79,93.11],[614.78,93.11],[614.78,93.11],[614.78,93.12],[614.77,93.12],[614.77,93.11],[614.76,93.1],[614.76,93.08],[614.75,93.08],[614.75,93.08],[614.74,93.09],[614.73,93.08],[614.72,93.07],[614.72,93.07],[614.71,93.07],[614.69,93.06],[614.67,93.06],[614.67,93.05],[614.63,93.06],[614.62,93.05],[614.63,93.04]]]}},{"type":"Feature","id":"35035-12","properties":{"ridingCode":"35035","pollNumber":"12","pollType":"N","advancePollNumber":"603","sourceCode":"12-0","geometryPollNumbers":["12"],"code":"35035-12","resultPollNumbers":["12"],"resultStatus":"exact","result":{"electors":327,"voters":107,"totalVotes":106,"rejected":1,"turnout":32.7217125382263,"winnerId":"jamie-schmale","winnerPartyId":"CPC","runnerUpId":"nell-thomas","runnerUpPartyId":"LIB","margin":11.320754716981133,"top":[{"id":"jamie-schmale","name":"Jamie Schmale","shortName":"Schmale","partyId":"CPC","votes":56,"share":52.83018867924528},{"id":"nell-thomas","name":"Nell Thomas","shortName":"Thomas","partyId":"LIB","votes":44,"share":41.509433962264154},{"id":"alyea-teel","name":"Alyea Teel","shortName":"Teel","partyId":"NDP","votes":5,"share":4.716981132075472},{"id":"michael-penman","name":"Michael Penman","shortName":"Penman","partyId":"PPC","votes":1,"share":0.9433962264150944}],"partyVotes":{"LIB":44,"CPC":56,"BQ":0,"NDP":5,"GRN":0,"PPC":1,"OTH":0}}},"geometry":{"type":"Polygon","coordinates":[[[615.43,93.24],[615.42,93.24],[615.41,93.23],[615.4,93.23],[615.38,93.23],[615.37,93.24],[615.36,93.24],[615.35,93.23],[615.34,93.22],[615.33,93.22],[615.33,93.21],[615.32,93.2],[615.31,93.2],[615.3,93.2],[615.29,93.19],[615.27,93.18],[615.26,93.17],[615.27,93.16],[615.28,93.17],[615.29,93.17],[615.3,93.16],[615.32,93.14],[615.34,93.13],[615.36,93.11],[615.39,93.1],[615.44,93.08],[615.46,93.09],[615.48,93.1],[615.49,93.1],[615.51,93.1],[615.55,93.1],[615.57,93.07],[615.56,93.06],[615.57,93.05],[615.56,93.04],[615.57,93.03],[615.56,93.02],[615.56,93.01],[615.57,93],[615.57,93],[615.58,92.99],[615.58,92.98],[615.59,92.98],[615.6,92.98],[615.61,92.97],[615.6,92.95],[615.58,92.95],[615.56,92.94],[615.55,92.92],[615.56,92.92],[615.58,92.91],[615.59,92.91],[615.59,92.9],[615.6,92.9],[615.62,92.9],[615.63,92.89],[615.67,92.9],[615.63,92.94],[615.71,93.01],[615.72,93],[615.72,93],[615.71,93.01],[615.83,93.1],[616.25,93.42],[616.51,93.64],[616.34,93.86],[616.35,93.88],[616.32,93.88],[616.15,94.15],[616.14,94.15],[616.12,94.12],[616.11,94.12],[616.09,94.09],[616.07,94.07],[616.05,94.06],[616.05,94.06],[616.04,94.04],[616.03,94.03],[616.02,94],[615.99,94],[615.99,93.99],[615.98,93.98],[615.97,93.97],[615.95,93.97],[615.93,93.96],[615.93,93.95],[615.93,93.94],[615.92,93.93],[615.9,93.92],[615.89,93.91],[615.87,93.9],[615.85,93.89],[615.84,93.87],[615.83,93.86],[615.81,93.85],[615.79,93.84],[615.78,93.82],[615.77,93.8],[615.77,93.78],[615.77,93.77],[615.77,93.73],[615.78,93.71],[615.78,93.7],[615.76,93.69],[615.75,93.67],[615.74,93.65],[615.71,93.61],[615.7,93.6],[615.7,93.58],[615.7,93.57],[615.7,93.56],[615.68,93.55],[615.67,93.53],[615.66,93.51],[615.65,93.5],[615.63,93.48],[615.62,93.47],[615.61,93.46],[615.61,93.45],[615.6,93.44],[615.59,93.44],[615.57,93.43],[615.57,93.41],[615.54,93.39],[615.54,93.38],[615.54,93.37],[615.54,93.36],[615.53,93.34],[615.52,93.32],[615.51,93.31],[615.49,93.3],[615.48,93.3],[615.47,93.3],[615.46,93.3],[615.45,93.28],[615.43,93.25],[615.43,93.24]]]}},{"type":"Feature","id":"35035-13","properties":{"ridingCode":"35035","pollNumber":"13","pollType":"N","advancePollNumber":"601","sourceCode":"13-0","geometryPollNumbers":["13"],"code":"35035-13","resultPollNumbers":["13"],"resultStatus":"exact","result":{"electors":360,"voters":122,"totalVotes":120,"rejected":2,"turnout":33.88888888888889,"winnerId":"jamie-schmale","winnerPartyId":"CPC","runnerUpId":"nell-thomas","runnerUpPartyId":"LIB","margin":18.333333333333332,"top":[{"id":"jamie-schmale","name":"Jamie Schmale","shortName":"Schmale","partyId":"CPC","votes":67,"share":55.833333333333336},{"id":"nell-thomas","name":"Nell Thomas","shortName":"Thomas","partyId":"LIB","votes":45,"share":37.5},{"id":"michael-penman","name":"Michael Penman","shortName":"Penman","partyId":"PPC","votes":4,"share":3.3333333333333335},{"id":"alyea-teel","name":"Alyea Teel","shortName":"Teel","partyId":"NDP","votes":4,"share":3.3333333333333335}],"partyVotes":{"LIB":45,"CPC":67,"BQ":0,"NDP":4,"GRN":0,"PPC":4,"OTH":0}}},"geometry":{"type":"Polygon","coordinates":[[[614.06,93.46],[614.01,93.49],[614.01,93.5],[614.02,93.51],[613.99,93.53],[613.97,93.53],[613.94,93.54],[613.99,93.36],[614.15,93.28],[614.18,93.26],[614.2,93.25],[614.21,93.24],[614.23,93.24],[614.3,93.21],[614.32,93.2],[614.34,93.2],[614.33,93.19],[614.32,93.18],[614.37,93.19],[614.39,93.18],[614.42,93.19],[614.44,93.18],[614.45,93.18],[614.49,93.16],[614.5,93.13],[614.51,93.13],[614.52,93.12],[614.54,93.08],[614.55,93.08],[614.57,93.06],[614.58,93.08],[614.59,93.08],[614.57,93.1],[614.58,93.11],[614.59,93.13],[614.6,93.14],[614.6,93.14],[614.61,93.13],[614.65,93.17],[614.62,93.27],[614.67,93.3],[614.71,93.32],[614.72,93.33],[614.73,93.34],[614.76,93.37],[614.78,93.4],[614.77,93.41],[614.75,93.43],[614.74,93.43],[614.73,93.44],[614.72,93.45],[614.7,93.45],[614.69,93.45],[614.68,93.46],[614.68,93.48],[614.69,93.49],[614.69,93.51],[614.68,93.52],[614.68,93.52],[614.68,93.53],[614.63,93.59],[614.62,93.58],[614.61,93.53],[614.56,93.54],[614.43,93.61],[614.36,93.59],[614.31,93.55],[614.25,93.52],[614.21,93.49],[614.17,93.48],[614.14,93.45],[614.09,93.45],[614.06,93.46]],[[614.57,93.07],[614.57,93.07],[614.57,93.07],[614.57,93.07]]]}},{"type":"Feature","id":"35035-14","properties":{"ridingCode":"35035","pollNumber":"14","pollType":"N","advancePollNumber":"603","sourceCode":"14-0","geometryPollNumbers":["14"],"code":"35035-14","resultPollNumbers":["14"],"resultStatus":"exact","result":{"electors":409,"voters":117,"totalVotes":117,"rejected":0,"turnout":28.606356968215156,"winnerId":"nell-thomas","winnerPartyId":"LIB","runnerUpId":"jamie-schmale","runnerUpPartyId":"CPC","margin":29.059829059829063,"top":[{"id":"nell-thomas","name":"Nell Thomas","shortName":"Thomas","partyId":"LIB","votes":71,"share":60.68376068376068},{"id":"jamie-schmale","name":"Jamie Schmale","shortName":"Schmale","partyId":"CPC","votes":37,"share":31.62393162393162},{"id":"alyea-teel","name":"Alyea Teel","shortName":"Teel","partyId":"NDP","votes":6,"share":5.128205128205128},{"id":"michael-penman","name":"Michael Penman","shortName":"Penman","partyId":"PPC","votes":3,"share":2.564102564102564}],"partyVotes":{"LIB":71,"CPC":37,"BQ":0,"NDP":6,"GRN":0,"PPC":3,"OTH":0}}},"geometry":{"type":"Polygon","coordinates":[[[614.61,93.05],[614.62,93.05],[614.63,93.06],[614.67,93.05],[614.67,93.06],[614.69,93.06],[614.71,93.07],[614.72,93.07],[614.72,93.07],[614.73,93.08],[614.74,93.09],[614.75,93.08],[614.75,93.08],[614.76,93.08],[614.76,93.1],[614.77,93.11],[614.77,93.12],[614.78,93.12],[614.78,93.11],[614.78,93.11],[614.79,93.11],[614.8,93.12],[614.79,93.13],[614.79,93.13],[614.8,93.13],[614.81,93.13],[614.81,93.13],[614.81,93.13],[614.82,93.14],[614.82,93.14],[614.83,93.14],[614.83,93.15],[614.84,93.16],[614.85,93.16],[614.85,93.16],[614.86,93.16],[614.87,93.16],[614.91,93.17],[614.92,93.17],[614.93,93.18],[614.93,93.19],[614.94,93.19],[614.95,93.19],[614.96,93.19],[614.97,93.19],[614.98,93.19],[614.99,93.2],[615.01,93.21],[615.01,93.21],[615.01,93.22],[615.02,93.21],[615.03,93.21],[615.05,93.22],[615.05,93.22],[615.07,93.22],[615.09,93.24],[615.1,93.25],[615.1,93.26],[615.1,93.26],[615.12,93.27],[615.13,93.28],[615.14,93.29],[615.14,93.3],[615.15,93.3],[615.15,93.31],[615.14,93.31],[615.15,93.32],[615.18,93.35],[615.13,93.41],[615.1,93.42],[615.1,93.42],[615.08,93.42],[615.08,93.43],[615.07,93.42],[615.06,93.43],[615.06,93.43],[615.05,93.44],[615.05,93.44],[615.04,93.44],[615.04,93.45],[615.03,93.46],[615.01,93.45],[615,93.44],[614.98,93.43],[614.97,93.43],[614.95,93.43],[614.94,93.45],[614.92,93.45],[614.91,93.46],[614.9,93.46],[614.89,93.45],[614.89,93.46],[614.87,93.44],[614.85,93.43],[614.84,93.43],[614.81,93.43],[614.79,93.42],[614.79,93.42],[614.78,93.42],[614.77,93.41],[614.78,93.4],[614.76,93.37],[614.73,93.34],[614.72,93.33],[614.71,93.32],[614.67,93.3],[614.62,93.27],[614.65,93.17],[614.69,93.2],[614.73,93.15],[614.63,93.08],[614.62,93.08],[614.62,93.07],[614.61,93.06],[614.61,93.05]]]}},{"type":"Feature","id":"35035-15","properties":{"ridingCode":"35035","pollNumber":"15","pollType":"N","advancePollNumber":"601","sourceCode":"15-0","geometryPollNumbers":["15"],"code":"35035-15","resultPollNumbers":["15"],"resultStatus":"exact","result":{"electors":409,"voters":127,"totalVotes":127,"rejected":0,"turnout":31.05134474327628,"winnerId":"jamie-schmale","winnerPartyId":"CPC","runnerUpId":"nell-thomas","runnerUpPartyId":"LIB","margin":33.85826771653544,"top":[{"id":"jamie-schmale","name":"Jamie Schmale","shortName":"Schmale","partyId":"CPC","votes":81,"share":63.77952755905512},{"id":"nell-thomas","name":"Nell Thomas","shortName":"Thomas","partyId":"LIB","votes":38,"share":29.92125984251969},{"id":"alyea-teel","name":"Alyea Teel","shortName":"Teel","partyId":"NDP","votes":6,"share":4.724409448818897},{"id":"michael-penman","name":"Michael Penman","shortName":"Penman","partyId":"PPC","votes":2,"share":1.574803149606299}],"partyVotes":{"LIB":38,"CPC":81,"BQ":0,"NDP":6,"GRN":0,"PPC":2,"OTH":0}}},"geometry":{"type":"Polygon","coordinates":[[[614.57,93.1],[614.59,93.08],[614.58,93.08],[614.57,93.06],[614.55,93.08],[614.54,93.08],[614.56,93.05],[614.56,93.05],[614.59,93.05],[614.59,93.05],[614.59,93.06],[614.61,93.05],[614.61,93.06],[614.62,93.07],[614.62,93.08],[614.63,93.08],[614.73,93.15],[614.69,93.2],[614.65,93.17],[614.61,93.13],[614.6,93.14],[614.6,93.14],[614.59,93.13],[614.58,93.11],[614.57,93.1]],[[614.64,93.11],[614.65,93.11],[614.65,93.11],[614.64,93.11]]]}},{"type":"Feature","id":"35035-16","properties":{"ridingCode":"35035","pollNumber":"16","pollType":"N","advancePollNumber":"601","sourceCode":"16-0","geometryPollNumbers":["16"],"code":"35035-16","resultPollNumbers":["16"],"resultStatus":"exact","result":{"electors":415,"voters":91,"totalVotes":91,"rejected":0,"turnout":21.927710843373493,"winnerId":"jamie-schmale","winnerPartyId":"CPC","runnerUpId":"nell-thomas","runnerUpPartyId":"LIB","margin":23.076923076923077,"top":[{"id":"jamie-schmale","name":"Jamie Schmale","shortName":"Schmale","partyId":"CPC","votes":53,"share":58.24175824175825},{"id":"nell-thomas","name":"Nell Thomas","shortName":"Thomas","partyId":"LIB","votes":32,"share":35.16483516483517},{"id":"alyea-teel","name":"Alyea Teel","shortName":"Teel","partyId":"NDP","votes":4,"share":4.395604395604396},{"id":"michael-penman","name":"Michael Penman","shortName":"Penman","partyId":"PPC","votes":2,"share":2.197802197802198}],"partyVotes":{"LIB":32,"CPC":53,"BQ":0,"NDP":4,"GRN":0,"PPC":2,"OTH":0}}},"geometry":{"type":"Polygon","coordinates":[[[613.87,92.99],[614.19,92.58],[614.19,92.59],[614.26,92.68],[614.27,92.69],[614.27,92.71],[614.28,92.75],[614.27,92.77],[614.27,92.83],[614.29,92.89],[614.33,92.93],[614.33,92.94],[614.35,92.94],[614.41,92.96],[614.45,93.01],[614.44,93.01],[614.43,93.03],[614.42,93.04],[614.42,93.04],[614.41,93.07],[614.41,93.08],[614.42,93.08],[614.42,93.09],[614.43,93.09],[614.45,93.08],[614.47,93.09],[614.49,93.08],[614.49,93.07],[614.5,93.07],[614.5,93.07],[614.5,93.07],[614.49,93.07],[614.49,93.06],[614.5,93.05],[614.52,93.06],[614.52,93.05],[614.52,93.04],[614.51,93.03],[614.5,93.03],[614.49,93.03],[614.49,93.01],[614.5,93.01],[614.51,93],[614.52,92.99],[614.54,92.99],[614.54,92.99],[614.58,93.02],[614.58,93.01],[614.63,93.04],[614.62,93.05],[614.61,93.05],[614.59,93.06],[614.59,93.05],[614.59,93.05],[614.56,93.05],[614.56,93.05],[614.54,93.08],[614.52,93.12],[614.51,93.13],[614.5,93.13],[614.49,93.16],[614.45,93.18],[614.44,93.18],[614.42,93.19],[614.39,93.18],[614.37,93.19],[614.32,93.18],[614.33,93.19],[614.34,93.2],[614.32,93.2],[614.3,93.21],[614.23,93.24],[614.21,93.24],[614.2,93.25],[613.87,92.99]]]}},{"type":"Feature","id":"35035-17","properties":{"ridingCode":"35035","pollNumber":"17","pollType":"N","advancePollNumber":"603","sourceCode":"17-0","geometryPollNumbers":["17"],"code":"35035-17","resultPollNumbers":["17"],"resultStatus":"exact","result":{"electors":396,"voters":109,"totalVotes":108,"rejected":1,"turnout":27.525252525252526,"winnerId":"jamie-schmale","winnerPartyId":"CPC","runnerUpId":"nell-thomas","runnerUpPartyId":"LIB","margin":12.037037037037036,"top":[{"id":"jamie-schmale","name":"Jamie Schmale","shortName":"Schmale","partyId":"CPC","votes":60,"share":55.55555555555556},{"id":"nell-thomas","name":"Nell Thomas","shortName":"Thomas","partyId":"LIB","votes":47,"share":43.51851851851852},{"id":"alyea-teel","name":"Alyea Teel","shortName":"Teel","partyId":"NDP","votes":1,"share":0.9259259259259258},{"id":"michael-penman","name":"Michael Penman","shortName":"Penman","partyId":"PPC","votes":0,"share":0}],"partyVotes":{"LIB":47,"CPC":60,"BQ":0,"NDP":1,"GRN":0,"PPC":0,"OTH":0}}},"geometry":{"type":"Polygon","coordinates":[[[614.27,92.71],[614.3,92.68],[614.32,92.66],[614.36,92.66],[614.36,92.73],[614.38,92.71],[614.39,92.71],[614.41,92.74],[614.42,92.77],[614.42,92.77],[614.44,92.77],[614.45,92.78],[614.46,92.8],[614.46,92.81],[614.46,92.84],[614.46,92.85],[614.46,92.85],[614.48,92.87],[614.49,92.88],[614.5,92.91],[614.5,92.93],[614.5,92.93],[614.5,92.93],[614.54,92.96],[614.54,92.98],[614.54,92.99],[614.54,92.99],[614.52,92.99],[614.51,93],[614.5,93.01],[614.49,93.01],[614.49,93.03],[614.5,93.03],[614.51,93.03],[614.52,93.04],[614.52,93.05],[614.52,93.06],[614.5,93.05],[614.49,93.06],[614.49,93.07],[614.5,93.07],[614.5,93.07],[614.5,93.07],[614.49,93.07],[614.49,93.08],[614.47,93.09],[614.45,93.08],[614.43,93.09],[614.42,93.09],[614.42,93.08],[614.41,93.08],[614.41,93.07],[614.42,93.04],[614.42,93.04],[614.43,93.03],[614.44,93.01],[614.45,93.01],[614.41,92.96],[614.35,92.94],[614.33,92.94],[614.33,92.93],[614.29,92.89],[614.27,92.83],[614.27,92.77],[614.28,92.75],[614.27,92.71]]]}},{"type":"Feature","id":"35035-18","properties":{"ridingCode":"35035","pollNumber":"18","pollType":"N","advancePollNumber":"603","sourceCode":"18-0","geometryPollNumbers":["18"],"code":"35035-18","resultPollNumbers":["18"],"resultStatus":"exact","result":{"electors":410,"voters":140,"totalVotes":138,"rejected":2,"turnout":34.146341463414636,"winnerId":"nell-thomas","winnerPartyId":"LIB","runnerUpId":"jamie-schmale","runnerUpPartyId":"CPC","margin":5.072463768115942,"top":[{"id":"nell-thomas","name":"Nell Thomas","shortName":"Thomas","partyId":"LIB","votes":65,"share":47.10144927536232},{"id":"jamie-schmale","name":"Jamie Schmale","shortName":"Schmale","partyId":"CPC","votes":58,"share":42.028985507246375},{"id":"alyea-teel","name":"Alyea Teel","shortName":"Teel","partyId":"NDP","votes":10,"share":7.246376811594203},{"id":"michael-penman","name":"Michael Penman","shortName":"Penman","partyId":"PPC","votes":5,"share":3.6231884057971016}],"partyVotes":{"LIB":65,"CPC":58,"BQ":0,"NDP":10,"GRN":0,"PPC":5,"OTH":0}}},"geometry":{"type":"Polygon","coordinates":[[[614.58,93.01],[614.58,93.02],[614.54,92.99],[614.54,92.98],[614.54,92.96],[614.5,92.93],[614.5,92.93],[614.5,92.91],[614.49,92.88],[614.48,92.87],[614.46,92.85],[614.46,92.85],[614.46,92.84],[614.46,92.81],[614.47,92.79],[614.49,92.78],[614.49,92.77],[614.49,92.76],[614.49,92.74],[614.49,92.72],[614.5,92.65],[614.52,92.61],[614.54,92.59],[614.55,92.57],[614.57,92.55],[614.62,92.46],[614.63,92.4],[614.63,92.39],[614.62,92.34],[614.65,92.33],[614.65,92.33],[614.66,92.34],[614.68,92.34],[614.7,92.37],[614.7,92.37],[614.71,92.36],[614.73,92.35],[614.75,92.35],[614.77,92.33],[614.78,92.33],[614.79,92.33],[614.8,92.34],[614.81,92.34],[614.82,92.36],[614.84,92.37],[614.85,92.38],[614.86,92.38],[614.87,92.38],[614.89,92.38],[615.16,92.58],[615.16,92.58],[615.15,92.58],[615.14,92.59],[615.14,92.59],[615.12,92.61],[615.11,92.61],[615.11,92.62],[615.09,92.63],[615.08,92.63],[615.08,92.64],[615.07,92.64],[615.06,92.66],[615.06,92.66],[615.05,92.67],[615.04,92.69],[615.02,92.69],[615,92.7],[615,92.71],[614.98,92.72],[614.98,92.72],[614.97,92.73],[614.94,92.73],[614.92,92.72],[614.9,92.72],[614.88,92.72],[614.87,92.72],[614.87,92.72],[614.84,92.7],[614.82,92.7],[614.82,92.72],[614.81,92.73],[614.8,92.74],[614.78,92.75],[614.78,92.76],[614.71,92.84],[614.82,92.93],[614.82,92.94],[614.84,92.94],[614.86,92.97],[614.86,92.97],[614.85,92.98],[614.85,92.99],[614.81,93.03],[614.81,93.04],[614.76,93.05],[614.75,93.05],[614.73,93.05],[614.7,93.06],[614.69,93.05],[614.67,93.05],[614.65,93.04],[614.6,93],[614.59,93],[614.58,93.01]]]}},{"type":"Feature","id":"35035-19","properties":{"ridingCode":"35035","pollNumber":"19","pollType":"N","advancePollNumber":"603","sourceCode":"19-0","geometryPollNumbers":["19"],"code":"35035-19","resultPollNumbers":["19"],"resultStatus":"exact","result":{"electors":271,"voters":77,"totalVotes":77,"rejected":0,"turnout":28.413284132841326,"winnerId":"jamie-schmale","winnerPartyId":"CPC","runnerUpId":"nell-thomas","runnerUpPartyId":"LIB","margin":2.5974025974025974,"top":[{"id":"jamie-schmale","name":"Jamie Schmale","shortName":"Schmale","partyId":"CPC","votes":35,"share":45.45454545454545},{"id":"nell-thomas","name":"Nell Thomas","shortName":"Thomas","partyId":"LIB","votes":33,"share":42.857142857142854},{"id":"alyea-teel","name":"Alyea Teel","shortName":"Teel","partyId":"NDP","votes":6,"share":7.792207792207792},{"id":"michael-penman","name":"Michael Penman","shortName":"Penman","partyId":"PPC","votes":3,"share":3.896103896103896}],"partyVotes":{"LIB":33,"CPC":35,"BQ":0,"NDP":6,"GRN":0,"PPC":3,"OTH":0}}},"geometry":{"type":"Polygon","coordinates":[[[614.89,92.38],[614.78,92.3],[614.79,92.3],[614.79,92.29],[614.8,92.28],[614.8,92.27],[614.8,92.26],[614.79,92.25],[614.8,92.24],[614.79,92.23],[614.78,92.21],[614.76,92.2],[614.74,92.2],[614.76,92.23],[614.76,92.24],[614.76,92.25],[614.76,92.27],[614.76,92.28],[614.76,92.29],[614.57,92.13],[614.55,92.11],[614.77,91.81],[615.2,92.16],[615.17,92.18],[615.17,92.18],[615.16,92.19],[615.17,92.21],[615.18,92.26],[615.18,92.27],[615.22,92.33],[615.21,92.35],[615.24,92.62],[615.32,92.69],[615.37,92.72],[615.41,92.75],[615.42,92.78],[615.52,92.85],[615.53,92.86],[615.53,92.86],[615.59,92.91],[615.58,92.91],[615.56,92.92],[615.55,92.92],[615.56,92.94],[615.58,92.95],[615.6,92.95],[615.61,92.97],[615.6,92.98],[615.59,92.98],[615.58,92.98],[615.58,92.99],[615.57,93],[615.57,93],[615.56,93.01],[615.56,93.02],[615.57,93.03],[615.56,93.04],[615.57,93.05],[615.56,93.06],[615.57,93.07],[615.55,93.1],[615.51,93.1],[615.49,93.1],[615.48,93.1],[615.46,93.09],[615.44,93.08],[615.39,93.1],[615.36,93.11],[615.34,93.13],[615.32,93.14],[615.3,93.16],[615.29,93.17],[615.28,93.17],[615.27,93.16],[615.22,93.11],[615.17,93.08],[615.12,93.02],[615.11,93.02],[615.08,93.01],[615.06,93.01],[615.05,93.02],[615.03,93.04],[615.03,93.05],[615.01,93.06],[615,93.06],[614.94,93.06],[614.9,93.05],[614.86,93.05],[614.82,93.04],[614.81,93.04],[614.81,93.03],[614.85,92.99],[614.85,92.98],[614.86,92.97],[614.86,92.97],[614.84,92.94],[614.82,92.94],[614.82,92.93],[614.71,92.84],[614.78,92.76],[614.78,92.75],[614.8,92.74],[614.81,92.73],[614.82,92.72],[614.82,92.7],[614.84,92.7],[614.87,92.72],[614.87,92.72],[614.88,92.72],[614.9,92.72],[614.92,92.72],[614.94,92.73],[614.97,92.73],[614.98,92.72],[614.98,92.72],[615,92.71],[615,92.7],[615.02,92.69],[615.04,92.69],[615.05,92.67],[615.06,92.66],[615.06,92.66],[615.07,92.64],[615.08,92.64],[615.08,92.63],[615.09,92.63],[615.11,92.62],[615.11,92.61],[615.12,92.61],[615.14,92.59],[615.14,92.59],[615.15,92.58],[615.16,92.58],[615.16,92.58],[614.89,92.38]]]}},{"type":"Feature","id":"35035-20","properties":{"ridingCode":"35035","pollNumber":"20","pollType":"N","advancePollNumber":"603","sourceCode":"20-0","geometryPollNumbers":["20"],"code":"35035-20","resultPollNumbers":["20"],"resultStatus":"exact","result":{"electors":417,"voters":109,"totalVotes":109,"rejected":0,"turnout":26.139088729016784,"winnerId":"jamie-schmale","winnerPartyId":"CPC","runnerUpId":"nell-thomas","runnerUpPartyId":"LIB","margin":0,"top":[{"id":"jamie-schmale","name":"Jamie Schmale","shortName":"Schmale","partyId":"CPC","votes":53,"share":48.62385321100918},{"id":"nell-thomas","name":"Nell Thomas","shortName":"Thomas","partyId":"LIB","votes":53,"share":48.62385321100918},{"id":"alyea-teel","name":"Alyea Teel","shortName":"Teel","partyId":"NDP","votes":2,"share":1.834862385321101},{"id":"michael-penman","name":"Michael Penman","shortName":"Penman","partyId":"PPC","votes":1,"share":0.9174311926605505}],"partyVotes":{"LIB":53,"CPC":53,"BQ":0,"NDP":2,"GRN":0,"PPC":1,"OTH":0}}},"geometry":{"type":"Polygon","coordinates":[[[614.19,92.58],[614.24,92.5],[614.26,92.47],[614.33,92.53],[614.34,92.57],[614.37,92.57],[614.38,92.57],[614.39,92.57],[614.4,92.55],[614.4,92.53],[614.39,92.53],[614.38,92.51],[614.36,92.49],[614.34,92.49],[614.33,92.48],[614.32,92.47],[614.28,92.45],[614.37,92.34],[614.38,92.33],[614.4,92.3],[614.42,92.27],[614.42,92.27],[614.48,92.2],[614.55,92.11],[614.57,92.13],[614.76,92.29],[614.76,92.28],[614.76,92.27],[614.76,92.25],[614.76,92.24],[614.76,92.23],[614.74,92.2],[614.76,92.2],[614.78,92.21],[614.79,92.23],[614.8,92.24],[614.79,92.25],[614.8,92.26],[614.8,92.27],[614.8,92.28],[614.79,92.29],[614.79,92.3],[614.78,92.3],[614.89,92.38],[614.87,92.38],[614.86,92.38],[614.85,92.38],[614.84,92.37],[614.82,92.36],[614.81,92.34],[614.8,92.34],[614.79,92.33],[614.78,92.33],[614.77,92.33],[614.75,92.35],[614.73,92.35],[614.71,92.36],[614.7,92.37],[614.7,92.37],[614.68,92.34],[614.66,92.34],[614.65,92.33],[614.65,92.33],[614.62,92.34],[614.63,92.39],[614.63,92.4],[614.62,92.46],[614.57,92.55],[614.55,92.57],[614.54,92.59],[614.52,92.61],[614.5,92.65],[614.49,92.72],[614.49,92.74],[614.49,92.76],[614.49,92.77],[614.49,92.78],[614.47,92.79],[614.46,92.81],[614.46,92.8],[614.45,92.78],[614.44,92.77],[614.42,92.77],[614.42,92.77],[614.41,92.74],[614.39,92.71],[614.38,92.71],[614.36,92.73],[614.36,92.66],[614.32,92.66],[614.3,92.68],[614.27,92.71],[614.27,92.69],[614.26,92.68],[614.19,92.59],[614.19,92.58]]]}},{"type":"Feature","id":"35035-21","properties":{"ridingCode":"35035","pollNumber":"21","pollType":"N","advancePollNumber":"605","sourceCode":"21-0","geometryPollNumbers":["21"],"code":"35035-21","resultPollNumbers":["21"],"resultStatus":"exact","result":{"electors":345,"voters":98,"totalVotes":98,"rejected":0,"turnout":28.405797101449277,"winnerId":"jamie-schmale","winnerPartyId":"CPC","runnerUpId":"nell-thomas","runnerUpPartyId":"LIB","margin":9.183673469387756,"top":[{"id":"jamie-schmale","name":"Jamie Schmale","shortName":"Schmale","partyId":"CPC","votes":52,"share":53.06122448979592},{"id":"nell-thomas","name":"Nell Thomas","shortName":"Thomas","partyId":"LIB","votes":43,"share":43.87755102040816},{"id":"alyea-teel","name":"Alyea Teel","shortName":"Teel","partyId":"NDP","votes":3,"share":3.061224489795918},{"id":"michael-penman","name":"Michael Penman","shortName":"Penman","partyId":"PPC","votes":0,"share":0}],"partyVotes":{"LIB":43,"CPC":52,"BQ":0,"NDP":3,"GRN":0,"PPC":0,"OTH":0}}},"geometry":{"type":"Polygon","coordinates":[[[613.41,92.11],[613.42,92.1],[613.43,92.1],[613.44,92.1],[613.45,92.1],[613.46,92.11],[613.48,92.11],[613.49,92.11],[613.49,92.11],[613.5,92.1],[613.51,92.08],[613.52,92.08],[613.54,92.05],[613.55,92.05],[613.56,92.05],[613.56,92.04],[613.57,92.04],[613.58,92.03],[613.58,92.04],[613.58,92.03],[613.58,92.03],[613.58,92.01],[613.57,92.01],[613.57,92],[613.57,91.99],[613.57,91.99],[613.57,91.98],[613.56,91.96],[613.55,91.93],[613.57,91.91],[613.57,91.89],[613.59,91.89],[613.61,91.91],[613.62,91.91],[613.63,91.9],[613.63,91.9],[613.64,91.91],[613.66,91.92],[613.67,91.93],[613.69,91.94],[613.71,91.94],[613.72,91.94],[613.73,91.95],[613.72,91.97],[613.74,91.98],[613.74,91.98],[613.76,91.99],[613.77,92],[613.79,92.01],[613.92,92.11],[613.93,92.11],[613.98,92.1],[613.98,92.15],[613.99,92.18],[614,92.33],[614,92.34],[613.98,92.36],[613.98,92.38],[613.98,92.4],[613.98,92.42],[613.98,92.44],[613.96,92.44],[613.94,92.47],[613.91,92.5],[613.89,92.51],[613.88,92.5],[613.86,92.5],[613.86,92.51],[613.83,92.52],[613.82,92.55],[613.8,92.56],[613.8,92.57],[613.79,92.58],[613.77,92.57],[613.76,92.57],[613.76,92.56],[613.75,92.55],[613.73,92.53],[613.72,92.52],[613.71,92.51],[613.67,92.53],[613.63,92.52],[613.59,92.57],[613.58,92.57],[613.57,92.54],[613.55,92.56],[613.54,92.56],[613.53,92.55],[613.51,92.54],[613.49,92.51],[613.48,92.51],[613.46,92.5],[613.45,92.5],[613.45,92.5],[613.41,92.55],[613.41,92.55],[613.39,92.54],[613.37,92.52],[613.36,92.52],[613.35,92.52],[613.33,92.53],[613.33,92.53],[613.33,92.52],[613.32,92.41],[613.31,92.32],[613.32,92.3],[613.33,92.25],[613.34,92.25],[613.34,92.25],[613.35,92.23],[613.37,92.21],[613.39,92.18],[613.41,92.17],[613.41,92.15],[613.41,92.13],[613.41,92.13],[613.41,92.14],[613.42,92.15],[613.43,92.17],[613.43,92.18],[613.44,92.18],[613.46,92.19],[613.47,92.19],[613.49,92.21],[613.5,92.21],[613.51,92.22],[613.53,92.22],[613.54,92.21],[613.54,92.21],[613.55,92.22],[613.56,92.24],[613.58,92.25],[613.62,92.28],[613.66,92.3],[613.65,92.27],[613.65,92.23],[613.56,92.2],[613.54,92.19],[613.53,92.19],[613.51,92.17],[613.5,92.13],[613.45,92.13],[613.43,92.12],[613.42,92.12],[613.41,92.11]]]}},{"type":"Feature","id":"35035-22","properties":{"ridingCode":"35035","pollNumber":"22","pollType":"N","advancePollNumber":"605","sourceCode":"22-0","geometryPollNumbers":["22"],"code":"35035-22","resultPollNumbers":["22"],"resultStatus":"exact","result":{"electors":322,"voters":106,"totalVotes":104,"rejected":2,"turnout":32.91925465838509,"winnerId":"jamie-schmale","winnerPartyId":"CPC","runnerUpId":"nell-thomas","runnerUpPartyId":"LIB","margin":15.384615384615385,"top":[{"id":"jamie-schmale","name":"Jamie Schmale","shortName":"Schmale","partyId":"CPC","votes":57,"share":54.807692307692314},{"id":"nell-thomas","name":"Nell Thomas","shortName":"Thomas","partyId":"LIB","votes":41,"share":39.42307692307692},{"id":"michael-penman","name":"Michael Penman","shortName":"Penman","partyId":"PPC","votes":4,"share":3.8461538461538463},{"id":"alyea-teel","name":"Alyea Teel","shortName":"Teel","partyId":"NDP","votes":2,"share":1.9230769230769231}],"partyVotes":{"LIB":41,"CPC":57,"BQ":0,"NDP":2,"GRN":0,"PPC":4,"OTH":0}}},"geometry":{"type":"Polygon","coordinates":[[[613.96,92.07],[613.97,92.03],[613.96,92.02],[613.96,92.01],[613.96,92],[613.97,92],[613.99,92.01],[613.99,92.02],[614,92.02],[614.01,92.02],[614.05,92.02],[614.1,92.01],[614.11,92.01],[614.12,92.01],[614.12,92.02],[614.12,92.02],[614.12,92.03],[614.22,92.1],[614.28,92.03],[614.4,91.87],[614.48,91.97],[614.55,92.11],[614.48,92.2],[614.42,92.27],[614.42,92.27],[614.4,92.3],[614.38,92.33],[614.37,92.34],[614.28,92.45],[614.32,92.47],[614.33,92.48],[614.34,92.49],[614.36,92.49],[614.38,92.51],[614.39,92.53],[614.4,92.53],[614.4,92.55],[614.39,92.57],[614.38,92.57],[614.37,92.57],[614.34,92.57],[614.33,92.53],[614.26,92.47],[614.24,92.5],[614.19,92.58],[614.18,92.56],[614.16,92.54],[614.15,92.54],[614.13,92.53],[614.1,92.5],[614.05,92.47],[614,92.47],[613.99,92.47],[613.98,92.46],[613.98,92.44],[613.98,92.42],[613.98,92.4],[613.98,92.38],[613.98,92.36],[614,92.34],[614,92.33],[613.99,92.18],[613.98,92.15],[613.98,92.1],[613.97,92.09],[613.96,92.07]]]}},{"type":"Feature","id":"35035-23","properties":{"ridingCode":"35035","pollNumber":"23","pollType":"N","advancePollNumber":"602","sourceCode":"23-0","geometryPollNumbers":["23"],"code":"35035-23","resultPollNumbers":["23"],"resultStatus":"exact","result":{"electors":423,"voters":236,"totalVotes":235,"rejected":1,"turnout":55.7919621749409,"winnerId":"jamie-schmale","winnerPartyId":"CPC","runnerUpId":"nell-thomas","runnerUpPartyId":"LIB","margin":48.08510638297872,"top":[{"id":"jamie-schmale","name":"Jamie Schmale","shortName":"Schmale","partyId":"CPC","votes":164,"share":69.7872340425532},{"id":"nell-thomas","name":"Nell Thomas","shortName":"Thomas","partyId":"LIB","votes":51,"share":21.70212765957447},{"id":"alyea-teel","name":"Alyea Teel","shortName":"Teel","partyId":"NDP","votes":13,"share":5.531914893617021},{"id":"michael-penman","name":"Michael Penman","shortName":"Penman","partyId":"PPC","votes":7,"share":2.9787234042553195}],"partyVotes":{"LIB":51,"CPC":164,"BQ":0,"NDP":13,"GRN":0,"PPC":7,"OTH":0}}},"geometry":{"type":"Polygon","coordinates":[[[618.37,93.62],[618.3,93.72],[618.29,93.71],[618.29,93.7],[618.3,93.69],[618.31,93.67],[618.31,93.67],[618.3,93.67],[618.3,93.66],[618.31,93.66],[618.32,93.65],[618.32,93.63],[618.32,93.62],[618.33,93.6],[618.32,93.59],[618.32,93.59],[618.33,93.58],[618.32,93.55],[618.32,93.55],[618.33,93.54],[618.36,93.52],[618.37,93.5],[618.4,93.5],[618.43,93.51],[618.44,93.52],[618.42,93.53],[618.38,93.6],[618.37,93.62]]]}},{"type":"Feature","id":"35035-24","properties":{"ridingCode":"35035","pollNumber":"24","pollType":"N","advancePollNumber":"602","sourceCode":"24-0","geometryPollNumbers":["24"],"code":"35035-24","resultPollNumbers":["24"],"resultStatus":"exact","result":{"electors":352,"voters":152,"totalVotes":151,"rejected":1,"turnout":43.18181818181818,"winnerId":"jamie-schmale","winnerPartyId":"CPC","runnerUpId":"nell-thomas","runnerUpPartyId":"LIB","margin":13.90728476821192,"top":[{"id":"jamie-schmale","name":"Jamie Schmale","shortName":"Schmale","partyId":"CPC","votes":82,"share":54.3046357615894},{"id":"nell-thomas","name":"Nell Thomas","shortName":"Thomas","partyId":"LIB","votes":61,"share":40.397350993377486},{"id":"alyea-teel","name":"Alyea Teel","shortName":"Teel","partyId":"NDP","votes":7,"share":4.635761589403973},{"id":"michael-penman","name":"Michael Penman","shortName":"Penman","partyId":"PPC","votes":1,"share":0.6622516556291391}],"partyVotes":{"LIB":61,"CPC":82,"BQ":0,"NDP":7,"GRN":0,"PPC":1,"OTH":0}}},"geometry":{"type":"Polygon","coordinates":[[[617.2,93.18],[617.2,93.04],[617.22,93.02],[617.65,92.46],[617.67,92.48],[617.69,92.46],[617.7,92.46],[617.72,92.43],[617.73,92.44],[617.75,92.43],[617.77,92.43],[617.77,92.43],[617.78,92.44],[617.79,92.46],[617.81,92.49],[617.83,92.5],[617.84,92.51],[617.84,92.53],[617.85,92.6],[617.85,92.62],[617.83,92.63],[617.84,92.63],[617.84,92.64],[617.83,92.65],[617.78,92.66],[617.77,92.66],[617.77,92.67],[617.78,92.67],[617.8,92.67],[617.81,92.68],[617.82,92.69],[617.83,92.7],[617.84,92.71],[617.85,92.72],[617.85,92.73],[617.87,92.74],[617.88,92.75],[617.91,92.79],[617.91,92.81],[617.92,92.81],[617.93,92.82],[617.93,92.82],[617.94,92.81],[617.95,92.79],[617.98,92.78],[617.99,92.78],[618.01,92.78],[618.03,92.78],[618.04,92.78],[618.05,92.76],[618.07,92.75],[618.07,92.73],[618.09,92.71],[618.09,92.68],[618.1,92.66],[618.14,92.7],[618.16,92.82],[618.17,92.84],[618.17,92.86],[618.17,92.87],[618.22,92.94],[618.24,92.99],[618.29,93.02],[618.29,93.04],[618.29,93.06],[618.3,93.11],[618.3,93.12],[618.28,93.14],[618.27,93.15],[618.28,93.17],[618.29,93.18],[618.31,93.19],[618.32,93.22],[618.32,93.23],[618.31,93.23],[618.3,93.24],[618.29,93.26],[618.28,93.27],[618.27,93.27],[618.27,93.28],[618.27,93.28],[618.28,93.28],[618.28,93.29],[618.28,93.3],[618.29,93.3],[618.29,93.29],[618.29,93.29],[618.32,93.31],[618.32,93.32],[618.35,93.36],[618.36,93.37],[618.38,93.38],[618.38,93.39],[618.38,93.4],[618.37,93.43],[618.34,93.46],[618.32,93.48],[618.31,93.49],[618.31,93.51],[618.31,93.52],[618.32,93.51],[618.36,93.52],[618.33,93.54],[618.32,93.55],[618.32,93.55],[618.33,93.58],[618.32,93.59],[618.32,93.59],[618.33,93.6],[618.32,93.62],[618.32,93.63],[618.32,93.65],[618.31,93.66],[618.3,93.66],[618.3,93.67],[618.31,93.67],[618.31,93.67],[618.3,93.69],[618.29,93.7],[618.29,93.71],[618.3,93.72],[618.04,94.05],[617.88,94.27],[617.87,94.27],[617.69,94.16],[617.61,94.16],[617.17,93.72],[616.87,93.48],[616.91,93.42],[616.93,93.43],[616.94,93.43],[616.93,93.41],[616.94,93.41],[616.94,93.41],[616.95,93.4],[616.95,93.39],[616.96,93.38],[616.96,93.37],[617,93.31],[617.07,93.22],[617.15,93.24],[617.2,93.19],[617.2,93.18]]]}},{"type":"Feature","id":"35035-25","properties":{"ridingCode":"35035","pollNumber":"25","pollType":"N","advancePollNumber":"602","sourceCode":"25-0","geometryPollNumbers":["25"],"code":"35035-25","resultPollNumbers":["25"],"resultStatus":"exact","result":{"electors":276,"voters":127,"totalVotes":127,"rejected":0,"turnout":46.01449275362319,"winnerId":"jamie-schmale","winnerPartyId":"CPC","runnerUpId":"nell-thomas","runnerUpPartyId":"LIB","margin":0,"top":[{"id":"jamie-schmale","name":"Jamie Schmale","shortName":"Schmale","partyId":"CPC","votes":60,"share":47.24409448818898},{"id":"nell-thomas","name":"Nell Thomas","shortName":"Thomas","partyId":"LIB","votes":60,"share":47.24409448818898},{"id":"alyea-teel","name":"Alyea Teel","shortName":"Teel","partyId":"NDP","votes":4,"share":3.149606299212598},{"id":"michael-penman","name":"Michael Penman","shortName":"Penman","partyId":"PPC","votes":3,"share":2.3622047244094486}],"partyVotes":{"LIB":60,"CPC":60,"BQ":0,"NDP":4,"GRN":0,"PPC":3,"OTH":0}}},"geometry":{"type":"Polygon","coordinates":[[[617.69,92.46],[617.71,92.42],[617.81,92.29],[617.83,92.26],[617.84,92.27],[617.95,92.1],[618.01,92.14],[618.05,92.17],[618.07,92.18],[618.89,92.73],[618.99,92.8],[618.67,93.21],[618.52,93.4],[618.44,93.52],[618.44,93.52],[618.43,93.51],[618.4,93.5],[618.37,93.5],[618.36,93.52],[618.32,93.51],[618.31,93.52],[618.31,93.51],[618.31,93.49],[618.32,93.48],[618.34,93.46],[618.37,93.43],[618.38,93.4],[618.38,93.39],[618.38,93.38],[618.36,93.37],[618.35,93.36],[618.32,93.32],[618.32,93.31],[618.29,93.29],[618.29,93.29],[618.29,93.3],[618.28,93.3],[618.28,93.29],[618.28,93.28],[618.27,93.28],[618.27,93.28],[618.27,93.27],[618.28,93.27],[618.29,93.26],[618.3,93.24],[618.31,93.23],[618.32,93.23],[618.32,93.22],[618.31,93.19],[618.29,93.18],[618.28,93.17],[618.27,93.15],[618.28,93.14],[618.3,93.12],[618.3,93.11],[618.29,93.06],[618.29,93.04],[618.29,93.02],[618.24,92.99],[618.22,92.94],[618.17,92.87],[618.17,92.86],[618.17,92.84],[618.16,92.82],[618.14,92.7],[618.1,92.66],[618.09,92.68],[618.09,92.71],[618.07,92.73],[618.07,92.75],[618.05,92.76],[618.04,92.78],[618.03,92.78],[618.01,92.78],[617.99,92.78],[617.98,92.78],[617.95,92.79],[617.94,92.81],[617.93,92.82],[617.93,92.82],[617.92,92.81],[617.91,92.81],[617.91,92.79],[617.88,92.75],[617.87,92.74],[617.85,92.73],[617.85,92.72],[617.84,92.71],[617.83,92.7],[617.82,92.69],[617.81,92.68],[617.8,92.67],[617.78,92.67],[617.77,92.67],[617.77,92.66],[617.78,92.66],[617.83,92.65],[617.84,92.64],[617.84,92.63],[617.83,92.63],[617.85,92.62],[617.85,92.6],[617.84,92.53],[617.84,92.51],[617.83,92.5],[617.81,92.49],[617.79,92.46],[617.78,92.44],[617.77,92.43],[617.77,92.43],[617.75,92.43],[617.73,92.44],[617.72,92.43],[617.7,92.46],[617.69,92.46]]]}},{"type":"Feature","id":"35035-26","properties":{"ridingCode":"35035","pollNumber":"26","pollType":"N","advancePollNumber":"600","sourceCode":"26-0","geometryPollNumbers":["26"],"code":"35035-26","resultPollNumbers":["26"],"resultStatus":"exact","result":{"electors":438,"voters":231,"totalVotes":230,"rejected":1,"turnout":52.73972602739726,"winnerId":"jamie-schmale","winnerPartyId":"CPC","runnerUpId":"nell-thomas","runnerUpPartyId":"LIB","margin":20.869565217391305,"top":[{"id":"jamie-schmale","name":"Jamie Schmale","shortName":"Schmale","partyId":"CPC","votes":134,"share":58.26086956521739},{"id":"nell-thomas","name":"Nell Thomas","shortName":"Thomas","partyId":"LIB","votes":86,"share":37.391304347826086},{"id":"alyea-teel","name":"Alyea Teel","shortName":"Teel","partyId":"NDP","votes":8,"share":3.4782608695652173},{"id":"michael-penman","name":"Michael Penman","shortName":"Penman","partyId":"PPC","votes":2,"share":0.8695652173913043}],"partyVotes":{"LIB":86,"CPC":134,"BQ":0,"NDP":8,"GRN":0,"PPC":2,"OTH":0}}},"geometry":{"type":"Polygon","coordinates":[[[612,93.26],[612.03,93.24],[612.03,93.23],[612.04,93.22],[612.04,93.22],[612.03,93.21],[612.03,93.2],[612.03,93.19],[612.13,93.06],[612.15,93.04],[612.16,93.02],[612.18,93.02],[612.19,93.01],[612.23,92.91],[612.24,92.91],[612.25,92.88],[612.25,92.87],[612.27,92.84],[612.31,92.82],[612.37,92.7],[612.47,92.78],[612.52,92.76],[612.53,92.76],[612.56,92.76],[612.55,92.77],[612.55,92.77],[612.52,92.81],[612.49,92.83],[612.48,92.88],[612.44,92.93],[612.36,93.03],[612.3,93.07],[612.22,93.14],[612.23,93.13],[612.25,93.12],[612.26,93.12],[612.27,93.13],[612.28,93.14],[612.28,93.15],[612.28,93.17],[612.25,93.25],[612.26,93.26],[612.26,93.27],[612.27,93.28],[612.32,93.32],[612.37,93.34],[612.4,93.34],[612.42,93.34],[612.43,93.35],[612.44,93.36],[612.47,93.37],[612.48,93.37],[612.5,93.37],[612.54,93.34],[612.55,93.33],[612.57,93.29],[612.57,93.3],[612.58,93.32],[612.59,93.33],[612.6,93.34],[612.62,93.35],[612.64,93.33],[612.65,93.34],[612.67,93.35],[612.67,93.35],[612.68,93.34],[612.69,93.34],[612.7,93.33],[612.72,93.33],[612.74,93.33],[612.74,93.33],[612.75,93.33],[612.76,93.33],[612.76,93.32],[612.77,93.32],[612.79,93.29],[612.79,93.29],[612.81,93.3],[612.8,93.31],[612.8,93.34],[612.8,93.34],[612.8,93.35],[612.83,93.38],[612.84,93.37],[612.86,93.35],[612.85,93.34],[612.85,93.33],[612.86,93.31],[612.86,93.29],[612.87,93.28],[612.87,93.24],[612.87,93.23],[612.87,93.18],[612.86,93.16],[612.86,93.15],[612.85,93.13],[612.84,93.12],[612.84,93.11],[612.81,93.11],[612.8,93.08],[612.79,93.08],[612.78,93.07],[612.8,93.07],[612.84,93.03],[612.86,93],[612.89,92.99],[612.91,92.95],[612.96,92.99],[613.04,93.33],[613.11,93.33],[613.14,93.36],[613.18,93.32],[613.18,93.31],[613.22,93.25],[613.23,93.26],[613.24,93.28],[613.27,93.3],[613.27,93.31],[613.28,93.34],[613.28,93.36],[613.3,93.38],[613.34,93.41],[613.36,93.41],[613.39,93.42],[613.42,93.44],[613.48,93.36],[613.5,93.38],[613.49,93.39],[613.49,93.39],[613.49,93.4],[613.5,93.38],[613.53,93.4],[613.55,93.4],[613.55,93.41],[613.51,93.45],[613.43,93.57],[613.38,93.64],[613.01,94.15],[612.57,93.84],[612.52,93.88],[612.43,93.89],[612.39,93.83],[612.44,93.75],[611.98,93.44],[611.95,93.41],[611.91,93.38],[611.94,93.36],[611.95,93.35],[611.95,93.34],[611.95,93.3],[611.95,93.29],[611.96,93.28],[611.97,93.27],[612,93.26]]]}},{"type":"Feature","id":"35035-27","properties":{"ridingCode":"35035","pollNumber":"27","pollType":"N","advancePollNumber":"606","sourceCode":"27-0","geometryPollNumbers":["27"],"code":"35035-27","resultPollNumbers":["27"],"resultStatus":"exact","result":{"electors":412,"voters":224,"totalVotes":224,"rejected":0,"turnout":54.36893203883495,"winnerId":"jamie-schmale","winnerPartyId":"CPC","runnerUpId":"nell-thomas","runnerUpPartyId":"LIB","margin":9.375,"top":[{"id":"jamie-schmale","name":"Jamie Schmale","shortName":"Schmale","partyId":"CPC","votes":117,"share":52.23214285714286},{"id":"nell-thomas","name":"Nell Thomas","shortName":"Thomas","partyId":"LIB","votes":96,"share":42.857142857142854},{"id":"alyea-teel","name":"Alyea Teel","shortName":"Teel","partyId":"NDP","votes":7,"share":3.125},{"id":"michael-penman","name":"Michael Penman","shortName":"Penman","partyId":"PPC","votes":4,"share":1.7857142857142856}],"partyVotes":{"LIB":96,"CPC":117,"BQ":0,"NDP":7,"GRN":0,"PPC":4,"OTH":0}}},"geometry":{"type":"Polygon","coordinates":[[[613.01,92.89],[613.03,92.89],[613.08,92.91],[613.18,92.91],[613.19,92.89],[613.33,92.77],[613.34,92.79],[613.4,92.83],[613.53,92.93],[613.55,92.94],[613.38,93.16],[613.4,93.18],[613.41,93.2],[613.42,93.26],[613.42,93.27],[613.44,93.31],[613.46,93.35],[613.46,93.35],[613.48,93.36],[613.42,93.44],[613.39,93.42],[613.36,93.41],[613.34,93.41],[613.3,93.38],[613.28,93.36],[613.28,93.34],[613.27,93.31],[613.27,93.3],[613.24,93.28],[613.23,93.26],[613.22,93.25],[613.18,93.31],[613.18,93.32],[613.14,93.36],[613.11,93.33],[613.04,93.33],[612.96,92.99],[613,92.92],[613.01,92.89]]]}},{"type":"Feature","id":"35035-28","properties":{"ridingCode":"35035","pollNumber":"28","pollType":"N","advancePollNumber":"600","sourceCode":"28-0","geometryPollNumbers":["28"],"code":"35035-28","resultPollNumbers":["28"],"resultStatus":"exact","result":{"electors":397,"voters":223,"totalVotes":223,"rejected":0,"turnout":56.17128463476071,"winnerId":"nell-thomas","winnerPartyId":"LIB","runnerUpId":"jamie-schmale","runnerUpPartyId":"CPC","margin":0.4484304932735426,"top":[{"id":"nell-thomas","name":"Nell Thomas","shortName":"Thomas","partyId":"LIB","votes":103,"share":46.18834080717489},{"id":"jamie-schmale","name":"Jamie Schmale","shortName":"Schmale","partyId":"CPC","votes":102,"share":45.73991031390135},{"id":"alyea-teel","name":"Alyea Teel","shortName":"Teel","partyId":"NDP","votes":12,"share":5.381165919282512},{"id":"michael-penman","name":"Michael Penman","shortName":"Penman","partyId":"PPC","votes":6,"share":2.690582959641256}],"partyVotes":{"LIB":103,"CPC":102,"BQ":0,"NDP":12,"GRN":0,"PPC":6,"OTH":0}}},"geometry":{"type":"Polygon","coordinates":[[[612.48,92.88],[612.49,92.83],[612.52,92.81],[612.55,92.77],[612.55,92.77],[612.56,92.76],[612.6,92.72],[612.61,92.69],[612.63,92.68],[612.7,92.6],[612.72,92.59],[612.74,92.56],[612.75,92.58],[612.77,92.59],[612.78,92.59],[612.8,92.54],[612.85,92.54],[612.88,92.55],[612.88,92.55],[612.88,92.56],[612.87,92.56],[612.86,92.57],[612.85,92.58],[612.85,92.58],[612.84,92.58],[612.84,92.6],[612.83,92.6],[612.83,92.61],[612.83,92.61],[612.83,92.62],[612.82,92.62],[612.82,92.65],[612.82,92.67],[612.84,92.68],[612.86,92.68],[612.87,92.68],[613,92.71],[612.98,92.83],[612.87,92.91],[612.89,92.93],[612.91,92.94],[612.91,92.95],[612.89,92.99],[612.86,93],[612.84,93.03],[612.8,93.07],[612.78,93.07],[612.79,93.08],[612.8,93.08],[612.81,93.11],[612.84,93.11],[612.84,93.12],[612.85,93.13],[612.86,93.15],[612.86,93.16],[612.87,93.18],[612.87,93.23],[612.87,93.24],[612.87,93.28],[612.86,93.29],[612.86,93.31],[612.85,93.33],[612.85,93.34],[612.86,93.35],[612.84,93.37],[612.83,93.38],[612.8,93.35],[612.8,93.34],[612.8,93.34],[612.8,93.31],[612.81,93.3],[612.79,93.29],[612.79,93.29],[612.77,93.32],[612.76,93.32],[612.76,93.33],[612.75,93.33],[612.74,93.33],[612.74,93.33],[612.72,93.33],[612.7,93.33],[612.69,93.34],[612.68,93.34],[612.67,93.35],[612.67,93.35],[612.65,93.34],[612.64,93.33],[612.62,93.35],[612.6,93.34],[612.59,93.33],[612.58,93.32],[612.57,93.3],[612.57,93.29],[612.55,93.33],[612.54,93.34],[612.5,93.37],[612.48,93.37],[612.47,93.37],[612.44,93.36],[612.43,93.35],[612.42,93.34],[612.4,93.34],[612.37,93.34],[612.32,93.32],[612.27,93.28],[612.26,93.27],[612.26,93.26],[612.25,93.25],[612.28,93.17],[612.28,93.15],[612.28,93.14],[612.27,93.13],[612.26,93.12],[612.25,93.12],[612.23,93.13],[612.22,93.14],[612.3,93.07],[612.36,93.03],[612.44,92.93],[612.48,92.88]]]}},{"type":"Feature","id":"35035-29","properties":{"ridingCode":"35035","pollNumber":"29","pollType":"N","advancePollNumber":"606","sourceCode":"29-0","geometryPollNumbers":["29"],"code":"35035-29","resultPollNumbers":["29"],"resultStatus":"exact","result":{"electors":391,"voters":128,"totalVotes":128,"rejected":0,"turnout":32.73657289002558,"winnerId":"jamie-schmale","winnerPartyId":"CPC","runnerUpId":"nell-thomas","runnerUpPartyId":"LIB","margin":24.21875,"top":[{"id":"jamie-schmale","name":"Jamie Schmale","shortName":"Schmale","partyId":"CPC","votes":77,"share":60.15625},{"id":"nell-thomas","name":"Nell Thomas","shortName":"Thomas","partyId":"LIB","votes":46,"share":35.9375},{"id":"michael-penman","name":"Michael Penman","shortName":"Penman","partyId":"PPC","votes":4,"share":3.125},{"id":"alyea-teel","name":"Alyea Teel","shortName":"Teel","partyId":"NDP","votes":1,"share":0.78125}],"partyVotes":{"LIB":46,"CPC":77,"BQ":0,"NDP":1,"GRN":0,"PPC":4,"OTH":0}}},"geometry":{"type":"Polygon","coordinates":[[[613.15,92.64],[613.17,92.62],[613.19,92.61],[613.2,92.62],[613.24,92.65],[613.25,92.65],[613.26,92.64],[613.26,92.63],[613.26,92.63],[613.28,92.61],[613.29,92.6],[613.29,92.59],[613.31,92.58],[613.31,92.57],[613.31,92.56],[613.3,92.55],[613.3,92.53],[613.29,92.52],[613.29,92.52],[613.3,92.5],[613.32,92.52],[613.33,92.52],[613.33,92.53],[613.33,92.53],[613.35,92.52],[613.36,92.52],[613.37,92.52],[613.39,92.54],[613.41,92.55],[613.41,92.55],[613.45,92.5],[613.45,92.5],[613.46,92.5],[613.48,92.51],[613.49,92.51],[613.51,92.54],[613.53,92.55],[613.54,92.56],[613.55,92.56],[613.57,92.54],[613.58,92.57],[613.59,92.57],[613.63,92.52],[613.67,92.53],[613.71,92.51],[613.72,92.52],[613.73,92.53],[613.75,92.55],[613.76,92.56],[613.76,92.57],[613.77,92.57],[613.79,92.58],[613.8,92.57],[613.8,92.56],[613.82,92.55],[613.83,92.52],[613.86,92.51],[613.86,92.5],[613.88,92.5],[613.89,92.51],[613.91,92.5],[613.94,92.47],[613.96,92.44],[613.98,92.44],[613.98,92.46],[613.99,92.47],[614,92.47],[614.05,92.47],[614.1,92.5],[614.13,92.53],[614.15,92.54],[614.16,92.54],[614.18,92.56],[614.19,92.58],[613.87,92.99],[613.77,93.1],[613.69,93.04],[613.61,93.18],[613.57,93.23],[613.57,93.24],[613.56,93.25],[613.55,93.26],[613.54,93.28],[613.54,93.28],[613.51,93.31],[613.51,93.32],[613.51,93.33],[613.5,93.34],[613.49,93.34],[613.48,93.34],[613.48,93.35],[613.48,93.36],[613.46,93.35],[613.46,93.35],[613.44,93.31],[613.42,93.27],[613.42,93.26],[613.41,93.2],[613.4,93.18],[613.38,93.16],[613.55,92.94],[613.53,92.93],[613.4,92.83],[613.34,92.79],[613.33,92.77],[613.25,92.7],[613.23,92.69],[613.23,92.69],[613.19,92.66],[613.15,92.64]]]}},{"type":"Feature","id":"35035-30","properties":{"ridingCode":"35035","pollNumber":"30","pollType":"N","advancePollNumber":"606","sourceCode":"30-0","geometryPollNumbers":["30"],"code":"35035-30","resultPollNumbers":["30"],"resultStatus":"exact","result":{"electors":394,"voters":177,"totalVotes":176,"rejected":1,"turnout":44.923857868020306,"winnerId":"jamie-schmale","winnerPartyId":"CPC","runnerUpId":"nell-thomas","runnerUpPartyId":"LIB","margin":7.386363636363637,"top":[{"id":"jamie-schmale","name":"Jamie Schmale","shortName":"Schmale","partyId":"CPC","votes":92,"share":52.27272727272727},{"id":"nell-thomas","name":"Nell Thomas","shortName":"Thomas","partyId":"LIB","votes":79,"share":44.88636363636363},{"id":"alyea-teel","name":"Alyea Teel","shortName":"Teel","partyId":"NDP","votes":4,"share":2.272727272727273},{"id":"michael-penman","name":"Michael Penman","shortName":"Penman","partyId":"PPC","votes":1,"share":0.5681818181818182}],"partyVotes":{"LIB":79,"CPC":92,"BQ":0,"NDP":4,"GRN":0,"PPC":1,"OTH":0}}},"geometry":{"type":"Polygon","coordinates":[[[612.87,92.91],[612.98,92.83],[613,92.71],[613.09,92.62],[613.1,92.63],[613.11,92.61],[613.1,92.58],[613.1,92.55],[613.1,92.53],[613.13,92.52],[613.16,92.52],[613.22,92.53],[613.23,92.53],[613.24,92.52],[613.25,92.5],[613.26,92.46],[613.25,92.41],[613.25,92.37],[613.25,92.31],[613.26,92.28],[613.27,92.27],[613.3,92.23],[613.32,92.22],[613.33,92.22],[613.33,92.21],[613.34,92.19],[613.34,92.19],[613.36,92.13],[613.36,92.12],[613.38,92.11],[613.38,92.11],[613.4,92.11],[613.41,92.11],[613.42,92.12],[613.43,92.12],[613.45,92.13],[613.5,92.13],[613.51,92.17],[613.53,92.19],[613.54,92.19],[613.56,92.2],[613.65,92.23],[613.65,92.27],[613.66,92.3],[613.62,92.28],[613.58,92.25],[613.56,92.24],[613.55,92.22],[613.54,92.21],[613.54,92.21],[613.53,92.22],[613.51,92.22],[613.5,92.21],[613.49,92.21],[613.47,92.19],[613.46,92.19],[613.44,92.18],[613.43,92.18],[613.43,92.17],[613.42,92.15],[613.41,92.14],[613.41,92.13],[613.41,92.13],[613.41,92.15],[613.41,92.17],[613.39,92.18],[613.37,92.21],[613.35,92.23],[613.34,92.25],[613.34,92.25],[613.33,92.25],[613.32,92.3],[613.31,92.32],[613.32,92.41],[613.33,92.52],[613.32,92.52],[613.3,92.5],[613.29,92.52],[613.29,92.52],[613.3,92.53],[613.3,92.55],[613.31,92.56],[613.31,92.57],[613.31,92.58],[613.29,92.59],[613.29,92.6],[613.28,92.61],[613.26,92.63],[613.26,92.63],[613.26,92.64],[613.25,92.65],[613.24,92.65],[613.2,92.62],[613.19,92.61],[613.17,92.62],[613.15,92.64],[613.19,92.66],[613.23,92.69],[613.23,92.69],[613.25,92.7],[613.33,92.77],[613.19,92.89],[613.18,92.91],[613.08,92.91],[613.03,92.89],[613.01,92.89],[613,92.92],[612.96,92.99],[612.91,92.95],[612.91,92.94],[612.89,92.93],[612.87,92.91]]]}},{"type":"Feature","id":"35035-31","properties":{"ridingCode":"35035","pollNumber":"31","pollType":"N","advancePollNumber":"606","sourceCode":"31-0","geometryPollNumbers":["31"],"code":"35035-31","resultPollNumbers":["31"],"resultStatus":"exact","result":{"electors":378,"voters":141,"totalVotes":141,"rejected":0,"turnout":37.301587301587304,"winnerId":"jamie-schmale","winnerPartyId":"CPC","runnerUpId":"nell-thomas","runnerUpPartyId":"LIB","margin":7.092198581560284,"top":[{"id":"jamie-schmale","name":"Jamie Schmale","shortName":"Schmale","partyId":"CPC","votes":71,"share":50.35460992907801},{"id":"nell-thomas","name":"Nell Thomas","shortName":"Thomas","partyId":"LIB","votes":61,"share":43.262411347517734},{"id":"michael-penman","name":"Michael Penman","shortName":"Penman","partyId":"PPC","votes":5,"share":3.546099290780142},{"id":"alyea-teel","name":"Alyea Teel","shortName":"Teel","partyId":"NDP","votes":4,"share":2.8368794326241136}],"partyVotes":{"LIB":61,"CPC":71,"BQ":0,"NDP":4,"GRN":0,"PPC":5,"OTH":0}}},"geometry":{"type":"Polygon","coordinates":[[[611.03,92.44],[611.12,92.32],[611.17,92.26],[611.44,91.91],[611.7,91.56],[611.97,91.15],[612.41,91.48],[613.04,91.95],[613.07,91.97],[613.11,92],[613.14,92.01],[613.3,92.11],[613.31,92.11],[613.32,92.1],[613.33,92.1],[613.35,92.11],[613.36,92.13],[613.34,92.19],[613.34,92.19],[613.33,92.21],[613.33,92.22],[613.32,92.22],[613.3,92.23],[613.27,92.27],[613.26,92.28],[613.25,92.31],[613.25,92.37],[613.25,92.41],[613.26,92.46],[613.25,92.5],[613.24,92.52],[613.23,92.53],[613.22,92.53],[613.16,92.52],[613.13,92.52],[613.1,92.53],[613.1,92.55],[613.1,92.58],[613.11,92.61],[613.1,92.63],[613.09,92.62],[613,92.71],[612.87,92.68],[612.86,92.68],[612.84,92.68],[612.82,92.67],[612.82,92.65],[612.82,92.62],[612.83,92.62],[612.83,92.61],[612.83,92.61],[612.83,92.6],[612.84,92.6],[612.84,92.58],[612.85,92.58],[612.85,92.58],[612.86,92.57],[612.87,92.56],[612.88,92.56],[612.88,92.55],[612.88,92.55],[612.85,92.54],[612.8,92.54],[612.78,92.59],[612.77,92.59],[612.75,92.58],[612.74,92.56],[612.72,92.59],[612.7,92.6],[612.63,92.68],[612.61,92.69],[612.6,92.72],[612.56,92.76],[612.53,92.76],[612.52,92.76],[612.47,92.78],[612.37,92.7],[612.31,92.82],[612.27,92.84],[612.25,92.87],[612.25,92.88],[612.24,92.91],[612.23,92.91],[612.19,93.01],[612.18,93.02],[612.16,93.02],[612.15,93.04],[612.13,93.06],[612.03,93.19],[612.03,93.2],[612.03,93.21],[612.04,93.22],[612.04,93.22],[612.03,93.23],[612.03,93.24],[612,93.26],[611.97,93.27],[611.96,93.28],[611.95,93.29],[611.95,93.3],[611.95,93.34],[611.95,93.35],[611.94,93.36],[611.91,93.38],[611.84,93.33],[611.5,93.09],[611.02,92.77],[610.87,92.66],[610.95,92.55],[611.03,92.44]]]}},{"type":"Feature","id":"35035-32","properties":{"ridingCode":"35035","pollNumber":"32","pollType":"N","advancePollNumber":"602","sourceCode":"32-0","geometryPollNumbers":["32"],"code":"35035-32","resultPollNumbers":["32"],"resultStatus":"exact","result":{"electors":382,"voters":115,"totalVotes":115,"rejected":0,"turnout":30.104712041884817,"winnerId":"jamie-schmale","winnerPartyId":"CPC","runnerUpId":"nell-thomas","runnerUpPartyId":"LIB","margin":38.26086956521739,"top":[{"id":"jamie-schmale","name":"Jamie Schmale","shortName":"Schmale","partyId":"CPC","votes":74,"share":64.34782608695652},{"id":"nell-thomas","name":"Nell Thomas","shortName":"Thomas","partyId":"LIB","votes":30,"share":26.08695652173913},{"id":"alyea-teel","name":"Alyea Teel","shortName":"Teel","partyId":"NDP","votes":7,"share":6.086956521739131},{"id":"michael-penman","name":"Michael Penman","shortName":"Penman","partyId":"PPC","votes":4,"share":3.4782608695652173}],"partyVotes":{"LIB":30,"CPC":74,"BQ":0,"NDP":7,"GRN":0,"PPC":4,"OTH":0}}},"geometry":{"type":"Polygon","coordinates":[[[616.34,93.86],[616.51,93.64],[616.59,93.7],[616.6,93.69],[616.64,93.67],[616.66,93.68],[616.67,93.69],[616.69,93.7],[616.72,93.67],[616.72,93.64],[616.71,93.61],[616.71,93.59],[616.71,93.58],[616.71,93.57],[616.7,93.57],[616.69,93.56],[616.68,93.55],[616.68,93.54],[616.67,93.54],[616.69,93.51],[616.65,93.49],[616.64,93.47],[616.63,93.46],[616.63,93.43],[616.64,93.42],[616.64,93.41],[616.66,93.4],[616.66,93.39],[616.67,93.32],[616.67,93.31],[616.67,93.3],[616.65,93.27],[616.66,93.26],[616.66,93.25],[616.67,93.24],[616.68,93.24],[616.68,93.23],[616.69,93.22],[616.73,93.24],[616.73,93.24],[616.74,93.26],[616.74,93.27],[616.82,93.32],[616.82,93.33],[616.84,93.32],[616.86,93.32],[616.82,93.36],[616.78,93.42],[616.76,93.46],[616.76,93.49],[616.72,93.54],[616.73,93.55],[616.74,93.55],[616.74,93.56],[616.74,93.61],[616.75,93.62],[616.75,93.63],[616.74,93.64],[616.75,93.66],[616.75,93.66],[616.74,93.68],[616.74,93.69],[616.73,93.7],[616.72,93.7],[616.71,93.71],[616.71,93.72],[616.72,93.73],[616.76,93.76],[616.77,93.77],[616.77,93.79],[616.77,93.79],[616.76,93.79],[616.76,93.8],[616.76,93.82],[616.76,93.85],[616.65,93.75],[616.64,93.76],[616.63,93.77],[616.62,93.78],[616.56,93.87],[616.5,93.95],[616.47,93.98],[616.38,93.9],[616.35,93.88],[616.34,93.86]]]}},{"type":"Feature","id":"35035-33","properties":{"ridingCode":"35035","pollNumber":"33","pollType":"N","advancePollNumber":"602","sourceCode":"33-0","geometryPollNumbers":["33"],"code":"35035-33","resultPollNumbers":["33"],"resultStatus":"exact","result":{"electors":207,"voters":72,"totalVotes":72,"rejected":0,"turnout":34.78260869565217,"winnerId":"jamie-schmale","winnerPartyId":"CPC","runnerUpId":"nell-thomas","runnerUpPartyId":"LIB","margin":23.61111111111111,"top":[{"id":"jamie-schmale","name":"Jamie Schmale","shortName":"Schmale","partyId":"CPC","votes":42,"share":58.333333333333336},{"id":"nell-thomas","name":"Nell Thomas","shortName":"Thomas","partyId":"LIB","votes":25,"share":34.72222222222222},{"id":"alyea-teel","name":"Alyea Teel","shortName":"Teel","partyId":"NDP","votes":5,"share":6.944444444444445},{"id":"michael-penman","name":"Michael Penman","shortName":"Penman","partyId":"PPC","votes":0,"share":0}],"partyVotes":{"LIB":25,"CPC":42,"BQ":0,"NDP":5,"GRN":0,"PPC":0,"OTH":0}}},"geometry":{"type":"Polygon","coordinates":[[[616.53,92.77],[616.61,92.83],[616.67,92.88],[616.69,92.89],[616.73,92.89],[616.74,92.9],[616.77,92.92],[616.78,92.94],[616.79,92.96],[616.8,92.99],[616.84,92.98],[616.87,92.99],[616.89,93],[616.93,93.02],[616.99,93.04],[617.07,93.09],[617.14,93.15],[617.2,93.18],[617.2,93.19],[617.15,93.24],[617.07,93.22],[617,93.31],[616.96,93.37],[616.96,93.38],[616.95,93.39],[616.95,93.4],[616.94,93.41],[616.94,93.41],[616.93,93.41],[616.94,93.43],[616.93,93.43],[616.91,93.42],[616.87,93.48],[616.75,93.63],[616.75,93.62],[616.74,93.61],[616.74,93.56],[616.74,93.55],[616.73,93.55],[616.72,93.54],[616.76,93.49],[616.76,93.46],[616.78,93.42],[616.82,93.36],[616.86,93.32],[616.84,93.32],[616.82,93.33],[616.82,93.32],[616.74,93.27],[616.74,93.26],[616.73,93.24],[616.73,93.24],[616.69,93.22],[616.68,93.23],[616.68,93.24],[616.67,93.24],[616.66,93.25],[616.66,93.26],[616.65,93.25],[616.65,93.24],[616.65,93.19],[616.65,93.15],[616.68,93.04],[616.68,93.03],[616.67,93.02],[616.62,92.94],[616.59,92.9],[616.57,92.85],[616.53,92.77]]]}},{"type":"Feature","id":"35035-34","properties":{"ridingCode":"35035","pollNumber":"34","pollType":"N","advancePollNumber":"602","sourceCode":"34-0","geometryPollNumbers":["34"],"code":"35035-34","resultPollNumbers":["34"],"resultStatus":"exact","result":{"electors":325,"voters":96,"totalVotes":96,"rejected":0,"turnout":29.53846153846154,"winnerId":"jamie-schmale","winnerPartyId":"CPC","runnerUpId":"nell-thomas","runnerUpPartyId":"LIB","margin":21.875,"top":[{"id":"jamie-schmale","name":"Jamie Schmale","shortName":"Schmale","partyId":"CPC","votes":57,"share":59.375},{"id":"nell-thomas","name":"Nell Thomas","shortName":"Thomas","partyId":"LIB","votes":36,"share":37.5},{"id":"alyea-teel","name":"Alyea Teel","shortName":"Teel","partyId":"NDP","votes":2,"share":2.083333333333333},{"id":"michael-penman","name":"Michael Penman","shortName":"Penman","partyId":"PPC","votes":1,"share":1.0416666666666665}],"partyVotes":{"LIB":36,"CPC":57,"BQ":0,"NDP":2,"GRN":0,"PPC":1,"OTH":0}}},"geometry":{"type":"Polygon","coordinates":[[[615.83,93.1],[615.89,93.05],[615.88,93.04],[615.89,93.03],[615.89,93.02],[615.9,93.02],[615.93,93.02],[615.96,93],[615.98,93],[615.99,93],[616.01,93.01],[616.01,93.01],[616.02,93.01],[616.02,93],[616.02,92.98],[616.02,92.97],[616.03,92.97],[616.05,92.94],[616.05,92.94],[616.05,92.9],[616.07,92.87],[616.07,92.85],[616.07,92.83],[616.07,92.78],[616.2,92.62],[616.25,92.59],[616.31,92.44],[616.34,92.46],[616.36,92.49],[616.42,92.53],[616.44,92.56],[616.46,92.6],[616.49,92.67],[616.5,92.66],[616.51,92.72],[616.53,92.77],[616.57,92.85],[616.59,92.9],[616.62,92.94],[616.67,93.02],[616.68,93.03],[616.68,93.04],[616.65,93.15],[616.65,93.19],[616.65,93.24],[616.65,93.25],[616.66,93.26],[616.65,93.27],[616.67,93.3],[616.67,93.31],[616.67,93.32],[616.66,93.39],[616.66,93.4],[616.64,93.41],[616.64,93.42],[616.63,93.43],[616.63,93.46],[616.64,93.47],[616.65,93.49],[616.69,93.51],[616.67,93.54],[616.68,93.54],[616.68,93.55],[616.69,93.56],[616.7,93.57],[616.71,93.57],[616.71,93.58],[616.71,93.59],[616.71,93.61],[616.72,93.64],[616.72,93.67],[616.69,93.7],[616.67,93.69],[616.66,93.68],[616.64,93.67],[616.6,93.69],[616.59,93.7],[616.51,93.64],[616.25,93.42],[615.83,93.1]]]}},{"type":"Feature","id":"35035-35","properties":{"ridingCode":"35035","pollNumber":"35","pollType":"N","advancePollNumber":"602","sourceCode":"35-0","geometryPollNumbers":["35"],"code":"35035-35","resultPollNumbers":["35"],"resultStatus":"exact","result":{"electors":220,"voters":65,"totalVotes":65,"rejected":0,"turnout":29.545454545454547,"winnerId":"jamie-schmale","winnerPartyId":"CPC","runnerUpId":"nell-thomas","runnerUpPartyId":"LIB","margin":38.46153846153847,"top":[{"id":"jamie-schmale","name":"Jamie Schmale","shortName":"Schmale","partyId":"CPC","votes":43,"share":66.15384615384615},{"id":"nell-thomas","name":"Nell Thomas","shortName":"Thomas","partyId":"LIB","votes":18,"share":27.692307692307693},{"id":"michael-penman","name":"Michael Penman","shortName":"Penman","partyId":"PPC","votes":3,"share":4.615384615384616},{"id":"alyea-teel","name":"Alyea Teel","shortName":"Teel","partyId":"NDP","votes":1,"share":1.5384615384615385}],"partyVotes":{"LIB":18,"CPC":43,"BQ":0,"NDP":1,"GRN":0,"PPC":3,"OTH":0}}},"geometry":{"type":"Polygon","coordinates":[[[616.26,92.23],[616.28,92.25],[616.34,92.28],[616.37,92.3],[616.38,92.31],[616.41,92.23],[616.75,91.82],[617.24,92.15],[617.31,92.2],[617.35,92.23],[617.65,92.46],[617.22,93.02],[617.2,93.04],[617.2,93.18],[617.14,93.15],[617.07,93.09],[616.99,93.04],[616.93,93.02],[616.89,93],[616.87,92.99],[616.84,92.98],[616.8,92.99],[616.79,92.96],[616.78,92.94],[616.77,92.92],[616.74,92.9],[616.73,92.89],[616.69,92.89],[616.67,92.88],[616.61,92.83],[616.53,92.77],[616.51,92.72],[616.5,92.66],[616.49,92.67],[616.46,92.6],[616.44,92.56],[616.42,92.53],[616.36,92.49],[616.34,92.46],[616.31,92.44],[616.25,92.59],[616.24,92.55],[616.04,92.41],[616.01,92.41],[616.14,92.26],[616.17,92.25],[616.2,92.23],[616.22,92.23],[616.23,92.22],[616.23,92.21],[616.22,92.17],[616.2,92.14],[616.2,92.14],[616.23,92.13],[616.24,92.14],[616.25,92.14],[616.25,92.16],[616.26,92.21],[616.26,92.23]]]}},{"type":"Feature","id":"35035-36","properties":{"ridingCode":"35035","pollNumber":"36","pollType":"N","advancePollNumber":"611","sourceCode":"36-0","geometryPollNumbers":["36"],"code":"35035-36","resultPollNumbers":["36"],"resultStatus":"exact","result":{"electors":376,"voters":218,"totalVotes":218,"rejected":0,"turnout":57.97872340425532,"winnerId":"jamie-schmale","winnerPartyId":"CPC","runnerUpId":"nell-thomas","runnerUpPartyId":"LIB","margin":29.357798165137616,"top":[{"id":"jamie-schmale","name":"Jamie Schmale","shortName":"Schmale","partyId":"CPC","votes":132,"share":60.550458715596335},{"id":"nell-thomas","name":"Nell Thomas","shortName":"Thomas","partyId":"LIB","votes":68,"share":31.19266055045872},{"id":"alyea-teel","name":"Alyea Teel","shortName":"Teel","partyId":"NDP","votes":11,"share":5.045871559633028},{"id":"michael-penman","name":"Michael Penman","shortName":"Penman","partyId":"PPC","votes":7,"share":3.211009174311927}],"partyVotes":{"LIB":68,"CPC":132,"BQ":0,"NDP":11,"GRN":0,"PPC":7,"OTH":0}}},"geometry":{"type":"Polygon","coordinates":[[[618.03,91.99],[618.03,91.99],[618.32,91.62],[618.42,91.47],[618.46,91.5],[618.46,91.51],[618.48,91.52],[618.49,91.53],[618.54,91.59],[618.56,91.6],[618.57,91.6],[618.58,91.61],[618.59,91.61],[618.6,91.64],[618.65,91.67],[618.65,91.65],[618.68,91.63],[618.69,91.62],[618.74,91.58],[618.76,91.55],[618.77,91.53],[618.77,91.5],[618.77,91.48],[618.79,91.48],[618.8,91.48],[618.81,91.48],[618.83,91.49],[618.86,91.52],[618.93,91.64],[618.96,91.71],[618.98,91.75],[619.03,91.83],[619.06,91.86],[619.08,91.87],[619.12,91.87],[619.15,91.86],[619.19,91.83],[619.37,91.61],[619.38,91.6],[619.39,91.59],[619.4,91.59],[619.44,91.51],[619.43,91.49],[619.43,91.48],[619.45,91.47],[619.48,91.49],[619.81,91.74],[619.64,91.96],[619.55,92.07],[619.54,92.08],[619.54,92.09],[619.54,92.09],[619.53,92.1],[619.5,92.14],[619.24,92.47],[619.16,92.59],[619.15,92.59],[619.15,92.59],[619.14,92.6],[619.14,92.61],[619.13,92.62],[619.09,92.67],[619.08,92.69],[619.08,92.69],[619.07,92.7],[619.07,92.71],[619.07,92.71],[619.06,92.71],[619.04,92.75],[619.02,92.77],[618.99,92.8],[618.89,92.73],[618.07,92.18],[618.05,92.17],[618.04,92.14],[618.04,92.1],[618.03,92.06],[618.03,91.99]]]}},{"type":"Feature","id":"35035-37","properties":{"ridingCode":"35035","pollNumber":"37","pollType":"N","advancePollNumber":"603","sourceCode":"37-0","geometryPollNumbers":["37"],"code":"35035-37","resultPollNumbers":["37"],"resultStatus":"exact","result":{"electors":389,"voters":206,"totalVotes":206,"rejected":0,"turnout":52.95629820051414,"winnerId":"jamie-schmale","winnerPartyId":"CPC","runnerUpId":"nell-thomas","runnerUpPartyId":"LIB","margin":15.53398058252427,"top":[{"id":"jamie-schmale","name":"Jamie Schmale","shortName":"Schmale","partyId":"CPC","votes":113,"share":54.85436893203883},{"id":"nell-thomas","name":"Nell Thomas","shortName":"Thomas","partyId":"LIB","votes":81,"share":39.32038834951456},{"id":"alyea-teel","name":"Alyea Teel","shortName":"Teel","partyId":"NDP","votes":11,"share":5.339805825242718},{"id":"michael-penman","name":"Michael Penman","shortName":"Penman","partyId":"PPC","votes":1,"share":0.48543689320388345}],"partyVotes":{"LIB":81,"CPC":113,"BQ":0,"NDP":11,"GRN":0,"PPC":1,"OTH":0}}},"geometry":{"type":"Polygon","coordinates":[[[614.77,91.81],[615.12,91.34],[615.13,91.36],[615.17,91.4],[615.18,91.41],[615.21,91.46],[615.22,91.48],[615.25,91.51],[615.26,91.52],[615.27,91.51],[615.28,91.46],[615.29,91.44],[615.3,91.42],[615.29,91.41],[615.28,91.39],[615.29,91.38],[615.27,91.37],[615.28,91.36],[615.36,91.25],[615.38,91.23],[615.39,91.22],[615.4,91.19],[615.4,91.19],[615.41,91.18],[615.41,91.17],[615.41,91.16],[615.41,91.15],[615.4,91.14],[615.4,91.12],[615.42,91.12],[615.42,91.11],[615.42,91.11],[615.43,91.11],[615.43,91.09],[615.44,91.09],[615.45,91.08],[615.45,91.06],[615.44,91.05],[615.45,91.04],[615.46,91.03],[615.46,91.02],[615.48,91.01],[615.47,91],[615.47,90.98],[615.5,90.99],[615.52,91.01],[615.53,91],[615.53,90.99],[615.57,91.02],[615.65,91.08],[615.65,91.08],[615.64,91.07],[615.63,91.08],[615.65,91.12],[615.66,91.18],[615.66,91.19],[615.67,91.23],[615.67,91.24],[615.67,91.27],[615.68,91.31],[615.67,91.35],[615.67,91.4],[615.68,91.41],[615.69,91.44],[615.74,91.48],[615.74,91.48],[615.72,91.5],[615.72,91.51],[615.73,91.54],[615.74,91.56],[615.76,91.61],[615.76,91.63],[615.76,91.67],[615.76,91.7],[615.76,91.71],[615.75,91.73],[615.82,91.79],[615.84,91.8],[615.87,91.8],[615.88,91.8],[615.91,91.83],[615.93,91.83],[615.96,91.85],[615.96,91.87],[615.95,91.87],[615.92,91.87],[615.91,91.86],[615.83,91.84],[615.81,91.85],[615.81,91.86],[615.81,91.88],[615.82,91.88],[615.81,91.92],[615.8,91.95],[615.8,91.96],[615.82,92.01],[615.82,92.02],[615.82,92.03],[615.81,92.05],[615.77,92.09],[615.76,92.1],[615.75,92.11],[615.73,92.11],[615.72,92.12],[615.69,92.16],[615.69,92.17],[615.7,92.18],[615.72,92.2],[615.74,92.21],[615.75,92.22],[615.77,92.22],[615.78,92.24],[616.01,92.41],[616.04,92.41],[616.24,92.55],[616.25,92.59],[616.2,92.62],[616.07,92.78],[616.07,92.83],[616.07,92.85],[616.07,92.87],[616.05,92.9],[616.05,92.94],[616.05,92.94],[616.03,92.97],[616.02,92.97],[616.02,92.98],[616.02,93],[616.02,93.01],[616.01,93.01],[616.01,93.01],[615.99,93],[615.98,93],[615.96,93],[615.93,93.02],[615.9,93.02],[615.89,93.02],[615.89,93.03],[615.88,93.04],[615.89,93.05],[615.83,93.1],[615.71,93.01],[615.72,93],[615.72,93],[615.71,93.01],[615.63,92.94],[615.67,92.9],[615.63,92.89],[615.62,92.9],[615.6,92.9],[615.59,92.9],[615.59,92.91],[615.53,92.86],[615.53,92.86],[615.52,92.85],[615.42,92.78],[615.41,92.75],[615.37,92.72],[615.32,92.69],[615.24,92.62],[615.21,92.35],[615.22,92.33],[615.18,92.27],[615.18,92.26],[615.17,92.21],[615.16,92.19],[615.17,92.18],[615.17,92.18],[615.2,92.16],[614.77,91.81]]]}},{"type":"Feature","id":"35035-38","properties":{"ridingCode":"35035","pollNumber":"38","pollType":"N","advancePollNumber":"602","sourceCode":"38-0","geometryPollNumbers":["38"],"code":"35035-38","resultPollNumbers":["38"],"resultStatus":"exact","result":{"electors":412,"voters":220,"totalVotes":219,"rejected":1,"turnout":53.398058252427184,"winnerId":"jamie-schmale","winnerPartyId":"CPC","runnerUpId":"nell-thomas","runnerUpPartyId":"LIB","margin":26.027397260273972,"top":[{"id":"jamie-schmale","name":"Jamie Schmale","shortName":"Schmale","partyId":"CPC","votes":127,"share":57.99086757990868},{"id":"nell-thomas","name":"Nell Thomas","shortName":"Thomas","partyId":"LIB","votes":70,"share":31.963470319634702},{"id":"alyea-teel","name":"Alyea Teel","shortName":"Teel","partyId":"NDP","votes":14,"share":6.392694063926941},{"id":"michael-penman","name":"Michael Penman","shortName":"Penman","partyId":"PPC","votes":8,"share":3.65296803652968}],"partyVotes":{"LIB":70,"CPC":127,"BQ":0,"NDP":14,"GRN":0,"PPC":8,"OTH":0}}},"geometry":{"type":"Polygon","coordinates":[[[615.65,91.08],[615.76,91.15],[615.84,91.22],[615.99,91.31],[616.1,91.38],[616.15,91.41],[616.41,91.6],[616.46,91.64],[616.75,91.82],[616.41,92.23],[616.38,92.31],[616.37,92.3],[616.34,92.28],[616.28,92.25],[616.26,92.23],[616.26,92.21],[616.25,92.16],[616.25,92.14],[616.24,92.14],[616.23,92.13],[616.2,92.14],[616.2,92.14],[616.22,92.17],[616.23,92.21],[616.23,92.22],[616.22,92.23],[616.2,92.23],[616.17,92.25],[616.14,92.26],[616.01,92.41],[615.78,92.24],[615.77,92.22],[615.75,92.22],[615.74,92.21],[615.72,92.2],[615.7,92.18],[615.69,92.17],[615.69,92.16],[615.72,92.12],[615.73,92.11],[615.75,92.11],[615.76,92.1],[615.77,92.09],[615.81,92.05],[615.82,92.03],[615.82,92.02],[615.82,92.01],[615.8,91.96],[615.8,91.95],[615.81,91.92],[615.82,91.88],[615.81,91.88],[615.81,91.86],[615.81,91.85],[615.83,91.84],[615.91,91.86],[615.92,91.87],[615.95,91.87],[615.96,91.87],[615.96,91.85],[615.93,91.83],[615.91,91.83],[615.88,91.8],[615.87,91.8],[615.84,91.8],[615.82,91.79],[615.75,91.73],[615.76,91.71],[615.76,91.7],[615.76,91.67],[615.76,91.63],[615.76,91.61],[615.74,91.56],[615.73,91.54],[615.72,91.51],[615.72,91.5],[615.74,91.48],[615.74,91.48],[615.69,91.44],[615.68,91.41],[615.67,91.4],[615.67,91.35],[615.68,91.31],[615.67,91.27],[615.67,91.24],[615.67,91.23],[615.66,91.19],[615.66,91.18],[615.65,91.12],[615.63,91.08],[615.64,91.07],[615.65,91.08],[615.65,91.08]]]}},{"type":"Feature","id":"35035-39","properties":{"ridingCode":"35035","pollNumber":"39","pollType":"N","advancePollNumber":"604","sourceCode":"39-0","geometryPollNumbers":["39"],"code":"35035-39","resultPollNumbers":["39"],"resultStatus":"exact","result":{"electors":405,"voters":161,"totalVotes":161,"rejected":0,"turnout":39.75308641975309,"winnerId":"jamie-schmale","winnerPartyId":"CPC","runnerUpId":"nell-thomas","runnerUpPartyId":"LIB","margin":26.70807453416149,"top":[{"id":"jamie-schmale","name":"Jamie Schmale","shortName":"Schmale","partyId":"CPC","votes":96,"share":59.62732919254658},{"id":"nell-thomas","name":"Nell Thomas","shortName":"Thomas","partyId":"LIB","votes":53,"share":32.91925465838509},{"id":"alyea-teel","name":"Alyea Teel","shortName":"Teel","partyId":"NDP","votes":9,"share":5.590062111801243},{"id":"michael-penman","name":"Michael Penman","shortName":"Penman","partyId":"PPC","votes":3,"share":1.8633540372670807}],"partyVotes":{"LIB":53,"CPC":96,"BQ":0,"NDP":9,"GRN":0,"PPC":3,"OTH":0}}},"geometry":{"type":"Polygon","coordinates":[[[614.01,90.52],[614.07,90.45],[614.11,90.38],[614.21,90.25],[614.23,90.22],[614.23,90.21],[614.23,90.17],[614.24,90.16],[614.25,90.14],[614.28,90.16],[614.28,90.15],[614.34,90.19],[614.36,90.2],[614.38,90.22],[614.41,90.24],[614.41,90.24],[614.42,90.26],[614.47,90.3],[614.48,90.3],[614.51,90.31],[614.54,90.32],[614.64,90.4],[614.78,90.49],[614.82,90.52],[614.89,90.57],[614.91,90.58],[614.91,90.58],[615.04,90.66],[615.14,90.73],[615.2,90.77],[615.32,90.86],[615.38,90.89],[615.43,90.93],[615.47,90.96],[615.53,90.99],[615.53,91],[615.52,91.01],[615.5,90.99],[615.47,90.98],[615.47,91],[615.48,91.01],[615.46,91.02],[615.46,91.03],[615.45,91.04],[615.44,91.05],[615.45,91.06],[615.45,91.08],[615.44,91.09],[615.43,91.09],[615.43,91.11],[615.42,91.11],[615.42,91.11],[615.42,91.12],[615.4,91.12],[615.4,91.14],[615.41,91.15],[615.41,91.16],[615.41,91.17],[615.41,91.18],[615.4,91.19],[615.4,91.19],[615.39,91.22],[615.38,91.23],[615.36,91.25],[615.28,91.36],[615.27,91.37],[615.29,91.38],[615.28,91.39],[615.29,91.41],[615.3,91.42],[615.29,91.44],[615.28,91.46],[615.27,91.51],[615.26,91.52],[615.25,91.51],[615.22,91.48],[615.21,91.46],[615.18,91.41],[615.17,91.4],[615.13,91.36],[615.12,91.34],[615.08,91.34],[615.05,91.32],[615.01,91.3],[614.97,91.28],[614.94,91.25],[614.91,91.22],[614.89,91.18],[614.91,91.15],[614.55,90.9],[614.41,90.8],[614.41,90.8],[614.41,90.81],[614.35,90.88],[614.34,90.9],[614.33,90.91],[614.33,90.92],[614.31,90.91],[614.3,90.91],[614.29,90.89],[614.15,90.79],[614.13,90.78],[614.11,90.76],[614.08,90.71],[614.07,90.71],[614.06,90.7],[614.02,90.69],[613.93,90.63],[614.01,90.52]]]}},{"type":"Feature","id":"35035-40","properties":{"ridingCode":"35035","pollNumber":"40","pollType":"N","advancePollNumber":"605","sourceCode":"40-0","geometryPollNumbers":["40"],"code":"35035-40","resultPollNumbers":["40"],"resultStatus":"exact","result":{"electors":312,"voters":110,"totalVotes":110,"rejected":0,"turnout":35.256410256410255,"winnerId":"jamie-schmale","winnerPartyId":"CPC","runnerUpId":"nell-thomas","runnerUpPartyId":"LIB","margin":29.09090909090909,"top":[{"id":"jamie-schmale","name":"Jamie Schmale","shortName":"Schmale","partyId":"CPC","votes":68,"share":61.81818181818181},{"id":"nell-thomas","name":"Nell Thomas","shortName":"Thomas","partyId":"LIB","votes":36,"share":32.72727272727273},{"id":"alyea-teel","name":"Alyea Teel","shortName":"Teel","partyId":"NDP","votes":5,"share":4.545454545454546},{"id":"michael-penman","name":"Michael Penman","shortName":"Penman","partyId":"PPC","votes":1,"share":0.9090909090909091}],"partyVotes":{"LIB":36,"CPC":68,"BQ":0,"NDP":5,"GRN":0,"PPC":1,"OTH":0}}},"geometry":{"type":"Polygon","coordinates":[[[613.42,91.56],[613.44,91.54],[613.45,91.53],[613.48,91.55],[613.5,91.56],[613.52,91.58],[613.54,91.59],[613.55,91.6],[613.56,91.64],[613.6,91.66],[613.61,91.67],[613.63,91.67],[613.65,91.69],[613.68,91.69],[613.69,91.7],[613.84,91.81],[613.86,91.83],[613.88,91.84],[613.89,91.85],[613.9,91.86],[613.91,91.92],[613.94,91.95],[613.96,92.01],[613.96,92.02],[613.97,92.03],[613.96,92.07],[613.97,92.09],[613.98,92.1],[613.93,92.11],[613.92,92.11],[613.79,92.01],[613.77,92],[613.76,91.99],[613.74,91.98],[613.74,91.98],[613.72,91.97],[613.73,91.95],[613.72,91.94],[613.71,91.94],[613.69,91.94],[613.67,91.93],[613.66,91.92],[613.64,91.91],[613.63,91.9],[613.63,91.9],[613.62,91.91],[613.61,91.91],[613.59,91.89],[613.57,91.89],[613.57,91.91],[613.55,91.93],[613.56,91.96],[613.57,91.98],[613.57,91.99],[613.57,91.99],[613.57,92],[613.57,92.01],[613.58,92.01],[613.58,92.03],[613.58,92.03],[613.58,92.04],[613.58,92.03],[613.57,92.04],[613.56,92.04],[613.56,92.05],[613.55,92.05],[613.54,92.05],[613.54,92.05],[613.53,92.05],[613.53,92.04],[613.52,92.03],[613.51,92.02],[613.53,91.95],[613.52,91.94],[613.52,91.93],[613.51,91.95],[613.5,91.95],[613.49,91.95],[613.47,91.94],[613.46,91.92],[613.45,91.92],[613.44,91.91],[613.43,91.91],[613.42,91.9],[613.42,91.9],[613.42,91.89],[613.43,91.88],[613.43,91.88],[613.42,91.88],[613.44,91.86],[613.44,91.86],[613.44,91.85],[613.44,91.84],[613.43,91.84],[613.43,91.83],[613.43,91.82],[613.43,91.81],[613.42,91.8],[613.41,91.8],[613.41,91.8],[613.42,91.74],[613.4,91.73],[613.35,91.69],[613.35,91.67],[613.36,91.65],[613.4,91.59],[613.42,91.56]]]}},{"type":"Feature","id":"35035-41","properties":{"ridingCode":"35035","pollNumber":"41","pollType":"N","advancePollNumber":"605","sourceCode":"41-0","geometryPollNumbers":["41"],"code":"35035-41","resultPollNumbers":["41"],"resultStatus":"exact","result":{"electors":390,"voters":124,"totalVotes":124,"rejected":0,"turnout":31.794871794871792,"winnerId":"jamie-schmale","winnerPartyId":"CPC","runnerUpId":"nell-thomas","runnerUpPartyId":"LIB","margin":23.387096774193548,"top":[{"id":"jamie-schmale","name":"Jamie Schmale","shortName":"Schmale","partyId":"CPC","votes":72,"share":58.06451612903226},{"id":"nell-thomas","name":"Nell Thomas","shortName":"Thomas","partyId":"LIB","votes":43,"share":34.67741935483871},{"id":"michael-penman","name":"Michael Penman","shortName":"Penman","partyId":"PPC","votes":5,"share":4.032258064516129},{"id":"alyea-teel","name":"Alyea Teel","shortName":"Teel","partyId":"NDP","votes":4,"share":3.225806451612903}],"partyVotes":{"LIB":43,"CPC":72,"BQ":0,"NDP":4,"GRN":0,"PPC":5,"OTH":0}}},"geometry":{"type":"Polygon","coordinates":[[[613.45,91.53],[613.45,91.51],[613.45,91.36],[613.47,91.36],[613.49,91.36],[613.49,91.37],[613.5,91.38],[613.51,91.4],[613.54,91.41],[613.54,91.42],[613.55,91.45],[613.57,91.46],[613.58,91.47],[613.59,91.47],[613.64,91.45],[613.65,91.44],[613.67,91.43],[613.69,91.43],[613.71,91.47],[613.74,91.49],[613.75,91.49],[613.76,91.49],[613.77,91.49],[613.82,91.53],[613.85,91.56],[613.86,91.57],[613.86,91.59],[613.87,91.6],[613.9,91.65],[613.91,91.67],[613.92,91.69],[613.95,91.7],[613.96,91.69],[613.97,91.68],[613.98,91.67],[614,91.66],[614.03,91.64],[614.04,91.63],[614.04,91.63],[614.04,91.62],[614.05,91.62],[614.05,91.63],[614.05,91.62],[614.07,91.6],[614.07,91.6],[614.08,91.59],[614.2,91.68],[614.2,91.68],[614.24,91.71],[614.24,91.71],[614.26,91.71],[614.26,91.72],[614.3,91.77],[614.31,91.78],[614.34,91.8],[614.4,91.87],[614.28,92.03],[614.22,92.1],[614.12,92.03],[614.12,92.02],[614.12,92.02],[614.12,92.01],[614.11,92.01],[614.1,92.01],[614.05,92.02],[614.01,92.02],[614,92.02],[613.99,92.02],[613.99,92.01],[613.97,92],[613.96,92],[613.96,92.01],[613.94,91.95],[613.91,91.92],[613.9,91.86],[613.89,91.85],[613.88,91.84],[613.86,91.83],[613.84,91.81],[613.69,91.7],[613.68,91.69],[613.65,91.69],[613.63,91.67],[613.61,91.67],[613.6,91.66],[613.56,91.64],[613.55,91.6],[613.54,91.59],[613.52,91.58],[613.5,91.56],[613.48,91.55],[613.45,91.53]]]}},{"type":"Feature","id":"35035-42","properties":{"ridingCode":"35035","pollNumber":"42","pollType":"N","advancePollNumber":"606","sourceCode":"42-0","geometryPollNumbers":["42"],"code":"35035-42","resultPollNumbers":["42"],"resultStatus":"exact","result":{"electors":347,"voters":112,"totalVotes":112,"rejected":0,"turnout":32.27665706051873,"winnerId":"jamie-schmale","winnerPartyId":"CPC","runnerUpId":"nell-thomas","runnerUpPartyId":"LIB","margin":39.285714285714285,"top":[{"id":"jamie-schmale","name":"Jamie Schmale","shortName":"Schmale","partyId":"CPC","votes":75,"share":66.96428571428571},{"id":"nell-thomas","name":"Nell Thomas","shortName":"Thomas","partyId":"LIB","votes":31,"share":27.67857142857143},{"id":"michael-penman","name":"Michael Penman","shortName":"Penman","partyId":"PPC","votes":4,"share":3.571428571428571},{"id":"alyea-teel","name":"Alyea Teel","shortName":"Teel","partyId":"NDP","votes":2,"share":1.7857142857142856}],"partyVotes":{"LIB":31,"CPC":75,"BQ":0,"NDP":2,"GRN":0,"PPC":4,"OTH":0}}},"geometry":{"type":"Polygon","coordinates":[[[613.04,91.95],[612.41,91.48],[612.42,91.47],[612.42,91.46],[612.43,91.45],[612.44,91.42],[612.44,91.42],[612.44,91.4],[612.45,91.39],[612.45,91.38],[612.46,91.37],[612.46,91.36],[612.46,91.34],[612.47,91.32],[612.47,91.32],[612.47,91.3],[612.48,91.3],[612.48,91.28],[612.49,91.27],[612.49,91.26],[612.48,91.26],[612.48,91.25],[612.48,91.24],[612.47,91.24],[612.48,91.22],[612.48,91.21],[612.48,91.2],[612.47,91.19],[612.48,91.18],[612.48,91.17],[612.48,91.17],[612.48,91.14],[612.49,91.13],[612.5,91.12],[612.51,91.12],[612.51,91.11],[612.52,91.11],[612.53,91.1],[612.53,91.1],[612.53,91.09],[612.53,91.08],[612.54,91.07],[612.54,91.07],[612.55,91.07],[612.58,91.07],[612.59,91.06],[612.6,91.06],[612.6,91.05],[612.61,91.05],[612.62,91.06],[612.63,91.07],[612.63,91.08],[612.64,91.08],[612.65,91.1],[612.67,91.11],[612.67,91.11],[612.68,91.11],[612.68,91.12],[612.69,91.12],[612.7,91.12],[612.7,91.14],[612.71,91.14],[612.73,91.16],[612.74,91.17],[612.74,91.17],[612.75,91.16],[612.76,91.16],[612.76,91.19],[612.77,91.2],[612.77,91.21],[612.78,91.22],[612.78,91.22],[612.78,91.22],[612.79,91.22],[612.79,91.22],[612.8,91.22],[612.8,91.23],[612.81,91.24],[612.81,91.24],[612.81,91.24],[612.81,91.25],[612.82,91.26],[612.81,91.28],[612.81,91.29],[612.89,91.35],[612.89,91.36],[612.9,91.37],[612.91,91.38],[612.92,91.37],[612.93,91.38],[613.1,91.51],[613.17,91.56],[613.2,91.57],[613.2,91.58],[613.35,91.69],[613.4,91.73],[613.42,91.74],[613.41,91.8],[613.41,91.8],[613.42,91.8],[613.43,91.81],[613.43,91.82],[613.43,91.83],[613.43,91.84],[613.44,91.84],[613.44,91.85],[613.44,91.86],[613.44,91.86],[613.42,91.88],[613.43,91.88],[613.43,91.88],[613.42,91.89],[613.42,91.9],[613.42,91.9],[613.43,91.91],[613.44,91.91],[613.45,91.92],[613.46,91.92],[613.47,91.94],[613.49,91.95],[613.5,91.95],[613.51,91.95],[613.52,91.93],[613.52,91.94],[613.53,91.95],[613.51,92.02],[613.52,92.03],[613.53,92.04],[613.53,92.05],[613.54,92.05],[613.54,92.05],[613.52,92.08],[613.51,92.08],[613.5,92.1],[613.49,92.11],[613.49,92.11],[613.48,92.11],[613.46,92.11],[613.45,92.1],[613.44,92.1],[613.43,92.1],[613.42,92.1],[613.41,92.11],[613.4,92.11],[613.38,92.11],[613.38,92.11],[613.36,92.12],[613.36,92.13],[613.35,92.11],[613.33,92.1],[613.32,92.1],[613.31,92.11],[613.3,92.11],[613.14,92.01],[613.11,92],[613.07,91.97],[613.04,91.95]]]}},{"type":"Feature","id":"35035-43","properties":{"ridingCode":"35035","pollNumber":"43","pollType":"N","advancePollNumber":"605","sourceCode":"43-0","geometryPollNumbers":["43"],"code":"35035-43","resultPollNumbers":["43"],"resultStatus":"exact","result":{"electors":341,"voters":101,"totalVotes":100,"rejected":1,"turnout":29.61876832844575,"winnerId":"jamie-schmale","winnerPartyId":"CPC","runnerUpId":"nell-thomas","runnerUpPartyId":"LIB","margin":39,"top":[{"id":"jamie-schmale","name":"Jamie Schmale","shortName":"Schmale","partyId":"CPC","votes":66,"share":66},{"id":"nell-thomas","name":"Nell Thomas","shortName":"Thomas","partyId":"LIB","votes":27,"share":27},{"id":"alyea-teel","name":"Alyea Teel","shortName":"Teel","partyId":"NDP","votes":5,"share":5},{"id":"michael-penman","name":"Michael Penman","shortName":"Penman","partyId":"PPC","votes":2,"share":2}],"partyVotes":{"LIB":27,"CPC":66,"BQ":0,"NDP":5,"GRN":0,"PPC":2,"OTH":0}}},"geometry":{"type":"Polygon","coordinates":[[[613.2,91.58],[613.2,91.57],[613.21,91.55],[613.22,91.53],[613.24,91.52],[613.26,91.5],[613.29,91.48],[613.32,91.46],[613.33,91.44],[613.34,91.44],[613.37,91.47],[613.39,91.44],[613.37,91.39],[613.39,91.37],[613.39,91.36],[613.39,91.36],[613.39,91.37],[613.42,91.38],[613.42,91.37],[613.43,91.38],[613.45,91.36],[613.45,91.51],[613.45,91.53],[613.44,91.54],[613.42,91.56],[613.4,91.59],[613.36,91.65],[613.35,91.67],[613.35,91.69],[613.2,91.58]]]}},{"type":"Feature","id":"35035-44","properties":{"ridingCode":"35035","pollNumber":"44","pollType":"N","advancePollNumber":"605","sourceCode":"44-0","geometryPollNumbers":["44"],"code":"35035-44","resultPollNumbers":["44"],"resultStatus":"exact","result":{"electors":273,"voters":98,"totalVotes":97,"rejected":1,"turnout":35.8974358974359,"winnerId":"jamie-schmale","winnerPartyId":"CPC","runnerUpId":"nell-thomas","runnerUpPartyId":"LIB","margin":16.49484536082474,"top":[{"id":"jamie-schmale","name":"Jamie Schmale","shortName":"Schmale","partyId":"CPC","votes":53,"share":54.63917525773196},{"id":"nell-thomas","name":"Nell Thomas","shortName":"Thomas","partyId":"LIB","votes":37,"share":38.144329896907216},{"id":"michael-penman","name":"Michael Penman","shortName":"Penman","partyId":"PPC","votes":4,"share":4.123711340206185},{"id":"alyea-teel","name":"Alyea Teel","shortName":"Teel","partyId":"NDP","votes":3,"share":3.0927835051546393}],"partyVotes":{"LIB":37,"CPC":53,"BQ":0,"NDP":3,"GRN":0,"PPC":4,"OTH":0}}},"geometry":{"type":"Polygon","coordinates":[[[613.33,91.43],[613.31,91.42],[613.34,91.37],[613.34,91.36],[613.34,91.35],[613.35,91.36],[613.35,91.36],[613.36,91.37],[613.35,91.38],[613.37,91.39],[613.39,91.44],[613.37,91.47],[613.34,91.44],[613.33,91.44],[613.33,91.43]]]}},{"type":"Feature","id":"35035-45","properties":{"ridingCode":"35035","pollNumber":"45","pollType":"N","advancePollNumber":"604","sourceCode":"45-0","geometryPollNumbers":["45"],"code":"35035-45","resultPollNumbers":["45"],"resultStatus":"exact","result":{"electors":356,"voters":86,"totalVotes":86,"rejected":0,"turnout":24.15730337078652,"winnerId":"jamie-schmale","winnerPartyId":"CPC","runnerUpId":"nell-thomas","runnerUpPartyId":"LIB","margin":31.3953488372093,"top":[{"id":"jamie-schmale","name":"Jamie Schmale","shortName":"Schmale","partyId":"CPC","votes":55,"share":63.95348837209303},{"id":"nell-thomas","name":"Nell Thomas","shortName":"Thomas","partyId":"LIB","votes":28,"share":32.55813953488372},{"id":"alyea-teel","name":"Alyea Teel","shortName":"Teel","partyId":"NDP","votes":2,"share":2.3255813953488373},{"id":"michael-penman","name":"Michael Penman","shortName":"Penman","partyId":"PPC","votes":1,"share":1.1627906976744187}],"partyVotes":{"LIB":28,"CPC":55,"BQ":0,"NDP":2,"GRN":0,"PPC":1,"OTH":0}}},"geometry":{"type":"Polygon","coordinates":[[[613.9,91.46],[614,91.53],[614.01,91.54],[614.02,91.53],[614.03,91.52],[614.09,91.44],[614.19,91.3],[614.22,91.33],[614.23,91.31],[614.23,91.31],[614.23,91.27],[614.21,91.27],[614.25,91.22],[614.27,91.18],[614.28,91.17],[614.29,91.17],[614.29,91.16],[614.3,91.15],[614.3,91.15],[614.3,91.14],[614.29,91.14],[614.23,91.09],[614.22,91.08],[614.22,91.07],[614.22,91.06],[614.3,90.96],[614.31,90.92],[614.3,90.91],[614.31,90.91],[614.33,90.92],[614.33,90.91],[614.34,90.9],[614.35,90.88],[614.41,90.81],[614.41,90.8],[614.41,90.8],[614.55,90.9],[614.91,91.15],[614.89,91.18],[614.91,91.22],[614.94,91.25],[614.97,91.28],[615.01,91.3],[615.05,91.32],[615.08,91.34],[615.12,91.34],[614.77,91.81],[614.55,92.11],[614.48,91.97],[614.4,91.87],[614.34,91.8],[614.31,91.78],[614.3,91.77],[614.26,91.72],[614.26,91.71],[614.24,91.71],[614.24,91.71],[614.2,91.68],[614.2,91.68],[614.08,91.59],[614.07,91.6],[614.07,91.6],[614.05,91.62],[614.05,91.63],[614.05,91.62],[614.04,91.62],[614.04,91.63],[614.04,91.63],[614.03,91.64],[614,91.66],[613.98,91.67],[613.97,91.68],[613.96,91.69],[613.95,91.7],[613.92,91.69],[613.91,91.67],[613.9,91.65],[613.87,91.6],[613.86,91.59],[613.86,91.57],[613.85,91.56],[613.82,91.53],[613.77,91.49],[613.76,91.49],[613.75,91.49],[613.74,91.49],[613.71,91.47],[613.69,91.43],[613.71,91.43],[613.72,91.41],[613.73,91.41],[613.76,91.42],[613.77,91.42],[613.78,91.41],[613.79,91.39],[613.8,91.39],[613.8,91.39],[613.85,91.42],[613.87,91.45],[613.9,91.46]]]}},{"type":"Feature","id":"35035-46","properties":{"ridingCode":"35035","pollNumber":"46","pollType":"N","advancePollNumber":"605","sourceCode":"46-0","geometryPollNumbers":["46"],"code":"35035-46","resultPollNumbers":["46"],"resultStatus":"exact","result":{"electors":371,"voters":131,"totalVotes":130,"rejected":1,"turnout":35.309973045822105,"winnerId":"jamie-schmale","winnerPartyId":"CPC","runnerUpId":"nell-thomas","runnerUpPartyId":"LIB","margin":36.92307692307693,"top":[{"id":"jamie-schmale","name":"Jamie Schmale","shortName":"Schmale","partyId":"CPC","votes":84,"share":64.61538461538461},{"id":"nell-thomas","name":"Nell Thomas","shortName":"Thomas","partyId":"LIB","votes":36,"share":27.692307692307693},{"id":"alyea-teel","name":"Alyea Teel","shortName":"Teel","partyId":"NDP","votes":10,"share":7.6923076923076925},{"id":"michael-penman","name":"Michael Penman","shortName":"Penman","partyId":"PPC","votes":0,"share":0}],"partyVotes":{"LIB":36,"CPC":84,"BQ":0,"NDP":10,"GRN":0,"PPC":0,"OTH":0}}},"geometry":{"type":"Polygon","coordinates":[[[613.2,91.38],[613.2,91.37],[613.2,91.35],[613.2,91.34],[613.19,91.33],[613.16,91.31],[613.15,91.3],[613.14,91.29],[613.11,91.27],[613.1,91.26],[613.09,91.26],[613.04,91.22],[613.03,91.21],[613,91.19],[613.01,91.18],[613.02,91.17],[613.03,91.16],[613.03,91.15],[613.04,91.15],[613.06,91.16],[613.06,91.16],[613.06,91.15],[613.07,91.14],[613.08,91.15],[613.08,91.14],[613.09,91.12],[613.1,91.11],[613.12,91.08],[613.11,91.06],[613.12,91.06],[613.13,91.06],[613.14,91.07],[613.14,91.06],[613.15,91.06],[613.18,91.08],[613.26,91.14],[613.27,91.16],[613.31,91.19],[613.32,91.21],[613.34,91.23],[613.35,91.25],[613.36,91.29],[613.37,91.3],[613.36,91.32],[613.37,91.33],[613.37,91.33],[613.38,91.35],[613.39,91.37],[613.37,91.39],[613.35,91.38],[613.36,91.37],[613.35,91.36],[613.35,91.36],[613.35,91.36],[613.34,91.35],[613.34,91.36],[613.34,91.37],[613.31,91.42],[613.33,91.43],[613.33,91.44],[613.32,91.46],[613.29,91.48],[613.26,91.5],[613.24,91.52],[613.22,91.53],[613.21,91.55],[613.2,91.57],[613.17,91.56],[613.1,91.51],[613.11,91.5],[613.1,91.5],[613.13,91.45],[613.13,91.43],[613.14,91.42],[613.15,91.42],[613.15,91.42],[613.17,91.43],[613.19,91.4],[613.2,91.4],[613.2,91.4],[613.2,91.39],[613.2,91.39],[613.2,91.38],[613.2,91.38]]]}},{"type":"Feature","id":"35035-47","properties":{"ridingCode":"35035","pollNumber":"47","pollType":"N","advancePollNumber":"604","sourceCode":"47-0","geometryPollNumbers":["47"],"code":"35035-47","resultPollNumbers":["47"],"resultStatus":"exact","result":{"electors":398,"voters":124,"totalVotes":122,"rejected":2,"turnout":31.155778894472363,"winnerId":"jamie-schmale","winnerPartyId":"CPC","runnerUpId":"nell-thomas","runnerUpPartyId":"LIB","margin":34.42622950819672,"top":[{"id":"jamie-schmale","name":"Jamie Schmale","shortName":"Schmale","partyId":"CPC","votes":78,"share":63.934426229508205},{"id":"nell-thomas","name":"Nell Thomas","shortName":"Thomas","partyId":"LIB","votes":36,"share":29.508196721311474},{"id":"alyea-teel","name":"Alyea Teel","shortName":"Teel","partyId":"NDP","votes":7,"share":5.737704918032787},{"id":"michael-penman","name":"Michael Penman","shortName":"Penman","partyId":"PPC","votes":1,"share":0.819672131147541}],"partyVotes":{"LIB":36,"CPC":78,"BQ":0,"NDP":7,"GRN":0,"PPC":1,"OTH":0}}},"geometry":{"type":"Polygon","coordinates":[[[613.24,91.07],[613.32,90.96],[613.33,90.95],[613.34,90.94],[613.34,90.94],[613.36,90.94],[613.36,90.94],[613.38,90.95],[613.4,90.96],[613.43,90.98],[613.44,90.98],[613.44,91],[613.45,91],[613.47,91.02],[613.48,91.02],[613.58,91.1],[613.56,91.11],[613.56,91.12],[613.56,91.14],[613.53,91.17],[613.51,91.21],[613.47,91.25],[613.46,91.26],[613.44,91.26],[613.44,91.27],[613.44,91.28],[613.45,91.3],[613.45,91.31],[613.45,91.36],[613.43,91.38],[613.42,91.37],[613.42,91.38],[613.39,91.37],[613.39,91.36],[613.39,91.36],[613.37,91.32],[613.38,91.3],[613.38,91.29],[613.38,91.26],[613.37,91.26],[613.36,91.24],[613.35,91.23],[613.34,91.21],[613.33,91.21],[613.32,91.21],[613.32,91.19],[613.31,91.18],[613.3,91.17],[613.29,91.16],[613.27,91.15],[613.26,91.13],[613.26,91.12],[613.28,91.11],[613.28,91.11],[613.26,91.08],[613.24,91.07]]]}},{"type":"Feature","id":"35035-48","properties":{"ridingCode":"35035","pollNumber":"48","pollType":"N","advancePollNumber":"604","sourceCode":"48-0","geometryPollNumbers":["48"],"code":"35035-48","resultPollNumbers":["48"],"resultStatus":"exact","result":{"electors":351,"voters":130,"totalVotes":130,"rejected":0,"turnout":37.03703703703704,"winnerId":"jamie-schmale","winnerPartyId":"CPC","runnerUpId":"nell-thomas","runnerUpPartyId":"LIB","margin":10,"top":[{"id":"jamie-schmale","name":"Jamie Schmale","shortName":"Schmale","partyId":"CPC","votes":69,"share":53.07692307692308},{"id":"nell-thomas","name":"Nell Thomas","shortName":"Thomas","partyId":"LIB","votes":56,"share":43.07692307692308},{"id":"alyea-teel","name":"Alyea Teel","shortName":"Teel","partyId":"NDP","votes":4,"share":3.076923076923077},{"id":"michael-penman","name":"Michael Penman","shortName":"Penman","partyId":"PPC","votes":1,"share":0.7692307692307693}],"partyVotes":{"LIB":56,"CPC":69,"BQ":0,"NDP":4,"GRN":0,"PPC":1,"OTH":0}}},"geometry":{"type":"Polygon","coordinates":[[[613.45,91.36],[613.45,91.31],[613.45,91.3],[613.44,91.28],[613.44,91.27],[613.44,91.26],[613.46,91.26],[613.47,91.25],[613.51,91.21],[613.53,91.17],[613.56,91.14],[613.56,91.12],[613.56,91.11],[613.58,91.1],[613.6,91.09],[613.64,91.03],[613.64,91.02],[613.65,90.98],[613.65,90.96],[613.66,90.95],[613.68,90.93],[613.69,90.9],[613.74,90.85],[613.76,90.83],[613.81,90.79],[613.82,90.78],[613.93,90.63],[614.02,90.69],[614.06,90.7],[614.07,90.71],[614.08,90.71],[614.11,90.76],[614.13,90.78],[614.15,90.79],[614.29,90.89],[614.3,90.91],[614.31,90.92],[614.3,90.96],[614.22,91.06],[614.22,91.07],[614.22,91.08],[614.23,91.09],[614.29,91.14],[614.3,91.14],[614.3,91.15],[614.3,91.15],[614.29,91.16],[614.29,91.17],[614.28,91.17],[614.27,91.18],[614.25,91.22],[614.21,91.27],[614.23,91.27],[614.23,91.31],[614.23,91.31],[614.22,91.33],[614.19,91.3],[614.09,91.44],[614.03,91.52],[614.02,91.53],[614.01,91.54],[614,91.53],[613.9,91.46],[613.87,91.45],[613.85,91.42],[613.8,91.39],[613.8,91.39],[613.79,91.39],[613.78,91.41],[613.77,91.42],[613.76,91.42],[613.73,91.41],[613.72,91.41],[613.71,91.43],[613.69,91.43],[613.67,91.43],[613.65,91.44],[613.64,91.45],[613.59,91.47],[613.58,91.47],[613.57,91.46],[613.55,91.45],[613.54,91.42],[613.54,91.41],[613.51,91.4],[613.5,91.38],[613.49,91.37],[613.49,91.36],[613.47,91.36],[613.45,91.36]]]}},{"type":"Feature","id":"35035-49","properties":{"ridingCode":"35035","pollNumber":"49","pollType":"N","advancePollNumber":"605","sourceCode":"49-0","geometryPollNumbers":["49"],"code":"35035-49","resultPollNumbers":["49"],"resultStatus":"exact","result":{"electors":410,"voters":128,"totalVotes":128,"rejected":0,"turnout":31.21951219512195,"winnerId":"jamie-schmale","winnerPartyId":"CPC","runnerUpId":"nell-thomas","runnerUpPartyId":"LIB","margin":18.75,"top":[{"id":"jamie-schmale","name":"Jamie Schmale","shortName":"Schmale","partyId":"CPC","votes":73,"share":57.03125},{"id":"nell-thomas","name":"Nell Thomas","shortName":"Thomas","partyId":"LIB","votes":49,"share":38.28125},{"id":"alyea-teel","name":"Alyea Teel","shortName":"Teel","partyId":"NDP","votes":4,"share":3.125},{"id":"michael-penman","name":"Michael Penman","shortName":"Penman","partyId":"PPC","votes":2,"share":1.5625}],"partyVotes":{"LIB":49,"CPC":73,"BQ":0,"NDP":4,"GRN":0,"PPC":2,"OTH":0}}},"geometry":{"type":"Polygon","coordinates":[[[612.95,90.75],[612.94,90.62],[612.93,90.57],[612.92,90.54],[612.92,90.53],[612.92,90.52],[612.92,90.51],[612.92,90.51],[612.94,90.51],[612.96,90.5],[612.98,90.48],[612.99,90.46],[613,90.45],[613.01,90.44],[613.02,90.42],[613.02,90.39],[613.04,90.38],[613.04,90.35],[613.03,90.34],[613.03,90.33],[613.04,90.3],[613.05,90.27],[613.07,90.23],[613.07,90.21],[613.07,90.2],[613.07,90.18],[613.08,90.16],[613.09,90.13],[613.11,90.09],[613.11,90.08],[613.11,90.06],[613.1,90.05],[613.11,90.02],[613.11,90],[613.13,89.98],[613.14,89.98],[613.16,89.97],[613.17,89.98],[613.17,90.09],[613.17,90.11],[613.15,90.14],[613.13,90.16],[613.13,90.2],[613.13,90.3],[613.17,90.37],[613.22,90.52],[613.27,90.75],[613.28,90.89],[613.28,90.91],[613.28,90.92],[613.27,90.92],[613.26,90.92],[613.26,90.93],[613.26,90.93],[613.27,90.94],[613.27,90.95],[613.26,90.97],[613.26,90.98],[613.25,90.99],[613.24,91.01],[613.24,91.03],[613.23,91.06],[613.24,91.06],[613.24,91.07],[613.26,91.08],[613.28,91.11],[613.28,91.11],[613.26,91.12],[613.26,91.13],[613.27,91.15],[613.29,91.16],[613.3,91.17],[613.31,91.18],[613.32,91.19],[613.32,91.21],[613.33,91.21],[613.34,91.21],[613.35,91.23],[613.36,91.24],[613.37,91.26],[613.38,91.26],[613.38,91.29],[613.38,91.3],[613.37,91.32],[613.39,91.36],[613.39,91.37],[613.38,91.35],[613.37,91.33],[613.37,91.33],[613.36,91.32],[613.37,91.3],[613.36,91.29],[613.35,91.25],[613.34,91.23],[613.32,91.21],[613.31,91.19],[613.27,91.16],[613.26,91.14],[613.18,91.08],[613.15,91.06],[613.14,91.06],[613.14,91.07],[613.13,91.06],[613.12,91.06],[613.11,91.06],[613.12,91.08],[613.1,91.11],[613.09,91.12],[613.08,91.14],[613.08,91.15],[613.07,91.14],[613.06,91.15],[613.06,91.16],[613.06,91.16],[613.04,91.15],[613.03,91.15],[613.03,91.16],[613.02,91.17],[613.01,91.18],[613,91.19],[613.03,91.21],[613.04,91.22],[613.09,91.26],[613.1,91.26],[613.11,91.27],[613.14,91.29],[613.15,91.3],[613.16,91.31],[613.19,91.33],[613.2,91.34],[613.2,91.35],[613.2,91.37],[613.2,91.38],[613.2,91.38],[613.2,91.39],[613.2,91.39],[613.2,91.4],[613.2,91.4],[613.19,91.4],[613.17,91.43],[613.15,91.42],[613.15,91.42],[613.14,91.42],[613.13,91.43],[613.13,91.45],[613.1,91.5],[613.11,91.5],[613.1,91.51],[612.93,91.38],[612.92,91.37],[612.91,91.38],[612.9,91.37],[612.89,91.36],[612.89,91.35],[612.81,91.29],[612.81,91.28],[612.82,91.26],[612.81,91.25],[612.81,91.24],[612.81,91.24],[612.81,91.24],[612.8,91.23],[612.8,91.22],[612.79,91.22],[612.79,91.22],[612.78,91.22],[612.78,91.22],[612.78,91.22],[612.77,91.21],[612.77,91.2],[612.76,91.19],[612.76,91.16],[612.75,91.16],[612.74,91.17],[612.74,91.17],[612.73,91.16],[612.71,91.14],[612.7,91.14],[612.7,91.12],[612.69,91.12],[612.68,91.12],[612.68,91.11],[612.67,91.11],[612.67,91.11],[612.65,91.1],[612.64,91.08],[612.63,91.08],[612.63,91.07],[612.62,91.06],[612.61,91.05],[612.77,90.77],[612.91,90.72],[612.94,90.73],[612.95,90.75]]]}},{"type":"Feature","id":"35035-50","properties":{"ridingCode":"35035","pollNumber":"50","pollType":"N","advancePollNumber":"604","sourceCode":"50-0","geometryPollNumbers":["50"],"code":"35035-50","resultPollNumbers":["50"],"resultStatus":"exact","result":{"electors":397,"voters":136,"totalVotes":134,"rejected":2,"turnout":34.25692695214106,"winnerId":"jamie-schmale","winnerPartyId":"CPC","runnerUpId":"nell-thomas","runnerUpPartyId":"LIB","margin":15.671641791044777,"top":[{"id":"jamie-schmale","name":"Jamie Schmale","shortName":"Schmale","partyId":"CPC","votes":73,"share":54.47761194029851},{"id":"nell-thomas","name":"Nell Thomas","shortName":"Thomas","partyId":"LIB","votes":52,"share":38.80597014925373},{"id":"alyea-teel","name":"Alyea Teel","shortName":"Teel","partyId":"NDP","votes":8,"share":5.970149253731343},{"id":"michael-penman","name":"Michael Penman","shortName":"Penman","partyId":"PPC","votes":1,"share":0.7462686567164178}],"partyVotes":{"LIB":52,"CPC":73,"BQ":0,"NDP":8,"GRN":0,"PPC":1,"OTH":0}}},"geometry":{"type":"Polygon","coordinates":[[[613.13,90.2],[613.18,90.2],[613.22,90.26],[613.24,90.33],[613.3,90.32],[613.3,90.33],[613.31,90.33],[613.32,90.33],[613.33,90.32],[613.34,90.31],[613.34,90.32],[613.35,90.32],[613.36,90.3],[613.38,90.27],[613.39,90.22],[613.4,90.23],[613.41,90.24],[613.42,90.24],[613.43,90.25],[613.43,90.25],[613.45,90.25],[613.48,90.22],[613.48,90.22],[613.52,90.22],[613.53,90.23],[613.54,90.23],[613.57,90.23],[613.59,90.23],[613.6,90.23],[613.62,90.23],[613.66,90.18],[613.71,90.21],[613.74,90.23],[613.74,90.23],[613.75,90.24],[613.75,90.25],[613.76,90.26],[613.77,90.27],[613.77,90.29],[613.78,90.29],[613.78,90.3],[613.78,90.33],[613.79,90.34],[613.79,90.35],[613.8,90.35],[613.8,90.36],[613.8,90.37],[613.81,90.36],[613.82,90.36],[613.85,90.35],[613.86,90.35],[613.88,90.36],[613.89,90.36],[613.9,90.35],[613.9,90.34],[613.91,90.33],[613.92,90.3],[613.93,90.3],[613.94,90.29],[613.95,90.27],[613.96,90.26],[613.97,90.25],[613.98,90.26],[613.98,90.26],[613.99,90.27],[613.99,90.27],[614,90.26],[614.01,90.26],[614.03,90.26],[614.03,90.27],[614.05,90.26],[614.06,90.27],[614.06,90.27],[614.07,90.26],[614.08,90.25],[614.11,90.25],[614.12,90.24],[614.15,90.25],[614.19,90.23],[614.19,90.23],[614.21,90.25],[614.11,90.38],[614.07,90.45],[614.01,90.52],[613.93,90.63],[613.82,90.78],[613.81,90.79],[613.76,90.83],[613.74,90.85],[613.69,90.9],[613.68,90.93],[613.66,90.95],[613.65,90.96],[613.65,90.98],[613.64,91.02],[613.64,91.03],[613.6,91.09],[613.58,91.1],[613.48,91.02],[613.47,91.02],[613.45,91],[613.44,91],[613.44,90.98],[613.43,90.98],[613.4,90.96],[613.38,90.95],[613.36,90.94],[613.36,90.94],[613.34,90.94],[613.34,90.94],[613.33,90.95],[613.32,90.96],[613.24,91.07],[613.24,91.06],[613.23,91.06],[613.24,91.03],[613.24,91.01],[613.25,90.99],[613.26,90.98],[613.26,90.97],[613.27,90.95],[613.27,90.94],[613.26,90.93],[613.26,90.93],[613.26,90.92],[613.27,90.92],[613.28,90.92],[613.28,90.91],[613.28,90.89],[613.27,90.75],[613.22,90.52],[613.17,90.37],[613.13,90.3],[613.13,90.2]]]}},{"type":"Feature","id":"35035-51","properties":{"ridingCode":"35035","pollNumber":"51","pollType":"N","advancePollNumber":"604","sourceCode":"51-0","geometryPollNumbers":["51"],"code":"35035-51","resultPollNumbers":["51"],"resultStatus":"exact","result":{"electors":371,"voters":91,"totalVotes":91,"rejected":0,"turnout":24.528301886792452,"winnerId":"jamie-schmale","winnerPartyId":"CPC","runnerUpId":"nell-thomas","runnerUpPartyId":"LIB","margin":2.197802197802198,"top":[{"id":"jamie-schmale","name":"Jamie Schmale","shortName":"Schmale","partyId":"CPC","votes":43,"share":47.25274725274725},{"id":"nell-thomas","name":"Nell Thomas","shortName":"Thomas","partyId":"LIB","votes":41,"share":45.05494505494506},{"id":"alyea-teel","name":"Alyea Teel","shortName":"Teel","partyId":"NDP","votes":4,"share":4.395604395604396},{"id":"michael-penman","name":"Michael Penman","shortName":"Penman","partyId":"PPC","votes":3,"share":3.296703296703297}],"partyVotes":{"LIB":41,"CPC":43,"BQ":0,"NDP":4,"GRN":0,"PPC":3,"OTH":0}}},"geometry":{"type":"Polygon","coordinates":[[[612.48,91.3],[612.47,91.3],[612.47,91.32],[612.47,91.32],[612.46,91.34],[612.46,91.36],[612.46,91.37],[612.45,91.38],[612.45,91.39],[612.44,91.4],[612.44,91.42],[612.44,91.42],[612.43,91.45],[612.42,91.46],[612.42,91.47],[612.41,91.48],[611.97,91.15],[612.02,91.08],[612.07,91.02],[612.12,90.94],[612.14,90.92],[612.55,90.38],[612.78,90.05],[612.96,89.81],[613.12,89.58],[613.19,89.62],[613.21,89.64],[613.21,89.62],[613.2,89.61],[613.2,89.59],[613.2,89.54],[613.2,89.51],[613.2,89.48],[613.19,89.47],[613.19,89.44],[613.19,89.41],[613.74,89.78],[613.92,89.91],[614,89.96],[614.04,89.99],[614.03,90],[614.02,90.01],[614.01,90.02],[614.01,90.03],[614,90.04],[613.99,90.06],[613.99,90.06],[613.98,90.05],[613.97,90.06],[613.96,90.09],[613.96,90.1],[613.94,90.13],[613.93,90.14],[613.95,90.15],[613.96,90.15],[614.03,90.2],[614.04,90.22],[614.05,90.22],[614.08,90.24],[614.08,90.25],[614.07,90.26],[614.06,90.27],[614.06,90.27],[614.05,90.26],[614.03,90.27],[614.03,90.26],[614.01,90.26],[614,90.26],[613.99,90.27],[613.99,90.27],[613.98,90.26],[613.98,90.26],[613.97,90.25],[613.96,90.26],[613.95,90.27],[613.94,90.29],[613.93,90.3],[613.92,90.3],[613.91,90.33],[613.9,90.34],[613.9,90.35],[613.89,90.36],[613.88,90.36],[613.86,90.35],[613.85,90.35],[613.82,90.36],[613.81,90.36],[613.8,90.37],[613.8,90.36],[613.8,90.35],[613.79,90.35],[613.79,90.34],[613.78,90.33],[613.78,90.3],[613.78,90.29],[613.77,90.29],[613.77,90.27],[613.76,90.26],[613.75,90.25],[613.75,90.24],[613.74,90.23],[613.74,90.23],[613.71,90.21],[613.66,90.18],[613.62,90.23],[613.6,90.23],[613.59,90.23],[613.57,90.23],[613.54,90.23],[613.53,90.23],[613.52,90.22],[613.48,90.22],[613.48,90.22],[613.45,90.25],[613.43,90.25],[613.43,90.25],[613.42,90.24],[613.41,90.24],[613.4,90.23],[613.39,90.22],[613.38,90.27],[613.36,90.3],[613.35,90.32],[613.34,90.32],[613.34,90.31],[613.33,90.32],[613.32,90.33],[613.31,90.33],[613.3,90.33],[613.3,90.32],[613.24,90.33],[613.22,90.26],[613.18,90.2],[613.13,90.2],[613.13,90.16],[613.15,90.14],[613.17,90.11],[613.17,90.09],[613.17,89.98],[613.16,89.97],[613.14,89.98],[613.13,89.98],[613.11,90],[613.11,90.02],[613.1,90.05],[613.11,90.06],[613.11,90.08],[613.11,90.09],[613.09,90.13],[613.08,90.16],[613.07,90.18],[613.07,90.2],[613.07,90.21],[613.07,90.23],[613.05,90.27],[613.04,90.3],[613.03,90.33],[613.03,90.34],[613.04,90.35],[613.04,90.38],[613.02,90.39],[613.02,90.42],[613.01,90.44],[613,90.45],[612.99,90.46],[612.98,90.48],[612.96,90.5],[612.94,90.51],[612.92,90.51],[612.92,90.51],[612.92,90.52],[612.92,90.53],[612.92,90.54],[612.93,90.57],[612.94,90.62],[612.95,90.75],[612.94,90.73],[612.91,90.72],[612.77,90.77],[612.61,91.05],[612.6,91.05],[612.6,91.06],[612.59,91.06],[612.58,91.07],[612.55,91.07],[612.54,91.07],[612.54,91.07],[612.53,91.08],[612.53,91.09],[612.53,91.1],[612.53,91.1],[612.52,91.11],[612.51,91.11],[612.51,91.12],[612.5,91.12],[612.49,91.13],[612.48,91.14],[612.48,91.17],[612.48,91.17],[612.48,91.18],[612.47,91.19],[612.48,91.2],[612.48,91.21],[612.48,91.22],[612.47,91.24],[612.48,91.24],[612.48,91.25],[612.48,91.26],[612.49,91.26],[612.49,91.27],[612.48,91.28],[612.48,91.3]]]}},{"type":"Feature","id":"35035-52","properties":{"ridingCode":"35035","pollNumber":"52","pollType":"N","advancePollNumber":"611","sourceCode":"52-0","geometryPollNumbers":["52"],"code":"35035-52","resultPollNumbers":["52"],"resultStatus":"exact","result":{"electors":387,"voters":206,"totalVotes":206,"rejected":0,"turnout":53.229974160206716,"winnerId":"jamie-schmale","winnerPartyId":"CPC","runnerUpId":"nell-thomas","runnerUpPartyId":"LIB","margin":14.563106796116504,"top":[{"id":"jamie-schmale","name":"Jamie Schmale","shortName":"Schmale","partyId":"CPC","votes":113,"share":54.85436893203883},{"id":"nell-thomas","name":"Nell Thomas","shortName":"Thomas","partyId":"LIB","votes":83,"share":40.29126213592233},{"id":"alyea-teel","name":"Alyea Teel","shortName":"Teel","partyId":"NDP","votes":6,"share":2.912621359223301},{"id":"michael-penman","name":"Michael Penman","shortName":"Penman","partyId":"PPC","votes":4,"share":1.9417475728155338}],"partyVotes":{"LIB":83,"CPC":113,"BQ":0,"NDP":6,"GRN":0,"PPC":4,"OTH":0}}},"geometry":{"type":"Polygon","coordinates":[[[616.41,91.6],[616.61,91.34],[617.1,90.64],[617.11,90.62],[617.18,90.53],[617.23,90.56],[617.58,90.5],[617.52,90.33],[617.53,90.31],[617.52,90.3],[617.51,90.3],[617.43,90.23],[617.29,90.07],[617.31,90.04],[617.34,90],[617.5,90.1],[617.48,90.15],[618.05,90.52],[618.06,90.52],[618.07,90.53],[618.07,90.54],[618.41,90.76],[618.42,90.79],[618.44,90.8],[618.46,90.81],[618.47,90.8],[618.46,90.8],[618.47,90.8],[618.48,90.81],[618.51,90.83],[618.53,90.85],[618.53,90.86],[618.53,90.86],[618.55,90.86],[618.56,90.87],[618.59,90.9],[618.57,90.91],[618.57,90.91],[618.55,90.92],[618.55,90.93],[618.52,90.97],[618.52,90.99],[618.51,90.99],[618.5,91],[618.49,91],[618.48,91.02],[618.42,91.08],[618.37,91.17],[618.31,91.24],[618.3,91.26],[618.28,91.32],[618.24,91.39],[618.23,91.42],[618.22,91.52],[618.22,91.54],[618.21,91.55],[618.21,91.56],[618.22,91.58],[618.23,91.59],[618.24,91.59],[618.25,91.59],[618.25,91.59],[618.29,91.62],[618.32,91.62],[618.03,91.99],[618.03,91.99],[618.03,92.06],[618.04,92.1],[618.04,92.14],[618.05,92.17],[618.01,92.14],[617.95,92.1],[617.84,92.27],[617.83,92.26],[617.81,92.29],[617.71,92.42],[617.69,92.46],[617.67,92.48],[617.65,92.46],[617.35,92.23],[617.31,92.2],[617.24,92.15],[616.75,91.82],[616.46,91.64],[616.41,91.6]]]}},{"type":"Feature","id":"35035-53","properties":{"ridingCode":"35035","pollNumber":"53","pollType":"N","advancePollNumber":"611","sourceCode":"53-0","geometryPollNumbers":["53"],"code":"35035-53","resultPollNumbers":["53"],"resultStatus":"exact","result":{"electors":461,"voters":239,"totalVotes":238,"rejected":1,"turnout":51.84381778741866,"winnerId":"jamie-schmale","winnerPartyId":"CPC","runnerUpId":"nell-thomas","runnerUpPartyId":"LIB","margin":13.025210084033615,"top":[{"id":"jamie-schmale","name":"Jamie Schmale","shortName":"Schmale","partyId":"CPC","votes":130,"share":54.621848739495796},{"id":"nell-thomas","name":"Nell Thomas","shortName":"Thomas","partyId":"LIB","votes":99,"share":41.596638655462186},{"id":"alyea-teel","name":"Alyea Teel","shortName":"Teel","partyId":"NDP","votes":7,"share":2.941176470588235},{"id":"michael-penman","name":"Michael Penman","shortName":"Penman","partyId":"PPC","votes":2,"share":0.8403361344537815}],"partyVotes":{"LIB":99,"CPC":130,"BQ":0,"NDP":7,"GRN":0,"PPC":2,"OTH":0}}},"geometry":{"type":"Polygon","coordinates":[[[618.32,91.62],[618.29,91.62],[618.25,91.59],[618.25,91.59],[618.24,91.59],[618.23,91.59],[618.22,91.58],[618.21,91.56],[618.21,91.55],[618.22,91.54],[618.22,91.52],[618.23,91.42],[618.24,91.39],[618.28,91.32],[618.3,91.26],[618.31,91.24],[618.37,91.17],[618.42,91.08],[618.48,91.02],[618.49,91],[618.5,91],[618.51,90.99],[618.52,90.99],[618.52,90.97],[618.55,90.93],[618.55,90.92],[618.57,90.91],[618.57,90.91],[618.59,90.91],[618.59,90.92],[618.59,90.93],[618.6,90.93],[618.64,90.94],[618.66,90.95],[618.68,90.96],[618.74,90.98],[618.77,90.99],[618.8,91],[618.82,91],[618.84,91.02],[618.85,91.02],[618.86,91.04],[618.88,91.05],[618.89,91.09],[618.9,91.09],[618.93,91.09],[618.94,91.1],[618.99,91.13],[619.03,91.13],[619.03,91.14],[619.05,91.15],[619.06,91.16],[619.1,91.17],[619.12,91.17],[619.14,91.17],[619.15,91.17],[619.15,91.18],[619.16,91.2],[619.16,91.23],[619.15,91.25],[619.17,91.27],[619.17,91.32],[619.19,91.33],[619.2,91.34],[619.19,91.35],[619.19,91.36],[619.18,91.38],[619.18,91.38],[619.19,91.39],[619.2,91.39],[619.2,91.4],[619.21,91.4],[619.22,91.41],[619.24,91.42],[619.24,91.43],[619.25,91.43],[619.26,91.44],[619.26,91.45],[619.27,91.46],[619.27,91.47],[619.28,91.48],[619.28,91.48],[619.29,91.49],[619.29,91.51],[619.31,91.52],[619.32,91.54],[619.33,91.54],[619.33,91.54],[619.33,91.51],[619.35,91.5],[619.37,91.47],[619.37,91.46],[619.38,91.45],[619.39,91.45],[619.4,91.45],[619.42,91.44],[619.43,91.44],[619.43,91.44],[619.44,91.45],[619.48,91.47],[619.48,91.48],[619.48,91.49],[619.45,91.47],[619.43,91.48],[619.43,91.49],[619.44,91.51],[619.4,91.59],[619.39,91.59],[619.38,91.6],[619.37,91.61],[619.19,91.83],[619.15,91.86],[619.12,91.87],[619.08,91.87],[619.06,91.86],[619.03,91.83],[618.98,91.75],[618.96,91.71],[618.93,91.64],[618.86,91.52],[618.83,91.49],[618.81,91.48],[618.8,91.48],[618.79,91.48],[618.77,91.48],[618.77,91.5],[618.77,91.53],[618.76,91.55],[618.74,91.58],[618.69,91.62],[618.68,91.63],[618.65,91.65],[618.65,91.67],[618.6,91.64],[618.59,91.61],[618.58,91.61],[618.57,91.6],[618.56,91.6],[618.54,91.59],[618.49,91.53],[618.48,91.52],[618.46,91.51],[618.46,91.5],[618.42,91.47],[618.32,91.62]]]}},{"type":"Feature","id":"35035-54","properties":{"ridingCode":"35035","pollNumber":"54","pollType":"N","advancePollNumber":"611","sourceCode":"54-0","geometryPollNumbers":["54"],"code":"35035-54","resultPollNumbers":["54"],"resultStatus":"exact","result":{"electors":268,"voters":137,"totalVotes":137,"rejected":0,"turnout":51.11940298507462,"winnerId":"jamie-schmale","winnerPartyId":"CPC","runnerUpId":"nell-thomas","runnerUpPartyId":"LIB","margin":15.328467153284672,"top":[{"id":"jamie-schmale","name":"Jamie Schmale","shortName":"Schmale","partyId":"CPC","votes":75,"share":54.74452554744526},{"id":"nell-thomas","name":"Nell Thomas","shortName":"Thomas","partyId":"LIB","votes":54,"share":39.416058394160586},{"id":"alyea-teel","name":"Alyea Teel","shortName":"Teel","partyId":"NDP","votes":6,"share":4.37956204379562},{"id":"michael-penman","name":"Michael Penman","shortName":"Penman","partyId":"PPC","votes":2,"share":1.4598540145985401}],"partyVotes":{"LIB":54,"CPC":75,"BQ":0,"NDP":6,"GRN":0,"PPC":2,"OTH":0}}},"geometry":{"type":"Polygon","coordinates":[[[618.55,90.86],[618.56,90.85],[618.56,90.84],[618.55,90.83],[618.55,90.83],[618.54,90.85],[618.54,90.83],[618.63,90.7],[618.79,90.51],[618.75,90.51],[618.74,90.5],[618.73,90.48],[618.72,90.47],[618.7,90.48],[618.7,90.47],[618.69,90.47],[618.69,90.44],[618.69,90.42],[618.68,90.41],[618.68,90.4],[618.68,90.38],[618.7,90.36],[618.72,90.34],[618.73,90.3],[618.75,90.29],[618.75,90.27],[618.74,90.25],[618.74,90.23],[618.73,90.19],[618.73,90.16],[618.75,90.15],[618.76,90.13],[618.77,90.1],[618.77,90.09],[618.77,90.06],[618.78,90.05],[618.78,90.03],[618.79,90],[618.8,89.97],[618.83,89.94],[618.85,89.89],[618.86,89.87],[618.87,89.85],[618.88,89.84],[618.89,89.83],[618.91,89.82],[618.91,89.81],[618.92,89.79],[618.92,89.77],[618.93,89.76],[618.92,89.75],[618.93,89.73],[618.93,89.71],[618.94,89.69],[618.94,89.67],[618.96,89.66],[618.97,89.67],[618.98,89.66],[619.04,89.68],[619.05,89.67],[619.06,89.66],[619.06,89.63],[619.07,89.62],[619.07,89.62],[619.09,89.63],[619.1,89.64],[619.11,89.65],[619.11,89.66],[619.13,89.67],[619.14,89.67],[619.17,89.66],[619.17,89.65],[619.18,89.66],[619.18,89.66],[619.22,89.69],[619.22,89.69],[619.23,89.69],[619.24,89.7],[619.39,89.78],[618.95,90.4],[618.92,90.44],[618.91,90.46],[618.85,90.54],[618.76,90.67],[618.81,90.7],[618.87,90.68],[618.93,90.71],[618.98,90.74],[619.14,90.81],[619.22,90.88],[619.26,90.91],[619.29,90.93],[619.34,90.99],[619.45,91.12],[619.47,91.17],[619.79,91.39],[619.96,91.5],[619.98,91.51],[619.81,91.74],[619.48,91.49],[619.48,91.48],[619.48,91.47],[619.44,91.45],[619.43,91.44],[619.43,91.44],[619.42,91.44],[619.4,91.45],[619.39,91.45],[619.38,91.45],[619.37,91.46],[619.37,91.47],[619.35,91.5],[619.33,91.51],[619.33,91.54],[619.33,91.54],[619.32,91.54],[619.31,91.52],[619.29,91.51],[619.29,91.49],[619.28,91.48],[619.28,91.48],[619.27,91.47],[619.27,91.46],[619.26,91.45],[619.26,91.44],[619.25,91.43],[619.24,91.43],[619.24,91.42],[619.22,91.41],[619.21,91.4],[619.2,91.4],[619.2,91.39],[619.19,91.39],[619.18,91.38],[619.18,91.38],[619.19,91.36],[619.19,91.35],[619.2,91.34],[619.19,91.33],[619.17,91.32],[619.17,91.27],[619.15,91.25],[619.16,91.23],[619.16,91.2],[619.15,91.18],[619.15,91.17],[619.14,91.17],[619.12,91.17],[619.1,91.17],[619.06,91.16],[619.05,91.15],[619.03,91.14],[619.03,91.13],[618.99,91.13],[618.94,91.1],[618.93,91.09],[618.9,91.09],[618.89,91.09],[618.88,91.05],[618.86,91.04],[618.85,91.02],[618.84,91.02],[618.82,91],[618.8,91],[618.77,90.99],[618.74,90.98],[618.68,90.96],[618.66,90.95],[618.64,90.94],[618.6,90.93],[618.59,90.93],[618.59,90.92],[618.59,90.91],[618.57,90.91],[618.59,90.9],[618.56,90.87],[618.55,90.86]]]}},{"type":"Feature","id":"35035-55","properties":{"ridingCode":"35035","pollNumber":"55","pollType":"N","advancePollNumber":"611","sourceCode":"55-0","geometryPollNumbers":["55"],"code":"35035-55","resultPollNumbers":["55"],"resultStatus":"exact","result":{"electors":269,"voters":137,"totalVotes":137,"rejected":0,"turnout":50.92936802973978,"winnerId":"jamie-schmale","winnerPartyId":"CPC","runnerUpId":"nell-thomas","runnerUpPartyId":"LIB","margin":24.087591240875913,"top":[{"id":"jamie-schmale","name":"Jamie Schmale","shortName":"Schmale","partyId":"CPC","votes":81,"share":59.12408759124088},{"id":"nell-thomas","name":"Nell Thomas","shortName":"Thomas","partyId":"LIB","votes":48,"share":35.03649635036496},{"id":"alyea-teel","name":"Alyea Teel","shortName":"Teel","partyId":"NDP","votes":5,"share":3.64963503649635},{"id":"michael-penman","name":"Michael Penman","shortName":"Penman","partyId":"PPC","votes":3,"share":2.18978102189781}],"partyVotes":{"LIB":48,"CPC":81,"BQ":0,"NDP":5,"GRN":0,"PPC":3,"OTH":0}}},"geometry":{"type":"Polygon","coordinates":[[[618.41,90.76],[618.07,90.54],[618.07,90.53],[618.06,90.52],[618.05,90.52],[617.48,90.15],[617.5,90.1],[617.34,90],[617.36,89.97],[617.87,89.2],[618.52,89.65],[618.53,89.65],[618.53,89.66],[618.85,89.89],[618.83,89.94],[618.8,89.97],[618.79,90],[618.78,90.03],[618.78,90.05],[618.77,90.06],[618.77,90.09],[618.77,90.1],[618.76,90.13],[618.75,90.15],[618.73,90.16],[618.73,90.19],[618.74,90.23],[618.74,90.25],[618.75,90.27],[618.75,90.29],[618.73,90.3],[618.72,90.34],[618.7,90.36],[618.68,90.38],[618.68,90.4],[618.68,90.41],[618.69,90.42],[618.69,90.44],[618.69,90.47],[618.7,90.47],[618.7,90.48],[618.72,90.47],[618.73,90.48],[618.74,90.5],[618.75,90.51],[618.79,90.51],[618.63,90.7],[618.54,90.83],[618.54,90.85],[618.55,90.83],[618.55,90.83],[618.56,90.84],[618.56,90.85],[618.55,90.86],[618.53,90.86],[618.53,90.86],[618.53,90.85],[618.51,90.83],[618.48,90.81],[618.47,90.8],[618.46,90.8],[618.47,90.8],[618.46,90.81],[618.44,90.8],[618.42,90.79],[618.41,90.76]]]}},{"type":"Feature","id":"35035-56","properties":{"ridingCode":"35035","pollNumber":"56","pollType":"N","advancePollNumber":"610","sourceCode":"56-0","geometryPollNumbers":["56"],"code":"35035-56","resultPollNumbers":["56"],"resultStatus":"exact","result":{"electors":435,"voters":229,"totalVotes":228,"rejected":1,"turnout":52.643678160919535,"winnerId":"nell-thomas","winnerPartyId":"LIB","runnerUpId":"jamie-schmale","runnerUpPartyId":"CPC","margin":3.9473684210526314,"top":[{"id":"nell-thomas","name":"Nell Thomas","shortName":"Thomas","partyId":"LIB","votes":113,"share":49.56140350877193},{"id":"jamie-schmale","name":"Jamie Schmale","shortName":"Schmale","partyId":"CPC","votes":104,"share":45.614035087719294},{"id":"alyea-teel","name":"Alyea Teel","shortName":"Teel","partyId":"NDP","votes":9,"share":3.9473684210526314},{"id":"michael-penman","name":"Michael Penman","shortName":"Penman","partyId":"PPC","votes":2,"share":0.8771929824561403}],"partyVotes":{"LIB":113,"CPC":104,"BQ":0,"NDP":9,"GRN":0,"PPC":2,"OTH":0}}},"geometry":{"type":"Polygon","coordinates":[[[615.53,90.99],[615.47,90.96],[615.48,90.94],[615.48,90.93],[615.48,90.9],[615.48,90.88],[615.49,90.86],[615.54,90.87],[615.58,90.85],[615.59,90.85],[615.64,90.83],[615.65,90.79],[615.68,90.78],[615.69,90.79],[615.72,90.82],[615.75,90.87],[615.8,90.89],[615.83,90.88],[615.86,90.86],[615.93,90.79],[615.99,90.66],[615.98,90.52],[615.92,90.34],[615.92,90.33],[616.2,89.91],[616.22,89.91],[616.22,89.89],[616.33,89.71],[616.35,89.7],[616.4,89.63],[616.47,89.54],[616.46,89.53],[616.49,89.51],[616.48,89.5],[616.49,89.49],[616.49,89.48],[616.49,89.45],[616.49,89.4],[616.49,89.39],[616.49,89.37],[616.49,89.36],[616.49,89.33],[616.49,89.33],[616.5,89.32],[616.5,89.31],[616.51,89.3],[616.52,89.28],[616.53,89.27],[616.53,89.27],[616.56,89.29],[616.56,89.28],[616.57,89.27],[616.57,89.24],[616.62,89.16],[616.66,89.19],[616.68,89.19],[616.7,89.17],[616.75,89.21],[616.76,89.21],[616.77,89.19],[616.77,89.21],[616.77,89.23],[616.79,89.27],[616.79,89.29],[616.8,89.36],[616.8,89.37],[616.78,89.4],[616.78,89.41],[616.78,89.44],[616.79,89.45],[616.79,89.46],[616.81,89.47],[616.83,89.5],[616.84,89.51],[616.83,89.53],[616.96,89.56],[617.22,90],[617.29,90.05],[617.29,90.07],[617.43,90.23],[617.51,90.3],[617.52,90.3],[617.53,90.31],[617.52,90.33],[617.58,90.5],[617.23,90.56],[617.18,90.53],[617.11,90.62],[617.1,90.64],[616.61,91.34],[616.41,91.6],[616.15,91.41],[616.1,91.38],[615.99,91.31],[615.84,91.22],[615.76,91.15],[615.65,91.08],[615.57,91.02],[615.53,90.99]]]}},{"type":"Feature","id":"35035-57","properties":{"ridingCode":"35035","pollNumber":"57","pollType":"N","advancePollNumber":"610","sourceCode":"57-0","geometryPollNumbers":["57"],"code":"35035-57","resultPollNumbers":["57"],"resultStatus":"exact","result":{"electors":294,"voters":173,"totalVotes":172,"rejected":1,"turnout":58.843537414965986,"winnerId":"jamie-schmale","winnerPartyId":"CPC","runnerUpId":"nell-thomas","runnerUpPartyId":"LIB","margin":7.55813953488372,"top":[{"id":"jamie-schmale","name":"Jamie Schmale","shortName":"Schmale","partyId":"CPC","votes":86,"share":50},{"id":"nell-thomas","name":"Nell Thomas","shortName":"Thomas","partyId":"LIB","votes":73,"share":42.44186046511628},{"id":"alyea-teel","name":"Alyea Teel","shortName":"Teel","partyId":"NDP","votes":12,"share":6.976744186046512},{"id":"michael-penman","name":"Michael Penman","shortName":"Penman","partyId":"PPC","votes":1,"share":0.5813953488372093}],"partyVotes":{"LIB":73,"CPC":86,"BQ":0,"NDP":12,"GRN":0,"PPC":1,"OTH":0}}},"geometry":{"type":"Polygon","coordinates":[[[614.28,90.07],[614.26,90.06],[614.29,90.02],[614.31,90.03],[614.32,90.04],[614.33,90.03],[614.33,90.02],[614.34,90.03],[614.34,90.04],[614.34,90.03],[614.35,90.02],[614.35,90.02],[614.35,90.02],[614.36,90.01],[614.38,89.99],[614.4,89.97],[614.41,89.96],[614.57,89.72],[614.62,89.64],[614.86,89.81],[614.82,89.87],[614.81,89.87],[614.81,89.89],[614.75,89.97],[614.8,90],[614.81,90],[614.81,90.02],[614.8,90.05],[614.79,90.05],[614.76,90.1],[614.75,90.11],[614.73,90.14],[614.72,90.18],[614.72,90.18],[614.73,90.19],[614.73,90.2],[614.74,90.19],[614.74,90.19],[614.76,90.2],[614.76,90.21],[614.79,90.23],[614.83,90.22],[614.84,90.2],[614.84,90.18],[614.85,90.18],[614.85,90.18],[614.86,90.18],[614.89,90.19],[614.9,90.18],[614.9,90.18],[614.91,90.18],[614.93,90.19],[614.94,90.2],[614.97,90.2],[615.02,90.22],[615.02,90.24],[615.04,90.25],[615.05,90.23],[615.08,90.23],[615.1,90.22],[615.11,90.21],[615.12,90.2],[615.12,90.19],[615.13,90.19],[615.14,90.16],[615.15,90.16],[615.16,90.13],[615.22,90.17],[615.22,90.17],[615.24,90.17],[615.25,90.19],[615.34,90.26],[615.36,90.32],[615.37,90.38],[615.41,90.39],[615.42,90.39],[615.43,90.4],[615.44,90.4],[615.45,90.41],[615.48,90.41],[615.49,90.41],[615.52,90.44],[615.52,90.45],[615.52,90.46],[615.54,90.48],[615.54,90.5],[615.55,90.51],[615.54,90.55],[615.55,90.57],[615.56,90.6],[615.58,90.61],[615.57,90.62],[615.58,90.62],[615.61,90.63],[615.63,90.64],[615.65,90.64],[615.67,90.65],[615.68,90.65],[615.69,90.65],[615.7,90.65],[615.71,90.65],[615.65,90.74],[615.65,90.75],[615.65,90.75],[615.58,90.85],[615.54,90.87],[615.49,90.86],[615.48,90.88],[615.48,90.9],[615.48,90.93],[615.48,90.94],[615.47,90.96],[615.43,90.93],[615.38,90.89],[615.32,90.86],[615.2,90.77],[615.14,90.73],[615.04,90.66],[614.91,90.58],[614.91,90.58],[614.89,90.57],[614.82,90.52],[614.78,90.49],[614.64,90.4],[614.54,90.32],[614.51,90.31],[614.48,90.3],[614.47,90.3],[614.42,90.26],[614.41,90.24],[614.41,90.24],[614.38,90.22],[614.36,90.2],[614.34,90.19],[614.28,90.15],[614.28,90.16],[614.25,90.14],[614.27,90.11],[614.28,90.07]]]}},{"type":"Feature","id":"35035-58","properties":{"ridingCode":"35035","pollNumber":"58","pollType":"N","advancePollNumber":"610","sourceCode":"58-0","geometryPollNumbers":["58"],"code":"35035-58","resultPollNumbers":["58"],"resultStatus":"exact","result":{"electors":322,"voters":185,"totalVotes":183,"rejected":2,"turnout":57.453416149068325,"winnerId":"jamie-schmale","winnerPartyId":"CPC","runnerUpId":"nell-thomas","runnerUpPartyId":"LIB","margin":15.300546448087433,"top":[{"id":"jamie-schmale","name":"Jamie Schmale","shortName":"Schmale","partyId":"CPC","votes":98,"share":53.551912568306015},{"id":"nell-thomas","name":"Nell Thomas","shortName":"Thomas","partyId":"LIB","votes":70,"share":38.25136612021858},{"id":"alyea-teel","name":"Alyea Teel","shortName":"Teel","partyId":"NDP","votes":13,"share":7.103825136612022},{"id":"michael-penman","name":"Michael Penman","shortName":"Penman","partyId":"PPC","votes":2,"share":1.092896174863388}],"partyVotes":{"LIB":70,"CPC":98,"BQ":0,"NDP":13,"GRN":0,"PPC":2,"OTH":0}}},"geometry":{"type":"Polygon","coordinates":[[[614.73,89.48],[614.73,89.48],[614.81,89.54],[614.82,89.54],[614.83,89.55],[614.85,89.56],[614.86,89.57],[614.99,89.66],[615,89.67],[615.02,89.67],[615.03,89.69],[615.29,89.86],[615.33,89.89],[615.36,89.91],[615.38,89.92],[615.5,90],[615.5,90],[615.54,90.01],[615.55,90.01],[615.56,90.01],[615.57,90.02],[615.58,90.03],[615.59,90.03],[615.6,90.04],[615.6,90.03],[615.61,90.02],[615.6,90],[615.6,89.99],[615.6,89.98],[615.6,89.98],[615.64,90],[615.65,90.01],[615.67,90.03],[615.69,90.04],[615.71,90.05],[615.72,90.04],[615.73,90.04],[615.73,90.05],[615.75,90.07],[615.75,90.08],[615.76,90.1],[615.76,90.1],[615.77,90.11],[615.78,90.12],[615.78,90.13],[615.77,90.16],[615.77,90.18],[615.76,90.18],[615.74,90.2],[615.74,90.2],[615.76,90.22],[615.77,90.22],[615.77,90.22],[615.79,90.23],[615.8,90.24],[615.81,90.25],[615.83,90.29],[615.85,90.29],[615.85,90.3],[615.86,90.33],[615.85,90.33],[615.85,90.34],[615.85,90.35],[615.85,90.36],[615.85,90.37],[615.84,90.37],[615.84,90.37],[615.84,90.36],[615.82,90.37],[615.81,90.37],[615.8,90.37],[615.84,90.4],[615.85,90.42],[615.87,90.4],[615.89,90.34],[615.9,90.33],[615.92,90.34],[615.98,90.52],[615.99,90.66],[615.93,90.79],[615.86,90.86],[615.83,90.88],[615.8,90.89],[615.75,90.87],[615.72,90.82],[615.69,90.79],[615.68,90.78],[615.65,90.79],[615.64,90.83],[615.59,90.85],[615.58,90.85],[615.65,90.75],[615.65,90.75],[615.65,90.74],[615.71,90.65],[615.7,90.65],[615.69,90.65],[615.68,90.65],[615.67,90.65],[615.65,90.64],[615.63,90.64],[615.61,90.63],[615.58,90.62],[615.57,90.62],[615.58,90.61],[615.56,90.6],[615.55,90.57],[615.54,90.55],[615.55,90.51],[615.54,90.5],[615.54,90.48],[615.52,90.46],[615.52,90.45],[615.52,90.44],[615.49,90.41],[615.48,90.41],[615.45,90.41],[615.44,90.4],[615.43,90.4],[615.42,90.39],[615.41,90.39],[615.37,90.38],[615.36,90.32],[615.34,90.26],[615.25,90.19],[615.24,90.17],[615.22,90.17],[615.22,90.17],[615.16,90.13],[615.15,90.16],[615.14,90.16],[615.13,90.19],[615.12,90.19],[615.12,90.2],[615.11,90.21],[615.1,90.22],[615.08,90.23],[615.05,90.23],[615.04,90.25],[615.02,90.24],[615.02,90.22],[614.97,90.2],[614.94,90.2],[614.93,90.19],[614.91,90.18],[614.9,90.18],[614.9,90.18],[614.89,90.19],[614.86,90.18],[614.85,90.18],[614.85,90.18],[614.84,90.18],[614.84,90.2],[614.83,90.22],[614.79,90.23],[614.76,90.21],[614.76,90.2],[614.74,90.19],[614.74,90.19],[614.73,90.2],[614.73,90.19],[614.72,90.18],[614.72,90.18],[614.73,90.14],[614.75,90.11],[614.76,90.1],[614.79,90.05],[614.8,90.05],[614.81,90.02],[614.81,90],[614.8,90],[614.75,89.97],[614.81,89.89],[614.81,89.87],[614.82,89.87],[614.86,89.81],[614.62,89.64],[614.73,89.48]]]}},{"type":"Feature","id":"35035-59","properties":{"ridingCode":"35035","pollNumber":"59","pollType":"N","advancePollNumber":"607","sourceCode":"59-0","geometryPollNumbers":["59"],"code":"35035-59","resultPollNumbers":["59"],"resultStatus":"exact","result":{"electors":455,"voters":257,"totalVotes":252,"rejected":5,"turnout":56.48351648351648,"winnerId":"jamie-schmale","winnerPartyId":"CPC","runnerUpId":"nell-thomas","runnerUpPartyId":"LIB","margin":26.984126984126984,"top":[{"id":"jamie-schmale","name":"Jamie Schmale","shortName":"Schmale","partyId":"CPC","votes":152,"share":60.317460317460316},{"id":"nell-thomas","name":"Nell Thomas","shortName":"Thomas","partyId":"LIB","votes":84,"share":33.33333333333333},{"id":"alyea-teel","name":"Alyea Teel","shortName":"Teel","partyId":"NDP","votes":11,"share":4.365079365079365},{"id":"michael-penman","name":"Michael Penman","shortName":"Penman","partyId":"PPC","votes":5,"share":1.984126984126984}],"partyVotes":{"LIB":84,"CPC":152,"BQ":0,"NDP":11,"GRN":0,"PPC":5,"OTH":0}}},"geometry":{"type":"Polygon","coordinates":[[[611.84,88.89],[611.89,88.82],[611.89,88.81],[611.89,88.79],[611.89,88.77],[611.91,88.76],[611.92,88.75],[611.93,88.74],[611.98,88.67],[611.99,88.66],[612.02,88.63],[612.04,88.62],[612.2,88.37],[612.37,88.12],[612.39,88.14],[612.69,88.35],[612.56,88.54],[612.67,88.61],[612.54,88.81],[612.56,88.82],[612.56,88.82],[612.57,88.83],[612.62,88.86],[612.65,88.87],[612.65,88.87],[612.66,88.89],[612.67,88.89],[612.67,88.89],[612.68,88.91],[612.68,88.91],[612.68,88.95],[612.69,89.04],[612.75,88.96],[612.93,89.08],[612.98,89.11],[612.99,89.12],[613,89.13],[613.17,89.24],[613.16,89.28],[613.17,89.28],[613.18,89.28],[613.19,89.28],[613.19,89.29],[613.19,89.31],[613.18,89.32],[613.18,89.33],[613.19,89.37],[613.19,89.38],[613.19,89.39],[613.19,89.41],[613.19,89.44],[613.19,89.47],[613.2,89.48],[613.2,89.51],[613.2,89.54],[613.2,89.59],[613.2,89.61],[613.21,89.62],[613.21,89.64],[613.19,89.62],[613.12,89.58],[612.96,89.81],[612.78,90.05],[612.55,90.38],[612.14,90.92],[612.12,90.94],[612.07,91.02],[612.02,91.08],[611.97,91.15],[611.7,91.56],[611.3,91.28],[611.12,91.14],[611.12,91.14],[611.05,91.09],[611.03,91.08],[611.02,91.07],[610.89,90.97],[610.65,90.8],[610.57,90.91],[610.45,90.82],[611.11,89.89],[611.17,89.8],[611.21,89.74],[611.21,89.74],[611.21,89.73],[611.2,89.72],[611.22,89.72],[611.24,89.69],[611.25,89.68],[611.26,89.68],[611.84,88.89]]]}},{"type":"Feature","id":"35035-60","properties":{"ridingCode":"35035","pollNumber":"60","pollType":"N","advancePollNumber":"609","sourceCode":"60-0","geometryPollNumbers":["60"],"code":"35035-60","resultPollNumbers":["60"],"resultStatus":"exact","result":{"electors":426,"voters":190,"totalVotes":186,"rejected":4,"turnout":44.60093896713615,"winnerId":"jamie-schmale","winnerPartyId":"CPC","runnerUpId":"nell-thomas","runnerUpPartyId":"LIB","margin":20.967741935483872,"top":[{"id":"jamie-schmale","name":"Jamie Schmale","shortName":"Schmale","partyId":"CPC","votes":103,"share":55.376344086021504},{"id":"nell-thomas","name":"Nell Thomas","shortName":"Thomas","partyId":"LIB","votes":64,"share":34.40860215053764},{"id":"alyea-teel","name":"Alyea Teel","shortName":"Teel","partyId":"NDP","votes":12,"share":6.451612903225806},{"id":"michael-penman","name":"Michael Penman","shortName":"Penman","partyId":"PPC","votes":7,"share":3.763440860215054}],"partyVotes":{"LIB":64,"CPC":103,"BQ":0,"NDP":12,"GRN":0,"PPC":7,"OTH":0}}},"geometry":{"type":"Polygon","coordinates":[[[613.18,89.28],[613.17,89.28],[613.16,89.28],[613.17,89.24],[613.18,89.21],[613.19,89.2],[613.2,89.19],[613.23,89.18],[613.28,89.11],[613.32,89.13],[613.33,89.15],[613.34,89.15],[613.34,89.19],[613.36,89.2],[613.38,89.21],[613.38,89.22],[613.39,89.24],[613.4,89.24],[613.41,89.26],[613.4,89.27],[613.39,89.27],[613.39,89.27],[613.4,89.29],[613.4,89.29],[613.42,89.27],[613.42,89.25],[613.43,89.21],[613.46,89.17],[613.48,89.15],[613.5,89.12],[613.51,89.11],[613.51,89.1],[613.5,89.05],[613.52,88.9],[613.51,88.89],[613.52,88.88],[613.53,88.88],[613.53,88.87],[613.53,88.84],[613.53,88.82],[613.52,88.81],[613.52,88.8],[613.52,88.75],[613.55,88.77],[613.55,88.77],[613.57,88.78],[613.59,88.78],[613.58,88.83],[613.56,88.89],[613.57,88.93],[613.61,88.96],[613.6,89],[613.59,89.04],[613.59,89.04],[613.83,89.21],[613.8,89.26],[613.8,89.28],[613.79,89.28],[613.69,89.43],[613.84,89.53],[614.14,89.73],[614.1,89.79],[614.08,89.79],[614.06,89.81],[614.03,89.81],[614.02,89.82],[614.01,89.83],[614.01,89.84],[613.99,89.83],[613.98,89.82],[613.96,89.81],[613.95,89.8],[613.93,89.79],[613.93,89.79],[613.9,89.78],[613.89,89.79],[613.88,89.81],[613.88,89.84],[613.89,89.85],[613.9,89.85],[613.9,89.87],[613.92,89.87],[613.94,89.89],[613.92,89.91],[613.74,89.78],[613.19,89.41],[613.19,89.39],[613.19,89.38],[613.19,89.37],[613.18,89.33],[613.18,89.32],[613.19,89.31],[613.19,89.29],[613.19,89.28],[613.18,89.28]]]}},{"type":"Feature","id":"35035-61","properties":{"ridingCode":"35035","pollNumber":"61","pollType":"N","advancePollNumber":"609","sourceCode":"61-0","geometryPollNumbers":["61"],"code":"35035-61","resultPollNumbers":["61"],"resultStatus":"exact","result":{"electors":399,"voters":163,"totalVotes":160,"rejected":3,"turnout":40.852130325814535,"winnerId":"jamie-schmale","winnerPartyId":"CPC","runnerUpId":"nell-thomas","runnerUpPartyId":"LIB","margin":48.75,"top":[{"id":"jamie-schmale","name":"Jamie Schmale","shortName":"Schmale","partyId":"CPC","votes":116,"share":72.5},{"id":"nell-thomas","name":"Nell Thomas","shortName":"Thomas","partyId":"LIB","votes":38,"share":23.75},{"id":"alyea-teel","name":"Alyea Teel","shortName":"Teel","partyId":"NDP","votes":5,"share":3.125},{"id":"michael-penman","name":"Michael Penman","shortName":"Penman","partyId":"PPC","votes":1,"share":0.625}],"partyVotes":{"LIB":38,"CPC":116,"BQ":0,"NDP":5,"GRN":0,"PPC":1,"OTH":0}}},"geometry":{"type":"Polygon","coordinates":[[[612.65,88.87],[612.62,88.86],[612.57,88.83],[612.56,88.82],[612.56,88.82],[612.54,88.81],[612.67,88.61],[612.8,88.43],[612.8,88.42],[613.14,88.65],[613.22,88.7],[613.51,88.89],[613.52,88.9],[613.5,89.05],[613.51,89.1],[613.51,89.11],[613.5,89.12],[613.48,89.15],[613.46,89.17],[613.43,89.21],[613.42,89.25],[613.42,89.27],[613.4,89.29],[613.4,89.29],[613.39,89.27],[613.39,89.27],[613.4,89.27],[613.41,89.26],[613.4,89.24],[613.39,89.24],[613.38,89.22],[613.38,89.21],[613.36,89.2],[613.34,89.19],[613.34,89.15],[613.33,89.15],[613.32,89.13],[613.28,89.11],[613.23,89.18],[613.2,89.19],[613.19,89.2],[613.18,89.21],[613.17,89.24],[613,89.13],[612.99,89.12],[612.98,89.11],[612.93,89.08],[612.75,88.96],[612.69,89.04],[612.68,88.95],[612.68,88.91],[612.68,88.91],[612.67,88.89],[612.67,88.89],[612.66,88.89],[612.65,88.87],[612.65,88.87]]]}},{"type":"Feature","id":"35035-62","properties":{"ridingCode":"35035","pollNumber":"62","pollType":"N","advancePollNumber":"609","sourceCode":"62-0","geometryPollNumbers":["62"],"code":"35035-62","resultPollNumbers":["62"],"resultStatus":"exact","result":{"electors":361,"voters":201,"totalVotes":201,"rejected":0,"turnout":55.67867036011081,"winnerId":"jamie-schmale","winnerPartyId":"CPC","runnerUpId":"nell-thomas","runnerUpPartyId":"LIB","margin":33.33333333333333,"top":[{"id":"jamie-schmale","name":"Jamie Schmale","shortName":"Schmale","partyId":"CPC","votes":129,"share":64.17910447761194},{"id":"nell-thomas","name":"Nell Thomas","shortName":"Thomas","partyId":"LIB","votes":62,"share":30.845771144278604},{"id":"alyea-teel","name":"Alyea Teel","shortName":"Teel","partyId":"NDP","votes":10,"share":4.975124378109453},{"id":"michael-penman","name":"Michael Penman","shortName":"Penman","partyId":"PPC","votes":0,"share":0}],"partyVotes":{"LIB":62,"CPC":129,"BQ":0,"NDP":10,"GRN":0,"PPC":0,"OTH":0}}},"geometry":{"type":"Polygon","coordinates":[[[613.92,89.91],[613.94,89.89],[613.92,89.87],[613.9,89.87],[613.9,89.85],[613.89,89.85],[613.88,89.84],[613.88,89.81],[613.89,89.79],[613.9,89.78],[613.93,89.79],[613.93,89.79],[613.95,89.8],[613.96,89.81],[613.98,89.82],[613.99,89.83],[614.01,89.84],[614.01,89.83],[614.02,89.82],[614.03,89.81],[614.06,89.81],[614.08,89.79],[614.1,89.79],[614.14,89.73],[613.84,89.53],[613.69,89.43],[613.79,89.28],[613.8,89.28],[613.8,89.26],[613.83,89.21],[613.59,89.04],[613.59,89.04],[613.6,89],[613.61,88.96],[613.57,88.93],[613.56,88.89],[613.58,88.83],[613.59,88.78],[613.61,88.74],[613.63,88.8],[613.81,88.93],[613.86,88.99],[613.87,89.04],[613.9,89.07],[613.95,89.06],[614,89.04],[613.99,89.09],[613.99,89.11],[613.98,89.13],[613.98,89.13],[613.99,89.13],[614.01,89.13],[614.03,89.14],[614.04,89.13],[614.05,89.12],[614.06,89.12],[614.07,89.12],[614.08,89.11],[614.08,89.07],[614.08,89.06],[614.14,89.1],[614.28,89.19],[614.33,89.21],[614.43,89.28],[614.43,89.29],[614.44,89.28],[614.44,89.29],[614.47,89.31],[614.48,89.32],[614.61,89.41],[614.61,89.41],[614.65,89.44],[614.73,89.48],[614.62,89.64],[614.57,89.72],[614.41,89.96],[614.4,89.97],[614.38,89.99],[614.36,90.01],[614.35,90.02],[614.35,90.02],[614.35,90.02],[614.34,90.03],[614.34,90.04],[614.34,90.03],[614.33,90.02],[614.33,90.03],[614.32,90.04],[614.31,90.03],[614.29,90.02],[614.26,90.06],[614.28,90.07],[614.27,90.11],[614.25,90.14],[614.24,90.16],[614.23,90.17],[614.23,90.21],[614.23,90.22],[614.21,90.25],[614.19,90.23],[614.19,90.23],[614.15,90.25],[614.12,90.24],[614.11,90.25],[614.08,90.25],[614.08,90.24],[614.05,90.22],[614.04,90.22],[614.03,90.2],[613.96,90.15],[613.95,90.15],[613.93,90.14],[613.94,90.13],[613.96,90.1],[613.96,90.09],[613.97,90.06],[613.98,90.05],[613.99,90.06],[613.99,90.06],[614,90.04],[614.01,90.03],[614.01,90.02],[614.02,90.01],[614.03,90],[614.04,89.99],[614,89.96],[613.92,89.91]]]}},{"type":"Feature","id":"35035-63A+63B","properties":{"ridingCode":"35035","pollNumber":"63A+63B","pollType":"N","advancePollNumber":"607","sourceCode":"63-0","geometryPollNumbers":["63"],"code":"35035-63A+63B","resultPollNumbers":["63A","63B"],"resultStatus":"resolved-suffix","result":{"electors":468,"voters":238,"totalVotes":235,"rejected":3,"turnout":50.85470085470085,"winnerId":"jamie-schmale","winnerPartyId":"CPC","runnerUpId":"nell-thomas","runnerUpPartyId":"LIB","margin":48.93617021276596,"top":[{"id":"jamie-schmale","name":"Jamie Schmale","shortName":"Schmale","partyId":"CPC","votes":168,"share":71.48936170212767},{"id":"nell-thomas","name":"Nell Thomas","shortName":"Thomas","partyId":"LIB","votes":53,"share":22.5531914893617},{"id":"alyea-teel","name":"Alyea Teel","shortName":"Teel","partyId":"NDP","votes":9,"share":3.829787234042553},{"id":"michael-penman","name":"Michael Penman","shortName":"Penman","partyId":"PPC","votes":5,"share":2.127659574468085}],"partyVotes":{"LIB":53,"CPC":168,"BQ":0,"NDP":9,"GRN":0,"PPC":5,"OTH":0}}},"geometry":{"type":"Polygon","coordinates":[[[610.54,89.35],[610.21,89.1],[610.24,89.06],[610.23,89.05],[610.49,88.67],[610.51,88.62],[610.68,88.38],[610.79,88.2],[610.87,88.08],[610.94,87.98],[610.99,87.89],[611.09,87.96],[611.1,87.95],[611.11,87.96],[611.11,87.97],[611.11,87.98],[611.12,87.98],[611.19,87.98],[611.22,88.05],[611.18,88.09],[611.14,88.21],[611.3,88.32],[611.29,88.33],[611.23,88.4],[611.46,88.56],[611.43,88.59],[611.42,88.6],[611.43,88.65],[611.44,88.66],[611.52,88.64],[611.54,88.64],[611.6,88.64],[611.62,88.63],[611.65,88.63],[611.7,88.65],[611.7,88.65],[611.71,88.66],[611.76,88.71],[611.76,88.72],[611.77,88.74],[611.76,88.79],[611.76,88.8],[611.77,88.81],[611.84,88.89],[611.26,89.68],[611.25,89.68],[611.24,89.69],[611.22,89.72],[611.2,89.72],[611.21,89.73],[611.21,89.74],[611.21,89.74],[611.17,89.8],[610.95,89.64],[610.54,89.35]]]}},{"type":"Feature","id":"35035-64","properties":{"ridingCode":"35035","pollNumber":"64","pollType":"N","advancePollNumber":"609","sourceCode":"64-0","geometryPollNumbers":["64"],"code":"35035-64","resultPollNumbers":["64"],"resultStatus":"exact","result":{"electors":351,"voters":192,"totalVotes":191,"rejected":1,"turnout":54.700854700854705,"winnerId":"jamie-schmale","winnerPartyId":"CPC","runnerUpId":"nell-thomas","runnerUpPartyId":"LIB","margin":20.94240837696335,"top":[{"id":"jamie-schmale","name":"Jamie Schmale","shortName":"Schmale","partyId":"CPC","votes":111,"share":58.1151832460733},{"id":"nell-thomas","name":"Nell Thomas","shortName":"Thomas","partyId":"LIB","votes":71,"share":37.17277486910995},{"id":"alyea-teel","name":"Alyea Teel","shortName":"Teel","partyId":"NDP","votes":6,"share":3.1413612565445024},{"id":"michael-penman","name":"Michael Penman","shortName":"Penman","partyId":"PPC","votes":3,"share":1.5706806282722512}],"partyVotes":{"LIB":71,"CPC":111,"BQ":0,"NDP":6,"GRN":0,"PPC":3,"OTH":0}}},"geometry":{"type":"Polygon","coordinates":[[[614.14,89.1],[614.31,88.83],[614.33,88.84],[614.34,88.84],[614.36,88.85],[614.38,88.85],[614.38,88.85],[614.36,88.82],[614.36,88.81],[614.38,88.78],[614.37,88.77],[614.36,88.76],[614.38,88.72],[614.39,88.71],[614.39,88.68],[614.4,88.69],[614.4,88.7],[614.43,88.7],[614.42,88.67],[614.42,88.65],[614.42,88.64],[614.43,88.63],[614.46,88.61],[614.47,88.6],[614.48,88.59],[614.48,88.57],[614.49,88.55],[614.7,88.22],[614.72,88.24],[614.95,88.4],[615.09,88.46],[615.22,88.56],[615.25,88.57],[615.3,88.61],[615.29,88.62],[615.3,88.68],[615.62,88.9],[615.65,88.97],[615.6,89.03],[615.38,89.26],[616.01,89.64],[616.02,89.64],[616.02,89.64],[616.03,89.65],[616.05,89.66],[616.06,89.66],[616.08,89.68],[616.08,89.68],[616.1,89.68],[616.11,89.68],[616.11,89.68],[616.12,89.71],[616.12,89.75],[616.13,89.77],[616.13,89.77],[616.14,89.77],[616.15,89.77],[616.16,89.76],[616.18,89.77],[616.19,89.77],[616.2,89.76],[616.21,89.75],[616.21,89.75],[616.22,89.75],[616.23,89.74],[616.24,89.74],[616.25,89.75],[616.25,89.75],[616.29,89.73],[616.3,89.73],[616.3,89.71],[616.31,89.7],[616.31,89.7],[616.33,89.7],[616.33,89.71],[616.33,89.71],[616.22,89.89],[616.22,89.91],[616.2,89.91],[615.92,90.33],[615.92,90.34],[615.9,90.33],[615.89,90.34],[615.87,90.4],[615.85,90.42],[615.84,90.4],[615.8,90.37],[615.81,90.37],[615.82,90.37],[615.84,90.36],[615.84,90.37],[615.84,90.37],[615.85,90.37],[615.85,90.36],[615.85,90.35],[615.85,90.34],[615.85,90.33],[615.86,90.33],[615.85,90.3],[615.85,90.29],[615.83,90.29],[615.81,90.25],[615.8,90.24],[615.79,90.23],[615.77,90.22],[615.77,90.22],[615.76,90.22],[615.74,90.2],[615.74,90.2],[615.76,90.18],[615.77,90.18],[615.77,90.16],[615.78,90.13],[615.78,90.12],[615.77,90.11],[615.76,90.1],[615.76,90.1],[615.75,90.08],[615.75,90.07],[615.73,90.05],[615.73,90.04],[615.72,90.04],[615.71,90.05],[615.69,90.04],[615.67,90.03],[615.65,90.01],[615.64,90],[615.6,89.98],[615.6,89.98],[615.6,89.99],[615.6,90],[615.61,90.02],[615.6,90.03],[615.6,90.04],[615.59,90.03],[615.58,90.03],[615.57,90.02],[615.56,90.01],[615.55,90.01],[615.54,90.01],[615.5,90],[615.5,90],[615.38,89.92],[615.36,89.91],[615.33,89.89],[615.29,89.86],[615.03,89.69],[615.02,89.67],[615,89.67],[614.99,89.66],[614.86,89.57],[614.85,89.56],[614.83,89.55],[614.82,89.54],[614.81,89.54],[614.73,89.48],[614.73,89.48],[614.65,89.44],[614.61,89.41],[614.61,89.41],[614.48,89.32],[614.47,89.31],[614.44,89.29],[614.44,89.28],[614.43,89.29],[614.43,89.28],[614.33,89.21],[614.28,89.19],[614.14,89.1]]]}},{"type":"Feature","id":"35035-65","properties":{"ridingCode":"35035","pollNumber":"65","pollType":"N","advancePollNumber":"609","sourceCode":"65-0","geometryPollNumbers":["65"],"code":"35035-65","resultPollNumbers":["65"],"resultStatus":"exact","result":{"electors":245,"voters":121,"totalVotes":121,"rejected":0,"turnout":49.38775510204081,"winnerId":"jamie-schmale","winnerPartyId":"CPC","runnerUpId":"nell-thomas","runnerUpPartyId":"LIB","margin":17.355371900826448,"top":[{"id":"jamie-schmale","name":"Jamie Schmale","shortName":"Schmale","partyId":"CPC","votes":70,"share":57.85123966942148},{"id":"nell-thomas","name":"Nell Thomas","shortName":"Thomas","partyId":"LIB","votes":49,"share":40.49586776859504},{"id":"alyea-teel","name":"Alyea Teel","shortName":"Teel","partyId":"NDP","votes":2,"share":1.6528925619834711},{"id":"michael-penman","name":"Michael Penman","shortName":"Penman","partyId":"PPC","votes":0,"share":0}],"partyVotes":{"LIB":49,"CPC":70,"BQ":0,"NDP":2,"GRN":0,"PPC":0,"OTH":0}}},"geometry":{"type":"Polygon","coordinates":[[[613.98,88.51],[614.24,88.68],[614.25,88.69],[614.29,88.68],[614.33,88.69],[614.34,88.69],[614.35,88.71],[614.38,88.72],[614.36,88.76],[614.37,88.77],[614.38,88.78],[614.36,88.81],[614.36,88.82],[614.38,88.85],[614.38,88.85],[614.36,88.85],[614.34,88.84],[614.33,88.84],[614.31,88.83],[614.14,89.1],[614.08,89.06],[614.08,89.07],[614.08,89.11],[614.07,89.12],[614.06,89.12],[614.05,89.12],[614.04,89.13],[614.03,89.14],[614.01,89.13],[613.99,89.13],[613.98,89.13],[613.98,89.13],[613.99,89.11],[613.99,89.09],[614,89.04],[614.01,88.74],[613.98,88.56],[613.98,88.51]]]}},{"type":"Feature","id":"35035-66","properties":{"ridingCode":"35035","pollNumber":"66","pollType":"N","advancePollNumber":"608","sourceCode":"66-0","geometryPollNumbers":["66"],"code":"35035-66","resultPollNumbers":["66"],"resultStatus":"exact","result":{"electors":372,"voters":109,"totalVotes":109,"rejected":0,"turnout":29.301075268817208,"winnerId":"jamie-schmale","winnerPartyId":"CPC","runnerUpId":"nell-thomas","runnerUpPartyId":"LIB","margin":25.688073394495415,"top":[{"id":"jamie-schmale","name":"Jamie Schmale","shortName":"Schmale","partyId":"CPC","votes":67,"share":61.46788990825688},{"id":"nell-thomas","name":"Nell Thomas","shortName":"Thomas","partyId":"LIB","votes":39,"share":35.77981651376147},{"id":"alyea-teel","name":"Alyea Teel","shortName":"Teel","partyId":"NDP","votes":3,"share":2.7522935779816518},{"id":"michael-penman","name":"Michael Penman","shortName":"Penman","partyId":"PPC","votes":0,"share":0}],"partyVotes":{"LIB":39,"CPC":67,"BQ":0,"NDP":3,"GRN":0,"PPC":0,"OTH":0}}},"geometry":{"type":"Polygon","coordinates":[[[613.74,88.2],[613.98,88.36],[614.12,88.14],[613.97,88.04],[614.01,87.98],[614.05,87.93],[614.2,88.03],[614.24,87.97],[614.24,87.97],[614.25,87.98],[614.26,87.97],[614.26,87.97],[614.25,87.95],[614.25,87.94],[614.26,87.94],[614.28,87.94],[614.29,87.95],[614.3,87.96],[614.31,87.97],[614.31,88],[614.31,88.01],[614.32,88.02],[614.33,88.05],[614.32,88.06],[614.31,88.07],[614.31,88.1],[614.32,88.11],[614.32,88.14],[614.31,88.14],[614.3,88.15],[614.3,88.17],[614.3,88.18],[614.3,88.22],[614.3,88.25],[614.29,88.26],[614.29,88.28],[614.28,88.3],[614.27,88.32],[614.25,88.33],[614.25,88.33],[614.24,88.33],[614.24,88.34],[614.24,88.35],[614.23,88.36],[614.23,88.36],[614.26,88.37],[614.26,88.41],[614.27,88.42],[614.29,88.44],[614.3,88.45],[614.31,88.46],[614.32,88.47],[614.32,88.49],[614.33,88.5],[614.32,88.51],[614.32,88.53],[614.32,88.54],[614.32,88.55],[614.34,88.57],[614.34,88.57],[614.33,88.58],[614.32,88.59],[614.33,88.61],[614.33,88.61],[614.33,88.61],[614.34,88.61],[614.34,88.61],[614.33,88.65],[614.34,88.66],[614.35,88.67],[614.35,88.67],[614.34,88.68],[614.34,88.69],[614.35,88.7],[614.35,88.7],[614.38,88.7],[614.38,88.7],[614.38,88.69],[614.38,88.67],[614.38,88.67],[614.39,88.68],[614.4,88.68],[614.41,88.69],[614.41,88.69],[614.4,88.7],[614.4,88.69],[614.39,88.68],[614.39,88.71],[614.38,88.72],[614.35,88.71],[614.34,88.69],[614.33,88.69],[614.29,88.68],[614.25,88.69],[614.24,88.68],[613.98,88.51],[613.91,88.47],[613.84,88.58],[613.82,88.57],[613.82,88.56],[613.66,88.46],[613.66,88.45],[613.66,88.43],[613.65,88.43],[613.66,88.41],[613.69,88.33],[613.74,88.2]]]}},{"type":"Feature","id":"35035-67","properties":{"ridingCode":"35035","pollNumber":"67","pollType":"N","advancePollNumber":"608","sourceCode":"67-0","geometryPollNumbers":["67"],"code":"35035-67","resultPollNumbers":["67"],"resultStatus":"exact","result":{"electors":347,"voters":155,"totalVotes":155,"rejected":0,"turnout":44.668587896253605,"winnerId":"jamie-schmale","winnerPartyId":"CPC","runnerUpId":"nell-thomas","runnerUpPartyId":"LIB","margin":23.870967741935484,"top":[{"id":"jamie-schmale","name":"Jamie Schmale","shortName":"Schmale","partyId":"CPC","votes":90,"share":58.06451612903226},{"id":"nell-thomas","name":"Nell Thomas","shortName":"Thomas","partyId":"LIB","votes":53,"share":34.193548387096776},{"id":"alyea-teel","name":"Alyea Teel","shortName":"Teel","partyId":"NDP","votes":8,"share":5.161290322580645},{"id":"michael-penman","name":"Michael Penman","shortName":"Penman","partyId":"PPC","votes":4,"share":2.5806451612903225}],"partyVotes":{"LIB":53,"CPC":90,"BQ":0,"NDP":8,"GRN":0,"PPC":4,"OTH":0}}},"geometry":{"type":"Polygon","coordinates":[[[614.4,88.03],[614.42,88.03],[614.42,88.03],[614.52,88.1],[614.7,88.22],[614.49,88.55],[614.48,88.57],[614.48,88.59],[614.47,88.6],[614.46,88.61],[614.43,88.63],[614.42,88.64],[614.42,88.65],[614.42,88.67],[614.43,88.7],[614.4,88.7],[614.41,88.69],[614.41,88.69],[614.4,88.68],[614.39,88.68],[614.38,88.67],[614.38,88.67],[614.38,88.69],[614.38,88.7],[614.38,88.7],[614.35,88.7],[614.35,88.7],[614.34,88.69],[614.34,88.68],[614.35,88.67],[614.35,88.67],[614.34,88.66],[614.33,88.65],[614.34,88.61],[614.34,88.61],[614.33,88.61],[614.33,88.61],[614.33,88.61],[614.32,88.59],[614.33,88.58],[614.34,88.57],[614.34,88.57],[614.32,88.55],[614.32,88.54],[614.32,88.53],[614.32,88.51],[614.33,88.5],[614.32,88.49],[614.32,88.47],[614.31,88.46],[614.3,88.45],[614.29,88.44],[614.27,88.42],[614.26,88.41],[614.26,88.37],[614.23,88.36],[614.23,88.36],[614.24,88.35],[614.24,88.34],[614.24,88.33],[614.25,88.33],[614.25,88.33],[614.27,88.32],[614.28,88.3],[614.29,88.28],[614.29,88.26],[614.3,88.25],[614.3,88.22],[614.3,88.18],[614.3,88.17],[614.3,88.15],[614.31,88.14],[614.32,88.14],[614.32,88.11],[614.31,88.1],[614.31,88.07],[614.32,88.06],[614.33,88.05],[614.32,88.02],[614.31,88.01],[614.31,88],[614.31,87.97],[614.3,87.96],[614.29,87.95],[614.28,87.94],[614.26,87.94],[614.25,87.94],[614.25,87.95],[614.26,87.97],[614.26,87.97],[614.25,87.98],[614.24,87.97],[614.24,87.97],[614.25,87.96],[614.25,87.94],[614.25,87.85],[614.25,87.84],[614.26,87.83],[614.26,87.82],[614.37,87.89],[614.35,87.93],[614.34,87.94],[614.35,87.95],[614.35,87.96],[614.4,88.01],[614.4,88.02],[614.4,88.03]]]}},{"type":"Feature","id":"35035-68","properties":{"ridingCode":"35035","pollNumber":"68","pollType":"N","advancePollNumber":"611","sourceCode":"68-0","geometryPollNumbers":["68"],"code":"35035-68","resultPollNumbers":["68"],"resultStatus":"exact","result":{"electors":432,"voters":133,"totalVotes":132,"rejected":1,"turnout":30.787037037037035,"winnerId":"jamie-schmale","winnerPartyId":"CPC","runnerUpId":"nell-thomas","runnerUpPartyId":"LIB","margin":18.939393939393938,"top":[{"id":"jamie-schmale","name":"Jamie Schmale","shortName":"Schmale","partyId":"CPC","votes":74,"share":56.060606060606055},{"id":"nell-thomas","name":"Nell Thomas","shortName":"Thomas","partyId":"LIB","votes":49,"share":37.121212121212125},{"id":"michael-penman","name":"Michael Penman","shortName":"Penman","partyId":"PPC","votes":5,"share":3.787878787878788},{"id":"alyea-teel","name":"Alyea Teel","shortName":"Teel","partyId":"NDP","votes":4,"share":3.0303030303030303}],"partyVotes":{"LIB":49,"CPC":74,"BQ":0,"NDP":4,"GRN":0,"PPC":5,"OTH":0}}},"geometry":{"type":"Polygon","coordinates":[[[618.58,89.09],[618.53,89.07],[618.48,89.03],[618.46,89.01],[618.45,88.97],[618.45,88.96],[618.39,88.92],[618.45,88.83],[618.46,88.83],[618.46,88.83],[618.48,88.83],[618.49,88.83],[618.52,88.83],[618.53,88.83],[618.55,88.83],[618.55,88.83],[618.57,88.82],[618.58,88.82],[618.58,88.82],[618.59,88.82],[618.61,88.82],[618.69,88.69],[618.7,88.72],[618.78,88.76],[618.84,88.78],[618.84,88.78],[618.9,88.83],[618.93,88.88],[618.96,88.92],[618.98,88.94],[619.05,89],[619.07,89.04],[619.08,89.04],[619.1,89.04],[619.13,89.05],[619.15,89.04],[619.17,89.05],[619.37,89.21],[619.42,89.23],[619.43,89.25],[619.45,89.27],[619.5,89.29],[619.51,89.29],[619.53,89.29],[619.54,89.27],[619.56,89.24],[619.57,89.24],[619.57,89.24],[619.58,89.26],[619.66,89.33],[619.5,89.61],[619.5,89.62],[619.47,89.65],[619.46,89.67],[619.39,89.78],[619.24,89.7],[619.23,89.69],[619.22,89.69],[619.22,89.69],[619.18,89.66],[619.18,89.66],[619.17,89.65],[619.17,89.66],[619.14,89.67],[619.13,89.67],[619.11,89.66],[619.11,89.65],[619.1,89.64],[619.09,89.63],[619.07,89.62],[619.07,89.62],[619.06,89.63],[619.06,89.66],[619.05,89.67],[619.04,89.68],[618.98,89.66],[618.97,89.67],[618.96,89.66],[618.94,89.67],[618.94,89.69],[618.93,89.71],[618.93,89.73],[618.92,89.75],[618.93,89.76],[618.92,89.77],[618.92,89.79],[618.91,89.81],[618.91,89.82],[618.89,89.83],[618.88,89.84],[618.87,89.85],[618.86,89.87],[618.85,89.89],[618.53,89.66],[618.53,89.65],[618.58,89.53],[618.59,89.44],[618.6,89.43],[618.61,89.41],[618.64,89.39],[618.65,89.38],[618.66,89.36],[618.67,89.35],[618.69,89.25],[618.69,89.21],[618.69,89.2],[618.68,89.18],[618.66,89.15],[618.58,89.09]]]}},{"type":"Feature","id":"35035-69","properties":{"ridingCode":"35035","pollNumber":"69","pollType":"N","advancePollNumber":"611","sourceCode":"69-0","geometryPollNumbers":["69"],"code":"35035-69","resultPollNumbers":["69"],"resultStatus":"exact","result":{"electors":241,"voters":96,"totalVotes":94,"rejected":2,"turnout":39.83402489626556,"winnerId":"jamie-schmale","winnerPartyId":"CPC","runnerUpId":"nell-thomas","runnerUpPartyId":"LIB","margin":1.0638297872340425,"top":[{"id":"jamie-schmale","name":"Jamie Schmale","shortName":"Schmale","partyId":"CPC","votes":45,"share":47.87234042553192},{"id":"nell-thomas","name":"Nell Thomas","shortName":"Thomas","partyId":"LIB","votes":44,"share":46.808510638297875},{"id":"alyea-teel","name":"Alyea Teel","shortName":"Teel","partyId":"NDP","votes":5,"share":5.319148936170213},{"id":"michael-penman","name":"Michael Penman","shortName":"Penman","partyId":"PPC","votes":0,"share":0}],"partyVotes":{"LIB":44,"CPC":45,"BQ":0,"NDP":5,"GRN":0,"PPC":0,"OTH":0}}},"geometry":{"type":"Polygon","coordinates":[[[617.89,89.18],[618.18,88.75],[618.18,88.75],[618.18,88.74],[618.21,88.7],[618.24,88.69],[618.24,88.67],[618.27,88.65],[618.28,88.65],[618.31,88.66],[618.34,88.65],[618.4,88.64],[618.44,88.64],[618.46,88.65],[618.47,88.69],[618.48,88.7],[618.5,88.69],[618.52,88.69],[618.54,88.69],[618.57,88.69],[618.6,88.67],[618.62,88.67],[618.62,88.66],[618.62,88.63],[618.63,88.62],[618.64,88.61],[618.64,88.64],[618.65,88.65],[618.67,88.67],[618.69,88.69],[618.61,88.82],[618.59,88.82],[618.58,88.82],[618.58,88.82],[618.57,88.82],[618.55,88.83],[618.55,88.83],[618.53,88.83],[618.52,88.83],[618.49,88.83],[618.48,88.83],[618.46,88.83],[618.46,88.83],[618.45,88.83],[618.39,88.92],[618.45,88.96],[618.45,88.97],[618.46,89.01],[618.48,89.03],[618.53,89.07],[618.58,89.09],[618.66,89.15],[618.68,89.18],[618.69,89.2],[618.69,89.21],[618.69,89.25],[618.67,89.35],[618.66,89.36],[618.65,89.38],[618.64,89.39],[618.61,89.41],[618.6,89.43],[618.59,89.44],[618.58,89.53],[618.53,89.65],[618.52,89.65],[617.87,89.2],[617.89,89.18]]]}},{"type":"Feature","id":"35035-70","properties":{"ridingCode":"35035","pollNumber":"70","pollType":"N","advancePollNumber":"612","sourceCode":"70-0","geometryPollNumbers":["70"],"code":"35035-70","resultPollNumbers":["70"],"resultStatus":"exact","result":{"electors":274,"voters":125,"totalVotes":125,"rejected":0,"turnout":45.62043795620438,"winnerId":"jamie-schmale","winnerPartyId":"CPC","runnerUpId":"nell-thomas","runnerUpPartyId":"LIB","margin":26.400000000000002,"top":[{"id":"jamie-schmale","name":"Jamie Schmale","shortName":"Schmale","partyId":"CPC","votes":74,"share":59.199999999999996},{"id":"nell-thomas","name":"Nell Thomas","shortName":"Thomas","partyId":"LIB","votes":41,"share":32.800000000000004},{"id":"alyea-teel","name":"Alyea Teel","shortName":"Teel","partyId":"NDP","votes":7,"share":5.6000000000000005},{"id":"michael-penman","name":"Michael Penman","shortName":"Penman","partyId":"PPC","votes":3,"share":2.4}],"partyVotes":{"LIB":41,"CPC":74,"BQ":0,"NDP":7,"GRN":0,"PPC":3,"OTH":0}}},"geometry":{"type":"Polygon","coordinates":[[[617.54,88.72],[617.57,88.72],[617.54,88.7],[617.53,88.69],[617.52,88.67],[617.51,88.62],[617.5,88.57],[617.49,88.56],[617.48,88.55],[617.45,88.53],[617.46,88.52],[617.47,88.52],[617.47,88.51],[617.48,88.51],[617.5,88.51],[617.52,88.53],[617.56,88.54],[617.58,88.55],[617.64,88.57],[617.65,88.58],[617.66,88.58],[617.66,88.59],[617.67,88.47],[617.73,88.47],[617.8,88.43],[617.82,88.42],[617.89,88.43],[617.93,88.44],[617.97,88.45],[618,88.47],[618.01,88.47],[618.02,88.51],[618.02,88.54],[618.03,88.55],[618.05,88.57],[618.07,88.57],[618.11,88.58],[618.15,88.59],[618.16,88.6],[618.16,88.61],[618.17,88.62],[618.2,88.62],[618.21,88.63],[618.23,88.64],[618.27,88.65],[618.24,88.67],[618.24,88.69],[618.21,88.7],[618.18,88.74],[618.18,88.75],[618.18,88.75],[617.89,89.18],[617.74,89.07],[617.58,88.96],[617.55,88.96],[617.54,88.94],[617.54,88.88],[617.51,88.78],[617.51,88.76],[617.54,88.72]]]}},{"type":"Feature","id":"35035-71","properties":{"ridingCode":"35035","pollNumber":"71","pollType":"N","advancePollNumber":"610","sourceCode":"71-0","geometryPollNumbers":["71"],"code":"35035-71","resultPollNumbers":["71"],"resultStatus":"exact","result":{"electors":424,"voters":116,"totalVotes":115,"rejected":1,"turnout":27.358490566037734,"winnerId":"jamie-schmale","winnerPartyId":"CPC","runnerUpId":"nell-thomas","runnerUpPartyId":"LIB","margin":40,"top":[{"id":"jamie-schmale","name":"Jamie Schmale","shortName":"Schmale","partyId":"CPC","votes":77,"share":66.95652173913044},{"id":"nell-thomas","name":"Nell Thomas","shortName":"Thomas","partyId":"LIB","votes":31,"share":26.956521739130434},{"id":"alyea-teel","name":"Alyea Teel","shortName":"Teel","partyId":"NDP","votes":4,"share":3.4782608695652173},{"id":"michael-penman","name":"Michael Penman","shortName":"Penman","partyId":"PPC","votes":3,"share":2.608695652173913}],"partyVotes":{"LIB":31,"CPC":77,"BQ":0,"NDP":4,"GRN":0,"PPC":3,"OTH":0}}},"geometry":{"type":"Polygon","coordinates":[[[615.63,88.69],[615.64,88.69],[615.65,88.66],[615.65,88.65],[615.65,88.64],[615.65,88.62],[615.66,88.62],[615.67,88.61],[615.69,88.6],[615.71,88.59],[615.73,88.56],[615.74,88.55],[615.74,88.54],[615.79,88.51],[615.8,88.5],[615.82,88.5],[615.86,88.45],[615.86,88.45],[615.86,88.42],[615.86,88.42],[615.93,88.31],[615.93,88.3],[615.92,88.29],[615.92,88.27],[615.93,88.22],[615.94,88.19],[615.93,88.17],[615.92,88.13],[615.88,88.06],[615.9,88.06],[615.91,88.05],[615.93,88.04],[615.95,88.03],[616.02,88.06],[616.07,88.04],[616.08,88.09],[616.01,88.19],[616.02,88.24],[616.01,88.29],[616,88.32],[616.02,88.33],[616.18,88.43],[616.12,88.53],[616.12,88.53],[616.15,88.55],[616.17,88.59],[616.18,88.59],[616.19,88.62],[616.19,88.65],[616.2,88.7],[616.19,88.72],[616.2,88.72],[616.2,88.73],[616.21,88.75],[616.2,88.77],[616.2,88.78],[616.2,88.78],[616.25,88.82],[616.19,88.91],[616.2,88.92],[616.2,88.93],[616.22,88.94],[616.23,88.95],[616.24,88.96],[616.25,89.01],[616.26,89.02],[616.27,89.03],[616.28,89.07],[616.3,89.15],[616.31,89.17],[616.31,89.22],[616.33,89.24],[616.33,89.25],[616.26,89.34],[616.28,89.36],[616.29,89.36],[616.3,89.37],[616.31,89.38],[616.3,89.39],[616.31,89.39],[616.31,89.4],[616.32,89.39],[616.32,89.4],[616.32,89.4],[616.31,89.4],[616.3,89.43],[616.31,89.45],[616.32,89.47],[616.32,89.48],[616.32,89.49],[616.31,89.49],[616.31,89.5],[616.3,89.51],[616.3,89.51],[616.29,89.54],[616.3,89.56],[616.31,89.57],[616.32,89.57],[616.33,89.58],[616.33,89.59],[616.34,89.6],[616.34,89.61],[616.34,89.62],[616.34,89.63],[616.34,89.63],[616.34,89.64],[616.33,89.63],[616.32,89.64],[616.32,89.65],[616.32,89.66],[616.34,89.68],[616.35,89.69],[616.33,89.71],[616.33,89.7],[616.31,89.7],[616.31,89.7],[616.3,89.71],[616.3,89.73],[616.29,89.73],[616.25,89.75],[616.25,89.75],[616.24,89.74],[616.23,89.74],[616.22,89.75],[616.21,89.75],[616.21,89.75],[616.2,89.76],[616.19,89.77],[616.18,89.77],[616.16,89.76],[616.15,89.77],[616.14,89.77],[616.13,89.77],[616.13,89.77],[616.12,89.75],[616.12,89.71],[616.11,89.68],[616.11,89.68],[616.1,89.68],[616.08,89.68],[616.08,89.68],[616.06,89.66],[616.05,89.66],[616.03,89.65],[616.02,89.64],[616.02,89.64],[616.01,89.64],[615.38,89.26],[615.6,89.03],[615.65,88.97],[615.62,88.9],[615.3,88.68],[615.29,88.62],[615.3,88.61],[615.37,88.51],[615.45,88.56],[615.45,88.57],[615.5,88.61],[615.51,88.62],[615.56,88.65],[615.57,88.66],[615.63,88.69]]]}},{"type":"Feature","id":"35035-72","properties":{"ridingCode":"35035","pollNumber":"72","pollType":"N","advancePollNumber":"610","sourceCode":"72-0","geometryPollNumbers":["72"],"code":"35035-72","resultPollNumbers":["72"],"resultStatus":"exact","result":{"electors":391,"voters":113,"totalVotes":113,"rejected":0,"turnout":28.9002557544757,"winnerId":"jamie-schmale","winnerPartyId":"CPC","runnerUpId":"nell-thomas","runnerUpPartyId":"LIB","margin":37.16814159292036,"top":[{"id":"jamie-schmale","name":"Jamie Schmale","shortName":"Schmale","partyId":"CPC","votes":75,"share":66.3716814159292},{"id":"nell-thomas","name":"Nell Thomas","shortName":"Thomas","partyId":"LIB","votes":33,"share":29.20353982300885},{"id":"alyea-teel","name":"Alyea Teel","shortName":"Teel","partyId":"NDP","votes":5,"share":4.424778761061947},{"id":"michael-penman","name":"Michael Penman","shortName":"Penman","partyId":"PPC","votes":0,"share":0}],"partyVotes":{"LIB":33,"CPC":75,"BQ":0,"NDP":5,"GRN":0,"PPC":0,"OTH":0}}},"geometry":{"type":"Polygon","coordinates":[[[615.49,88.33],[615.7,88.02],[615.81,87.86],[615.82,87.88],[615.82,87.88],[615.9,87.94],[615.93,87.89],[615.94,87.88],[615.99,87.8],[616.07,88.03],[616.07,88.04],[616.02,88.06],[615.95,88.03],[615.93,88.04],[615.91,88.05],[615.9,88.06],[615.88,88.06],[615.92,88.13],[615.93,88.17],[615.94,88.19],[615.93,88.22],[615.92,88.27],[615.92,88.29],[615.93,88.3],[615.93,88.31],[615.86,88.42],[615.86,88.42],[615.86,88.45],[615.86,88.45],[615.82,88.5],[615.8,88.5],[615.79,88.51],[615.74,88.54],[615.74,88.55],[615.73,88.56],[615.71,88.59],[615.69,88.6],[615.67,88.61],[615.66,88.62],[615.65,88.62],[615.65,88.64],[615.65,88.65],[615.65,88.66],[615.64,88.69],[615.63,88.69],[615.57,88.66],[615.56,88.65],[615.51,88.62],[615.5,88.61],[615.45,88.57],[615.45,88.56],[615.37,88.51],[615.49,88.33]]]}},{"type":"Feature","id":"35035-73","properties":{"ridingCode":"35035","pollNumber":"73","pollType":"N","advancePollNumber":"610","sourceCode":"73-0","geometryPollNumbers":["73"],"code":"35035-73","resultPollNumbers":["73"],"resultStatus":"exact","result":{"electors":298,"voters":69,"totalVotes":67,"rejected":2,"turnout":23.154362416107382,"winnerId":"nell-thomas","winnerPartyId":"LIB","runnerUpId":"jamie-schmale","runnerUpPartyId":"CPC","margin":1.4925373134328357,"top":[{"id":"nell-thomas","name":"Nell Thomas","shortName":"Thomas","partyId":"LIB","votes":34,"share":50.74626865671642},{"id":"jamie-schmale","name":"Jamie Schmale","shortName":"Schmale","partyId":"CPC","votes":33,"share":49.25373134328358},{"id":"michael-penman","name":"Michael Penman","shortName":"Penman","partyId":"PPC","votes":0,"share":0},{"id":"alyea-teel","name":"Alyea Teel","shortName":"Teel","partyId":"NDP","votes":0,"share":0}],"partyVotes":{"LIB":34,"CPC":33,"BQ":0,"NDP":0,"GRN":0,"PPC":0,"OTH":0}}},"geometry":{"type":"Polygon","coordinates":[[[616.82,88.56],[616.8,88.55],[616.79,88.56],[616.79,88.56],[616.78,88.57],[616.78,88.57],[616.76,88.57],[616.76,88.58],[616.75,88.57],[616.74,88.55],[616.72,88.54],[616.72,88.52],[616.72,88.51],[616.72,88.5],[616.7,88.5],[616.69,88.49],[616.67,88.49],[616.64,88.49],[616.65,88.48],[616.63,88.46],[616.62,88.43],[616.59,88.4],[616.59,88.4],[616.59,88.39],[616.6,88.39],[616.61,88.39],[616.59,88.38],[616.6,88.39],[616.59,88.39],[616.59,88.39],[616.59,88.38],[616.59,88.38],[616.59,88.37],[616.59,88.36],[616.59,88.36],[616.59,88.36],[616.59,88.35],[616.59,88.35],[616.6,88.35],[616.59,88.33],[616.59,88.33],[616.58,88.32],[616.58,88.32],[616.57,88.31],[616.57,88.31],[616.56,88.29],[616.55,88.29],[616.54,88.27],[616.53,88.25],[616.59,88.32],[616.6,88.33],[616.61,88.33],[616.61,88.34],[616.61,88.35],[616.63,88.37],[616.64,88.37],[616.68,88.38],[616.71,88.37],[616.72,88.38],[616.73,88.39],[616.74,88.41],[616.74,88.44],[616.74,88.48],[616.75,88.5],[616.76,88.5],[616.78,88.47],[616.8,88.46],[616.84,88.45],[616.88,88.46],[616.91,88.47],[616.94,88.51],[616.97,88.56],[616.98,88.56],[616.98,88.55],[616.99,88.54],[616.99,88.53],[616.99,88.52],[617,88.53],[617,88.54],[617.04,88.57],[617.08,88.52],[617.09,88.51],[617.09,88.49],[617.09,88.42],[617.09,88.4],[617.1,88.39],[617.13,88.37],[617.14,88.36],[617.18,88.35],[617.2,88.36],[617.23,88.38],[617.23,88.38],[617.24,88.39],[617.25,88.42],[617.27,88.45],[617.27,88.46],[617.27,88.47],[617.28,88.47],[617.28,88.48],[617.29,88.49],[617.29,88.49],[617.3,88.5],[617.3,88.5],[617.31,88.51],[617.32,88.51],[617.34,88.52],[617.36,88.52],[617.39,88.52],[617.41,88.53],[617.42,88.54],[617.42,88.55],[617.43,88.57],[617.44,88.57],[617.46,88.57],[617.47,88.58],[617.48,88.58],[617.5,88.6],[617.51,88.62],[617.52,88.67],[617.53,88.69],[617.54,88.7],[617.57,88.72],[617.54,88.72],[617.51,88.76],[617.51,88.78],[617.54,88.88],[617.54,88.94],[617.55,88.96],[617.58,88.96],[617.74,89.07],[617.89,89.18],[617.87,89.2],[617.36,89.97],[617.34,90],[617.31,90.04],[617.29,90.07],[617.29,90.05],[617.22,90],[616.96,89.56],[616.83,89.53],[616.84,89.51],[616.83,89.5],[616.81,89.47],[616.79,89.46],[616.79,89.45],[616.78,89.44],[616.78,89.41],[616.78,89.4],[616.8,89.37],[616.8,89.36],[616.79,89.29],[616.79,89.27],[616.77,89.23],[616.77,89.21],[616.77,89.19],[616.77,89.13],[616.77,89.12],[616.76,89.1],[616.76,89.09],[616.76,89.08],[616.77,89.06],[616.77,89.05],[616.76,89.02],[616.75,88.99],[616.76,88.96],[616.77,88.91],[616.78,88.9],[616.81,88.86],[616.81,88.85],[616.81,88.85],[616.82,88.84],[616.89,88.74],[616.9,88.73],[616.9,88.72],[616.84,88.67],[616.84,88.67],[616.9,88.56],[616.89,88.55],[616.89,88.53],[616.88,88.53],[616.88,88.53],[616.87,88.53],[616.87,88.55],[616.86,88.55],[616.84,88.55],[616.82,88.56]]]}},{"type":"Feature","id":"35035-74","properties":{"ridingCode":"35035","pollNumber":"74","pollType":"N","advancePollNumber":"610","sourceCode":"74-0","geometryPollNumbers":["74"],"code":"35035-74","resultPollNumbers":["74"],"resultStatus":"exact","result":{"electors":251,"voters":40,"totalVotes":40,"rejected":0,"turnout":15.936254980079681,"winnerId":"jamie-schmale","winnerPartyId":"CPC","runnerUpId":"nell-thomas","runnerUpPartyId":"LIB","margin":47.5,"top":[{"id":"jamie-schmale","name":"Jamie Schmale","shortName":"Schmale","partyId":"CPC","votes":29,"share":72.5},{"id":"nell-thomas","name":"Nell Thomas","shortName":"Thomas","partyId":"LIB","votes":10,"share":25},{"id":"alyea-teel","name":"Alyea Teel","shortName":"Teel","partyId":"NDP","votes":1,"share":2.5},{"id":"michael-penman","name":"Michael Penman","shortName":"Penman","partyId":"PPC","votes":0,"share":0}],"partyVotes":{"LIB":10,"CPC":29,"BQ":0,"NDP":1,"GRN":0,"PPC":0,"OTH":0}}},"geometry":{"type":"Polygon","coordinates":[[[616.59,88.68],[616.54,88.65],[616.53,88.64],[616.52,88.64],[616.51,88.62],[616.52,88.58],[616.52,88.57],[616.54,88.56],[616.55,88.55],[616.54,88.52],[616.53,88.51],[616.54,88.48],[616.55,88.47],[616.56,88.47],[616.56,88.46],[616.57,88.47],[616.58,88.46],[616.58,88.44],[616.58,88.4],[616.59,88.4],[616.62,88.43],[616.63,88.46],[616.65,88.48],[616.64,88.49],[616.67,88.49],[616.69,88.49],[616.7,88.5],[616.72,88.5],[616.72,88.51],[616.72,88.52],[616.72,88.54],[616.74,88.55],[616.75,88.57],[616.76,88.58],[616.76,88.57],[616.78,88.57],[616.78,88.57],[616.79,88.56],[616.79,88.56],[616.8,88.55],[616.82,88.56],[616.84,88.55],[616.86,88.55],[616.87,88.55],[616.87,88.53],[616.88,88.53],[616.88,88.53],[616.89,88.53],[616.89,88.55],[616.9,88.56],[616.84,88.67],[616.84,88.67],[616.9,88.72],[616.9,88.73],[616.89,88.74],[616.82,88.84],[616.81,88.85],[616.81,88.85],[616.8,88.85],[616.79,88.85],[616.69,88.78],[616.67,88.76],[616.63,88.71],[616.62,88.7],[616.59,88.68]]]}},{"type":"Feature","id":"35035-75","properties":{"ridingCode":"35035","pollNumber":"75","pollType":"N","advancePollNumber":"612","sourceCode":"75-0","geometryPollNumbers":["75"],"code":"35035-75","resultPollNumbers":["75"],"resultStatus":"exact","result":{"electors":381,"voters":131,"totalVotes":131,"rejected":0,"turnout":34.38320209973753,"winnerId":"jamie-schmale","winnerPartyId":"CPC","runnerUpId":"nell-thomas","runnerUpPartyId":"LIB","margin":0.7633587786259541,"top":[{"id":"jamie-schmale","name":"Jamie Schmale","shortName":"Schmale","partyId":"CPC","votes":63,"share":48.091603053435115},{"id":"nell-thomas","name":"Nell Thomas","shortName":"Thomas","partyId":"LIB","votes":62,"share":47.32824427480916},{"id":"alyea-teel","name":"Alyea Teel","shortName":"Teel","partyId":"NDP","votes":5,"share":3.816793893129771},{"id":"michael-penman","name":"Michael Penman","shortName":"Penman","partyId":"PPC","votes":1,"share":0.7633587786259541}],"partyVotes":{"LIB":62,"CPC":63,"BQ":0,"NDP":5,"GRN":0,"PPC":1,"OTH":0}}},"geometry":{"type":"Polygon","coordinates":[[[616.8,88.46],[616.78,88.47],[616.76,88.5],[616.75,88.5],[616.74,88.48],[616.74,88.44],[616.74,88.41],[616.73,88.39],[616.72,88.38],[616.77,88.28],[616.79,88.29],[616.8,88.29],[616.8,88.31],[616.78,88.32],[616.76,88.34],[616.76,88.34],[616.76,88.35],[616.81,88.38],[616.82,88.35],[616.84,88.37],[616.86,88.38],[616.99,88.19],[617,88.2],[617.1,88.26],[617.15,88.3],[617.2,88.31],[617.21,88.33],[617.2,88.33],[617.21,88.34],[617.21,88.34],[617.22,88.34],[617.23,88.33],[617.23,88.33],[617.24,88.35],[617.3,88.37],[617.37,88.4],[617.5,88.45],[617.53,88.45],[617.57,88.45],[617.59,88.46],[617.67,88.47],[617.66,88.59],[617.66,88.58],[617.65,88.58],[617.64,88.57],[617.58,88.55],[617.56,88.54],[617.52,88.53],[617.5,88.51],[617.48,88.51],[617.47,88.51],[617.47,88.52],[617.46,88.52],[617.45,88.53],[617.48,88.55],[617.49,88.56],[617.5,88.57],[617.51,88.62],[617.5,88.6],[617.48,88.58],[617.47,88.58],[617.46,88.57],[617.44,88.57],[617.43,88.57],[617.42,88.55],[617.42,88.54],[617.41,88.53],[617.39,88.52],[617.36,88.52],[617.34,88.52],[617.32,88.51],[617.31,88.51],[617.3,88.5],[617.3,88.5],[617.29,88.49],[617.29,88.49],[617.28,88.48],[617.28,88.47],[617.27,88.47],[617.27,88.46],[617.27,88.45],[617.25,88.42],[617.24,88.39],[617.23,88.38],[617.23,88.38],[617.2,88.36],[617.18,88.35],[617.14,88.36],[617.13,88.37],[617.1,88.39],[617.09,88.4],[617.09,88.42],[617.09,88.49],[617.09,88.51],[617.08,88.52],[617.04,88.57],[617,88.54],[617,88.53],[616.99,88.52],[616.99,88.53],[616.99,88.54],[616.98,88.55],[616.98,88.56],[616.97,88.56],[616.94,88.51],[616.91,88.47],[616.88,88.46],[616.84,88.45],[616.8,88.46]]]}},{"type":"Feature","id":"35035-76","properties":{"ridingCode":"35035","pollNumber":"76","pollType":"N","advancePollNumber":"612","sourceCode":"76-0","geometryPollNumbers":["76"],"code":"35035-76","resultPollNumbers":["76"],"resultStatus":"exact","result":{"electors":412,"voters":188,"totalVotes":186,"rejected":2,"turnout":45.63106796116505,"winnerId":"jamie-schmale","winnerPartyId":"CPC","runnerUpId":"nell-thomas","runnerUpPartyId":"LIB","margin":20.43010752688172,"top":[{"id":"jamie-schmale","name":"Jamie Schmale","shortName":"Schmale","partyId":"CPC","votes":106,"share":56.98924731182796},{"id":"nell-thomas","name":"Nell Thomas","shortName":"Thomas","partyId":"LIB","votes":68,"share":36.55913978494624},{"id":"alyea-teel","name":"Alyea Teel","shortName":"Teel","partyId":"NDP","votes":7,"share":3.763440860215054},{"id":"michael-penman","name":"Michael Penman","shortName":"Penman","partyId":"PPC","votes":5,"share":2.6881720430107525}],"partyVotes":{"LIB":68,"CPC":106,"BQ":0,"NDP":7,"GRN":0,"PPC":5,"OTH":0}}},"geometry":{"type":"Polygon","coordinates":[[[617.1,88.18],[617.08,88.18],[617.08,88.12],[617.13,88.06],[617.12,88.04],[617.13,88],[617.12,88],[617.13,87.98],[617.15,87.98],[617.17,87.98],[617.18,88.01],[617.2,88.03],[617.21,88.05],[617.22,88.06],[617.26,88.09],[617.26,88.14],[617.26,88.21],[617.23,88.29],[617.23,88.3],[617.23,88.31],[617.23,88.33],[617.23,88.33],[617.22,88.34],[617.21,88.34],[617.21,88.34],[617.2,88.33],[617.21,88.33],[617.2,88.31],[617.15,88.3],[617.1,88.26],[617.1,88.18]]]}},{"type":"Feature","id":"35035-77","properties":{"ridingCode":"35035","pollNumber":"77","pollType":"N","advancePollNumber":"612","sourceCode":"77-0","geometryPollNumbers":["77"],"code":"35035-77","resultPollNumbers":["77"],"resultStatus":"exact","result":{"electors":389,"voters":164,"totalVotes":162,"rejected":2,"turnout":42.159383033419026,"winnerId":"jamie-schmale","winnerPartyId":"CPC","runnerUpId":"nell-thomas","runnerUpPartyId":"LIB","margin":8.024691358024691,"top":[{"id":"jamie-schmale","name":"Jamie Schmale","shortName":"Schmale","partyId":"CPC","votes":84,"share":51.85185185185185},{"id":"nell-thomas","name":"Nell Thomas","shortName":"Thomas","partyId":"LIB","votes":71,"share":43.82716049382716},{"id":"alyea-teel","name":"Alyea Teel","shortName":"Teel","partyId":"NDP","votes":7,"share":4.320987654320987},{"id":"michael-penman","name":"Michael Penman","shortName":"Penman","partyId":"PPC","votes":0,"share":0}],"partyVotes":{"LIB":71,"CPC":84,"BQ":0,"NDP":7,"GRN":0,"PPC":0,"OTH":0}}},"geometry":{"type":"Polygon","coordinates":[[[616.79,88.29],[616.77,88.28],[616.78,88.26],[616.82,88.17],[616.83,88.11],[616.84,88.07],[616.84,88],[616.84,87.96],[616.84,87.92],[616.86,87.87],[616.9,87.72],[616.93,87.66],[616.87,87.67],[616.88,87.66],[616.88,87.65],[616.89,87.64],[616.9,87.63],[616.9,87.63],[616.9,87.62],[616.92,87.58],[616.91,87.58],[616.9,87.58],[616.89,87.57],[616.91,87.57],[616.93,87.57],[616.94,87.57],[616.94,87.56],[616.94,87.57],[616.98,87.58],[617.02,87.56],[617.06,87.52],[617.09,87.5],[617.12,87.53],[617.14,87.56],[617.14,87.57],[617.14,87.58],[617.14,87.59],[617.14,87.59],[617.19,87.6],[617.19,87.62],[617.2,87.91],[617.18,87.96],[617.17,87.98],[617.18,88.01],[617.2,88.03],[617.18,88.01],[617.17,87.98],[617.15,87.98],[617.13,87.98],[617.12,88],[617.13,88],[617.12,88.04],[617.13,88.06],[617.08,88.12],[617.08,88.18],[617.1,88.18],[617.1,88.26],[617,88.2],[616.99,88.19],[616.86,88.38],[616.84,88.37],[616.82,88.35],[616.81,88.38],[616.76,88.35],[616.76,88.34],[616.76,88.34],[616.78,88.32],[616.8,88.31],[616.8,88.29],[616.79,88.29]]]}},{"type":"Feature","id":"35035-78","properties":{"ridingCode":"35035","pollNumber":"78","pollType":"N","advancePollNumber":"610","sourceCode":"78-0","geometryPollNumbers":["78"],"code":"35035-78","resultPollNumbers":["78"],"resultStatus":"exact","result":{"electors":425,"voters":132,"totalVotes":130,"rejected":2,"turnout":31.058823529411768,"winnerId":"jamie-schmale","winnerPartyId":"CPC","runnerUpId":"nell-thomas","runnerUpPartyId":"LIB","margin":43.07692307692308,"top":[{"id":"jamie-schmale","name":"Jamie Schmale","shortName":"Schmale","partyId":"CPC","votes":90,"share":69.23076923076923},{"id":"nell-thomas","name":"Nell Thomas","shortName":"Thomas","partyId":"LIB","votes":34,"share":26.153846153846157},{"id":"alyea-teel","name":"Alyea Teel","shortName":"Teel","partyId":"NDP","votes":6,"share":4.615384615384616},{"id":"michael-penman","name":"Michael Penman","shortName":"Penman","partyId":"PPC","votes":0,"share":0}],"partyVotes":{"LIB":34,"CPC":90,"BQ":0,"NDP":6,"GRN":0,"PPC":0,"OTH":0}}},"geometry":{"type":"Polygon","coordinates":[[[616.12,88.53],[616.18,88.43],[616.26,88.3],[616.28,88.28],[616.29,88.21],[616.31,88.14],[616.33,88.16],[616.48,88.21],[616.52,88.23],[616.53,88.25],[616.54,88.27],[616.55,88.29],[616.56,88.29],[616.57,88.31],[616.57,88.31],[616.58,88.32],[616.58,88.32],[616.59,88.33],[616.59,88.33],[616.6,88.35],[616.59,88.35],[616.59,88.35],[616.59,88.36],[616.59,88.36],[616.59,88.36],[616.59,88.37],[616.59,88.38],[616.59,88.38],[616.59,88.39],[616.59,88.39],[616.6,88.39],[616.59,88.38],[616.61,88.39],[616.6,88.39],[616.59,88.39],[616.59,88.4],[616.59,88.4],[616.58,88.4],[616.58,88.44],[616.58,88.46],[616.57,88.47],[616.56,88.46],[616.56,88.47],[616.55,88.47],[616.54,88.48],[616.53,88.51],[616.54,88.52],[616.55,88.55],[616.54,88.56],[616.52,88.57],[616.52,88.58],[616.51,88.62],[616.52,88.64],[616.53,88.64],[616.54,88.65],[616.59,88.68],[616.62,88.7],[616.63,88.71],[616.67,88.76],[616.69,88.78],[616.79,88.85],[616.8,88.85],[616.81,88.85],[616.81,88.86],[616.78,88.9],[616.77,88.91],[616.76,88.96],[616.75,88.99],[616.76,89.02],[616.77,89.05],[616.77,89.06],[616.76,89.08],[616.76,89.09],[616.76,89.1],[616.77,89.12],[616.77,89.13],[616.77,89.19],[616.76,89.21],[616.75,89.21],[616.7,89.17],[616.68,89.19],[616.66,89.19],[616.62,89.16],[616.57,89.24],[616.57,89.27],[616.56,89.28],[616.56,89.29],[616.53,89.27],[616.53,89.27],[616.52,89.28],[616.51,89.3],[616.5,89.31],[616.5,89.32],[616.49,89.33],[616.49,89.33],[616.49,89.36],[616.49,89.37],[616.49,89.39],[616.49,89.4],[616.49,89.45],[616.49,89.48],[616.49,89.49],[616.48,89.5],[616.49,89.51],[616.46,89.53],[616.47,89.54],[616.4,89.63],[616.35,89.7],[616.33,89.71],[616.33,89.71],[616.35,89.69],[616.34,89.68],[616.32,89.66],[616.32,89.65],[616.32,89.64],[616.33,89.63],[616.34,89.64],[616.34,89.63],[616.34,89.63],[616.34,89.62],[616.34,89.61],[616.34,89.6],[616.33,89.59],[616.33,89.58],[616.32,89.57],[616.31,89.57],[616.3,89.56],[616.29,89.54],[616.3,89.51],[616.3,89.51],[616.31,89.5],[616.31,89.49],[616.32,89.49],[616.32,89.48],[616.32,89.47],[616.31,89.45],[616.3,89.43],[616.31,89.4],[616.32,89.4],[616.32,89.4],[616.32,89.39],[616.31,89.4],[616.31,89.39],[616.3,89.39],[616.31,89.38],[616.3,89.37],[616.29,89.36],[616.28,89.36],[616.26,89.34],[616.33,89.25],[616.33,89.24],[616.31,89.22],[616.31,89.17],[616.3,89.15],[616.28,89.07],[616.27,89.03],[616.26,89.02],[616.25,89.01],[616.24,88.96],[616.23,88.95],[616.22,88.94],[616.2,88.93],[616.2,88.92],[616.19,88.91],[616.25,88.82],[616.2,88.78],[616.2,88.78],[616.2,88.77],[616.21,88.75],[616.2,88.73],[616.2,88.72],[616.19,88.72],[616.2,88.7],[616.19,88.65],[616.19,88.62],[616.18,88.59],[616.17,88.59],[616.15,88.55],[616.12,88.53],[616.12,88.53]]]}},{"type":"Feature","id":"35035-79","properties":{"ridingCode":"35035","pollNumber":"79","pollType":"N","advancePollNumber":"610","sourceCode":"79-0","geometryPollNumbers":["79"],"code":"35035-79","resultPollNumbers":["79"],"resultStatus":"exact","result":{"electors":293,"voters":104,"totalVotes":104,"rejected":0,"turnout":35.49488054607509,"winnerId":"jamie-schmale","winnerPartyId":"CPC","runnerUpId":"nell-thomas","runnerUpPartyId":"LIB","margin":39.42307692307692,"top":[{"id":"jamie-schmale","name":"Jamie Schmale","shortName":"Schmale","partyId":"CPC","votes":68,"share":65.38461538461539},{"id":"nell-thomas","name":"Nell Thomas","shortName":"Thomas","partyId":"LIB","votes":27,"share":25.961538461538463},{"id":"alyea-teel","name":"Alyea Teel","shortName":"Teel","partyId":"NDP","votes":6,"share":5.769230769230769},{"id":"michael-penman","name":"Michael Penman","shortName":"Penman","partyId":"PPC","votes":3,"share":2.8846153846153846}],"partyVotes":{"LIB":27,"CPC":68,"BQ":0,"NDP":6,"GRN":0,"PPC":3,"OTH":0}}},"geometry":{"type":"Polygon","coordinates":[[[616.02,88.24],[616.01,88.19],[616.08,88.09],[616.07,88.04],[616.07,88.03],[616.1,88.02],[616.12,88.02],[616.15,88.03],[616.2,88.05],[616.25,88.08],[616.29,88.12],[616.31,88.14],[616.29,88.21],[616.28,88.28],[616.26,88.3],[616.18,88.43],[616.02,88.33],[616,88.32],[616.01,88.29],[616.02,88.24]]]}},{"type":"Feature","id":"35035-80","properties":{"ridingCode":"35035","pollNumber":"80","pollType":"N","advancePollNumber":"609","sourceCode":"80-0","geometryPollNumbers":["80"],"code":"35035-80","resultPollNumbers":["80"],"resultStatus":"exact","result":{"electors":408,"voters":146,"totalVotes":145,"rejected":1,"turnout":35.78431372549019,"winnerId":"jamie-schmale","winnerPartyId":"CPC","runnerUpId":"nell-thomas","runnerUpPartyId":"LIB","margin":20,"top":[{"id":"jamie-schmale","name":"Jamie Schmale","shortName":"Schmale","partyId":"CPC","votes":82,"share":56.55172413793104},{"id":"nell-thomas","name":"Nell Thomas","shortName":"Thomas","partyId":"LIB","votes":53,"share":36.55172413793103},{"id":"alyea-teel","name":"Alyea Teel","shortName":"Teel","partyId":"NDP","votes":7,"share":4.827586206896552},{"id":"michael-penman","name":"Michael Penman","shortName":"Penman","partyId":"PPC","votes":3,"share":2.0689655172413794}],"partyVotes":{"LIB":53,"CPC":82,"BQ":0,"NDP":7,"GRN":0,"PPC":3,"OTH":0}}},"geometry":{"type":"Polygon","coordinates":[[[613.33,88.34],[613.58,88.51],[613.6,88.48],[613.63,88.47],[613.64,88.46],[613.65,88.45],[613.65,88.43],[613.66,88.43],[613.66,88.45],[613.66,88.46],[613.82,88.56],[613.82,88.57],[613.84,88.58],[613.91,88.47],[613.98,88.51],[613.98,88.56],[614.01,88.74],[614,89.04],[613.95,89.06],[613.9,89.07],[613.87,89.04],[613.86,88.99],[613.81,88.93],[613.63,88.8],[613.61,88.74],[613.59,88.78],[613.57,88.78],[613.55,88.77],[613.55,88.77],[613.52,88.75],[613.52,88.8],[613.52,88.81],[613.53,88.82],[613.53,88.84],[613.53,88.87],[613.53,88.88],[613.52,88.88],[613.51,88.89],[613.22,88.7],[613.14,88.65],[613.31,88.4],[613.31,88.39],[613.31,88.38],[613.32,88.35],[613.33,88.34]]]}},{"type":"Feature","id":"35035-81","properties":{"ridingCode":"35035","pollNumber":"81","pollType":"N","advancePollNumber":"609","sourceCode":"81-0","geometryPollNumbers":["81"],"code":"35035-81","resultPollNumbers":["81"],"resultStatus":"exact","result":{"electors":345,"voters":137,"totalVotes":137,"rejected":0,"turnout":39.710144927536234,"winnerId":"jamie-schmale","winnerPartyId":"CPC","runnerUpId":"nell-thomas","runnerUpPartyId":"LIB","margin":58.3941605839416,"top":[{"id":"jamie-schmale","name":"Jamie Schmale","shortName":"Schmale","partyId":"CPC","votes":106,"share":77.37226277372264},{"id":"nell-thomas","name":"Nell Thomas","shortName":"Thomas","partyId":"LIB","votes":26,"share":18.97810218978102},{"id":"michael-penman","name":"Michael Penman","shortName":"Penman","partyId":"PPC","votes":3,"share":2.18978102189781},{"id":"alyea-teel","name":"Alyea Teel","shortName":"Teel","partyId":"NDP","votes":2,"share":1.4598540145985401}],"partyVotes":{"LIB":26,"CPC":106,"BQ":0,"NDP":2,"GRN":0,"PPC":3,"OTH":0}}},"geometry":{"type":"Polygon","coordinates":[[[612.44,88.02],[612.63,87.73],[612.74,87.81],[612.74,87.81],[612.71,87.85],[612.71,87.86],[612.82,87.93],[612.69,88.13],[612.8,88.21],[612.88,88.08],[612.9,88.07],[612.92,88.05],[612.95,88.01],[612.96,88],[613.01,87.97],[613.02,87.97],[613.32,87.88],[613.4,87.9],[613.39,87.97],[613.39,88.03],[613.35,88.05],[613.35,88.07],[613.36,88.13],[613.35,88.16],[613.38,88.24],[613.26,88.27],[613.26,88.28],[613.25,88.29],[613.33,88.34],[613.32,88.35],[613.31,88.38],[613.31,88.39],[613.31,88.4],[613.14,88.65],[612.8,88.42],[612.8,88.43],[612.67,88.61],[612.56,88.54],[612.69,88.35],[612.39,88.14],[612.37,88.12],[612.44,88.02]]]}},{"type":"Feature","id":"35035-82","properties":{"ridingCode":"35035","pollNumber":"82","pollType":"N","advancePollNumber":"608","sourceCode":"82-0","geometryPollNumbers":["82"],"code":"35035-82","resultPollNumbers":["82"],"resultStatus":"exact","result":{"electors":386,"voters":129,"totalVotes":129,"rejected":0,"turnout":33.41968911917099,"winnerId":"jamie-schmale","winnerPartyId":"CPC","runnerUpId":"nell-thomas","runnerUpPartyId":"LIB","margin":42.63565891472868,"top":[{"id":"jamie-schmale","name":"Jamie Schmale","shortName":"Schmale","partyId":"CPC","votes":89,"share":68.9922480620155},{"id":"nell-thomas","name":"Nell Thomas","shortName":"Thomas","partyId":"LIB","votes":34,"share":26.356589147286826},{"id":"michael-penman","name":"Michael Penman","shortName":"Penman","partyId":"PPC","votes":4,"share":3.10077519379845},{"id":"alyea-teel","name":"Alyea Teel","shortName":"Teel","partyId":"NDP","votes":2,"share":1.550387596899225}],"partyVotes":{"LIB":34,"CPC":89,"BQ":0,"NDP":2,"GRN":0,"PPC":4,"OTH":0}}},"geometry":{"type":"Polygon","coordinates":[[[613.26,88.27],[613.38,88.24],[613.35,88.16],[613.36,88.13],[613.35,88.07],[613.35,88.05],[613.39,88.03],[613.39,87.97],[613.4,87.9],[613.4,87.88],[613.4,87.82],[613.41,87.77],[613.43,87.75],[613.43,87.75],[613.42,87.63],[613.46,87.46],[613.55,87.38],[613.64,87.44],[613.67,87.44],[613.67,87.44],[613.69,87.45],[613.7,87.46],[613.71,87.46],[613.71,87.46],[613.71,87.46],[613.71,87.46],[613.72,87.47],[613.73,87.47],[613.73,87.48],[613.75,87.49],[613.75,87.5],[613.74,87.51],[613.75,87.52],[613.81,87.56],[613.75,87.66],[613.75,87.69],[613.74,87.72],[613.75,87.94],[613.75,87.97],[613.74,87.99],[613.72,88],[613.65,88.03],[613.62,88.06],[613.62,88.11],[613.59,88.15],[613.59,88.17],[613.6,88.21],[613.62,88.29],[613.62,88.3],[613.62,88.32],[613.63,88.33],[613.64,88.33],[613.66,88.33],[613.67,88.33],[613.69,88.33],[613.66,88.41],[613.65,88.43],[613.65,88.45],[613.64,88.46],[613.63,88.47],[613.6,88.48],[613.58,88.51],[613.33,88.34],[613.25,88.29],[613.26,88.28],[613.26,88.27]]]}},{"type":"Feature","id":"35035-83","properties":{"ridingCode":"35035","pollNumber":"83","pollType":"N","advancePollNumber":"608","sourceCode":"83-0","geometryPollNumbers":["83"],"code":"35035-83","resultPollNumbers":["83"],"resultStatus":"exact","result":{"electors":403,"voters":164,"totalVotes":164,"rejected":0,"turnout":40.69478908188586,"winnerId":"jamie-schmale","winnerPartyId":"CPC","runnerUpId":"nell-thomas","runnerUpPartyId":"LIB","margin":5.487804878048781,"top":[{"id":"jamie-schmale","name":"Jamie Schmale","shortName":"Schmale","partyId":"CPC","votes":83,"share":50.609756097560975},{"id":"nell-thomas","name":"Nell Thomas","shortName":"Thomas","partyId":"LIB","votes":74,"share":45.1219512195122},{"id":"alyea-teel","name":"Alyea Teel","shortName":"Teel","partyId":"NDP","votes":6,"share":3.6585365853658534},{"id":"michael-penman","name":"Michael Penman","shortName":"Penman","partyId":"PPC","votes":1,"share":0.6097560975609756}],"partyVotes":{"LIB":74,"CPC":83,"BQ":0,"NDP":6,"GRN":0,"PPC":1,"OTH":0}}},"geometry":{"type":"Polygon","coordinates":[[[613.59,88.15],[613.62,88.11],[613.62,88.06],[613.65,88.03],[613.72,88],[613.74,87.99],[613.75,87.97],[613.75,87.94],[613.74,87.72],[613.75,87.69],[613.75,87.66],[613.81,87.56],[613.86,87.6],[613.87,87.61],[613.89,87.62],[614.07,87.75],[614.12,87.78],[614.15,87.8],[614.15,87.8],[614.15,87.81],[614.14,87.83],[614.15,87.85],[614.17,87.87],[614.18,87.87],[614.18,87.88],[614.2,87.85],[614.2,87.85],[614.2,87.84],[614.21,87.83],[614.21,87.82],[614.22,87.8],[614.22,87.8],[614.23,87.81],[614.26,87.83],[614.25,87.84],[614.25,87.85],[614.25,87.94],[614.25,87.96],[614.24,87.97],[614.2,88.03],[614.05,87.93],[614.01,87.98],[613.97,88.04],[614.12,88.14],[613.98,88.36],[613.74,88.2],[613.69,88.33],[613.67,88.33],[613.66,88.33],[613.64,88.33],[613.63,88.33],[613.62,88.32],[613.62,88.3],[613.62,88.29],[613.6,88.21],[613.59,88.17],[613.59,88.15]]]}},{"type":"Feature","id":"35035-84","properties":{"ridingCode":"35035","pollNumber":"84","pollType":"N","advancePollNumber":"607","sourceCode":"84-0","geometryPollNumbers":["84"],"code":"35035-84","resultPollNumbers":["84"],"resultStatus":"exact","result":{"electors":374,"voters":135,"totalVotes":134,"rejected":1,"turnout":36.096256684491976,"winnerId":"jamie-schmale","winnerPartyId":"CPC","runnerUpId":"nell-thomas","runnerUpPartyId":"LIB","margin":44.02985074626866,"top":[{"id":"jamie-schmale","name":"Jamie Schmale","shortName":"Schmale","partyId":"CPC","votes":90,"share":67.16417910447761},{"id":"nell-thomas","name":"Nell Thomas","shortName":"Thomas","partyId":"LIB","votes":31,"share":23.134328358208954},{"id":"michael-penman","name":"Michael Penman","shortName":"Penman","partyId":"PPC","votes":7,"share":5.223880597014925},{"id":"alyea-teel","name":"Alyea Teel","shortName":"Teel","partyId":"NDP","votes":6,"share":4.477611940298507}],"partyVotes":{"LIB":31,"CPC":90,"BQ":0,"NDP":6,"GRN":0,"PPC":7,"OTH":0}}},"geometry":{"type":"Polygon","coordinates":[[[611.25,88.08],[611.27,88.09],[611.31,88.05],[611.32,87.98],[611.32,87.97],[611.37,87.97],[611.38,87.98],[611.41,87.97],[611.41,87.92],[611.39,87.88],[611.39,87.86],[611.4,87.84],[611.4,87.81],[611.4,87.79],[611.4,87.77],[611.4,87.76],[611.4,87.74],[611.4,87.71],[611.42,87.67],[611.42,87.66],[611.42,87.65],[611.44,87.64],[611.45,87.64],[611.56,87.48],[611.63,87.42],[611.68,87.38],[611.7,87.38],[611.71,87.38],[611.87,87.39],[611.91,87.39],[611.92,87.39],[611.93,87.38],[611.95,87.36],[611.96,87.35],[611.96,87.34],[612.01,87.24],[612.07,87.14],[612.07,87.14],[612.03,87.11],[612.03,87.08],[612.05,87.06],[612.24,87.17],[612.5,87.36],[612.52,87.37],[612.51,87.38],[612.53,87.37],[612.56,87.4],[612.4,87.64],[612.51,87.72],[612.49,87.75],[612.45,87.79],[612.34,87.96],[612.44,88.02],[612.37,88.12],[612.2,88.37],[612.04,88.62],[612.02,88.63],[611.99,88.66],[611.98,88.67],[611.93,88.74],[611.92,88.75],[611.91,88.76],[611.89,88.77],[611.89,88.79],[611.89,88.81],[611.89,88.82],[611.84,88.89],[611.77,88.81],[611.76,88.8],[611.76,88.79],[611.77,88.74],[611.76,88.72],[611.76,88.71],[611.71,88.66],[611.7,88.65],[611.7,88.65],[611.65,88.63],[611.62,88.63],[611.6,88.64],[611.54,88.64],[611.52,88.64],[611.44,88.66],[611.43,88.65],[611.42,88.6],[611.43,88.59],[611.46,88.56],[611.23,88.4],[611.29,88.33],[611.3,88.32],[611.14,88.21],[611.18,88.09],[611.22,88.05],[611.25,88.08]]]}},{"type":"Feature","id":"35035-85","properties":{"ridingCode":"35035","pollNumber":"85","pollType":"N","advancePollNumber":"607","sourceCode":"85-0","geometryPollNumbers":["85"],"code":"35035-85","resultPollNumbers":["85"],"resultStatus":"exact","result":{"electors":397,"voters":181,"totalVotes":179,"rejected":2,"turnout":45.5919395465995,"winnerId":"jamie-schmale","winnerPartyId":"CPC","runnerUpId":"nell-thomas","runnerUpPartyId":"LIB","margin":23.463687150837988,"top":[{"id":"jamie-schmale","name":"Jamie Schmale","shortName":"Schmale","partyId":"CPC","votes":107,"share":59.77653631284916},{"id":"nell-thomas","name":"Nell Thomas","shortName":"Thomas","partyId":"LIB","votes":65,"share":36.312849162011176},{"id":"alyea-teel","name":"Alyea Teel","shortName":"Teel","partyId":"NDP","votes":5,"share":2.793296089385475},{"id":"michael-penman","name":"Michael Penman","shortName":"Penman","partyId":"PPC","votes":2,"share":1.1173184357541899}],"partyVotes":{"LIB":65,"CPC":107,"BQ":0,"NDP":5,"GRN":0,"PPC":2,"OTH":0}}},"geometry":{"type":"Polygon","coordinates":[[[610.99,87.89],[611.06,87.78],[611.22,87.54],[611.37,87.3],[611.37,87.29],[611.43,87.21],[611.58,86.98],[611.68,86.83],[611.68,86.83],[611.77,86.88],[611.9,86.97],[611.9,86.97],[611.81,87.09],[611.81,87.1],[612.01,87.24],[611.96,87.34],[611.96,87.35],[611.95,87.36],[611.93,87.38],[611.92,87.39],[611.91,87.39],[611.87,87.39],[611.71,87.38],[611.7,87.38],[611.68,87.38],[611.63,87.42],[611.56,87.48],[611.45,87.64],[611.44,87.64],[611.42,87.65],[611.42,87.66],[611.42,87.67],[611.4,87.71],[611.4,87.74],[611.4,87.76],[611.4,87.77],[611.4,87.79],[611.4,87.81],[611.4,87.84],[611.39,87.86],[611.39,87.88],[611.41,87.92],[611.41,87.97],[611.38,87.98],[611.37,87.97],[611.32,87.97],[611.32,87.98],[611.31,88.05],[611.27,88.09],[611.25,88.08],[611.22,88.05],[611.19,87.98],[611.12,87.98],[611.11,87.98],[611.11,87.97],[611.11,87.96],[611.1,87.95],[611.09,87.96],[610.99,87.89]]]}},{"type":"Feature","id":"35035-86","properties":{"ridingCode":"35035","pollNumber":"86","pollType":"N","advancePollNumber":"614","sourceCode":"86-0","geometryPollNumbers":["86"],"code":"35035-86","resultPollNumbers":["86"],"resultStatus":"exact","result":{"electors":410,"voters":164,"totalVotes":164,"rejected":0,"turnout":40,"winnerId":"jamie-schmale","winnerPartyId":"CPC","runnerUpId":"nell-thomas","runnerUpPartyId":"LIB","margin":54.268292682926834,"top":[{"id":"jamie-schmale","name":"Jamie Schmale","shortName":"Schmale","partyId":"CPC","votes":121,"share":73.78048780487805},{"id":"nell-thomas","name":"Nell Thomas","shortName":"Thomas","partyId":"LIB","votes":32,"share":19.51219512195122},{"id":"alyea-teel","name":"Alyea Teel","shortName":"Teel","partyId":"NDP","votes":9,"share":5.487804878048781},{"id":"michael-penman","name":"Michael Penman","shortName":"Penman","partyId":"PPC","votes":2,"share":1.2195121951219512}],"partyVotes":{"LIB":32,"CPC":121,"BQ":0,"NDP":9,"GRN":0,"PPC":2,"OTH":0}}},"geometry":{"type":"Polygon","coordinates":[[[614.95,88.4],[614.72,88.24],[614.81,88.12],[614.94,87.94],[615,87.97],[615,87.98],[615.01,87.97],[615.03,87.94],[615.04,87.94],[615.1,87.98],[615.37,87.58],[615.35,87.57],[615.36,87.57],[615.35,87.56],[615.36,87.54],[615.36,87.54],[615.37,87.54],[615.38,87.53],[615.4,87.53],[615.4,87.54],[615.42,87.51],[615.43,87.52],[615.45,87.52],[615.47,87.52],[615.48,87.53],[615.5,87.52],[615.51,87.53],[615.51,87.53],[615.52,87.54],[615.53,87.54],[615.53,87.55],[615.54,87.56],[615.49,87.64],[615.6,87.72],[615.69,87.74],[615.74,87.76],[615.7,87.81],[615.7,87.81],[615.59,87.95],[615.63,87.98],[615.65,87.99],[615.7,88.02],[615.49,88.33],[615.37,88.51],[615.3,88.61],[615.25,88.57],[615.22,88.56],[615.09,88.46],[614.95,88.4]]]}},{"type":"Feature","id":"35035-87","properties":{"ridingCode":"35035","pollNumber":"87","pollType":"N","advancePollNumber":"614","sourceCode":"87-0","geometryPollNumbers":["87"],"code":"35035-87","resultPollNumbers":["87"],"resultStatus":"exact","result":{"electors":394,"voters":143,"totalVotes":143,"rejected":0,"turnout":36.29441624365482,"winnerId":"jamie-schmale","winnerPartyId":"CPC","runnerUpId":"nell-thomas","runnerUpPartyId":"LIB","margin":4.895104895104895,"top":[{"id":"jamie-schmale","name":"Jamie Schmale","shortName":"Schmale","partyId":"CPC","votes":72,"share":50.349650349650354},{"id":"nell-thomas","name":"Nell Thomas","shortName":"Thomas","partyId":"LIB","votes":65,"share":45.45454545454545},{"id":"alyea-teel","name":"Alyea Teel","shortName":"Teel","partyId":"NDP","votes":4,"share":2.797202797202797},{"id":"michael-penman","name":"Michael Penman","shortName":"Penman","partyId":"PPC","votes":2,"share":1.3986013986013985}],"partyVotes":{"LIB":65,"CPC":72,"BQ":0,"NDP":4,"GRN":0,"PPC":2,"OTH":0}}},"geometry":{"type":"Polygon","coordinates":[[[615.59,87.95],[615.7,87.81],[615.7,87.81],[615.74,87.76],[615.77,87.79],[615.78,87.79],[615.78,87.79],[615.77,87.81],[615.82,87.85],[615.82,87.84],[615.82,87.88],[615.81,87.86],[615.7,88.02],[615.65,87.99],[615.63,87.98],[615.59,87.95]]]}},{"type":"Feature","id":"35035-88","properties":{"ridingCode":"35035","pollNumber":"88","pollType":"N","advancePollNumber":"614","sourceCode":"88-0","geometryPollNumbers":["88"],"code":"35035-88","resultPollNumbers":["88"],"resultStatus":"exact","result":{"electors":447,"voters":136,"totalVotes":134,"rejected":2,"turnout":30.42505592841163,"winnerId":"jamie-schmale","winnerPartyId":"CPC","runnerUpId":"nell-thomas","runnerUpPartyId":"LIB","margin":38.059701492537314,"top":[{"id":"jamie-schmale","name":"Jamie Schmale","shortName":"Schmale","partyId":"CPC","votes":85,"share":63.43283582089553},{"id":"nell-thomas","name":"Nell Thomas","shortName":"Thomas","partyId":"LIB","votes":34,"share":25.37313432835821},{"id":"alyea-teel","name":"Alyea Teel","shortName":"Teel","partyId":"NDP","votes":8,"share":5.970149253731343},{"id":"michael-penman","name":"Michael Penman","shortName":"Penman","partyId":"PPC","votes":7,"share":5.223880597014925}],"partyVotes":{"LIB":34,"CPC":85,"BQ":0,"NDP":8,"GRN":0,"PPC":7,"OTH":0}}},"geometry":{"type":"Polygon","coordinates":[[[615.78,87.79],[615.78,87.79],[615.78,87.78],[615.79,87.78],[615.81,87.79],[615.81,87.76],[615.84,87.77],[615.84,87.78],[615.85,87.79],[615.82,87.84],[615.82,87.85],[615.77,87.81],[615.78,87.79]]]}},{"type":"Feature","id":"35035-89","properties":{"ridingCode":"35035","pollNumber":"89","pollType":"N","advancePollNumber":"614","sourceCode":"89-0","geometryPollNumbers":["89"],"code":"35035-89","resultPollNumbers":["89"],"resultStatus":"exact","result":{"electors":460,"voters":177,"totalVotes":177,"rejected":0,"turnout":38.47826086956522,"winnerId":"jamie-schmale","winnerPartyId":"CPC","runnerUpId":"nell-thomas","runnerUpPartyId":"LIB","margin":7.909604519774012,"top":[{"id":"jamie-schmale","name":"Jamie Schmale","shortName":"Schmale","partyId":"CPC","votes":90,"share":50.847457627118644},{"id":"nell-thomas","name":"Nell Thomas","shortName":"Thomas","partyId":"LIB","votes":76,"share":42.93785310734463},{"id":"alyea-teel","name":"Alyea Teel","shortName":"Teel","partyId":"NDP","votes":9,"share":5.084745762711865},{"id":"michael-penman","name":"Michael Penman","shortName":"Penman","partyId":"PPC","votes":2,"share":1.1299435028248588}],"partyVotes":{"LIB":76,"CPC":90,"BQ":0,"NDP":9,"GRN":0,"PPC":2,"OTH":0}}},"geometry":{"type":"Polygon","coordinates":[[[615.62,87.68],[615.68,87.61],[615.68,87.6],[615.69,87.6],[615.68,87.61],[615.68,87.61],[615.68,87.61],[615.68,87.62],[615.68,87.62],[615.69,87.63],[615.71,87.67],[615.72,87.67],[615.72,87.67],[615.73,87.67],[615.74,87.67],[615.74,87.67],[615.75,87.67],[615.76,87.69],[615.77,87.68],[615.77,87.68],[615.77,87.68],[615.78,87.68],[615.78,87.69],[615.79,87.69],[615.79,87.7],[615.79,87.7],[615.79,87.7],[615.79,87.7],[615.79,87.69],[615.8,87.7],[615.8,87.7],[615.8,87.71],[615.81,87.71],[615.81,87.72],[615.81,87.72],[615.83,87.74],[615.83,87.74],[615.82,87.74],[615.81,87.76],[615.81,87.79],[615.79,87.78],[615.78,87.78],[615.78,87.79],[615.77,87.79],[615.74,87.76],[615.69,87.74],[615.7,87.73],[615.62,87.68]],[[615.75,87.73],[615.75,87.73],[615.75,87.73],[615.75,87.73]]]}},{"type":"Feature","id":"35035-90","properties":{"ridingCode":"35035","pollNumber":"90","pollType":"N","advancePollNumber":"614","sourceCode":"90-0","geometryPollNumbers":["90"],"code":"35035-90","resultPollNumbers":["90"],"resultStatus":"exact","result":{"electors":371,"voters":132,"totalVotes":130,"rejected":2,"turnout":35.57951482479784,"winnerId":"jamie-schmale","winnerPartyId":"CPC","runnerUpId":"nell-thomas","runnerUpPartyId":"LIB","margin":31.538461538461537,"top":[{"id":"jamie-schmale","name":"Jamie Schmale","shortName":"Schmale","partyId":"CPC","votes":81,"share":62.30769230769231},{"id":"nell-thomas","name":"Nell Thomas","shortName":"Thomas","partyId":"LIB","votes":40,"share":30.76923076923077},{"id":"alyea-teel","name":"Alyea Teel","shortName":"Teel","partyId":"NDP","votes":7,"share":5.384615384615385},{"id":"michael-penman","name":"Michael Penman","shortName":"Penman","partyId":"PPC","votes":2,"share":1.5384615384615385}],"partyVotes":{"LIB":40,"CPC":81,"BQ":0,"NDP":7,"GRN":0,"PPC":2,"OTH":0}}},"geometry":{"type":"Polygon","coordinates":[[[615.35,87.57],[615.18,87.45],[615.17,87.45],[615.15,87.45],[615.15,87.43],[615.23,87.32],[615.23,87.33],[615.24,87.33],[615.33,87.21],[615.4,87.3],[615.46,87.4],[615.48,87.42],[615.51,87.47],[615.56,87.49],[615.61,87.5],[615.66,87.51],[615.69,87.54],[615.74,87.67],[615.74,87.67],[615.73,87.67],[615.72,87.67],[615.72,87.67],[615.71,87.67],[615.69,87.63],[615.68,87.62],[615.68,87.62],[615.68,87.61],[615.68,87.61],[615.68,87.61],[615.69,87.6],[615.68,87.6],[615.68,87.61],[615.62,87.68],[615.7,87.73],[615.69,87.74],[615.6,87.72],[615.49,87.64],[615.54,87.56],[615.53,87.55],[615.53,87.54],[615.52,87.54],[615.51,87.53],[615.51,87.53],[615.5,87.52],[615.48,87.53],[615.47,87.52],[615.45,87.52],[615.43,87.52],[615.42,87.51],[615.4,87.54],[615.4,87.53],[615.38,87.53],[615.37,87.54],[615.36,87.54],[615.36,87.54],[615.35,87.56],[615.36,87.57],[615.35,87.57]]]}},{"type":"Feature","id":"35035-91","properties":{"ridingCode":"35035","pollNumber":"91","pollType":"N","advancePollNumber":"612","sourceCode":"91-0","geometryPollNumbers":["91"],"code":"35035-91","resultPollNumbers":["91"],"resultStatus":"exact","result":{"electors":312,"voters":141,"totalVotes":141,"rejected":0,"turnout":45.19230769230769,"winnerId":"jamie-schmale","winnerPartyId":"CPC","runnerUpId":"nell-thomas","runnerUpPartyId":"LIB","margin":12.056737588652481,"top":[{"id":"jamie-schmale","name":"Jamie Schmale","shortName":"Schmale","partyId":"CPC","votes":74,"share":52.4822695035461},{"id":"nell-thomas","name":"Nell Thomas","shortName":"Thomas","partyId":"LIB","votes":57,"share":40.42553191489361},{"id":"alyea-teel","name":"Alyea Teel","shortName":"Teel","partyId":"NDP","votes":7,"share":4.964539007092199},{"id":"michael-penman","name":"Michael Penman","shortName":"Penman","partyId":"PPC","votes":3,"share":2.127659574468085}],"partyVotes":{"LIB":57,"CPC":74,"BQ":0,"NDP":7,"GRN":0,"PPC":3,"OTH":0}}},"geometry":{"type":"Polygon","coordinates":[[[616.32,87.94],[616.33,87.94],[616.35,87.94],[616.36,87.94],[616.39,87.88],[616.4,87.88],[616.5,87.95],[616.55,87.88],[616.56,87.88],[616.57,87.88],[616.59,87.85],[616.63,87.88],[616.65,87.88],[616.75,87.94],[616.75,87.94],[616.76,87.94],[616.77,87.95],[616.78,87.98],[616.78,87.99],[616.79,88.02],[616.68,88.17],[616.68,88.18],[616.68,88.19],[616.68,88.2],[616.7,88.22],[616.72,88.24],[616.73,88.25],[616.73,88.25],[616.74,88.25],[616.74,88.25],[616.74,88.25],[616.74,88.26],[616.74,88.26],[616.75,88.26],[616.75,88.27],[616.76,88.28],[616.77,88.28],[616.77,88.27],[616.77,88.28],[616.72,88.38],[616.71,88.37],[616.68,88.38],[616.64,88.37],[616.63,88.37],[616.61,88.35],[616.61,88.34],[616.61,88.33],[616.6,88.33],[616.59,88.32],[616.53,88.25],[616.52,88.23],[616.48,88.21],[616.33,88.16],[616.31,88.14],[616.29,88.12],[616.25,88.08],[616.2,88.05],[616.15,88.03],[616.12,88.02],[616.1,88.02],[616.07,88.03],[615.99,87.8],[616.1,87.64],[616.16,87.5],[616.19,87.43],[616.27,87.46],[616.32,87.47],[616.34,87.49],[616.32,87.51],[616.32,87.52],[616.32,87.54],[616.31,87.55],[616.3,87.58],[616.29,87.6],[616.3,87.62],[616.3,87.63],[616.3,87.65],[616.31,87.67],[616.3,87.68],[616.31,87.69],[616.35,87.72],[616.32,87.76],[616.33,87.79],[616.35,87.79],[616.36,87.8],[616.36,87.81],[616.35,87.82],[616.35,87.83],[616.35,87.84],[616.32,87.9],[616.31,87.91],[616.32,87.94]]]}},{"type":"Feature","id":"35035-92","properties":{"ridingCode":"35035","pollNumber":"92","pollType":"N","advancePollNumber":"612","sourceCode":"92-0","geometryPollNumbers":["92"],"code":"35035-92","resultPollNumbers":["92"],"resultStatus":"exact","result":{"electors":359,"voters":136,"totalVotes":134,"rejected":2,"turnout":37.88300835654596,"winnerId":"jamie-schmale","winnerPartyId":"CPC","runnerUpId":"nell-thomas","runnerUpPartyId":"LIB","margin":21.641791044776117,"top":[{"id":"jamie-schmale","name":"Jamie Schmale","shortName":"Schmale","partyId":"CPC","votes":79,"share":58.95522388059702},{"id":"nell-thomas","name":"Nell Thomas","shortName":"Thomas","partyId":"LIB","votes":50,"share":37.3134328358209},{"id":"alyea-teel","name":"Alyea Teel","shortName":"Teel","partyId":"NDP","votes":5,"share":3.731343283582089},{"id":"michael-penman","name":"Michael Penman","shortName":"Penman","partyId":"PPC","votes":0,"share":0}],"partyVotes":{"LIB":50,"CPC":79,"BQ":0,"NDP":5,"GRN":0,"PPC":0,"OTH":0}}},"geometry":{"type":"Polygon","coordinates":[[[616.34,87.49],[616.32,87.47],[616.27,87.46],[616.19,87.43],[616.2,87.39],[616.23,87.36],[616.26,87.32],[616.32,87.29],[616.39,87.24],[616.41,87.2],[616.44,87.17],[616.45,87.13],[616.52,87.22],[616.62,87.29],[616.64,87.29],[616.69,87.27],[616.72,87.33],[616.73,87.39],[616.73,87.41],[616.58,87.62],[616.57,87.63],[616.57,87.64],[616.58,87.65],[616.62,87.67],[616.64,87.68],[616.69,87.71],[616.73,87.73],[616.78,87.78],[616.84,87.69],[616.86,87.68],[616.87,87.67],[616.93,87.66],[616.9,87.72],[616.86,87.87],[616.84,87.92],[616.84,87.96],[616.84,88],[616.84,88.07],[616.83,88.11],[616.82,88.17],[616.78,88.26],[616.77,88.28],[616.77,88.27],[616.77,88.28],[616.76,88.28],[616.75,88.27],[616.75,88.26],[616.74,88.26],[616.74,88.26],[616.74,88.25],[616.74,88.25],[616.74,88.25],[616.73,88.25],[616.73,88.25],[616.72,88.24],[616.7,88.22],[616.68,88.2],[616.68,88.19],[616.68,88.18],[616.68,88.17],[616.79,88.02],[616.78,87.99],[616.78,87.98],[616.77,87.95],[616.76,87.94],[616.75,87.94],[616.75,87.94],[616.65,87.88],[616.63,87.88],[616.59,87.85],[616.57,87.88],[616.56,87.88],[616.55,87.88],[616.5,87.95],[616.4,87.88],[616.39,87.88],[616.36,87.94],[616.35,87.94],[616.33,87.94],[616.32,87.94],[616.31,87.91],[616.32,87.9],[616.35,87.84],[616.35,87.83],[616.35,87.82],[616.36,87.81],[616.36,87.8],[616.35,87.79],[616.33,87.79],[616.32,87.76],[616.35,87.72],[616.31,87.69],[616.3,87.68],[616.31,87.67],[616.3,87.65],[616.3,87.63],[616.3,87.62],[616.29,87.6],[616.3,87.58],[616.31,87.55],[616.32,87.54],[616.32,87.52],[616.32,87.51],[616.34,87.49]]]}},{"type":"Feature","id":"35035-93","properties":{"ridingCode":"35035","pollNumber":"93","pollType":"N","advancePollNumber":"612","sourceCode":"93-0","geometryPollNumbers":["93"],"code":"35035-93","resultPollNumbers":["93"],"resultStatus":"exact","result":{"electors":390,"voters":120,"totalVotes":119,"rejected":1,"turnout":30.76923076923077,"winnerId":"jamie-schmale","winnerPartyId":"CPC","runnerUpId":"nell-thomas","runnerUpPartyId":"LIB","margin":24.369747899159663,"top":[{"id":"jamie-schmale","name":"Jamie Schmale","shortName":"Schmale","partyId":"CPC","votes":72,"share":60.50420168067227},{"id":"nell-thomas","name":"Nell Thomas","shortName":"Thomas","partyId":"LIB","votes":43,"share":36.134453781512605},{"id":"michael-penman","name":"Michael Penman","shortName":"Penman","partyId":"PPC","votes":2,"share":1.680672268907563},{"id":"alyea-teel","name":"Alyea Teel","shortName":"Teel","partyId":"NDP","votes":2,"share":1.680672268907563}],"partyVotes":{"LIB":43,"CPC":72,"BQ":0,"NDP":2,"GRN":0,"PPC":2,"OTH":0}}},"geometry":{"type":"Polygon","coordinates":[[[616.69,87.27],[616.75,87.24],[616.86,87.24],[616.93,87.28],[616.97,87.33],[617,87.38],[617.01,87.43],[617.02,87.44],[617.03,87.45],[617.09,87.5],[617.06,87.52],[617.02,87.56],[616.98,87.58],[616.94,87.57],[616.94,87.56],[616.94,87.57],[616.93,87.57],[616.91,87.57],[616.89,87.57],[616.9,87.58],[616.91,87.58],[616.92,87.58],[616.9,87.62],[616.9,87.63],[616.9,87.63],[616.89,87.64],[616.88,87.65],[616.88,87.66],[616.87,87.67],[616.86,87.68],[616.84,87.69],[616.78,87.78],[616.73,87.73],[616.69,87.71],[616.64,87.68],[616.62,87.67],[616.58,87.65],[616.57,87.64],[616.57,87.63],[616.58,87.62],[616.73,87.41],[616.73,87.39],[616.72,87.33],[616.69,87.27]]]}},{"type":"Feature","id":"35035-94","properties":{"ridingCode":"35035","pollNumber":"94","pollType":"N","advancePollNumber":"615","sourceCode":"94-0","geometryPollNumbers":["94"],"code":"35035-94","resultPollNumbers":["94"],"resultStatus":"exact","result":{"electors":328,"voters":128,"totalVotes":128,"rejected":0,"turnout":39.02439024390244,"winnerId":"jamie-schmale","winnerPartyId":"CPC","runnerUpId":"nell-thomas","runnerUpPartyId":"LIB","margin":52.34375,"top":[{"id":"jamie-schmale","name":"Jamie Schmale","shortName":"Schmale","partyId":"CPC","votes":92,"share":71.875},{"id":"nell-thomas","name":"Nell Thomas","shortName":"Thomas","partyId":"LIB","votes":25,"share":19.53125},{"id":"michael-penman","name":"Michael Penman","shortName":"Penman","partyId":"PPC","votes":7,"share":5.46875},{"id":"alyea-teel","name":"Alyea Teel","shortName":"Teel","partyId":"NDP","votes":4,"share":3.125}],"partyVotes":{"LIB":25,"CPC":92,"BQ":0,"NDP":4,"GRN":0,"PPC":7,"OTH":0}}},"geometry":{"type":"Polygon","coordinates":[[[614.37,87.89],[614.26,87.82],[614.35,87.69],[614.4,87.61],[614.51,87.45],[614.52,87.43],[614.52,87.43],[614.52,87.43],[614.53,87.43],[614.54,87.41],[614.55,87.41],[614.56,87.4],[614.57,87.4],[614.57,87.41],[614.64,87.44],[614.65,87.44],[614.68,87.44],[614.73,87.44],[614.74,87.44],[614.75,87.44],[614.78,87.46],[614.8,87.47],[614.85,87.48],[614.86,87.49],[614.9,87.52],[614.92,87.52],[614.93,87.52],[614.63,87.96],[614.59,87.99],[614.52,88.1],[614.42,88.03],[614.42,88.03],[614.4,88.03],[614.4,88.02],[614.4,88.01],[614.35,87.96],[614.35,87.95],[614.34,87.94],[614.35,87.93],[614.37,87.89]]]}},{"type":"Feature","id":"35035-95","properties":{"ridingCode":"35035","pollNumber":"95","pollType":"N","advancePollNumber":"615","sourceCode":"95-0","geometryPollNumbers":["95"],"code":"35035-95","resultPollNumbers":["95"],"resultStatus":"exact","result":{"electors":356,"voters":124,"totalVotes":123,"rejected":1,"turnout":34.831460674157306,"winnerId":"jamie-schmale","winnerPartyId":"CPC","runnerUpId":"nell-thomas","runnerUpPartyId":"LIB","margin":39.02439024390244,"top":[{"id":"jamie-schmale","name":"Jamie Schmale","shortName":"Schmale","partyId":"CPC","votes":83,"share":67.47967479674797},{"id":"nell-thomas","name":"Nell Thomas","shortName":"Thomas","partyId":"LIB","votes":35,"share":28.455284552845526},{"id":"alyea-teel","name":"Alyea Teel","shortName":"Teel","partyId":"NDP","votes":4,"share":3.2520325203252036},{"id":"michael-penman","name":"Michael Penman","shortName":"Penman","partyId":"PPC","votes":1,"share":0.8130081300813009}],"partyVotes":{"LIB":35,"CPC":83,"BQ":0,"NDP":4,"GRN":0,"PPC":1,"OTH":0}}},"geometry":{"type":"Polygon","coordinates":[[[614.7,88.22],[614.52,88.1],[614.59,87.99],[614.63,87.96],[614.93,87.52],[614.92,87.52],[614.9,87.52],[614.86,87.49],[614.85,87.48],[614.8,87.47],[614.78,87.46],[614.75,87.44],[614.74,87.44],[614.73,87.44],[614.68,87.44],[614.69,87.43],[614.76,87.33],[614.91,87.12],[614.93,87.14],[614.97,87.16],[615,87.18],[615,87.18],[615,87.2],[615.01,87.21],[615.07,87.31],[615.07,87.31],[615.06,87.33],[615.06,87.33],[615.1,87.36],[615.11,87.36],[615.12,87.36],[615.13,87.37],[615.13,87.38],[615.14,87.39],[615.14,87.42],[615.15,87.43],[615.15,87.45],[615.17,87.45],[615.18,87.45],[615.35,87.57],[615.37,87.58],[615.1,87.98],[615.04,87.94],[615.03,87.94],[615.01,87.97],[615,87.98],[615,87.97],[614.94,87.94],[614.81,88.12],[614.72,88.24],[614.7,88.22]]]}},{"type":"Feature","id":"35035-96","properties":{"ridingCode":"35035","pollNumber":"96","pollType":"N","advancePollNumber":"615","sourceCode":"96-0","geometryPollNumbers":["96"],"code":"35035-96","resultPollNumbers":["96"],"resultStatus":"exact","result":{"electors":340,"voters":117,"totalVotes":117,"rejected":0,"turnout":34.411764705882355,"winnerId":"jamie-schmale","winnerPartyId":"CPC","runnerUpId":"nell-thomas","runnerUpPartyId":"LIB","margin":11.11111111111111,"top":[{"id":"jamie-schmale","name":"Jamie Schmale","shortName":"Schmale","partyId":"CPC","votes":64,"share":54.700854700854705},{"id":"nell-thomas","name":"Nell Thomas","shortName":"Thomas","partyId":"LIB","votes":51,"share":43.58974358974359},{"id":"alyea-teel","name":"Alyea Teel","shortName":"Teel","partyId":"NDP","votes":2,"share":1.7094017094017095},{"id":"michael-penman","name":"Michael Penman","shortName":"Penman","partyId":"PPC","votes":0,"share":0}],"partyVotes":{"LIB":51,"CPC":64,"BQ":0,"NDP":2,"GRN":0,"PPC":0,"OTH":0}}},"geometry":{"type":"Polygon","coordinates":[[[614.07,87.75],[614.08,87.71],[614.09,87.71],[614.09,87.7],[614.1,87.68],[614.11,87.68],[614.11,87.66],[614.12,87.65],[614.13,87.63],[614.12,87.6],[614.13,87.57],[614.18,87.38],[614.19,87.36],[614.22,87.31],[614.2,87.26],[614.18,87.25],[614.26,87.19],[614.26,87.2],[614.26,87.2],[614.26,87.22],[614.26,87.23],[614.27,87.24],[614.28,87.25],[614.28,87.26],[614.31,87.27],[614.32,87.26],[614.34,87.27],[614.38,87.28],[614.35,87.31],[614.31,87.38],[614.34,87.39],[614.36,87.41],[614.37,87.41],[614.38,87.41],[614.42,87.44],[614.43,87.43],[614.44,87.42],[614.45,87.4],[614.48,87.4],[614.51,87.42],[614.52,87.43],[614.52,87.43],[614.51,87.45],[614.4,87.61],[614.35,87.69],[614.26,87.82],[614.26,87.83],[614.23,87.81],[614.22,87.8],[614.22,87.8],[614.21,87.82],[614.21,87.83],[614.2,87.84],[614.2,87.85],[614.2,87.85],[614.18,87.88],[614.18,87.87],[614.17,87.87],[614.15,87.85],[614.14,87.83],[614.15,87.81],[614.15,87.8],[614.15,87.8],[614.12,87.78],[614.07,87.75]]]}},{"type":"Feature","id":"35035-97","properties":{"ridingCode":"35035","pollNumber":"97","pollType":"N","advancePollNumber":"615","sourceCode":"97-0","geometryPollNumbers":["97"],"code":"35035-97","resultPollNumbers":["97"],"resultStatus":"exact","result":{"electors":330,"voters":116,"totalVotes":115,"rejected":1,"turnout":35.15151515151515,"winnerId":"jamie-schmale","winnerPartyId":"CPC","runnerUpId":"nell-thomas","runnerUpPartyId":"LIB","margin":20.869565217391305,"top":[{"id":"jamie-schmale","name":"Jamie Schmale","shortName":"Schmale","partyId":"CPC","votes":65,"share":56.52173913043478},{"id":"nell-thomas","name":"Nell Thomas","shortName":"Thomas","partyId":"LIB","votes":41,"share":35.65217391304348},{"id":"alyea-teel","name":"Alyea Teel","shortName":"Teel","partyId":"NDP","votes":7,"share":6.086956521739131},{"id":"michael-penman","name":"Michael Penman","shortName":"Penman","partyId":"PPC","votes":2,"share":1.7391304347826086}],"partyVotes":{"LIB":41,"CPC":65,"BQ":0,"NDP":7,"GRN":0,"PPC":2,"OTH":0}}},"geometry":{"type":"Polygon","coordinates":[[[614.31,87.38],[614.38,87.35],[614.38,87.35],[614.4,87.34],[614.41,87.39],[614.44,87.39],[614.44,87.42],[614.43,87.43],[614.42,87.44],[614.38,87.41],[614.37,87.41],[614.36,87.41],[614.34,87.39],[614.31,87.38]]]}},{"type":"Feature","id":"35035-98","properties":{"ridingCode":"35035","pollNumber":"98","pollType":"N","advancePollNumber":"615","sourceCode":"98-0","geometryPollNumbers":["98"],"code":"35035-98","resultPollNumbers":["98"],"resultStatus":"exact","result":{"electors":477,"voters":192,"totalVotes":192,"rejected":0,"turnout":40.25157232704403,"winnerId":"jamie-schmale","winnerPartyId":"CPC","runnerUpId":"nell-thomas","runnerUpPartyId":"LIB","margin":3.125,"top":[{"id":"jamie-schmale","name":"Jamie Schmale","shortName":"Schmale","partyId":"CPC","votes":93,"share":48.4375},{"id":"nell-thomas","name":"Nell Thomas","shortName":"Thomas","partyId":"LIB","votes":87,"share":45.3125},{"id":"alyea-teel","name":"Alyea Teel","shortName":"Teel","partyId":"NDP","votes":8,"share":4.166666666666666},{"id":"michael-penman","name":"Michael Penman","shortName":"Penman","partyId":"PPC","votes":4,"share":2.083333333333333}],"partyVotes":{"LIB":87,"CPC":93,"BQ":0,"NDP":8,"GRN":0,"PPC":4,"OTH":0}}},"geometry":{"type":"Polygon","coordinates":[[[614.44,87.39],[614.42,87.34],[614.47,87.32],[614.48,87.31],[614.5,87.3],[614.52,87.3],[614.49,87.34],[614.48,87.33],[614.47,87.33],[614.48,87.34],[614.49,87.34],[614.46,87.39],[614.46,87.38],[614.45,87.4],[614.44,87.42],[614.44,87.39],[614.44,87.39]]]}},{"type":"Feature","id":"35035-99","properties":{"ridingCode":"35035","pollNumber":"99","pollType":"N","advancePollNumber":"615","sourceCode":"99-0","geometryPollNumbers":["99"],"code":"35035-99","resultPollNumbers":["99"],"resultStatus":"exact","result":{"electors":482,"voters":153,"totalVotes":153,"rejected":0,"turnout":31.742738589211616,"winnerId":"jamie-schmale","winnerPartyId":"CPC","runnerUpId":"nell-thomas","runnerUpPartyId":"LIB","margin":16.99346405228758,"top":[{"id":"jamie-schmale","name":"Jamie Schmale","shortName":"Schmale","partyId":"CPC","votes":85,"share":55.55555555555556},{"id":"nell-thomas","name":"Nell Thomas","shortName":"Thomas","partyId":"LIB","votes":59,"share":38.56209150326798},{"id":"alyea-teel","name":"Alyea Teel","shortName":"Teel","partyId":"NDP","votes":7,"share":4.57516339869281},{"id":"michael-penman","name":"Michael Penman","shortName":"Penman","partyId":"PPC","votes":2,"share":1.3071895424836601}],"partyVotes":{"LIB":59,"CPC":85,"BQ":0,"NDP":7,"GRN":0,"PPC":2,"OTH":0}}},"geometry":{"type":"Polygon","coordinates":[[[614.35,87.31],[614.38,87.28],[614.38,87.28],[614.38,87.28],[614.39,87.27],[614.39,87.27],[614.41,87.24],[614.42,87.3],[614.42,87.31],[614.42,87.32],[614.42,87.34],[614.44,87.39],[614.44,87.39],[614.41,87.39],[614.4,87.34],[614.38,87.35],[614.38,87.35],[614.31,87.38],[614.35,87.31]]]}},{"type":"Feature","id":"35035-100","properties":{"ridingCode":"35035","pollNumber":"100","pollType":"N","advancePollNumber":"616","sourceCode":"100-0","geometryPollNumbers":["100"],"code":"35035-100","resultPollNumbers":["100"],"resultStatus":"exact","result":{"electors":433,"voters":125,"totalVotes":125,"rejected":0,"turnout":28.868360277136258,"winnerId":"jamie-schmale","winnerPartyId":"CPC","runnerUpId":"nell-thomas","runnerUpPartyId":"LIB","margin":41.6,"top":[{"id":"jamie-schmale","name":"Jamie Schmale","shortName":"Schmale","partyId":"CPC","votes":84,"share":67.2},{"id":"nell-thomas","name":"Nell Thomas","shortName":"Thomas","partyId":"LIB","votes":32,"share":25.6},{"id":"alyea-teel","name":"Alyea Teel","shortName":"Teel","partyId":"NDP","votes":5,"share":4},{"id":"michael-penman","name":"Michael Penman","shortName":"Penman","partyId":"PPC","votes":4,"share":3.2}],"partyVotes":{"LIB":32,"CPC":84,"BQ":0,"NDP":5,"GRN":0,"PPC":4,"OTH":0}}},"geometry":{"type":"Polygon","coordinates":[[[614.42,87.23],[614.42,87.22],[614.47,87.25],[614.49,87.23],[614.5,87.23],[614.5,87.22],[614.5,87.22],[614.5,87.21],[614.51,87.21],[614.52,87.22],[614.55,87.24],[614.55,87.25],[614.54,87.26],[614.54,87.26],[614.53,87.26],[614.52,87.3],[614.5,87.3],[614.48,87.31],[614.47,87.32],[614.42,87.34],[614.42,87.32],[614.42,87.31],[614.42,87.3],[614.43,87.3],[614.42,87.23],[614.42,87.23]],[[614.48,87.26],[614.49,87.26],[614.49,87.26],[614.48,87.26]]]}},{"type":"Feature","id":"35035-101","properties":{"ridingCode":"35035","pollNumber":"101","pollType":"N","advancePollNumber":"616","sourceCode":"101-0","geometryPollNumbers":["101"],"code":"35035-101","resultPollNumbers":["101"],"resultStatus":"exact","result":{"electors":400,"voters":131,"totalVotes":131,"rejected":0,"turnout":32.75,"winnerId":"jamie-schmale","winnerPartyId":"CPC","runnerUpId":"nell-thomas","runnerUpPartyId":"LIB","margin":17.557251908396946,"top":[{"id":"jamie-schmale","name":"Jamie Schmale","shortName":"Schmale","partyId":"CPC","votes":71,"share":54.19847328244275},{"id":"nell-thomas","name":"Nell Thomas","shortName":"Thomas","partyId":"LIB","votes":48,"share":36.6412213740458},{"id":"alyea-teel","name":"Alyea Teel","shortName":"Teel","partyId":"NDP","votes":11,"share":8.396946564885496},{"id":"michael-penman","name":"Michael Penman","shortName":"Penman","partyId":"PPC","votes":1,"share":0.7633587786259541}],"partyVotes":{"LIB":48,"CPC":71,"BQ":0,"NDP":11,"GRN":0,"PPC":1,"OTH":0}}},"geometry":{"type":"Polygon","coordinates":[[[613.93,87.21],[613.98,87.13],[614.04,87.04],[614.08,87.08],[614.11,87.1],[614.17,87.09],[614.18,87.08],[614.19,87.06],[614.27,86.94],[614.33,86.98],[614.33,86.98],[614.32,86.99],[614.32,86.99],[614.44,87.08],[614.43,87.1],[614.41,87.17],[614.4,87.21],[614.41,87.24],[614.39,87.27],[614.39,87.27],[614.38,87.28],[614.38,87.28],[614.38,87.28],[614.34,87.27],[614.32,87.26],[614.31,87.27],[614.28,87.26],[614.28,87.25],[614.27,87.24],[614.26,87.23],[614.26,87.22],[614.26,87.2],[614.26,87.2],[614.26,87.19],[614.18,87.25],[614.2,87.26],[614.22,87.31],[614.19,87.36],[614.18,87.38],[614.13,87.57],[614.08,87.55],[614.07,87.55],[614.07,87.54],[614.01,87.49],[613.99,87.49],[613.94,87.45],[614.02,87.34],[614.02,87.33],[614.03,87.3],[614.02,87.29],[614.02,87.27],[613.93,87.21]]]}},{"type":"Feature","id":"35035-102","properties":{"ridingCode":"35035","pollNumber":"102","pollType":"N","advancePollNumber":"608","sourceCode":"102-0","geometryPollNumbers":["102"],"code":"35035-102","resultPollNumbers":["102"],"resultStatus":"exact","result":{"electors":397,"voters":168,"totalVotes":167,"rejected":1,"turnout":42.31738035264483,"winnerId":"jamie-schmale","winnerPartyId":"CPC","runnerUpId":"nell-thomas","runnerUpPartyId":"LIB","margin":28.74251497005988,"top":[{"id":"jamie-schmale","name":"Jamie Schmale","shortName":"Schmale","partyId":"CPC","votes":104,"share":62.27544910179641},{"id":"nell-thomas","name":"Nell Thomas","shortName":"Thomas","partyId":"LIB","votes":56,"share":33.532934131736525},{"id":"alyea-teel","name":"Alyea Teel","shortName":"Teel","partyId":"NDP","votes":5,"share":2.9940119760479043},{"id":"michael-penman","name":"Michael Penman","shortName":"Penman","partyId":"PPC","votes":2,"share":1.1976047904191618}],"partyVotes":{"LIB":56,"CPC":104,"BQ":0,"NDP":5,"GRN":0,"PPC":2,"OTH":0}}},"geometry":{"type":"Polygon","coordinates":[[[613.55,87.38],[613.56,87.28],[613.54,87.18],[613.64,87.16],[613.73,87.04],[613.9,86.79],[613.99,86.85],[613.99,86.86],[614,86.88],[614,86.88],[614.12,86.7],[614.19,86.6],[614.23,86.62],[614.24,86.64],[614.29,86.67],[614.04,87.04],[613.98,87.13],[613.93,87.21],[614.02,87.27],[614.02,87.29],[614.03,87.3],[614.02,87.33],[614.02,87.34],[613.94,87.45],[613.99,87.49],[614.01,87.49],[614.07,87.54],[614.07,87.55],[614.08,87.55],[614.13,87.57],[614.12,87.6],[614.13,87.63],[614.12,87.65],[614.11,87.66],[614.11,87.68],[614.1,87.68],[614.09,87.7],[614.09,87.71],[614.08,87.71],[614.07,87.75],[613.89,87.62],[613.87,87.61],[613.86,87.6],[613.81,87.56],[613.75,87.52],[613.74,87.51],[613.75,87.5],[613.75,87.49],[613.73,87.48],[613.73,87.47],[613.72,87.47],[613.71,87.46],[613.71,87.46],[613.71,87.46],[613.71,87.46],[613.7,87.46],[613.69,87.45],[613.67,87.44],[613.67,87.44],[613.64,87.44],[613.55,87.38]]]}},{"type":"Feature","id":"35035-103","properties":{"ridingCode":"35035","pollNumber":"103","pollType":"N","advancePollNumber":"615","sourceCode":"103-0","geometryPollNumbers":["103"],"code":"35035-103","resultPollNumbers":["103"],"resultStatus":"exact","result":{"electors":390,"voters":155,"totalVotes":155,"rejected":0,"turnout":39.743589743589745,"winnerId":"jamie-schmale","winnerPartyId":"CPC","runnerUpId":"nell-thomas","runnerUpPartyId":"LIB","margin":34.83870967741935,"top":[{"id":"jamie-schmale","name":"Jamie Schmale","shortName":"Schmale","partyId":"CPC","votes":100,"share":64.51612903225806},{"id":"nell-thomas","name":"Nell Thomas","shortName":"Thomas","partyId":"LIB","votes":46,"share":29.677419354838708},{"id":"alyea-teel","name":"Alyea Teel","shortName":"Teel","partyId":"NDP","votes":7,"share":4.516129032258064},{"id":"michael-penman","name":"Michael Penman","shortName":"Penman","partyId":"PPC","votes":2,"share":1.2903225806451613}],"partyVotes":{"LIB":46,"CPC":100,"BQ":0,"NDP":7,"GRN":0,"PPC":2,"OTH":0}}},"geometry":{"type":"Polygon","coordinates":[[[614.52,87.3],[614.53,87.26],[614.54,87.26],[614.54,87.26],[614.55,87.25],[614.55,87.24],[614.52,87.22],[614.66,87.06],[614.72,87.05],[614.73,87.06],[614.75,87.03],[614.78,87.03],[614.78,87.04],[614.91,87.12],[614.76,87.33],[614.69,87.43],[614.68,87.44],[614.65,87.44],[614.64,87.44],[614.57,87.41],[614.57,87.4],[614.56,87.4],[614.55,87.41],[614.54,87.41],[614.53,87.43],[614.52,87.43],[614.52,87.43],[614.51,87.42],[614.48,87.4],[614.45,87.4],[614.46,87.38],[614.46,87.39],[614.49,87.34],[614.48,87.34],[614.47,87.33],[614.48,87.33],[614.49,87.34],[614.52,87.3]]]}},{"type":"Feature","id":"35035-104","properties":{"ridingCode":"35035","pollNumber":"104","pollType":"N","advancePollNumber":"615","sourceCode":"104-0","geometryPollNumbers":["104"],"code":"35035-104","resultPollNumbers":["104"],"resultStatus":"exact","result":{"electors":343,"voters":115,"totalVotes":114,"rejected":1,"turnout":33.52769679300292,"winnerId":"jamie-schmale","winnerPartyId":"CPC","runnerUpId":"nell-thomas","runnerUpPartyId":"LIB","margin":32.45614035087719,"top":[{"id":"jamie-schmale","name":"Jamie Schmale","shortName":"Schmale","partyId":"CPC","votes":72,"share":63.1578947368421},{"id":"nell-thomas","name":"Nell Thomas","shortName":"Thomas","partyId":"LIB","votes":35,"share":30.701754385964914},{"id":"alyea-teel","name":"Alyea Teel","shortName":"Teel","partyId":"NDP","votes":7,"share":6.140350877192982},{"id":"michael-penman","name":"Michael Penman","shortName":"Penman","partyId":"PPC","votes":0,"share":0}],"partyVotes":{"LIB":35,"CPC":72,"BQ":0,"NDP":7,"GRN":0,"PPC":0,"OTH":0}}},"geometry":{"type":"Polygon","coordinates":[[[615,87.18],[615.07,87.07],[615.08,87.06],[615.07,87.05],[615.08,87.04],[615.07,87],[615.05,87],[615.05,87],[615.02,86.97],[615.02,86.96],[615.05,86.91],[615.08,86.88],[615.14,86.96],[615.24,87.09],[615.29,87.15],[615.33,87.21],[615.24,87.33],[615.23,87.33],[615.23,87.32],[615.15,87.43],[615.14,87.42],[615.14,87.39],[615.13,87.38],[615.13,87.37],[615.12,87.36],[615.11,87.36],[615.1,87.36],[615.06,87.33],[615.06,87.33],[615.07,87.31],[615.07,87.31],[615.01,87.21],[615,87.2],[615,87.18],[615,87.18]]]}},{"type":"Feature","id":"35035-105","properties":{"ridingCode":"35035","pollNumber":"105","pollType":"N","advancePollNumber":"616","sourceCode":"105-0","geometryPollNumbers":["105"],"code":"35035-105","resultPollNumbers":["105"],"resultStatus":"exact","result":{"electors":416,"voters":141,"totalVotes":140,"rejected":1,"turnout":33.894230769230774,"winnerId":"jamie-schmale","winnerPartyId":"CPC","runnerUpId":"nell-thomas","runnerUpPartyId":"LIB","margin":45,"top":[{"id":"jamie-schmale","name":"Jamie Schmale","shortName":"Schmale","partyId":"CPC","votes":96,"share":68.57142857142857},{"id":"nell-thomas","name":"Nell Thomas","shortName":"Thomas","partyId":"LIB","votes":33,"share":23.57142857142857},{"id":"alyea-teel","name":"Alyea Teel","shortName":"Teel","partyId":"NDP","votes":8,"share":5.714285714285714},{"id":"michael-penman","name":"Michael Penman","shortName":"Penman","partyId":"PPC","votes":3,"share":2.142857142857143}],"partyVotes":{"LIB":33,"CPC":96,"BQ":0,"NDP":8,"GRN":0,"PPC":3,"OTH":0}}},"geometry":{"type":"Polygon","coordinates":[[[614.19,87.06],[614.18,87.08],[614.17,87.09],[614.11,87.1],[614.08,87.08],[614.04,87.04],[614.29,86.67],[614.4,86.74],[614.4,86.74],[614.4,86.75],[614.41,86.76],[614.43,86.76],[614.43,86.77],[614.47,86.8],[614.48,86.82],[614.49,86.83],[614.5,86.83],[614.5,86.84],[614.59,86.89],[614.68,86.95],[614.66,87.06],[614.52,87.22],[614.51,87.21],[614.5,87.21],[614.5,87.22],[614.5,87.22],[614.5,87.23],[614.49,87.23],[614.47,87.25],[614.42,87.22],[614.42,87.23],[614.42,87.23],[614.43,87.3],[614.42,87.3],[614.41,87.24],[614.4,87.21],[614.41,87.17],[614.43,87.1],[614.44,87.08],[614.32,86.99],[614.32,86.99],[614.33,86.98],[614.33,86.98],[614.27,86.94],[614.19,87.06]]]}},{"type":"Feature","id":"35035-106","properties":{"ridingCode":"35035","pollNumber":"106","pollType":"N","advancePollNumber":"615","sourceCode":"106-0","geometryPollNumbers":["106"],"code":"35035-106","resultPollNumbers":["106"],"resultStatus":"exact","result":{"electors":315,"voters":109,"totalVotes":109,"rejected":0,"turnout":34.6031746031746,"winnerId":"jamie-schmale","winnerPartyId":"CPC","runnerUpId":"nell-thomas","runnerUpPartyId":"LIB","margin":14.678899082568808,"top":[{"id":"jamie-schmale","name":"Jamie Schmale","shortName":"Schmale","partyId":"CPC","votes":59,"share":54.12844036697248},{"id":"nell-thomas","name":"Nell Thomas","shortName":"Thomas","partyId":"LIB","votes":43,"share":39.44954128440367},{"id":"alyea-teel","name":"Alyea Teel","shortName":"Teel","partyId":"NDP","votes":7,"share":6.422018348623854},{"id":"michael-penman","name":"Michael Penman","shortName":"Penman","partyId":"PPC","votes":0,"share":0}],"partyVotes":{"LIB":43,"CPC":59,"BQ":0,"NDP":7,"GRN":0,"PPC":0,"OTH":0}}},"geometry":{"type":"Polygon","coordinates":[[[614.68,86.95],[614.74,86.72],[614.76,86.68],[614.79,86.64],[614.82,86.62],[614.85,86.61],[614.89,86.63],[614.93,86.68],[615,86.76],[615.08,86.88],[615.05,86.91],[615.02,86.96],[615.02,86.97],[615.05,87],[615.05,87],[615.07,87],[615.08,87.04],[615.07,87.05],[615.08,87.06],[615.07,87.07],[615,87.18],[614.97,87.16],[614.93,87.14],[614.91,87.12],[614.78,87.04],[614.78,87.03],[614.75,87.03],[614.73,87.06],[614.72,87.05],[614.66,87.06],[614.68,86.95]]]}},{"type":"Feature","id":"35035-107","properties":{"ridingCode":"35035","pollNumber":"107","pollType":"N","advancePollNumber":"614","sourceCode":"107-0","geometryPollNumbers":["107"],"code":"35035-107","resultPollNumbers":["107"],"resultStatus":"exact","result":{"electors":439,"voters":116,"totalVotes":116,"rejected":0,"turnout":26.42369020501139,"winnerId":"jamie-schmale","winnerPartyId":"CPC","runnerUpId":"nell-thomas","runnerUpPartyId":"LIB","margin":33.62068965517241,"top":[{"id":"jamie-schmale","name":"Jamie Schmale","shortName":"Schmale","partyId":"CPC","votes":73,"share":62.93103448275862},{"id":"nell-thomas","name":"Nell Thomas","shortName":"Thomas","partyId":"LIB","votes":34,"share":29.310344827586203},{"id":"alyea-teel","name":"Alyea Teel","shortName":"Teel","partyId":"NDP","votes":7,"share":6.0344827586206895},{"id":"michael-penman","name":"Michael Penman","shortName":"Penman","partyId":"PPC","votes":2,"share":1.7241379310344827}],"partyVotes":{"LIB":34,"CPC":73,"BQ":0,"NDP":7,"GRN":0,"PPC":2,"OTH":0}}},"geometry":{"type":"Polygon","coordinates":[[[615.82,87.84],[615.85,87.79],[615.85,87.81],[615.85,87.81],[615.87,87.82],[615.88,87.83],[615.88,87.85],[615.93,87.89],[615.9,87.94],[615.82,87.88],[615.82,87.88],[615.82,87.84]]]}},{"type":"Feature","id":"35035-108","properties":{"ridingCode":"35035","pollNumber":"108","pollType":"N","advancePollNumber":"614","sourceCode":"108-0","geometryPollNumbers":["108"],"code":"35035-108","resultPollNumbers":["108"],"resultStatus":"exact","result":{"electors":372,"voters":89,"totalVotes":88,"rejected":1,"turnout":23.9247311827957,"winnerId":"nell-thomas","winnerPartyId":"LIB","runnerUpId":"jamie-schmale","runnerUpPartyId":"CPC","margin":22.727272727272727,"top":[{"id":"nell-thomas","name":"Nell Thomas","shortName":"Thomas","partyId":"LIB","votes":52,"share":59.09090909090909},{"id":"jamie-schmale","name":"Jamie Schmale","shortName":"Schmale","partyId":"CPC","votes":32,"share":36.36363636363637},{"id":"alyea-teel","name":"Alyea Teel","shortName":"Teel","partyId":"NDP","votes":3,"share":3.4090909090909087},{"id":"michael-penman","name":"Michael Penman","shortName":"Penman","partyId":"PPC","votes":1,"share":1.1363636363636365}],"partyVotes":{"LIB":52,"CPC":32,"BQ":0,"NDP":3,"GRN":0,"PPC":1,"OTH":0}}},"geometry":{"type":"Polygon","coordinates":[[[615.87,87.77],[615.85,87.77],[615.85,87.76],[615.87,87.73],[615.88,87.75],[615.89,87.73],[615.9,87.73],[615.9,87.75],[615.92,87.74],[615.93,87.75],[615.92,87.77],[615.93,87.78],[615.94,87.78],[615.93,87.8],[615.92,87.79],[615.9,87.78],[615.89,87.78],[615.9,87.79],[615.89,87.79],[615.87,87.77]]]}},{"type":"Feature","id":"35035-109","properties":{"ridingCode":"35035","pollNumber":"109","pollType":"N","advancePollNumber":"614","sourceCode":"109-0","geometryPollNumbers":["109"],"code":"35035-109","resultPollNumbers":["109"],"resultStatus":"exact","result":{"electors":363,"voters":99,"totalVotes":99,"rejected":0,"turnout":27.27272727272727,"winnerId":"jamie-schmale","winnerPartyId":"CPC","runnerUpId":"nell-thomas","runnerUpPartyId":"LIB","margin":4.040404040404041,"top":[{"id":"jamie-schmale","name":"Jamie Schmale","shortName":"Schmale","partyId":"CPC","votes":51,"share":51.515151515151516},{"id":"nell-thomas","name":"Nell Thomas","shortName":"Thomas","partyId":"LIB","votes":47,"share":47.474747474747474},{"id":"alyea-teel","name":"Alyea Teel","shortName":"Teel","partyId":"NDP","votes":1,"share":1.0101010101010102},{"id":"michael-penman","name":"Michael Penman","shortName":"Penman","partyId":"PPC","votes":0,"share":0}],"partyVotes":{"LIB":47,"CPC":51,"BQ":0,"NDP":1,"GRN":0,"PPC":0,"OTH":0}}},"geometry":{"type":"Polygon","coordinates":[[[615.85,87.79],[615.87,87.77],[615.89,87.79],[615.9,87.79],[615.89,87.78],[615.9,87.78],[615.92,87.79],[615.93,87.8],[615.94,87.78],[615.95,87.77],[615.96,87.77],[615.96,87.77],[615.95,87.76],[615.95,87.75],[615.96,87.75],[615.98,87.74],[615.99,87.73],[615.97,87.72],[615.98,87.71],[615.97,87.7],[615.97,87.69],[615.96,87.7],[615.96,87.71],[615.96,87.71],[615.92,87.73],[615.9,87.73],[615.89,87.73],[615.91,87.71],[615.93,87.67],[615.96,87.68],[615.98,87.69],[615.98,87.69],[615.98,87.7],[615.98,87.7],[615.98,87.7],[615.98,87.71],[615.99,87.7],[615.99,87.7],[615.99,87.7],[615.99,87.71],[615.99,87.71],[615.99,87.72],[615.99,87.72],[615.99,87.72],[615.98,87.72],[615.99,87.72],[616,87.72],[616,87.73],[616,87.74],[615.99,87.74],[615.99,87.74],[615.98,87.74],[615.98,87.75],[615.98,87.75],[615.98,87.75],[615.99,87.74],[615.99,87.74],[615.99,87.75],[615.99,87.75],[615.99,87.75],[615.99,87.76],[615.99,87.76],[615.98,87.76],[615.98,87.76],[615.98,87.76],[615.98,87.76],[615.97,87.76],[615.98,87.75],[615.97,87.76],[615.96,87.76],[615.96,87.76],[615.97,87.77],[615.96,87.77],[615.96,87.78],[615.94,87.78],[615.93,87.81],[615.93,87.81],[615.93,87.8],[615.91,87.8],[615.9,87.79],[615.9,87.8],[615.91,87.8],[615.91,87.81],[615.91,87.81],[615.91,87.81],[615.91,87.82],[615.91,87.82],[615.91,87.82],[615.89,87.82],[615.89,87.83],[615.89,87.83],[615.89,87.84],[615.88,87.85],[615.91,87.87],[615.92,87.87],[615.93,87.87],[615.94,87.88],[615.93,87.89],[615.88,87.85],[615.88,87.83],[615.87,87.82],[615.85,87.81],[615.85,87.81],[615.85,87.79]]]}},{"type":"Feature","id":"35035-110","properties":{"ridingCode":"35035","pollNumber":"110","pollType":"N","advancePollNumber":"614","sourceCode":"110-0","geometryPollNumbers":["110"],"code":"35035-110","resultPollNumbers":["110"],"resultStatus":"exact","result":{"electors":395,"voters":104,"totalVotes":104,"rejected":0,"turnout":26.329113924050635,"winnerId":"nell-thomas","winnerPartyId":"LIB","runnerUpId":"jamie-schmale","runnerUpPartyId":"CPC","margin":4.807692307692308,"top":[{"id":"nell-thomas","name":"Nell Thomas","shortName":"Thomas","partyId":"LIB","votes":53,"share":50.96153846153846},{"id":"jamie-schmale","name":"Jamie Schmale","shortName":"Schmale","partyId":"CPC","votes":48,"share":46.15384615384615},{"id":"alyea-teel","name":"Alyea Teel","shortName":"Teel","partyId":"NDP","votes":2,"share":1.9230769230769231},{"id":"michael-penman","name":"Michael Penman","shortName":"Penman","partyId":"PPC","votes":1,"share":0.9615384615384616}],"partyVotes":{"LIB":53,"CPC":48,"BQ":0,"NDP":2,"GRN":0,"PPC":1,"OTH":0}}},"geometry":{"type":"Polygon","coordinates":[[[615.9,87.73],[615.92,87.73],[615.96,87.71],[615.96,87.71],[615.96,87.7],[615.97,87.69],[615.97,87.7],[615.98,87.71],[615.97,87.72],[615.99,87.73],[615.98,87.74],[615.96,87.75],[615.95,87.75],[615.95,87.76],[615.96,87.77],[615.96,87.77],[615.95,87.77],[615.94,87.78],[615.93,87.78],[615.92,87.77],[615.93,87.75],[615.92,87.74],[615.9,87.75],[615.9,87.73]]]}},{"type":"Feature","id":"35035-111","properties":{"ridingCode":"35035","pollNumber":"111","pollType":"N","advancePollNumber":"614","sourceCode":"111-0","geometryPollNumbers":["111"],"code":"35035-111","resultPollNumbers":["111"],"resultStatus":"exact","result":{"electors":377,"voters":111,"totalVotes":111,"rejected":0,"turnout":29.44297082228117,"winnerId":"jamie-schmale","winnerPartyId":"CPC","runnerUpId":"nell-thomas","runnerUpPartyId":"LIB","margin":9.90990990990991,"top":[{"id":"jamie-schmale","name":"Jamie Schmale","shortName":"Schmale","partyId":"CPC","votes":58,"share":52.25225225225225},{"id":"nell-thomas","name":"Nell Thomas","shortName":"Thomas","partyId":"LIB","votes":47,"share":42.34234234234234},{"id":"alyea-teel","name":"Alyea Teel","shortName":"Teel","partyId":"NDP","votes":5,"share":4.504504504504505},{"id":"michael-penman","name":"Michael Penman","shortName":"Penman","partyId":"PPC","votes":1,"share":0.9009009009009009}],"partyVotes":{"LIB":47,"CPC":58,"BQ":0,"NDP":5,"GRN":0,"PPC":1,"OTH":0}}},"geometry":{"type":"Polygon","coordinates":[[[615.79,87.68],[615.8,87.68],[615.79,87.66],[615.78,87.66],[615.78,87.65],[615.78,87.66],[615.79,87.66],[615.8,87.67],[615.83,87.68],[615.83,87.69],[615.84,87.7],[615.85,87.7],[615.86,87.71],[615.86,87.71],[615.87,87.7],[615.88,87.7],[615.89,87.71],[615.9,87.71],[615.9,87.71],[615.91,87.71],[615.89,87.73],[615.88,87.75],[615.87,87.73],[615.85,87.76],[615.85,87.77],[615.87,87.77],[615.85,87.79],[615.84,87.78],[615.84,87.77],[615.81,87.76],[615.82,87.74],[615.83,87.74],[615.83,87.74],[615.83,87.74],[615.82,87.73],[615.83,87.72],[615.79,87.68]]]}},{"type":"Feature","id":"35035-112","properties":{"ridingCode":"35035","pollNumber":"112","pollType":"N","advancePollNumber":"613","sourceCode":"112-0","geometryPollNumbers":["112"],"code":"35035-112","resultPollNumbers":["112"],"resultStatus":"exact","result":{"electors":304,"voters":109,"totalVotes":107,"rejected":2,"turnout":35.85526315789473,"winnerId":"jamie-schmale","winnerPartyId":"CPC","runnerUpId":"nell-thomas","runnerUpPartyId":"LIB","margin":31.775700934579437,"top":[{"id":"jamie-schmale","name":"Jamie Schmale","shortName":"Schmale","partyId":"CPC","votes":67,"share":62.616822429906534},{"id":"nell-thomas","name":"Nell Thomas","shortName":"Thomas","partyId":"LIB","votes":33,"share":30.8411214953271},{"id":"alyea-teel","name":"Alyea Teel","shortName":"Teel","partyId":"NDP","votes":6,"share":5.607476635514018},{"id":"michael-penman","name":"Michael Penman","shortName":"Penman","partyId":"PPC","votes":1,"share":0.9345794392523363}],"partyVotes":{"LIB":33,"CPC":67,"BQ":0,"NDP":6,"GRN":0,"PPC":1,"OTH":0}}},"geometry":{"type":"Polygon","coordinates":[[[615.52,87.35],[615.75,87.02],[615.83,87.09],[615.84,87.1],[615.84,87.11],[615.85,87.1],[615.91,87.14],[615.94,87.15],[615.98,87.17],[615.83,87.38],[615.86,87.4],[615.88,87.42],[615.88,87.42],[615.89,87.43],[615.93,87.46],[616.01,87.51],[616.01,87.52],[616.02,87.53],[616.03,87.52],[616.1,87.42],[616.12,87.43],[616.13,87.44],[616.12,87.46],[616.11,87.45],[616.11,87.45],[616.1,87.47],[616.16,87.5],[616.1,87.64],[615.99,87.8],[615.94,87.88],[615.93,87.87],[615.92,87.87],[615.91,87.87],[615.88,87.85],[615.89,87.84],[615.89,87.83],[615.89,87.83],[615.89,87.82],[615.91,87.82],[615.91,87.82],[615.91,87.82],[615.91,87.81],[615.91,87.81],[615.91,87.81],[615.91,87.8],[615.9,87.8],[615.9,87.79],[615.91,87.8],[615.93,87.8],[615.93,87.81],[615.93,87.81],[615.94,87.78],[615.96,87.78],[615.96,87.77],[615.97,87.77],[615.96,87.76],[615.96,87.76],[615.97,87.76],[615.98,87.75],[615.97,87.76],[615.98,87.76],[615.98,87.76],[615.98,87.76],[615.98,87.76],[615.99,87.76],[615.99,87.76],[615.99,87.75],[615.99,87.75],[615.99,87.75],[615.99,87.74],[615.99,87.74],[615.98,87.75],[615.98,87.75],[615.98,87.75],[615.98,87.74],[615.99,87.74],[615.99,87.74],[616,87.74],[616,87.73],[616,87.72],[615.99,87.72],[615.98,87.72],[615.99,87.72],[615.99,87.72],[615.99,87.72],[615.99,87.71],[615.99,87.71],[615.99,87.7],[615.99,87.7],[615.99,87.7],[615.98,87.71],[615.98,87.7],[615.98,87.7],[615.98,87.7],[615.98,87.69],[615.98,87.69],[615.96,87.68],[615.93,87.67],[615.93,87.67],[615.94,87.66],[615.93,87.67],[615.91,87.71],[615.9,87.71],[615.9,87.71],[615.89,87.71],[615.88,87.7],[615.87,87.7],[615.86,87.71],[615.86,87.71],[615.85,87.7],[615.84,87.7],[615.83,87.69],[615.83,87.68],[615.8,87.67],[615.79,87.66],[615.78,87.66],[615.78,87.65],[615.78,87.62],[615.77,87.61],[615.72,87.52],[615.7,87.5],[615.68,87.48],[615.52,87.35]]]}},{"type":"Feature","id":"35035-113","properties":{"ridingCode":"35035","pollNumber":"113","pollType":"N","advancePollNumber":"613","sourceCode":"113-0","geometryPollNumbers":["113"],"code":"35035-113","resultPollNumbers":["113"],"resultStatus":"exact","result":{"electors":402,"voters":147,"totalVotes":147,"rejected":0,"turnout":36.56716417910448,"winnerId":"jamie-schmale","winnerPartyId":"CPC","runnerUpId":"nell-thomas","runnerUpPartyId":"LIB","margin":18.367346938775512,"top":[{"id":"jamie-schmale","name":"Jamie Schmale","shortName":"Schmale","partyId":"CPC","votes":82,"share":55.78231292517006},{"id":"nell-thomas","name":"Nell Thomas","shortName":"Thomas","partyId":"LIB","votes":55,"share":37.41496598639456},{"id":"alyea-teel","name":"Alyea Teel","shortName":"Teel","partyId":"NDP","votes":9,"share":6.122448979591836},{"id":"michael-penman","name":"Michael Penman","shortName":"Penman","partyId":"PPC","votes":1,"share":0.6802721088435374}],"partyVotes":{"LIB":55,"CPC":82,"BQ":0,"NDP":9,"GRN":0,"PPC":1,"OTH":0}}},"geometry":{"type":"Polygon","coordinates":[[[615.36,87.04],[615.39,87.02],[615.41,86.99],[615.43,86.97],[615.47,86.92],[615.49,86.92],[615.51,86.9],[615.53,86.89],[615.52,86.87],[615.53,86.87],[615.54,86.86],[615.55,86.86],[615.56,86.84],[615.63,86.9],[615.71,86.95],[615.72,86.96],[615.74,87.01],[615.75,87.02],[615.52,87.35],[615.68,87.48],[615.7,87.5],[615.72,87.52],[615.77,87.61],[615.78,87.62],[615.78,87.65],[615.78,87.66],[615.79,87.66],[615.8,87.68],[615.79,87.68],[615.83,87.72],[615.82,87.73],[615.83,87.74],[615.83,87.74],[615.81,87.72],[615.81,87.72],[615.81,87.71],[615.8,87.71],[615.8,87.7],[615.8,87.7],[615.79,87.69],[615.79,87.7],[615.79,87.7],[615.79,87.7],[615.79,87.7],[615.79,87.69],[615.78,87.69],[615.78,87.68],[615.77,87.68],[615.77,87.68],[615.77,87.68],[615.76,87.69],[615.75,87.67],[615.74,87.67],[615.69,87.54],[615.66,87.51],[615.61,87.5],[615.56,87.49],[615.51,87.47],[615.48,87.42],[615.46,87.4],[615.4,87.3],[615.33,87.21],[615.29,87.15],[615.32,87.13],[615.34,87.11],[615.35,87.09],[615.36,87.04]]]}},{"type":"Feature","id":"35035-114","properties":{"ridingCode":"35035","pollNumber":"114","pollType":"N","advancePollNumber":"608","sourceCode":"114-0","geometryPollNumbers":["114"],"code":"35035-114","resultPollNumbers":["114"],"resultStatus":"exact","result":{"electors":418,"voters":179,"totalVotes":178,"rejected":1,"turnout":42.822966507177036,"winnerId":"jamie-schmale","winnerPartyId":"CPC","runnerUpId":"nell-thomas","runnerUpPartyId":"LIB","margin":42.13483146067416,"top":[{"id":"jamie-schmale","name":"Jamie Schmale","shortName":"Schmale","partyId":"CPC","votes":121,"share":67.97752808988764},{"id":"nell-thomas","name":"Nell Thomas","shortName":"Thomas","partyId":"LIB","votes":46,"share":25.842696629213485},{"id":"alyea-teel","name":"Alyea Teel","shortName":"Teel","partyId":"NDP","votes":10,"share":5.617977528089887},{"id":"michael-penman","name":"Michael Penman","shortName":"Penman","partyId":"PPC","votes":1,"share":0.5617977528089888}],"partyVotes":{"LIB":46,"CPC":121,"BQ":0,"NDP":10,"GRN":0,"PPC":1,"OTH":0}}},"geometry":{"type":"Polygon","coordinates":[[[612.51,87.72],[612.4,87.64],[612.56,87.4],[612.76,87.54],[612.87,87.38],[612.94,87.28],[613.16,87.43],[613.3,87.44],[613.27,87.51],[613.19,87.54],[613.21,87.6],[613.26,87.78],[613.32,87.88],[613.02,87.97],[613.01,87.97],[612.96,88],[612.95,88.01],[612.92,88.05],[612.9,88.07],[612.88,88.08],[612.8,88.21],[612.69,88.13],[612.82,87.93],[612.71,87.86],[612.71,87.85],[612.74,87.81],[612.74,87.81],[612.63,87.73],[612.44,88.02],[612.34,87.96],[612.45,87.79],[612.49,87.75],[612.51,87.72]]]}},{"type":"Feature","id":"35035-115","properties":{"ridingCode":"35035","pollNumber":"115","pollType":"N","advancePollNumber":"608","sourceCode":"115-0","geometryPollNumbers":["115"],"code":"35035-115","resultPollNumbers":["115"],"resultStatus":"exact","result":{"electors":440,"voters":168,"totalVotes":168,"rejected":0,"turnout":38.18181818181819,"winnerId":"jamie-schmale","winnerPartyId":"CPC","runnerUpId":"nell-thomas","runnerUpPartyId":"LIB","margin":13.690476190476192,"top":[{"id":"jamie-schmale","name":"Jamie Schmale","shortName":"Schmale","partyId":"CPC","votes":93,"share":55.35714285714286},{"id":"nell-thomas","name":"Nell Thomas","shortName":"Thomas","partyId":"LIB","votes":70,"share":41.66666666666667},{"id":"alyea-teel","name":"Alyea Teel","shortName":"Teel","partyId":"NDP","votes":5,"share":2.976190476190476},{"id":"michael-penman","name":"Michael Penman","shortName":"Penman","partyId":"PPC","votes":0,"share":0}],"partyVotes":{"LIB":70,"CPC":93,"BQ":0,"NDP":5,"GRN":0,"PPC":0,"OTH":0}}},"geometry":{"type":"Polygon","coordinates":[[[612.94,87.28],[612.87,87.38],[612.79,87.31],[612.78,87.29],[612.77,87.27],[612.93,87.17],[613,87.19],[613.15,86.97],[613.26,87.05],[613.27,87.05],[613.27,87.03],[613.36,86.91],[613.44,86.96],[613.46,86.97],[613.55,87.01],[613.54,87.04],[613.54,87.13],[613.47,87.12],[613.46,87.11],[613.46,87.13],[613.45,87.14],[613.45,87.15],[613.45,87.16],[613.44,87.23],[613.44,87.24],[613.41,87.28],[613.55,87.38],[613.46,87.46],[613.42,87.63],[613.43,87.75],[613.43,87.75],[613.41,87.77],[613.4,87.82],[613.4,87.88],[613.4,87.9],[613.32,87.88],[613.26,87.78],[613.21,87.6],[613.19,87.54],[613.27,87.51],[613.3,87.44],[613.16,87.43],[612.94,87.28]]]}},{"type":"Feature","id":"35035-116","properties":{"ridingCode":"35035","pollNumber":"116","pollType":"N","advancePollNumber":"607","sourceCode":"116-0","geometryPollNumbers":["116"],"code":"35035-116","resultPollNumbers":["116"],"resultStatus":"exact","result":{"electors":421,"voters":257,"totalVotes":257,"rejected":0,"turnout":61.04513064133017,"winnerId":"jamie-schmale","winnerPartyId":"CPC","runnerUpId":"nell-thomas","runnerUpPartyId":"LIB","margin":38.52140077821012,"top":[{"id":"jamie-schmale","name":"Jamie Schmale","shortName":"Schmale","partyId":"CPC","votes":172,"share":66.9260700389105},{"id":"nell-thomas","name":"Nell Thomas","shortName":"Thomas","partyId":"LIB","votes":73,"share":28.404669260700388},{"id":"alyea-teel","name":"Alyea Teel","shortName":"Teel","partyId":"NDP","votes":8,"share":3.11284046692607},{"id":"michael-penman","name":"Michael Penman","shortName":"Penman","partyId":"PPC","votes":4,"share":1.556420233463035}],"partyVotes":{"LIB":73,"CPC":172,"BQ":0,"NDP":8,"GRN":0,"PPC":4,"OTH":0}}},"geometry":{"type":"Polygon","coordinates":[[[612.56,87.11],[612.8,86.74],[612.85,86.77],[612.87,86.78],[612.92,86.81],[612.96,86.83],[612.97,86.82],[613.05,86.87],[613.06,86.87],[613.07,86.88],[613.14,86.92],[613.14,86.92],[613.14,86.93],[613.16,86.95],[613.15,86.97],[613,87.19],[612.93,87.17],[612.77,87.27],[612.78,87.29],[612.79,87.31],[612.87,87.38],[612.76,87.54],[612.56,87.4],[612.53,87.37],[612.51,87.38],[612.52,87.37],[612.5,87.36],[612.53,87.34],[612.55,87.32],[612.56,87.3],[612.63,87.24],[612.68,87.17],[612.68,87.17],[612.64,87.17],[612.62,87.16],[612.56,87.11]]]}},{"type":"Feature","id":"35035-117","properties":{"ridingCode":"35035","pollNumber":"117","pollType":"N","advancePollNumber":"607","sourceCode":"117-0","geometryPollNumbers":["117"],"code":"35035-117","resultPollNumbers":["117"],"resultStatus":"exact","result":{"electors":396,"voters":260,"totalVotes":256,"rejected":4,"turnout":65.65656565656566,"winnerId":"jamie-schmale","winnerPartyId":"CPC","runnerUpId":"nell-thomas","runnerUpPartyId":"LIB","margin":52.34375,"top":[{"id":"jamie-schmale","name":"Jamie Schmale","shortName":"Schmale","partyId":"CPC","votes":188,"share":73.4375},{"id":"nell-thomas","name":"Nell Thomas","shortName":"Thomas","partyId":"LIB","votes":54,"share":21.09375},{"id":"alyea-teel","name":"Alyea Teel","shortName":"Teel","partyId":"NDP","votes":10,"share":3.90625},{"id":"michael-penman","name":"Michael Penman","shortName":"Penman","partyId":"PPC","votes":4,"share":1.5625}],"partyVotes":{"LIB":54,"CPC":188,"BQ":0,"NDP":10,"GRN":0,"PPC":4,"OTH":0}}},"geometry":{"type":"Polygon","coordinates":[[[612.14,86.8],[612.38,86.44],[612.43,86.48],[612.44,86.48],[612.44,86.47],[612.44,86.47],[612.52,86.53],[612.54,86.55],[612.76,86.69],[612.76,86.69],[612.75,86.71],[612.75,86.71],[612.8,86.74],[612.56,87.11],[612.62,87.16],[612.64,87.17],[612.68,87.17],[612.68,87.17],[612.63,87.24],[612.56,87.3],[612.55,87.32],[612.53,87.34],[612.5,87.36],[612.24,87.17],[612.05,87.06],[612.05,87.05],[612.04,87.01],[612.04,87],[612.11,86.89],[612.11,86.88],[612.11,86.87],[612.11,86.86],[612.14,86.8]]]}},{"type":"Feature","id":"35035-118","properties":{"ridingCode":"35035","pollNumber":"118","pollType":"N","advancePollNumber":"617","sourceCode":"118-0","geometryPollNumbers":["118"],"code":"35035-118","resultPollNumbers":["118"],"resultStatus":"exact","result":{"electors":395,"voters":206,"totalVotes":205,"rejected":1,"turnout":52.151898734177216,"winnerId":"jamie-schmale","winnerPartyId":"CPC","runnerUpId":"nell-thomas","runnerUpPartyId":"LIB","margin":64.8780487804878,"top":[{"id":"jamie-schmale","name":"Jamie Schmale","shortName":"Schmale","partyId":"CPC","votes":162,"share":79.02439024390245},{"id":"nell-thomas","name":"Nell Thomas","shortName":"Thomas","partyId":"LIB","votes":29,"share":14.146341463414632},{"id":"alyea-teel","name":"Alyea Teel","shortName":"Teel","partyId":"NDP","votes":9,"share":4.390243902439024},{"id":"michael-penman","name":"Michael Penman","shortName":"Penman","partyId":"PPC","votes":5,"share":2.4390243902439024}],"partyVotes":{"LIB":29,"CPC":162,"BQ":0,"NDP":9,"GRN":0,"PPC":5,"OTH":0}}},"geometry":{"type":"Polygon","coordinates":[[[613.05,86.87],[612.97,86.82],[612.96,86.83],[612.92,86.81],[613.26,86.32],[613.23,86.31],[613.21,86.3],[613.14,86.25],[613.3,86.01],[613.25,85.97],[613.25,85.96],[613.26,85.95],[613.26,85.95],[613.2,85.91],[613.37,85.67],[613.45,85.72],[613.54,85.78],[613.83,85.97],[613.77,86.06],[613.77,86.06],[613.8,86.08],[613.81,86.08],[613.85,86.06],[613.86,86.05],[613.87,86.04],[613.93,86.07],[613.76,86.32],[613.59,86.56],[613.55,86.53],[613.53,86.51],[613.5,86.49],[613.49,86.47],[613.16,86.95],[613.14,86.93],[613.14,86.92],[613.14,86.92],[613.07,86.88],[613.06,86.87],[613.05,86.87]]]}},{"type":"Feature","id":"35035-119","properties":{"ridingCode":"35035","pollNumber":"119","pollType":"N","advancePollNumber":"607","sourceCode":"119-0","geometryPollNumbers":["119"],"code":"35035-119","resultPollNumbers":["119"],"resultStatus":"exact","result":{"electors":312,"voters":169,"totalVotes":169,"rejected":0,"turnout":54.166666666666664,"winnerId":"jamie-schmale","winnerPartyId":"CPC","runnerUpId":"nell-thomas","runnerUpPartyId":"LIB","margin":34.319526627218934,"top":[{"id":"jamie-schmale","name":"Jamie Schmale","shortName":"Schmale","partyId":"CPC","votes":110,"share":65.08875739644971},{"id":"nell-thomas","name":"Nell Thomas","shortName":"Thomas","partyId":"LIB","votes":52,"share":30.76923076923077},{"id":"alyea-teel","name":"Alyea Teel","shortName":"Teel","partyId":"NDP","votes":6,"share":3.5502958579881656},{"id":"michael-penman","name":"Michael Penman","shortName":"Penman","partyId":"PPC","votes":1,"share":0.591715976331361}],"partyVotes":{"LIB":52,"CPC":110,"BQ":0,"NDP":6,"GRN":0,"PPC":1,"OTH":0}}},"geometry":{"type":"Polygon","coordinates":[[[612,86.62],[612,86.61],[612.06,86.6],[612.09,86.65],[612.11,86.7],[612.12,86.76],[612.12,86.78],[612.14,86.8],[612.11,86.86],[612.11,86.87],[612.11,86.88],[612.11,86.89],[612.04,87],[612.04,87.01],[612.05,87.05],[612.05,87.06],[612.03,87.08],[612.03,87.11],[612.07,87.14],[612.07,87.14],[612.01,87.24],[611.81,87.1],[611.81,87.09],[611.9,86.97],[611.9,86.97],[611.98,87.02],[612,86.96],[612.03,86.89],[612.02,86.78],[611.99,86.64],[612,86.63],[611.99,86.62],[612,86.62]]]}},{"type":"Feature","id":"35035-120","properties":{"ridingCode":"35035","pollNumber":"120","pollType":"N","advancePollNumber":"607","sourceCode":"120-0","geometryPollNumbers":["120"],"code":"35035-120","resultPollNumbers":["120"],"resultStatus":"exact","result":{"electors":324,"voters":194,"totalVotes":191,"rejected":3,"turnout":59.876543209876544,"winnerId":"jamie-schmale","winnerPartyId":"CPC","runnerUpId":"nell-thomas","runnerUpPartyId":"LIB","margin":34.031413612565444,"top":[{"id":"jamie-schmale","name":"Jamie Schmale","shortName":"Schmale","partyId":"CPC","votes":120,"share":62.82722513089005},{"id":"nell-thomas","name":"Nell Thomas","shortName":"Thomas","partyId":"LIB","votes":55,"share":28.79581151832461},{"id":"alyea-teel","name":"Alyea Teel","shortName":"Teel","partyId":"NDP","votes":14,"share":7.329842931937172},{"id":"michael-penman","name":"Michael Penman","shortName":"Penman","partyId":"PPC","votes":2,"share":1.0471204188481675}],"partyVotes":{"LIB":55,"CPC":120,"BQ":0,"NDP":14,"GRN":0,"PPC":2,"OTH":0}}},"geometry":{"type":"Polygon","coordinates":[[[611.77,86.88],[611.93,86.64],[611.94,86.64],[611.93,86.63],[611.94,86.62],[611.94,86.62],[612,86.61],[612,86.62],[611.99,86.62],[612,86.63],[611.99,86.64],[612.02,86.78],[612.03,86.89],[612,86.96],[611.98,87.02],[611.9,86.97],[611.77,86.88]]]}},{"type":"Feature","id":"35035-121","properties":{"ridingCode":"35035","pollNumber":"121","pollType":"N","advancePollNumber":"607","sourceCode":"121-0","geometryPollNumbers":["121"],"code":"35035-121","resultPollNumbers":["121"],"resultStatus":"exact","result":{"electors":402,"voters":254,"totalVotes":251,"rejected":3,"turnout":63.18407960199005,"winnerId":"jamie-schmale","winnerPartyId":"CPC","runnerUpId":"nell-thomas","runnerUpPartyId":"LIB","margin":40.23904382470119,"top":[{"id":"jamie-schmale","name":"Jamie Schmale","shortName":"Schmale","partyId":"CPC","votes":170,"share":67.72908366533864},{"id":"nell-thomas","name":"Nell Thomas","shortName":"Thomas","partyId":"LIB","votes":69,"share":27.490039840637447},{"id":"alyea-teel","name":"Alyea Teel","shortName":"Teel","partyId":"NDP","votes":8,"share":3.187250996015936},{"id":"michael-penman","name":"Michael Penman","shortName":"Penman","partyId":"PPC","votes":4,"share":1.593625498007968}],"partyVotes":{"LIB":69,"CPC":170,"BQ":0,"NDP":8,"GRN":0,"PPC":4,"OTH":0}}},"geometry":{"type":"Polygon","coordinates":[[[611.77,86.88],[611.68,86.83],[611.68,86.83],[611.94,86.42],[612.07,86.22],[612.21,86.32],[612.23,86.34],[612.38,86.44],[612.14,86.8],[612.12,86.78],[612.12,86.76],[612.11,86.7],[612.09,86.65],[612.06,86.6],[612,86.61],[611.94,86.62],[611.94,86.62],[611.93,86.63],[611.94,86.64],[611.93,86.64],[611.77,86.88]]]}},{"type":"Feature","id":"35035-122","properties":{"ridingCode":"35035","pollNumber":"122","pollType":"N","advancePollNumber":"613","sourceCode":"122-0","geometryPollNumbers":["122"],"code":"35035-122","resultPollNumbers":["122"],"resultStatus":"exact","result":{"electors":384,"voters":173,"totalVotes":173,"rejected":0,"turnout":45.05208333333333,"winnerId":"jamie-schmale","winnerPartyId":"CPC","runnerUpId":"nell-thomas","runnerUpPartyId":"LIB","margin":12.716763005780345,"top":[{"id":"jamie-schmale","name":"Jamie Schmale","shortName":"Schmale","partyId":"CPC","votes":93,"share":53.75722543352601},{"id":"nell-thomas","name":"Nell Thomas","shortName":"Thomas","partyId":"LIB","votes":71,"share":41.040462427745666},{"id":"alyea-teel","name":"Alyea Teel","shortName":"Teel","partyId":"NDP","votes":8,"share":4.624277456647398},{"id":"michael-penman","name":"Michael Penman","shortName":"Penman","partyId":"PPC","votes":1,"share":0.5780346820809248}],"partyVotes":{"LIB":71,"CPC":93,"BQ":0,"NDP":8,"GRN":0,"PPC":1,"OTH":0}}},"geometry":{"type":"Polygon","coordinates":[[[615.93,87.46],[616,87.37],[616.14,87.17],[616.16,87.19],[616.17,87.19],[616.2,87.18],[616.21,87.19],[616.22,87.17],[616.22,87.17],[616.24,87.18],[616.23,87.2],[616.23,87.2],[616.23,87.21],[616.23,87.21],[616.24,87.2],[616.25,87.21],[616.24,87.22],[616.24,87.23],[616.32,87.29],[616.26,87.32],[616.23,87.36],[616.2,87.39],[616.19,87.43],[616.16,87.5],[616.1,87.47],[616.11,87.45],[616.11,87.45],[616.12,87.46],[616.13,87.44],[616.12,87.43],[616.1,87.42],[616.03,87.52],[616.02,87.53],[616.01,87.52],[616.01,87.51],[615.93,87.46]]]}},{"type":"Feature","id":"35035-123","properties":{"ridingCode":"35035","pollNumber":"123","pollType":"N","advancePollNumber":"613","sourceCode":"123-0","geometryPollNumbers":["123"],"code":"35035-123","resultPollNumbers":["123"],"resultStatus":"exact","result":{"electors":413,"voters":168,"totalVotes":167,"rejected":1,"turnout":40.67796610169492,"winnerId":"jamie-schmale","winnerPartyId":"CPC","runnerUpId":"nell-thomas","runnerUpPartyId":"LIB","margin":28.143712574850298,"top":[{"id":"jamie-schmale","name":"Jamie Schmale","shortName":"Schmale","partyId":"CPC","votes":101,"share":60.47904191616767},{"id":"nell-thomas","name":"Nell Thomas","shortName":"Thomas","partyId":"LIB","votes":54,"share":32.33532934131736},{"id":"alyea-teel","name":"Alyea Teel","shortName":"Teel","partyId":"NDP","votes":7,"share":4.191616766467066},{"id":"michael-penman","name":"Michael Penman","shortName":"Penman","partyId":"PPC","votes":5,"share":2.9940119760479043}],"partyVotes":{"LIB":54,"CPC":101,"BQ":0,"NDP":7,"GRN":0,"PPC":5,"OTH":0}}},"geometry":{"type":"Polygon","coordinates":[[[616.2,87.18],[616.17,87.19],[616.16,87.19],[616.14,87.17],[616.27,86.98],[616.28,86.95],[616.41,86.77],[616.42,86.75],[616.54,86.75],[616.51,86.83],[616.48,86.9],[616.47,86.98],[616.46,87.08],[616.46,87.1],[616.46,87.12],[616.45,87.13],[616.44,87.17],[616.41,87.2],[616.39,87.24],[616.32,87.29],[616.24,87.23],[616.24,87.22],[616.25,87.21],[616.24,87.2],[616.23,87.21],[616.23,87.21],[616.23,87.2],[616.23,87.2],[616.24,87.18],[616.22,87.17],[616.22,87.17],[616.21,87.19],[616.2,87.18]]]}},{"type":"Feature","id":"35035-124","properties":{"ridingCode":"35035","pollNumber":"124","pollType":"N","advancePollNumber":"613","sourceCode":"124-0","geometryPollNumbers":["124"],"code":"35035-124","resultPollNumbers":["124"],"resultStatus":"exact","result":{"electors":386,"voters":158,"totalVotes":157,"rejected":1,"turnout":40.932642487046635,"winnerId":"jamie-schmale","winnerPartyId":"CPC","runnerUpId":"nell-thomas","runnerUpPartyId":"LIB","margin":42.038216560509554,"top":[{"id":"jamie-schmale","name":"Jamie Schmale","shortName":"Schmale","partyId":"CPC","votes":107,"share":68.15286624203821},{"id":"nell-thomas","name":"Nell Thomas","shortName":"Thomas","partyId":"LIB","votes":41,"share":26.11464968152866},{"id":"alyea-teel","name":"Alyea Teel","shortName":"Teel","partyId":"NDP","votes":7,"share":4.45859872611465},{"id":"michael-penman","name":"Michael Penman","shortName":"Penman","partyId":"PPC","votes":2,"share":1.2738853503184715}],"partyVotes":{"LIB":41,"CPC":107,"BQ":0,"NDP":7,"GRN":0,"PPC":2,"OTH":0}}},"geometry":{"type":"Polygon","coordinates":[[[615.82,86.67],[615.57,86.5],[615.57,86.49],[615.58,86.49],[615.59,86.48],[615.65,86.39],[615.98,86.61],[616.05,86.5],[616.06,86.48],[616.12,86.39],[616.12,86.38],[616.13,86.39],[616.36,86.54],[616.29,86.64],[616.29,86.65],[616.29,86.65],[616.42,86.75],[616.41,86.77],[616.28,86.95],[616.27,86.98],[616.14,87.17],[616,87.37],[615.93,87.46],[615.89,87.43],[615.88,87.42],[615.88,87.42],[615.86,87.4],[615.83,87.38],[615.98,87.17],[615.94,87.15],[615.91,87.14],[615.85,87.1],[615.84,87.11],[615.84,87.1],[615.83,87.09],[615.75,87.02],[615.74,87.01],[615.72,86.96],[615.71,86.95],[615.63,86.9],[615.56,86.84],[615.56,86.84],[615.56,86.82],[615.56,86.79],[615.57,86.78],[615.58,86.78],[615.6,86.75],[615.61,86.74],[615.63,86.73],[615.67,86.73],[615.69,86.72],[615.74,86.68],[615.74,86.68],[615.74,86.69],[615.74,86.69],[615.75,86.69],[615.75,86.69],[615.76,86.69],[615.76,86.69],[615.77,86.69],[615.76,86.68],[615.76,86.67],[615.77,86.67],[615.78,86.68],[615.78,86.66],[615.79,86.66],[615.81,86.67],[615.82,86.67],[615.82,86.67]]]}},{"type":"Feature","id":"35035-125","properties":{"ridingCode":"35035","pollNumber":"125","pollType":"N","advancePollNumber":"613","sourceCode":"125-0","geometryPollNumbers":["125"],"code":"35035-125","resultPollNumbers":["125"],"resultStatus":"exact","result":{"electors":424,"voters":198,"totalVotes":196,"rejected":2,"turnout":46.69811320754717,"winnerId":"jamie-schmale","winnerPartyId":"CPC","runnerUpId":"nell-thomas","runnerUpPartyId":"LIB","margin":45.91836734693878,"top":[{"id":"jamie-schmale","name":"Jamie Schmale","shortName":"Schmale","partyId":"CPC","votes":138,"share":70.40816326530613},{"id":"nell-thomas","name":"Nell Thomas","shortName":"Thomas","partyId":"LIB","votes":48,"share":24.489795918367346},{"id":"alyea-teel","name":"Alyea Teel","shortName":"Teel","partyId":"NDP","votes":8,"share":4.081632653061225},{"id":"michael-penman","name":"Michael Penman","shortName":"Penman","partyId":"PPC","votes":2,"share":1.0204081632653061}],"partyVotes":{"LIB":48,"CPC":138,"BQ":0,"NDP":8,"GRN":0,"PPC":2,"OTH":0}}},"geometry":{"type":"Polygon","coordinates":[[[615.08,86.88],[615,86.76],[615.1,86.61],[615.16,86.51],[615.22,86.56],[615.28,86.59],[615.29,86.61],[615.29,86.62],[615.3,86.67],[615.31,86.69],[615.33,86.7],[615.19,86.91],[615.17,86.9],[615.17,86.9],[615.17,86.91],[615.16,86.92],[615.17,86.93],[615.18,86.92],[615.17,86.93],[615.17,86.94],[615.14,86.96],[615.08,86.88]]]}},{"type":"Feature","id":"35035-126","properties":{"ridingCode":"35035","pollNumber":"126","pollType":"N","advancePollNumber":"613","sourceCode":"126-0","geometryPollNumbers":["126"],"code":"35035-126","resultPollNumbers":["126"],"resultStatus":"exact","result":{"electors":404,"voters":188,"totalVotes":187,"rejected":1,"turnout":46.53465346534654,"winnerId":"jamie-schmale","winnerPartyId":"CPC","runnerUpId":"nell-thomas","runnerUpPartyId":"LIB","margin":8.55614973262032,"top":[{"id":"jamie-schmale","name":"Jamie Schmale","shortName":"Schmale","partyId":"CPC","votes":96,"share":51.33689839572193},{"id":"nell-thomas","name":"Nell Thomas","shortName":"Thomas","partyId":"LIB","votes":80,"share":42.780748663101605},{"id":"alyea-teel","name":"Alyea Teel","shortName":"Teel","partyId":"NDP","votes":8,"share":4.27807486631016},{"id":"michael-penman","name":"Michael Penman","shortName":"Penman","partyId":"PPC","votes":3,"share":1.6042780748663104}],"partyVotes":{"LIB":80,"CPC":96,"BQ":0,"NDP":8,"GRN":0,"PPC":3,"OTH":0}}},"geometry":{"type":"Polygon","coordinates":[[[615.27,87.07],[615.29,87.05],[615.3,87.03],[615.29,87.02],[615.4,86.86],[615.41,86.85],[615.41,86.84],[615.46,86.78],[615.41,86.75],[615.39,86.74],[615.39,86.73],[615.38,86.72],[615.37,86.67],[615.35,86.66],[615.48,86.47],[615.49,86.46],[615.5,86.46],[615.51,86.46],[615.56,86.49],[615.57,86.49],[615.57,86.5],[615.82,86.67],[615.82,86.67],[615.81,86.67],[615.79,86.66],[615.78,86.66],[615.78,86.68],[615.77,86.67],[615.76,86.67],[615.76,86.68],[615.77,86.69],[615.76,86.69],[615.76,86.69],[615.75,86.69],[615.75,86.69],[615.74,86.69],[615.74,86.69],[615.74,86.68],[615.74,86.68],[615.69,86.72],[615.67,86.73],[615.63,86.73],[615.61,86.74],[615.6,86.75],[615.58,86.78],[615.57,86.78],[615.56,86.79],[615.56,86.82],[615.56,86.84],[615.56,86.84],[615.55,86.86],[615.54,86.86],[615.53,86.87],[615.52,86.87],[615.53,86.89],[615.51,86.9],[615.49,86.92],[615.47,86.92],[615.43,86.97],[615.41,86.99],[615.39,87.02],[615.36,87.04],[615.35,87.09],[615.34,87.11],[615.32,87.13],[615.29,87.15],[615.24,87.09],[615.27,87.06],[615.27,87.07]]]}},{"type":"Feature","id":"35035-127","properties":{"ridingCode":"35035","pollNumber":"127","pollType":"N","advancePollNumber":"613","sourceCode":"127-0","geometryPollNumbers":["127"],"code":"35035-127","resultPollNumbers":["127"],"resultStatus":"exact","result":{"electors":412,"voters":211,"totalVotes":211,"rejected":0,"turnout":51.213592233009706,"winnerId":"jamie-schmale","winnerPartyId":"CPC","runnerUpId":"nell-thomas","runnerUpPartyId":"LIB","margin":40.758293838862556,"top":[{"id":"jamie-schmale","name":"Jamie Schmale","shortName":"Schmale","partyId":"CPC","votes":145,"share":68.72037914691943},{"id":"nell-thomas","name":"Nell Thomas","shortName":"Thomas","partyId":"LIB","votes":59,"share":27.96208530805687},{"id":"michael-penman","name":"Michael Penman","shortName":"Penman","partyId":"PPC","votes":4,"share":1.8957345971563981},{"id":"alyea-teel","name":"Alyea Teel","shortName":"Teel","partyId":"NDP","votes":3,"share":1.4218009478672986}],"partyVotes":{"LIB":59,"CPC":145,"BQ":0,"NDP":3,"GRN":0,"PPC":4,"OTH":0}}},"geometry":{"type":"Polygon","coordinates":[[[615.12,86.2],[615.3,86.31],[615.5,86.45],[615.5,86.46],[615.49,86.46],[615.48,86.47],[615.35,86.66],[615.37,86.67],[615.38,86.72],[615.39,86.73],[615.39,86.74],[615.41,86.75],[615.46,86.78],[615.41,86.84],[615.41,86.85],[615.4,86.86],[615.29,87.02],[615.3,87.03],[615.29,87.05],[615.27,87.07],[615.27,87.06],[615.24,87.09],[615.14,86.96],[615.17,86.94],[615.17,86.93],[615.18,86.92],[615.17,86.93],[615.16,86.92],[615.17,86.91],[615.17,86.9],[615.17,86.9],[615.19,86.91],[615.33,86.7],[615.31,86.69],[615.3,86.67],[615.29,86.62],[615.29,86.61],[615.28,86.59],[615.22,86.56],[615.16,86.51],[615.11,86.47],[615.1,86.46],[615.1,86.45],[615.11,86.42],[615.11,86.4],[615.1,86.39],[615.05,86.36],[615.05,86.36],[615.04,86.35],[615.05,86.33],[615.12,86.23],[615.12,86.21],[615.11,86.2],[615.12,86.2]]]}},{"type":"Feature","id":"35035-128A+128B","properties":{"ridingCode":"35035","pollNumber":"128A+128B","pollType":"N","advancePollNumber":"623","sourceCode":"128-0","geometryPollNumbers":["128"],"code":"35035-128A+128B","resultPollNumbers":["128A","128B"],"resultStatus":"resolved-suffix","result":{"electors":537,"voters":268,"totalVotes":267,"rejected":1,"turnout":49.906890130353815,"winnerId":"jamie-schmale","winnerPartyId":"CPC","runnerUpId":"nell-thomas","runnerUpPartyId":"LIB","margin":24.719101123595504,"top":[{"id":"jamie-schmale","name":"Jamie Schmale","shortName":"Schmale","partyId":"CPC","votes":155,"share":58.052434456928836},{"id":"nell-thomas","name":"Nell Thomas","shortName":"Thomas","partyId":"LIB","votes":89,"share":33.33333333333333},{"id":"alyea-teel","name":"Alyea Teel","shortName":"Teel","partyId":"NDP","votes":14,"share":5.2434456928838955},{"id":"michael-penman","name":"Michael Penman","shortName":"Penman","partyId":"PPC","votes":9,"share":3.3707865168539324}],"partyVotes":{"LIB":89,"CPC":155,"BQ":0,"NDP":14,"GRN":0,"PPC":9,"OTH":0}}},"geometry":{"type":"Polygon","coordinates":[[[614.86,86.38],[614.83,86.31],[614.83,86.29],[614.83,86.26],[614.83,86.21],[614.84,86.21],[614.84,86.22],[614.85,86.23],[614.86,86.21],[614.83,86.19],[614.83,86.19],[614.83,86.18],[614.91,86.06],[614.91,86.06],[615,86.12],[615.11,86.19],[615.11,86.2],[615.12,86.21],[615.12,86.23],[615.05,86.33],[615.04,86.35],[615.05,86.36],[615.05,86.36],[615.1,86.39],[615.11,86.4],[615.11,86.42],[615.1,86.45],[615.1,86.46],[615.11,86.47],[615.16,86.51],[615.1,86.61],[615,86.76],[614.93,86.68],[614.89,86.63],[614.85,86.61],[614.82,86.62],[614.79,86.54],[614.78,86.5],[614.87,86.46],[614.88,86.47],[614.89,86.47],[614.9,86.5],[614.92,86.51],[614.96,86.45],[614.86,86.38]]]}},{"type":"Feature","id":"35035-129A+129B","properties":{"ridingCode":"35035","pollNumber":"129A+129B","pollType":"N","advancePollNumber":"623","sourceCode":"129-0","geometryPollNumbers":["129"],"code":"35035-129A+129B","resultPollNumbers":["129A","129B"],"resultStatus":"resolved-suffix","result":{"electors":504,"voters":222,"totalVotes":221,"rejected":1,"turnout":44.047619047619044,"winnerId":"jamie-schmale","winnerPartyId":"CPC","runnerUpId":"nell-thomas","runnerUpPartyId":"LIB","margin":38.009049773755656,"top":[{"id":"jamie-schmale","name":"Jamie Schmale","shortName":"Schmale","partyId":"CPC","votes":149,"share":67.42081447963801},{"id":"nell-thomas","name":"Nell Thomas","shortName":"Thomas","partyId":"LIB","votes":65,"share":29.411764705882355},{"id":"alyea-teel","name":"Alyea Teel","shortName":"Teel","partyId":"NDP","votes":5,"share":2.262443438914027},{"id":"michael-penman","name":"Michael Penman","shortName":"Penman","partyId":"PPC","votes":2,"share":0.904977375565611}],"partyVotes":{"LIB":65,"CPC":149,"BQ":0,"NDP":5,"GRN":0,"PPC":2,"OTH":0}}},"geometry":{"type":"Polygon","coordinates":[[[614.64,86.06],[614.65,86.04],[614.7,85.92],[614.89,86.04],[614.9,86.05],[614.9,86.06],[614.91,86.06],[614.83,86.18],[614.83,86.19],[614.83,86.19],[614.86,86.21],[614.85,86.23],[614.84,86.22],[614.84,86.21],[614.83,86.21],[614.83,86.26],[614.83,86.29],[614.83,86.31],[614.86,86.38],[614.96,86.45],[614.92,86.51],[614.9,86.5],[614.89,86.47],[614.88,86.47],[614.87,86.46],[614.78,86.5],[614.75,86.37],[614.68,86.2],[614.65,86.1],[614.64,86.06]]]}},{"type":"Feature","id":"35035-130","properties":{"ridingCode":"35035","pollNumber":"130","pollType":"N","advancePollNumber":"616","sourceCode":"130-0","geometryPollNumbers":["130"],"code":"35035-130","resultPollNumbers":["130"],"resultStatus":"exact","result":{"electors":407,"voters":209,"totalVotes":207,"rejected":2,"turnout":51.35135135135135,"winnerId":"jamie-schmale","winnerPartyId":"CPC","runnerUpId":"nell-thomas","runnerUpPartyId":"LIB","margin":28.985507246376812,"top":[{"id":"jamie-schmale","name":"Jamie Schmale","shortName":"Schmale","partyId":"CPC","votes":125,"share":60.38647342995169},{"id":"nell-thomas","name":"Nell Thomas","shortName":"Thomas","partyId":"LIB","votes":65,"share":31.40096618357488},{"id":"alyea-teel","name":"Alyea Teel","shortName":"Teel","partyId":"NDP","votes":13,"share":6.280193236714976},{"id":"michael-penman","name":"Michael Penman","shortName":"Penman","partyId":"PPC","votes":4,"share":1.932367149758454}],"partyVotes":{"LIB":65,"CPC":125,"BQ":0,"NDP":13,"GRN":0,"PPC":4,"OTH":0}}},"geometry":{"type":"Polygon","coordinates":[[[614.42,86.25],[614.43,86.26],[614.44,86.27],[614.52,86.32],[614.58,86.36],[614.6,86.37],[614.61,86.39],[614.62,86.4],[614.61,86.41],[614.59,86.45],[614.59,86.45],[614.59,86.47],[614.6,86.48],[614.66,86.52],[614.73,86.54],[614.79,86.54],[614.82,86.62],[614.79,86.64],[614.76,86.68],[614.74,86.72],[614.68,86.95],[614.59,86.89],[614.5,86.84],[614.5,86.83],[614.49,86.83],[614.48,86.82],[614.47,86.8],[614.43,86.77],[614.43,86.76],[614.41,86.76],[614.4,86.75],[614.4,86.74],[614.4,86.74],[614.41,86.71],[614.43,86.62],[614.44,86.53],[614.44,86.5],[614.43,86.44],[614.43,86.4],[614.35,86.35],[614.42,86.25],[614.42,86.25]]]}},{"type":"Feature","id":"35035-131","properties":{"ridingCode":"35035","pollNumber":"131","pollType":"N","advancePollNumber":"616","sourceCode":"131-0","geometryPollNumbers":["131"],"code":"35035-131","resultPollNumbers":["131"],"resultStatus":"exact","result":{"electors":427,"voters":208,"totalVotes":207,"rejected":1,"turnout":48.711943793911004,"winnerId":"jamie-schmale","winnerPartyId":"CPC","runnerUpId":"nell-thomas","runnerUpPartyId":"LIB","margin":38.64734299516908,"top":[{"id":"jamie-schmale","name":"Jamie Schmale","shortName":"Schmale","partyId":"CPC","votes":137,"share":66.18357487922705},{"id":"nell-thomas","name":"Nell Thomas","shortName":"Thomas","partyId":"LIB","votes":57,"share":27.536231884057973},{"id":"alyea-teel","name":"Alyea Teel","shortName":"Teel","partyId":"NDP","votes":10,"share":4.830917874396135},{"id":"michael-penman","name":"Michael Penman","shortName":"Penman","partyId":"PPC","votes":3,"share":1.4492753623188406}],"partyVotes":{"LIB":57,"CPC":137,"BQ":0,"NDP":10,"GRN":0,"PPC":3,"OTH":0}}},"geometry":{"type":"Polygon","coordinates":[[[614.19,86.6],[614.12,86.7],[614,86.88],[614,86.88],[613.99,86.86],[613.99,86.85],[613.9,86.79],[614,86.64],[614.23,86.28],[614.13,86.22],[614.29,85.97],[614.4,86.04],[614.42,86.05],[614.42,86.11],[614.59,86.22],[614.52,86.32],[614.44,86.27],[614.43,86.26],[614.42,86.25],[614.42,86.25],[614.35,86.35],[614.43,86.4],[614.43,86.44],[614.44,86.5],[614.44,86.53],[614.43,86.62],[614.41,86.71],[614.4,86.74],[614.29,86.67],[614.24,86.64],[614.23,86.62],[614.19,86.6]]]}},{"type":"Feature","id":"35035-132","properties":{"ridingCode":"35035","pollNumber":"132","pollType":"N","advancePollNumber":"616","sourceCode":"132-0","geometryPollNumbers":["132"],"code":"35035-132","resultPollNumbers":["132"],"resultStatus":"exact","result":{"electors":397,"voters":237,"totalVotes":236,"rejected":1,"turnout":59.69773299748111,"winnerId":"jamie-schmale","winnerPartyId":"CPC","runnerUpId":"nell-thomas","runnerUpPartyId":"LIB","margin":27.966101694915253,"top":[{"id":"jamie-schmale","name":"Jamie Schmale","shortName":"Schmale","partyId":"CPC","votes":144,"share":61.016949152542374},{"id":"nell-thomas","name":"Nell Thomas","shortName":"Thomas","partyId":"LIB","votes":78,"share":33.05084745762712},{"id":"alyea-teel","name":"Alyea Teel","shortName":"Teel","partyId":"NDP","votes":11,"share":4.661016949152542},{"id":"michael-penman","name":"Michael Penman","shortName":"Penman","partyId":"PPC","votes":3,"share":1.2711864406779663}],"partyVotes":{"LIB":78,"CPC":144,"BQ":0,"NDP":11,"GRN":0,"PPC":3,"OTH":0}}},"geometry":{"type":"Polygon","coordinates":[[[614.52,86.32],[614.59,86.22],[614.68,86.2],[614.75,86.37],[614.78,86.5],[614.79,86.54],[614.73,86.54],[614.66,86.52],[614.6,86.48],[614.59,86.47],[614.59,86.45],[614.59,86.45],[614.61,86.41],[614.62,86.4],[614.61,86.39],[614.6,86.37],[614.58,86.36],[614.52,86.32]]]}},{"type":"Feature","id":"35035-133","properties":{"ridingCode":"35035","pollNumber":"133","pollType":"N","advancePollNumber":"616","sourceCode":"133-0","geometryPollNumbers":["133"],"code":"35035-133","resultPollNumbers":["133"],"resultStatus":"exact","result":{"electors":429,"voters":156,"totalVotes":156,"rejected":0,"turnout":36.36363636363637,"winnerId":"jamie-schmale","winnerPartyId":"CPC","runnerUpId":"nell-thomas","runnerUpPartyId":"LIB","margin":26.923076923076923,"top":[{"id":"jamie-schmale","name":"Jamie Schmale","shortName":"Schmale","partyId":"CPC","votes":97,"share":62.17948717948718},{"id":"nell-thomas","name":"Nell Thomas","shortName":"Thomas","partyId":"LIB","votes":55,"share":35.256410256410255},{"id":"alyea-teel","name":"Alyea Teel","shortName":"Teel","partyId":"NDP","votes":4,"share":2.564102564102564},{"id":"michael-penman","name":"Michael Penman","shortName":"Penman","partyId":"PPC","votes":0,"share":0}],"partyVotes":{"LIB":55,"CPC":97,"BQ":0,"NDP":4,"GRN":0,"PPC":0,"OTH":0}}},"geometry":{"type":"Polygon","coordinates":[[[613.36,86.91],[613.27,87.03],[613.27,87.05],[613.26,87.05],[613.15,86.97],[613.16,86.95],[613.49,86.47],[613.5,86.49],[613.53,86.51],[613.55,86.53],[613.59,86.56],[613.76,86.32],[613.86,86.39],[613.79,86.49],[613.94,86.6],[613.95,86.61],[613.95,86.61],[614,86.64],[613.9,86.79],[613.73,87.04],[613.64,87.16],[613.54,87.18],[613.56,87.28],[613.55,87.38],[613.41,87.28],[613.44,87.24],[613.44,87.23],[613.45,87.16],[613.45,87.15],[613.45,87.14],[613.46,87.13],[613.46,87.11],[613.47,87.12],[613.54,87.13],[613.54,87.04],[613.55,87.01],[613.46,86.97],[613.44,86.96],[613.36,86.91]]]}},{"type":"Feature","id":"35035-134","properties":{"ridingCode":"35035","pollNumber":"134","pollType":"N","advancePollNumber":"616","sourceCode":"134-0","geometryPollNumbers":["134"],"code":"35035-134","resultPollNumbers":["134"],"resultStatus":"exact","result":{"electors":454,"voters":264,"totalVotes":264,"rejected":0,"turnout":58.14977973568281,"winnerId":"jamie-schmale","winnerPartyId":"CPC","runnerUpId":"nell-thomas","runnerUpPartyId":"LIB","margin":34.46969696969697,"top":[{"id":"jamie-schmale","name":"Jamie Schmale","shortName":"Schmale","partyId":"CPC","votes":170,"share":64.39393939393939},{"id":"nell-thomas","name":"Nell Thomas","shortName":"Thomas","partyId":"LIB","votes":79,"share":29.924242424242426},{"id":"alyea-teel","name":"Alyea Teel","shortName":"Teel","partyId":"NDP","votes":11,"share":4.166666666666666},{"id":"michael-penman","name":"Michael Penman","shortName":"Penman","partyId":"PPC","votes":4,"share":1.5151515151515151}],"partyVotes":{"LIB":79,"CPC":170,"BQ":0,"NDP":11,"GRN":0,"PPC":4,"OTH":0}}},"geometry":{"type":"Polygon","coordinates":[[[613.86,86.39],[613.76,86.32],[613.93,86.07],[613.87,86.04],[613.86,86.05],[613.85,86.06],[613.81,86.08],[613.8,86.08],[613.77,86.06],[613.77,86.06],[613.83,85.97],[613.85,85.98],[613.98,85.78],[614.14,85.53],[614.24,85.61],[614.19,85.68],[614.12,85.77],[614.09,85.82],[614.09,85.81],[614.08,85.82],[614.11,85.84],[614.14,85.87],[614.24,85.94],[614.25,85.93],[614.24,85.93],[614.25,85.92],[614.25,85.92],[614.26,85.93],[614.26,85.93],[614.27,85.94],[614.26,85.95],[614.29,85.97],[614.13,86.22],[614.23,86.28],[614,86.64],[613.95,86.61],[613.95,86.61],[613.94,86.6],[613.79,86.49],[613.86,86.39]]]}},{"type":"Feature","id":"35035-135","properties":{"ridingCode":"35035","pollNumber":"135","pollType":"N","advancePollNumber":"618","sourceCode":"135-0","geometryPollNumbers":["135"],"code":"35035-135","resultPollNumbers":["135"],"resultStatus":"exact","result":{"electors":444,"voters":199,"totalVotes":199,"rejected":0,"turnout":44.81981981981982,"winnerId":"jamie-schmale","winnerPartyId":"CPC","runnerUpId":"nell-thomas","runnerUpPartyId":"LIB","margin":37.68844221105528,"top":[{"id":"jamie-schmale","name":"Jamie Schmale","shortName":"Schmale","partyId":"CPC","votes":129,"share":64.82412060301507},{"id":"nell-thomas","name":"Nell Thomas","shortName":"Thomas","partyId":"LIB","votes":54,"share":27.1356783919598},{"id":"alyea-teel","name":"Alyea Teel","shortName":"Teel","partyId":"NDP","votes":14,"share":7.035175879396985},{"id":"michael-penman","name":"Michael Penman","shortName":"Penman","partyId":"PPC","votes":2,"share":1.0050251256281406}],"partyVotes":{"LIB":54,"CPC":129,"BQ":0,"NDP":14,"GRN":0,"PPC":2,"OTH":0}}},"geometry":{"type":"Polygon","coordinates":[[[614.11,85.84],[614.08,85.82],[614.09,85.81],[614.09,85.82],[614.12,85.77],[614.19,85.68],[614.24,85.61],[614.34,85.67],[614.45,85.75],[614.41,85.8],[614.43,85.82],[614.45,85.86],[614.46,85.87],[614.5,85.91],[614.51,85.96],[614.53,85.98],[614.55,86.06],[614.64,86.06],[614.65,86.1],[614.68,86.2],[614.59,86.22],[614.42,86.11],[614.42,86.05],[614.4,86.04],[614.29,85.97],[614.26,85.95],[614.27,85.94],[614.26,85.93],[614.26,85.93],[614.25,85.92],[614.25,85.92],[614.24,85.93],[614.25,85.93],[614.24,85.94],[614.14,85.87],[614.11,85.84]]]}},{"type":"Feature","id":"35035-136","properties":{"ridingCode":"35035","pollNumber":"136","pollType":"N","advancePollNumber":"628","sourceCode":"136-0","geometryPollNumbers":["136"],"code":"35035-136","resultPollNumbers":["136"],"resultStatus":"exact","result":{"electors":406,"voters":185,"totalVotes":185,"rejected":0,"turnout":45.566502463054185,"winnerId":"jamie-schmale","winnerPartyId":"CPC","runnerUpId":"nell-thomas","runnerUpPartyId":"LIB","margin":41.08108108108108,"top":[{"id":"jamie-schmale","name":"Jamie Schmale","shortName":"Schmale","partyId":"CPC","votes":125,"share":67.56756756756756},{"id":"nell-thomas","name":"Nell Thomas","shortName":"Thomas","partyId":"LIB","votes":49,"share":26.486486486486488},{"id":"alyea-teel","name":"Alyea Teel","shortName":"Teel","partyId":"NDP","votes":10,"share":5.405405405405405},{"id":"michael-penman","name":"Michael Penman","shortName":"Penman","partyId":"PPC","votes":1,"share":0.5405405405405406}],"partyVotes":{"LIB":49,"CPC":125,"BQ":0,"NDP":10,"GRN":0,"PPC":1,"OTH":0}}},"geometry":{"type":"Polygon","coordinates":[[[616.49,86.59],[616.53,86.42],[616.54,86.34],[616.55,86.19],[616.62,86.22],[616.73,86.29],[616.88,86.07],[616.96,86.12],[616.97,86.12],[616.81,86.35],[616.69,86.53],[616.6,86.66],[616.54,86.75],[616.47,86.68],[616.49,86.59]]]}},{"type":"Feature","id":"35035-137","properties":{"ridingCode":"35035","pollNumber":"137","pollType":"N","advancePollNumber":"628","sourceCode":"137-0","geometryPollNumbers":["137"],"code":"35035-137","resultPollNumbers":["137"],"resultStatus":"exact","result":{"electors":412,"voters":228,"totalVotes":228,"rejected":0,"turnout":55.33980582524271,"winnerId":"jamie-schmale","winnerPartyId":"CPC","runnerUpId":"nell-thomas","runnerUpPartyId":"LIB","margin":2.631578947368421,"top":[{"id":"jamie-schmale","name":"Jamie Schmale","shortName":"Schmale","partyId":"CPC","votes":110,"share":48.24561403508772},{"id":"nell-thomas","name":"Nell Thomas","shortName":"Thomas","partyId":"LIB","votes":104,"share":45.614035087719294},{"id":"alyea-teel","name":"Alyea Teel","shortName":"Teel","partyId":"NDP","votes":12,"share":5.263157894736842},{"id":"michael-penman","name":"Michael Penman","shortName":"Penman","partyId":"PPC","votes":2,"share":0.8771929824561403}],"partyVotes":{"LIB":104,"CPC":110,"BQ":0,"NDP":12,"GRN":0,"PPC":2,"OTH":0}}},"geometry":{"type":"Polygon","coordinates":[[[616.56,86.13],[616.57,85.96],[616.56,85.94],[616.58,85.94],[616.59,85.94],[616.59,85.94],[616.58,85.96],[616.58,85.98],[616.59,85.99],[616.62,86.01],[616.62,86.03],[616.63,86.03],[616.68,85.95],[616.69,85.94],[616.69,85.94],[616.73,85.89],[616.74,85.88],[616.78,85.91],[616.78,85.91],[616.82,85.86],[616.96,85.95],[616.98,85.92],[616.97,85.96],[616.99,85.97],[617.01,85.94],[617.03,85.91],[617.04,85.91],[617.04,85.92],[617.07,85.9],[617.1,85.92],[616.97,86.12],[616.96,86.12],[616.88,86.07],[616.73,86.29],[616.62,86.22],[616.55,86.19],[616.56,86.13]]]}},{"type":"Feature","id":"35035-138","properties":{"ridingCode":"35035","pollNumber":"138","pollType":"N","advancePollNumber":"627","sourceCode":"138-0","geometryPollNumbers":["138"],"code":"35035-138","resultPollNumbers":["138"],"resultStatus":"exact","result":{"electors":322,"voters":157,"totalVotes":157,"rejected":0,"turnout":48.75776397515528,"winnerId":"jamie-schmale","winnerPartyId":"CPC","runnerUpId":"nell-thomas","runnerUpPartyId":"LIB","margin":41.40127388535032,"top":[{"id":"jamie-schmale","name":"Jamie Schmale","shortName":"Schmale","partyId":"CPC","votes":103,"share":65.60509554140127},{"id":"nell-thomas","name":"Nell Thomas","shortName":"Thomas","partyId":"LIB","votes":38,"share":24.203821656050955},{"id":"alyea-teel","name":"Alyea Teel","shortName":"Teel","partyId":"NDP","votes":11,"share":7.006369426751593},{"id":"michael-penman","name":"Michael Penman","shortName":"Penman","partyId":"PPC","votes":5,"share":3.1847133757961785}],"partyVotes":{"LIB":38,"CPC":103,"BQ":0,"NDP":11,"GRN":0,"PPC":5,"OTH":0}}},"geometry":{"type":"Polygon","coordinates":[[[616.42,85.73],[616.46,85.74],[616.48,85.76],[616.48,85.77],[616.47,85.77],[616.48,85.78],[616.48,85.79],[616.65,85.9],[616.64,85.91],[616.63,85.91],[616.61,85.95],[616.59,85.94],[616.59,85.94],[616.58,85.94],[616.56,85.94],[616.56,85.93],[616.54,85.91],[616.46,85.88],[616.45,85.86],[616.42,85.73],[616.42,85.73]]]}},{"type":"Feature","id":"35035-139","properties":{"ridingCode":"35035","pollNumber":"139","pollType":"N","advancePollNumber":"628","sourceCode":"139-0","geometryPollNumbers":["139"],"code":"35035-139","resultPollNumbers":["139"],"resultStatus":"exact","result":{"electors":442,"voters":225,"totalVotes":225,"rejected":0,"turnout":50.90497737556561,"winnerId":"jamie-schmale","winnerPartyId":"CPC","runnerUpId":"nell-thomas","runnerUpPartyId":"LIB","margin":15.11111111111111,"top":[{"id":"jamie-schmale","name":"Jamie Schmale","shortName":"Schmale","partyId":"CPC","votes":124,"share":55.111111111111114},{"id":"nell-thomas","name":"Nell Thomas","shortName":"Thomas","partyId":"LIB","votes":90,"share":40},{"id":"alyea-teel","name":"Alyea Teel","shortName":"Teel","partyId":"NDP","votes":6,"share":2.666666666666667},{"id":"michael-penman","name":"Michael Penman","shortName":"Penman","partyId":"PPC","votes":5,"share":2.2222222222222223}],"partyVotes":{"LIB":90,"CPC":124,"BQ":0,"NDP":6,"GRN":0,"PPC":5,"OTH":0}}},"geometry":{"type":"Polygon","coordinates":[[[616.82,85.86],[616.93,85.69],[616.94,85.7],[616.95,85.7],[616.96,85.71],[616.97,85.71],[616.99,85.7],[617.02,85.68],[617.03,85.68],[617.03,85.68],[617.2,85.78],[617.14,85.88],[617.11,85.91],[617.1,85.92],[617.07,85.9],[617.04,85.92],[617.04,85.91],[617.03,85.91],[617.01,85.94],[616.99,85.97],[616.97,85.96],[616.98,85.92],[616.96,85.95],[616.82,85.86]]]}},{"type":"Feature","id":"35035-140","properties":{"ridingCode":"35035","pollNumber":"140","pollType":"N","advancePollNumber":"617","sourceCode":"140-0","geometryPollNumbers":["140"],"code":"35035-140","resultPollNumbers":["140"],"resultStatus":"exact","result":{"electors":315,"voters":142,"totalVotes":142,"rejected":0,"turnout":45.07936507936508,"winnerId":"jamie-schmale","winnerPartyId":"CPC","runnerUpId":"nell-thomas","runnerUpPartyId":"LIB","margin":33.80281690140845,"top":[{"id":"jamie-schmale","name":"Jamie Schmale","shortName":"Schmale","partyId":"CPC","votes":92,"share":64.7887323943662},{"id":"nell-thomas","name":"Nell Thomas","shortName":"Thomas","partyId":"LIB","votes":44,"share":30.985915492957744},{"id":"alyea-teel","name":"Alyea Teel","shortName":"Teel","partyId":"NDP","votes":4,"share":2.8169014084507045},{"id":"michael-penman","name":"Michael Penman","shortName":"Penman","partyId":"PPC","votes":2,"share":1.4084507042253522}],"partyVotes":{"LIB":44,"CPC":92,"BQ":0,"NDP":4,"GRN":0,"PPC":2,"OTH":0}}},"geometry":{"type":"Polygon","coordinates":[[[612.21,86.32],[612.07,86.22],[612.39,85.72],[612.41,85.73],[612.44,85.76],[612.64,85.9],[612.67,85.91],[612.75,85.97],[612.76,85.97],[612.78,85.98],[612.81,86],[612.86,86.03],[612.89,86.06],[613.05,86.17],[613.06,86.18],[613.08,86.21],[613.09,86.22],[613.14,86.25],[613.21,86.3],[613.23,86.31],[613.26,86.32],[612.92,86.81],[612.87,86.78],[612.85,86.77],[612.8,86.74],[612.75,86.71],[612.75,86.71],[612.76,86.69],[612.76,86.69],[612.54,86.55],[612.52,86.53],[612.44,86.47],[612.44,86.47],[612.44,86.48],[612.43,86.48],[612.38,86.44],[612.23,86.34],[612.21,86.32]]]}},{"type":"Feature","id":"35035-141","properties":{"ridingCode":"35035","pollNumber":"141","pollType":"N","advancePollNumber":"617","sourceCode":"141-0","geometryPollNumbers":["141"],"code":"35035-141","resultPollNumbers":["141"],"resultStatus":"exact","result":{"electors":289,"voters":116,"totalVotes":115,"rejected":1,"turnout":40.13840830449827,"winnerId":"jamie-schmale","winnerPartyId":"CPC","runnerUpId":"nell-thomas","runnerUpPartyId":"LIB","margin":60.86956521739131,"top":[{"id":"jamie-schmale","name":"Jamie Schmale","shortName":"Schmale","partyId":"CPC","votes":91,"share":79.13043478260869},{"id":"nell-thomas","name":"Nell Thomas","shortName":"Thomas","partyId":"LIB","votes":21,"share":18.26086956521739},{"id":"alyea-teel","name":"Alyea Teel","shortName":"Teel","partyId":"NDP","votes":3,"share":2.608695652173913},{"id":"michael-penman","name":"Michael Penman","shortName":"Penman","partyId":"PPC","votes":0,"share":0}],"partyVotes":{"LIB":21,"CPC":91,"BQ":0,"NDP":3,"GRN":0,"PPC":0,"OTH":0}}},"geometry":{"type":"Polygon","coordinates":[[[612.64,85.9],[612.44,85.76],[612.41,85.73],[612.39,85.72],[612.71,85.22],[612.72,85.23],[612.82,85.3],[612.66,85.55],[612.77,85.62],[612.92,85.73],[612.95,85.73],[613.03,85.79],[613.05,85.81],[613.09,85.84],[613.14,85.87],[613.16,85.88],[613.2,85.91],[613.26,85.95],[613.26,85.95],[613.25,85.96],[613.25,85.97],[613.3,86.01],[613.14,86.25],[613.09,86.22],[613.08,86.21],[613.06,86.18],[613.05,86.17],[612.89,86.06],[612.86,86.03],[612.81,86],[612.78,85.98],[612.76,85.97],[612.75,85.97],[612.67,85.91],[612.64,85.9]]]}},{"type":"Feature","id":"35035-142","properties":{"ridingCode":"35035","pollNumber":"142","pollType":"N","advancePollNumber":"617","sourceCode":"142-0","geometryPollNumbers":["142"],"code":"35035-142","resultPollNumbers":["142"],"resultStatus":"exact","result":{"electors":324,"voters":190,"totalVotes":190,"rejected":0,"turnout":58.64197530864198,"winnerId":"jamie-schmale","winnerPartyId":"CPC","runnerUpId":"nell-thomas","runnerUpPartyId":"LIB","margin":48.421052631578945,"top":[{"id":"jamie-schmale","name":"Jamie Schmale","shortName":"Schmale","partyId":"CPC","votes":136,"share":71.57894736842105},{"id":"nell-thomas","name":"Nell Thomas","shortName":"Thomas","partyId":"LIB","votes":44,"share":23.157894736842106},{"id":"alyea-teel","name":"Alyea Teel","shortName":"Teel","partyId":"NDP","votes":7,"share":3.684210526315789},{"id":"michael-penman","name":"Michael Penman","shortName":"Penman","partyId":"PPC","votes":3,"share":1.5789473684210527}],"partyVotes":{"LIB":44,"CPC":136,"BQ":0,"NDP":7,"GRN":0,"PPC":3,"OTH":0}}},"geometry":{"type":"Polygon","coordinates":[[[612.77,85.62],[612.93,85.37],[612.96,85.4],[613.37,85.67],[613.2,85.91],[613.16,85.88],[613.14,85.87],[613.09,85.84],[613.05,85.81],[613.03,85.79],[612.95,85.73],[612.92,85.73],[612.77,85.62]]]}},{"type":"Feature","id":"35035-143","properties":{"ridingCode":"35035","pollNumber":"143","pollType":"N","advancePollNumber":"617","sourceCode":"143-0","geometryPollNumbers":["143"],"code":"35035-143","resultPollNumbers":["143"],"resultStatus":"exact","result":{"electors":399,"voters":240,"totalVotes":239,"rejected":1,"turnout":60.150375939849624,"winnerId":"jamie-schmale","winnerPartyId":"CPC","runnerUpId":"nell-thomas","runnerUpPartyId":"LIB","margin":49.37238493723849,"top":[{"id":"jamie-schmale","name":"Jamie Schmale","shortName":"Schmale","partyId":"CPC","votes":174,"share":72.80334728033473},{"id":"nell-thomas","name":"Nell Thomas","shortName":"Thomas","partyId":"LIB","votes":56,"share":23.430962343096233},{"id":"alyea-teel","name":"Alyea Teel","shortName":"Teel","partyId":"NDP","votes":7,"share":2.928870292887029},{"id":"michael-penman","name":"Michael Penman","shortName":"Penman","partyId":"PPC","votes":2,"share":0.8368200836820083}],"partyVotes":{"LIB":56,"CPC":174,"BQ":0,"NDP":7,"GRN":0,"PPC":2,"OTH":0}}},"geometry":{"type":"Polygon","coordinates":[[[612.66,85.55],[612.82,85.3],[612.93,85.37],[612.77,85.62],[612.66,85.55]]]}},{"type":"Feature","id":"35035-144","properties":{"ridingCode":"35035","pollNumber":"144","pollType":"N","advancePollNumber":"617","sourceCode":"144-0","geometryPollNumbers":["144"],"code":"35035-144","resultPollNumbers":["144"],"resultStatus":"exact","result":{"electors":348,"voters":196,"totalVotes":194,"rejected":2,"turnout":56.32183908045977,"winnerId":"jamie-schmale","winnerPartyId":"CPC","runnerUpId":"nell-thomas","runnerUpPartyId":"LIB","margin":57.73195876288659,"top":[{"id":"jamie-schmale","name":"Jamie Schmale","shortName":"Schmale","partyId":"CPC","votes":146,"share":75.25773195876289},{"id":"nell-thomas","name":"Nell Thomas","shortName":"Thomas","partyId":"LIB","votes":34,"share":17.525773195876287},{"id":"alyea-teel","name":"Alyea Teel","shortName":"Teel","partyId":"NDP","votes":11,"share":5.670103092783505},{"id":"michael-penman","name":"Michael Penman","shortName":"Penman","partyId":"PPC","votes":3,"share":1.5463917525773196}],"partyVotes":{"LIB":34,"CPC":146,"BQ":0,"NDP":11,"GRN":0,"PPC":3,"OTH":0}}},"geometry":{"type":"Polygon","coordinates":[[[612.71,85.22],[612.84,85.03],[612.92,84.9],[613.17,85.07],[612.96,85.37],[612.97,85.38],[612.96,85.4],[612.93,85.37],[612.82,85.3],[612.72,85.23],[612.71,85.22]]]}},{"type":"Feature","id":"35035-145","properties":{"ridingCode":"35035","pollNumber":"145","pollType":"N","advancePollNumber":"617","sourceCode":"145-0","geometryPollNumbers":["145"],"code":"35035-145","resultPollNumbers":["145"],"resultStatus":"exact","result":{"electors":367,"voters":176,"totalVotes":176,"rejected":0,"turnout":47.956403269754766,"winnerId":"jamie-schmale","winnerPartyId":"CPC","runnerUpId":"nell-thomas","runnerUpPartyId":"LIB","margin":43.75,"top":[{"id":"jamie-schmale","name":"Jamie Schmale","shortName":"Schmale","partyId":"CPC","votes":122,"share":69.31818181818183},{"id":"nell-thomas","name":"Nell Thomas","shortName":"Thomas","partyId":"LIB","votes":45,"share":25.568181818181817},{"id":"alyea-teel","name":"Alyea Teel","shortName":"Teel","partyId":"NDP","votes":8,"share":4.545454545454546},{"id":"michael-penman","name":"Michael Penman","shortName":"Penman","partyId":"PPC","votes":1,"share":0.5681818181818182}],"partyVotes":{"LIB":45,"CPC":122,"BQ":0,"NDP":8,"GRN":0,"PPC":1,"OTH":0}}},"geometry":{"type":"Polygon","coordinates":[[[612.99,84.8],[613.07,84.68],[613.31,84.84],[613.56,85],[613.45,85.17],[613.45,85.18],[613.27,85.44],[613.51,85.61],[613.49,85.64],[613.45,85.72],[613.37,85.67],[612.96,85.4],[612.97,85.38],[612.96,85.37],[613.17,85.07],[612.92,84.9],[612.99,84.8]]]}},{"type":"Feature","id":"35035-146","properties":{"ridingCode":"35035","pollNumber":"146","pollType":"N","advancePollNumber":"613","sourceCode":"146-0","geometryPollNumbers":["146"],"code":"35035-146","resultPollNumbers":["146"],"resultStatus":"exact","result":{"electors":306,"voters":173,"totalVotes":173,"rejected":0,"turnout":56.5359477124183,"winnerId":"jamie-schmale","winnerPartyId":"CPC","runnerUpId":"nell-thomas","runnerUpPartyId":"LIB","margin":30.057803468208093,"top":[{"id":"jamie-schmale","name":"Jamie Schmale","shortName":"Schmale","partyId":"CPC","votes":110,"share":63.58381502890174},{"id":"nell-thomas","name":"Nell Thomas","shortName":"Thomas","partyId":"LIB","votes":58,"share":33.52601156069364},{"id":"alyea-teel","name":"Alyea Teel","shortName":"Teel","partyId":"NDP","votes":3,"share":1.7341040462427744},{"id":"michael-penman","name":"Michael Penman","shortName":"Penman","partyId":"PPC","votes":2,"share":1.1560693641618496}],"partyVotes":{"LIB":58,"CPC":110,"BQ":0,"NDP":3,"GRN":0,"PPC":2,"OTH":0}}},"geometry":{"type":"Polygon","coordinates":[[[616.09,86.36],[616.09,86.35],[616.09,86.35],[616.16,86.23],[616.17,86.22],[616.23,86.12],[616.31,86.01],[616.45,86.11],[616.47,86.12],[616.56,86.13],[616.55,86.19],[616.54,86.34],[616.53,86.42],[616.49,86.59],[616.47,86.68],[616.54,86.75],[616.42,86.75],[616.29,86.65],[616.29,86.65],[616.29,86.64],[616.36,86.54],[616.13,86.39],[616.12,86.38],[616.12,86.38],[616.09,86.36]]]}},{"type":"Feature","id":"35035-147","properties":{"ridingCode":"35035","pollNumber":"147","pollType":"N","advancePollNumber":"623","sourceCode":"147-0","geometryPollNumbers":["147"],"code":"35035-147","resultPollNumbers":["147"],"resultStatus":"exact","result":{"electors":331,"voters":181,"totalVotes":179,"rejected":2,"turnout":54.68277945619335,"winnerId":"jamie-schmale","winnerPartyId":"CPC","runnerUpId":"nell-thomas","runnerUpPartyId":"LIB","margin":43.01675977653631,"top":[{"id":"jamie-schmale","name":"Jamie Schmale","shortName":"Schmale","partyId":"CPC","votes":125,"share":69.83240223463687},{"id":"nell-thomas","name":"Nell Thomas","shortName":"Thomas","partyId":"LIB","votes":48,"share":26.81564245810056},{"id":"michael-penman","name":"Michael Penman","shortName":"Penman","partyId":"PPC","votes":3,"share":1.675977653631285},{"id":"alyea-teel","name":"Alyea Teel","shortName":"Teel","partyId":"NDP","votes":3,"share":1.675977653631285}],"partyVotes":{"LIB":48,"CPC":125,"BQ":0,"NDP":3,"GRN":0,"PPC":3,"OTH":0}}},"geometry":{"type":"Polygon","coordinates":[[[615.3,86.31],[615.59,85.88],[615.62,85.87],[615.63,85.88],[615.88,86.05],[615.9,86.02],[615.95,85.93],[616.23,86.12],[616.17,86.22],[616.16,86.23],[616.09,86.35],[616.09,86.35],[616.09,86.36],[616.12,86.38],[616.12,86.38],[616.12,86.39],[616.06,86.48],[616.05,86.5],[615.98,86.61],[615.65,86.39],[615.59,86.48],[615.58,86.49],[615.57,86.49],[615.56,86.49],[615.51,86.46],[615.5,86.46],[615.5,86.45],[615.3,86.31]]]}},{"type":"Feature","id":"35035-148","properties":{"ridingCode":"35035","pollNumber":"148","pollType":"N","advancePollNumber":"623","sourceCode":"148-0","geometryPollNumbers":["148"],"code":"35035-148","resultPollNumbers":["148"],"resultStatus":"exact","result":{"electors":409,"voters":204,"totalVotes":203,"rejected":1,"turnout":49.877750611246945,"winnerId":"jamie-schmale","winnerPartyId":"CPC","runnerUpId":"nell-thomas","runnerUpPartyId":"LIB","margin":21.182266009852217,"top":[{"id":"jamie-schmale","name":"Jamie Schmale","shortName":"Schmale","partyId":"CPC","votes":120,"share":59.11330049261084},{"id":"nell-thomas","name":"Nell Thomas","shortName":"Thomas","partyId":"LIB","votes":77,"share":37.93103448275862},{"id":"alyea-teel","name":"Alyea Teel","shortName":"Teel","partyId":"NDP","votes":5,"share":2.4630541871921183},{"id":"michael-penman","name":"Michael Penman","shortName":"Penman","partyId":"PPC","votes":1,"share":0.49261083743842365}],"partyVotes":{"LIB":77,"CPC":120,"BQ":0,"NDP":5,"GRN":0,"PPC":1,"OTH":0}}},"geometry":{"type":"Polygon","coordinates":[[[616.02,85.82],[616.1,85.71],[616.39,85.89],[616.39,85.84],[616.42,85.84],[616.42,85.83],[616.43,85.83],[616.43,85.84],[616.43,85.85],[616.44,85.86],[616.45,85.86],[616.46,85.88],[616.54,85.91],[616.56,85.93],[616.56,85.94],[616.57,85.96],[616.56,86.13],[616.47,86.12],[616.45,86.11],[616.31,86.01],[616.02,85.82]]]}},{"type":"Feature","id":"35035-149","properties":{"ridingCode":"35035","pollNumber":"149","pollType":"N","advancePollNumber":"623","sourceCode":"149-0","geometryPollNumbers":["149"],"code":"35035-149","resultPollNumbers":["149"],"resultStatus":"exact","result":{"electors":366,"voters":209,"totalVotes":205,"rejected":4,"turnout":57.103825136612016,"winnerId":"jamie-schmale","winnerPartyId":"CPC","runnerUpId":"nell-thomas","runnerUpPartyId":"LIB","margin":51.707317073170735,"top":[{"id":"jamie-schmale","name":"Jamie Schmale","shortName":"Schmale","partyId":"CPC","votes":153,"share":74.63414634146342},{"id":"nell-thomas","name":"Nell Thomas","shortName":"Thomas","partyId":"LIB","votes":47,"share":22.926829268292686},{"id":"alyea-teel","name":"Alyea Teel","shortName":"Teel","partyId":"NDP","votes":4,"share":1.951219512195122},{"id":"michael-penman","name":"Michael Penman","shortName":"Penman","partyId":"PPC","votes":1,"share":0.4878048780487805}],"partyVotes":{"LIB":47,"CPC":153,"BQ":0,"NDP":4,"GRN":0,"PPC":1,"OTH":0}}},"geometry":{"type":"Polygon","coordinates":[[[615.56,85.51],[615.7,85.32],[615.71,85.3],[615.73,85.3],[615.75,85.28],[615.78,85.3],[615.79,85.3],[615.84,85.34],[615.92,85.38],[615.9,85.4],[615.9,85.41],[615.91,85.41],[616.18,85.59],[616.1,85.71],[616.02,85.82],[616.31,86.01],[616.23,86.12],[615.95,85.93],[615.9,86.02],[615.88,86.05],[615.63,85.88],[615.62,85.87],[615.59,85.88],[615.68,85.73],[615.61,85.69],[615.68,85.59],[615.56,85.51]]]}},{"type":"Feature","id":"35035-150","properties":{"ridingCode":"35035","pollNumber":"150","pollType":"N","advancePollNumber":"627","sourceCode":"150-0","geometryPollNumbers":["150"],"code":"35035-150","resultPollNumbers":["150"],"resultStatus":"exact","result":{"electors":395,"voters":147,"totalVotes":147,"rejected":0,"turnout":37.21518987341772,"winnerId":"jamie-schmale","winnerPartyId":"CPC","runnerUpId":"nell-thomas","runnerUpPartyId":"LIB","margin":37.41496598639456,"top":[{"id":"jamie-schmale","name":"Jamie Schmale","shortName":"Schmale","partyId":"CPC","votes":97,"share":65.98639455782312},{"id":"nell-thomas","name":"Nell Thomas","shortName":"Thomas","partyId":"LIB","votes":42,"share":28.57142857142857},{"id":"alyea-teel","name":"Alyea Teel","shortName":"Teel","partyId":"NDP","votes":5,"share":3.4013605442176873},{"id":"michael-penman","name":"Michael Penman","shortName":"Penman","partyId":"PPC","votes":3,"share":2.0408163265306123}],"partyVotes":{"LIB":42,"CPC":97,"BQ":0,"NDP":5,"GRN":0,"PPC":3,"OTH":0}}},"geometry":{"type":"Polygon","coordinates":[[[616.18,85.59],[616.26,85.47],[616.44,85.59],[616.45,85.62],[616.46,85.64],[616.46,85.65],[616.45,85.68],[616.43,85.7],[616.42,85.73],[616.42,85.73],[616.45,85.86],[616.44,85.86],[616.43,85.85],[616.43,85.84],[616.43,85.83],[616.42,85.83],[616.42,85.84],[616.39,85.84],[616.39,85.89],[616.1,85.71],[616.18,85.59]]]}},{"type":"Feature","id":"35035-151","properties":{"ridingCode":"35035","pollNumber":"151","pollType":"N","advancePollNumber":"627","sourceCode":"151-0","geometryPollNumbers":["151"],"code":"35035-151","resultPollNumbers":["151"],"resultStatus":"exact","result":{"electors":386,"voters":147,"totalVotes":146,"rejected":1,"turnout":38.082901554404145,"winnerId":"jamie-schmale","winnerPartyId":"CPC","runnerUpId":"nell-thomas","runnerUpPartyId":"LIB","margin":34.24657534246575,"top":[{"id":"jamie-schmale","name":"Jamie Schmale","shortName":"Schmale","partyId":"CPC","votes":94,"share":64.38356164383562},{"id":"nell-thomas","name":"Nell Thomas","shortName":"Thomas","partyId":"LIB","votes":44,"share":30.136986301369863},{"id":"alyea-teel","name":"Alyea Teel","shortName":"Teel","partyId":"NDP","votes":6,"share":4.10958904109589},{"id":"michael-penman","name":"Michael Penman","shortName":"Penman","partyId":"PPC","votes":2,"share":1.36986301369863}],"partyVotes":{"LIB":44,"CPC":94,"BQ":0,"NDP":6,"GRN":0,"PPC":2,"OTH":0}}},"geometry":{"type":"Polygon","coordinates":[[[616.48,85.76],[616.46,85.74],[616.42,85.73],[616.43,85.7],[616.45,85.68],[616.46,85.65],[616.46,85.64],[616.45,85.62],[616.44,85.59],[616.4,85.44],[616.4,85.42],[616.41,85.4],[616.41,85.39],[616.42,85.38],[616.44,85.37],[616.45,85.35],[616.46,85.34],[616.48,85.3],[616.49,85.31],[616.49,85.31],[616.51,85.33],[616.52,85.32],[616.69,85.44],[616.57,85.62],[616.61,85.64],[616.61,85.65],[616.58,85.69],[616.54,85.66],[616.48,85.76]]]}},{"type":"Feature","id":"35035-152","properties":{"ridingCode":"35035","pollNumber":"152","pollType":"N","advancePollNumber":"627","sourceCode":"152-0","geometryPollNumbers":["152"],"code":"35035-152","resultPollNumbers":["152"],"resultStatus":"exact","result":{"electors":380,"voters":161,"totalVotes":161,"rejected":0,"turnout":42.368421052631575,"winnerId":"jamie-schmale","winnerPartyId":"CPC","runnerUpId":"nell-thomas","runnerUpPartyId":"LIB","margin":54.6583850931677,"top":[{"id":"jamie-schmale","name":"Jamie Schmale","shortName":"Schmale","partyId":"CPC","votes":123,"share":76.3975155279503},{"id":"nell-thomas","name":"Nell Thomas","shortName":"Thomas","partyId":"LIB","votes":35,"share":21.73913043478261},{"id":"alyea-teel","name":"Alyea Teel","shortName":"Teel","partyId":"NDP","votes":2,"share":1.2422360248447204},{"id":"michael-penman","name":"Michael Penman","shortName":"Penman","partyId":"PPC","votes":1,"share":0.6211180124223602}],"partyVotes":{"LIB":35,"CPC":123,"BQ":0,"NDP":2,"GRN":0,"PPC":1,"OTH":0}}},"geometry":{"type":"Polygon","coordinates":[[[615.92,85.38],[615.84,85.34],[615.94,85.18],[615.95,85.17],[615.96,85.16],[616.13,84.89],[616.14,84.88],[616.14,84.87],[616.14,84.86],[616.11,84.84],[616.1,84.83],[616.1,84.82],[616.1,84.8],[616.1,84.79],[616.09,84.79],[616.06,84.77],[616.07,84.74],[616.08,84.69],[616.09,84.65],[616.09,84.63],[616.09,84.62],[616.12,84.55],[616.24,84.38],[616.43,84.51],[616.41,84.58],[616.41,84.6],[616.42,84.63],[616.37,84.7],[616.37,84.71],[616.36,84.72],[616.38,84.72],[616.64,84.9],[616.59,84.98],[616.58,84.99],[616.56,85.02],[616.36,84.88],[616.36,84.9],[616.38,84.94],[616.39,84.96],[616.39,85.03],[616.39,85.08],[616.39,85.11],[616.36,85.18],[616.33,85.16],[616.34,85.14],[616.34,85.13],[616.32,85.12],[616.27,85.19],[616.28,85.2],[616.29,85.2],[616.3,85.19],[616.31,85.2],[616.28,85.24],[616.33,85.27],[616.34,85.26],[616.37,85.28],[616.36,85.3],[616.37,85.31],[616.26,85.47],[616.18,85.59],[615.91,85.41],[615.9,85.41],[615.9,85.4],[615.92,85.38]]]}},{"type":"Feature","id":"35035-153A+153B","properties":{"ridingCode":"35035","pollNumber":"153A+153B","pollType":"N","advancePollNumber":"619","sourceCode":"153-0","geometryPollNumbers":["153"],"code":"35035-153A+153B","resultPollNumbers":["153A","153B"],"resultStatus":"resolved-suffix","result":{"electors":544,"voters":210,"totalVotes":210,"rejected":0,"turnout":38.60294117647059,"winnerId":"jamie-schmale","winnerPartyId":"CPC","runnerUpId":"nell-thomas","runnerUpPartyId":"LIB","margin":13.333333333333334,"top":[{"id":"jamie-schmale","name":"Jamie Schmale","shortName":"Schmale","partyId":"CPC","votes":110,"share":52.38095238095239},{"id":"nell-thomas","name":"Nell Thomas","shortName":"Thomas","partyId":"LIB","votes":82,"share":39.04761904761905},{"id":"alyea-teel","name":"Alyea Teel","shortName":"Teel","partyId":"NDP","votes":14,"share":6.666666666666667},{"id":"michael-penman","name":"Michael Penman","shortName":"Penman","partyId":"PPC","votes":4,"share":1.9047619047619049}],"partyVotes":{"LIB":82,"CPC":110,"BQ":0,"NDP":14,"GRN":0,"PPC":4,"OTH":0}}},"geometry":{"type":"Polygon","coordinates":[[[614.47,85.72],[614.57,85.57],[614.62,85.5],[614.73,85.57],[614.72,85.59],[614.7,85.61],[614.71,85.61],[614.71,85.62],[614.75,85.64],[614.76,85.63],[614.77,85.64],[614.78,85.66],[614.79,85.65],[614.8,85.66],[614.81,85.65],[614.82,85.67],[614.85,85.66],[614.86,85.66],[614.87,85.66],[614.85,85.67],[614.83,85.67],[614.82,85.67],[614.79,85.71],[614.77,85.75],[614.75,85.76],[614.73,85.78],[614.73,85.8],[614.7,85.92],[614.63,85.87],[614.5,85.79],[614.45,85.75],[614.45,85.74],[614.47,85.73],[614.47,85.72]],[[614.65,85.63],[614.65,85.63],[614.65,85.63],[614.65,85.63]]]}},{"type":"Feature","id":"35035-154","properties":{"ridingCode":"35035","pollNumber":"154","pollType":"N","advancePollNumber":"619","sourceCode":"154-0","geometryPollNumbers":["154"],"code":"35035-154","resultPollNumbers":["154"],"resultStatus":"exact","result":{"electors":443,"voters":194,"totalVotes":194,"rejected":0,"turnout":43.792325056433405,"winnerId":"jamie-schmale","winnerPartyId":"CPC","runnerUpId":"nell-thomas","runnerUpPartyId":"LIB","margin":17.525773195876287,"top":[{"id":"jamie-schmale","name":"Jamie Schmale","shortName":"Schmale","partyId":"CPC","votes":109,"share":56.18556701030928},{"id":"nell-thomas","name":"Nell Thomas","shortName":"Thomas","partyId":"LIB","votes":75,"share":38.659793814432994},{"id":"alyea-teel","name":"Alyea Teel","shortName":"Teel","partyId":"NDP","votes":9,"share":4.639175257731959},{"id":"michael-penman","name":"Michael Penman","shortName":"Penman","partyId":"PPC","votes":1,"share":0.5154639175257731}],"partyVotes":{"LIB":75,"CPC":109,"BQ":0,"NDP":9,"GRN":0,"PPC":1,"OTH":0}}},"geometry":{"type":"Polygon","coordinates":[[[614.71,85.61],[614.7,85.61],[614.72,85.59],[614.73,85.59],[614.73,85.59],[614.73,85.59],[614.76,85.6],[614.76,85.61],[614.75,85.62],[614.76,85.63],[614.75,85.64],[614.71,85.62],[614.71,85.61]]]}},{"type":"Feature","id":"35035-155","properties":{"ridingCode":"35035","pollNumber":"155","pollType":"N","advancePollNumber":"618","sourceCode":"155-0","geometryPollNumbers":["155"],"code":"35035-155","resultPollNumbers":["155"],"resultStatus":"exact","result":{"electors":372,"voters":159,"totalVotes":158,"rejected":1,"turnout":42.74193548387097,"winnerId":"jamie-schmale","winnerPartyId":"CPC","runnerUpId":"nell-thomas","runnerUpPartyId":"LIB","margin":39.87341772151899,"top":[{"id":"jamie-schmale","name":"Jamie Schmale","shortName":"Schmale","partyId":"CPC","votes":105,"share":66.45569620253164},{"id":"nell-thomas","name":"Nell Thomas","shortName":"Thomas","partyId":"LIB","votes":42,"share":26.582278481012654},{"id":"alyea-teel","name":"Alyea Teel","shortName":"Teel","partyId":"NDP","votes":8,"share":5.063291139240507},{"id":"michael-penman","name":"Michael Penman","shortName":"Penman","partyId":"PPC","votes":3,"share":1.89873417721519}],"partyVotes":{"LIB":42,"CPC":105,"BQ":0,"NDP":8,"GRN":0,"PPC":3,"OTH":0}}},"geometry":{"type":"Polygon","coordinates":[[[614.21,85.42],[614.35,85.2],[614.41,85.22],[614.44,85.24],[614.47,85.25],[614.5,85.25],[614.52,85.26],[614.57,85.28],[614.6,85.29],[614.46,85.5],[614.57,85.57],[614.47,85.72],[614.47,85.73],[614.45,85.74],[614.45,85.75],[614.5,85.79],[614.63,85.87],[614.7,85.92],[614.65,86.04],[614.64,86.06],[614.55,86.06],[614.53,85.98],[614.51,85.96],[614.5,85.91],[614.46,85.87],[614.45,85.86],[614.43,85.82],[614.41,85.8],[614.45,85.75],[614.34,85.67],[614.24,85.61],[614.14,85.53],[614.21,85.42]]]}},{"type":"Feature","id":"35035-156","properties":{"ridingCode":"35035","pollNumber":"156","pollType":"N","advancePollNumber":"619","sourceCode":"156-0","geometryPollNumbers":["156"],"code":"35035-156","resultPollNumbers":["156"],"resultStatus":"exact","result":{"electors":416,"voters":223,"totalVotes":223,"rejected":0,"turnout":53.605769230769226,"winnerId":"jamie-schmale","winnerPartyId":"CPC","runnerUpId":"nell-thomas","runnerUpPartyId":"LIB","margin":20.179372197309416,"top":[{"id":"jamie-schmale","name":"Jamie Schmale","shortName":"Schmale","partyId":"CPC","votes":132,"share":59.19282511210763},{"id":"nell-thomas","name":"Nell Thomas","shortName":"Thomas","partyId":"LIB","votes":87,"share":39.01345291479821},{"id":"michael-penman","name":"Michael Penman","shortName":"Penman","partyId":"PPC","votes":2,"share":0.8968609865470852},{"id":"alyea-teel","name":"Alyea Teel","shortName":"Teel","partyId":"NDP","votes":2,"share":0.8968609865470852}],"partyVotes":{"LIB":87,"CPC":132,"BQ":0,"NDP":2,"GRN":0,"PPC":2,"OTH":0}}},"geometry":{"type":"Polygon","coordinates":[[[614.72,85.54],[614.72,85.54],[614.72,85.55],[614.73,85.56],[614.73,85.55],[614.74,85.55],[614.75,85.56],[614.76,85.56],[614.77,85.56],[614.8,85.57],[614.79,85.59],[614.77,85.58],[614.77,85.58],[614.76,85.57],[614.75,85.59],[614.73,85.57],[614.72,85.57],[614.71,85.56],[614.71,85.54],[614.71,85.54],[614.72,85.54]]]}},{"type":"Feature","id":"35035-157","properties":{"ridingCode":"35035","pollNumber":"157","pollType":"N","advancePollNumber":"620","sourceCode":"157-0","geometryPollNumbers":["157"],"code":"35035-157","resultPollNumbers":["157"],"resultStatus":"exact","result":{"electors":363,"voters":160,"totalVotes":158,"rejected":2,"turnout":44.0771349862259,"winnerId":"jamie-schmale","winnerPartyId":"CPC","runnerUpId":"nell-thomas","runnerUpPartyId":"LIB","margin":32.91139240506329,"top":[{"id":"jamie-schmale","name":"Jamie Schmale","shortName":"Schmale","partyId":"CPC","votes":100,"share":63.29113924050633},{"id":"nell-thomas","name":"Nell Thomas","shortName":"Thomas","partyId":"LIB","votes":48,"share":30.37974683544304},{"id":"alyea-teel","name":"Alyea Teel","shortName":"Teel","partyId":"NDP","votes":7,"share":4.430379746835443},{"id":"michael-penman","name":"Michael Penman","shortName":"Penman","partyId":"PPC","votes":3,"share":1.89873417721519}],"partyVotes":{"LIB":48,"CPC":100,"BQ":0,"NDP":7,"GRN":0,"PPC":3,"OTH":0}}},"geometry":{"type":"Polygon","coordinates":[[[614.77,85.56],[614.78,85.54],[614.78,85.54],[614.78,85.53],[614.79,85.52],[614.8,85.51],[614.82,85.53],[614.82,85.54],[614.82,85.54],[614.8,85.57],[614.77,85.56]]]}},{"type":"Feature","id":"35035-158","properties":{"ridingCode":"35035","pollNumber":"158","pollType":"N","advancePollNumber":"620","sourceCode":"158-0","geometryPollNumbers":["158"],"code":"35035-158","resultPollNumbers":["158"],"resultStatus":"exact","result":{"electors":402,"voters":162,"totalVotes":160,"rejected":2,"turnout":40.298507462686565,"winnerId":"jamie-schmale","winnerPartyId":"CPC","runnerUpId":"nell-thomas","runnerUpPartyId":"LIB","margin":15,"top":[{"id":"jamie-schmale","name":"Jamie Schmale","shortName":"Schmale","partyId":"CPC","votes":85,"share":53.125},{"id":"nell-thomas","name":"Nell Thomas","shortName":"Thomas","partyId":"LIB","votes":61,"share":38.125},{"id":"alyea-teel","name":"Alyea Teel","shortName":"Teel","partyId":"NDP","votes":12,"share":7.5},{"id":"michael-penman","name":"Michael Penman","shortName":"Penman","partyId":"PPC","votes":2,"share":1.25}],"partyVotes":{"LIB":61,"CPC":85,"BQ":0,"NDP":12,"GRN":0,"PPC":2,"OTH":0}}},"geometry":{"type":"Polygon","coordinates":[[[614.77,85.52],[614.79,85.52],[614.79,85.51],[614.8,85.51],[614.79,85.52],[614.78,85.53],[614.78,85.54],[614.78,85.54],[614.77,85.56],[614.76,85.56],[614.75,85.56],[614.74,85.55],[614.76,85.52],[614.77,85.52]]]}},{"type":"Feature","id":"35035-159","properties":{"ridingCode":"35035","pollNumber":"159","pollType":"N","advancePollNumber":"619","sourceCode":"159-0","geometryPollNumbers":["159"],"code":"35035-159","resultPollNumbers":["159"],"resultStatus":"exact","result":{"electors":328,"voters":145,"totalVotes":143,"rejected":2,"turnout":44.207317073170735,"winnerId":"jamie-schmale","winnerPartyId":"CPC","runnerUpId":"nell-thomas","runnerUpPartyId":"LIB","margin":23.076923076923077,"top":[{"id":"jamie-schmale","name":"Jamie Schmale","shortName":"Schmale","partyId":"CPC","votes":86,"share":60.13986013986013},{"id":"nell-thomas","name":"Nell Thomas","shortName":"Thomas","partyId":"LIB","votes":53,"share":37.06293706293706},{"id":"alyea-teel","name":"Alyea Teel","shortName":"Teel","partyId":"NDP","votes":4,"share":2.797202797202797},{"id":"michael-penman","name":"Michael Penman","shortName":"Penman","partyId":"PPC","votes":0,"share":0}],"partyVotes":{"LIB":53,"CPC":86,"BQ":0,"NDP":4,"GRN":0,"PPC":0,"OTH":0}}},"geometry":{"type":"Polygon","coordinates":[[[614.72,85.54],[614.71,85.54],[614.71,85.54],[614.71,85.56],[614.72,85.57],[614.73,85.57],[614.62,85.5],[614.67,85.42],[614.74,85.47],[614.72,85.5],[614.76,85.52],[614.76,85.52],[614.74,85.55],[614.73,85.55],[614.73,85.56],[614.72,85.55],[614.72,85.54],[614.72,85.54]]]}},{"type":"Feature","id":"35035-160","properties":{"ridingCode":"35035","pollNumber":"160","pollType":"N","advancePollNumber":"620","sourceCode":"160-0","geometryPollNumbers":["160"],"code":"35035-160","resultPollNumbers":["160"],"resultStatus":"exact","result":{"electors":434,"voters":202,"totalVotes":202,"rejected":0,"turnout":46.54377880184332,"winnerId":"jamie-schmale","winnerPartyId":"CPC","runnerUpId":"nell-thomas","runnerUpPartyId":"LIB","margin":23.26732673267327,"top":[{"id":"jamie-schmale","name":"Jamie Schmale","shortName":"Schmale","partyId":"CPC","votes":119,"share":58.91089108910891},{"id":"nell-thomas","name":"Nell Thomas","shortName":"Thomas","partyId":"LIB","votes":72,"share":35.64356435643564},{"id":"alyea-teel","name":"Alyea Teel","shortName":"Teel","partyId":"NDP","votes":9,"share":4.455445544554455},{"id":"michael-penman","name":"Michael Penman","shortName":"Penman","partyId":"PPC","votes":2,"share":0.9900990099009901}],"partyVotes":{"LIB":72,"CPC":119,"BQ":0,"NDP":9,"GRN":0,"PPC":2,"OTH":0}}},"geometry":{"type":"Polygon","coordinates":[[[614.79,85.52],[614.77,85.52],[614.76,85.52],[614.78,85.49],[614.8,85.47],[614.82,85.48],[614.83,85.46],[614.88,85.49],[614.88,85.49],[614.87,85.51],[614.85,85.49],[614.83,85.51],[614.81,85.5],[614.8,85.51],[614.79,85.51],[614.79,85.52]]]}},{"type":"Feature","id":"35035-161","properties":{"ridingCode":"35035","pollNumber":"161","pollType":"N","advancePollNumber":"619","sourceCode":"161-0","geometryPollNumbers":["161"],"code":"35035-161","resultPollNumbers":["161"],"resultStatus":"exact","result":{"electors":521,"voters":209,"totalVotes":209,"rejected":0,"turnout":40.11516314779271,"winnerId":"jamie-schmale","winnerPartyId":"CPC","runnerUpId":"nell-thomas","runnerUpPartyId":"LIB","margin":16.267942583732058,"top":[{"id":"jamie-schmale","name":"Jamie Schmale","shortName":"Schmale","partyId":"CPC","votes":116,"share":55.50239234449761},{"id":"nell-thomas","name":"Nell Thomas","shortName":"Thomas","partyId":"LIB","votes":82,"share":39.23444976076555},{"id":"alyea-teel","name":"Alyea Teel","shortName":"Teel","partyId":"NDP","votes":10,"share":4.784688995215311},{"id":"michael-penman","name":"Michael Penman","shortName":"Penman","partyId":"PPC","votes":1,"share":0.4784688995215311}],"partyVotes":{"LIB":82,"CPC":116,"BQ":0,"NDP":10,"GRN":0,"PPC":1,"OTH":0}}},"geometry":{"type":"Polygon","coordinates":[[[614.74,85.47],[614.77,85.43],[614.8,85.45],[614.8,85.44],[614.81,85.45],[614.8,85.47],[614.79,85.46],[614.79,85.46],[614.78,85.45],[614.77,85.45],[614.77,85.45],[614.75,85.47],[614.75,85.47],[614.76,85.48],[614.78,85.49],[614.76,85.52],[614.76,85.52],[614.72,85.5],[614.74,85.47]]]}},{"type":"Feature","id":"35035-162A+162B","properties":{"ridingCode":"35035","pollNumber":"162A+162B","pollType":"N","advancePollNumber":"619","sourceCode":"162-0","geometryPollNumbers":["162"],"code":"35035-162A+162B","resultPollNumbers":["162A","162B"],"resultStatus":"resolved-suffix","result":{"electors":591,"voters":266,"totalVotes":265,"rejected":1,"turnout":45.008460236886634,"winnerId":"jamie-schmale","winnerPartyId":"CPC","runnerUpId":"nell-thomas","runnerUpPartyId":"LIB","margin":16.60377358490566,"top":[{"id":"jamie-schmale","name":"Jamie Schmale","shortName":"Schmale","partyId":"CPC","votes":143,"share":53.9622641509434},{"id":"nell-thomas","name":"Nell Thomas","shortName":"Thomas","partyId":"LIB","votes":99,"share":37.35849056603773},{"id":"alyea-teel","name":"Alyea Teel","shortName":"Teel","partyId":"NDP","votes":16,"share":6.037735849056604},{"id":"michael-penman","name":"Michael Penman","shortName":"Penman","partyId":"PPC","votes":7,"share":2.6415094339622645}],"partyVotes":{"LIB":99,"CPC":143,"BQ":0,"NDP":16,"GRN":0,"PPC":7,"OTH":0}}},"geometry":{"type":"Polygon","coordinates":[[[614.75,85.59],[614.76,85.57],[614.77,85.58],[614.77,85.58],[614.79,85.59],[614.79,85.59],[614.81,85.61],[614.81,85.61],[614.81,85.59],[614.82,85.6],[614.82,85.61],[614.82,85.62],[614.83,85.63],[614.84,85.62],[614.84,85.61],[614.85,85.62],[614.86,85.61],[614.87,85.6],[614.83,85.66],[614.82,85.66],[614.81,85.65],[614.81,85.65],[614.81,85.65],[614.8,85.66],[614.79,85.65],[614.78,85.66],[614.77,85.64],[614.76,85.63],[614.75,85.62],[614.76,85.61],[614.76,85.6],[614.73,85.59],[614.73,85.59],[614.73,85.59],[614.72,85.59],[614.73,85.57],[614.75,85.59]]]}},{"type":"Feature","id":"35035-163","properties":{"ridingCode":"35035","pollNumber":"163","pollType":"N","advancePollNumber":"619","sourceCode":"163-0","geometryPollNumbers":["163"],"code":"35035-163","resultPollNumbers":["163"],"resultStatus":"exact","result":{"electors":332,"voters":143,"totalVotes":140,"rejected":3,"turnout":43.07228915662651,"winnerId":"jamie-schmale","winnerPartyId":"CPC","runnerUpId":"nell-thomas","runnerUpPartyId":"LIB","margin":27.857142857142858,"top":[{"id":"jamie-schmale","name":"Jamie Schmale","shortName":"Schmale","partyId":"CPC","votes":88,"share":62.857142857142854},{"id":"nell-thomas","name":"Nell Thomas","shortName":"Thomas","partyId":"LIB","votes":49,"share":35},{"id":"alyea-teel","name":"Alyea Teel","shortName":"Teel","partyId":"NDP","votes":3,"share":2.142857142857143},{"id":"michael-penman","name":"Michael Penman","shortName":"Penman","partyId":"PPC","votes":0,"share":0}],"partyVotes":{"LIB":49,"CPC":88,"BQ":0,"NDP":3,"GRN":0,"PPC":0,"OTH":0}}},"geometry":{"type":"Polygon","coordinates":[[[614.85,85.6],[614.87,85.56],[614.89,85.57],[614.88,85.59],[614.89,85.59],[614.89,85.6],[614.89,85.61],[614.88,85.64],[614.88,85.65],[614.87,85.66],[614.86,85.66],[614.85,85.66],[614.82,85.67],[614.81,85.65],[614.81,85.65],[614.81,85.65],[614.82,85.66],[614.83,85.66],[614.87,85.6],[614.86,85.61],[614.85,85.62],[614.84,85.61],[614.85,85.6]]]}},{"type":"Feature","id":"35035-164","properties":{"ridingCode":"35035","pollNumber":"164","pollType":"N","advancePollNumber":"619","sourceCode":"164-0","geometryPollNumbers":["164"],"code":"35035-164","resultPollNumbers":["164"],"resultStatus":"exact","result":{"electors":448,"voters":191,"totalVotes":191,"rejected":0,"turnout":42.63392857142857,"winnerId":"jamie-schmale","winnerPartyId":"CPC","runnerUpId":"nell-thomas","runnerUpPartyId":"LIB","margin":9.947643979057592,"top":[{"id":"jamie-schmale","name":"Jamie Schmale","shortName":"Schmale","partyId":"CPC","votes":100,"share":52.35602094240838},{"id":"nell-thomas","name":"Nell Thomas","shortName":"Thomas","partyId":"LIB","votes":81,"share":42.40837696335078},{"id":"alyea-teel","name":"Alyea Teel","shortName":"Teel","partyId":"NDP","votes":9,"share":4.712041884816754},{"id":"michael-penman","name":"Michael Penman","shortName":"Penman","partyId":"PPC","votes":1,"share":0.5235602094240838}],"partyVotes":{"LIB":81,"CPC":100,"BQ":0,"NDP":9,"GRN":0,"PPC":1,"OTH":0}}},"geometry":{"type":"Polygon","coordinates":[[[614.79,85.59],[614.79,85.59],[614.8,85.57],[614.82,85.58],[614.83,85.57],[614.85,85.58],[614.85,85.59],[614.84,85.59],[614.85,85.6],[614.84,85.61],[614.84,85.62],[614.83,85.63],[614.82,85.62],[614.82,85.61],[614.82,85.6],[614.81,85.59],[614.81,85.61],[614.81,85.61],[614.79,85.59]]]}},{"type":"Feature","id":"35035-165","properties":{"ridingCode":"35035","pollNumber":"165","pollType":"N","advancePollNumber":"619","sourceCode":"165-0","geometryPollNumbers":["165"],"code":"35035-165","resultPollNumbers":["165"],"resultStatus":"exact","result":{"electors":453,"voters":177,"totalVotes":176,"rejected":1,"turnout":39.0728476821192,"winnerId":"jamie-schmale","winnerPartyId":"CPC","runnerUpId":"nell-thomas","runnerUpPartyId":"LIB","margin":18.181818181818183,"top":[{"id":"jamie-schmale","name":"Jamie Schmale","shortName":"Schmale","partyId":"CPC","votes":98,"share":55.68181818181818},{"id":"nell-thomas","name":"Nell Thomas","shortName":"Thomas","partyId":"LIB","votes":66,"share":37.5},{"id":"alyea-teel","name":"Alyea Teel","shortName":"Teel","partyId":"NDP","votes":8,"share":4.545454545454546},{"id":"michael-penman","name":"Michael Penman","shortName":"Penman","partyId":"PPC","votes":4,"share":2.272727272727273}],"partyVotes":{"LIB":66,"CPC":98,"BQ":0,"NDP":8,"GRN":0,"PPC":4,"OTH":0}}},"geometry":{"type":"Polygon","coordinates":[[[614.83,85.57],[614.86,85.53],[614.86,85.53],[614.86,85.54],[614.86,85.54],[614.88,85.55],[614.88,85.54],[614.9,85.55],[614.89,85.57],[614.89,85.58],[614.89,85.59],[614.88,85.59],[614.89,85.57],[614.87,85.56],[614.85,85.6],[614.84,85.59],[614.85,85.59],[614.85,85.58],[614.83,85.57]]]}},{"type":"Feature","id":"35035-166","properties":{"ridingCode":"35035","pollNumber":"166","pollType":"N","advancePollNumber":"619","sourceCode":"166-0","geometryPollNumbers":["166"],"code":"35035-166","resultPollNumbers":["166"],"resultStatus":"exact","result":{"electors":474,"voters":190,"totalVotes":190,"rejected":0,"turnout":40.08438818565401,"winnerId":"jamie-schmale","winnerPartyId":"CPC","runnerUpId":"nell-thomas","runnerUpPartyId":"LIB","margin":16.315789473684212,"top":[{"id":"jamie-schmale","name":"Jamie Schmale","shortName":"Schmale","partyId":"CPC","votes":106,"share":55.78947368421052},{"id":"nell-thomas","name":"Nell Thomas","shortName":"Thomas","partyId":"LIB","votes":75,"share":39.473684210526315},{"id":"alyea-teel","name":"Alyea Teel","shortName":"Teel","partyId":"NDP","votes":8,"share":4.2105263157894735},{"id":"michael-penman","name":"Michael Penman","shortName":"Penman","partyId":"PPC","votes":1,"share":0.5263157894736842}],"partyVotes":{"LIB":75,"CPC":106,"BQ":0,"NDP":8,"GRN":0,"PPC":1,"OTH":0}}},"geometry":{"type":"Polygon","coordinates":[[[614.8,85.51],[614.81,85.5],[614.83,85.51],[614.86,85.53],[614.83,85.57],[614.82,85.58],[614.8,85.57],[614.82,85.54],[614.82,85.54],[614.82,85.53],[614.8,85.51]]]}},{"type":"Feature","id":"35035-167","properties":{"ridingCode":"35035","pollNumber":"167","pollType":"N","advancePollNumber":"621","sourceCode":"167-0","geometryPollNumbers":["167"],"code":"35035-167","resultPollNumbers":["167"],"resultStatus":"exact","result":{"electors":496,"voters":176,"totalVotes":175,"rejected":1,"turnout":35.483870967741936,"winnerId":"jamie-schmale","winnerPartyId":"CPC","runnerUpId":"nell-thomas","runnerUpPartyId":"LIB","margin":26.285714285714285,"top":[{"id":"jamie-schmale","name":"Jamie Schmale","shortName":"Schmale","partyId":"CPC","votes":103,"share":58.857142857142854},{"id":"nell-thomas","name":"Nell Thomas","shortName":"Thomas","partyId":"LIB","votes":57,"share":32.57142857142858},{"id":"alyea-teel","name":"Alyea Teel","shortName":"Teel","partyId":"NDP","votes":12,"share":6.857142857142858},{"id":"michael-penman","name":"Michael Penman","shortName":"Penman","partyId":"PPC","votes":3,"share":1.7142857142857144}],"partyVotes":{"LIB":57,"CPC":103,"BQ":0,"NDP":12,"GRN":0,"PPC":3,"OTH":0}}},"geometry":{"type":"Polygon","coordinates":[[[614.9,85.68],[614.99,85.57],[614.95,85.54],[614.98,85.51],[614.96,85.5],[614.96,85.49],[614.95,85.49],[614.95,85.48],[614.95,85.48],[614.97,85.49],[615,85.5],[615,85.51],[614.97,85.55],[615.01,85.57],[615,85.58],[615,85.58],[615.03,85.6],[614.95,85.72],[614.9,85.69],[614.9,85.68]]]}},{"type":"Feature","id":"35035-168","properties":{"ridingCode":"35035","pollNumber":"168","pollType":"N","advancePollNumber":"620","sourceCode":"168-0","geometryPollNumbers":["168"],"code":"35035-168","resultPollNumbers":["168"],"resultStatus":"exact","result":{"electors":554,"voters":143,"totalVotes":143,"rejected":0,"turnout":25.812274368231048,"winnerId":"jamie-schmale","winnerPartyId":"CPC","runnerUpId":"nell-thomas","runnerUpPartyId":"LIB","margin":32.86713286713287,"top":[{"id":"jamie-schmale","name":"Jamie Schmale","shortName":"Schmale","partyId":"CPC","votes":87,"share":60.83916083916085},{"id":"nell-thomas","name":"Nell Thomas","shortName":"Thomas","partyId":"LIB","votes":40,"share":27.972027972027973},{"id":"alyea-teel","name":"Alyea Teel","shortName":"Teel","partyId":"NDP","votes":14,"share":9.79020979020979},{"id":"michael-penman","name":"Michael Penman","shortName":"Penman","partyId":"PPC","votes":2,"share":1.3986013986013985}],"partyVotes":{"LIB":40,"CPC":87,"BQ":0,"NDP":14,"GRN":0,"PPC":2,"OTH":0}}},"geometry":{"type":"Polygon","coordinates":[[[614.88,85.68],[614.87,85.66],[614.88,85.65],[614.88,85.64],[614.89,85.61],[614.89,85.6],[614.89,85.59],[614.89,85.58],[614.89,85.57],[614.9,85.55],[614.9,85.56],[614.91,85.52],[614.91,85.51],[614.91,85.51],[614.91,85.51],[614.91,85.51],[614.92,85.49],[614.93,85.48],[614.94,85.49],[614.95,85.48],[614.95,85.49],[614.93,85.52],[614.93,85.53],[614.94,85.53],[614.92,85.55],[614.92,85.56],[614.93,85.57],[614.95,85.54],[614.99,85.57],[614.9,85.68],[614.9,85.69],[614.88,85.68]]]}},{"type":"Feature","id":"35035-169","properties":{"ridingCode":"35035","pollNumber":"169","pollType":"N","advancePollNumber":"621","sourceCode":"169-0","geometryPollNumbers":["169"],"code":"35035-169","resultPollNumbers":["169"],"resultStatus":"exact","result":{"electors":518,"voters":184,"totalVotes":182,"rejected":2,"turnout":35.521235521235525,"winnerId":"jamie-schmale","winnerPartyId":"CPC","runnerUpId":"nell-thomas","runnerUpPartyId":"LIB","margin":25.274725274725274,"top":[{"id":"jamie-schmale","name":"Jamie Schmale","shortName":"Schmale","partyId":"CPC","votes":109,"share":59.89010989010989},{"id":"nell-thomas","name":"Nell Thomas","shortName":"Thomas","partyId":"LIB","votes":63,"share":34.61538461538461},{"id":"michael-penman","name":"Michael Penman","shortName":"Penman","partyId":"PPC","votes":5,"share":2.7472527472527473},{"id":"alyea-teel","name":"Alyea Teel","shortName":"Teel","partyId":"NDP","votes":5,"share":2.7472527472527473}],"partyVotes":{"LIB":63,"CPC":109,"BQ":0,"NDP":5,"GRN":0,"PPC":5,"OTH":0}}},"geometry":{"type":"Polygon","coordinates":[[[614.97,85.55],[615,85.51],[615.02,85.52],[615.03,85.53],[615.01,85.56],[615.03,85.57],[615.04,85.55],[615.05,85.56],[615.03,85.6],[615,85.58],[615,85.58],[615,85.58],[615,85.58],[615.01,85.57],[614.97,85.55]]]}},{"type":"Feature","id":"35035-170","properties":{"ridingCode":"35035","pollNumber":"170","pollType":"N","advancePollNumber":"621","sourceCode":"170-0","geometryPollNumbers":["170"],"code":"35035-170","resultPollNumbers":["170"],"resultStatus":"exact","result":{"electors":412,"voters":150,"totalVotes":150,"rejected":0,"turnout":36.407766990291265,"winnerId":"jamie-schmale","winnerPartyId":"CPC","runnerUpId":"nell-thomas","runnerUpPartyId":"LIB","margin":38,"top":[{"id":"jamie-schmale","name":"Jamie Schmale","shortName":"Schmale","partyId":"CPC","votes":96,"share":64},{"id":"nell-thomas","name":"Nell Thomas","shortName":"Thomas","partyId":"LIB","votes":39,"share":26},{"id":"alyea-teel","name":"Alyea Teel","shortName":"Teel","partyId":"NDP","votes":8,"share":5.333333333333334},{"id":"michael-penman","name":"Michael Penman","shortName":"Penman","partyId":"PPC","votes":7,"share":4.666666666666667}],"partyVotes":{"LIB":39,"CPC":96,"BQ":0,"NDP":8,"GRN":0,"PPC":7,"OTH":0}}},"geometry":{"type":"Polygon","coordinates":[[[614.92,85.55],[614.94,85.53],[614.93,85.53],[614.93,85.52],[614.95,85.49],[614.96,85.49],[614.96,85.5],[614.98,85.51],[614.95,85.54],[614.93,85.57],[614.92,85.56],[614.92,85.55]]]}},{"type":"Feature","id":"35035-171","properties":{"ridingCode":"35035","pollNumber":"171","pollType":"N","advancePollNumber":"621","sourceCode":"171-0","geometryPollNumbers":["171"],"code":"35035-171","resultPollNumbers":["171"],"resultStatus":"exact","result":{"electors":390,"voters":138,"totalVotes":137,"rejected":1,"turnout":35.38461538461539,"winnerId":"jamie-schmale","winnerPartyId":"CPC","runnerUpId":"nell-thomas","runnerUpPartyId":"LIB","margin":11.678832116788321,"top":[{"id":"jamie-schmale","name":"Jamie Schmale","shortName":"Schmale","partyId":"CPC","votes":71,"share":51.82481751824818},{"id":"nell-thomas","name":"Nell Thomas","shortName":"Thomas","partyId":"LIB","votes":55,"share":40.14598540145985},{"id":"alyea-teel","name":"Alyea Teel","shortName":"Teel","partyId":"NDP","votes":9,"share":6.569343065693431},{"id":"michael-penman","name":"Michael Penman","shortName":"Penman","partyId":"PPC","votes":2,"share":1.4598540145985401}],"partyVotes":{"LIB":55,"CPC":71,"BQ":0,"NDP":9,"GRN":0,"PPC":2,"OTH":0}}},"geometry":{"type":"Polygon","coordinates":[[[614.95,85.48],[614.97,85.44],[615.01,85.47],[615,85.48],[615.02,85.49],[615.03,85.5],[615.02,85.5],[615,85.5],[614.97,85.49],[614.95,85.48]]]}},{"type":"Feature","id":"35035-172","properties":{"ridingCode":"35035","pollNumber":"172","pollType":"N","advancePollNumber":"621","sourceCode":"172-0","geometryPollNumbers":["172"],"code":"35035-172","resultPollNumbers":["172"],"resultStatus":"exact","result":{"electors":497,"voters":164,"totalVotes":164,"rejected":0,"turnout":32.99798792756539,"winnerId":"jamie-schmale","winnerPartyId":"CPC","runnerUpId":"nell-thomas","runnerUpPartyId":"LIB","margin":18.29268292682927,"top":[{"id":"jamie-schmale","name":"Jamie Schmale","shortName":"Schmale","partyId":"CPC","votes":89,"share":54.268292682926834},{"id":"nell-thomas","name":"Nell Thomas","shortName":"Thomas","partyId":"LIB","votes":59,"share":35.97560975609756},{"id":"alyea-teel","name":"Alyea Teel","shortName":"Teel","partyId":"NDP","votes":13,"share":7.926829268292683},{"id":"michael-penman","name":"Michael Penman","shortName":"Penman","partyId":"PPC","votes":3,"share":1.8292682926829267}],"partyVotes":{"LIB":59,"CPC":89,"BQ":0,"NDP":13,"GRN":0,"PPC":3,"OTH":0}}},"geometry":{"type":"Polygon","coordinates":[[[615.01,85.47],[615.02,85.46],[615.01,85.45],[615.02,85.44],[615.01,85.43],[615.03,85.4],[615.01,85.39],[615.04,85.34],[615.04,85.35],[615.04,85.38],[615.04,85.39],[615.04,85.41],[615.05,85.42],[615.05,85.44],[615.04,85.49],[615.03,85.5],[615.02,85.49],[615,85.48],[615.01,85.47]]]}},{"type":"Feature","id":"35035-173","properties":{"ridingCode":"35035","pollNumber":"173","pollType":"N","advancePollNumber":"621","sourceCode":"173-0","geometryPollNumbers":["173"],"code":"35035-173","resultPollNumbers":["173"],"resultStatus":"exact","result":{"electors":501,"voters":169,"totalVotes":169,"rejected":0,"turnout":33.73253493013972,"winnerId":"jamie-schmale","winnerPartyId":"CPC","runnerUpId":"nell-thomas","runnerUpPartyId":"LIB","margin":37.8698224852071,"top":[{"id":"jamie-schmale","name":"Jamie Schmale","shortName":"Schmale","partyId":"CPC","votes":110,"share":65.08875739644971},{"id":"nell-thomas","name":"Nell Thomas","shortName":"Thomas","partyId":"LIB","votes":46,"share":27.218934911242602},{"id":"alyea-teel","name":"Alyea Teel","shortName":"Teel","partyId":"NDP","votes":10,"share":5.9171597633136095},{"id":"michael-penman","name":"Michael Penman","shortName":"Penman","partyId":"PPC","votes":3,"share":1.7751479289940828}],"partyVotes":{"LIB":46,"CPC":110,"BQ":0,"NDP":10,"GRN":0,"PPC":3,"OTH":0}}},"geometry":{"type":"Polygon","coordinates":[[[614.98,85.43],[615,85.4],[615.01,85.39],[615.03,85.4],[615.01,85.43],[615.02,85.44],[615.01,85.45],[615.02,85.46],[615.01,85.47],[614.97,85.44],[614.98,85.43]]]}},{"type":"Feature","id":"35035-174","properties":{"ridingCode":"35035","pollNumber":"174","pollType":"N","advancePollNumber":"620","sourceCode":"174-0","geometryPollNumbers":["174"],"code":"35035-174","resultPollNumbers":["174"],"resultStatus":"exact","result":{"electors":382,"voters":120,"totalVotes":119,"rejected":1,"turnout":31.413612565445025,"winnerId":"jamie-schmale","winnerPartyId":"CPC","runnerUpId":"nell-thomas","runnerUpPartyId":"LIB","margin":25.210084033613445,"top":[{"id":"jamie-schmale","name":"Jamie Schmale","shortName":"Schmale","partyId":"CPC","votes":67,"share":56.30252100840336},{"id":"nell-thomas","name":"Nell Thomas","shortName":"Thomas","partyId":"LIB","votes":37,"share":31.092436974789916},{"id":"alyea-teel","name":"Alyea Teel","shortName":"Teel","partyId":"NDP","votes":12,"share":10.084033613445378},{"id":"michael-penman","name":"Michael Penman","shortName":"Penman","partyId":"PPC","votes":3,"share":2.5210084033613445}],"partyVotes":{"LIB":37,"CPC":67,"BQ":0,"NDP":12,"GRN":0,"PPC":3,"OTH":0}}},"geometry":{"type":"Polygon","coordinates":[[[614.88,85.49],[614.91,85.51],[614.91,85.51],[614.91,85.52],[614.9,85.56],[614.9,85.55],[614.88,85.54],[614.9,85.52],[614.87,85.51],[614.88,85.49]]]}},{"type":"Feature","id":"35035-175","properties":{"ridingCode":"35035","pollNumber":"175","pollType":"N","advancePollNumber":"620","sourceCode":"175-0","geometryPollNumbers":["175"],"code":"35035-175","resultPollNumbers":["175"],"resultStatus":"exact","result":{"electors":367,"voters":156,"totalVotes":152,"rejected":4,"turnout":42.50681198910082,"winnerId":"jamie-schmale","winnerPartyId":"CPC","runnerUpId":"nell-thomas","runnerUpPartyId":"LIB","margin":11.842105263157894,"top":[{"id":"jamie-schmale","name":"Jamie Schmale","shortName":"Schmale","partyId":"CPC","votes":83,"share":54.60526315789473},{"id":"nell-thomas","name":"Nell Thomas","shortName":"Thomas","partyId":"LIB","votes":65,"share":42.76315789473684},{"id":"alyea-teel","name":"Alyea Teel","shortName":"Teel","partyId":"NDP","votes":4,"share":2.631578947368421},{"id":"michael-penman","name":"Michael Penman","shortName":"Penman","partyId":"PPC","votes":0,"share":0}],"partyVotes":{"LIB":65,"CPC":83,"BQ":0,"NDP":4,"GRN":0,"PPC":0,"OTH":0}}},"geometry":{"type":"Polygon","coordinates":[[[614.83,85.51],[614.85,85.49],[614.87,85.51],[614.9,85.52],[614.88,85.54],[614.88,85.55],[614.86,85.54],[614.86,85.54],[614.86,85.53],[614.86,85.53],[614.83,85.51]]]}},{"type":"Feature","id":"35035-176","properties":{"ridingCode":"35035","pollNumber":"176","pollType":"N","advancePollNumber":"620","sourceCode":"176-0","geometryPollNumbers":["176"],"code":"35035-176","resultPollNumbers":["176"],"resultStatus":"exact","result":{"electors":371,"voters":102,"totalVotes":102,"rejected":0,"turnout":27.49326145552561,"winnerId":"nell-thomas","winnerPartyId":"LIB","runnerUpId":"jamie-schmale","runnerUpPartyId":"CPC","margin":10.784313725490197,"top":[{"id":"nell-thomas","name":"Nell Thomas","shortName":"Thomas","partyId":"LIB","votes":53,"share":51.9607843137255},{"id":"jamie-schmale","name":"Jamie Schmale","shortName":"Schmale","partyId":"CPC","votes":42,"share":41.17647058823529},{"id":"alyea-teel","name":"Alyea Teel","shortName":"Teel","partyId":"NDP","votes":7,"share":6.862745098039216},{"id":"michael-penman","name":"Michael Penman","shortName":"Penman","partyId":"PPC","votes":0,"share":0}],"partyVotes":{"LIB":53,"CPC":42,"BQ":0,"NDP":7,"GRN":0,"PPC":0,"OTH":0}}},"geometry":{"type":"Polygon","coordinates":[[[614.88,85.48],[614.9,85.45],[614.91,85.45],[614.9,85.46],[614.91,85.47],[614.9,85.48],[614.92,85.49],[614.91,85.51],[614.91,85.51],[614.88,85.49],[614.88,85.49],[614.89,85.49],[614.88,85.48]]]}},{"type":"Feature","id":"35035-177","properties":{"ridingCode":"35035","pollNumber":"177","pollType":"N","advancePollNumber":"620","sourceCode":"177-0","geometryPollNumbers":["177"],"code":"35035-177","resultPollNumbers":["177"],"resultStatus":"exact","result":{"electors":480,"voters":166,"totalVotes":165,"rejected":1,"turnout":34.583333333333336,"winnerId":"nell-thomas","winnerPartyId":"LIB","runnerUpId":"jamie-schmale","runnerUpPartyId":"CPC","margin":8.484848484848486,"top":[{"id":"nell-thomas","name":"Nell Thomas","shortName":"Thomas","partyId":"LIB","votes":85,"share":51.515151515151516},{"id":"jamie-schmale","name":"Jamie Schmale","shortName":"Schmale","partyId":"CPC","votes":71,"share":43.03030303030303},{"id":"alyea-teel","name":"Alyea Teel","shortName":"Teel","partyId":"NDP","votes":8,"share":4.848484848484849},{"id":"michael-penman","name":"Michael Penman","shortName":"Penman","partyId":"PPC","votes":1,"share":0.6060606060606061}],"partyVotes":{"LIB":85,"CPC":71,"BQ":0,"NDP":8,"GRN":0,"PPC":1,"OTH":0}}},"geometry":{"type":"Polygon","coordinates":[[[614.83,85.46],[614.85,85.43],[614.87,85.45],[614.88,85.44],[614.9,85.45],[614.88,85.48],[614.89,85.49],[614.88,85.49],[614.83,85.46]]]}},{"type":"Feature","id":"35035-178","properties":{"ridingCode":"35035","pollNumber":"178","pollType":"N","advancePollNumber":"620","sourceCode":"178-0","geometryPollNumbers":["178"],"code":"35035-178","resultPollNumbers":["178"],"resultStatus":"exact","result":{"electors":531,"voters":122,"totalVotes":122,"rejected":0,"turnout":22.975517890772128,"winnerId":"jamie-schmale","winnerPartyId":"CPC","runnerUpId":"nell-thomas","runnerUpPartyId":"LIB","margin":21.311475409836063,"top":[{"id":"jamie-schmale","name":"Jamie Schmale","shortName":"Schmale","partyId":"CPC","votes":68,"share":55.73770491803278},{"id":"nell-thomas","name":"Nell Thomas","shortName":"Thomas","partyId":"LIB","votes":42,"share":34.42622950819672},{"id":"alyea-teel","name":"Alyea Teel","shortName":"Teel","partyId":"NDP","votes":9,"share":7.377049180327869},{"id":"michael-penman","name":"Michael Penman","shortName":"Penman","partyId":"PPC","votes":3,"share":2.459016393442623}],"partyVotes":{"LIB":42,"CPC":68,"BQ":0,"NDP":9,"GRN":0,"PPC":3,"OTH":0}}},"geometry":{"type":"Polygon","coordinates":[[[614.91,85.45],[614.93,85.42],[614.94,85.42],[614.93,85.44],[614.95,85.45],[614.96,85.42],[614.98,85.43],[614.97,85.44],[614.95,85.48],[614.95,85.48],[614.94,85.49],[614.93,85.48],[614.92,85.49],[614.9,85.48],[614.91,85.47],[614.9,85.46],[614.91,85.45]]]}},{"type":"Feature","id":"35035-179","properties":{"ridingCode":"35035","pollNumber":"179","pollType":"N","advancePollNumber":"620","sourceCode":"179-0","geometryPollNumbers":["179"],"code":"35035-179","resultPollNumbers":["179"],"resultStatus":"exact","result":{"electors":462,"voters":127,"totalVotes":127,"rejected":0,"turnout":27.48917748917749,"winnerId":"jamie-schmale","winnerPartyId":"CPC","runnerUpId":"nell-thomas","runnerUpPartyId":"LIB","margin":33.85826771653544,"top":[{"id":"jamie-schmale","name":"Jamie Schmale","shortName":"Schmale","partyId":"CPC","votes":82,"share":64.56692913385827},{"id":"nell-thomas","name":"Nell Thomas","shortName":"Thomas","partyId":"LIB","votes":39,"share":30.708661417322837},{"id":"alyea-teel","name":"Alyea Teel","shortName":"Teel","partyId":"NDP","votes":6,"share":4.724409448818897},{"id":"michael-penman","name":"Michael Penman","shortName":"Penman","partyId":"PPC","votes":0,"share":0}],"partyVotes":{"LIB":39,"CPC":82,"BQ":0,"NDP":6,"GRN":0,"PPC":0,"OTH":0}}},"geometry":{"type":"Polygon","coordinates":[[[614.89,85.42],[614.91,85.39],[614.95,85.41],[614.94,85.42],[614.93,85.42],[614.91,85.45],[614.9,85.45],[614.88,85.44],[614.89,85.42]]]}},{"type":"Feature","id":"35035-180","properties":{"ridingCode":"35035","pollNumber":"180","pollType":"N","advancePollNumber":"622","sourceCode":"180-0","geometryPollNumbers":["180"],"code":"35035-180","resultPollNumbers":["180"],"resultStatus":"exact","result":{"electors":477,"voters":155,"totalVotes":155,"rejected":0,"turnout":32.494758909853246,"winnerId":"jamie-schmale","winnerPartyId":"CPC","runnerUpId":"nell-thomas","runnerUpPartyId":"LIB","margin":20.64516129032258,"top":[{"id":"jamie-schmale","name":"Jamie Schmale","shortName":"Schmale","partyId":"CPC","votes":84,"share":54.19354838709678},{"id":"nell-thomas","name":"Nell Thomas","shortName":"Thomas","partyId":"LIB","votes":52,"share":33.5483870967742},{"id":"alyea-teel","name":"Alyea Teel","shortName":"Teel","partyId":"NDP","votes":16,"share":10.32258064516129},{"id":"michael-penman","name":"Michael Penman","shortName":"Penman","partyId":"PPC","votes":3,"share":1.935483870967742}],"partyVotes":{"LIB":52,"CPC":84,"BQ":0,"NDP":16,"GRN":0,"PPC":3,"OTH":0}}},"geometry":{"type":"Polygon","coordinates":[[[614.89,85.42],[614.85,85.39],[614.85,85.38],[614.88,85.4],[614.89,85.37],[614.91,85.38],[614.92,85.38],[614.91,85.39],[614.89,85.42]]]}},{"type":"Feature","id":"35035-181","properties":{"ridingCode":"35035","pollNumber":"181","pollType":"N","advancePollNumber":"622","sourceCode":"181-0","geometryPollNumbers":["181"],"code":"35035-181","resultPollNumbers":["181"],"resultStatus":"exact","result":{"electors":468,"voters":156,"totalVotes":154,"rejected":2,"turnout":33.33333333333333,"winnerId":"jamie-schmale","winnerPartyId":"CPC","runnerUpId":"nell-thomas","runnerUpPartyId":"LIB","margin":33.116883116883116,"top":[{"id":"jamie-schmale","name":"Jamie Schmale","shortName":"Schmale","partyId":"CPC","votes":98,"share":63.63636363636363},{"id":"nell-thomas","name":"Nell Thomas","shortName":"Thomas","partyId":"LIB","votes":47,"share":30.519480519480517},{"id":"alyea-teel","name":"Alyea Teel","shortName":"Teel","partyId":"NDP","votes":9,"share":5.844155844155844},{"id":"michael-penman","name":"Michael Penman","shortName":"Penman","partyId":"PPC","votes":0,"share":0}],"partyVotes":{"LIB":47,"CPC":98,"BQ":0,"NDP":9,"GRN":0,"PPC":0,"OTH":0}}},"geometry":{"type":"Polygon","coordinates":[[[614.85,85.38],[614.85,85.37],[614.86,85.35],[614.87,85.35],[614.86,85.34],[614.86,85.33],[614.87,85.33],[614.88,85.34],[614.88,85.35],[614.91,85.37],[614.91,85.38],[614.89,85.37],[614.88,85.4],[614.85,85.38]]]}},{"type":"Feature","id":"35035-182","properties":{"ridingCode":"35035","pollNumber":"182","pollType":"N","advancePollNumber":"619","sourceCode":"182-0","geometryPollNumbers":["182"],"code":"35035-182","resultPollNumbers":["182"],"resultStatus":"exact","result":{"electors":310,"voters":120,"totalVotes":120,"rejected":0,"turnout":38.70967741935484,"winnerId":"jamie-schmale","winnerPartyId":"CPC","runnerUpId":"nell-thomas","runnerUpPartyId":"LIB","margin":18.333333333333332,"top":[{"id":"jamie-schmale","name":"Jamie Schmale","shortName":"Schmale","partyId":"CPC","votes":71,"share":59.166666666666664},{"id":"nell-thomas","name":"Nell Thomas","shortName":"Thomas","partyId":"LIB","votes":49,"share":40.833333333333336},{"id":"michael-penman","name":"Michael Penman","shortName":"Penman","partyId":"PPC","votes":0,"share":0},{"id":"alyea-teel","name":"Alyea Teel","shortName":"Teel","partyId":"NDP","votes":0,"share":0}],"partyVotes":{"LIB":49,"CPC":71,"BQ":0,"NDP":0,"GRN":0,"PPC":0,"OTH":0}}},"geometry":{"type":"Polygon","coordinates":[[[614.75,85.47],[614.77,85.45],[614.77,85.45],[614.78,85.45],[614.79,85.46],[614.79,85.46],[614.8,85.47],[614.78,85.49],[614.76,85.48],[614.75,85.47],[614.75,85.47]]]}},{"type":"Feature","id":"35035-183","properties":{"ridingCode":"35035","pollNumber":"183","pollType":"N","advancePollNumber":"620","sourceCode":"183-0","geometryPollNumbers":["183"],"code":"35035-183","resultPollNumbers":["183"],"resultStatus":"exact","result":{"electors":474,"voters":165,"totalVotes":164,"rejected":1,"turnout":34.810126582278485,"winnerId":"jamie-schmale","winnerPartyId":"CPC","runnerUpId":"nell-thomas","runnerUpPartyId":"LIB","margin":14.634146341463413,"top":[{"id":"jamie-schmale","name":"Jamie Schmale","shortName":"Schmale","partyId":"CPC","votes":90,"share":54.87804878048781},{"id":"nell-thomas","name":"Nell Thomas","shortName":"Thomas","partyId":"LIB","votes":66,"share":40.243902439024396},{"id":"alyea-teel","name":"Alyea Teel","shortName":"Teel","partyId":"NDP","votes":7,"share":4.2682926829268295},{"id":"michael-penman","name":"Michael Penman","shortName":"Penman","partyId":"PPC","votes":1,"share":0.6097560975609756}],"partyVotes":{"LIB":66,"CPC":90,"BQ":0,"NDP":7,"GRN":0,"PPC":1,"OTH":0}}},"geometry":{"type":"Polygon","coordinates":[[[614.8,85.47],[614.81,85.45],[614.85,85.39],[614.89,85.42],[614.88,85.44],[614.87,85.45],[614.85,85.43],[614.83,85.46],[614.82,85.48],[614.8,85.47]]]}},{"type":"Feature","id":"35035-184","properties":{"ridingCode":"35035","pollNumber":"184","pollType":"N","advancePollNumber":"618","sourceCode":"184-0","geometryPollNumbers":["184"],"code":"35035-184","resultPollNumbers":["184"],"resultStatus":"exact","result":{"electors":337,"voters":112,"totalVotes":112,"rejected":0,"turnout":33.23442136498516,"winnerId":"jamie-schmale","winnerPartyId":"CPC","runnerUpId":"nell-thomas","runnerUpPartyId":"LIB","margin":40.17857142857143,"top":[{"id":"jamie-schmale","name":"Jamie Schmale","shortName":"Schmale","partyId":"CPC","votes":75,"share":66.96428571428571},{"id":"nell-thomas","name":"Nell Thomas","shortName":"Thomas","partyId":"LIB","votes":30,"share":26.785714285714285},{"id":"alyea-teel","name":"Alyea Teel","shortName":"Teel","partyId":"NDP","votes":5,"share":4.464285714285714},{"id":"michael-penman","name":"Michael Penman","shortName":"Penman","partyId":"PPC","votes":2,"share":1.7857142857142856}],"partyVotes":{"LIB":30,"CPC":75,"BQ":0,"NDP":5,"GRN":0,"PPC":2,"OTH":0}}},"geometry":{"type":"Polygon","coordinates":[[[614.7,85.37],[614.8,85.44],[614.8,85.45],[614.77,85.43],[614.74,85.47],[614.67,85.42],[614.7,85.37]]]}},{"type":"Feature","id":"35035-185","properties":{"ridingCode":"35035","pollNumber":"185","pollType":"N","advancePollNumber":"618","sourceCode":"185-0","geometryPollNumbers":["185"],"code":"35035-185","resultPollNumbers":["185"],"resultStatus":"exact","result":{"electors":288,"voters":80,"totalVotes":79,"rejected":1,"turnout":27.77777777777778,"winnerId":"nell-thomas","winnerPartyId":"LIB","runnerUpId":"jamie-schmale","runnerUpPartyId":"CPC","margin":25.31645569620253,"top":[{"id":"nell-thomas","name":"Nell Thomas","shortName":"Thomas","partyId":"LIB","votes":48,"share":60.75949367088608},{"id":"jamie-schmale","name":"Jamie Schmale","shortName":"Schmale","partyId":"CPC","votes":28,"share":35.44303797468354},{"id":"alyea-teel","name":"Alyea Teel","shortName":"Teel","partyId":"NDP","votes":2,"share":2.5316455696202533},{"id":"michael-penman","name":"Michael Penman","shortName":"Penman","partyId":"PPC","votes":1,"share":1.2658227848101267}],"partyVotes":{"LIB":48,"CPC":28,"BQ":0,"NDP":2,"GRN":0,"PPC":1,"OTH":0}}},"geometry":{"type":"Polygon","coordinates":[[[614.46,85.5],[614.6,85.29],[614.68,85.29],[614.69,85.29],[614.7,85.3],[614.72,85.32],[614.74,85.33],[614.76,85.34],[614.83,85.39],[614.85,85.39],[614.81,85.45],[614.8,85.44],[614.7,85.37],[614.67,85.42],[614.62,85.5],[614.57,85.57],[614.46,85.5]],[[614.77,85.37],[614.77,85.38],[614.77,85.38],[614.77,85.37]]]}},{"type":"Feature","id":"35035-186","properties":{"ridingCode":"35035","pollNumber":"186","pollType":"N","advancePollNumber":"621","sourceCode":"186-0","geometryPollNumbers":["186"],"code":"35035-186","resultPollNumbers":["186"],"resultStatus":"exact","result":{"electors":479,"voters":163,"totalVotes":162,"rejected":1,"turnout":34.029227557411275,"winnerId":"jamie-schmale","winnerPartyId":"CPC","runnerUpId":"nell-thomas","runnerUpPartyId":"LIB","margin":16.666666666666664,"top":[{"id":"jamie-schmale","name":"Jamie Schmale","shortName":"Schmale","partyId":"CPC","votes":81,"share":50},{"id":"nell-thomas","name":"Nell Thomas","shortName":"Thomas","partyId":"LIB","votes":54,"share":33.33333333333333},{"id":"alyea-teel","name":"Alyea Teel","shortName":"Teel","partyId":"NDP","votes":22,"share":13.580246913580247},{"id":"michael-penman","name":"Michael Penman","shortName":"Penman","partyId":"PPC","votes":5,"share":3.0864197530864197}],"partyVotes":{"LIB":54,"CPC":81,"BQ":0,"NDP":22,"GRN":0,"PPC":5,"OTH":0}}},"geometry":{"type":"Polygon","coordinates":[[[614.92,85.38],[614.96,85.4],[614.96,85.39],[614.97,85.4],[614.98,85.39],[615,85.4],[614.98,85.43],[614.96,85.42],[614.95,85.45],[614.93,85.44],[614.94,85.42],[614.95,85.41],[614.91,85.39],[614.92,85.38],[614.92,85.38]]]}},{"type":"Feature","id":"35035-187","properties":{"ridingCode":"35035","pollNumber":"187","pollType":"N","advancePollNumber":"622","sourceCode":"187-0","geometryPollNumbers":["187"],"code":"35035-187","resultPollNumbers":["187"],"resultStatus":"exact","result":{"electors":520,"voters":158,"totalVotes":158,"rejected":0,"turnout":30.384615384615383,"winnerId":"jamie-schmale","winnerPartyId":"CPC","runnerUpId":"nell-thomas","runnerUpPartyId":"LIB","margin":27.848101265822784,"top":[{"id":"jamie-schmale","name":"Jamie Schmale","shortName":"Schmale","partyId":"CPC","votes":96,"share":60.75949367088608},{"id":"nell-thomas","name":"Nell Thomas","shortName":"Thomas","partyId":"LIB","votes":52,"share":32.91139240506329},{"id":"alyea-teel","name":"Alyea Teel","shortName":"Teel","partyId":"NDP","votes":6,"share":3.79746835443038},{"id":"michael-penman","name":"Michael Penman","shortName":"Penman","partyId":"PPC","votes":4,"share":2.5316455696202533}],"partyVotes":{"LIB":52,"CPC":96,"BQ":0,"NDP":6,"GRN":0,"PPC":4,"OTH":0}}},"geometry":{"type":"Polygon","coordinates":[[[614.96,85.4],[614.92,85.38],[614.93,85.36],[614.93,85.36],[614.94,85.34],[614.95,85.35],[615.01,85.39],[615,85.4],[614.98,85.39],[614.97,85.4],[614.96,85.39],[614.96,85.4]]]}},{"type":"Feature","id":"35035-188","properties":{"ridingCode":"35035","pollNumber":"188","pollType":"N","advancePollNumber":"621","sourceCode":"188-0","geometryPollNumbers":["188"],"code":"35035-188","resultPollNumbers":["188"],"resultStatus":"exact","result":{"electors":470,"voters":167,"totalVotes":167,"rejected":0,"turnout":35.53191489361702,"winnerId":"jamie-schmale","winnerPartyId":"CPC","runnerUpId":"nell-thomas","runnerUpPartyId":"LIB","margin":45.50898203592814,"top":[{"id":"jamie-schmale","name":"Jamie Schmale","shortName":"Schmale","partyId":"CPC","votes":113,"share":67.66467065868264},{"id":"nell-thomas","name":"Nell Thomas","shortName":"Thomas","partyId":"LIB","votes":37,"share":22.15568862275449},{"id":"alyea-teel","name":"Alyea Teel","shortName":"Teel","partyId":"NDP","votes":10,"share":5.9880239520958085},{"id":"michael-penman","name":"Michael Penman","shortName":"Penman","partyId":"PPC","votes":7,"share":4.191616766467066}],"partyVotes":{"LIB":37,"CPC":113,"BQ":0,"NDP":10,"GRN":0,"PPC":7,"OTH":0}}},"geometry":{"type":"Polygon","coordinates":[[[615.01,85.56],[615.03,85.53],[615.02,85.52],[615.04,85.51],[615.05,85.5],[615.08,85.52],[615.05,85.56],[615.04,85.55],[615.03,85.57],[615.01,85.56]]]}},{"type":"Feature","id":"35035-189","properties":{"ridingCode":"35035","pollNumber":"189","pollType":"N","advancePollNumber":"621","sourceCode":"189-0","geometryPollNumbers":["189"],"code":"35035-189","resultPollNumbers":["189"],"resultStatus":"exact","result":{"electors":509,"voters":200,"totalVotes":198,"rejected":2,"turnout":39.29273084479371,"winnerId":"jamie-schmale","winnerPartyId":"CPC","runnerUpId":"nell-thomas","runnerUpPartyId":"LIB","margin":10.606060606060606,"top":[{"id":"jamie-schmale","name":"Jamie Schmale","shortName":"Schmale","partyId":"CPC","votes":102,"share":51.515151515151516},{"id":"nell-thomas","name":"Nell Thomas","shortName":"Thomas","partyId":"LIB","votes":81,"share":40.909090909090914},{"id":"alyea-teel","name":"Alyea Teel","shortName":"Teel","partyId":"NDP","votes":13,"share":6.565656565656567},{"id":"michael-penman","name":"Michael Penman","shortName":"Penman","partyId":"PPC","votes":2,"share":1.0101010101010102}],"partyVotes":{"LIB":81,"CPC":102,"BQ":0,"NDP":13,"GRN":0,"PPC":2,"OTH":0}}},"geometry":{"type":"Polygon","coordinates":[[[615.03,85.5],[615.04,85.49],[615.05,85.44],[615.05,85.42],[615.04,85.41],[615.04,85.39],[615.04,85.38],[615.04,85.35],[615.04,85.34],[615.05,85.33],[615.06,85.34],[615.06,85.34],[615.06,85.44],[615.08,85.46],[615.09,85.44],[615.12,85.46],[615.08,85.52],[615.05,85.5],[615.04,85.51],[615.02,85.52],[615,85.51],[615,85.5],[615.02,85.5],[615.03,85.5]]]}},{"type":"Feature","id":"35035-190","properties":{"ridingCode":"35035","pollNumber":"190","pollType":"N","advancePollNumber":"621","sourceCode":"190-0","geometryPollNumbers":["190"],"code":"35035-190","resultPollNumbers":["190"],"resultStatus":"exact","result":{"electors":503,"voters":173,"totalVotes":171,"rejected":2,"turnout":34.39363817097416,"winnerId":"nell-thomas","winnerPartyId":"LIB","runnerUpId":"jamie-schmale","runnerUpPartyId":"CPC","margin":0.5847953216374269,"top":[{"id":"nell-thomas","name":"Nell Thomas","shortName":"Thomas","partyId":"LIB","votes":82,"share":47.953216374269005},{"id":"jamie-schmale","name":"Jamie Schmale","shortName":"Schmale","partyId":"CPC","votes":81,"share":47.368421052631575},{"id":"alyea-teel","name":"Alyea Teel","shortName":"Teel","partyId":"NDP","votes":8,"share":4.678362573099415},{"id":"michael-penman","name":"Michael Penman","shortName":"Penman","partyId":"PPC","votes":0,"share":0}],"partyVotes":{"LIB":82,"CPC":81,"BQ":0,"NDP":8,"GRN":0,"PPC":0,"OTH":0}}},"geometry":{"type":"Polygon","coordinates":[[[615.06,85.44],[615.06,85.34],[615.06,85.34],[615.05,85.33],[615.05,85.32],[615.11,85.35],[615.08,85.37],[615.07,85.38],[615.06,85.4],[615.08,85.41],[615.13,85.44],[615.12,85.46],[615.09,85.44],[615.08,85.46],[615.06,85.44]]]}},{"type":"Feature","id":"35035-191","properties":{"ridingCode":"35035","pollNumber":"191","pollType":"N","advancePollNumber":"623","sourceCode":"191-0","geometryPollNumbers":["191"],"code":"35035-191","resultPollNumbers":["191"],"resultStatus":"exact","result":{"electors":417,"voters":154,"totalVotes":154,"rejected":0,"turnout":36.930455635491604,"winnerId":"jamie-schmale","winnerPartyId":"CPC","runnerUpId":"nell-thomas","runnerUpPartyId":"LIB","margin":43.506493506493506,"top":[{"id":"jamie-schmale","name":"Jamie Schmale","shortName":"Schmale","partyId":"CPC","votes":105,"share":68.18181818181817},{"id":"nell-thomas","name":"Nell Thomas","shortName":"Thomas","partyId":"LIB","votes":38,"share":24.675324675324674},{"id":"alyea-teel","name":"Alyea Teel","shortName":"Teel","partyId":"NDP","votes":10,"share":6.493506493506493},{"id":"michael-penman","name":"Michael Penman","shortName":"Penman","partyId":"PPC","votes":1,"share":0.6493506493506493}],"partyVotes":{"LIB":38,"CPC":105,"BQ":0,"NDP":10,"GRN":0,"PPC":1,"OTH":0}}},"geometry":{"type":"Polygon","coordinates":[[[615.05,85.56],[615.08,85.52],[615.12,85.46],[615.13,85.44],[615.2,85.34],[615.21,85.33],[615.23,85.32],[615.24,85.31],[615.24,85.3],[615.22,85.29],[615.22,85.29],[615.24,85.28],[615.25,85.27],[615.39,85.04],[615.5,85.12],[615.53,85.13],[615.53,85.14],[615.55,85.15],[615.62,85.19],[615.58,85.26],[615.37,85.56],[615.48,85.64],[615.4,85.76],[615.21,85.64],[615.15,85.6],[615.13,85.59],[615.11,85.59],[615.1,85.59],[615.05,85.56]]]}},{"type":"Feature","id":"35035-192","properties":{"ridingCode":"35035","pollNumber":"192","pollType":"N","advancePollNumber":"628","sourceCode":"192-0","geometryPollNumbers":["192"],"code":"35035-192","resultPollNumbers":["192"],"resultStatus":"exact","result":{"electors":428,"voters":184,"totalVotes":183,"rejected":1,"turnout":42.99065420560748,"winnerId":"jamie-schmale","winnerPartyId":"CPC","runnerUpId":"nell-thomas","runnerUpPartyId":"LIB","margin":46.44808743169399,"top":[{"id":"jamie-schmale","name":"Jamie Schmale","shortName":"Schmale","partyId":"CPC","votes":133,"share":72.6775956284153},{"id":"nell-thomas","name":"Nell Thomas","shortName":"Thomas","partyId":"LIB","votes":48,"share":26.229508196721312},{"id":"michael-penman","name":"Michael Penman","shortName":"Penman","partyId":"PPC","votes":1,"share":0.546448087431694},{"id":"alyea-teel","name":"Alyea Teel","shortName":"Teel","partyId":"NDP","votes":1,"share":0.546448087431694}],"partyVotes":{"LIB":48,"CPC":133,"BQ":0,"NDP":1,"GRN":0,"PPC":1,"OTH":0}}},"geometry":{"type":"Polygon","coordinates":[[[616.58,85.69],[616.61,85.65],[616.61,85.64],[616.57,85.62],[616.69,85.44],[616.77,85.32],[616.85,85.21],[616.86,85.24],[617.06,85.38],[617.1,85.4],[617.04,85.48],[617.05,85.52],[617.04,85.51],[617.02,85.55],[616.97,85.63],[617.03,85.68],[617.03,85.68],[617.02,85.68],[616.99,85.7],[616.97,85.71],[616.96,85.71],[616.95,85.7],[616.94,85.7],[616.93,85.69],[616.82,85.86],[616.78,85.91],[616.78,85.91],[616.74,85.88],[616.73,85.89],[616.69,85.94],[616.69,85.94],[616.68,85.95],[616.63,86.03],[616.62,86.03],[616.62,86.01],[616.59,85.99],[616.58,85.98],[616.58,85.96],[616.59,85.94],[616.61,85.95],[616.63,85.91],[616.64,85.91],[616.65,85.9],[616.48,85.79],[616.48,85.78],[616.47,85.77],[616.48,85.77],[616.48,85.76],[616.54,85.66],[616.58,85.69]]]}},{"type":"Feature","id":"35035-193","properties":{"ridingCode":"35035","pollNumber":"193","pollType":"N","advancePollNumber":"627","sourceCode":"193-0","geometryPollNumbers":["193"],"code":"35035-193","resultPollNumbers":["193"],"resultStatus":"exact","result":{"electors":317,"voters":130,"totalVotes":130,"rejected":0,"turnout":41.00946372239748,"winnerId":"jamie-schmale","winnerPartyId":"CPC","runnerUpId":"nell-thomas","runnerUpPartyId":"LIB","margin":28.46153846153846,"top":[{"id":"jamie-schmale","name":"Jamie Schmale","shortName":"Schmale","partyId":"CPC","votes":76,"share":58.46153846153847},{"id":"nell-thomas","name":"Nell Thomas","shortName":"Thomas","partyId":"LIB","votes":39,"share":30},{"id":"michael-penman","name":"Michael Penman","shortName":"Penman","partyId":"PPC","votes":8,"share":6.153846153846154},{"id":"alyea-teel","name":"Alyea Teel","shortName":"Teel","partyId":"NDP","votes":7,"share":5.384615384615385}],"partyVotes":{"LIB":39,"CPC":76,"BQ":0,"NDP":7,"GRN":0,"PPC":8,"OTH":0}}},"geometry":{"type":"Polygon","coordinates":[[[616.36,85.21],[616.36,85.2],[616.44,85.26],[616.44,85.26],[616.45,85.27],[616.45,85.28],[616.46,85.28],[616.46,85.28],[616.52,85.32],[616.51,85.33],[616.49,85.31],[616.49,85.31],[616.48,85.3],[616.46,85.34],[616.45,85.35],[616.44,85.37],[616.42,85.38],[616.41,85.39],[616.41,85.4],[616.4,85.42],[616.4,85.44],[616.44,85.59],[616.26,85.47],[616.37,85.31],[616.41,85.24],[616.36,85.21]]]}},{"type":"Feature","id":"35035-194","properties":{"ridingCode":"35035","pollNumber":"194","pollType":"N","advancePollNumber":"627","sourceCode":"194-0","geometryPollNumbers":["194"],"code":"35035-194","resultPollNumbers":["194"],"resultStatus":"exact","result":{"electors":453,"voters":164,"totalVotes":162,"rejected":2,"turnout":36.20309050772627,"winnerId":"jamie-schmale","winnerPartyId":"CPC","runnerUpId":"nell-thomas","runnerUpPartyId":"LIB","margin":45.67901234567901,"top":[{"id":"jamie-schmale","name":"Jamie Schmale","shortName":"Schmale","partyId":"CPC","votes":110,"share":67.90123456790124},{"id":"nell-thomas","name":"Nell Thomas","shortName":"Thomas","partyId":"LIB","votes":36,"share":22.22222222222222},{"id":"alyea-teel","name":"Alyea Teel","shortName":"Teel","partyId":"NDP","votes":9,"share":5.555555555555555},{"id":"michael-penman","name":"Michael Penman","shortName":"Penman","partyId":"PPC","votes":7,"share":4.320987654320987}],"partyVotes":{"LIB":36,"CPC":110,"BQ":0,"NDP":9,"GRN":0,"PPC":7,"OTH":0}}},"geometry":{"type":"Polygon","coordinates":[[[616.27,85.19],[616.32,85.12],[616.34,85.13],[616.34,85.14],[616.33,85.16],[616.36,85.18],[616.35,85.2],[616.36,85.21],[616.41,85.24],[616.37,85.31],[616.36,85.3],[616.37,85.28],[616.34,85.26],[616.33,85.27],[616.28,85.24],[616.31,85.2],[616.3,85.19],[616.29,85.2],[616.28,85.2],[616.27,85.19]]]}},{"type":"Feature","id":"35035-195","properties":{"ridingCode":"35035","pollNumber":"195","pollType":"N","advancePollNumber":"627","sourceCode":"195-0","geometryPollNumbers":["195"],"code":"35035-195","resultPollNumbers":["195"],"resultStatus":"exact","result":{"electors":328,"voters":103,"totalVotes":103,"rejected":0,"turnout":31.402439024390244,"winnerId":"jamie-schmale","winnerPartyId":"CPC","runnerUpId":"nell-thomas","runnerUpPartyId":"LIB","margin":29.126213592233007,"top":[{"id":"jamie-schmale","name":"Jamie Schmale","shortName":"Schmale","partyId":"CPC","votes":64,"share":62.13592233009708},{"id":"nell-thomas","name":"Nell Thomas","shortName":"Thomas","partyId":"LIB","votes":34,"share":33.00970873786408},{"id":"alyea-teel","name":"Alyea Teel","shortName":"Teel","partyId":"NDP","votes":5,"share":4.854368932038835},{"id":"michael-penman","name":"Michael Penman","shortName":"Penman","partyId":"PPC","votes":0,"share":0}],"partyVotes":{"LIB":34,"CPC":64,"BQ":0,"NDP":5,"GRN":0,"PPC":0,"OTH":0}}},"geometry":{"type":"Polygon","coordinates":[[[616.45,85.26],[616.44,85.25],[616.46,85.25],[616.47,85.25],[616.49,85.22],[616.5,85.22],[616.53,85.17],[616.54,85.15],[616.51,85.09],[616.52,85.09],[616.56,85.02],[616.85,85.21],[616.77,85.32],[616.69,85.44],[616.52,85.32],[616.46,85.28],[616.46,85.28],[616.45,85.28],[616.45,85.27],[616.44,85.26],[616.44,85.26],[616.45,85.26]]]}},{"type":"Feature","id":"35035-196","properties":{"ridingCode":"35035","pollNumber":"196","pollType":"N","advancePollNumber":"627","sourceCode":"196-0","geometryPollNumbers":["196"],"code":"35035-196","resultPollNumbers":["196"],"resultStatus":"exact","result":{"electors":304,"voters":105,"totalVotes":105,"rejected":0,"turnout":34.53947368421053,"winnerId":"jamie-schmale","winnerPartyId":"CPC","runnerUpId":"nell-thomas","runnerUpPartyId":"LIB","margin":36.19047619047619,"top":[{"id":"jamie-schmale","name":"Jamie Schmale","shortName":"Schmale","partyId":"CPC","votes":68,"share":64.76190476190476},{"id":"nell-thomas","name":"Nell Thomas","shortName":"Thomas","partyId":"LIB","votes":30,"share":28.57142857142857},{"id":"alyea-teel","name":"Alyea Teel","shortName":"Teel","partyId":"NDP","votes":6,"share":5.714285714285714},{"id":"michael-penman","name":"Michael Penman","shortName":"Penman","partyId":"PPC","votes":1,"share":0.9523809523809524}],"partyVotes":{"LIB":30,"CPC":68,"BQ":0,"NDP":6,"GRN":0,"PPC":1,"OTH":0}}},"geometry":{"type":"Polygon","coordinates":[[[616.36,85.18],[616.39,85.11],[616.39,85.08],[616.39,85.03],[616.39,84.96],[616.38,84.94],[616.36,84.9],[616.36,84.88],[616.56,85.02],[616.52,85.09],[616.51,85.09],[616.54,85.15],[616.53,85.17],[616.5,85.22],[616.49,85.22],[616.47,85.25],[616.46,85.25],[616.44,85.25],[616.45,85.26],[616.44,85.26],[616.36,85.2],[616.36,85.21],[616.35,85.2],[616.36,85.18]]]}},{"type":"Feature","id":"35035-197","properties":{"ridingCode":"35035","pollNumber":"197","pollType":"N","advancePollNumber":"622","sourceCode":"197-0","geometryPollNumbers":["197"],"code":"35035-197","resultPollNumbers":["197"],"resultStatus":"exact","result":{"electors":509,"voters":168,"totalVotes":167,"rejected":1,"turnout":33.00589390962672,"winnerId":"jamie-schmale","winnerPartyId":"CPC","runnerUpId":"nell-thomas","runnerUpPartyId":"LIB","margin":1.1976047904191618,"top":[{"id":"jamie-schmale","name":"Jamie Schmale","shortName":"Schmale","partyId":"CPC","votes":77,"share":46.10778443113773},{"id":"nell-thomas","name":"Nell Thomas","shortName":"Thomas","partyId":"LIB","votes":75,"share":44.91017964071856},{"id":"alyea-teel","name":"Alyea Teel","shortName":"Teel","partyId":"NDP","votes":10,"share":5.9880239520958085},{"id":"michael-penman","name":"Michael Penman","shortName":"Penman","partyId":"PPC","votes":5,"share":2.9940119760479043}],"partyVotes":{"LIB":75,"CPC":77,"BQ":0,"NDP":10,"GRN":0,"PPC":5,"OTH":0}}},"geometry":{"type":"Polygon","coordinates":[[[614.83,85.39],[614.76,85.34],[614.78,85.32],[614.83,85.32],[614.83,85.31],[614.84,85.31],[614.84,85.32],[614.89,85.33],[614.88,85.34],[614.87,85.33],[614.86,85.33],[614.86,85.34],[614.87,85.35],[614.86,85.35],[614.85,85.37],[614.85,85.38],[614.85,85.39],[614.83,85.39]]]}},{"type":"Feature","id":"35035-198","properties":{"ridingCode":"35035","pollNumber":"198","pollType":"N","advancePollNumber":"622","sourceCode":"198-0","geometryPollNumbers":["198"],"code":"35035-198","resultPollNumbers":["198"],"resultStatus":"exact","result":{"electors":494,"voters":176,"totalVotes":173,"rejected":3,"turnout":35.62753036437247,"winnerId":"jamie-schmale","winnerPartyId":"CPC","runnerUpId":"nell-thomas","runnerUpPartyId":"LIB","margin":19.653179190751445,"top":[{"id":"jamie-schmale","name":"Jamie Schmale","shortName":"Schmale","partyId":"CPC","votes":102,"share":58.95953757225434},{"id":"nell-thomas","name":"Nell Thomas","shortName":"Thomas","partyId":"LIB","votes":68,"share":39.30635838150289},{"id":"alyea-teel","name":"Alyea Teel","shortName":"Teel","partyId":"NDP","votes":2,"share":1.1560693641618496},{"id":"michael-penman","name":"Michael Penman","shortName":"Penman","partyId":"PPC","votes":1,"share":0.5780346820809248}],"partyVotes":{"LIB":68,"CPC":102,"BQ":0,"NDP":2,"GRN":0,"PPC":1,"OTH":0}}},"geometry":{"type":"Polygon","coordinates":[[[614.82,85.31],[614.83,85.3],[614.84,85.3],[614.83,85.29],[614.82,85.28],[614.83,85.26],[614.83,85.26],[614.84,85.26],[614.85,85.26],[614.86,85.27],[614.86,85.29],[614.87,85.3],[614.88,85.29],[614.91,85.3],[614.91,85.29],[614.92,85.28],[614.93,85.29],[614.92,85.3],[614.93,85.31],[614.91,85.34],[614.91,85.34],[614.91,85.33],[614.9,85.33],[614.9,85.33],[614.89,85.33],[614.89,85.33],[614.84,85.32],[614.84,85.31],[614.83,85.31],[614.82,85.31]],[[614.89,85.31],[614.9,85.31],[614.9,85.31],[614.89,85.31]],[[614.88,85.31],[614.88,85.31],[614.88,85.31],[614.88,85.31]]]}},{"type":"Feature","id":"35035-199","properties":{"ridingCode":"35035","pollNumber":"199","pollType":"N","advancePollNumber":"622","sourceCode":"199-0","geometryPollNumbers":["199"],"code":"35035-199","resultPollNumbers":["199"],"resultStatus":"exact","result":{"electors":468,"voters":134,"totalVotes":132,"rejected":2,"turnout":28.63247863247863,"winnerId":"jamie-schmale","winnerPartyId":"CPC","runnerUpId":"nell-thomas","runnerUpPartyId":"LIB","margin":15.151515151515152,"top":[{"id":"jamie-schmale","name":"Jamie Schmale","shortName":"Schmale","partyId":"CPC","votes":75,"share":56.81818181818182},{"id":"nell-thomas","name":"Nell Thomas","shortName":"Thomas","partyId":"LIB","votes":55,"share":41.66666666666667},{"id":"alyea-teel","name":"Alyea Teel","shortName":"Teel","partyId":"NDP","votes":2,"share":1.5151515151515151},{"id":"michael-penman","name":"Michael Penman","shortName":"Penman","partyId":"PPC","votes":0,"share":0}],"partyVotes":{"LIB":55,"CPC":75,"BQ":0,"NDP":2,"GRN":0,"PPC":0,"OTH":0}}},"geometry":{"type":"Polygon","coordinates":[[[614.73,85.32],[614.74,85.32],[614.77,85.27],[614.77,85.26],[614.78,85.25],[614.83,85.18],[614.86,85.2],[614.88,85.22],[614.89,85.22],[614.87,85.24],[614.86,85.26],[614.86,85.26],[614.85,85.26],[614.84,85.26],[614.83,85.26],[614.83,85.26],[614.82,85.28],[614.83,85.29],[614.84,85.3],[614.83,85.3],[614.82,85.31],[614.83,85.31],[614.83,85.32],[614.78,85.32],[614.76,85.34],[614.74,85.33],[614.74,85.33],[614.73,85.32]],[[614.79,85.3],[614.79,85.3],[614.79,85.3],[614.79,85.3]]]}},{"type":"Feature","id":"35035-200","properties":{"ridingCode":"35035","pollNumber":"200","pollType":"N","advancePollNumber":"617","sourceCode":"200-0","geometryPollNumbers":["200"],"code":"35035-200","resultPollNumbers":["200"],"resultStatus":"exact","result":{"electors":418,"voters":149,"totalVotes":149,"rejected":0,"turnout":35.645933014354064,"winnerId":"jamie-schmale","winnerPartyId":"CPC","runnerUpId":"nell-thomas","runnerUpPartyId":"LIB","margin":49.664429530201346,"top":[{"id":"jamie-schmale","name":"Jamie Schmale","shortName":"Schmale","partyId":"CPC","votes":109,"share":73.15436241610739},{"id":"nell-thomas","name":"Nell Thomas","shortName":"Thomas","partyId":"LIB","votes":35,"share":23.48993288590604},{"id":"alyea-teel","name":"Alyea Teel","shortName":"Teel","partyId":"NDP","votes":3,"share":2.013422818791946},{"id":"michael-penman","name":"Michael Penman","shortName":"Penman","partyId":"PPC","votes":2,"share":1.342281879194631}],"partyVotes":{"LIB":35,"CPC":109,"BQ":0,"NDP":3,"GRN":0,"PPC":2,"OTH":0}}},"geometry":{"type":"Polygon","coordinates":[[[613.27,85.44],[613.45,85.18],[613.45,85.17],[613.56,85],[613.8,85.15],[614.21,85.42],[614.14,85.53],[613.98,85.78],[613.85,85.98],[613.83,85.97],[613.54,85.78],[613.45,85.72],[613.49,85.64],[613.51,85.61],[613.27,85.44]]]}},{"type":"Feature","id":"35035-201","properties":{"ridingCode":"35035","pollNumber":"201","pollType":"N","advancePollNumber":"624","sourceCode":"201-0","geometryPollNumbers":["201"],"code":"35035-201","resultPollNumbers":["201"],"resultStatus":"exact","result":{"electors":341,"voters":140,"totalVotes":139,"rejected":1,"turnout":41.05571847507331,"winnerId":"jamie-schmale","winnerPartyId":"CPC","runnerUpId":"nell-thomas","runnerUpPartyId":"LIB","margin":57.55395683453237,"top":[{"id":"jamie-schmale","name":"Jamie Schmale","shortName":"Schmale","partyId":"CPC","votes":104,"share":74.82014388489209},{"id":"nell-thomas","name":"Nell Thomas","shortName":"Thomas","partyId":"LIB","votes":24,"share":17.26618705035971},{"id":"alyea-teel","name":"Alyea Teel","shortName":"Teel","partyId":"NDP","votes":10,"share":7.194244604316546},{"id":"michael-penman","name":"Michael Penman","shortName":"Penman","partyId":"PPC","votes":1,"share":0.7194244604316548}],"partyVotes":{"LIB":24,"CPC":104,"BQ":0,"NDP":10,"GRN":0,"PPC":1,"OTH":0}}},"geometry":{"type":"Polygon","coordinates":[[[613.63,84.89],[613.88,85.05],[613.94,84.95],[613.96,84.96],[613.97,84.97],[613.96,84.97],[613.96,84.98],[613.98,84.99],[613.99,84.97],[614.15,85.06],[614.29,84.84],[614.34,84.87],[614.41,84.76],[614.42,84.77],[614.43,84.77],[614.44,84.78],[614.56,84.86],[614.41,85.11],[614.51,85.18],[614.47,85.25],[614.44,85.24],[614.41,85.22],[614.35,85.2],[614.21,85.42],[613.8,85.15],[613.56,85],[613.63,84.89]]]}},{"type":"Feature","id":"35035-202","properties":{"ridingCode":"35035","pollNumber":"202","pollType":"N","advancePollNumber":"624","sourceCode":"202-0","geometryPollNumbers":["202"],"code":"35035-202","resultPollNumbers":["202"],"resultStatus":"exact","result":{"electors":392,"voters":152,"totalVotes":147,"rejected":5,"turnout":38.775510204081634,"winnerId":"jamie-schmale","winnerPartyId":"CPC","runnerUpId":"nell-thomas","runnerUpPartyId":"LIB","margin":48.97959183673469,"top":[{"id":"jamie-schmale","name":"Jamie Schmale","shortName":"Schmale","partyId":"CPC","votes":105,"share":71.42857142857143},{"id":"nell-thomas","name":"Nell Thomas","shortName":"Thomas","partyId":"LIB","votes":33,"share":22.448979591836736},{"id":"alyea-teel","name":"Alyea Teel","shortName":"Teel","partyId":"NDP","votes":7,"share":4.761904761904762},{"id":"michael-penman","name":"Michael Penman","shortName":"Penman","partyId":"PPC","votes":2,"share":1.3605442176870748}],"partyVotes":{"LIB":33,"CPC":105,"BQ":0,"NDP":7,"GRN":0,"PPC":2,"OTH":0}}},"geometry":{"type":"Polygon","coordinates":[[[613.95,84.92],[613.95,84.91],[613.96,84.91],[614.09,84.71],[614.29,84.84],[614.15,85.06],[613.99,84.97],[613.98,84.99],[613.96,84.98],[613.96,84.97],[613.97,84.97],[613.96,84.96],[613.96,84.95],[613.97,84.95],[613.98,84.93],[613.96,84.92],[613.96,84.92],[613.95,84.92]]]}},{"type":"Feature","id":"35035-203","properties":{"ridingCode":"35035","pollNumber":"203","pollType":"N","advancePollNumber":"624","sourceCode":"203-0","geometryPollNumbers":["203"],"code":"35035-203","resultPollNumbers":["203"],"resultStatus":"exact","result":{"electors":393,"voters":155,"totalVotes":155,"rejected":0,"turnout":39.44020356234097,"winnerId":"jamie-schmale","winnerPartyId":"CPC","runnerUpId":"nell-thomas","runnerUpPartyId":"LIB","margin":52.25806451612903,"top":[{"id":"jamie-schmale","name":"Jamie Schmale","shortName":"Schmale","partyId":"CPC","votes":114,"share":73.54838709677419},{"id":"nell-thomas","name":"Nell Thomas","shortName":"Thomas","partyId":"LIB","votes":33,"share":21.29032258064516},{"id":"alyea-teel","name":"Alyea Teel","shortName":"Teel","partyId":"NDP","votes":8,"share":5.161290322580645},{"id":"michael-penman","name":"Michael Penman","shortName":"Penman","partyId":"PPC","votes":0,"share":0}],"partyVotes":{"LIB":33,"CPC":114,"BQ":0,"NDP":8,"GRN":0,"PPC":0,"OTH":0}}},"geometry":{"type":"Polygon","coordinates":[[[613.31,84.84],[613.46,84.62],[613.7,84.78],[613.85,84.55],[614.09,84.71],[613.96,84.91],[613.95,84.91],[613.95,84.92],[613.96,84.92],[613.96,84.92],[613.98,84.93],[613.97,84.95],[613.96,84.95],[613.96,84.96],[613.94,84.95],[613.88,85.05],[613.63,84.89],[613.56,85],[613.31,84.84]]]}},{"type":"Feature","id":"35035-204","properties":{"ridingCode":"35035","pollNumber":"204","pollType":"N","advancePollNumber":"623","sourceCode":"204-0","geometryPollNumbers":["204"],"code":"35035-204","resultPollNumbers":["204"],"resultStatus":"exact","result":{"electors":385,"voters":140,"totalVotes":140,"rejected":0,"turnout":36.36363636363637,"winnerId":"jamie-schmale","winnerPartyId":"CPC","runnerUpId":"nell-thomas","runnerUpPartyId":"LIB","margin":64.28571428571429,"top":[{"id":"jamie-schmale","name":"Jamie Schmale","shortName":"Schmale","partyId":"CPC","votes":112,"share":80},{"id":"nell-thomas","name":"Nell Thomas","shortName":"Thomas","partyId":"LIB","votes":22,"share":15.714285714285714},{"id":"alyea-teel","name":"Alyea Teel","shortName":"Teel","partyId":"NDP","votes":6,"share":4.285714285714286},{"id":"michael-penman","name":"Michael Penman","shortName":"Penman","partyId":"PPC","votes":0,"share":0}],"partyVotes":{"LIB":22,"CPC":112,"BQ":0,"NDP":6,"GRN":0,"PPC":0,"OTH":0}}},"geometry":{"type":"Polygon","coordinates":[[[614.9,85.69],[614.95,85.72],[615.03,85.6],[615.05,85.56],[615.1,85.59],[615.11,85.59],[615.13,85.59],[615.15,85.6],[615.21,85.64],[615.4,85.76],[615.48,85.64],[615.56,85.51],[615.68,85.59],[615.61,85.69],[615.68,85.73],[615.59,85.88],[615.3,86.31],[615.12,86.2],[615.11,86.2],[615.11,86.19],[615,86.12],[614.91,86.06],[614.91,86.06],[614.9,86.06],[614.9,86.05],[614.89,86.04],[614.7,85.92],[614.73,85.8],[614.73,85.78],[614.75,85.76],[614.77,85.75],[614.79,85.71],[614.82,85.67],[614.83,85.67],[614.85,85.67],[614.87,85.66],[614.88,85.68],[614.9,85.69]]]}},{"type":"Feature","id":"35035-205","properties":{"ridingCode":"35035","pollNumber":"205","pollType":"N","advancePollNumber":"623","sourceCode":"205-0","geometryPollNumbers":["205"],"code":"35035-205","resultPollNumbers":["205"],"resultStatus":"exact","result":{"electors":382,"voters":97,"totalVotes":96,"rejected":1,"turnout":25.392670157068064,"winnerId":"jamie-schmale","winnerPartyId":"CPC","runnerUpId":"nell-thomas","runnerUpPartyId":"LIB","margin":45.83333333333333,"top":[{"id":"jamie-schmale","name":"Jamie Schmale","shortName":"Schmale","partyId":"CPC","votes":68,"share":70.83333333333334},{"id":"nell-thomas","name":"Nell Thomas","shortName":"Thomas","partyId":"LIB","votes":24,"share":25},{"id":"alyea-teel","name":"Alyea Teel","shortName":"Teel","partyId":"NDP","votes":3,"share":3.125},{"id":"michael-penman","name":"Michael Penman","shortName":"Penman","partyId":"PPC","votes":1,"share":1.0416666666666665}],"partyVotes":{"LIB":24,"CPC":68,"BQ":0,"NDP":3,"GRN":0,"PPC":1,"OTH":0}}},"geometry":{"type":"Polygon","coordinates":[[[614.97,85.21],[615.01,85.15],[615.07,85.19],[615.07,85.12],[615.08,85.07],[615.07,85.05],[615.08,85.03],[615.08,85.01],[615.09,84.99],[615.11,84.98],[615.13,84.95],[615.14,84.94],[615.14,84.92],[615.14,84.9],[615.14,84.88],[615.28,84.97],[615.39,85.04],[615.25,85.27],[615.24,85.28],[615.22,85.29],[615.22,85.29],[615.24,85.3],[615.24,85.31],[615.23,85.32],[615.21,85.33],[615.2,85.34],[615.13,85.44],[615.08,85.41],[615.06,85.4],[615.07,85.38],[615.08,85.37],[615.11,85.35],[615.05,85.32],[615.05,85.31],[615.05,85.3],[615.06,85.29],[615.06,85.28],[614.99,85.23],[614.97,85.21]]]}},{"type":"Feature","id":"35035-206","properties":{"ridingCode":"35035","pollNumber":"206","pollType":"N","advancePollNumber":"626","sourceCode":"206-0","geometryPollNumbers":["206"],"code":"35035-206","resultPollNumbers":["206"],"resultStatus":"exact","result":{"electors":467,"voters":205,"totalVotes":204,"rejected":1,"turnout":43.897216274089935,"winnerId":"jamie-schmale","winnerPartyId":"CPC","runnerUpId":"nell-thomas","runnerUpPartyId":"LIB","margin":47.05882352941176,"top":[{"id":"jamie-schmale","name":"Jamie Schmale","shortName":"Schmale","partyId":"CPC","votes":144,"share":70.58823529411765},{"id":"nell-thomas","name":"Nell Thomas","shortName":"Thomas","partyId":"LIB","votes":48,"share":23.52941176470588},{"id":"alyea-teel","name":"Alyea Teel","shortName":"Teel","partyId":"NDP","votes":9,"share":4.411764705882353},{"id":"michael-penman","name":"Michael Penman","shortName":"Penman","partyId":"PPC","votes":3,"share":1.4705882352941175}],"partyVotes":{"LIB":48,"CPC":144,"BQ":0,"NDP":9,"GRN":0,"PPC":3,"OTH":0}}},"geometry":{"type":"Polygon","coordinates":[[[615.39,85.04],[615.28,84.97],[615.44,84.72],[615.44,84.72],[615.61,84.47],[615.87,84.64],[616.06,84.77],[616.09,84.79],[616.1,84.79],[616.1,84.8],[616.1,84.82],[616.1,84.83],[616.11,84.84],[616.14,84.86],[616.14,84.87],[616.14,84.88],[616.13,84.89],[615.96,85.16],[615.95,85.17],[615.94,85.18],[615.84,85.34],[615.79,85.3],[615.78,85.3],[615.75,85.28],[615.73,85.3],[615.71,85.3],[615.7,85.32],[615.56,85.51],[615.48,85.64],[615.37,85.56],[615.58,85.26],[615.62,85.19],[615.55,85.15],[615.53,85.14],[615.53,85.13],[615.5,85.12],[615.39,85.04]]]}},{"type":"Feature","id":"35035-207","properties":{"ridingCode":"35035","pollNumber":"207","pollType":"N","advancePollNumber":"626","sourceCode":"207-0","geometryPollNumbers":["207"],"code":"35035-207","resultPollNumbers":["207"],"resultStatus":"exact","result":{"electors":489,"voters":167,"totalVotes":165,"rejected":2,"turnout":34.151329243353786,"winnerId":"jamie-schmale","winnerPartyId":"CPC","runnerUpId":"nell-thomas","runnerUpPartyId":"LIB","margin":30.303030303030305,"top":[{"id":"jamie-schmale","name":"Jamie Schmale","shortName":"Schmale","partyId":"CPC","votes":104,"share":63.030303030303024},{"id":"nell-thomas","name":"Nell Thomas","shortName":"Thomas","partyId":"LIB","votes":54,"share":32.72727272727273},{"id":"alyea-teel","name":"Alyea Teel","shortName":"Teel","partyId":"NDP","votes":5,"share":3.0303030303030303},{"id":"michael-penman","name":"Michael Penman","shortName":"Penman","partyId":"PPC","votes":2,"share":1.2121212121212122}],"partyVotes":{"LIB":54,"CPC":104,"BQ":0,"NDP":5,"GRN":0,"PPC":2,"OTH":0}}},"geometry":{"type":"Polygon","coordinates":[[[615.07,85.12],[615.07,85.19],[615.01,85.15],[615.01,85.14],[615.01,85.14],[614.98,85.13],[614.9,85.08],[615.06,84.83],[615.01,84.8],[615,84.79],[614.98,84.77],[614.84,84.68],[614.99,84.44],[614.99,84.43],[614.99,84.42],[615,84.42],[615.04,84.45],[615.06,84.37],[615.08,84.32],[615.11,84.25],[615.19,84.28],[615.23,84.23],[615.55,84.43],[615.61,84.34],[615.63,84.31],[615.68,84.34],[615.61,84.45],[615.61,84.47],[615.44,84.72],[615.44,84.72],[615.28,84.97],[615.14,84.88],[615.14,84.9],[615.14,84.92],[615.14,84.94],[615.13,84.95],[615.11,84.98],[615.09,84.99],[615.08,85.01],[615.08,85.03],[615.07,85.05],[615.08,85.07],[615.07,85.12]]]}},{"type":"Feature","id":"35035-208","properties":{"ridingCode":"35035","pollNumber":"208","pollType":"N","advancePollNumber":"629","sourceCode":"208-0","geometryPollNumbers":["208"],"code":"35035-208","resultPollNumbers":["208"],"resultStatus":"exact","result":{"electors":271,"voters":164,"totalVotes":164,"rejected":0,"turnout":60.51660516605166,"winnerId":"jamie-schmale","winnerPartyId":"CPC","runnerUpId":"nell-thomas","runnerUpPartyId":"LIB","margin":14.02439024390244,"top":[{"id":"jamie-schmale","name":"Jamie Schmale","shortName":"Schmale","partyId":"CPC","votes":91,"share":55.487804878048784},{"id":"nell-thomas","name":"Nell Thomas","shortName":"Thomas","partyId":"LIB","votes":68,"share":41.46341463414634},{"id":"alyea-teel","name":"Alyea Teel","shortName":"Teel","partyId":"NDP","votes":5,"share":3.048780487804878},{"id":"michael-penman","name":"Michael Penman","shortName":"Penman","partyId":"PPC","votes":0,"share":0}],"partyVotes":{"LIB":68,"CPC":91,"BQ":0,"NDP":5,"GRN":0,"PPC":0,"OTH":0}}},"geometry":{"type":"Polygon","coordinates":[[[617.71,85.63],[617.71,85.63],[617.43,85.44],[617.47,85.38],[617.49,85.35],[617.51,85.33],[617.52,85.34],[617.53,85.34],[617.78,85.51],[617.79,85.51],[617.71,85.63]]]}},{"type":"Feature","id":"35035-209","properties":{"ridingCode":"35035","pollNumber":"209","pollType":"N","advancePollNumber":"629","sourceCode":"209-0","geometryPollNumbers":["209"],"code":"35035-209","resultPollNumbers":["209"],"resultStatus":"exact","result":{"electors":356,"voters":212,"totalVotes":212,"rejected":0,"turnout":59.55056179775281,"winnerId":"jamie-schmale","winnerPartyId":"CPC","runnerUpId":"nell-thomas","runnerUpPartyId":"LIB","margin":9.433962264150944,"top":[{"id":"jamie-schmale","name":"Jamie Schmale","shortName":"Schmale","partyId":"CPC","votes":111,"share":52.358490566037744},{"id":"nell-thomas","name":"Nell Thomas","shortName":"Thomas","partyId":"LIB","votes":91,"share":42.924528301886795},{"id":"alyea-teel","name":"Alyea Teel","shortName":"Teel","partyId":"NDP","votes":6,"share":2.8301886792452833},{"id":"michael-penman","name":"Michael Penman","shortName":"Penman","partyId":"PPC","votes":4,"share":1.8867924528301887}],"partyVotes":{"LIB":91,"CPC":111,"BQ":0,"NDP":6,"GRN":0,"PPC":4,"OTH":0}}},"geometry":{"type":"Polygon","coordinates":[[[617.6,85.27],[617.66,85.15],[617.68,85.12],[617.68,85.11],[617.69,85.11],[617.71,85.13],[617.8,85.19],[617.88,85.08],[618.04,85.19],[618.02,85.23],[618.01,85.22],[618.03,85.19],[618.02,85.18],[617.98,85.23],[617.97,85.23],[617.94,85.28],[617.94,85.28],[617.89,85.25],[617.86,85.28],[617.85,85.28],[617.85,85.29],[617.86,85.29],[617.86,85.29],[617.85,85.29],[617.84,85.32],[617.84,85.32],[617.84,85.32],[617.84,85.32],[617.84,85.33],[617.82,85.36],[617.78,85.43],[617.82,85.45],[617.78,85.51],[617.53,85.34],[617.52,85.34],[617.51,85.33],[617.52,85.32],[617.58,85.29],[617.6,85.27]]]}},{"type":"Feature","id":"35035-210","properties":{"ridingCode":"35035","pollNumber":"210","pollType":"N","advancePollNumber":"629","sourceCode":"210-0","geometryPollNumbers":["210"],"code":"35035-210","resultPollNumbers":["210"],"resultStatus":"exact","result":{"electors":296,"voters":119,"totalVotes":119,"rejected":0,"turnout":40.2027027027027,"winnerId":"jamie-schmale","winnerPartyId":"CPC","runnerUpId":"nell-thomas","runnerUpPartyId":"LIB","margin":15.126050420168067,"top":[{"id":"jamie-schmale","name":"Jamie Schmale","shortName":"Schmale","partyId":"CPC","votes":66,"share":55.46218487394958},{"id":"nell-thomas","name":"Nell Thomas","shortName":"Thomas","partyId":"LIB","votes":48,"share":40.33613445378151},{"id":"alyea-teel","name":"Alyea Teel","shortName":"Teel","partyId":"NDP","votes":4,"share":3.361344537815126},{"id":"michael-penman","name":"Michael Penman","shortName":"Penman","partyId":"PPC","votes":1,"share":0.8403361344537815}],"partyVotes":{"LIB":48,"CPC":66,"BQ":0,"NDP":4,"GRN":0,"PPC":1,"OTH":0}}},"geometry":{"type":"Polygon","coordinates":[[[617.43,84.94],[617.5,84.93],[617.65,85.03],[617.66,85.09],[617.59,85.2],[617.58,85.19],[617.57,85.16],[617.56,85.16],[617.54,85.14],[617.5,85.11],[617.5,85.11],[617.49,85.11],[617.47,85.14],[617.36,85.06],[617.43,84.94]]]}},{"type":"Feature","id":"35035-211","properties":{"ridingCode":"35035","pollNumber":"211","pollType":"N","advancePollNumber":"629","sourceCode":"211-0","geometryPollNumbers":["211"],"code":"35035-211","resultPollNumbers":["211"],"resultStatus":"exact","result":{"electors":354,"voters":192,"totalVotes":192,"rejected":0,"turnout":54.23728813559322,"winnerId":"jamie-schmale","winnerPartyId":"CPC","runnerUpId":"nell-thomas","runnerUpPartyId":"LIB","margin":30.208333333333332,"top":[{"id":"jamie-schmale","name":"Jamie Schmale","shortName":"Schmale","partyId":"CPC","votes":121,"share":63.020833333333336},{"id":"nell-thomas","name":"Nell Thomas","shortName":"Thomas","partyId":"LIB","votes":63,"share":32.8125},{"id":"alyea-teel","name":"Alyea Teel","shortName":"Teel","partyId":"NDP","votes":7,"share":3.6458333333333335},{"id":"michael-penman","name":"Michael Penman","shortName":"Penman","partyId":"PPC","votes":1,"share":0.5208333333333333}],"partyVotes":{"LIB":63,"CPC":121,"BQ":0,"NDP":7,"GRN":0,"PPC":1,"OTH":0}}},"geometry":{"type":"Polygon","coordinates":[[[617.51,85.33],[617.5,85.33],[617.5,85.33],[617.5,85.33],[617.51,85.32],[617.59,85.2],[617.66,85.09],[617.67,85.1],[617.68,85.11],[617.69,85.06],[617.7,85.04],[617.84,84.83],[617.96,84.63],[618.05,84.69],[618.18,84.78],[618.2,84.82],[618.19,84.86],[618.2,84.96],[618.2,84.99],[618.2,85.04],[618.23,85.1],[618.23,85.13],[618.21,85.15],[618.2,85.17],[618.21,85.19],[618.21,85.22],[618.17,85.24],[618.16,85.25],[618.16,85.27],[618.18,85.29],[618.19,85.31],[618.2,85.33],[618.2,85.35],[618.22,85.38],[618.13,85.32],[618.12,85.33],[618.07,85.3],[618.07,85.22],[618.07,85.21],[618.07,85.21],[618.04,85.19],[617.88,85.08],[617.8,85.19],[617.71,85.13],[617.69,85.11],[617.68,85.11],[617.68,85.12],[617.66,85.15],[617.6,85.27],[617.58,85.29],[617.52,85.32],[617.51,85.33],[617.51,85.33]],[[617.83,84.88],[617.83,84.88],[617.83,84.88],[617.83,84.88]]]}},{"type":"Feature","id":"35035-212","properties":{"ridingCode":"35035","pollNumber":"212","pollType":"N","advancePollNumber":"628","sourceCode":"212-0","geometryPollNumbers":["212"],"code":"35035-212","resultPollNumbers":["212"],"resultStatus":"exact","result":{"electors":418,"voters":237,"totalVotes":235,"rejected":2,"turnout":56.698564593301434,"winnerId":"jamie-schmale","winnerPartyId":"CPC","runnerUpId":"nell-thomas","runnerUpPartyId":"LIB","margin":18.29787234042553,"top":[{"id":"jamie-schmale","name":"Jamie Schmale","shortName":"Schmale","partyId":"CPC","votes":132,"share":56.17021276595745},{"id":"nell-thomas","name":"Nell Thomas","shortName":"Thomas","partyId":"LIB","votes":89,"share":37.87234042553192},{"id":"alyea-teel","name":"Alyea Teel","shortName":"Teel","partyId":"NDP","votes":11,"share":4.680851063829787},{"id":"michael-penman","name":"Michael Penman","shortName":"Penman","partyId":"PPC","votes":3,"share":1.276595744680851}],"partyVotes":{"LIB":89,"CPC":132,"BQ":0,"NDP":11,"GRN":0,"PPC":3,"OTH":0}}},"geometry":{"type":"Polygon","coordinates":[[[616.85,85.21],[616.91,85.12],[616.92,85.09],[617.21,85.28],[617.13,85.39],[617.15,85.4],[617.16,85.4],[617.17,85.41],[617.17,85.42],[617.35,85.55],[617.2,85.78],[617.03,85.68],[616.97,85.63],[617.02,85.55],[617.04,85.51],[617.05,85.52],[617.04,85.48],[617.1,85.4],[617.06,85.38],[616.86,85.24],[616.85,85.21]]]}},{"type":"Feature","id":"35035-213","properties":{"ridingCode":"35035","pollNumber":"213","pollType":"N","advancePollNumber":"628","sourceCode":"213-0","geometryPollNumbers":["213"],"code":"35035-213","resultPollNumbers":["213"],"resultStatus":"exact","result":{"electors":419,"voters":266,"totalVotes":265,"rejected":1,"turnout":63.48448687350835,"winnerId":"jamie-schmale","winnerPartyId":"CPC","runnerUpId":"nell-thomas","runnerUpPartyId":"LIB","margin":13.962264150943396,"top":[{"id":"jamie-schmale","name":"Jamie Schmale","shortName":"Schmale","partyId":"CPC","votes":144,"share":54.339622641509436},{"id":"nell-thomas","name":"Nell Thomas","shortName":"Thomas","partyId":"LIB","votes":107,"share":40.37735849056604},{"id":"alyea-teel","name":"Alyea Teel","shortName":"Teel","partyId":"NDP","votes":11,"share":4.150943396226415},{"id":"michael-penman","name":"Michael Penman","shortName":"Penman","partyId":"PPC","votes":3,"share":1.1320754716981132}],"partyVotes":{"LIB":107,"CPC":144,"BQ":0,"NDP":11,"GRN":0,"PPC":3,"OTH":0}}},"geometry":{"type":"Polygon","coordinates":[[[617.15,85.4],[617.13,85.39],[617.21,85.28],[617.32,85.36],[617.43,85.44],[617.35,85.55],[617.17,85.42],[617.17,85.41],[617.16,85.4],[617.15,85.4]]]}},{"type":"Feature","id":"35035-214","properties":{"ridingCode":"35035","pollNumber":"214","pollType":"N","advancePollNumber":"629","sourceCode":"214-0","geometryPollNumbers":["214"],"code":"35035-214","resultPollNumbers":["214"],"resultStatus":"exact","result":{"electors":379,"voters":130,"totalVotes":129,"rejected":1,"turnout":34.300791556728235,"winnerId":"jamie-schmale","winnerPartyId":"CPC","runnerUpId":"nell-thomas","runnerUpPartyId":"LIB","margin":34.10852713178294,"top":[{"id":"jamie-schmale","name":"Jamie Schmale","shortName":"Schmale","partyId":"CPC","votes":85,"share":65.89147286821705},{"id":"nell-thomas","name":"Nell Thomas","shortName":"Thomas","partyId":"LIB","votes":41,"share":31.782945736434108},{"id":"alyea-teel","name":"Alyea Teel","shortName":"Teel","partyId":"NDP","votes":2,"share":1.550387596899225},{"id":"michael-penman","name":"Michael Penman","shortName":"Penman","partyId":"PPC","votes":1,"share":0.7751937984496124}],"partyVotes":{"LIB":41,"CPC":85,"BQ":0,"NDP":2,"GRN":0,"PPC":1,"OTH":0}}},"geometry":{"type":"Polygon","coordinates":[[[616.98,85.01],[617,84.98],[617.04,84.92],[617.06,84.89],[617.07,84.87],[617.36,85.06],[617.47,85.14],[617.49,85.11],[617.5,85.11],[617.5,85.11],[617.54,85.14],[617.56,85.16],[617.57,85.16],[617.58,85.19],[617.59,85.2],[617.51,85.32],[617.5,85.33],[617.5,85.33],[617.05,85.02],[617.04,85.02],[617.02,85],[617.02,85.01],[617,84.99],[616.99,85],[616.99,85],[616.99,85.01],[616.98,85.01]]]}},{"type":"Feature","id":"35035-215","properties":{"ridingCode":"35035","pollNumber":"215","pollType":"N","advancePollNumber":"629","sourceCode":"215-0","geometryPollNumbers":["215"],"code":"35035-215","resultPollNumbers":["215"],"resultStatus":"exact","result":{"electors":370,"voters":151,"totalVotes":151,"rejected":0,"turnout":40.81081081081081,"winnerId":"jamie-schmale","winnerPartyId":"CPC","runnerUpId":"nell-thomas","runnerUpPartyId":"LIB","margin":33.77483443708609,"top":[{"id":"jamie-schmale","name":"Jamie Schmale","shortName":"Schmale","partyId":"CPC","votes":98,"share":64.90066225165563},{"id":"nell-thomas","name":"Nell Thomas","shortName":"Thomas","partyId":"LIB","votes":47,"share":31.125827814569533},{"id":"michael-penman","name":"Michael Penman","shortName":"Penman","partyId":"PPC","votes":4,"share":2.6490066225165565},{"id":"alyea-teel","name":"Alyea Teel","shortName":"Teel","partyId":"NDP","votes":2,"share":1.3245033112582782}],"partyVotes":{"LIB":47,"CPC":98,"BQ":0,"NDP":2,"GRN":0,"PPC":4,"OTH":0}}},"geometry":{"type":"Polygon","coordinates":[[[616.38,84.72],[616.36,84.72],[616.37,84.71],[616.37,84.7],[616.42,84.63],[616.41,84.6],[616.41,84.58],[616.43,84.51],[616.45,84.53],[616.48,84.49],[616.5,84.51],[616.44,84.59],[616.67,84.74],[616.67,84.76],[616.7,84.78],[616.71,84.8],[616.72,84.8],[616.74,84.8],[616.74,84.81],[616.95,84.95],[616.95,84.96],[616.96,84.98],[616.98,85.01],[616.99,85.01],[616.99,85],[616.99,85],[617,84.99],[617.02,85.01],[617.02,85],[617.04,85.02],[617.05,85.02],[617.5,85.33],[617.5,85.33],[617.51,85.33],[617.51,85.33],[617.49,85.35],[617.47,85.38],[617.43,85.44],[617.32,85.36],[617.21,85.28],[616.92,85.09],[616.91,85.12],[616.85,85.21],[616.56,85.02],[616.58,84.99],[616.59,84.98],[616.64,84.9],[616.38,84.72]]]}},{"type":"Feature","id":"35035-216","properties":{"ridingCode":"35035","pollNumber":"216","pollType":"N","advancePollNumber":"629","sourceCode":"216-0","geometryPollNumbers":["216"],"code":"35035-216","resultPollNumbers":["216"],"resultStatus":"exact","result":{"electors":409,"voters":127,"totalVotes":127,"rejected":0,"turnout":31.05134474327628,"winnerId":"jamie-schmale","winnerPartyId":"CPC","runnerUpId":"nell-thomas","runnerUpPartyId":"LIB","margin":17.322834645669293,"top":[{"id":"jamie-schmale","name":"Jamie Schmale","shortName":"Schmale","partyId":"CPC","votes":72,"share":56.69291338582677},{"id":"nell-thomas","name":"Nell Thomas","shortName":"Thomas","partyId":"LIB","votes":50,"share":39.37007874015748},{"id":"alyea-teel","name":"Alyea Teel","shortName":"Teel","partyId":"NDP","votes":4,"share":3.149606299212598},{"id":"michael-penman","name":"Michael Penman","shortName":"Penman","partyId":"PPC","votes":1,"share":0.7874015748031495}],"partyVotes":{"LIB":50,"CPC":72,"BQ":0,"NDP":4,"GRN":0,"PPC":1,"OTH":0}}},"geometry":{"type":"Polygon","coordinates":[[[616.5,84.51],[616.55,84.44],[616.67,84.26],[616.78,84.34],[616.85,84.38],[616.86,84.39],[616.86,84.39],[616.94,84.45],[616.95,84.45],[616.94,84.46],[616.87,84.56],[617.15,84.76],[617.09,84.85],[617.07,84.87],[617.06,84.89],[617.04,84.92],[617,84.98],[616.98,85.01],[616.96,84.98],[616.95,84.96],[616.95,84.95],[616.74,84.81],[616.74,84.8],[616.72,84.8],[616.71,84.8],[616.7,84.78],[616.67,84.76],[616.67,84.74],[616.44,84.59],[616.5,84.51]]]}},{"type":"Feature","id":"35035-217","properties":{"ridingCode":"35035","pollNumber":"217","pollType":"N","advancePollNumber":"622","sourceCode":"217-0","geometryPollNumbers":["217"],"code":"35035-217","resultPollNumbers":["217"],"resultStatus":"exact","result":{"electors":471,"voters":164,"totalVotes":164,"rejected":0,"turnout":34.81953290870488,"winnerId":"jamie-schmale","winnerPartyId":"CPC","runnerUpId":"nell-thomas","runnerUpPartyId":"LIB","margin":21.341463414634145,"top":[{"id":"jamie-schmale","name":"Jamie Schmale","shortName":"Schmale","partyId":"CPC","votes":91,"share":55.487804878048784},{"id":"nell-thomas","name":"Nell Thomas","shortName":"Thomas","partyId":"LIB","votes":56,"share":34.146341463414636},{"id":"alyea-teel","name":"Alyea Teel","shortName":"Teel","partyId":"NDP","votes":9,"share":5.487804878048781},{"id":"michael-penman","name":"Michael Penman","shortName":"Penman","partyId":"PPC","votes":8,"share":4.878048780487805}],"partyVotes":{"LIB":56,"CPC":91,"BQ":0,"NDP":9,"GRN":0,"PPC":8,"OTH":0}}},"geometry":{"type":"Polygon","coordinates":[[[614.91,85.37],[614.88,85.35],[614.88,85.34],[614.89,85.33],[614.89,85.33],[614.9,85.33],[614.9,85.33],[614.91,85.33],[614.91,85.34],[614.91,85.34],[614.91,85.34],[614.91,85.34],[614.91,85.34],[614.93,85.31],[614.92,85.3],[614.93,85.29],[614.92,85.28],[614.92,85.28],[614.92,85.28],[614.92,85.27],[614.94,85.25],[614.97,85.21],[614.99,85.23],[615.06,85.28],[615.06,85.29],[615.05,85.3],[615.05,85.31],[615.05,85.32],[615.05,85.33],[615.04,85.34],[615.01,85.39],[614.95,85.35],[614.94,85.34],[614.93,85.36],[614.93,85.36],[614.93,85.36],[614.92,85.38],[614.92,85.38],[614.91,85.38],[614.91,85.37]]]}},{"type":"Feature","id":"35035-218","properties":{"ridingCode":"35035","pollNumber":"218","pollType":"N","advancePollNumber":"622","sourceCode":"218-0","geometryPollNumbers":["218"],"code":"35035-218","resultPollNumbers":["218"],"resultStatus":"exact","result":{"electors":521,"voters":172,"totalVotes":172,"rejected":0,"turnout":33.01343570057582,"winnerId":"jamie-schmale","winnerPartyId":"CPC","runnerUpId":"nell-thomas","runnerUpPartyId":"LIB","margin":11.046511627906977,"top":[{"id":"jamie-schmale","name":"Jamie Schmale","shortName":"Schmale","partyId":"CPC","votes":92,"share":53.48837209302325},{"id":"nell-thomas","name":"Nell Thomas","shortName":"Thomas","partyId":"LIB","votes":73,"share":42.44186046511628},{"id":"alyea-teel","name":"Alyea Teel","shortName":"Teel","partyId":"NDP","votes":4,"share":2.3255813953488373},{"id":"michael-penman","name":"Michael Penman","shortName":"Penman","partyId":"PPC","votes":3,"share":1.744186046511628}],"partyVotes":{"LIB":73,"CPC":92,"BQ":0,"NDP":4,"GRN":0,"PPC":3,"OTH":0}}},"geometry":{"type":"Polygon","coordinates":[[[614.86,85.26],[614.87,85.24],[614.9,85.26],[614.91,85.28],[614.9,85.29],[614.91,85.29],[614.91,85.3],[614.88,85.29],[614.87,85.3],[614.86,85.29],[614.86,85.27],[614.85,85.26],[614.86,85.26],[614.86,85.26]]]}},{"type":"Feature","id":"35035-219","properties":{"ridingCode":"35035","pollNumber":"219","pollType":"N","advancePollNumber":"622","sourceCode":"219-0","geometryPollNumbers":["219"],"code":"35035-219","resultPollNumbers":["219"],"resultStatus":"exact","result":{"electors":532,"voters":209,"totalVotes":209,"rejected":0,"turnout":39.285714285714285,"winnerId":"jamie-schmale","winnerPartyId":"CPC","runnerUpId":"nell-thomas","runnerUpPartyId":"LIB","margin":31.57894736842105,"top":[{"id":"jamie-schmale","name":"Jamie Schmale","shortName":"Schmale","partyId":"CPC","votes":134,"share":64.11483253588517},{"id":"nell-thomas","name":"Nell Thomas","shortName":"Thomas","partyId":"LIB","votes":68,"share":32.535885167464116},{"id":"alyea-teel","name":"Alyea Teel","shortName":"Teel","partyId":"NDP","votes":6,"share":2.8708133971291865},{"id":"michael-penman","name":"Michael Penman","shortName":"Penman","partyId":"PPC","votes":1,"share":0.4784688995215311}],"partyVotes":{"LIB":68,"CPC":134,"BQ":0,"NDP":6,"GRN":0,"PPC":1,"OTH":0}}},"geometry":{"type":"Polygon","coordinates":[[[614.88,85.2],[614.89,85.21],[614.89,85.22],[614.9,85.22],[614.94,85.25],[614.92,85.27],[614.92,85.28],[614.92,85.28],[614.91,85.29],[614.9,85.29],[614.91,85.28],[614.9,85.26],[614.87,85.24],[614.89,85.22],[614.88,85.22],[614.86,85.2],[614.83,85.18],[614.88,85.2]]]}},{"type":"Feature","id":"35035-220","properties":{"ridingCode":"35035","pollNumber":"220","pollType":"N","advancePollNumber":"624","sourceCode":"220-0","geometryPollNumbers":["220"],"code":"35035-220","resultPollNumbers":["220"],"resultStatus":"exact","result":{"electors":378,"voters":140,"totalVotes":140,"rejected":0,"turnout":37.03703703703704,"winnerId":"jamie-schmale","winnerPartyId":"CPC","runnerUpId":"nell-thomas","runnerUpPartyId":"LIB","margin":52.85714285714286,"top":[{"id":"jamie-schmale","name":"Jamie Schmale","shortName":"Schmale","partyId":"CPC","votes":105,"share":75},{"id":"nell-thomas","name":"Nell Thomas","shortName":"Thomas","partyId":"LIB","votes":31,"share":22.142857142857142},{"id":"alyea-teel","name":"Alyea Teel","shortName":"Teel","partyId":"NDP","votes":4,"share":2.857142857142857},{"id":"michael-penman","name":"Michael Penman","shortName":"Penman","partyId":"PPC","votes":0,"share":0}],"partyVotes":{"LIB":31,"CPC":105,"BQ":0,"NDP":4,"GRN":0,"PPC":0,"OTH":0}}},"geometry":{"type":"Polygon","coordinates":[[[614.41,85.11],[614.56,84.86],[614.69,84.67],[614.7,84.62],[614.77,84.52],[614.84,84.43],[614.92,84.3],[614.95,84.33],[614.96,84.34],[614.96,84.35],[614.96,84.37],[614.96,84.38],[614.97,84.4],[614.99,84.41],[614.99,84.42],[614.99,84.43],[614.99,84.44],[614.84,84.68],[614.98,84.77],[615,84.79],[615.01,84.8],[615.06,84.83],[614.9,85.08],[614.98,85.13],[615.01,85.14],[615.01,85.14],[615.01,85.15],[614.97,85.21],[614.94,85.25],[614.9,85.22],[614.89,85.22],[614.89,85.21],[614.88,85.2],[614.83,85.18],[614.78,85.25],[614.77,85.26],[614.77,85.27],[614.74,85.32],[614.73,85.32],[614.74,85.33],[614.74,85.33],[614.72,85.32],[614.7,85.3],[614.69,85.29],[614.68,85.29],[614.6,85.29],[614.57,85.28],[614.52,85.26],[614.5,85.25],[614.47,85.25],[614.51,85.18],[614.41,85.11]]]}},{"type":"Feature","id":"35035-221","properties":{"ridingCode":"35035","pollNumber":"221","pollType":"N","advancePollNumber":"625","sourceCode":"221-0","geometryPollNumbers":["221"],"code":"35035-221","resultPollNumbers":["221"],"resultStatus":"exact","result":{"electors":396,"voters":179,"totalVotes":178,"rejected":1,"turnout":45.20202020202021,"winnerId":"jamie-schmale","winnerPartyId":"CPC","runnerUpId":"nell-thomas","runnerUpPartyId":"LIB","margin":36.51685393258427,"top":[{"id":"jamie-schmale","name":"Jamie Schmale","shortName":"Schmale","partyId":"CPC","votes":120,"share":67.41573033707866},{"id":"nell-thomas","name":"Nell Thomas","shortName":"Thomas","partyId":"LIB","votes":55,"share":30.89887640449438},{"id":"alyea-teel","name":"Alyea Teel","shortName":"Teel","partyId":"NDP","votes":2,"share":1.1235955056179776},{"id":"michael-penman","name":"Michael Penman","shortName":"Penman","partyId":"PPC","votes":1,"share":0.5617977528089888}],"partyVotes":{"LIB":55,"CPC":120,"BQ":0,"NDP":2,"GRN":0,"PPC":1,"OTH":0}}},"geometry":{"type":"Polygon","coordinates":[[[614.92,84.3],[614.76,84.2],[614.84,84.09],[614.99,84.19],[615.02,84.15],[615.03,84.13],[615.04,84.11],[615.04,84.11],[615.12,84.16],[615.11,84.25],[615.08,84.32],[615.06,84.37],[615.04,84.45],[615,84.42],[614.99,84.42],[614.99,84.41],[614.97,84.4],[614.96,84.38],[614.96,84.37],[614.96,84.35],[614.96,84.34],[614.95,84.33],[614.92,84.3]]]}},{"type":"Feature","id":"35035-222","properties":{"ridingCode":"35035","pollNumber":"222","pollType":"N","advancePollNumber":"617","sourceCode":"222-0","geometryPollNumbers":["222"],"code":"35035-222","resultPollNumbers":["222"],"resultStatus":"exact","result":{"electors":412,"voters":211,"totalVotes":210,"rejected":1,"turnout":51.213592233009706,"winnerId":"jamie-schmale","winnerPartyId":"CPC","runnerUpId":"nell-thomas","runnerUpPartyId":"LIB","margin":40.95238095238095,"top":[{"id":"jamie-schmale","name":"Jamie Schmale","shortName":"Schmale","partyId":"CPC","votes":141,"share":67.14285714285714},{"id":"nell-thomas","name":"Nell Thomas","shortName":"Thomas","partyId":"LIB","votes":55,"share":26.190476190476193},{"id":"alyea-teel","name":"Alyea Teel","shortName":"Teel","partyId":"NDP","votes":9,"share":4.285714285714286},{"id":"michael-penman","name":"Michael Penman","shortName":"Penman","partyId":"PPC","votes":5,"share":2.380952380952381}],"partyVotes":{"LIB":55,"CPC":141,"BQ":0,"NDP":9,"GRN":0,"PPC":5,"OTH":0}}},"geometry":{"type":"Polygon","coordinates":[[[613.07,84.68],[613.28,84.35],[613.53,84.51],[613.46,84.62],[613.31,84.84],[613.07,84.68]]]}},{"type":"Feature","id":"35035-223","properties":{"ridingCode":"35035","pollNumber":"223","pollType":"N","advancePollNumber":"624","sourceCode":"223-0","geometryPollNumbers":["223"],"code":"35035-223","resultPollNumbers":["223"],"resultStatus":"exact","result":{"electors":351,"voters":166,"totalVotes":166,"rejected":0,"turnout":47.293447293447294,"winnerId":"jamie-schmale","winnerPartyId":"CPC","runnerUpId":"nell-thomas","runnerUpPartyId":"LIB","margin":51.204819277108435,"top":[{"id":"jamie-schmale","name":"Jamie Schmale","shortName":"Schmale","partyId":"CPC","votes":121,"share":72.89156626506023},{"id":"nell-thomas","name":"Nell Thomas","shortName":"Thomas","partyId":"LIB","votes":36,"share":21.686746987951807},{"id":"alyea-teel","name":"Alyea Teel","shortName":"Teel","partyId":"NDP","votes":7,"share":4.216867469879518},{"id":"michael-penman","name":"Michael Penman","shortName":"Penman","partyId":"PPC","votes":2,"share":1.2048192771084338}],"partyVotes":{"LIB":36,"CPC":121,"BQ":0,"NDP":7,"GRN":0,"PPC":2,"OTH":0}}},"geometry":{"type":"Polygon","coordinates":[[[613.28,84.35],[613.37,84.22],[613.43,84.13],[613.6,84.24],[613.92,84.44],[613.85,84.55],[613.7,84.78],[613.46,84.62],[613.53,84.51],[613.28,84.35]]]}},{"type":"Feature","id":"35035-224","properties":{"ridingCode":"35035","pollNumber":"224","pollType":"N","advancePollNumber":"629","sourceCode":"224-0","geometryPollNumbers":["224"],"code":"35035-224","resultPollNumbers":["224"],"resultStatus":"exact","result":{"electors":240,"voters":112,"totalVotes":112,"rejected":0,"turnout":46.666666666666664,"winnerId":"jamie-schmale","winnerPartyId":"CPC","runnerUpId":"nell-thomas","runnerUpPartyId":"LIB","margin":43.75,"top":[{"id":"jamie-schmale","name":"Jamie Schmale","shortName":"Schmale","partyId":"CPC","votes":77,"share":68.75},{"id":"nell-thomas","name":"Nell Thomas","shortName":"Thomas","partyId":"LIB","votes":28,"share":25},{"id":"alyea-teel","name":"Alyea Teel","shortName":"Teel","partyId":"NDP","votes":4,"share":3.571428571428571},{"id":"michael-penman","name":"Michael Penman","shortName":"Penman","partyId":"PPC","votes":3,"share":2.6785714285714284}],"partyVotes":{"LIB":28,"CPC":77,"BQ":0,"NDP":4,"GRN":0,"PPC":3,"OTH":0}}},"geometry":{"type":"Polygon","coordinates":[[[616.99,84.48],[617.23,84.64],[617.3,84.52],[617.59,84.72],[617.43,84.94],[617.36,85.06],[617.07,84.87],[617.09,84.85],[617.15,84.76],[616.87,84.56],[616.94,84.46],[616.96,84.48],[616.99,84.48]]]}},{"type":"Feature","id":"35035-225","properties":{"ridingCode":"35035","pollNumber":"225","pollType":"N","advancePollNumber":"629","sourceCode":"225-0","geometryPollNumbers":["225"],"code":"35035-225","resultPollNumbers":["225"],"resultStatus":"exact","result":{"electors":346,"voters":164,"totalVotes":164,"rejected":0,"turnout":47.398843930635834,"winnerId":"jamie-schmale","winnerPartyId":"CPC","runnerUpId":"nell-thomas","runnerUpPartyId":"LIB","margin":20.73170731707317,"top":[{"id":"jamie-schmale","name":"Jamie Schmale","shortName":"Schmale","partyId":"CPC","votes":92,"share":56.09756097560976},{"id":"nell-thomas","name":"Nell Thomas","shortName":"Thomas","partyId":"LIB","votes":58,"share":35.36585365853659},{"id":"alyea-teel","name":"Alyea Teel","shortName":"Teel","partyId":"NDP","votes":11,"share":6.707317073170732},{"id":"michael-penman","name":"Michael Penman","shortName":"Penman","partyId":"PPC","votes":3,"share":1.8292682926829267}],"partyVotes":{"LIB":58,"CPC":92,"BQ":0,"NDP":11,"GRN":0,"PPC":3,"OTH":0}}},"geometry":{"type":"Polygon","coordinates":[[[617.3,84.52],[617.37,84.42],[617.38,84.4],[617.45,84.3],[617.5,84.47],[617.51,84.47],[617.51,84.47],[617.53,84.52],[617.53,84.54],[617.8,84.79],[617.83,84.79],[617.83,84.8],[617.83,84.82],[617.84,84.83],[617.7,85.04],[617.69,85.06],[617.68,85.11],[617.67,85.1],[617.66,85.09],[617.65,85.03],[617.5,84.93],[617.43,84.94],[617.59,84.72],[617.3,84.52]]]}},{"type":"Feature","id":"35035-226","properties":{"ridingCode":"35035","pollNumber":"226","pollType":"N","advancePollNumber":"631","sourceCode":"226-0","geometryPollNumbers":["226"],"code":"35035-226","resultPollNumbers":["226"],"resultStatus":"exact","result":{"electors":407,"voters":170,"totalVotes":170,"rejected":0,"turnout":41.76904176904177,"winnerId":"jamie-schmale","winnerPartyId":"CPC","runnerUpId":"nell-thomas","runnerUpPartyId":"LIB","margin":65.29411764705883,"top":[{"id":"jamie-schmale","name":"Jamie Schmale","shortName":"Schmale","partyId":"CPC","votes":137,"share":80.58823529411765},{"id":"nell-thomas","name":"Nell Thomas","shortName":"Thomas","partyId":"LIB","votes":26,"share":15.294117647058824},{"id":"alyea-teel","name":"Alyea Teel","shortName":"Teel","partyId":"NDP","votes":6,"share":3.5294117647058822},{"id":"michael-penman","name":"Michael Penman","shortName":"Penman","partyId":"PPC","votes":1,"share":0.5882352941176471}],"partyVotes":{"LIB":26,"CPC":137,"BQ":0,"NDP":6,"GRN":0,"PPC":1,"OTH":0}}},"geometry":{"type":"Polygon","coordinates":[[[617.02,84.33],[617.17,84.1],[617.25,84.16],[617.43,84.28],[617.44,84.28],[617.44,84.29],[617.45,84.3],[617.45,84.3],[617.38,84.4],[617.37,84.42],[617.3,84.52],[617.18,84.44],[617.02,84.33]]]}},{"type":"Feature","id":"35035-227","properties":{"ridingCode":"35035","pollNumber":"227","pollType":"N","advancePollNumber":"624","sourceCode":"227-0","geometryPollNumbers":["227"],"code":"35035-227","resultPollNumbers":["227"],"resultStatus":"exact","result":{"electors":360,"voters":174,"totalVotes":174,"rejected":0,"turnout":48.333333333333336,"winnerId":"jamie-schmale","winnerPartyId":"CPC","runnerUpId":"nell-thomas","runnerUpPartyId":"LIB","margin":53.44827586206896,"top":[{"id":"jamie-schmale","name":"Jamie Schmale","shortName":"Schmale","partyId":"CPC","votes":128,"share":73.5632183908046},{"id":"nell-thomas","name":"Nell Thomas","shortName":"Thomas","partyId":"LIB","votes":35,"share":20.114942528735632},{"id":"alyea-teel","name":"Alyea Teel","shortName":"Teel","partyId":"NDP","votes":6,"share":3.4482758620689653},{"id":"michael-penman","name":"Michael Penman","shortName":"Penman","partyId":"PPC","votes":5,"share":2.8735632183908044}],"partyVotes":{"LIB":35,"CPC":128,"BQ":0,"NDP":6,"GRN":0,"PPC":5,"OTH":0}}},"geometry":{"type":"Polygon","coordinates":[[[613.92,84.44],[613.99,84.33],[613.99,84.32],[614,84.32],[614,84.33],[614.01,84.34],[614.22,84.48],[614.46,84.64],[614.47,84.65],[614.47,84.67],[614.43,84.73],[614.42,84.74],[614.42,84.75],[614.43,84.77],[614.42,84.77],[614.41,84.76],[614.34,84.87],[614.29,84.84],[614.09,84.71],[613.85,84.55],[613.92,84.44]]]}},{"type":"Feature","id":"35035-228","properties":{"ridingCode":"35035","pollNumber":"228","pollType":"N","advancePollNumber":"624","sourceCode":"228-0","geometryPollNumbers":["228"],"code":"35035-228","resultPollNumbers":["228"],"resultStatus":"exact","result":{"electors":320,"voters":181,"totalVotes":179,"rejected":2,"turnout":56.56250000000001,"winnerId":"jamie-schmale","winnerPartyId":"CPC","runnerUpId":"nell-thomas","runnerUpPartyId":"LIB","margin":48.04469273743017,"top":[{"id":"jamie-schmale","name":"Jamie Schmale","shortName":"Schmale","partyId":"CPC","votes":127,"share":70.94972067039106},{"id":"nell-thomas","name":"Nell Thomas","shortName":"Thomas","partyId":"LIB","votes":41,"share":22.905027932960895},{"id":"alyea-teel","name":"Alyea Teel","shortName":"Teel","partyId":"NDP","votes":9,"share":5.027932960893855},{"id":"michael-penman","name":"Michael Penman","shortName":"Penman","partyId":"PPC","votes":2,"share":1.1173184357541899}],"partyVotes":{"LIB":41,"CPC":127,"BQ":0,"NDP":9,"GRN":0,"PPC":2,"OTH":0}}},"geometry":{"type":"Polygon","coordinates":[[[614.13,84.1],[614.2,83.99],[614.45,84.15],[614.38,84.26],[614.77,84.52],[614.7,84.62],[614.69,84.67],[614.56,84.86],[614.44,84.78],[614.43,84.77],[614.42,84.75],[614.42,84.74],[614.43,84.73],[614.47,84.67],[614.47,84.65],[614.46,84.64],[614.22,84.48],[614.23,84.47],[614.24,84.47],[614.3,84.37],[614.06,84.21],[614.13,84.1]]]}},{"type":"Feature","id":"35035-229","properties":{"ridingCode":"35035","pollNumber":"229","pollType":"N","advancePollNumber":"624","sourceCode":"229-0","geometryPollNumbers":["229"],"code":"35035-229","resultPollNumbers":["229"],"resultStatus":"exact","result":{"electors":345,"voters":176,"totalVotes":175,"rejected":1,"turnout":51.01449275362319,"winnerId":"jamie-schmale","winnerPartyId":"CPC","runnerUpId":"nell-thomas","runnerUpPartyId":"LIB","margin":40,"top":[{"id":"jamie-schmale","name":"Jamie Schmale","shortName":"Schmale","partyId":"CPC","votes":119,"share":68},{"id":"nell-thomas","name":"Nell Thomas","shortName":"Thomas","partyId":"LIB","votes":49,"share":28.000000000000004},{"id":"alyea-teel","name":"Alyea Teel","shortName":"Teel","partyId":"NDP","votes":4,"share":2.2857142857142856},{"id":"michael-penman","name":"Michael Penman","shortName":"Penman","partyId":"PPC","votes":3,"share":1.7142857142857144}],"partyVotes":{"LIB":49,"CPC":119,"BQ":0,"NDP":4,"GRN":0,"PPC":3,"OTH":0}}},"geometry":{"type":"Polygon","coordinates":[[[613.43,84.13],[613.53,83.95],[613.64,83.78],[613.89,83.94],[614.13,84.1],[614.06,84.21],[614.3,84.37],[614.24,84.47],[614.23,84.47],[614.22,84.48],[614.01,84.34],[614,84.33],[614,84.32],[613.99,84.32],[613.99,84.33],[613.92,84.44],[613.6,84.24],[613.43,84.13]]]}},{"type":"Feature","id":"35035-230","properties":{"ridingCode":"35035","pollNumber":"230","pollType":"N","advancePollNumber":"625","sourceCode":"230-0","geometryPollNumbers":["230"],"code":"35035-230","resultPollNumbers":["230"],"resultStatus":"exact","result":{"electors":454,"voters":213,"totalVotes":213,"rejected":0,"turnout":46.91629955947136,"winnerId":"jamie-schmale","winnerPartyId":"CPC","runnerUpId":"nell-thomas","runnerUpPartyId":"LIB","margin":30.046948356807512,"top":[{"id":"jamie-schmale","name":"Jamie Schmale","shortName":"Schmale","partyId":"CPC","votes":132,"share":61.97183098591549},{"id":"nell-thomas","name":"Nell Thomas","shortName":"Thomas","partyId":"LIB","votes":68,"share":31.92488262910798},{"id":"alyea-teel","name":"Alyea Teel","shortName":"Teel","partyId":"NDP","votes":8,"share":3.755868544600939},{"id":"michael-penman","name":"Michael Penman","shortName":"Penman","partyId":"PPC","votes":5,"share":2.3474178403755865}],"partyVotes":{"LIB":68,"CPC":132,"BQ":0,"NDP":8,"GRN":0,"PPC":5,"OTH":0}}},"geometry":{"type":"Polygon","coordinates":[[[614.27,83.88],[614.03,83.72],[614.02,83.71],[614.02,83.71],[614.14,83.53],[614.15,83.55],[614.16,83.58],[614.26,83.73],[614.27,83.75],[614.3,83.76],[614.35,83.77],[614.4,83.79],[614.44,83.79],[614.46,83.78],[614.48,83.9],[614.49,83.93],[614.51,83.94],[614.51,83.96],[614.5,83.98],[614.49,84],[614.49,84.01],[614.49,84.03],[614.5,84.07],[614.51,84.07],[614.5,84.13],[614.49,84.14],[614.49,84.15],[614.5,84.17],[614.5,84.17],[614.51,84.18],[614.51,84.18],[614.51,84.19],[614.45,84.15],[614.2,83.99],[614.24,83.94],[614.24,83.93],[614.27,83.88]]]}},{"type":"Feature","id":"35035-231","properties":{"ridingCode":"35035","pollNumber":"231","pollType":"N","advancePollNumber":"624","sourceCode":"231-0","geometryPollNumbers":["231"],"code":"35035-231","resultPollNumbers":["231"],"resultStatus":"exact","result":{"electors":319,"voters":145,"totalVotes":144,"rejected":1,"turnout":45.45454545454545,"winnerId":"jamie-schmale","winnerPartyId":"CPC","runnerUpId":"nell-thomas","runnerUpPartyId":"LIB","margin":26.38888888888889,"top":[{"id":"jamie-schmale","name":"Jamie Schmale","shortName":"Schmale","partyId":"CPC","votes":88,"share":61.111111111111114},{"id":"nell-thomas","name":"Nell Thomas","shortName":"Thomas","partyId":"LIB","votes":50,"share":34.72222222222222},{"id":"alyea-teel","name":"Alyea Teel","shortName":"Teel","partyId":"NDP","votes":4,"share":2.7777777777777777},{"id":"michael-penman","name":"Michael Penman","shortName":"Penman","partyId":"PPC","votes":2,"share":1.3888888888888888}],"partyVotes":{"LIB":50,"CPC":88,"BQ":0,"NDP":4,"GRN":0,"PPC":2,"OTH":0}}},"geometry":{"type":"Polygon","coordinates":[[[613.89,83.94],[613.64,83.78],[613.73,83.63],[613.78,83.55],[613.91,83.64],[613.95,83.66],[613.97,83.65],[613.97,83.69],[614,83.71],[614.03,83.72],[614.27,83.88],[614.24,83.93],[614.24,83.94],[614.2,83.99],[614.13,84.1],[613.89,83.94]]]}},{"type":"Feature","id":"35035-232","properties":{"ridingCode":"35035","pollNumber":"232","pollType":"N","advancePollNumber":"625","sourceCode":"232-0","geometryPollNumbers":["232"],"code":"35035-232","resultPollNumbers":["232"],"resultStatus":"exact","result":{"electors":403,"voters":150,"totalVotes":149,"rejected":1,"turnout":37.220843672456574,"winnerId":"jamie-schmale","winnerPartyId":"CPC","runnerUpId":"nell-thomas","runnerUpPartyId":"LIB","margin":2.013422818791946,"top":[{"id":"jamie-schmale","name":"Jamie Schmale","shortName":"Schmale","partyId":"CPC","votes":73,"share":48.99328859060403},{"id":"nell-thomas","name":"Nell Thomas","shortName":"Thomas","partyId":"LIB","votes":70,"share":46.97986577181208},{"id":"michael-penman","name":"Michael Penman","shortName":"Penman","partyId":"PPC","votes":3,"share":2.013422818791946},{"id":"alyea-teel","name":"Alyea Teel","shortName":"Teel","partyId":"NDP","votes":3,"share":2.013422818791946}],"partyVotes":{"LIB":70,"CPC":73,"BQ":0,"NDP":3,"GRN":0,"PPC":3,"OTH":0}}},"geometry":{"type":"Polygon","coordinates":[[[613.87,83.53],[613.95,83.4],[613.97,83.4],[613.99,83.39],[614,83.36],[614,83.33],[614.01,83.31],[614.01,83.3],[614.11,83.28],[614.12,83.43],[614.12,83.45],[614.14,83.53],[614.02,83.71],[614.02,83.71],[614.03,83.72],[614,83.71],[613.97,83.69],[613.97,83.65],[613.95,83.66],[613.91,83.64],[613.78,83.55],[613.82,83.5],[613.87,83.53],[613.87,83.53]]]}},{"type":"Feature","id":"35035-233","properties":{"ridingCode":"35035","pollNumber":"233","pollType":"N","advancePollNumber":"625","sourceCode":"233-0","geometryPollNumbers":["233"],"code":"35035-233","resultPollNumbers":["233"],"resultStatus":"exact","result":{"electors":405,"voters":178,"totalVotes":175,"rejected":3,"turnout":43.95061728395061,"winnerId":"jamie-schmale","winnerPartyId":"CPC","runnerUpId":"nell-thomas","runnerUpPartyId":"LIB","margin":23.42857142857143,"top":[{"id":"jamie-schmale","name":"Jamie Schmale","shortName":"Schmale","partyId":"CPC","votes":105,"share":60},{"id":"nell-thomas","name":"Nell Thomas","shortName":"Thomas","partyId":"LIB","votes":64,"share":36.57142857142857},{"id":"alyea-teel","name":"Alyea Teel","shortName":"Teel","partyId":"NDP","votes":5,"share":2.857142857142857},{"id":"michael-penman","name":"Michael Penman","shortName":"Penman","partyId":"PPC","votes":1,"share":0.5714285714285714}],"partyVotes":{"LIB":64,"CPC":105,"BQ":0,"NDP":5,"GRN":0,"PPC":1,"OTH":0}}},"geometry":{"type":"Polygon","coordinates":[[[613.87,83.53],[613.82,83.5],[613.87,83.42],[613.93,83.34],[614.06,83.13],[614.15,83],[614.15,83.02],[614.14,83.08],[614.13,83.16],[614.11,83.26],[614.11,83.28],[614.01,83.3],[614.01,83.31],[614,83.33],[614,83.36],[613.99,83.39],[613.97,83.4],[613.95,83.4],[613.87,83.53],[613.87,83.53]]]}},{"type":"Feature","id":"35035-234","properties":{"ridingCode":"35035","pollNumber":"234","pollType":"N","advancePollNumber":"632","sourceCode":"234-0","geometryPollNumbers":["234"],"code":"35035-234","resultPollNumbers":["234"],"resultStatus":"exact","result":{"electors":411,"voters":140,"totalVotes":138,"rejected":2,"turnout":34.0632603406326,"winnerId":"jamie-schmale","winnerPartyId":"CPC","runnerUpId":"nell-thomas","runnerUpPartyId":"LIB","margin":45.65217391304348,"top":[{"id":"jamie-schmale","name":"Jamie Schmale","shortName":"Schmale","partyId":"CPC","votes":97,"share":70.28985507246377},{"id":"nell-thomas","name":"Nell Thomas","shortName":"Thomas","partyId":"LIB","votes":34,"share":24.637681159420293},{"id":"alyea-teel","name":"Alyea Teel","shortName":"Teel","partyId":"NDP","votes":5,"share":3.6231884057971016},{"id":"michael-penman","name":"Michael Penman","shortName":"Penman","partyId":"PPC","votes":2,"share":1.4492753623188406}],"partyVotes":{"LIB":34,"CPC":97,"BQ":0,"NDP":5,"GRN":0,"PPC":2,"OTH":0}}},"geometry":{"type":"Polygon","coordinates":[[[617.45,84.3],[617.45,84.3],[617.46,84.28],[617.47,84.26],[617.47,84.26],[617.47,84.26],[617.47,84.28],[617.47,84.3],[617.47,84.3],[617.73,84.48],[617.76,84.44],[617.81,84.37],[617.81,84.37],[617.81,84.36],[617.88,84.26],[617.96,84.14],[618.15,84.27],[618.17,84.28],[618.19,84.29],[617.96,84.63],[617.84,84.83],[617.83,84.82],[617.83,84.8],[617.83,84.79],[617.8,84.79],[617.53,84.54],[617.53,84.52],[617.51,84.47],[617.51,84.47],[617.5,84.47],[617.45,84.3]]]}},{"type":"Feature","id":"35035-235","properties":{"ridingCode":"35035","pollNumber":"235","pollType":"N","advancePollNumber":"631","sourceCode":"235-0","geometryPollNumbers":["235"],"code":"35035-235","resultPollNumbers":["235"],"resultStatus":"exact","result":{"electors":443,"voters":179,"totalVotes":178,"rejected":1,"turnout":40.40632054176072,"winnerId":"jamie-schmale","winnerPartyId":"CPC","runnerUpId":"nell-thomas","runnerUpPartyId":"LIB","margin":17.97752808988764,"top":[{"id":"jamie-schmale","name":"Jamie Schmale","shortName":"Schmale","partyId":"CPC","votes":99,"share":55.61797752808989},{"id":"nell-thomas","name":"Nell Thomas","shortName":"Thomas","partyId":"LIB","votes":67,"share":37.640449438202246},{"id":"alyea-teel","name":"Alyea Teel","shortName":"Teel","partyId":"NDP","votes":9,"share":5.056179775280898},{"id":"michael-penman","name":"Michael Penman","shortName":"Penman","partyId":"PPC","votes":3,"share":1.6853932584269662}],"partyVotes":{"LIB":67,"CPC":99,"BQ":0,"NDP":9,"GRN":0,"PPC":3,"OTH":0}}},"geometry":{"type":"Polygon","coordinates":[[[617.3,83.9],[617.33,83.87],[617.33,83.87],[617.33,83.88],[617.33,83.88],[617.42,83.94],[617.56,84.03],[617.59,84.05],[617.6,84.06],[617.63,84.02],[617.64,84.04],[617.64,84.03],[617.65,84.04],[617.67,84.01],[617.7,84.03],[617.72,84],[617.74,84.01],[617.75,84],[617.92,84.11],[617.96,84.14],[617.88,84.26],[617.81,84.36],[617.81,84.37],[617.81,84.37],[617.76,84.44],[617.73,84.48],[617.47,84.3],[617.47,84.3],[617.47,84.28],[617.47,84.26],[617.47,84.26],[617.47,84.26],[617.46,84.28],[617.43,84.18],[617.42,84.1],[617.39,84.08],[617.32,84.04],[617.33,84.02],[617.34,84.02],[617.35,84.02],[617.36,84.01],[617.36,83.99],[617.35,83.98],[617.32,83.95],[617.31,83.94],[617.31,83.93],[617.32,83.92],[617.32,83.92],[617.31,83.91],[617.3,83.9]]]}},{"type":"Feature","id":"35035-236","properties":{"ridingCode":"35035","pollNumber":"236","pollType":"N","advancePollNumber":"626","sourceCode":"236-0","geometryPollNumbers":["236"],"code":"35035-236","resultPollNumbers":["236"],"resultStatus":"exact","result":{"electors":491,"voters":266,"totalVotes":266,"rejected":0,"turnout":54.17515274949084,"winnerId":"jamie-schmale","winnerPartyId":"CPC","runnerUpId":"nell-thomas","runnerUpPartyId":"LIB","margin":35.714285714285715,"top":[{"id":"jamie-schmale","name":"Jamie Schmale","shortName":"Schmale","partyId":"CPC","votes":175,"share":65.78947368421053},{"id":"nell-thomas","name":"Nell Thomas","shortName":"Thomas","partyId":"LIB","votes":80,"share":30.075187969924812},{"id":"alyea-teel","name":"Alyea Teel","shortName":"Teel","partyId":"NDP","votes":9,"share":3.3834586466165413},{"id":"michael-penman","name":"Michael Penman","shortName":"Penman","partyId":"PPC","votes":2,"share":0.7518796992481203}],"partyVotes":{"LIB":80,"CPC":175,"BQ":0,"NDP":9,"GRN":0,"PPC":2,"OTH":0}}},"geometry":{"type":"Polygon","coordinates":[[[615.68,84.34],[615.63,84.31],[615.73,84.21],[615.81,84.09],[615.96,83.87],[616.37,84.15],[616.38,84.15],[616.38,84.14],[616.39,84.14],[616.4,84.15],[616.41,84.17],[616.53,84.25],[616.49,84.31],[616.47,84.38],[616.55,84.43],[616.55,84.44],[616.5,84.51],[616.48,84.49],[616.45,84.53],[616.43,84.51],[616.24,84.38],[616.12,84.55],[616.09,84.62],[616.09,84.63],[616.09,84.65],[616.08,84.69],[616.07,84.74],[616.06,84.77],[615.87,84.64],[615.61,84.47],[615.61,84.45],[615.68,84.34]]]}},{"type":"Feature","id":"35035-237","properties":{"ridingCode":"35035","pollNumber":"237","pollType":"N","advancePollNumber":"626","sourceCode":"237-0","geometryPollNumbers":["237"],"code":"35035-237","resultPollNumbers":["237"],"resultStatus":"exact","result":{"electors":384,"voters":222,"totalVotes":222,"rejected":0,"turnout":57.8125,"winnerId":"jamie-schmale","winnerPartyId":"CPC","runnerUpId":"nell-thomas","runnerUpPartyId":"LIB","margin":29.27927927927928,"top":[{"id":"jamie-schmale","name":"Jamie Schmale","shortName":"Schmale","partyId":"CPC","votes":139,"share":62.612612612612615},{"id":"nell-thomas","name":"Nell Thomas","shortName":"Thomas","partyId":"LIB","votes":74,"share":33.33333333333333},{"id":"alyea-teel","name":"Alyea Teel","shortName":"Teel","partyId":"NDP","votes":6,"share":2.7027027027027026},{"id":"michael-penman","name":"Michael Penman","shortName":"Penman","partyId":"PPC","votes":3,"share":1.3513513513513513}],"partyVotes":{"LIB":74,"CPC":139,"BQ":0,"NDP":6,"GRN":0,"PPC":3,"OTH":0}}},"geometry":{"type":"Polygon","coordinates":[[[615.06,84.07],[615.11,84],[615.13,84.03],[615.13,84.05],[615.16,84.1],[615.15,84.1],[615.15,84.11],[615.16,84.11],[615.16,84.12],[615.16,84.13],[615.17,84.14],[615.17,84.15],[615.16,84.16],[615.16,84.18],[615.23,84.23],[615.19,84.28],[615.11,84.25],[615.12,84.16],[615.04,84.11],[615.06,84.07]]]}},{"type":"Feature","id":"35035-238","properties":{"ridingCode":"35035","pollNumber":"238","pollType":"N","advancePollNumber":"626","sourceCode":"238-0","geometryPollNumbers":["238"],"code":"35035-238","resultPollNumbers":["238"],"resultStatus":"exact","result":{"electors":397,"voters":239,"totalVotes":239,"rejected":0,"turnout":60.20151133501259,"winnerId":"jamie-schmale","winnerPartyId":"CPC","runnerUpId":"nell-thomas","runnerUpPartyId":"LIB","margin":62.34309623430963,"top":[{"id":"jamie-schmale","name":"Jamie Schmale","shortName":"Schmale","partyId":"CPC","votes":188,"share":78.66108786610879},{"id":"nell-thomas","name":"Nell Thomas","shortName":"Thomas","partyId":"LIB","votes":39,"share":16.317991631799163},{"id":"michael-penman","name":"Michael Penman","shortName":"Penman","partyId":"PPC","votes":6,"share":2.510460251046025},{"id":"alyea-teel","name":"Alyea Teel","shortName":"Teel","partyId":"NDP","votes":6,"share":2.510460251046025}],"partyVotes":{"LIB":39,"CPC":188,"BQ":0,"NDP":6,"GRN":0,"PPC":6,"OTH":0}}},"geometry":{"type":"Polygon","coordinates":[[[615.11,84],[615.2,83.86],[615.44,84.02],[615.36,84.14],[615.63,84.31],[615.61,84.34],[615.55,84.43],[615.23,84.23],[615.16,84.18],[615.16,84.16],[615.17,84.15],[615.17,84.14],[615.16,84.13],[615.16,84.12],[615.16,84.11],[615.15,84.11],[615.15,84.1],[615.16,84.1],[615.13,84.05],[615.13,84.03],[615.11,84]]]}},{"type":"Feature","id":"35035-239","properties":{"ridingCode":"35035","pollNumber":"239","pollType":"N","advancePollNumber":"626","sourceCode":"239-0","geometryPollNumbers":["239"],"code":"35035-239","resultPollNumbers":["239"],"resultStatus":"exact","result":{"electors":411,"voters":289,"totalVotes":287,"rejected":2,"turnout":70.31630170316302,"winnerId":"jamie-schmale","winnerPartyId":"CPC","runnerUpId":"nell-thomas","runnerUpPartyId":"LIB","margin":30.66202090592334,"top":[{"id":"jamie-schmale","name":"Jamie Schmale","shortName":"Schmale","partyId":"CPC","votes":181,"share":63.06620209059234},{"id":"nell-thomas","name":"Nell Thomas","shortName":"Thomas","partyId":"LIB","votes":93,"share":32.40418118466899},{"id":"alyea-teel","name":"Alyea Teel","shortName":"Teel","partyId":"NDP","votes":8,"share":2.7874564459930316},{"id":"michael-penman","name":"Michael Penman","shortName":"Penman","partyId":"PPC","votes":5,"share":1.7421602787456445}],"partyVotes":{"LIB":93,"CPC":181,"BQ":0,"NDP":8,"GRN":0,"PPC":5,"OTH":0}}},"geometry":{"type":"Polygon","coordinates":[[[615.36,84.14],[615.44,84.02],[615.45,84.01],[615.52,83.9],[615.76,84.06],[615.81,84.09],[615.73,84.21],[615.63,84.31],[615.36,84.14]]]}},{"type":"Feature","id":"35035-240","properties":{"ridingCode":"35035","pollNumber":"240","pollType":"N","advancePollNumber":"626","sourceCode":"240-0","geometryPollNumbers":["240"],"code":"35035-240","resultPollNumbers":["240"],"resultStatus":"exact","result":{"electors":391,"voters":269,"totalVotes":266,"rejected":3,"turnout":68.79795396419436,"winnerId":"jamie-schmale","winnerPartyId":"CPC","runnerUpId":"nell-thomas","runnerUpPartyId":"LIB","margin":25.563909774436087,"top":[{"id":"jamie-schmale","name":"Jamie Schmale","shortName":"Schmale","partyId":"CPC","votes":161,"share":60.526315789473685},{"id":"nell-thomas","name":"Nell Thomas","shortName":"Thomas","partyId":"LIB","votes":93,"share":34.962406015037594},{"id":"alyea-teel","name":"Alyea Teel","shortName":"Teel","partyId":"NDP","votes":9,"share":3.3834586466165413},{"id":"michael-penman","name":"Michael Penman","shortName":"Penman","partyId":"PPC","votes":3,"share":1.1278195488721803}],"partyVotes":{"LIB":93,"CPC":161,"BQ":0,"NDP":9,"GRN":0,"PPC":3,"OTH":0}}},"geometry":{"type":"Polygon","coordinates":[[[615.96,83.87],[616.04,83.75],[616.23,83.87],[616.24,83.86],[616.29,83.78],[616.29,83.77],[616.28,83.76],[616.28,83.75],[616.28,83.75],[616.29,83.75],[616.3,83.76],[616.37,83.65],[616.55,83.77],[616.55,83.76],[616.56,83.75],[616.58,83.72],[616.59,83.71],[616.6,83.71],[616.66,83.75],[616.62,83.81],[616.76,83.9],[616.69,84.01],[616.68,84.01],[616.68,84.01],[616.69,84.02],[616.68,84.03],[616.69,84.03],[616.69,84.04],[616.65,84.07],[616.53,84.25],[616.41,84.17],[616.4,84.15],[616.39,84.14],[616.38,84.14],[616.38,84.15],[616.37,84.15],[615.96,83.87]]]}},{"type":"Feature","id":"35035-241","properties":{"ridingCode":"35035","pollNumber":"241","pollType":"N","advancePollNumber":"626","sourceCode":"241-0","geometryPollNumbers":["241"],"code":"35035-241","resultPollNumbers":["241"],"resultStatus":"exact","result":{"electors":367,"voters":233,"totalVotes":233,"rejected":0,"turnout":63.48773841961853,"winnerId":"jamie-schmale","winnerPartyId":"CPC","runnerUpId":"nell-thomas","runnerUpPartyId":"LIB","margin":44.20600858369099,"top":[{"id":"jamie-schmale","name":"Jamie Schmale","shortName":"Schmale","partyId":"CPC","votes":164,"share":70.3862660944206},{"id":"nell-thomas","name":"Nell Thomas","shortName":"Thomas","partyId":"LIB","votes":61,"share":26.180257510729614},{"id":"alyea-teel","name":"Alyea Teel","shortName":"Teel","partyId":"NDP","votes":7,"share":3.004291845493562},{"id":"michael-penman","name":"Michael Penman","shortName":"Penman","partyId":"PPC","votes":1,"share":0.4291845493562232}],"partyVotes":{"LIB":61,"CPC":164,"BQ":0,"NDP":7,"GRN":0,"PPC":1,"OTH":0}}},"geometry":{"type":"Polygon","coordinates":[[[615.2,83.86],[615.24,83.8],[615.28,83.75],[615.45,83.49],[615.59,83.28],[615.63,83.31],[615.66,83.49],[616.04,83.75],[615.96,83.87],[615.81,84.09],[615.76,84.06],[615.52,83.9],[615.45,84.01],[615.44,84.02],[615.2,83.86],[615.2,83.86]]]}},{"type":"Feature","id":"35035-242","properties":{"ridingCode":"35035","pollNumber":"242","pollType":"N","advancePollNumber":"625","sourceCode":"242-0","geometryPollNumbers":["242"],"code":"35035-242","resultPollNumbers":["242"],"resultStatus":"exact","result":{"electors":437,"voters":275,"totalVotes":273,"rejected":2,"turnout":62.92906178489702,"winnerId":"jamie-schmale","winnerPartyId":"CPC","runnerUpId":"nell-thomas","runnerUpPartyId":"LIB","margin":39.92673992673993,"top":[{"id":"jamie-schmale","name":"Jamie Schmale","shortName":"Schmale","partyId":"CPC","votes":185,"share":67.76556776556777},{"id":"nell-thomas","name":"Nell Thomas","shortName":"Thomas","partyId":"LIB","votes":76,"share":27.83882783882784},{"id":"alyea-teel","name":"Alyea Teel","shortName":"Teel","partyId":"NDP","votes":11,"share":4.029304029304029},{"id":"michael-penman","name":"Michael Penman","shortName":"Penman","partyId":"PPC","votes":1,"share":0.3663003663003663}],"partyVotes":{"LIB":76,"CPC":185,"BQ":0,"NDP":11,"GRN":0,"PPC":1,"OTH":0}}},"geometry":{"type":"Polygon","coordinates":[[[614.48,83.9],[614.46,83.78],[614.47,83.78],[614.5,83.75],[614.52,83.71],[614.62,83.77],[614.63,83.79],[614.64,83.8],[614.66,83.8],[614.58,83.92],[614.7,84],[614.71,83.98],[614.78,83.88],[614.9,83.96],[614.82,84.08],[614.84,84.09],[614.76,84.2],[614.92,84.3],[614.84,84.43],[614.77,84.52],[614.38,84.26],[614.45,84.15],[614.51,84.19],[614.51,84.18],[614.51,84.18],[614.5,84.17],[614.5,84.17],[614.49,84.15],[614.49,84.14],[614.5,84.13],[614.51,84.07],[614.5,84.07],[614.49,84.03],[614.49,84.01],[614.49,84],[614.5,83.98],[614.51,83.96],[614.51,83.94],[614.49,83.93],[614.48,83.9]]]}},{"type":"Feature","id":"35035-243","properties":{"ridingCode":"35035","pollNumber":"243","pollType":"N","advancePollNumber":"625","sourceCode":"243-0","geometryPollNumbers":["243"],"code":"35035-243","resultPollNumbers":["243"],"resultStatus":"exact","result":{"electors":384,"voters":220,"totalVotes":218,"rejected":2,"turnout":57.291666666666664,"winnerId":"jamie-schmale","winnerPartyId":"CPC","runnerUpId":"nell-thomas","runnerUpPartyId":"LIB","margin":35.321100917431195,"top":[{"id":"jamie-schmale","name":"Jamie Schmale","shortName":"Schmale","partyId":"CPC","votes":139,"share":63.76146788990825},{"id":"nell-thomas","name":"Nell Thomas","shortName":"Thomas","partyId":"LIB","votes":62,"share":28.440366972477065},{"id":"alyea-teel","name":"Alyea Teel","shortName":"Teel","partyId":"NDP","votes":12,"share":5.5045871559633035},{"id":"michael-penman","name":"Michael Penman","shortName":"Penman","partyId":"PPC","votes":5,"share":2.293577981651376}],"partyVotes":{"LIB":62,"CPC":139,"BQ":0,"NDP":12,"GRN":0,"PPC":5,"OTH":0}}},"geometry":{"type":"Polygon","coordinates":[[[614.9,83.96],[614.78,83.88],[614.76,83.87],[614.79,83.83],[614.79,83.82],[614.8,83.82],[614.82,83.83],[614.91,83.69],[614.97,83.79],[615.06,84.07],[615.04,84.11],[615.04,84.11],[615.03,84.13],[615.02,84.15],[614.99,84.19],[614.84,84.09],[614.82,84.08],[614.9,83.96]]]}},{"type":"Feature","id":"35035-244","properties":{"ridingCode":"35035","pollNumber":"244","pollType":"N","advancePollNumber":"625","sourceCode":"244-0","geometryPollNumbers":["244"],"code":"35035-244","resultPollNumbers":["244"],"resultStatus":"exact","result":{"electors":485,"voters":229,"totalVotes":229,"rejected":0,"turnout":47.21649484536082,"winnerId":"jamie-schmale","winnerPartyId":"CPC","runnerUpId":"nell-thomas","runnerUpPartyId":"LIB","margin":31.004366812227076,"top":[{"id":"jamie-schmale","name":"Jamie Schmale","shortName":"Schmale","partyId":"CPC","votes":144,"share":62.882096069869},{"id":"nell-thomas","name":"Nell Thomas","shortName":"Thomas","partyId":"LIB","votes":73,"share":31.877729257641924},{"id":"alyea-teel","name":"Alyea Teel","shortName":"Teel","partyId":"NDP","votes":10,"share":4.366812227074235},{"id":"michael-penman","name":"Michael Penman","shortName":"Penman","partyId":"PPC","votes":2,"share":0.8733624454148471}],"partyVotes":{"LIB":73,"CPC":144,"BQ":0,"NDP":10,"GRN":0,"PPC":2,"OTH":0}}},"geometry":{"type":"Polygon","coordinates":[[[614.64,83.8],[614.63,83.79],[614.62,83.77],[614.52,83.71],[614.55,83.64],[614.68,83.73],[614.69,83.73],[614.69,83.73],[614.7,83.72],[614.72,83.71],[614.73,83.69],[614.72,83.68],[614.72,83.68],[614.78,83.72],[614.79,83.67],[614.82,83.66],[614.88,83.64],[614.91,83.69],[614.82,83.83],[614.8,83.82],[614.79,83.82],[614.79,83.83],[614.76,83.87],[614.78,83.88],[614.71,83.98],[614.7,84],[614.58,83.92],[614.66,83.8],[614.64,83.8]]]}},{"type":"Feature","id":"35035-245","properties":{"ridingCode":"35035","pollNumber":"245","pollType":"N","advancePollNumber":"625","sourceCode":"245-0","geometryPollNumbers":["245"],"code":"35035-245","resultPollNumbers":["245"],"resultStatus":"exact","result":{"electors":381,"voters":233,"totalVotes":232,"rejected":1,"turnout":61.15485564304461,"winnerId":"jamie-schmale","winnerPartyId":"CPC","runnerUpId":"nell-thomas","runnerUpPartyId":"LIB","margin":33.189655172413794,"top":[{"id":"jamie-schmale","name":"Jamie Schmale","shortName":"Schmale","partyId":"CPC","votes":147,"share":63.36206896551724},{"id":"nell-thomas","name":"Nell Thomas","shortName":"Thomas","partyId":"LIB","votes":70,"share":30.17241379310345},{"id":"alyea-teel","name":"Alyea Teel","shortName":"Teel","partyId":"NDP","votes":13,"share":5.603448275862069},{"id":"michael-penman","name":"Michael Penman","shortName":"Penman","partyId":"PPC","votes":2,"share":0.8620689655172413}],"partyVotes":{"LIB":70,"CPC":147,"BQ":0,"NDP":13,"GRN":0,"PPC":2,"OTH":0}}},"geometry":{"type":"Polygon","coordinates":[[[614.55,83.64],[614.59,83.54],[614.64,83.41],[614.7,83.32],[614.88,83.64],[614.82,83.66],[614.79,83.67],[614.78,83.72],[614.72,83.68],[614.72,83.68],[614.73,83.69],[614.72,83.71],[614.7,83.72],[614.69,83.73],[614.69,83.73],[614.68,83.73],[614.55,83.64]]]}},{"type":"Feature","id":"35035-246","properties":{"ridingCode":"35035","pollNumber":"246","pollType":"N","advancePollNumber":"631","sourceCode":"246-0","geometryPollNumbers":["246"],"code":"35035-246","resultPollNumbers":["246"],"resultStatus":"exact","result":{"electors":375,"voters":145,"totalVotes":145,"rejected":0,"turnout":38.666666666666664,"winnerId":"jamie-schmale","winnerPartyId":"CPC","runnerUpId":"nell-thomas","runnerUpPartyId":"LIB","margin":40,"top":[{"id":"jamie-schmale","name":"Jamie Schmale","shortName":"Schmale","partyId":"CPC","votes":100,"share":68.96551724137932},{"id":"nell-thomas","name":"Nell Thomas","shortName":"Thomas","partyId":"LIB","votes":42,"share":28.965517241379313},{"id":"alyea-teel","name":"Alyea Teel","shortName":"Teel","partyId":"NDP","votes":2,"share":1.3793103448275863},{"id":"michael-penman","name":"Michael Penman","shortName":"Penman","partyId":"PPC","votes":1,"share":0.6896551724137931}],"partyVotes":{"LIB":42,"CPC":100,"BQ":0,"NDP":2,"GRN":0,"PPC":1,"OTH":0}}},"geometry":{"type":"Polygon","coordinates":[[[617.24,83.99],[617.3,83.9],[617.31,83.91],[617.32,83.92],[617.32,83.92],[617.31,83.93],[617.31,83.94],[617.32,83.95],[617.35,83.98],[617.36,83.99],[617.36,84.01],[617.35,84.02],[617.34,84.02],[617.33,84.02],[617.32,84.04],[617.39,84.08],[617.42,84.1],[617.43,84.18],[617.46,84.28],[617.45,84.3],[617.44,84.29],[617.44,84.28],[617.43,84.28],[617.25,84.16],[617.17,84.1],[617.24,83.99]]]}},{"type":"Feature","id":"35035-247","properties":{"ridingCode":"35035","pollNumber":"247","pollType":"N","advancePollNumber":"630","sourceCode":"247-0","geometryPollNumbers":["247"],"code":"35035-247","resultPollNumbers":["247"],"resultStatus":"exact","result":{"electors":341,"voters":196,"totalVotes":196,"rejected":0,"turnout":57.478005865102645,"winnerId":"jamie-schmale","winnerPartyId":"CPC","runnerUpId":"nell-thomas","runnerUpPartyId":"LIB","margin":32.6530612244898,"top":[{"id":"jamie-schmale","name":"Jamie Schmale","shortName":"Schmale","partyId":"CPC","votes":124,"share":63.26530612244898},{"id":"nell-thomas","name":"Nell Thomas","shortName":"Thomas","partyId":"LIB","votes":60,"share":30.612244897959183},{"id":"alyea-teel","name":"Alyea Teel","shortName":"Teel","partyId":"NDP","votes":10,"share":5.1020408163265305},{"id":"michael-penman","name":"Michael Penman","shortName":"Penman","partyId":"PPC","votes":2,"share":1.0204081632653061}],"partyVotes":{"LIB":60,"CPC":124,"BQ":0,"NDP":10,"GRN":0,"PPC":2,"OTH":0}}},"geometry":{"type":"Polygon","coordinates":[[[616.68,84.01],[616.68,84.01],[616.69,84.01],[616.76,83.9],[616.86,83.96],[616.82,84.03],[616.85,84.05],[616.86,84.06],[616.84,84.05],[616.8,84.06],[616.78,84.08],[616.75,84.06],[616.75,84.06],[616.73,84.05],[616.72,84.05],[616.71,84.04],[616.71,84.03],[616.7,84.03],[616.7,84.03],[616.69,84.03],[616.68,84.03],[616.69,84.02],[616.68,84.01]]]}},{"type":"Feature","id":"35035-248","properties":{"ridingCode":"35035","pollNumber":"248","pollType":"N","advancePollNumber":"631","sourceCode":"248-0","geometryPollNumbers":["248"],"code":"35035-248","resultPollNumbers":["248"],"resultStatus":"exact","result":{"electors":383,"voters":171,"totalVotes":170,"rejected":1,"turnout":44.64751958224543,"winnerId":"jamie-schmale","winnerPartyId":"CPC","runnerUpId":"nell-thomas","runnerUpPartyId":"LIB","margin":30.58823529411765,"top":[{"id":"jamie-schmale","name":"Jamie Schmale","shortName":"Schmale","partyId":"CPC","votes":108,"share":63.52941176470588},{"id":"nell-thomas","name":"Nell Thomas","shortName":"Thomas","partyId":"LIB","votes":56,"share":32.94117647058823},{"id":"alyea-teel","name":"Alyea Teel","shortName":"Teel","partyId":"NDP","votes":4,"share":2.3529411764705883},{"id":"michael-penman","name":"Michael Penman","shortName":"Penman","partyId":"PPC","votes":2,"share":1.1764705882352942}],"partyVotes":{"LIB":56,"CPC":108,"BQ":0,"NDP":4,"GRN":0,"PPC":2,"OTH":0}}},"geometry":{"type":"Polygon","coordinates":[[[616.8,84.06],[616.84,84.05],[616.86,84.06],[616.85,84.05],[616.82,84.03],[616.86,83.96],[616.89,83.91],[616.89,83.91],[616.91,83.9],[616.91,83.9],[616.9,83.89],[616.95,83.82],[616.95,83.81],[616.96,83.81],[617.04,83.68],[617.29,83.85],[617.29,83.86],[617.29,83.88],[617.29,83.89],[617.29,83.89],[617.3,83.9],[617.24,83.99],[617.17,84.1],[617.02,84.33],[616.81,84.19],[616.8,84.17],[616.8,84.16],[616.8,84.13],[616.79,84.11],[616.77,84.09],[616.78,84.08],[616.8,84.06]]]}},{"type":"Feature","id":"35035-249","properties":{"ridingCode":"35035","pollNumber":"249","pollType":"N","advancePollNumber":"632","sourceCode":"249-0","geometryPollNumbers":["249"],"code":"35035-249","resultPollNumbers":["249"],"resultStatus":"exact","result":{"electors":445,"voters":150,"totalVotes":150,"rejected":0,"turnout":33.70786516853933,"winnerId":"jamie-schmale","winnerPartyId":"CPC","runnerUpId":"nell-thomas","runnerUpPartyId":"LIB","margin":27.333333333333332,"top":[{"id":"jamie-schmale","name":"Jamie Schmale","shortName":"Schmale","partyId":"CPC","votes":93,"share":62},{"id":"nell-thomas","name":"Nell Thomas","shortName":"Thomas","partyId":"LIB","votes":52,"share":34.66666666666667},{"id":"alyea-teel","name":"Alyea Teel","shortName":"Teel","partyId":"NDP","votes":4,"share":2.666666666666667},{"id":"michael-penman","name":"Michael Penman","shortName":"Penman","partyId":"PPC","votes":1,"share":0.6666666666666667}],"partyVotes":{"LIB":52,"CPC":93,"BQ":0,"NDP":4,"GRN":0,"PPC":1,"OTH":0}}},"geometry":{"type":"Polygon","coordinates":[[[617.63,83.97],[617.64,83.98],[617.64,83.97],[617.63,83.96],[617.64,83.96],[617.65,83.96],[617.65,83.96],[617.65,83.96],[617.67,83.97],[617.65,83.96],[617.66,83.94],[617.75,84],[617.74,84.01],[617.72,84],[617.7,84.03],[617.67,84.01],[617.65,84.04],[617.64,84.03],[617.64,84.04],[617.63,84.02],[617.63,84.02],[617.63,84],[617.62,83.98],[617.63,83.97]],[[617.65,83.99],[617.65,84],[617.65,83.99],[617.65,83.99]]]}},{"type":"Feature","id":"35035-250","properties":{"ridingCode":"35035","pollNumber":"250","pollType":"N","advancePollNumber":"632","sourceCode":"250-0","geometryPollNumbers":["250"],"code":"35035-250","resultPollNumbers":["250"],"resultStatus":"exact","result":{"electors":418,"voters":152,"totalVotes":152,"rejected":0,"turnout":36.36363636363637,"winnerId":"jamie-schmale","winnerPartyId":"CPC","runnerUpId":"nell-thomas","runnerUpPartyId":"LIB","margin":38.81578947368421,"top":[{"id":"jamie-schmale","name":"Jamie Schmale","shortName":"Schmale","partyId":"CPC","votes":101,"share":66.44736842105263},{"id":"nell-thomas","name":"Nell Thomas","shortName":"Thomas","partyId":"LIB","votes":42,"share":27.631578947368425},{"id":"alyea-teel","name":"Alyea Teel","shortName":"Teel","partyId":"NDP","votes":6,"share":3.9473684210526314},{"id":"michael-penman","name":"Michael Penman","shortName":"Penman","partyId":"PPC","votes":3,"share":1.9736842105263157}],"partyVotes":{"LIB":42,"CPC":101,"BQ":0,"NDP":6,"GRN":0,"PPC":3,"OTH":0}}},"geometry":{"type":"Polygon","coordinates":[[[617.93,83.6],[617.97,83.57],[617.97,83.56],[617.97,83.54],[617.97,83.53],[618,83.5],[618.01,83.49],[618.51,83.84],[618.27,84.18],[618.15,84.1],[618.04,84.02],[618.12,83.91],[618.12,83.9],[618.02,83.82],[617.94,83.77],[617.85,83.71],[617.9,83.63],[617.93,83.6]]]}},{"type":"Feature","id":"35035-251","properties":{"ridingCode":"35035","pollNumber":"251","pollType":"N","advancePollNumber":"632","sourceCode":"251-0","geometryPollNumbers":["251"],"code":"35035-251","resultPollNumbers":["251"],"resultStatus":"exact","result":{"electors":426,"voters":159,"totalVotes":159,"rejected":0,"turnout":37.32394366197183,"winnerId":"jamie-schmale","winnerPartyId":"CPC","runnerUpId":"nell-thomas","runnerUpPartyId":"LIB","margin":15.09433962264151,"top":[{"id":"jamie-schmale","name":"Jamie Schmale","shortName":"Schmale","partyId":"CPC","votes":90,"share":56.60377358490566},{"id":"nell-thomas","name":"Nell Thomas","shortName":"Thomas","partyId":"LIB","votes":66,"share":41.509433962264154},{"id":"alyea-teel","name":"Alyea Teel","shortName":"Teel","partyId":"NDP","votes":3,"share":1.8867924528301887},{"id":"michael-penman","name":"Michael Penman","shortName":"Penman","partyId":"PPC","votes":0,"share":0}],"partyVotes":{"LIB":66,"CPC":90,"BQ":0,"NDP":3,"GRN":0,"PPC":0,"OTH":0}}},"geometry":{"type":"Polygon","coordinates":[[[617.6,83.9],[617.63,83.85],[617.66,83.87],[617.67,83.87],[617.69,83.88],[617.68,83.91],[617.7,83.92],[617.7,83.93],[617.72,83.94],[617.78,83.85],[617.89,83.91],[618.04,84.02],[618.15,84.1],[618.27,84.18],[618.19,84.29],[618.17,84.28],[618.15,84.27],[617.96,84.14],[617.92,84.11],[617.75,84],[617.66,83.94],[617.6,83.9]]]}},{"type":"Feature","id":"35035-252","properties":{"ridingCode":"35035","pollNumber":"252","pollType":"N","advancePollNumber":"631","sourceCode":"252-0","geometryPollNumbers":["252"],"code":"35035-252","resultPollNumbers":["252"],"resultStatus":"exact","result":{"electors":569,"voters":215,"totalVotes":214,"rejected":1,"turnout":37.78558875219684,"winnerId":"jamie-schmale","winnerPartyId":"CPC","runnerUpId":"nell-thomas","runnerUpPartyId":"LIB","margin":31.775700934579437,"top":[{"id":"jamie-schmale","name":"Jamie Schmale","shortName":"Schmale","partyId":"CPC","votes":137,"share":64.01869158878505},{"id":"nell-thomas","name":"Nell Thomas","shortName":"Thomas","partyId":"LIB","votes":69,"share":32.242990654205606},{"id":"michael-penman","name":"Michael Penman","shortName":"Penman","partyId":"PPC","votes":4,"share":1.8691588785046727},{"id":"alyea-teel","name":"Alyea Teel","shortName":"Teel","partyId":"NDP","votes":4,"share":1.8691588785046727}],"partyVotes":{"LIB":69,"CPC":137,"BQ":0,"NDP":4,"GRN":0,"PPC":4,"OTH":0}}},"geometry":{"type":"Polygon","coordinates":[[[617.56,84.03],[617.58,84],[617.61,84.02],[617.62,84.04],[617.61,84.05],[617.6,84.04],[617.6,84.05],[617.59,84.04],[617.59,84.05],[617.56,84.03]]]}},{"type":"Feature","id":"35035-253","properties":{"ridingCode":"35035","pollNumber":"253","pollType":"N","advancePollNumber":"631","sourceCode":"253-0","geometryPollNumbers":["253"],"code":"35035-253","resultPollNumbers":["253"],"resultStatus":"exact","result":{"electors":469,"voters":182,"totalVotes":182,"rejected":0,"turnout":38.80597014925373,"winnerId":"jamie-schmale","winnerPartyId":"CPC","runnerUpId":"nell-thomas","runnerUpPartyId":"LIB","margin":28.021978021978022,"top":[{"id":"jamie-schmale","name":"Jamie Schmale","shortName":"Schmale","partyId":"CPC","votes":112,"share":61.53846153846154},{"id":"nell-thomas","name":"Nell Thomas","shortName":"Thomas","partyId":"LIB","votes":61,"share":33.51648351648351},{"id":"alyea-teel","name":"Alyea Teel","shortName":"Teel","partyId":"NDP","votes":7,"share":3.8461538461538463},{"id":"michael-penman","name":"Michael Penman","shortName":"Penman","partyId":"PPC","votes":2,"share":1.098901098901099}],"partyVotes":{"LIB":61,"CPC":112,"BQ":0,"NDP":7,"GRN":0,"PPC":2,"OTH":0}}},"geometry":{"type":"Polygon","coordinates":[[[617.56,83.88],[617.58,83.89],[617.58,83.86],[617.59,83.84],[617.61,83.86],[617.62,83.84],[617.63,83.85],[617.6,83.9],[617.66,83.94],[617.65,83.96],[617.65,83.96],[617.64,83.96],[617.63,83.96],[617.64,83.97],[617.64,83.98],[617.63,83.97],[617.62,83.98],[617.63,84],[617.63,84.02],[617.63,84.02],[617.62,84.01],[617.6,83.94],[617.59,83.93],[617.56,83.91],[617.56,83.91],[617.57,83.9],[617.56,83.88]]]}},{"type":"Feature","id":"35035-254","properties":{"ridingCode":"35035","pollNumber":"254","pollType":"N","advancePollNumber":"631","sourceCode":"254-0","geometryPollNumbers":["254"],"code":"35035-254","resultPollNumbers":["254"],"resultStatus":"exact","result":{"electors":396,"voters":133,"totalVotes":132,"rejected":1,"turnout":33.58585858585859,"winnerId":"jamie-schmale","winnerPartyId":"CPC","runnerUpId":"nell-thomas","runnerUpPartyId":"LIB","margin":42.42424242424242,"top":[{"id":"jamie-schmale","name":"Jamie Schmale","shortName":"Schmale","partyId":"CPC","votes":93,"share":70.45454545454545},{"id":"nell-thomas","name":"Nell Thomas","shortName":"Thomas","partyId":"LIB","votes":37,"share":28.030303030303028},{"id":"alyea-teel","name":"Alyea Teel","shortName":"Teel","partyId":"NDP","votes":2,"share":1.5151515151515151},{"id":"michael-penman","name":"Michael Penman","shortName":"Penman","partyId":"PPC","votes":0,"share":0}],"partyVotes":{"LIB":37,"CPC":93,"BQ":0,"NDP":2,"GRN":0,"PPC":0,"OTH":0}}},"geometry":{"type":"Polygon","coordinates":[[[617.29,83.85],[617.04,83.68],[617.1,83.59],[617.19,83.45],[617.53,83.69],[617.62,83.74],[617.61,83.76],[617.61,83.77],[617.62,83.77],[617.6,83.79],[617.61,83.8],[617.59,83.84],[617.58,83.86],[617.58,83.89],[617.56,83.88],[617.57,83.9],[617.56,83.91],[617.56,83.91],[617.59,83.93],[617.6,83.94],[617.62,84.01],[617.63,84.02],[617.6,84.06],[617.59,84.05],[617.59,84.04],[617.6,84.05],[617.6,84.04],[617.61,84.05],[617.62,84.04],[617.61,84.02],[617.58,84],[617.56,84.03],[617.42,83.94],[617.33,83.88],[617.33,83.88],[617.33,83.87],[617.33,83.87],[617.3,83.9],[617.29,83.89],[617.29,83.89],[617.29,83.88],[617.29,83.86],[617.29,83.85]]]}},{"type":"Feature","id":"35035-255","properties":{"ridingCode":"35035","pollNumber":"255","pollType":"N","advancePollNumber":"632","sourceCode":"255-0","geometryPollNumbers":["255"],"code":"35035-255","resultPollNumbers":["255"],"resultStatus":"exact","result":{"electors":405,"voters":185,"totalVotes":185,"rejected":0,"turnout":45.67901234567901,"winnerId":"jamie-schmale","winnerPartyId":"CPC","runnerUpId":"nell-thomas","runnerUpPartyId":"LIB","margin":23.243243243243246,"top":[{"id":"jamie-schmale","name":"Jamie Schmale","shortName":"Schmale","partyId":"CPC","votes":111,"share":60},{"id":"nell-thomas","name":"Nell Thomas","shortName":"Thomas","partyId":"LIB","votes":68,"share":36.75675675675676},{"id":"alyea-teel","name":"Alyea Teel","shortName":"Teel","partyId":"NDP","votes":4,"share":2.1621621621621623},{"id":"michael-penman","name":"Michael Penman","shortName":"Penman","partyId":"PPC","votes":2,"share":1.0810810810810811}],"partyVotes":{"LIB":68,"CPC":111,"BQ":0,"NDP":4,"GRN":0,"PPC":2,"OTH":0}}},"geometry":{"type":"Polygon","coordinates":[[[617.32,83.27],[617.42,83.1],[617.48,83.16],[617.57,83.22],[617.84,83.38],[618.01,83.49],[618,83.5],[617.97,83.53],[617.97,83.54],[617.97,83.56],[617.97,83.57],[617.93,83.6],[617.9,83.63],[617.85,83.71],[617.94,83.77],[618.02,83.82],[618.12,83.9],[618.12,83.91],[618.04,84.02],[617.89,83.91],[617.78,83.85],[617.72,83.94],[617.7,83.93],[617.7,83.92],[617.68,83.91],[617.69,83.88],[617.67,83.87],[617.66,83.87],[617.63,83.85],[617.62,83.84],[617.61,83.86],[617.59,83.84],[617.61,83.8],[617.6,83.79],[617.62,83.77],[617.61,83.77],[617.61,83.76],[617.62,83.74],[617.53,83.69],[617.19,83.45],[617.32,83.27]]]}},{"type":"Feature","id":"35035-256","properties":{"ridingCode":"35035","pollNumber":"256","pollType":"N","advancePollNumber":"630","sourceCode":"256-0","geometryPollNumbers":["256"],"code":"35035-256","resultPollNumbers":["256"],"resultStatus":"exact","result":{"electors":446,"voters":253,"totalVotes":252,"rejected":1,"turnout":56.72645739910314,"winnerId":"jamie-schmale","winnerPartyId":"CPC","runnerUpId":"nell-thomas","runnerUpPartyId":"LIB","margin":38.095238095238095,"top":[{"id":"jamie-schmale","name":"Jamie Schmale","shortName":"Schmale","partyId":"CPC","votes":168,"share":66.66666666666666},{"id":"nell-thomas","name":"Nell Thomas","shortName":"Thomas","partyId":"LIB","votes":72,"share":28.57142857142857},{"id":"alyea-teel","name":"Alyea Teel","shortName":"Teel","partyId":"NDP","votes":9,"share":3.571428571428571},{"id":"michael-penman","name":"Michael Penman","shortName":"Penman","partyId":"PPC","votes":3,"share":1.1904761904761905}],"partyVotes":{"LIB":72,"CPC":168,"BQ":0,"NDP":9,"GRN":0,"PPC":3,"OTH":0}}},"geometry":{"type":"Polygon","coordinates":[[[616.65,84.07],[616.69,84.04],[616.69,84.03],[616.7,84.03],[616.7,84.03],[616.71,84.03],[616.71,84.04],[616.72,84.05],[616.73,84.05],[616.75,84.06],[616.75,84.06],[616.78,84.08],[616.77,84.09],[616.79,84.11],[616.8,84.13],[616.8,84.16],[616.8,84.17],[616.81,84.19],[617.02,84.33],[617.18,84.44],[617.3,84.52],[617.23,84.64],[616.99,84.48],[616.96,84.48],[616.94,84.46],[616.95,84.45],[616.94,84.45],[616.86,84.39],[616.86,84.39],[616.85,84.38],[616.78,84.34],[616.67,84.26],[616.55,84.44],[616.55,84.43],[616.47,84.38],[616.49,84.31],[616.53,84.25],[616.65,84.07]]]}},{"type":"Feature","id":"35035-257","properties":{"ridingCode":"35035","pollNumber":"257","pollType":"N","advancePollNumber":"630","sourceCode":"257-0","geometryPollNumbers":["257"],"code":"35035-257","resultPollNumbers":["257"],"resultStatus":"exact","result":{"electors":378,"voters":171,"totalVotes":170,"rejected":1,"turnout":45.23809523809524,"winnerId":"jamie-schmale","winnerPartyId":"CPC","runnerUpId":"nell-thomas","runnerUpPartyId":"LIB","margin":41.76470588235294,"top":[{"id":"jamie-schmale","name":"Jamie Schmale","shortName":"Schmale","partyId":"CPC","votes":114,"share":67.05882352941175},{"id":"nell-thomas","name":"Nell Thomas","shortName":"Thomas","partyId":"LIB","votes":43,"share":25.294117647058822},{"id":"alyea-teel","name":"Alyea Teel","shortName":"Teel","partyId":"NDP","votes":7,"share":4.117647058823529},{"id":"michael-penman","name":"Michael Penman","shortName":"Penman","partyId":"PPC","votes":6,"share":3.5294117647058822}],"partyVotes":{"LIB":43,"CPC":114,"BQ":0,"NDP":7,"GRN":0,"PPC":6,"OTH":0}}},"geometry":{"type":"Polygon","coordinates":[[[615.59,83.28],[615.6,83.26],[615.74,83.05],[615.88,83.15],[615.89,83.15],[615.91,83.16],[615.94,83.17],[615.94,83.19],[615.95,83.19],[616.22,83.37],[616.4,83.5],[616.55,83.59],[616.55,83.6],[616.55,83.61],[616.56,83.61],[616.57,83.61],[616.69,83.68],[616.66,83.75],[616.6,83.71],[616.59,83.71],[616.58,83.72],[616.56,83.75],[616.55,83.76],[616.55,83.77],[616.37,83.65],[616.3,83.76],[616.29,83.75],[616.28,83.75],[616.28,83.75],[616.28,83.76],[616.29,83.77],[616.29,83.78],[616.24,83.86],[616.23,83.87],[616.04,83.75],[615.66,83.49],[615.63,83.31],[615.59,83.28]]]}},{"type":"Feature","id":"35035-258","properties":{"ridingCode":"35035","pollNumber":"258","pollType":"N","advancePollNumber":"630","sourceCode":"258-0","geometryPollNumbers":["258"],"code":"35035-258","resultPollNumbers":["258"],"resultStatus":"exact","result":{"electors":390,"voters":154,"totalVotes":153,"rejected":1,"turnout":39.48717948717949,"winnerId":"jamie-schmale","winnerPartyId":"CPC","runnerUpId":"nell-thomas","runnerUpPartyId":"LIB","margin":25.49019607843137,"top":[{"id":"jamie-schmale","name":"Jamie Schmale","shortName":"Schmale","partyId":"CPC","votes":91,"share":59.47712418300654},{"id":"nell-thomas","name":"Nell Thomas","shortName":"Thomas","partyId":"LIB","votes":52,"share":33.98692810457516},{"id":"alyea-teel","name":"Alyea Teel","shortName":"Teel","partyId":"NDP","votes":8,"share":5.228758169934641},{"id":"michael-penman","name":"Michael Penman","shortName":"Penman","partyId":"PPC","votes":2,"share":1.3071895424836601}],"partyVotes":{"LIB":52,"CPC":91,"BQ":0,"NDP":8,"GRN":0,"PPC":2,"OTH":0}}},"geometry":{"type":"Polygon","coordinates":[[[616.26,83.31],[616.37,83.15],[616.37,83.15],[616.39,83.13],[616.39,83.13],[616.4,83.13],[616.39,83.13],[616.39,83.14],[616.39,83.15],[616.4,83.17],[616.41,83.17],[616.41,83.18],[616.7,83.36],[616.78,83.25],[616.98,83.38],[617.06,83.53],[617.07,83.55],[617.08,83.56],[617.09,83.57],[617.1,83.59],[617.04,83.68],[616.96,83.81],[616.95,83.81],[616.95,83.82],[616.9,83.89],[616.91,83.9],[616.91,83.9],[616.89,83.91],[616.89,83.91],[616.86,83.96],[616.76,83.9],[616.62,83.81],[616.66,83.75],[616.69,83.68],[616.57,83.61],[616.56,83.61],[616.55,83.61],[616.55,83.6],[616.55,83.59],[616.4,83.5],[616.22,83.37],[616.26,83.31]]]}},{"type":"Feature","id":"35035-259","properties":{"ridingCode":"35035","pollNumber":"259","pollType":"N","advancePollNumber":"630","sourceCode":"259-0","geometryPollNumbers":["259"],"code":"35035-259","resultPollNumbers":["259"],"resultStatus":"exact","result":{"electors":327,"voters":127,"totalVotes":127,"rejected":0,"turnout":38.837920489296636,"winnerId":"jamie-schmale","winnerPartyId":"CPC","runnerUpId":"nell-thomas","runnerUpPartyId":"LIB","margin":33.85826771653544,"top":[{"id":"jamie-schmale","name":"Jamie Schmale","shortName":"Schmale","partyId":"CPC","votes":84,"share":66.14173228346458},{"id":"nell-thomas","name":"Nell Thomas","shortName":"Thomas","partyId":"LIB","votes":41,"share":32.28346456692913},{"id":"michael-penman","name":"Michael Penman","shortName":"Penman","partyId":"PPC","votes":1,"share":0.7874015748031495},{"id":"alyea-teel","name":"Alyea Teel","shortName":"Teel","partyId":"NDP","votes":1,"share":0.7874015748031495}],"partyVotes":{"LIB":41,"CPC":84,"BQ":0,"NDP":1,"GRN":0,"PPC":1,"OTH":0}}},"geometry":{"type":"Polygon","coordinates":[[[616.41,83.18],[616.41,83.17],[616.43,83.15],[616.43,83.13],[616.45,83.12],[616.46,83.1],[616.45,83.09],[616.48,83.07],[616.48,83.06],[616.47,83.06],[616.47,83.05],[616.46,83.04],[616.45,83.03],[616.56,82.85],[616.57,82.86],[616.57,82.87],[616.55,82.91],[616.54,82.97],[616.53,82.98],[616.52,83],[616.51,83.02],[616.5,83.04],[616.51,83.04],[616.5,83.05],[616.51,83.06],[616.5,83.07],[616.51,83.07],[616.51,83.09],[616.52,83.09],[616.54,83.1],[616.56,83.11],[616.78,83.25],[616.7,83.36],[616.41,83.18]]]}},{"type":"Feature","id":"35035-260","properties":{"ridingCode":"35035","pollNumber":"260","pollType":"N","advancePollNumber":"630","sourceCode":"260-0","geometryPollNumbers":["260"],"code":"35035-260","resultPollNumbers":["260"],"resultStatus":"exact","result":{"electors":389,"voters":160,"totalVotes":160,"rejected":0,"turnout":41.131105398457585,"winnerId":"jamie-schmale","winnerPartyId":"CPC","runnerUpId":"nell-thomas","runnerUpPartyId":"LIB","margin":35.625,"top":[{"id":"jamie-schmale","name":"Jamie Schmale","shortName":"Schmale","partyId":"CPC","votes":105,"share":65.625},{"id":"nell-thomas","name":"Nell Thomas","shortName":"Thomas","partyId":"LIB","votes":48,"share":30},{"id":"alyea-teel","name":"Alyea Teel","shortName":"Teel","partyId":"NDP","votes":5,"share":3.125},{"id":"michael-penman","name":"Michael Penman","shortName":"Penman","partyId":"PPC","votes":2,"share":1.25}],"partyVotes":{"LIB":48,"CPC":105,"BQ":0,"NDP":5,"GRN":0,"PPC":2,"OTH":0}}},"geometry":{"type":"Polygon","coordinates":[[[616.51,83.04],[616.5,83.04],[616.51,83.02],[616.52,83],[616.53,82.98],[616.54,82.97],[616.55,82.91],[616.57,82.87],[616.57,82.86],[616.56,82.85],[616.57,82.84],[616.58,82.78],[616.68,82.85],[616.7,82.88],[616.71,82.88],[616.74,82.89],[616.84,82.95],[616.95,83.03],[616.96,83.03],[616.96,83.04],[617.14,83.15],[617.25,83.23],[617.32,83.27],[617.19,83.45],[617.1,83.59],[617.09,83.57],[617.08,83.56],[617.07,83.55],[617.06,83.53],[616.98,83.38],[616.78,83.25],[616.56,83.11],[616.54,83.1],[616.52,83.09],[616.51,83.09],[616.51,83.07],[616.5,83.07],[616.51,83.06],[616.5,83.05],[616.51,83.04]]]}},{"type":"Feature","id":"35035-261","properties":{"ridingCode":"35035","pollNumber":"261","pollType":"N","advancePollNumber":"630","sourceCode":"261-0","geometryPollNumbers":["261"],"code":"35035-261","resultPollNumbers":["261"],"resultStatus":"exact","result":{"electors":342,"voters":111,"totalVotes":110,"rejected":1,"turnout":32.45614035087719,"winnerId":"jamie-schmale","winnerPartyId":"CPC","runnerUpId":"nell-thomas","runnerUpPartyId":"LIB","margin":49.09090909090909,"top":[{"id":"jamie-schmale","name":"Jamie Schmale","shortName":"Schmale","partyId":"CPC","votes":79,"share":71.81818181818181},{"id":"nell-thomas","name":"Nell Thomas","shortName":"Thomas","partyId":"LIB","votes":25,"share":22.727272727272727},{"id":"alyea-teel","name":"Alyea Teel","shortName":"Teel","partyId":"NDP","votes":5,"share":4.545454545454546},{"id":"michael-penman","name":"Michael Penman","shortName":"Penman","partyId":"PPC","votes":1,"share":0.9090909090909091}],"partyVotes":{"LIB":25,"CPC":79,"BQ":0,"NDP":5,"GRN":0,"PPC":1,"OTH":0}}},"geometry":{"type":"Polygon","coordinates":[[[616.37,83.15],[616.45,83.03],[616.46,83.04],[616.47,83.05],[616.47,83.06],[616.48,83.06],[616.48,83.07],[616.45,83.09],[616.46,83.1],[616.45,83.12],[616.43,83.13],[616.43,83.15],[616.41,83.17],[616.4,83.17],[616.39,83.15],[616.39,83.14],[616.39,83.13],[616.4,83.13],[616.39,83.13],[616.39,83.13],[616.37,83.15],[616.37,83.15]]]}},{"type":"Feature","id":"35035-262","properties":{"ridingCode":"35035","pollNumber":"262","pollType":"N","advancePollNumber":"630","sourceCode":"262-0","geometryPollNumbers":["262"],"code":"35035-262","resultPollNumbers":["262"],"resultStatus":"exact","result":{"electors":428,"voters":189,"totalVotes":189,"rejected":0,"turnout":44.1588785046729,"winnerId":"jamie-schmale","winnerPartyId":"CPC","runnerUpId":"nell-thomas","runnerUpPartyId":"LIB","margin":33.86243386243386,"top":[{"id":"jamie-schmale","name":"Jamie Schmale","shortName":"Schmale","partyId":"CPC","votes":121,"share":64.02116402116403},{"id":"nell-thomas","name":"Nell Thomas","shortName":"Thomas","partyId":"LIB","votes":57,"share":30.158730158730158},{"id":"alyea-teel","name":"Alyea Teel","shortName":"Teel","partyId":"NDP","votes":8,"share":4.232804232804233},{"id":"michael-penman","name":"Michael Penman","shortName":"Penman","partyId":"PPC","votes":3,"share":1.5873015873015872}],"partyVotes":{"LIB":57,"CPC":121,"BQ":0,"NDP":8,"GRN":0,"PPC":3,"OTH":0}}},"geometry":{"type":"Polygon","coordinates":[[[615.75,83.03],[615.98,82.69],[616.12,82.48],[616.15,82.5],[616.38,82.65],[616.58,82.78],[616.57,82.84],[616.56,82.85],[616.45,83.03],[616.37,83.15],[616.26,83.31],[616.22,83.37],[615.95,83.19],[615.94,83.19],[615.94,83.17],[615.91,83.16],[615.89,83.15],[615.88,83.15],[615.74,83.05],[615.75,83.03]]]}},{"type":"Feature","id":"35035-400","properties":{"ridingCode":"35035","pollNumber":"400","pollType":"S","advancePollNumber":"618","sourceCode":"400-0","geometryPollNumbers":["400"],"code":"35035-400","resultPollNumbers":["400"],"resultStatus":"exact","result":{"electors":111,"voters":93,"totalVotes":88,"rejected":5,"turnout":83.78378378378379,"winnerId":"nell-thomas","winnerPartyId":"LIB","runnerUpId":"jamie-schmale","runnerUpPartyId":"CPC","margin":38.63636363636363,"top":[{"id":"nell-thomas","name":"Nell Thomas","shortName":"Thomas","partyId":"LIB","votes":59,"share":67.04545454545455},{"id":"jamie-schmale","name":"Jamie Schmale","shortName":"Schmale","partyId":"CPC","votes":25,"share":28.40909090909091},{"id":"michael-penman","name":"Michael Penman","shortName":"Penman","partyId":"PPC","votes":2,"share":2.272727272727273},{"id":"alyea-teel","name":"Alyea Teel","shortName":"Teel","partyId":"NDP","votes":2,"share":2.272727272727273}],"partyVotes":{"LIB":59,"CPC":25,"BQ":0,"NDP":2,"GRN":0,"PPC":2,"OTH":0}}},"geometry":{"type":"Polygon","coordinates":[[[614.77,85.38],[614.77,85.38],[614.77,85.37],[614.77,85.38]]]}},{"type":"Feature","id":"35035-501","properties":{"ridingCode":"35035","pollNumber":"501","pollType":"M","advancePollNumber":"601","sourceCode":"500-0","geometryPollNumbers":["500","501"],"code":"35035-501","resultPollNumbers":["501"],"resultStatus":"resolved-combination","result":{"electors":88,"voters":63,"totalVotes":61,"rejected":2,"turnout":71.5909090909091,"winnerId":"nell-thomas","winnerPartyId":"LIB","runnerUpId":"jamie-schmale","runnerUpPartyId":"CPC","margin":6.557377049180328,"top":[{"id":"nell-thomas","name":"Nell Thomas","shortName":"Thomas","partyId":"LIB","votes":28,"share":45.90163934426229},{"id":"jamie-schmale","name":"Jamie Schmale","shortName":"Schmale","partyId":"CPC","votes":24,"share":39.34426229508197},{"id":"alyea-teel","name":"Alyea Teel","shortName":"Teel","partyId":"NDP","votes":8,"share":13.114754098360656},{"id":"michael-penman","name":"Michael Penman","shortName":"Penman","partyId":"PPC","votes":1,"share":1.639344262295082}],"partyVotes":{"LIB":28,"CPC":24,"BQ":0,"NDP":8,"GRN":0,"PPC":1,"OTH":0}}},"geometry":{"type":"MultiPolygon","coordinates":[[[[614.65,93.11],[614.65,93.11],[614.64,93.11],[614.65,93.11]]],[[[614.57,93.07],[614.57,93.07],[614.57,93.07],[614.57,93.07]]]]}},{"type":"Feature","id":"35035-503","properties":{"ridingCode":"35035","pollNumber":"503","pollType":"M","advancePollNumber":"603","sourceCode":"502-0","geometryPollNumbers":["502","503"],"code":"35035-503","resultPollNumbers":["503"],"resultStatus":"resolved-combination","result":{"electors":65,"voters":38,"totalVotes":37,"rejected":1,"turnout":58.46153846153847,"winnerId":"jamie-schmale","winnerPartyId":"CPC","runnerUpId":"nell-thomas","runnerUpPartyId":"LIB","margin":40.54054054054054,"top":[{"id":"jamie-schmale","name":"Jamie Schmale","shortName":"Schmale","partyId":"CPC","votes":23,"share":62.16216216216216},{"id":"nell-thomas","name":"Nell Thomas","shortName":"Thomas","partyId":"LIB","votes":8,"share":21.62162162162162},{"id":"alyea-teel","name":"Alyea Teel","shortName":"Teel","partyId":"NDP","votes":4,"share":10.81081081081081},{"id":"michael-penman","name":"Michael Penman","shortName":"Penman","partyId":"PPC","votes":2,"share":5.405405405405405}],"partyVotes":{"LIB":8,"CPC":23,"BQ":0,"NDP":4,"GRN":0,"PPC":2,"OTH":0}}},"geometry":{"type":"MultiPolygon","coordinates":[[[[614.5,92.93],[614.5,92.93],[614.5,92.93],[614.5,92.93]]],[[[613.35,91.36],[613.35,91.36],[613.35,91.36],[613.35,91.36]]]]}},{"type":"Feature","id":"35035-505","properties":{"ridingCode":"35035","pollNumber":"505","pollType":"M","advancePollNumber":"614","sourceCode":"505-0","geometryPollNumbers":["505","507"],"code":"35035-505","resultPollNumbers":["505"],"resultStatus":"resolved-combination","result":{"electors":96,"voters":85,"totalVotes":81,"rejected":4,"turnout":88.54166666666666,"winnerId":"jamie-schmale","winnerPartyId":"CPC","runnerUpId":"nell-thomas","runnerUpPartyId":"LIB","margin":6.172839506172839,"top":[{"id":"jamie-schmale","name":"Jamie Schmale","shortName":"Schmale","partyId":"CPC","votes":38,"share":46.913580246913575},{"id":"nell-thomas","name":"Nell Thomas","shortName":"Thomas","partyId":"LIB","votes":33,"share":40.74074074074074},{"id":"michael-penman","name":"Michael Penman","shortName":"Penman","partyId":"PPC","votes":6,"share":7.4074074074074066},{"id":"alyea-teel","name":"Alyea Teel","shortName":"Teel","partyId":"NDP","votes":4,"share":4.938271604938271}],"partyVotes":{"LIB":33,"CPC":38,"BQ":0,"NDP":4,"GRN":0,"PPC":6,"OTH":0}}},"geometry":{"type":"MultiPolygon","coordinates":[[[[615.75,87.73],[615.75,87.73],[615.75,87.73],[615.75,87.73]]],[[[614.49,87.26],[614.49,87.26],[614.48,87.26],[614.49,87.26]]]]}},{"type":"Feature","id":"35035-506","properties":{"ridingCode":"35035","pollNumber":"506","pollType":"M","advancePollNumber":"614","sourceCode":"504-0","geometryPollNumbers":["504","506"],"code":"35035-506","resultPollNumbers":["506"],"resultStatus":"resolved-combination","result":{"electors":55,"voters":48,"totalVotes":46,"rejected":2,"turnout":87.27272727272727,"winnerId":"jamie-schmale","winnerPartyId":"CPC","runnerUpId":"nell-thomas","runnerUpPartyId":"LIB","margin":2.1739130434782608,"top":[{"id":"jamie-schmale","name":"Jamie Schmale","shortName":"Schmale","partyId":"CPC","votes":18,"share":39.130434782608695},{"id":"nell-thomas","name":"Nell Thomas","shortName":"Thomas","partyId":"LIB","votes":17,"share":36.95652173913043},{"id":"alyea-teel","name":"Alyea Teel","shortName":"Teel","partyId":"NDP","votes":8,"share":17.391304347826086},{"id":"michael-penman","name":"Michael Penman","shortName":"Penman","partyId":"PPC","votes":3,"share":6.521739130434782}],"partyVotes":{"LIB":17,"CPC":18,"BQ":0,"NDP":8,"GRN":0,"PPC":3,"OTH":0}}},"geometry":{"type":"MultiPolygon","coordinates":[[[[615.85,87.76],[615.85,87.77],[615.87,87.77],[615.85,87.77],[615.85,87.76]]],[[[615.94,87.66],[615.93,87.67],[615.93,87.67],[615.94,87.66]]]]}},{"type":"Feature","id":"35035-511","properties":{"ridingCode":"35035","pollNumber":"511","pollType":"M","advancePollNumber":"620","sourceCode":"511-0","geometryPollNumbers":["511","518"],"code":"35035-511","resultPollNumbers":["511"],"resultStatus":"resolved-combination","result":{"electors":70,"voters":48,"totalVotes":48,"rejected":0,"turnout":68.57142857142857,"winnerId":"jamie-schmale","winnerPartyId":"CPC","runnerUpId":"nell-thomas","runnerUpPartyId":"LIB","margin":12.5,"top":[{"id":"jamie-schmale","name":"Jamie Schmale","shortName":"Schmale","partyId":"CPC","votes":24,"share":50},{"id":"nell-thomas","name":"Nell Thomas","shortName":"Thomas","partyId":"LIB","votes":18,"share":37.5},{"id":"alyea-teel","name":"Alyea Teel","shortName":"Teel","partyId":"NDP","votes":5,"share":10.416666666666668},{"id":"michael-penman","name":"Michael Penman","shortName":"Penman","partyId":"PPC","votes":1,"share":2.083333333333333}],"partyVotes":{"LIB":18,"CPC":24,"BQ":0,"NDP":5,"GRN":0,"PPC":1,"OTH":0}}},"geometry":{"type":"MultiPolygon","coordinates":[[[[614.91,85.51],[614.91,85.51],[614.91,85.51],[614.91,85.51]]],[[[617.83,84.88],[617.83,84.88],[617.83,84.88],[617.83,84.88]]]]}},{"type":"Feature","id":"35035-512","properties":{"ridingCode":"35035","pollNumber":"512","pollType":"M","advancePollNumber":"621","sourceCode":"509-0","geometryPollNumbers":["509","512"],"code":"35035-512","resultPollNumbers":["512"],"resultStatus":"resolved-combination","result":{"electors":112,"voters":103,"totalVotes":103,"rejected":0,"turnout":91.96428571428571,"winnerId":"nell-thomas","winnerPartyId":"LIB","runnerUpId":"jamie-schmale","runnerUpPartyId":"CPC","margin":34.95145631067961,"top":[{"id":"nell-thomas","name":"Nell Thomas","shortName":"Thomas","partyId":"LIB","votes":68,"share":66.01941747572816},{"id":"jamie-schmale","name":"Jamie Schmale","shortName":"Schmale","partyId":"CPC","votes":32,"share":31.06796116504854},{"id":"alyea-teel","name":"Alyea Teel","shortName":"Teel","partyId":"NDP","votes":2,"share":1.9417475728155338},{"id":"michael-penman","name":"Michael Penman","shortName":"Penman","partyId":"PPC","votes":1,"share":0.9708737864077669}],"partyVotes":{"LIB":68,"CPC":32,"BQ":0,"NDP":2,"GRN":0,"PPC":1,"OTH":0}}},"geometry":{"type":"MultiPolygon","coordinates":[[[[615,85.58],[615.03,85.6],[615,85.58],[615,85.58]]],[[[614.93,85.36],[614.93,85.36],[614.93,85.36],[614.93,85.36]]]]}},{"type":"Feature","id":"35035-513","properties":{"ridingCode":"35035","pollNumber":"513","pollType":"M","advancePollNumber":"622","sourceCode":"514-0","geometryPollNumbers":["513","514"],"code":"35035-513","resultPollNumbers":["513"],"resultStatus":"resolved-combination","result":{"electors":133,"voters":106,"totalVotes":96,"rejected":10,"turnout":79.69924812030075,"winnerId":"nell-thomas","winnerPartyId":"LIB","runnerUpId":"jamie-schmale","runnerUpPartyId":"CPC","margin":38.54166666666667,"top":[{"id":"nell-thomas","name":"Nell Thomas","shortName":"Thomas","partyId":"LIB","votes":63,"share":65.625},{"id":"jamie-schmale","name":"Jamie Schmale","shortName":"Schmale","partyId":"CPC","votes":26,"share":27.083333333333332},{"id":"alyea-teel","name":"Alyea Teel","shortName":"Teel","partyId":"NDP","votes":6,"share":6.25},{"id":"michael-penman","name":"Michael Penman","shortName":"Penman","partyId":"PPC","votes":1,"share":1.0416666666666665}],"partyVotes":{"LIB":63,"CPC":26,"BQ":0,"NDP":6,"GRN":0,"PPC":1,"OTH":0}}},"geometry":{"type":"MultiPolygon","coordinates":[[[[614.9,85.31],[614.9,85.31],[614.89,85.31],[614.9,85.31]]],[[[614.91,85.34],[614.91,85.34],[614.91,85.34],[614.91,85.34]]]]}},{"type":"Feature","id":"35035-515B","properties":{"ridingCode":"35035","pollNumber":"515B","pollType":"M","advancePollNumber":"622","sourceCode":"515-0","geometryPollNumbers":["515"],"code":"35035-515B","resultPollNumbers":["515B"],"resultStatus":"resolved-combination","result":{"electors":103,"voters":63,"totalVotes":63,"rejected":0,"turnout":61.165048543689316,"winnerId":"jamie-schmale","winnerPartyId":"CPC","runnerUpId":"nell-thomas","runnerUpPartyId":"LIB","margin":38.095238095238095,"top":[{"id":"jamie-schmale","name":"Jamie Schmale","shortName":"Schmale","partyId":"CPC","votes":40,"share":63.49206349206349},{"id":"nell-thomas","name":"Nell Thomas","shortName":"Thomas","partyId":"LIB","votes":16,"share":25.396825396825395},{"id":"alyea-teel","name":"Alyea Teel","shortName":"Teel","partyId":"NDP","votes":4,"share":6.349206349206349},{"id":"michael-penman","name":"Michael Penman","shortName":"Penman","partyId":"PPC","votes":3,"share":4.761904761904762}],"partyVotes":{"LIB":16,"CPC":40,"BQ":0,"NDP":4,"GRN":0,"PPC":3,"OTH":0}}},"geometry":{"type":"Polygon","coordinates":[[[614.88,85.31],[614.88,85.31],[614.88,85.31],[614.88,85.31]]]}},{"type":"Feature","id":"35035-516","properties":{"ridingCode":"35035","pollNumber":"516","pollType":"M","advancePollNumber":"621","sourceCode":"510-0","geometryPollNumbers":["510","516"],"code":"35035-516","resultPollNumbers":["516"],"resultStatus":"resolved-combination","result":{"electors":60,"voters":48,"totalVotes":44,"rejected":4,"turnout":80,"winnerId":"jamie-schmale","winnerPartyId":"CPC","runnerUpId":"nell-thomas","runnerUpPartyId":"LIB","margin":36.36363636363637,"top":[{"id":"jamie-schmale","name":"Jamie Schmale","shortName":"Schmale","partyId":"CPC","votes":26,"share":59.09090909090909},{"id":"nell-thomas","name":"Nell Thomas","shortName":"Thomas","partyId":"LIB","votes":10,"share":22.727272727272727},{"id":"alyea-teel","name":"Alyea Teel","shortName":"Teel","partyId":"NDP","votes":7,"share":15.909090909090908},{"id":"michael-penman","name":"Michael Penman","shortName":"Penman","partyId":"PPC","votes":1,"share":2.272727272727273}],"partyVotes":{"LIB":10,"CPC":26,"BQ":0,"NDP":7,"GRN":0,"PPC":1,"OTH":0}}},"geometry":{"type":"MultiPolygon","coordinates":[[[[615,85.58],[615,85.58],[615,85.58],[615,85.58]]],[[[614.79,85.3],[614.79,85.3],[614.79,85.3],[614.79,85.3]]]]}},{"type":"Feature","id":"35035-517","properties":{"ridingCode":"35035","pollNumber":"517","pollType":"M","advancePollNumber":"622","sourceCode":"517-0","geometryPollNumbers":["508","517"],"code":"35035-517","resultPollNumbers":["517"],"resultStatus":"resolved-combination","result":{"electors":165,"voters":53,"totalVotes":52,"rejected":1,"turnout":32.121212121212125,"winnerId":"jamie-schmale","winnerPartyId":"CPC","runnerUpId":"nell-thomas","runnerUpPartyId":"LIB","margin":5.769230769230769,"top":[{"id":"jamie-schmale","name":"Jamie Schmale","shortName":"Schmale","partyId":"CPC","votes":22,"share":42.30769230769231},{"id":"nell-thomas","name":"Nell Thomas","shortName":"Thomas","partyId":"LIB","votes":19,"share":36.53846153846153},{"id":"alyea-teel","name":"Alyea Teel","shortName":"Teel","partyId":"NDP","votes":6,"share":11.538461538461538},{"id":"michael-penman","name":"Michael Penman","shortName":"Penman","partyId":"PPC","votes":5,"share":9.615384615384617}],"partyVotes":{"LIB":19,"CPC":22,"BQ":0,"NDP":6,"GRN":0,"PPC":5,"OTH":0}}},"geometry":{"type":"MultiPolygon","coordinates":[[[[614.92,85.27],[614.92,85.28],[614.92,85.28],[614.92,85.27]]],[[[614.65,85.63],[614.65,85.63],[614.65,85.63],[614.65,85.63]]]]}},{"type":"Feature","id":"35035-519","properties":{"ridingCode":"35035","pollNumber":"519","pollType":"M","advancePollNumber":"632","sourceCode":"520-0","geometryPollNumbers":["519","520"],"code":"35035-519","resultPollNumbers":["519"],"resultStatus":"resolved-combination","result":{"electors":126,"voters":54,"totalVotes":54,"rejected":0,"turnout":42.857142857142854,"winnerId":"jamie-schmale","winnerPartyId":"CPC","runnerUpId":"nell-thomas","runnerUpPartyId":"LIB","margin":5.555555555555555,"top":[{"id":"jamie-schmale","name":"Jamie Schmale","shortName":"Schmale","partyId":"CPC","votes":25,"share":46.2962962962963},{"id":"nell-thomas","name":"Nell Thomas","shortName":"Thomas","partyId":"LIB","votes":22,"share":40.74074074074074},{"id":"alyea-teel","name":"Alyea Teel","shortName":"Teel","partyId":"NDP","votes":7,"share":12.962962962962962},{"id":"michael-penman","name":"Michael Penman","shortName":"Penman","partyId":"PPC","votes":0,"share":0}],"partyVotes":{"LIB":22,"CPC":25,"BQ":0,"NDP":7,"GRN":0,"PPC":0,"OTH":0}}},"geometry":{"type":"MultiPolygon","coordinates":[[[[617.65,83.96],[617.67,83.97],[617.65,83.96],[617.65,83.96]]],[[[617.65,83.99],[617.65,84],[617.65,83.99],[617.65,83.99]]]]}}]}