{"type":"FeatureCollection","ridingCode":"35040","ridingName":"Hastings--Lennox and Addington--Tyendinaga","result":{"electors":93716,"voters":66644,"totalVotes":66281,"rejected":363,"turnout":71.11272354773998,"winnerId":"shelby-kramp-neuman","winnerPartyId":"CPC","runnerUpId":"tracey-sweeney-schenk","runnerUpPartyId":"LIB","margin":13.970821200645736,"top":[{"id":"shelby-kramp-neuman","name":"Shelby Kramp-Neuman","shortName":"Kramp-Neuman","partyId":"CPC","votes":36005,"share":54.32175133145245},{"id":"tracey-sweeney-schenk","name":"Tracey Sweeney Schenk","shortName":"Sweeney Schenk","partyId":"LIB","votes":26745,"share":40.35093013080672},{"id":"ava-duffy","name":"Ava Duffy","shortName":"Duffy","partyId":"NDP","votes":2351,"share":3.547019507852929},{"id":"michael-holbrook","name":"Michael Holbrook","shortName":"Holbrook","partyId":"GRN","votes":803,"share":1.2115085771186311},{"id":"zaid-yusufani","name":"Zaid Yusufani","shortName":"Yusufani","partyId":"PPC","votes":377,"share":0.5687904527692702}],"partyVotes":{"LIB":26745,"CPC":36005,"BQ":0,"NDP":2351,"GRN":803,"PPC":377,"OTH":0}},"buckets":[{"kind":"advance","polls":29,"electors":0,"voters":26565,"totalVotes":26458,"rejected":107,"turnout":0,"winnerId":"shelby-kramp-neuman","winnerPartyId":"CPC","runnerUpId":"tracey-sweeney-schenk","runnerUpPartyId":"LIB","margin":6.14936881094565,"top":[{"id":"shelby-kramp-neuman","name":"Shelby Kramp-Neuman","shortName":"Kramp-Neuman","partyId":"CPC","votes":13496,"share":51.009146571925314},{"id":"tracey-sweeney-schenk","name":"Tracey Sweeney Schenk","shortName":"Sweeney Schenk","partyId":"LIB","votes":11869,"share":44.85977776097966},{"id":"ava-duffy","name":"Ava Duffy","shortName":"Duffy","partyId":"NDP","votes":769,"share":2.9064933101519386},{"id":"michael-holbrook","name":"Michael Holbrook","shortName":"Holbrook","partyId":"GRN","votes":230,"share":0.8693022904225566},{"id":"zaid-yusufani","name":"Zaid Yusufani","shortName":"Yusufani","partyId":"PPC","votes":94,"share":0.3552800665205231}],"partyVotes":{"LIB":11869,"CPC":13496,"BQ":0,"NDP":769,"GRN":230,"PPC":94,"OTH":0}},{"kind":"special","polls":3,"electors":343,"voters":4631,"totalVotes":4507,"rejected":124,"turnout":1350.145772594752,"winnerId":"shelby-kramp-neuman","winnerPartyId":"CPC","runnerUpId":"tracey-sweeney-schenk","runnerUpPartyId":"LIB","margin":6.101619702684713,"top":[{"id":"shelby-kramp-neuman","name":"Shelby Kramp-Neuman","shortName":"Kramp-Neuman","partyId":"CPC","votes":2294,"share":50.89860217439538},{"id":"tracey-sweeney-schenk","name":"Tracey Sweeney Schenk","shortName":"Sweeney Schenk","partyId":"LIB","votes":2019,"share":44.79698247171067},{"id":"ava-duffy","name":"Ava Duffy","shortName":"Duffy","partyId":"NDP","votes":122,"share":2.7069003771910363},{"id":"michael-holbrook","name":"Michael Holbrook","shortName":"Holbrook","partyId":"GRN","votes":58,"share":1.2868870645662303},{"id":"zaid-yusufani","name":"Zaid Yusufani","shortName":"Yusufani","partyId":"PPC","votes":14,"share":0.3106279121366763}],"partyVotes":{"LIB":2019,"CPC":2294,"BQ":0,"NDP":122,"GRN":58,"PPC":14,"OTH":0}}],"features":[{"type":"Feature","id":"35040-1","properties":{"ridingCode":"35040","pollNumber":"1","pollType":"N","advancePollNumber":"600","sourceCode":"1-0","geometryPollNumbers":["1"],"code":"35040-1","resultPollNumbers":["1"],"resultStatus":"exact","result":{"electors":494,"voters":232,"totalVotes":232,"rejected":0,"turnout":46.963562753036435,"winnerId":"shelby-kramp-neuman","winnerPartyId":"CPC","runnerUpId":"tracey-sweeney-schenk","runnerUpPartyId":"LIB","margin":33.62068965517241,"top":[{"id":"shelby-kramp-neuman","name":"Shelby Kramp-Neuman","shortName":"Kramp-Neuman","partyId":"CPC","votes":144,"share":62.06896551724138},{"id":"tracey-sweeney-schenk","name":"Tracey Sweeney Schenk","shortName":"Sweeney Schenk","partyId":"LIB","votes":66,"share":28.448275862068968},{"id":"ava-duffy","name":"Ava Duffy","shortName":"Duffy","partyId":"NDP","votes":12,"share":5.172413793103448},{"id":"zaid-yusufani","name":"Zaid Yusufani","shortName":"Yusufani","partyId":"PPC","votes":7,"share":3.0172413793103448}],"partyVotes":{"LIB":66,"CPC":144,"BQ":0,"NDP":12,"GRN":3,"PPC":7,"OTH":0}}},"geometry":{"type":"Polygon","coordinates":[[[618.49,97.83],[618.43,97.7],[618.43,97.69],[618.43,97.69],[618.46,97.67],[618.49,97.66],[618.51,97.65],[618.56,97.63],[618.57,97.62],[618.59,97.6],[618.6,97.58],[618.63,97.56],[618.63,97.55],[618.65,97.56],[618.67,97.56],[618.67,97.55],[618.68,97.55],[618.67,97.54],[618.66,97.51],[618.66,97.49],[618.67,97.47],[618.68,97.46],[618.69,97.44],[618.69,97.43],[618.71,97.41],[618.72,97.41],[618.71,97.4],[618.71,97.39],[618.71,97.37],[618.73,97.34],[618.76,97.32],[618.78,97.31],[618.79,97.29],[618.81,97.29],[618.83,97.31],[618.88,97.31],[618.9,97.32],[618.91,97.33],[618.93,97.34],[618.94,97.34],[618.96,97.33],[619.01,97.33],[619.02,97.29],[619.03,97.29],[619.04,97.28],[619.07,97.29],[619.09,97.28],[619.09,97.3],[619.09,97.31],[619.11,97.33],[619.12,97.34],[619.19,97.36],[619.22,97.38],[619.28,97.43],[619.3,97.45],[619.29,97.34],[619.48,97.1],[619.71,97.28],[620.13,97.6],[620.22,97.66],[620.18,97.7],[620.18,97.71],[620.11,97.79],[619.98,97.97],[619.98,97.97],[619.97,97.99],[619.85,98.14],[619.69,98.33],[619.52,98.56],[619.36,98.77],[619.27,98.7],[619.21,98.65],[618.84,98.36],[618.79,98.33],[618.36,98],[618.49,97.83]]]}},{"type":"Feature","id":"35040-2","properties":{"ridingCode":"35040","pollNumber":"2","pollType":"N","advancePollNumber":"601","sourceCode":"2-0","geometryPollNumbers":["2"],"code":"35040-2","resultPollNumbers":["2"],"resultStatus":"exact","result":{"electors":416,"voters":254,"totalVotes":253,"rejected":1,"turnout":61.057692307692314,"winnerId":"shelby-kramp-neuman","winnerPartyId":"CPC","runnerUpId":"tracey-sweeney-schenk","runnerUpPartyId":"LIB","margin":41.50197628458498,"top":[{"id":"shelby-kramp-neuman","name":"Shelby Kramp-Neuman","shortName":"Kramp-Neuman","partyId":"CPC","votes":169,"share":66.79841897233202},{"id":"tracey-sweeney-schenk","name":"Tracey Sweeney Schenk","shortName":"Sweeney Schenk","partyId":"LIB","votes":64,"share":25.296442687747035},{"id":"ava-duffy","name":"Ava Duffy","shortName":"Duffy","partyId":"NDP","votes":11,"share":4.3478260869565215},{"id":"michael-holbrook","name":"Michael Holbrook","shortName":"Holbrook","partyId":"GRN","votes":5,"share":1.9762845849802373}],"partyVotes":{"LIB":64,"CPC":169,"BQ":0,"NDP":11,"GRN":5,"PPC":4,"OTH":0}}},"geometry":{"type":"Polygon","coordinates":[[[619.29,96.81],[619.53,96.49],[620.13,95.69],[620.14,95.71],[620.14,95.74],[620.15,95.75],[620.16,95.76],[620.16,95.78],[620.17,95.79],[620.17,95.79],[620.17,95.82],[620.18,95.85],[620.19,95.87],[620.2,95.89],[620.21,95.91],[620.22,95.93],[620.22,95.95],[620.23,95.96],[620.24,95.96],[620.25,95.96],[620.27,95.98],[620.27,95.98],[620.29,95.99],[620.33,96.02],[620.33,96.02],[620.35,96.03],[620.36,96.04],[620.37,96.05],[620.38,96.05],[620.41,96.06],[620.42,96.09],[620.44,96.1],[620.45,96.11],[620.46,96.11],[620.46,96.12],[620.47,96.13],[620.5,96.17],[620.5,96.18],[620.54,96.18],[620.63,96.25],[620.67,96.2],[620.68,96.18],[620.68,96.13],[620.68,96.11],[620.68,96.09],[620.67,96.06],[620.67,96.04],[620.7,96.06],[620.72,96.07],[620.73,96.09],[620.78,96.12],[620.81,96.07],[620.89,95.98],[620.91,95.96],[620.93,95.96],[620.95,95.96],[620.97,95.93],[620.98,95.92],[620.99,95.91],[621.01,95.9],[621.04,95.9],[621.06,95.9],[621.09,95.91],[621.1,95.92],[621.11,95.92],[621.12,95.92],[621.13,95.91],[621.14,95.89],[621.14,95.88],[621.15,95.88],[621.17,95.95],[621.18,95.97],[621.27,96.05],[621.28,96.09],[621.29,96.11],[621.09,96.36],[620.59,97.01],[620.58,97.03],[620.58,97.03],[620.57,97.04],[620.31,97.38],[620.22,97.49],[620.2,97.52],[620.13,97.6],[619.71,97.28],[619.48,97.1],[619.21,96.9],[619.24,96.87],[619.29,96.81]]]}},{"type":"Feature","id":"35040-3","properties":{"ridingCode":"35040","pollNumber":"3","pollType":"N","advancePollNumber":"600","sourceCode":"3-0","geometryPollNumbers":["3"],"code":"35040-3","resultPollNumbers":["3"],"resultStatus":"exact","result":{"electors":422,"voters":138,"totalVotes":138,"rejected":0,"turnout":32.70142180094787,"winnerId":"shelby-kramp-neuman","winnerPartyId":"CPC","runnerUpId":"tracey-sweeney-schenk","runnerUpPartyId":"LIB","margin":28.26086956521739,"top":[{"id":"shelby-kramp-neuman","name":"Shelby Kramp-Neuman","shortName":"Kramp-Neuman","partyId":"CPC","votes":82,"share":59.42028985507246},{"id":"tracey-sweeney-schenk","name":"Tracey Sweeney Schenk","shortName":"Sweeney Schenk","partyId":"LIB","votes":43,"share":31.15942028985507},{"id":"ava-duffy","name":"Ava Duffy","shortName":"Duffy","partyId":"NDP","votes":10,"share":7.246376811594203},{"id":"michael-holbrook","name":"Michael Holbrook","shortName":"Holbrook","partyId":"GRN","votes":2,"share":1.4492753623188406}],"partyVotes":{"LIB":43,"CPC":82,"BQ":0,"NDP":10,"GRN":2,"PPC":1,"OTH":0}}},"geometry":{"type":"Polygon","coordinates":[[[617.35,97.24],[617.98,96.41],[617.98,96.4],[617.98,96.38],[617.98,96.38],[617.99,96.38],[618,96.38],[618.01,96.38],[618.02,96.35],[618.04,96.34],[618.04,96.33],[618.04,96.33],[618.04,96.31],[618.05,96.31],[618.07,96.3],[618.11,96.24],[618.14,96.21],[618.2,96.13],[618.22,96.14],[618.23,96.13],[618.25,96.15],[618.24,96.16],[618.27,96.18],[618.29,96.21],[618.31,96.23],[618.42,96.29],[618.55,96.39],[618.66,96.45],[618.68,96.47],[618.7,96.46],[618.7,96.46],[618.71,96.44],[618.71,96.42],[618.71,96.42],[618.72,96.42],[618.74,96.42],[618.77,96.42],[618.79,96.4],[618.83,96.39],[618.84,96.38],[618.85,96.38],[618.86,96.38],[618.86,96.4],[618.78,96.53],[618.78,96.53],[618.79,96.52],[618.79,96.53],[618.79,96.53],[618.8,96.54],[618.81,96.54],[618.81,96.54],[618.81,96.54],[618.81,96.54],[618.82,96.55],[618.83,96.55],[618.83,96.55],[618.83,96.55],[618.83,96.55],[618.84,96.55],[618.83,96.56],[618.84,96.56],[618.85,96.57],[618.84,96.57],[618.84,96.57],[618.86,96.59],[618.86,96.59],[618.86,96.59],[618.86,96.6],[618.87,96.6],[618.87,96.61],[618.87,96.61],[618.88,96.6],[618.88,96.62],[618.87,96.62],[618.88,96.62],[618.91,96.66],[619.02,96.74],[619.04,96.75],[619.05,96.76],[619.05,96.77],[619.11,96.82],[619.12,96.85],[619.21,96.9],[619.48,97.1],[619.29,97.34],[619.3,97.45],[619.28,97.43],[619.22,97.38],[619.19,97.36],[619.12,97.34],[619.11,97.33],[619.09,97.31],[619.09,97.3],[619.09,97.28],[619.07,97.29],[619.04,97.28],[619.03,97.29],[619.02,97.29],[619.01,97.33],[618.96,97.33],[618.94,97.34],[618.93,97.34],[618.91,97.33],[618.9,97.32],[618.88,97.31],[618.83,97.31],[618.81,97.29],[618.79,97.29],[618.78,97.31],[618.76,97.32],[618.73,97.34],[618.71,97.37],[618.71,97.39],[618.71,97.4],[618.72,97.41],[618.71,97.41],[618.69,97.43],[618.69,97.44],[618.68,97.46],[618.67,97.47],[618.66,97.49],[618.66,97.51],[618.67,97.54],[618.68,97.55],[618.67,97.55],[618.67,97.56],[618.65,97.56],[618.63,97.55],[618.63,97.56],[618.6,97.58],[618.59,97.6],[618.57,97.62],[618.56,97.63],[618.51,97.65],[618.49,97.66],[618.46,97.67],[618.43,97.69],[618.43,97.69],[618.43,97.7],[618.49,97.83],[618.36,98],[618.23,97.91],[617.97,97.72],[617.35,97.24]]]}},{"type":"Feature","id":"35040-4","properties":{"ridingCode":"35040","pollNumber":"4","pollType":"N","advancePollNumber":"600","sourceCode":"4-0","geometryPollNumbers":["4"],"code":"35040-4","resultPollNumbers":["4"],"resultStatus":"exact","result":{"electors":414,"voters":120,"totalVotes":117,"rejected":3,"turnout":28.985507246376812,"winnerId":"shelby-kramp-neuman","winnerPartyId":"CPC","runnerUpId":"tracey-sweeney-schenk","runnerUpPartyId":"LIB","margin":15.384615384615385,"top":[{"id":"shelby-kramp-neuman","name":"Shelby Kramp-Neuman","shortName":"Kramp-Neuman","partyId":"CPC","votes":62,"share":52.991452991452995},{"id":"tracey-sweeney-schenk","name":"Tracey Sweeney Schenk","shortName":"Sweeney Schenk","partyId":"LIB","votes":44,"share":37.60683760683761},{"id":"ava-duffy","name":"Ava Duffy","shortName":"Duffy","partyId":"NDP","votes":8,"share":6.837606837606838},{"id":"zaid-yusufani","name":"Zaid Yusufani","shortName":"Yusufani","partyId":"PPC","votes":2,"share":1.7094017094017095}],"partyVotes":{"LIB":44,"CPC":62,"BQ":0,"NDP":8,"GRN":1,"PPC":2,"OTH":0}}},"geometry":{"type":"Polygon","coordinates":[[[616.24,96.43],[616.34,96.29],[616.63,95.91],[617.02,95.4],[617.04,95.4],[617.05,95.41],[617.07,95.41],[617.12,95.39],[617.14,95.37],[617.15,95.36],[617.17,95.36],[617.18,95.36],[617.21,95.38],[617.25,95.38],[617.26,95.4],[617.28,95.4],[617.41,95.53],[617.65,95.72],[617.88,95.84],[617.92,95.85],[617.92,95.87],[617.91,95.9],[617.98,95.98],[618.08,96.06],[618.18,96.13],[618.19,96.11],[618.19,96.12],[618.2,96.13],[618.14,96.21],[618.11,96.24],[618.07,96.3],[618.05,96.31],[618.04,96.31],[618.04,96.33],[618.04,96.33],[618.04,96.34],[618.02,96.35],[618.01,96.38],[618,96.38],[617.99,96.38],[617.98,96.38],[617.98,96.38],[617.98,96.4],[617.98,96.41],[617.35,97.24],[617.34,97.23],[617.23,97.15],[616.69,96.76],[616.47,96.59],[616.24,96.43]]]}},{"type":"Feature","id":"35040-5","properties":{"ridingCode":"35040","pollNumber":"5","pollType":"N","advancePollNumber":"601","sourceCode":"5-0","geometryPollNumbers":["5"],"code":"35040-5","resultPollNumbers":["5"],"resultStatus":"exact","result":{"electors":374,"voters":168,"totalVotes":168,"rejected":0,"turnout":44.919786096256686,"winnerId":"shelby-kramp-neuman","winnerPartyId":"CPC","runnerUpId":"tracey-sweeney-schenk","runnerUpPartyId":"LIB","margin":38.69047619047619,"top":[{"id":"shelby-kramp-neuman","name":"Shelby Kramp-Neuman","shortName":"Kramp-Neuman","partyId":"CPC","votes":109,"share":64.88095238095238},{"id":"tracey-sweeney-schenk","name":"Tracey Sweeney Schenk","shortName":"Sweeney Schenk","partyId":"LIB","votes":44,"share":26.190476190476193},{"id":"ava-duffy","name":"Ava Duffy","shortName":"Duffy","partyId":"NDP","votes":11,"share":6.547619047619048},{"id":"michael-holbrook","name":"Michael Holbrook","shortName":"Holbrook","partyId":"GRN","votes":2,"share":1.1904761904761905}],"partyVotes":{"LIB":44,"CPC":109,"BQ":0,"NDP":11,"GRN":2,"PPC":2,"OTH":0}}},"geometry":{"type":"Polygon","coordinates":[[[618.86,96.38],[618.96,96.24],[618.95,96.2],[618.88,96.14],[618.89,96.14],[618.91,96.15],[618.92,96.15],[618.94,96.12],[619.02,96.09],[619.03,96.09],[619.04,96.07],[619.06,96.06],[619.07,96.06],[619.09,96.05],[619.09,96.05],[619.12,96.07],[619.15,96.02],[619.15,95.99],[619.15,95.97],[619.14,95.95],[619.14,95.94],[619.2,95.88],[619.19,95.87],[619.2,95.85],[619.22,95.86],[619.25,95.87],[619.26,95.86],[619.27,95.85],[619.28,95.85],[619.3,95.85],[619.31,95.87],[619.31,95.87],[619.32,95.87],[619.32,95.87],[619.33,95.88],[619.34,95.9],[619.35,95.92],[619.35,95.96],[619.35,95.97],[619.4,96],[619.41,96.01],[619.41,96.02],[619.51,95.88],[619.55,95.75],[619.56,95.74],[619.57,95.73],[619.58,95.7],[619.58,95.69],[619.57,95.68],[619.56,95.67],[619.56,95.66],[619.56,95.63],[619.54,95.5],[619.54,95.49],[619.55,95.43],[619.55,95.42],[619.53,95.4],[619.51,95.36],[619.51,95.36],[619.49,95.36],[619.51,95.34],[619.53,95.33],[619.53,95.32],[619.54,95.3],[619.54,95.26],[619.56,95.24],[619.56,95.2],[619.56,95.17],[619.74,95.31],[619.78,95.34],[619.78,95.35],[619.79,95.35],[619.81,95.36],[619.81,95.36],[619.81,95.37],[619.86,95.41],[620,95.52],[620.17,95.65],[620.13,95.69],[619.53,96.49],[619.29,96.81],[619.24,96.87],[619.21,96.9],[619.12,96.85],[619.11,96.82],[619.05,96.77],[619.05,96.76],[619.04,96.75],[619.02,96.74],[618.91,96.66],[618.88,96.62],[618.87,96.62],[618.88,96.62],[618.88,96.6],[618.87,96.61],[618.87,96.61],[618.87,96.6],[618.86,96.6],[618.86,96.59],[618.86,96.59],[618.86,96.59],[618.84,96.57],[618.84,96.57],[618.85,96.57],[618.84,96.56],[618.83,96.56],[618.84,96.55],[618.83,96.55],[618.83,96.55],[618.83,96.55],[618.83,96.55],[618.82,96.55],[618.81,96.54],[618.81,96.54],[618.81,96.54],[618.81,96.54],[618.8,96.54],[618.79,96.53],[618.79,96.53],[618.79,96.52],[618.78,96.53],[618.78,96.53],[618.86,96.4],[618.86,96.38]]]}},{"type":"Feature","id":"35040-6","properties":{"ridingCode":"35040","pollNumber":"6","pollType":"N","advancePollNumber":"600","sourceCode":"6-0","geometryPollNumbers":["6"],"code":"35040-6","resultPollNumbers":["6"],"resultStatus":"exact","result":{"electors":417,"voters":152,"totalVotes":152,"rejected":0,"turnout":36.45083932853717,"winnerId":"shelby-kramp-neuman","winnerPartyId":"CPC","runnerUpId":"tracey-sweeney-schenk","runnerUpPartyId":"LIB","margin":42.76315789473684,"top":[{"id":"shelby-kramp-neuman","name":"Shelby Kramp-Neuman","shortName":"Kramp-Neuman","partyId":"CPC","votes":103,"share":67.76315789473685},{"id":"tracey-sweeney-schenk","name":"Tracey Sweeney Schenk","shortName":"Sweeney Schenk","partyId":"LIB","votes":38,"share":25},{"id":"ava-duffy","name":"Ava Duffy","shortName":"Duffy","partyId":"NDP","votes":8,"share":5.263157894736842},{"id":"michael-holbrook","name":"Michael Holbrook","shortName":"Holbrook","partyId":"GRN","votes":2,"share":1.3157894736842104}],"partyVotes":{"LIB":38,"CPC":103,"BQ":0,"NDP":8,"GRN":2,"PPC":1,"OTH":0}}},"geometry":{"type":"Polygon","coordinates":[[[618.42,96.29],[618.31,96.23],[618.29,96.21],[618.27,96.18],[618.24,96.16],[618.25,96.15],[618.23,96.13],[618.21,96.12],[618.26,96.05],[618.27,96.04],[618.27,96.04],[618.28,96.03],[618.49,95.76],[618.53,95.71],[618.56,95.67],[618.62,95.59],[618.63,95.58],[618.66,95.56],[618.69,95.52],[618.72,95.5],[618.78,95.48],[618.88,95.43],[618.94,95.41],[618.96,95.4],[618.96,95.38],[618.98,95.39],[619,95.39],[619.01,95.39],[619.02,95.41],[619.05,95.42],[619.06,95.44],[619.06,95.46],[619.09,95.48],[619.1,95.49],[619.1,95.51],[619.09,95.53],[619.1,95.55],[619.1,95.56],[619.11,95.57],[619.1,95.58],[619.09,95.61],[619.06,95.63],[619.04,95.64],[619.03,95.65],[619.02,95.68],[619.02,95.69],[619.03,95.7],[619.05,95.71],[619.09,95.74],[619.11,95.74],[619.12,95.74],[619.13,95.74],[619.16,95.77],[619.2,95.85],[619.19,95.87],[619.2,95.88],[619.14,95.94],[619.14,95.95],[619.15,95.97],[619.15,95.99],[619.15,96.02],[619.12,96.07],[619.09,96.05],[619.09,96.05],[619.07,96.06],[619.06,96.06],[619.04,96.07],[619.03,96.09],[619.02,96.09],[618.94,96.12],[618.92,96.15],[618.91,96.15],[618.89,96.14],[618.88,96.14],[618.95,96.2],[618.96,96.24],[618.86,96.38],[618.85,96.38],[618.84,96.38],[618.83,96.39],[618.79,96.4],[618.77,96.42],[618.74,96.42],[618.72,96.42],[618.71,96.42],[618.71,96.42],[618.71,96.44],[618.7,96.46],[618.7,96.46],[618.68,96.47],[618.66,96.45],[618.55,96.39],[618.42,96.29]]]}},{"type":"Feature","id":"35040-7","properties":{"ridingCode":"35040","pollNumber":"7","pollType":"N","advancePollNumber":"601","sourceCode":"7-0","geometryPollNumbers":["7"],"code":"35040-7","resultPollNumbers":["7"],"resultStatus":"exact","result":{"electors":357,"voters":90,"totalVotes":90,"rejected":0,"turnout":25.210084033613445,"winnerId":"shelby-kramp-neuman","winnerPartyId":"CPC","runnerUpId":"tracey-sweeney-schenk","runnerUpPartyId":"LIB","margin":31.11111111111111,"top":[{"id":"shelby-kramp-neuman","name":"Shelby Kramp-Neuman","shortName":"Kramp-Neuman","partyId":"CPC","votes":57,"share":63.33333333333333},{"id":"tracey-sweeney-schenk","name":"Tracey Sweeney Schenk","shortName":"Sweeney Schenk","partyId":"LIB","votes":29,"share":32.22222222222222},{"id":"ava-duffy","name":"Ava Duffy","shortName":"Duffy","partyId":"NDP","votes":3,"share":3.3333333333333335},{"id":"michael-holbrook","name":"Michael Holbrook","shortName":"Holbrook","partyId":"GRN","votes":1,"share":1.1111111111111112}],"partyVotes":{"LIB":29,"CPC":57,"BQ":0,"NDP":3,"GRN":1,"PPC":0,"OTH":0}}},"geometry":{"type":"Polygon","coordinates":[[[619,95.39],[618.98,95.39],[618.96,95.38],[619.05,95.2],[619.06,95.18],[619.06,95.16],[619.06,95.14],[619.04,95.07],[619.07,95.01],[619.16,94.89],[619.17,94.89],[619.28,94.96],[619.32,95],[619.33,95],[619.45,95.09],[619.45,95.1],[619.46,95.11],[619.47,95.11],[619.48,95.11],[619.5,95.13],[619.51,95.13],[619.56,95.17],[619.56,95.2],[619.56,95.24],[619.54,95.26],[619.54,95.3],[619.53,95.32],[619.53,95.33],[619.51,95.34],[619.49,95.36],[619.51,95.36],[619.51,95.36],[619.53,95.4],[619.55,95.42],[619.55,95.43],[619.54,95.49],[619.54,95.5],[619.56,95.63],[619.56,95.66],[619.56,95.67],[619.57,95.68],[619.58,95.69],[619.58,95.7],[619.57,95.73],[619.56,95.74],[619.55,95.75],[619.51,95.88],[619.41,96.02],[619.41,96.01],[619.4,96],[619.35,95.97],[619.35,95.96],[619.35,95.92],[619.34,95.9],[619.33,95.88],[619.32,95.87],[619.32,95.87],[619.31,95.87],[619.31,95.87],[619.3,95.85],[619.28,95.85],[619.27,95.85],[619.26,95.86],[619.25,95.87],[619.22,95.86],[619.2,95.85],[619.16,95.77],[619.13,95.74],[619.12,95.74],[619.11,95.74],[619.09,95.74],[619.05,95.71],[619.03,95.7],[619.02,95.69],[619.02,95.68],[619.03,95.65],[619.04,95.64],[619.06,95.63],[619.09,95.61],[619.1,95.58],[619.11,95.57],[619.1,95.56],[619.1,95.55],[619.09,95.53],[619.1,95.51],[619.1,95.49],[619.09,95.48],[619.06,95.46],[619.06,95.44],[619.05,95.42],[619.02,95.41],[619.01,95.39],[619,95.39]]]}},{"type":"Feature","id":"35040-8","properties":{"ridingCode":"35040","pollNumber":"8","pollType":"N","advancePollNumber":"600","sourceCode":"8-0","geometryPollNumbers":["8"],"code":"35040-8","resultPollNumbers":["8"],"resultStatus":"exact","result":{"electors":396,"voters":130,"totalVotes":130,"rejected":0,"turnout":32.82828282828283,"winnerId":"shelby-kramp-neuman","winnerPartyId":"CPC","runnerUpId":"tracey-sweeney-schenk","runnerUpPartyId":"LIB","margin":29.230769230769234,"top":[{"id":"shelby-kramp-neuman","name":"Shelby Kramp-Neuman","shortName":"Kramp-Neuman","partyId":"CPC","votes":80,"share":61.53846153846154},{"id":"tracey-sweeney-schenk","name":"Tracey Sweeney Schenk","shortName":"Sweeney Schenk","partyId":"LIB","votes":42,"share":32.30769230769231},{"id":"ava-duffy","name":"Ava Duffy","shortName":"Duffy","partyId":"NDP","votes":4,"share":3.076923076923077},{"id":"zaid-yusufani","name":"Zaid Yusufani","shortName":"Yusufani","partyId":"PPC","votes":3,"share":2.307692307692308}],"partyVotes":{"LIB":42,"CPC":80,"BQ":0,"NDP":4,"GRN":1,"PPC":3,"OTH":0}}},"geometry":{"type":"Polygon","coordinates":[[[617.02,95.4],[617.1,95.3],[617.39,94.91],[617.39,94.91],[617.4,94.9],[617.55,94.7],[617.74,94.81],[617.81,94.73],[617.85,94.74],[617.91,94.73],[617.94,94.71],[617.96,94.69],[618.29,94.96],[618.31,94.97],[618.31,94.97],[618.37,95.03],[618.34,95.07],[618.33,95.09],[618.33,95.11],[618.34,95.14],[618.35,95.13],[618.37,95.12],[618.42,95.12],[618.44,95.12],[618.48,95.14],[618.5,95.14],[618.54,95.13],[618.55,95.13],[618.56,95.13],[618.57,95.12],[618.6,95.08],[618.61,95.08],[619.04,95.07],[619.06,95.14],[619.06,95.16],[619.06,95.18],[619.05,95.2],[618.96,95.38],[618.96,95.4],[618.94,95.41],[618.88,95.43],[618.78,95.48],[618.72,95.5],[618.69,95.52],[618.66,95.56],[618.63,95.58],[618.62,95.59],[618.56,95.67],[618.53,95.71],[618.49,95.76],[618.28,96.03],[618.27,96.04],[618.27,96.04],[618.26,96.05],[618.21,96.12],[618.23,96.13],[618.22,96.14],[618.2,96.13],[618.19,96.12],[618.19,96.11],[618.18,96.13],[618.08,96.06],[617.98,95.98],[617.91,95.9],[617.92,95.87],[617.92,95.85],[617.88,95.84],[617.65,95.72],[617.41,95.53],[617.28,95.4],[617.26,95.4],[617.25,95.38],[617.21,95.38],[617.18,95.36],[617.17,95.36],[617.15,95.36],[617.14,95.37],[617.12,95.39],[617.07,95.41],[617.05,95.41],[617.04,95.4],[617.02,95.4]]]}},{"type":"Feature","id":"35040-9","properties":{"ridingCode":"35040","pollNumber":"9","pollType":"N","advancePollNumber":"604","sourceCode":"9-0","geometryPollNumbers":["9"],"code":"35040-9","resultPollNumbers":["9"],"resultStatus":"exact","result":{"electors":508,"voters":313,"totalVotes":313,"rejected":0,"turnout":61.61417322834646,"winnerId":"shelby-kramp-neuman","winnerPartyId":"CPC","runnerUpId":"tracey-sweeney-schenk","runnerUpPartyId":"LIB","margin":40.2555910543131,"top":[{"id":"shelby-kramp-neuman","name":"Shelby Kramp-Neuman","shortName":"Kramp-Neuman","partyId":"CPC","votes":213,"share":68.05111821086261},{"id":"tracey-sweeney-schenk","name":"Tracey Sweeney Schenk","shortName":"Sweeney Schenk","partyId":"LIB","votes":87,"share":27.79552715654952},{"id":"ava-duffy","name":"Ava Duffy","shortName":"Duffy","partyId":"NDP","votes":8,"share":2.5559105431309903},{"id":"michael-holbrook","name":"Michael Holbrook","shortName":"Holbrook","partyId":"GRN","votes":5,"share":1.5974440894568689}],"partyVotes":{"LIB":87,"CPC":213,"BQ":0,"NDP":8,"GRN":5,"PPC":0,"OTH":0}}},"geometry":{"type":"Polygon","coordinates":[[[621.33,96.08],[621.56,95.73],[621.61,95.71],[621.67,95.63],[621.71,95.58],[621.75,95.54],[621.78,95.5],[621.81,95.49],[621.83,95.49],[621.84,95.49],[621.85,95.49],[621.85,95.48],[621.88,95.46],[621.89,95.46],[621.9,95.46],[621.91,95.46],[621.92,95.46],[621.96,95.49],[621.96,95.5],[621.96,95.52],[621.97,95.53],[621.98,95.53],[622,95.56],[622.01,95.56],[622.03,95.56],[622.04,95.56],[622.05,95.57],[622.06,95.59],[622.07,95.59],[622.09,95.59],[622.11,95.58],[622.12,95.59],[622.13,95.57],[622.14,95.57],[622.15,95.58],[622.16,95.59],[622.18,95.6],[622.19,95.59],[622.2,95.6],[622.23,95.59],[622.27,95.59],[622.28,95.58],[622.29,95.58],[622.32,95.58],[622.35,95.56],[622.36,95.54],[622.38,95.53],[622.38,95.53],[622.39,95.53],[622.4,95.51],[622.42,95.51],[622.44,95.52],[622.45,95.52],[622.46,95.51],[622.47,95.51],[622.47,95.52],[622.49,95.52],[622.5,95.52],[622.5,95.51],[622.58,95.48],[622.62,95.47],[622.64,95.45],[622.67,95.45],[622.67,95.45],[622.8,95.29],[623.33,95.69],[623.46,95.52],[623.48,95.52],[623.51,95.53],[623.56,95.55],[623.59,95.57],[623.59,95.62],[623.62,95.62],[623.63,95.64],[623.65,95.64],[623.76,95.66],[623.76,95.66],[623.76,95.67],[623.76,95.69],[623.76,95.69],[623.78,95.7],[623.8,95.74],[623.82,95.75],[623.82,95.76],[623.83,95.77],[623.83,95.77],[623.85,95.76],[623.92,95.7],[623.96,95.67],[623.98,95.67],[624,95.65],[624.02,95.66],[624.06,95.64],[624.07,95.64],[624.11,95.63],[624.12,95.64],[624.13,95.64],[624.15,95.63],[624.18,95.63],[624.2,95.62],[624.21,95.68],[624.21,95.72],[624.2,95.76],[624.15,95.84],[624.15,95.84],[624.15,95.83],[624.15,95.82],[624.14,95.83],[624.08,95.91],[624.06,95.94],[624.03,95.98],[624.03,95.99],[624.05,96.01],[624.01,96.07],[623.98,96.1],[623.98,96.11],[624,96.11],[624.06,96.11],[624.1,96.12],[624.15,96.11],[624.21,96.13],[624.25,96.14],[624.25,96.14],[624.28,96.13],[624.3,96.13],[624.32,96.13],[624.38,96.11],[624.43,96.07],[624.47,96.06],[624.49,96.05],[624.52,96.04],[624.57,96.04],[624.6,96.03],[624.63,96.03],[624.65,96.03],[624.65,96.04],[624.67,96.05],[624.67,96.06],[624.67,96.07],[624.67,96.08],[624.67,96.09],[624.67,96.11],[624.67,96.11],[624.66,96.12],[624.66,96.13],[624.62,96.18],[624.61,96.19],[624.61,96.2],[624.61,96.21],[624.42,96.45],[624.37,96.45],[624.37,96.46],[624.39,96.49],[624.38,96.5],[624.33,96.58],[624.27,96.64],[624.13,96.81],[624,96.95],[623.84,97.16],[623.6,97.47],[623.56,97.52],[623.4,97.72],[623.39,97.74],[623.25,97.63],[622.61,97.1],[622.52,97.02],[622.46,96.98],[622.42,96.95],[622.37,96.91],[622.17,96.75],[621.93,96.57],[621.81,96.47],[621.67,96.35],[621.59,96.29],[621.51,96.22],[621.4,96.14],[621.39,96.14],[621.33,96.08]]]}},{"type":"Feature","id":"35040-10","properties":{"ridingCode":"35040","pollNumber":"10","pollType":"N","advancePollNumber":"601","sourceCode":"10-0","geometryPollNumbers":["10"],"code":"35040-10","resultPollNumbers":["10"],"resultStatus":"exact","result":{"electors":390,"voters":209,"totalVotes":209,"rejected":0,"turnout":53.58974358974359,"winnerId":"shelby-kramp-neuman","winnerPartyId":"CPC","runnerUpId":"tracey-sweeney-schenk","runnerUpPartyId":"LIB","margin":39.71291866028708,"top":[{"id":"shelby-kramp-neuman","name":"Shelby Kramp-Neuman","shortName":"Kramp-Neuman","partyId":"CPC","votes":143,"share":68.42105263157895},{"id":"tracey-sweeney-schenk","name":"Tracey Sweeney Schenk","shortName":"Sweeney Schenk","partyId":"LIB","votes":60,"share":28.708133971291865},{"id":"ava-duffy","name":"Ava Duffy","shortName":"Duffy","partyId":"NDP","votes":3,"share":1.4354066985645932},{"id":"zaid-yusufani","name":"Zaid Yusufani","shortName":"Yusufani","partyId":"PPC","votes":3,"share":1.4354066985645932}],"partyVotes":{"LIB":60,"CPC":143,"BQ":0,"NDP":3,"GRN":0,"PPC":3,"OTH":0}}},"geometry":{"type":"Polygon","coordinates":[[[620.55,95.15],[620.81,94.81],[620.83,94.82],[620.86,94.82],[620.89,94.84],[620.9,94.85],[620.9,94.85],[620.91,94.86],[620.94,94.89],[620.94,94.91],[620.96,94.93],[620.96,94.95],[620.97,94.96],[620.97,94.96],[620.97,94.97],[620.98,94.99],[620.98,95.01],[620.99,95.02],[621,95.03],[621,95.04],[621.01,95.06],[621.01,95.07],[621.01,95.09],[621.01,95.1],[621.01,95.13],[621.01,95.17],[621.01,95.19],[621.01,95.2],[621.01,95.21],[621.02,95.22],[621.01,95.23],[621.02,95.23],[621.05,95.25],[621.06,95.26],[621.06,95.26],[621.08,95.26],[621.08,95.25],[621.1,95.24],[621.1,95.24],[621.1,95.25],[621.12,95.25],[621.12,95.26],[621.12,95.27],[621.13,95.3],[621.15,95.32],[621.15,95.35],[621.15,95.35],[621.17,95.35],[621.17,95.35],[621.17,95.37],[621.18,95.37],[621.2,95.4],[621.21,95.41],[621.23,95.4],[621.23,95.41],[621.24,95.41],[621.24,95.42],[621.26,95.43],[621.27,95.45],[621.28,95.46],[621.28,95.47],[621.29,95.47],[621.3,95.48],[621.31,95.49],[621.32,95.49],[621.31,95.5],[621.35,95.57],[621.36,95.57],[621.37,95.57],[621.39,95.57],[621.4,95.57],[621.43,95.57],[621.45,95.57],[621.46,95.57],[621.47,95.58],[621.5,95.6],[621.5,95.6],[621.52,95.59],[621.53,95.59],[621.58,95.59],[621.6,95.6],[621.62,95.6],[621.64,95.59],[621.65,95.59],[621.67,95.59],[621.68,95.58],[621.69,95.58],[621.71,95.58],[621.67,95.63],[621.61,95.71],[621.56,95.73],[621.33,96.08],[621.31,96.07],[621.29,96.11],[621.28,96.09],[621.27,96.05],[621.18,95.97],[621.17,95.95],[621.15,95.88],[621.14,95.88],[621.14,95.89],[621.13,95.91],[621.12,95.92],[621.11,95.92],[621.1,95.92],[621.09,95.91],[621.06,95.9],[621.04,95.9],[621.01,95.9],[620.99,95.91],[620.98,95.92],[620.97,95.93],[620.95,95.96],[620.93,95.96],[620.91,95.96],[620.89,95.98],[620.81,96.07],[620.78,96.12],[620.73,96.09],[620.72,96.07],[620.7,96.06],[620.67,96.04],[620.67,96.06],[620.68,96.09],[620.68,96.11],[620.68,96.13],[620.68,96.18],[620.67,96.2],[620.63,96.25],[620.54,96.18],[620.5,96.18],[620.5,96.17],[620.47,96.13],[620.46,96.12],[620.46,96.11],[620.45,96.11],[620.44,96.1],[620.42,96.09],[620.41,96.06],[620.38,96.05],[620.37,96.05],[620.36,96.04],[620.35,96.03],[620.33,96.02],[620.33,96.02],[620.29,95.99],[620.27,95.98],[620.27,95.98],[620.25,95.96],[620.24,95.96],[620.23,95.96],[620.22,95.95],[620.22,95.93],[620.21,95.91],[620.2,95.89],[620.19,95.87],[620.18,95.85],[620.17,95.82],[620.17,95.79],[620.17,95.79],[620.16,95.78],[620.16,95.76],[620.15,95.75],[620.14,95.74],[620.14,95.71],[620.13,95.69],[620.17,95.65],[620.27,95.51],[620.46,95.28],[620.53,95.19],[620.55,95.15]]]}},{"type":"Feature","id":"35040-11","properties":{"ridingCode":"35040","pollNumber":"11","pollType":"N","advancePollNumber":"600","sourceCode":"11-0","geometryPollNumbers":["11"],"code":"35040-11","resultPollNumbers":["11"],"resultStatus":"exact","result":{"electors":402,"voters":194,"totalVotes":194,"rejected":0,"turnout":48.258706467661696,"winnerId":"shelby-kramp-neuman","winnerPartyId":"CPC","runnerUpId":"tracey-sweeney-schenk","runnerUpPartyId":"LIB","margin":14.948453608247423,"top":[{"id":"shelby-kramp-neuman","name":"Shelby Kramp-Neuman","shortName":"Kramp-Neuman","partyId":"CPC","votes":108,"share":55.670103092783506},{"id":"tracey-sweeney-schenk","name":"Tracey Sweeney Schenk","shortName":"Sweeney Schenk","partyId":"LIB","votes":79,"share":40.72164948453608},{"id":"ava-duffy","name":"Ava Duffy","shortName":"Duffy","partyId":"NDP","votes":3,"share":1.5463917525773196},{"id":"michael-holbrook","name":"Michael Holbrook","shortName":"Holbrook","partyId":"GRN","votes":3,"share":1.5463917525773196}],"partyVotes":{"LIB":79,"CPC":108,"BQ":0,"NDP":3,"GRN":3,"PPC":1,"OTH":0}}},"geometry":{"type":"Polygon","coordinates":[[[618.61,95.08],[618.6,95.08],[618.57,95.12],[618.56,95.13],[618.55,95.13],[618.54,95.13],[618.5,95.14],[618.48,95.14],[618.44,95.12],[618.42,95.12],[618.37,95.12],[618.35,95.13],[618.34,95.14],[618.33,95.11],[618.33,95.09],[618.34,95.07],[618.37,95.03],[618.38,95.01],[618.4,94.98],[618.4,94.9],[618.41,94.88],[618.42,94.86],[618.43,94.8],[618.44,94.79],[618.48,94.78],[618.52,94.78],[618.57,94.76],[618.59,94.76],[618.64,94.77],[618.7,94.78],[618.93,94.95],[618.95,94.93],[618.98,94.96],[618.97,94.98],[619,94.99],[619.02,94.99],[619.03,95.02],[619.04,95.07],[618.61,95.08]]]}},{"type":"Feature","id":"35040-12","properties":{"ridingCode":"35040","pollNumber":"12","pollType":"N","advancePollNumber":"601","sourceCode":"12-0","geometryPollNumbers":["12"],"code":"35040-12","resultPollNumbers":["12"],"resultStatus":"exact","result":{"electors":418,"voters":134,"totalVotes":134,"rejected":0,"turnout":32.057416267942585,"winnerId":"shelby-kramp-neuman","winnerPartyId":"CPC","runnerUpId":"tracey-sweeney-schenk","runnerUpPartyId":"LIB","margin":55.223880597014926,"top":[{"id":"shelby-kramp-neuman","name":"Shelby Kramp-Neuman","shortName":"Kramp-Neuman","partyId":"CPC","votes":102,"share":76.11940298507463},{"id":"tracey-sweeney-schenk","name":"Tracey Sweeney Schenk","shortName":"Sweeney Schenk","partyId":"LIB","votes":28,"share":20.8955223880597},{"id":"ava-duffy","name":"Ava Duffy","shortName":"Duffy","partyId":"NDP","votes":2,"share":1.4925373134328357},{"id":"michael-holbrook","name":"Michael Holbrook","shortName":"Holbrook","partyId":"GRN","votes":2,"share":1.4925373134328357}],"partyVotes":{"LIB":28,"CPC":102,"BQ":0,"NDP":2,"GRN":2,"PPC":0,"OTH":0}}},"geometry":{"type":"Polygon","coordinates":[[[618.48,94.38],[618.57,94.44],[618.58,94.45],[618.6,94.46],[618.61,94.46],[618.67,94.51],[618.8,94.61],[618.89,94.67],[619.08,94.81],[619.14,94.86],[619.16,94.89],[619.07,95.01],[619.04,95.07],[619.03,95.02],[619.02,94.99],[619,94.99],[618.97,94.98],[618.98,94.96],[618.95,94.93],[618.93,94.95],[618.7,94.78],[618.64,94.77],[618.59,94.76],[618.59,94.75],[618.58,94.73],[618.57,94.71],[618.53,94.68],[618.5,94.67],[618.48,94.65],[618.47,94.64],[618.47,94.62],[618.45,94.6],[618.43,94.59],[618.41,94.56],[618.41,94.55],[618.4,94.53],[618.41,94.51],[618.41,94.47],[618.42,94.43],[618.42,94.42],[618.43,94.42],[618.45,94.4],[618.47,94.39],[618.48,94.38]]]}},{"type":"Feature","id":"35040-13","properties":{"ridingCode":"35040","pollNumber":"13","pollType":"N","advancePollNumber":"600","sourceCode":"13-0","geometryPollNumbers":["13"],"code":"35040-13","resultPollNumbers":["13"],"resultStatus":"exact","result":{"electors":378,"voters":134,"totalVotes":132,"rejected":2,"turnout":35.44973544973545,"winnerId":"shelby-kramp-neuman","winnerPartyId":"CPC","runnerUpId":"tracey-sweeney-schenk","runnerUpPartyId":"LIB","margin":15.909090909090908,"top":[{"id":"shelby-kramp-neuman","name":"Shelby Kramp-Neuman","shortName":"Kramp-Neuman","partyId":"CPC","votes":72,"share":54.54545454545454},{"id":"tracey-sweeney-schenk","name":"Tracey Sweeney Schenk","shortName":"Sweeney Schenk","partyId":"LIB","votes":51,"share":38.63636363636363},{"id":"ava-duffy","name":"Ava Duffy","shortName":"Duffy","partyId":"NDP","votes":6,"share":4.545454545454546},{"id":"michael-holbrook","name":"Michael Holbrook","shortName":"Holbrook","partyId":"GRN","votes":3,"share":2.272727272727273}],"partyVotes":{"LIB":51,"CPC":72,"BQ":0,"NDP":6,"GRN":3,"PPC":0,"OTH":0}}},"geometry":{"type":"Polygon","coordinates":[[[617.55,94.7],[617.62,94.61],[617.7,94.5],[617.74,94.45],[617.81,94.36],[617.82,94.34],[617.83,94.33],[617.88,94.27],[618.04,94.05],[618.15,94.13],[618.16,94.14],[618.39,94.31],[618.41,94.32],[618.42,94.33],[618.48,94.38],[618.47,94.39],[618.45,94.4],[618.43,94.42],[618.42,94.42],[618.42,94.43],[618.41,94.47],[618.41,94.51],[618.4,94.53],[618.41,94.55],[618.41,94.56],[618.43,94.59],[618.45,94.6],[618.47,94.62],[618.47,94.64],[618.48,94.65],[618.5,94.67],[618.53,94.68],[618.57,94.71],[618.58,94.73],[618.59,94.75],[618.59,94.76],[618.57,94.76],[618.52,94.78],[618.48,94.78],[618.44,94.79],[618.43,94.8],[618.42,94.86],[618.41,94.88],[618.4,94.9],[618.4,94.98],[618.38,95.01],[618.37,95.03],[618.31,94.97],[618.31,94.97],[618.29,94.96],[617.96,94.69],[617.94,94.71],[617.91,94.73],[617.85,94.74],[617.81,94.73],[617.74,94.81],[617.55,94.7]]]}},{"type":"Feature","id":"35040-14","properties":{"ridingCode":"35040","pollNumber":"14","pollType":"N","advancePollNumber":"602","sourceCode":"14-0","geometryPollNumbers":["14"],"code":"35040-14","resultPollNumbers":["14"],"resultStatus":"exact","result":{"electors":454,"voters":137,"totalVotes":136,"rejected":1,"turnout":30.176211453744493,"winnerId":"shelby-kramp-neuman","winnerPartyId":"CPC","runnerUpId":"tracey-sweeney-schenk","runnerUpPartyId":"LIB","margin":33.82352941176471,"top":[{"id":"shelby-kramp-neuman","name":"Shelby Kramp-Neuman","shortName":"Kramp-Neuman","partyId":"CPC","votes":87,"share":63.970588235294116},{"id":"tracey-sweeney-schenk","name":"Tracey Sweeney Schenk","shortName":"Sweeney Schenk","partyId":"LIB","votes":41,"share":30.14705882352941},{"id":"ava-duffy","name":"Ava Duffy","shortName":"Duffy","partyId":"NDP","votes":4,"share":2.941176470588235},{"id":"michael-holbrook","name":"Michael Holbrook","shortName":"Holbrook","partyId":"GRN","votes":3,"share":2.2058823529411766}],"partyVotes":{"LIB":41,"CPC":87,"BQ":0,"NDP":4,"GRN":3,"PPC":1,"OTH":0}}},"geometry":{"type":"Polygon","coordinates":[[[619.33,94.51],[619.33,94.5],[619.34,94.48],[619.35,94.47],[619.36,94.47],[619.36,94.47],[619.38,94.48],[619.38,94.48],[619.4,94.49],[619.41,94.5],[619.43,94.49],[619.45,94.49],[619.47,94.49],[619.48,94.46],[619.49,94.46],[619.5,94.47],[619.5,94.48],[619.5,94.48],[619.49,94.48],[619.49,94.48],[619.49,94.48],[619.49,94.49],[619.49,94.49],[619.5,94.48],[619.52,94.48],[619.54,94.49],[619.55,94.49],[619.56,94.49],[619.55,94.49],[619.54,94.46],[619.55,94.45],[619.53,94.44],[619.53,94.43],[619.59,94.39],[619.6,94.39],[619.63,94.41],[619.65,94.43],[619.7,94.45],[619.7,94.46],[619.71,94.47],[619.71,94.48],[619.74,94.48],[619.75,94.49],[619.79,94.52],[619.81,94.54],[619.83,94.55],[619.82,94.56],[619.83,94.57],[619.83,94.57],[619.82,94.59],[619.83,94.61],[619.84,94.61],[619.82,94.62],[619.81,94.63],[619.82,94.65],[619.81,94.66],[619.8,94.67],[619.8,94.69],[619.78,94.71],[619.78,94.72],[619.78,94.73],[619.78,94.74],[619.79,94.75],[619.8,94.76],[619.84,94.81],[619.85,94.81],[619.86,94.81],[619.92,94.79],[619.99,94.81],[620.07,94.84],[620.1,94.85],[620.14,94.87],[620.16,94.88],[620.19,94.9],[620.26,94.94],[620.34,95.01],[620.38,95.03],[620.46,95.08],[620.51,95.1],[620.55,95.15],[620.53,95.19],[620.46,95.28],[620.27,95.51],[620.17,95.65],[620,95.52],[619.86,95.41],[619.81,95.37],[619.81,95.36],[619.81,95.36],[619.79,95.35],[619.78,95.35],[619.78,95.34],[619.74,95.31],[619.74,95.3],[619.74,95.3],[619.74,95.29],[619.75,95.28],[619.75,95.26],[619.74,95.24],[619.76,95.22],[619.76,95.19],[619.76,95.19],[619.69,95.13],[619.69,95.11],[619.71,95.08],[619.69,95.06],[619.66,95.05],[619.63,95.05],[619.61,95.05],[619.61,95.04],[619.6,95.03],[619.6,95.03],[619.64,94.98],[619.66,94.94],[619.66,94.87],[619.65,94.85],[619.66,94.83],[619.65,94.82],[619.64,94.81],[619.62,94.77],[619.56,94.72],[619.53,94.67],[619.52,94.66],[619.5,94.64],[619.46,94.63],[619.44,94.6],[619.42,94.59],[619.41,94.57],[619.4,94.56],[619.39,94.55],[619.38,94.55],[619.37,94.54],[619.36,94.53],[619.38,94.52],[619.38,94.51],[619.37,94.49],[619.37,94.49],[619.36,94.49],[619.36,94.49],[619.36,94.5],[619.34,94.52],[619.33,94.51]]]}},{"type":"Feature","id":"35040-15","properties":{"ridingCode":"35040","pollNumber":"15","pollType":"N","advancePollNumber":"602","sourceCode":"15-0","geometryPollNumbers":["15"],"code":"35040-15","resultPollNumbers":["15"],"resultStatus":"exact","result":{"electors":461,"voters":135,"totalVotes":135,"rejected":0,"turnout":29.28416485900217,"winnerId":"shelby-kramp-neuman","winnerPartyId":"CPC","runnerUpId":"tracey-sweeney-schenk","runnerUpPartyId":"LIB","margin":43.7037037037037,"top":[{"id":"shelby-kramp-neuman","name":"Shelby Kramp-Neuman","shortName":"Kramp-Neuman","partyId":"CPC","votes":91,"share":67.4074074074074},{"id":"tracey-sweeney-schenk","name":"Tracey Sweeney Schenk","shortName":"Sweeney Schenk","partyId":"LIB","votes":32,"share":23.703703703703706},{"id":"ava-duffy","name":"Ava Duffy","shortName":"Duffy","partyId":"NDP","votes":9,"share":6.666666666666667},{"id":"michael-holbrook","name":"Michael Holbrook","shortName":"Holbrook","partyId":"GRN","votes":2,"share":1.4814814814814816}],"partyVotes":{"LIB":32,"CPC":91,"BQ":0,"NDP":9,"GRN":2,"PPC":1,"OTH":0}}},"geometry":{"type":"Polygon","coordinates":[[[619.17,94.88],[619.18,94.86],[619.23,94.84],[619.28,94.78],[619.33,94.66],[619.36,94.67],[619.32,94.64],[619.32,94.63],[619.3,94.61],[619.31,94.6],[619.3,94.59],[619.33,94.55],[619.34,94.54],[619.36,94.55],[619.37,94.54],[619.38,94.55],[619.39,94.55],[619.4,94.56],[619.41,94.57],[619.42,94.59],[619.44,94.6],[619.46,94.63],[619.5,94.64],[619.52,94.66],[619.53,94.67],[619.56,94.72],[619.62,94.77],[619.64,94.81],[619.65,94.82],[619.66,94.83],[619.65,94.85],[619.66,94.87],[619.66,94.94],[619.64,94.98],[619.6,95.03],[619.6,95.03],[619.61,95.04],[619.61,95.05],[619.63,95.05],[619.66,95.05],[619.69,95.06],[619.71,95.08],[619.69,95.11],[619.69,95.13],[619.76,95.19],[619.76,95.19],[619.76,95.22],[619.74,95.24],[619.75,95.26],[619.75,95.28],[619.74,95.29],[619.74,95.3],[619.74,95.3],[619.74,95.31],[619.56,95.17],[619.51,95.13],[619.5,95.13],[619.48,95.11],[619.47,95.11],[619.46,95.11],[619.45,95.1],[619.45,95.09],[619.33,95],[619.32,95],[619.28,94.96],[619.17,94.89],[619.17,94.88]]]}},{"type":"Feature","id":"35040-16","properties":{"ridingCode":"35040","pollNumber":"16","pollType":"N","advancePollNumber":"601","sourceCode":"16-0","geometryPollNumbers":["16"],"code":"35040-16","resultPollNumbers":["16"],"resultStatus":"exact","result":{"electors":286,"voters":73,"totalVotes":73,"rejected":0,"turnout":25.524475524475527,"winnerId":"shelby-kramp-neuman","winnerPartyId":"CPC","runnerUpId":"tracey-sweeney-schenk","runnerUpPartyId":"LIB","margin":36.986301369863014,"top":[{"id":"shelby-kramp-neuman","name":"Shelby Kramp-Neuman","shortName":"Kramp-Neuman","partyId":"CPC","votes":49,"share":67.12328767123287},{"id":"tracey-sweeney-schenk","name":"Tracey Sweeney Schenk","shortName":"Sweeney Schenk","partyId":"LIB","votes":22,"share":30.136986301369863},{"id":"ava-duffy","name":"Ava Duffy","shortName":"Duffy","partyId":"NDP","votes":2,"share":2.73972602739726},{"id":"michael-holbrook","name":"Michael Holbrook","shortName":"Holbrook","partyId":"GRN","votes":0,"share":0}],"partyVotes":{"LIB":22,"CPC":49,"BQ":0,"NDP":2,"GRN":0,"PPC":0,"OTH":0}}},"geometry":{"type":"Polygon","coordinates":[[[619.08,94.81],[619.19,94.79],[619.21,94.77],[619.22,94.76],[619.23,94.74],[619.23,94.72],[619.22,94.67],[619.23,94.65],[619.23,94.63],[619.26,94.6],[619.28,94.59],[619.29,94.58],[619.3,94.59],[619.31,94.6],[619.3,94.61],[619.32,94.63],[619.32,94.64],[619.36,94.67],[619.33,94.66],[619.28,94.78],[619.23,94.84],[619.18,94.86],[619.17,94.88],[619.17,94.89],[619.16,94.89],[619.14,94.86],[619.08,94.81]]]}},{"type":"Feature","id":"35040-17","properties":{"ridingCode":"35040","pollNumber":"17","pollType":"N","advancePollNumber":"601","sourceCode":"17-0","geometryPollNumbers":["17"],"code":"35040-17","resultPollNumbers":["17"],"resultStatus":"exact","result":{"electors":393,"voters":118,"totalVotes":117,"rejected":1,"turnout":30.025445292620866,"winnerId":"shelby-kramp-neuman","winnerPartyId":"CPC","runnerUpId":"tracey-sweeney-schenk","runnerUpPartyId":"LIB","margin":17.94871794871795,"top":[{"id":"shelby-kramp-neuman","name":"Shelby Kramp-Neuman","shortName":"Kramp-Neuman","partyId":"CPC","votes":66,"share":56.41025641025641},{"id":"tracey-sweeney-schenk","name":"Tracey Sweeney Schenk","shortName":"Sweeney Schenk","partyId":"LIB","votes":45,"share":38.46153846153847},{"id":"ava-duffy","name":"Ava Duffy","shortName":"Duffy","partyId":"NDP","votes":6,"share":5.128205128205128},{"id":"michael-holbrook","name":"Michael Holbrook","shortName":"Holbrook","partyId":"GRN","votes":0,"share":0}],"partyVotes":{"LIB":45,"CPC":66,"BQ":0,"NDP":6,"GRN":0,"PPC":0,"OTH":0}}},"geometry":{"type":"Polygon","coordinates":[[[619.05,94.62],[619.05,94.59],[619.05,94.59],[619.06,94.59],[619.07,94.6],[619.09,94.59],[619.09,94.62],[619.11,94.62],[619.15,94.63],[619.16,94.62],[619.19,94.61],[619.23,94.59],[619.25,94.59],[619.27,94.56],[619.29,94.52],[619.29,94.53],[619.3,94.54],[619.32,94.55],[619.32,94.55],[619.33,94.55],[619.3,94.59],[619.29,94.58],[619.28,94.59],[619.26,94.6],[619.23,94.63],[619.23,94.65],[619.22,94.67],[619.23,94.72],[619.23,94.74],[619.22,94.76],[619.21,94.77],[619.19,94.79],[619.08,94.81],[618.89,94.67],[618.95,94.6],[618.96,94.6],[618.98,94.61],[619.04,94.62],[619.05,94.62]]]}},{"type":"Feature","id":"35040-18","properties":{"ridingCode":"35040","pollNumber":"18","pollType":"N","advancePollNumber":"602","sourceCode":"18-0","geometryPollNumbers":["18"],"code":"35040-18","resultPollNumbers":["18"],"resultStatus":"exact","result":{"electors":393,"voters":138,"totalVotes":137,"rejected":1,"turnout":35.11450381679389,"winnerId":"shelby-kramp-neuman","winnerPartyId":"CPC","runnerUpId":"tracey-sweeney-schenk","runnerUpPartyId":"LIB","margin":18.248175182481752,"top":[{"id":"shelby-kramp-neuman","name":"Shelby Kramp-Neuman","shortName":"Kramp-Neuman","partyId":"CPC","votes":75,"share":54.74452554744526},{"id":"tracey-sweeney-schenk","name":"Tracey Sweeney Schenk","shortName":"Sweeney Schenk","partyId":"LIB","votes":50,"share":36.496350364963504},{"id":"ava-duffy","name":"Ava Duffy","shortName":"Duffy","partyId":"NDP","votes":7,"share":5.109489051094891},{"id":"michael-holbrook","name":"Michael Holbrook","shortName":"Holbrook","partyId":"GRN","votes":4,"share":2.9197080291970803}],"partyVotes":{"LIB":50,"CPC":75,"BQ":0,"NDP":7,"GRN":4,"PPC":1,"OTH":0}}},"geometry":{"type":"Polygon","coordinates":[[[618.96,94.6],[618.95,94.6],[618.99,94.56],[618.99,94.53],[618.99,94.53],[619.01,94.53],[619.09,94.43],[619.13,94.38],[619.13,94.39],[619.15,94.41],[619.17,94.42],[619.2,94.44],[619.22,94.45],[619.23,94.47],[619.24,94.49],[619.25,94.5],[619.27,94.51],[619.29,94.52],[619.29,94.52],[619.27,94.56],[619.25,94.59],[619.23,94.59],[619.19,94.61],[619.16,94.62],[619.15,94.63],[619.11,94.62],[619.09,94.62],[619.09,94.59],[619.07,94.6],[619.06,94.59],[619.05,94.59],[619.05,94.59],[619.05,94.62],[619.04,94.62],[618.98,94.61],[618.96,94.6]]]}},{"type":"Feature","id":"35040-19","properties":{"ridingCode":"35040","pollNumber":"19","pollType":"N","advancePollNumber":"602","sourceCode":"19-0","geometryPollNumbers":["19"],"code":"35040-19","resultPollNumbers":["19"],"resultStatus":"exact","result":{"electors":335,"voters":96,"totalVotes":94,"rejected":2,"turnout":28.65671641791045,"winnerId":"shelby-kramp-neuman","winnerPartyId":"CPC","runnerUpId":"tracey-sweeney-schenk","runnerUpPartyId":"LIB","margin":28.723404255319153,"top":[{"id":"shelby-kramp-neuman","name":"Shelby Kramp-Neuman","shortName":"Kramp-Neuman","partyId":"CPC","votes":57,"share":60.63829787234043},{"id":"tracey-sweeney-schenk","name":"Tracey Sweeney Schenk","shortName":"Sweeney Schenk","partyId":"LIB","votes":30,"share":31.914893617021278},{"id":"ava-duffy","name":"Ava Duffy","shortName":"Duffy","partyId":"NDP","votes":3,"share":3.1914893617021276},{"id":"michael-holbrook","name":"Michael Holbrook","shortName":"Holbrook","partyId":"GRN","votes":3,"share":3.1914893617021276}],"partyVotes":{"LIB":30,"CPC":57,"BQ":0,"NDP":3,"GRN":3,"PPC":1,"OTH":0}}},"geometry":{"type":"Polygon","coordinates":[[[619.32,94.55],[619.32,94.55],[619.3,94.54],[619.29,94.53],[619.29,94.52],[619.29,94.52],[619.32,94.51],[619.33,94.51],[619.34,94.52],[619.36,94.5],[619.36,94.49],[619.36,94.49],[619.37,94.49],[619.37,94.49],[619.38,94.51],[619.38,94.52],[619.36,94.53],[619.37,94.54],[619.36,94.55],[619.34,94.54],[619.33,94.55],[619.32,94.55]]]}},{"type":"Feature","id":"35040-20","properties":{"ridingCode":"35040","pollNumber":"20","pollType":"N","advancePollNumber":"602","sourceCode":"20-0","geometryPollNumbers":["20"],"code":"35040-20","resultPollNumbers":["20"],"resultStatus":"exact","result":{"electors":307,"voters":79,"totalVotes":78,"rejected":1,"turnout":25.732899022801302,"winnerId":"shelby-kramp-neuman","winnerPartyId":"CPC","runnerUpId":"tracey-sweeney-schenk","runnerUpPartyId":"LIB","margin":3.8461538461538463,"top":[{"id":"shelby-kramp-neuman","name":"Shelby Kramp-Neuman","shortName":"Kramp-Neuman","partyId":"CPC","votes":36,"share":46.15384615384615},{"id":"tracey-sweeney-schenk","name":"Tracey Sweeney Schenk","shortName":"Sweeney Schenk","partyId":"LIB","votes":33,"share":42.30769230769231},{"id":"ava-duffy","name":"Ava Duffy","shortName":"Duffy","partyId":"NDP","votes":6,"share":7.6923076923076925},{"id":"michael-holbrook","name":"Michael Holbrook","shortName":"Holbrook","partyId":"GRN","votes":2,"share":2.564102564102564}],"partyVotes":{"LIB":33,"CPC":36,"BQ":0,"NDP":6,"GRN":2,"PPC":1,"OTH":0}}},"geometry":{"type":"Polygon","coordinates":[[[619.25,94.5],[619.24,94.49],[619.23,94.47],[619.22,94.45],[619.2,94.44],[619.17,94.42],[619.15,94.41],[619.13,94.39],[619.13,94.38],[619.13,94.38],[619.14,94.38],[619.14,94.37],[619.13,94.37],[619.15,94.34],[619.15,94.34],[619.16,94.34],[619.17,94.34],[619.16,94.33],[619.18,94.31],[619.38,94.45],[619.42,94.39],[619.5,94.44],[619.5,94.44],[619.5,94.44],[619.51,94.43],[619.53,94.43],[619.53,94.44],[619.55,94.45],[619.54,94.46],[619.55,94.49],[619.56,94.49],[619.55,94.49],[619.54,94.49],[619.52,94.48],[619.5,94.48],[619.49,94.49],[619.49,94.49],[619.49,94.48],[619.49,94.48],[619.49,94.48],[619.5,94.48],[619.5,94.48],[619.5,94.47],[619.49,94.46],[619.48,94.46],[619.47,94.49],[619.45,94.49],[619.43,94.49],[619.41,94.5],[619.4,94.49],[619.38,94.48],[619.38,94.48],[619.36,94.47],[619.36,94.47],[619.35,94.47],[619.34,94.48],[619.33,94.5],[619.33,94.51],[619.32,94.51],[619.29,94.52],[619.27,94.51],[619.25,94.5]],[[619.27,94.49],[619.27,94.49],[619.27,94.49],[619.27,94.49]]]}},{"type":"Feature","id":"35040-21","properties":{"ridingCode":"35040","pollNumber":"21","pollType":"N","advancePollNumber":"602","sourceCode":"21-0","geometryPollNumbers":["21"],"code":"35040-21","resultPollNumbers":["21"],"resultStatus":"exact","result":{"electors":363,"voters":133,"totalVotes":133,"rejected":0,"turnout":36.63911845730027,"winnerId":"shelby-kramp-neuman","winnerPartyId":"CPC","runnerUpId":"tracey-sweeney-schenk","runnerUpPartyId":"LIB","margin":43.609022556390975,"top":[{"id":"shelby-kramp-neuman","name":"Shelby Kramp-Neuman","shortName":"Kramp-Neuman","partyId":"CPC","votes":90,"share":67.66917293233082},{"id":"tracey-sweeney-schenk","name":"Tracey Sweeney Schenk","shortName":"Sweeney Schenk","partyId":"LIB","votes":32,"share":24.06015037593985},{"id":"ava-duffy","name":"Ava Duffy","shortName":"Duffy","partyId":"NDP","votes":5,"share":3.7593984962406015},{"id":"michael-holbrook","name":"Michael Holbrook","shortName":"Holbrook","partyId":"GRN","votes":3,"share":2.2556390977443606}],"partyVotes":{"LIB":32,"CPC":90,"BQ":0,"NDP":5,"GRN":3,"PPC":3,"OTH":0}}},"geometry":{"type":"Polygon","coordinates":[[[618.15,94.13],[618.04,94.05],[618.3,93.72],[618.37,93.62],[618.38,93.6],[618.42,93.53],[618.44,93.52],[618.44,93.52],[618.46,93.53],[618.47,93.53],[618.47,93.53],[618.48,93.53],[618.49,93.54],[618.49,93.54],[618.51,93.52],[618.51,93.51],[618.52,93.5],[618.53,93.49],[618.54,93.49],[618.55,93.49],[618.56,93.5],[618.58,93.51],[618.59,93.52],[618.6,93.54],[618.62,93.55],[618.64,93.58],[618.68,93.64],[618.7,93.65],[618.73,93.67],[618.7,93.72],[618.7,93.73],[618.69,93.74],[618.67,93.75],[618.65,93.76],[618.64,93.76],[618.63,93.77],[618.63,93.79],[618.62,93.79],[618.62,93.8],[618.62,93.81],[618.62,93.82],[618.6,93.84],[618.6,93.85],[618.58,93.87],[618.53,93.9],[618.54,93.91],[618.53,93.93],[618.53,93.93],[618.54,93.94],[618.56,93.96],[618.57,93.97],[618.6,93.97],[618.65,93.95],[618.66,93.96],[618.69,93.97],[618.7,93.97],[618.71,93.97],[618.73,94],[618.74,94.01],[618.77,94.01],[618.8,94.04],[618.8,94.05],[618.82,94.05],[618.83,94.07],[618.85,94.08],[618.85,94.09],[618.84,94.1],[618.84,94.11],[618.85,94.12],[618.87,94.13],[618.87,94.15],[618.88,94.15],[618.9,94.15],[618.93,94.15],[618.94,94.18],[618.95,94.19],[618.95,94.2],[618.97,94.22],[619,94.23],[619.03,94.25],[619.04,94.27],[619.05,94.3],[619.05,94.31],[619.07,94.33],[619.1,94.37],[619.11,94.37],[619.13,94.38],[619.12,94.35],[619.12,94.34],[619.13,94.33],[619.13,94.32],[619.14,94.32],[619.15,94.34],[619.15,94.34],[619.13,94.37],[619.14,94.37],[619.14,94.38],[619.13,94.38],[619.13,94.38],[619.09,94.43],[619.01,94.53],[618.99,94.53],[618.99,94.53],[618.99,94.56],[618.95,94.6],[618.89,94.67],[618.8,94.61],[618.67,94.51],[618.61,94.46],[618.6,94.46],[618.58,94.45],[618.57,94.44],[618.48,94.38],[618.42,94.33],[618.41,94.32],[618.39,94.31],[618.16,94.14],[618.15,94.13]]]}},{"type":"Feature","id":"35040-22","properties":{"ridingCode":"35040","pollNumber":"22","pollType":"N","advancePollNumber":"603","sourceCode":"22-0","geometryPollNumbers":["22"],"code":"35040-22","resultPollNumbers":["22"],"resultStatus":"exact","result":{"electors":471,"voters":211,"totalVotes":210,"rejected":1,"turnout":44.79830148619958,"winnerId":"shelby-kramp-neuman","winnerPartyId":"CPC","runnerUpId":"tracey-sweeney-schenk","runnerUpPartyId":"LIB","margin":36.666666666666664,"top":[{"id":"shelby-kramp-neuman","name":"Shelby Kramp-Neuman","shortName":"Kramp-Neuman","partyId":"CPC","votes":136,"share":64.76190476190476},{"id":"tracey-sweeney-schenk","name":"Tracey Sweeney Schenk","shortName":"Sweeney Schenk","partyId":"LIB","votes":59,"share":28.095238095238095},{"id":"ava-duffy","name":"Ava Duffy","shortName":"Duffy","partyId":"NDP","votes":9,"share":4.285714285714286},{"id":"michael-holbrook","name":"Michael Holbrook","shortName":"Holbrook","partyId":"GRN","votes":4,"share":1.9047619047619049}],"partyVotes":{"LIB":59,"CPC":136,"BQ":0,"NDP":9,"GRN":4,"PPC":2,"OTH":0}}},"geometry":{"type":"Polygon","coordinates":[[[619.59,94.39],[619.67,94.33],[619.68,94.33],[619.69,94.32],[619.72,94.32],[619.73,94.32],[619.77,94.3],[619.81,94.28],[619.86,94.26],[619.88,94.26],[619.93,94.25],[619.94,94.25],[619.95,94.24],[619.95,94.24],[619.97,94.25],[619.98,94.26],[620,94.27],[620,94.28],[620.02,94.25],[620.05,94.27],[620.06,94.28],[620.1,94.33],[620.11,94.37],[620.14,94.41],[620.15,94.45],[620.17,94.47],[620.18,94.48],[620.2,94.49],[620.21,94.5],[620.23,94.51],[620.24,94.53],[620.26,94.54],[620.29,94.53],[620.29,94.53],[620.28,94.52],[620.28,94.51],[620.3,94.5],[620.31,94.48],[620.31,94.47],[620.31,94.47],[620.31,94.46],[620.31,94.46],[620.31,94.45],[620.32,94.45],[620.32,94.44],[620.35,94.42],[620.35,94.4],[620.37,94.41],[620.37,94.4],[620.37,94.4],[620.38,94.4],[620.41,94.4],[620.41,94.41],[620.43,94.41],[620.47,94.36],[620.47,94.36],[620.5,94.33],[620.49,94.31],[620.49,94.31],[620.48,94.3],[620.51,94.27],[620.5,94.25],[620.5,94.25],[620.51,94.25],[620.52,94.24],[620.54,94.2],[620.55,94.19],[620.55,94.17],[620.55,94.17],[620.53,94.11],[620.51,94.1],[620.49,94.09],[620.47,94.09],[620.45,94.07],[620.43,94.06],[620.42,94.05],[620.4,94.03],[620.4,94.01],[620.41,94.01],[620.42,94.01],[620.43,94.01],[620.44,94.01],[620.44,94.01],[620.52,93.91],[620.53,93.9],[620.68,94.01],[620.78,94.09],[620.88,94.16],[621.05,94.3],[621.14,94.37],[621.11,94.41],[621.1,94.43],[621.05,94.49],[620.98,94.57],[620.81,94.81],[620.55,95.15],[620.51,95.1],[620.46,95.08],[620.38,95.03],[620.34,95.01],[620.26,94.94],[620.19,94.9],[620.16,94.88],[620.14,94.87],[620.1,94.85],[620.07,94.84],[619.99,94.81],[619.92,94.79],[619.86,94.81],[619.85,94.81],[619.84,94.81],[619.8,94.76],[619.79,94.75],[619.78,94.74],[619.78,94.73],[619.78,94.72],[619.78,94.71],[619.8,94.69],[619.8,94.67],[619.81,94.66],[619.82,94.65],[619.81,94.63],[619.82,94.62],[619.84,94.61],[619.83,94.61],[619.82,94.59],[619.83,94.57],[619.83,94.57],[619.82,94.56],[619.83,94.55],[619.81,94.54],[619.79,94.52],[619.75,94.49],[619.74,94.48],[619.71,94.48],[619.71,94.47],[619.7,94.46],[619.7,94.45],[619.65,94.43],[619.63,94.41],[619.6,94.39],[619.59,94.39]]]}},{"type":"Feature","id":"35040-23","properties":{"ridingCode":"35040","pollNumber":"23","pollType":"N","advancePollNumber":"603","sourceCode":"23-0","geometryPollNumbers":["23"],"code":"35040-23","resultPollNumbers":["23"],"resultStatus":"exact","result":{"electors":405,"voters":219,"totalVotes":217,"rejected":2,"turnout":54.074074074074076,"winnerId":"shelby-kramp-neuman","winnerPartyId":"CPC","runnerUpId":"tracey-sweeney-schenk","runnerUpPartyId":"LIB","margin":27.64976958525346,"top":[{"id":"shelby-kramp-neuman","name":"Shelby Kramp-Neuman","shortName":"Kramp-Neuman","partyId":"CPC","votes":132,"share":60.82949308755761},{"id":"tracey-sweeney-schenk","name":"Tracey Sweeney Schenk","shortName":"Sweeney Schenk","partyId":"LIB","votes":72,"share":33.17972350230415},{"id":"ava-duffy","name":"Ava Duffy","shortName":"Duffy","partyId":"NDP","votes":10,"share":4.6082949308755765},{"id":"michael-holbrook","name":"Michael Holbrook","shortName":"Holbrook","partyId":"GRN","votes":2,"share":0.9216589861751152}],"partyVotes":{"LIB":72,"CPC":132,"BQ":0,"NDP":10,"GRN":2,"PPC":1,"OTH":0}}},"geometry":{"type":"Polygon","coordinates":[[[619.74,93.99],[619.72,93.98],[619.68,93.97],[619.65,93.96],[619.63,93.96],[619.62,93.96],[619.61,93.95],[619.61,93.95],[619.61,93.94],[619.62,93.93],[619.62,93.92],[619.61,93.92],[619.61,93.92],[619.6,93.91],[619.6,93.91],[619.59,93.91],[619.57,93.92],[619.56,93.92],[619.56,93.91],[619.56,93.91],[619.54,93.91],[619.54,93.91],[619.53,93.9],[619.53,93.9],[619.51,93.88],[619.51,93.88],[619.51,93.87],[619.53,93.87],[619.59,93.8],[619.6,93.75],[619.57,93.72],[619.6,93.69],[619.87,93.4],[619.88,93.4],[619.94,93.45],[619.95,93.45],[619.96,93.45],[619.97,93.45],[619.97,93.45],[619.98,93.46],[620.12,93.58],[620.49,93.87],[620.53,93.9],[620.52,93.91],[620.44,94.01],[620.44,94.01],[620.43,94.01],[620.42,94.01],[620.41,94.01],[620.4,94.01],[620.4,94.03],[620.42,94.05],[620.43,94.06],[620.45,94.07],[620.47,94.09],[620.49,94.09],[620.51,94.1],[620.53,94.11],[620.55,94.17],[620.55,94.17],[620.55,94.19],[620.54,94.2],[620.52,94.24],[620.51,94.25],[620.5,94.25],[620.5,94.25],[620.51,94.27],[620.48,94.3],[620.49,94.31],[620.49,94.31],[620.5,94.33],[620.47,94.36],[620.47,94.36],[620.43,94.41],[620.41,94.41],[620.41,94.4],[620.38,94.4],[620.37,94.4],[620.37,94.4],[620.37,94.41],[620.35,94.4],[620.35,94.42],[620.32,94.44],[620.32,94.45],[620.31,94.45],[620.31,94.46],[620.31,94.46],[620.31,94.47],[620.31,94.47],[620.31,94.48],[620.3,94.5],[620.28,94.51],[620.28,94.52],[620.29,94.53],[620.29,94.53],[620.26,94.54],[620.24,94.53],[620.23,94.51],[620.21,94.5],[620.2,94.49],[620.18,94.48],[620.17,94.47],[620.15,94.45],[620.14,94.41],[620.11,94.37],[620.1,94.33],[620.06,94.28],[620.05,94.27],[620.02,94.25],[620,94.28],[620,94.27],[619.98,94.26],[619.97,94.25],[619.95,94.24],[619.95,94.24],[619.95,94.23],[619.95,94.2],[619.95,94.19],[619.94,94.19],[619.93,94.18],[619.92,94.16],[619.91,94.15],[619.89,94.14],[619.87,94.11],[619.84,94.1],[619.83,94.09],[619.82,94.07],[619.82,94.06],[619.77,94.03],[619.74,93.99]]]}},{"type":"Feature","id":"35040-24","properties":{"ridingCode":"35040","pollNumber":"24","pollType":"N","advancePollNumber":"604","sourceCode":"24-0","geometryPollNumbers":["24"],"code":"35040-24","resultPollNumbers":["24"],"resultStatus":"exact","result":{"electors":404,"voters":146,"totalVotes":145,"rejected":1,"turnout":36.13861386138614,"winnerId":"shelby-kramp-neuman","winnerPartyId":"CPC","runnerUpId":"tracey-sweeney-schenk","runnerUpPartyId":"LIB","margin":15.172413793103448,"top":[{"id":"shelby-kramp-neuman","name":"Shelby Kramp-Neuman","shortName":"Kramp-Neuman","partyId":"CPC","votes":81,"share":55.86206896551724},{"id":"tracey-sweeney-schenk","name":"Tracey Sweeney Schenk","shortName":"Sweeney Schenk","partyId":"LIB","votes":59,"share":40.689655172413794},{"id":"ava-duffy","name":"Ava Duffy","shortName":"Duffy","partyId":"NDP","votes":3,"share":2.0689655172413794},{"id":"zaid-yusufani","name":"Zaid Yusufani","shortName":"Yusufani","partyId":"PPC","votes":2,"share":1.3793103448275863}],"partyVotes":{"LIB":59,"CPC":81,"BQ":0,"NDP":3,"GRN":0,"PPC":2,"OTH":0}}},"geometry":{"type":"Polygon","coordinates":[[[622.19,95.59],[622.18,95.6],[622.16,95.59],[622.15,95.58],[622.14,95.57],[622.13,95.57],[622.12,95.59],[622.11,95.58],[622.09,95.59],[622.07,95.59],[622.06,95.59],[622.05,95.57],[622.04,95.56],[622.03,95.56],[622.01,95.56],[622,95.56],[621.98,95.53],[621.97,95.53],[621.96,95.52],[621.96,95.5],[621.96,95.49],[621.92,95.46],[621.91,95.46],[621.9,95.46],[621.89,95.46],[621.88,95.46],[621.85,95.48],[621.85,95.49],[621.84,95.49],[621.83,95.49],[621.81,95.49],[621.78,95.5],[622.3,94.83],[622.5,95.07],[622.65,95.04],[622.72,95],[622.77,94.98],[622.83,94.99],[623.01,94.84],[622.74,94.53],[622.63,94.41],[623.05,93.87],[623.39,93.43],[624,92.64],[624.26,92.3],[624.43,92.42],[624.6,92.55],[624.97,92.83],[625.13,92.95],[625.15,92.97],[625.15,92.97],[625.16,92.98],[625.17,92.98],[625.19,92.99],[625.21,92.99],[625.21,93],[625.21,93.01],[625.16,93.09],[625.12,93.11],[625.1,93.13],[625.1,93.17],[625.11,93.18],[625.1,93.19],[625.08,93.24],[625.06,93.27],[625.01,93.35],[625,93.37],[625,93.37],[624.96,93.42],[624.91,93.52],[624.89,93.56],[624.88,93.58],[624.87,93.61],[624.73,93.84],[624.6,94.05],[624.44,94.32],[624.41,94.36],[624.38,94.41],[624.33,94.48],[624.55,94.65],[625.33,95.27],[625.1,95.56],[625.07,95.61],[625.05,95.63],[625.04,95.64],[624.9,95.8],[624.74,96.03],[624.66,96.13],[624.66,96.12],[624.67,96.11],[624.67,96.11],[624.67,96.09],[624.67,96.08],[624.67,96.07],[624.67,96.06],[624.67,96.05],[624.65,96.04],[624.65,96.03],[624.63,96.03],[624.6,96.03],[624.57,96.04],[624.52,96.04],[624.49,96.05],[624.47,96.06],[624.43,96.07],[624.38,96.11],[624.32,96.13],[624.3,96.13],[624.28,96.13],[624.25,96.14],[624.25,96.14],[624.21,96.13],[624.15,96.11],[624.1,96.12],[624.06,96.11],[624,96.11],[623.98,96.11],[623.98,96.1],[624.01,96.07],[624.05,96.01],[624.03,95.99],[624.03,95.98],[624.06,95.94],[624.08,95.91],[624.14,95.83],[624.15,95.82],[624.15,95.83],[624.15,95.84],[624.15,95.84],[624.2,95.76],[624.21,95.72],[624.21,95.68],[624.2,95.62],[624.18,95.63],[624.15,95.63],[624.13,95.64],[624.12,95.64],[624.11,95.63],[624.07,95.64],[624.06,95.64],[624.02,95.66],[624,95.65],[623.98,95.67],[623.96,95.67],[623.92,95.7],[623.85,95.76],[623.83,95.77],[623.83,95.77],[623.82,95.76],[623.82,95.75],[623.8,95.74],[623.78,95.7],[623.76,95.69],[623.76,95.69],[623.76,95.67],[623.76,95.66],[623.76,95.66],[623.65,95.64],[623.63,95.64],[623.62,95.62],[623.59,95.62],[623.59,95.57],[623.56,95.55],[623.51,95.53],[623.48,95.52],[623.46,95.52],[623.33,95.69],[622.8,95.29],[622.67,95.45],[622.67,95.45],[622.64,95.45],[622.62,95.47],[622.58,95.48],[622.5,95.51],[622.5,95.52],[622.49,95.52],[622.47,95.52],[622.47,95.51],[622.46,95.51],[622.45,95.52],[622.44,95.52],[622.42,95.51],[622.4,95.51],[622.39,95.53],[622.38,95.53],[622.38,95.53],[622.36,95.54],[622.35,95.56],[622.32,95.58],[622.29,95.58],[622.28,95.58],[622.27,95.59],[622.23,95.59],[622.2,95.6],[622.19,95.59]]]}},{"type":"Feature","id":"35040-25","properties":{"ridingCode":"35040","pollNumber":"25","pollType":"N","advancePollNumber":"602","sourceCode":"25-0","geometryPollNumbers":["25"],"code":"35040-25","resultPollNumbers":["25"],"resultStatus":"exact","result":{"electors":436,"voters":125,"totalVotes":124,"rejected":1,"turnout":28.6697247706422,"winnerId":"shelby-kramp-neuman","winnerPartyId":"CPC","runnerUpId":"tracey-sweeney-schenk","runnerUpPartyId":"LIB","margin":30.64516129032258,"top":[{"id":"shelby-kramp-neuman","name":"Shelby Kramp-Neuman","shortName":"Kramp-Neuman","partyId":"CPC","votes":79,"share":63.70967741935484},{"id":"tracey-sweeney-schenk","name":"Tracey Sweeney Schenk","shortName":"Sweeney Schenk","partyId":"LIB","votes":41,"share":33.064516129032256},{"id":"ava-duffy","name":"Ava Duffy","shortName":"Duffy","partyId":"NDP","votes":3,"share":2.4193548387096775},{"id":"michael-holbrook","name":"Michael Holbrook","shortName":"Holbrook","partyId":"GRN","votes":1,"share":0.8064516129032258}],"partyVotes":{"LIB":41,"CPC":79,"BQ":0,"NDP":3,"GRN":1,"PPC":0,"OTH":0}}},"geometry":{"type":"Polygon","coordinates":[[[619.17,93.82],[619.17,93.81],[619.19,93.78],[619.37,93.85],[619.38,93.87],[619.38,93.88],[619.48,93.91],[619.51,93.87],[619.51,93.88],[619.51,93.88],[619.53,93.9],[619.53,93.9],[619.54,93.91],[619.54,93.91],[619.56,93.91],[619.56,93.91],[619.56,93.92],[619.57,93.92],[619.59,93.91],[619.6,93.91],[619.6,93.91],[619.61,93.92],[619.61,93.92],[619.62,93.92],[619.62,93.93],[619.61,93.94],[619.61,93.95],[619.61,93.95],[619.62,93.96],[619.63,93.96],[619.65,93.96],[619.68,93.97],[619.72,93.98],[619.74,93.99],[619.77,94.03],[619.82,94.06],[619.82,94.07],[619.83,94.09],[619.84,94.1],[619.87,94.11],[619.89,94.14],[619.91,94.15],[619.92,94.16],[619.93,94.18],[619.94,94.19],[619.95,94.19],[619.95,94.2],[619.95,94.23],[619.95,94.24],[619.94,94.25],[619.93,94.25],[619.88,94.26],[619.86,94.26],[619.81,94.28],[619.77,94.3],[619.73,94.32],[619.72,94.32],[619.69,94.32],[619.68,94.33],[619.67,94.33],[619.59,94.39],[619.53,94.43],[619.51,94.43],[619.5,94.44],[619.5,94.44],[619.5,94.44],[619.42,94.39],[619.38,94.45],[619.18,94.31],[619.22,94.25],[619.02,93.94],[619.09,93.87],[619.11,93.83],[619.12,93.8],[619.17,93.82],[619.17,93.82]]]}},{"type":"Feature","id":"35040-26","properties":{"ridingCode":"35040","pollNumber":"26","pollType":"N","advancePollNumber":"603","sourceCode":"26-0","geometryPollNumbers":["26"],"code":"35040-26","resultPollNumbers":["26"],"resultStatus":"exact","result":{"electors":334,"voters":128,"totalVotes":127,"rejected":1,"turnout":38.32335329341318,"winnerId":"shelby-kramp-neuman","winnerPartyId":"CPC","runnerUpId":"tracey-sweeney-schenk","runnerUpPartyId":"LIB","margin":39.37007874015748,"top":[{"id":"shelby-kramp-neuman","name":"Shelby Kramp-Neuman","shortName":"Kramp-Neuman","partyId":"CPC","votes":85,"share":66.92913385826772},{"id":"tracey-sweeney-schenk","name":"Tracey Sweeney Schenk","shortName":"Sweeney Schenk","partyId":"LIB","votes":35,"share":27.559055118110237},{"id":"ava-duffy","name":"Ava Duffy","shortName":"Duffy","partyId":"NDP","votes":6,"share":4.724409448818897},{"id":"zaid-yusufani","name":"Zaid Yusufani","shortName":"Yusufani","partyId":"PPC","votes":1,"share":0.7874015748031495}],"partyVotes":{"LIB":35,"CPC":85,"BQ":0,"NDP":6,"GRN":0,"PPC":1,"OTH":0}}},"geometry":{"type":"Polygon","coordinates":[[[618.95,93.9],[618.97,93.93],[618.98,93.93],[618.99,93.91],[619,93.9],[619.02,93.9],[619.02,93.89],[619.02,93.88],[619.04,93.88],[619.05,93.88],[619.05,93.87],[619.07,93.87],[619.07,93.87],[619.07,93.85],[619.08,93.84],[619.09,93.85],[619.1,93.84],[619.11,93.83],[619.09,93.87],[619.02,93.94],[619.22,94.25],[619.18,94.31],[619.16,94.33],[619.17,94.34],[619.16,94.34],[619.15,94.34],[619.15,94.34],[619.15,94.34],[619.14,94.32],[619.13,94.32],[619.13,94.33],[619.12,94.34],[619.12,94.35],[619.13,94.38],[619.11,94.37],[619.1,94.37],[619.07,94.33],[619.05,94.31],[619.05,94.3],[619.04,94.27],[619.03,94.25],[619,94.23],[618.97,94.22],[618.95,94.2],[618.95,94.19],[618.94,94.18],[618.93,94.15],[618.9,94.15],[618.88,94.15],[618.87,94.15],[618.87,94.13],[618.85,94.12],[618.84,94.11],[618.84,94.1],[618.85,94.09],[618.85,94.08],[618.83,94.07],[618.82,94.05],[618.8,94.05],[618.8,94.04],[618.77,94.01],[618.74,94.01],[618.73,94],[618.71,93.97],[618.7,93.97],[618.69,93.97],[618.66,93.96],[618.65,93.95],[618.6,93.97],[618.57,93.97],[618.56,93.96],[618.54,93.94],[618.53,93.93],[618.53,93.93],[618.54,93.91],[618.53,93.9],[618.58,93.87],[618.6,93.85],[618.6,93.84],[618.62,93.82],[618.62,93.81],[618.62,93.8],[618.62,93.79],[618.63,93.79],[618.63,93.77],[618.64,93.76],[618.65,93.76],[618.67,93.75],[618.69,93.74],[618.7,93.73],[618.7,93.72],[618.73,93.67],[618.75,93.69],[618.76,93.69],[618.78,93.73],[618.8,93.74],[618.91,93.81],[618.92,93.82],[618.93,93.83],[618.95,93.9]]]}},{"type":"Feature","id":"35040-27","properties":{"ridingCode":"35040","pollNumber":"27","pollType":"N","advancePollNumber":"603","sourceCode":"27-0","geometryPollNumbers":["27"],"code":"35040-27","resultPollNumbers":["27"],"resultStatus":"exact","result":{"electors":403,"voters":184,"totalVotes":184,"rejected":0,"turnout":45.6575682382134,"winnerId":"shelby-kramp-neuman","winnerPartyId":"CPC","runnerUpId":"tracey-sweeney-schenk","runnerUpPartyId":"LIB","margin":34.23913043478261,"top":[{"id":"shelby-kramp-neuman","name":"Shelby Kramp-Neuman","shortName":"Kramp-Neuman","partyId":"CPC","votes":119,"share":64.67391304347827},{"id":"tracey-sweeney-schenk","name":"Tracey Sweeney Schenk","shortName":"Sweeney Schenk","partyId":"LIB","votes":56,"share":30.434782608695656},{"id":"ava-duffy","name":"Ava Duffy","shortName":"Duffy","partyId":"NDP","votes":5,"share":2.717391304347826},{"id":"zaid-yusufani","name":"Zaid Yusufani","shortName":"Yusufani","partyId":"PPC","votes":4,"share":2.1739130434782608}],"partyVotes":{"LIB":56,"CPC":119,"BQ":0,"NDP":5,"GRN":0,"PPC":4,"OTH":0}}},"geometry":{"type":"Polygon","coordinates":[[[618.44,93.52],[618.52,93.4],[618.67,93.21],[618.99,92.8],[619.02,92.77],[619.04,92.75],[619.04,92.76],[619.15,92.84],[619.26,92.92],[619.34,92.99],[619.35,92.99],[619.56,93.16],[619.62,93.19],[619.66,93.21],[619.67,93.22],[619.67,93.22],[619.67,93.23],[619.67,93.24],[619.69,93.23],[619.71,93.25],[619.76,93.29],[619.76,93.31],[619.77,93.31],[619.78,93.32],[619.8,93.32],[619.8,93.32],[619.81,93.33],[619.87,93.37],[619.88,93.38],[619.89,93.4],[619.91,93.4],[619.92,93.41],[619.92,93.42],[619.93,93.42],[619.94,93.43],[619.94,93.43],[619.94,93.44],[619.94,93.45],[619.88,93.4],[619.87,93.4],[619.6,93.69],[619.57,93.72],[619.6,93.75],[619.59,93.8],[619.53,93.87],[619.51,93.87],[619.48,93.91],[619.38,93.88],[619.38,93.87],[619.37,93.85],[619.19,93.78],[619.17,93.81],[619.17,93.82],[619.17,93.82],[619.12,93.8],[619.11,93.83],[619.1,93.84],[619.09,93.85],[619.08,93.84],[619.07,93.85],[619.07,93.87],[619.07,93.87],[619.05,93.87],[619.05,93.88],[619.04,93.88],[619.02,93.88],[619.02,93.89],[619.02,93.9],[619,93.9],[618.99,93.91],[618.98,93.93],[618.97,93.93],[618.95,93.9],[618.93,93.83],[618.92,93.82],[618.91,93.81],[618.8,93.74],[618.78,93.73],[618.76,93.69],[618.75,93.69],[618.73,93.67],[618.7,93.65],[618.68,93.64],[618.64,93.58],[618.62,93.55],[618.6,93.54],[618.59,93.52],[618.58,93.51],[618.56,93.5],[618.55,93.49],[618.54,93.49],[618.53,93.49],[618.52,93.5],[618.51,93.51],[618.51,93.52],[618.49,93.54],[618.49,93.54],[618.48,93.53],[618.47,93.53],[618.47,93.53],[618.46,93.53],[618.44,93.52]]]}},{"type":"Feature","id":"35040-28","properties":{"ridingCode":"35040","pollNumber":"28","pollType":"N","advancePollNumber":"603","sourceCode":"28-0","geometryPollNumbers":["28"],"code":"35040-28","resultPollNumbers":["28"],"resultStatus":"exact","result":{"electors":241,"voters":98,"totalVotes":97,"rejected":1,"turnout":40.66390041493776,"winnerId":"shelby-kramp-neuman","winnerPartyId":"CPC","runnerUpId":"tracey-sweeney-schenk","runnerUpPartyId":"LIB","margin":38.144329896907216,"top":[{"id":"shelby-kramp-neuman","name":"Shelby Kramp-Neuman","shortName":"Kramp-Neuman","partyId":"CPC","votes":65,"share":67.0103092783505},{"id":"tracey-sweeney-schenk","name":"Tracey Sweeney Schenk","shortName":"Sweeney Schenk","partyId":"LIB","votes":28,"share":28.865979381443296},{"id":"ava-duffy","name":"Ava Duffy","shortName":"Duffy","partyId":"NDP","votes":2,"share":2.0618556701030926},{"id":"michael-holbrook","name":"Michael Holbrook","shortName":"Holbrook","partyId":"GRN","votes":1,"share":1.0309278350515463}],"partyVotes":{"LIB":28,"CPC":65,"BQ":0,"NDP":2,"GRN":1,"PPC":1,"OTH":0}}},"geometry":{"type":"Polygon","coordinates":[[[620.98,94.57],[621.05,94.49],[621.1,94.43],[621.11,94.41],[621.14,94.37],[621.7,93.64],[621.79,93.52],[621.99,93.27],[622.09,93.13],[622.28,93.27],[622.38,93.34],[623.05,93.87],[622.63,94.41],[622.74,94.53],[623.01,94.84],[622.83,94.99],[622.77,94.98],[622.72,95],[622.65,95.04],[622.5,95.07],[622.3,94.83],[621.78,95.5],[621.75,95.54],[621.71,95.58],[621.69,95.58],[621.68,95.58],[621.67,95.59],[621.65,95.59],[621.64,95.59],[621.62,95.6],[621.6,95.6],[621.58,95.59],[621.53,95.59],[621.52,95.59],[621.5,95.6],[621.5,95.6],[621.47,95.58],[621.46,95.57],[621.45,95.57],[621.43,95.57],[621.4,95.57],[621.39,95.57],[621.37,95.57],[621.36,95.57],[621.35,95.57],[621.31,95.5],[621.32,95.49],[621.31,95.49],[621.3,95.48],[621.29,95.47],[621.28,95.47],[621.28,95.46],[621.27,95.45],[621.26,95.43],[621.24,95.42],[621.24,95.41],[621.23,95.41],[621.23,95.4],[621.21,95.41],[621.2,95.4],[621.18,95.37],[621.17,95.37],[621.17,95.35],[621.17,95.35],[621.15,95.35],[621.15,95.35],[621.15,95.32],[621.13,95.3],[621.12,95.27],[621.12,95.26],[621.12,95.25],[621.1,95.25],[621.1,95.24],[621.1,95.24],[621.08,95.25],[621.08,95.26],[621.06,95.26],[621.06,95.26],[621.05,95.25],[621.02,95.23],[621.01,95.23],[621.02,95.22],[621.01,95.21],[621.01,95.2],[621.01,95.19],[621.01,95.17],[621.01,95.13],[621.01,95.1],[621.01,95.09],[621.01,95.07],[621.01,95.06],[621,95.04],[621,95.03],[620.99,95.02],[620.98,95.01],[620.98,94.99],[620.97,94.97],[620.97,94.96],[620.97,94.96],[620.96,94.95],[620.96,94.93],[620.94,94.91],[620.94,94.89],[620.91,94.86],[620.9,94.85],[620.9,94.85],[620.89,94.84],[620.86,94.82],[620.83,94.82],[620.81,94.81],[620.98,94.57]]]}},{"type":"Feature","id":"35040-29","properties":{"ridingCode":"35040","pollNumber":"29","pollType":"N","advancePollNumber":"605","sourceCode":"29-0","geometryPollNumbers":["29"],"code":"35040-29","resultPollNumbers":["29"],"resultStatus":"exact","result":{"electors":447,"voters":135,"totalVotes":133,"rejected":2,"turnout":30.201342281879196,"winnerId":"shelby-kramp-neuman","winnerPartyId":"CPC","runnerUpId":"tracey-sweeney-schenk","runnerUpPartyId":"LIB","margin":47.368421052631575,"top":[{"id":"shelby-kramp-neuman","name":"Shelby Kramp-Neuman","shortName":"Kramp-Neuman","partyId":"CPC","votes":89,"share":66.9172932330827},{"id":"tracey-sweeney-schenk","name":"Tracey Sweeney Schenk","shortName":"Sweeney Schenk","partyId":"LIB","votes":26,"share":19.548872180451127},{"id":"ava-duffy","name":"Ava Duffy","shortName":"Duffy","partyId":"NDP","votes":14,"share":10.526315789473683},{"id":"michael-holbrook","name":"Michael Holbrook","shortName":"Holbrook","partyId":"GRN","votes":3,"share":2.2556390977443606}],"partyVotes":{"LIB":26,"CPC":89,"BQ":0,"NDP":14,"GRN":3,"PPC":1,"OTH":0}}},"geometry":{"type":"Polygon","coordinates":[[[621.04,92.31],[621.09,92.24],[621.21,92.07],[621.27,92],[621.5,91.71],[621.75,91.38],[621.92,91.16],[621.97,91.1],[621.98,91.11],[621.99,91.12],[622,91.12],[622.15,91.24],[622.17,91.25],[622.2,91.25],[622.21,91.26],[622.22,91.27],[622.23,91.27],[622.24,91.27],[622.26,91.28],[622.28,91.32],[622.28,91.34],[622.31,91.41],[622.52,91.2],[622.53,91.2],[622.63,91.16],[622.7,91.2],[622.79,91.27],[622.98,91.38],[622.88,91.53],[623.1,91.67],[622.02,93.07],[621.93,93],[621.76,92.87],[621.6,92.74],[621.5,92.66],[621.47,92.64],[621.44,92.62],[621.42,92.61],[621.19,92.43],[621.04,92.31]]]}},{"type":"Feature","id":"35040-30","properties":{"ridingCode":"35040","pollNumber":"30","pollType":"N","advancePollNumber":"603","sourceCode":"30-0","geometryPollNumbers":["30"],"code":"35040-30","resultPollNumbers":["30"],"resultStatus":"exact","result":{"electors":373,"voters":207,"totalVotes":206,"rejected":1,"turnout":55.49597855227882,"winnerId":"shelby-kramp-neuman","winnerPartyId":"CPC","runnerUpId":"tracey-sweeney-schenk","runnerUpPartyId":"LIB","margin":16.019417475728158,"top":[{"id":"shelby-kramp-neuman","name":"Shelby Kramp-Neuman","shortName":"Kramp-Neuman","partyId":"CPC","votes":116,"share":56.310679611650485},{"id":"tracey-sweeney-schenk","name":"Tracey Sweeney Schenk","shortName":"Sweeney Schenk","partyId":"LIB","votes":83,"share":40.29126213592233},{"id":"ava-duffy","name":"Ava Duffy","shortName":"Duffy","partyId":"NDP","votes":3,"share":1.4563106796116505},{"id":"michael-holbrook","name":"Michael Holbrook","shortName":"Holbrook","partyId":"GRN","votes":2,"share":0.9708737864077669}],"partyVotes":{"LIB":83,"CPC":116,"BQ":0,"NDP":3,"GRN":2,"PPC":2,"OTH":0}}},"geometry":{"type":"Polygon","coordinates":[[[620.33,93.29],[620.33,93.27],[620.34,93.26],[620.34,93.25],[620.37,93.23],[620.38,93.22],[620.39,93.21],[620.41,93.18],[620.42,93.17],[620.43,93.15],[620.44,93.13],[620.46,93.13],[620.46,93.11],[620.48,93.08],[620.51,93.07],[620.52,93.06],[620.54,93.05],[620.55,93.04],[620.56,93.03],[620.57,93.02],[620.6,93.02],[620.62,93.01],[620.62,93.01],[620.62,92.99],[620.61,92.96],[620.61,92.95],[620.61,92.94],[620.63,92.93],[620.63,92.92],[620.63,92.91],[620.63,92.87],[620.64,92.83],[620.65,92.83],[620.66,92.83],[620.68,92.82],[620.68,92.81],[620.69,92.8],[620.7,92.78],[620.71,92.77],[620.71,92.77],[620.71,92.76],[620.72,92.75],[620.73,92.74],[620.74,92.72],[620.78,92.67],[620.79,92.66],[620.81,92.66],[620.83,92.63],[620.84,92.63],[620.86,92.61],[620.86,92.61],[620.87,92.6],[620.86,92.6],[620.86,92.58],[620.86,92.56],[620.87,92.54],[620.87,92.54],[620.9,92.53],[620.91,92.52],[620.93,92.52],[620.93,92.52],[620.93,92.51],[620.93,92.49],[620.92,92.47],[621.04,92.31],[621.19,92.43],[621.42,92.61],[621.44,92.62],[621.47,92.64],[621.5,92.66],[621.6,92.74],[621.76,92.87],[621.93,93],[622.02,93.07],[622.09,93.13],[621.99,93.27],[621.79,93.52],[621.7,93.64],[621.14,94.37],[621.05,94.3],[620.88,94.16],[620.78,94.09],[620.68,94.01],[620.53,93.9],[620.49,93.87],[620.12,93.58],[620.13,93.58],[620.14,93.57],[620.15,93.54],[620.16,93.54],[620.16,93.53],[620.17,93.5],[620.18,93.49],[620.2,93.48],[620.2,93.47],[620.2,93.46],[620.22,93.44],[620.22,93.43],[620.24,93.42],[620.25,93.4],[620.26,93.4],[620.26,93.39],[620.27,93.38],[620.28,93.36],[620.29,93.34],[620.28,93.33],[620.29,93.33],[620.29,93.34],[620.3,93.34],[620.3,93.33],[620.3,93.32],[620.33,93.3],[620.33,93.29]]]}},{"type":"Feature","id":"35040-31","properties":{"ridingCode":"35040","pollNumber":"31","pollType":"N","advancePollNumber":"603","sourceCode":"31-0","geometryPollNumbers":["31"],"code":"35040-31","resultPollNumbers":["31"],"resultStatus":"exact","result":{"electors":453,"voters":252,"totalVotes":251,"rejected":1,"turnout":55.62913907284768,"winnerId":"shelby-kramp-neuman","winnerPartyId":"CPC","runnerUpId":"tracey-sweeney-schenk","runnerUpPartyId":"LIB","margin":25.49800796812749,"top":[{"id":"shelby-kramp-neuman","name":"Shelby Kramp-Neuman","shortName":"Kramp-Neuman","partyId":"CPC","votes":139,"share":55.37848605577689},{"id":"tracey-sweeney-schenk","name":"Tracey Sweeney Schenk","shortName":"Sweeney Schenk","partyId":"LIB","votes":75,"share":29.880478087649404},{"id":"ava-duffy","name":"Ava Duffy","shortName":"Duffy","partyId":"NDP","votes":22,"share":8.764940239043826},{"id":"zaid-yusufani","name":"Zaid Yusufani","shortName":"Yusufani","partyId":"PPC","votes":9,"share":3.5856573705179287}],"partyVotes":{"LIB":75,"CPC":139,"BQ":0,"NDP":22,"GRN":6,"PPC":9,"OTH":0}}},"geometry":{"type":"Polygon","coordinates":[[[619.16,92.59],[619.24,92.47],[619.5,92.14],[619.51,92.15],[619.52,92.16],[619.65,92.26],[619.68,92.27],[619.7,92.26],[619.72,92.27],[619.72,92.28],[619.71,92.3],[619.72,92.31],[619.72,92.31],[619.82,92.39],[619.88,92.44],[619.9,92.45],[619.99,92.51],[619.99,92.51],[620,92.51],[620.03,92.52],[620.04,92.53],[620.07,92.53],[620.09,92.53],[620.09,92.54],[620.1,92.55],[620.11,92.57],[620.12,92.6],[620.15,92.62],[620.17,92.64],[620.17,92.65],[620.18,92.65],[620.19,92.65],[620.23,92.64],[620.24,92.64],[620.25,92.65],[620.27,92.66],[620.27,92.69],[620.29,92.74],[620.3,92.74],[620.3,92.75],[620.3,92.75],[620.31,92.75],[620.31,92.76],[620.32,92.76],[620.37,92.8],[620.4,92.81],[620.43,92.84],[620.45,92.85],[620.5,92.89],[620.58,92.93],[620.61,92.94],[620.61,92.95],[620.61,92.96],[620.62,92.99],[620.62,93.01],[620.62,93.01],[620.6,93.02],[620.57,93.02],[620.56,93.03],[620.55,93.04],[620.54,93.05],[620.52,93.06],[620.51,93.07],[620.48,93.08],[620.46,93.11],[620.46,93.13],[620.44,93.13],[620.43,93.15],[620.42,93.17],[620.41,93.18],[620.39,93.21],[620.38,93.22],[620.37,93.23],[620.34,93.25],[620.34,93.26],[620.33,93.27],[620.33,93.29],[620.33,93.3],[620.3,93.32],[620.3,93.33],[620.3,93.34],[620.29,93.34],[620.29,93.33],[620.28,93.33],[620.29,93.34],[620.28,93.36],[620.27,93.38],[620.26,93.39],[620.26,93.4],[620.25,93.4],[620.24,93.42],[620.22,93.43],[620.22,93.44],[620.2,93.46],[620.2,93.47],[620.2,93.48],[620.18,93.49],[620.17,93.5],[620.16,93.53],[620.16,93.54],[620.15,93.54],[620.14,93.57],[620.13,93.58],[620.12,93.58],[619.98,93.46],[619.97,93.45],[619.97,93.45],[619.96,93.45],[619.95,93.45],[619.94,93.45],[619.94,93.44],[619.94,93.43],[619.94,93.43],[619.93,93.42],[619.92,93.42],[619.92,93.41],[619.91,93.4],[619.89,93.4],[619.88,93.38],[619.87,93.37],[619.81,93.33],[619.8,93.32],[619.8,93.32],[619.78,93.32],[619.77,93.31],[619.76,93.31],[619.76,93.29],[619.71,93.25],[619.69,93.23],[619.67,93.24],[619.67,93.23],[619.67,93.22],[619.67,93.22],[619.66,93.21],[619.62,93.19],[619.56,93.16],[619.35,92.99],[619.34,92.99],[619.26,92.92],[619.15,92.84],[619.04,92.76],[619.04,92.75],[619.06,92.71],[619.07,92.71],[619.07,92.71],[619.07,92.7],[619.08,92.69],[619.08,92.69],[619.09,92.67],[619.13,92.62],[619.14,92.61],[619.14,92.6],[619.15,92.59],[619.15,92.59],[619.16,92.59]]]}},{"type":"Feature","id":"35040-32","properties":{"ridingCode":"35040","pollNumber":"32","pollType":"N","advancePollNumber":"603","sourceCode":"32-0","geometryPollNumbers":["32"],"code":"35040-32","resultPollNumbers":["32"],"resultStatus":"exact","result":{"electors":460,"voters":217,"totalVotes":217,"rejected":0,"turnout":47.17391304347826,"winnerId":"shelby-kramp-neuman","winnerPartyId":"CPC","runnerUpId":"tracey-sweeney-schenk","runnerUpPartyId":"LIB","margin":12.442396313364055,"top":[{"id":"shelby-kramp-neuman","name":"Shelby Kramp-Neuman","shortName":"Kramp-Neuman","partyId":"CPC","votes":112,"share":51.61290322580645},{"id":"tracey-sweeney-schenk","name":"Tracey Sweeney Schenk","shortName":"Sweeney Schenk","partyId":"LIB","votes":85,"share":39.1705069124424},{"id":"ava-duffy","name":"Ava Duffy","shortName":"Duffy","partyId":"NDP","votes":12,"share":5.529953917050691},{"id":"michael-holbrook","name":"Michael Holbrook","shortName":"Holbrook","partyId":"GRN","votes":6,"share":2.7649769585253456}],"partyVotes":{"LIB":85,"CPC":112,"BQ":0,"NDP":12,"GRN":6,"PPC":2,"OTH":0}}},"geometry":{"type":"Polygon","coordinates":[[[619.51,92.15],[619.5,92.14],[619.53,92.1],[619.54,92.09],[619.54,92.09],[619.54,92.08],[619.55,92.07],[619.64,91.96],[619.81,91.74],[619.98,91.51],[619.96,91.5],[620.04,91.39],[620.26,91.03],[620.36,90.88],[620.8,90.19],[620.92,90.39],[621.05,90.38],[621.98,91.08],[621.97,91.1],[621.92,91.16],[621.75,91.38],[621.5,91.71],[621.27,92],[621.21,92.07],[621.09,92.24],[621.04,92.31],[620.92,92.47],[620.93,92.49],[620.93,92.51],[620.93,92.52],[620.93,92.52],[620.91,92.52],[620.9,92.53],[620.87,92.54],[620.87,92.54],[620.86,92.56],[620.86,92.58],[620.86,92.6],[620.87,92.6],[620.86,92.61],[620.86,92.61],[620.84,92.63],[620.83,92.63],[620.81,92.66],[620.79,92.66],[620.78,92.67],[620.74,92.72],[620.73,92.74],[620.72,92.75],[620.71,92.76],[620.71,92.77],[620.71,92.77],[620.7,92.78],[620.69,92.8],[620.68,92.81],[620.68,92.82],[620.66,92.83],[620.65,92.83],[620.64,92.83],[620.63,92.87],[620.63,92.91],[620.63,92.92],[620.63,92.93],[620.61,92.94],[620.58,92.93],[620.5,92.89],[620.45,92.85],[620.43,92.84],[620.4,92.81],[620.37,92.8],[620.32,92.76],[620.31,92.76],[620.31,92.75],[620.3,92.75],[620.3,92.75],[620.3,92.74],[620.29,92.74],[620.27,92.69],[620.27,92.66],[620.25,92.65],[620.24,92.64],[620.23,92.64],[620.19,92.65],[620.18,92.65],[620.17,92.65],[620.17,92.64],[620.15,92.62],[620.12,92.6],[620.11,92.57],[620.1,92.55],[620.09,92.54],[620.09,92.53],[620.07,92.53],[620.04,92.53],[620.03,92.52],[620,92.51],[619.99,92.51],[619.99,92.51],[619.9,92.45],[619.88,92.44],[619.82,92.39],[619.72,92.31],[619.72,92.31],[619.71,92.3],[619.72,92.28],[619.72,92.27],[619.7,92.26],[619.68,92.27],[619.65,92.26],[619.52,92.16],[619.51,92.15]]]}},{"type":"Feature","id":"35040-33","properties":{"ridingCode":"35040","pollNumber":"33","pollType":"N","advancePollNumber":"604","sourceCode":"33-0","geometryPollNumbers":["33"],"code":"35040-33","resultPollNumbers":["33"],"resultStatus":"exact","result":{"electors":246,"voters":67,"totalVotes":67,"rejected":0,"turnout":27.235772357723576,"winnerId":"shelby-kramp-neuman","winnerPartyId":"CPC","runnerUpId":"tracey-sweeney-schenk","runnerUpPartyId":"LIB","margin":61.19402985074627,"top":[{"id":"shelby-kramp-neuman","name":"Shelby Kramp-Neuman","shortName":"Kramp-Neuman","partyId":"CPC","votes":52,"share":77.61194029850746},{"id":"tracey-sweeney-schenk","name":"Tracey Sweeney Schenk","shortName":"Sweeney Schenk","partyId":"LIB","votes":11,"share":16.417910447761194},{"id":"michael-holbrook","name":"Michael Holbrook","shortName":"Holbrook","partyId":"GRN","votes":3,"share":4.477611940298507},{"id":"zaid-yusufani","name":"Zaid Yusufani","shortName":"Yusufani","partyId":"PPC","votes":1,"share":1.4925373134328357}],"partyVotes":{"LIB":11,"CPC":52,"BQ":0,"NDP":0,"GRN":3,"PPC":1,"OTH":0}}},"geometry":{"type":"Polygon","coordinates":[[[625.21,92.99],[625.21,92.98],[625.22,92.9],[625.22,92.89],[625.22,92.88],[625.22,92.85],[625.22,92.83],[625.23,92.82],[625.29,92.79],[625.3,92.79],[625.3,92.79],[625.33,92.76],[625.36,92.72],[625.37,92.73],[625.4,92.73],[625.5,92.78],[625.54,92.8],[625.62,92.86],[625.64,92.91],[625.65,92.92],[625.67,92.93],[625.69,92.94],[625.71,92.94],[625.72,92.94],[625.73,92.94],[625.76,92.94],[625.77,92.94],[625.53,93.25],[625.21,93.01],[625.21,93],[625.21,92.99]],[[625.37,92.77],[625.37,92.77],[625.38,92.76],[625.37,92.76],[625.37,92.77]]]}},{"type":"Feature","id":"35040-34","properties":{"ridingCode":"35040","pollNumber":"34","pollType":"N","advancePollNumber":"604","sourceCode":"34-0","geometryPollNumbers":["34"],"code":"35040-34","resultPollNumbers":["34"],"resultStatus":"exact","result":{"electors":302,"voters":90,"totalVotes":90,"rejected":0,"turnout":29.80132450331126,"winnerId":"shelby-kramp-neuman","winnerPartyId":"CPC","runnerUpId":"tracey-sweeney-schenk","runnerUpPartyId":"LIB","margin":44.44444444444444,"top":[{"id":"shelby-kramp-neuman","name":"Shelby Kramp-Neuman","shortName":"Kramp-Neuman","partyId":"CPC","votes":59,"share":65.55555555555556},{"id":"tracey-sweeney-schenk","name":"Tracey Sweeney Schenk","shortName":"Sweeney Schenk","partyId":"LIB","votes":19,"share":21.11111111111111},{"id":"ava-duffy","name":"Ava Duffy","shortName":"Duffy","partyId":"NDP","votes":7,"share":7.777777777777778},{"id":"michael-holbrook","name":"Michael Holbrook","shortName":"Holbrook","partyId":"GRN","votes":5,"share":5.555555555555555}],"partyVotes":{"LIB":19,"CPC":59,"BQ":0,"NDP":7,"GRN":5,"PPC":0,"OTH":0}}},"geometry":{"type":"Polygon","coordinates":[[[625.17,92.98],[625.16,92.98],[625.15,92.97],[625.15,92.97],[625.13,92.95],[624.97,92.83],[625.25,92.47],[625.31,92.48],[625.45,92.47],[625.45,92.44],[625.34,92.35],[625.37,92.3],[625.47,92.18],[625.54,92.23],[625.54,92.27],[625.56,92.28],[625.59,92.27],[626.02,92.61],[625.77,92.94],[625.76,92.94],[625.73,92.94],[625.72,92.94],[625.71,92.94],[625.69,92.94],[625.67,92.93],[625.65,92.92],[625.64,92.91],[625.62,92.86],[625.54,92.8],[625.5,92.78],[625.4,92.73],[625.37,92.73],[625.36,92.72],[625.33,92.76],[625.3,92.79],[625.3,92.79],[625.29,92.79],[625.23,92.82],[625.22,92.83],[625.22,92.85],[625.22,92.88],[625.22,92.89],[625.22,92.9],[625.21,92.98],[625.21,92.99],[625.19,92.99],[625.17,92.98]]]}},{"type":"Feature","id":"35040-35","properties":{"ridingCode":"35040","pollNumber":"35","pollType":"N","advancePollNumber":"604","sourceCode":"35-0","geometryPollNumbers":["35"],"code":"35040-35","resultPollNumbers":["35"],"resultStatus":"exact","result":{"electors":211,"voters":54,"totalVotes":53,"rejected":1,"turnout":25.59241706161137,"winnerId":"shelby-kramp-neuman","winnerPartyId":"CPC","runnerUpId":"tracey-sweeney-schenk","runnerUpPartyId":"LIB","margin":50.943396226415096,"top":[{"id":"shelby-kramp-neuman","name":"Shelby Kramp-Neuman","shortName":"Kramp-Neuman","partyId":"CPC","votes":37,"share":69.81132075471697},{"id":"tracey-sweeney-schenk","name":"Tracey Sweeney Schenk","shortName":"Sweeney Schenk","partyId":"LIB","votes":10,"share":18.867924528301888},{"id":"ava-duffy","name":"Ava Duffy","shortName":"Duffy","partyId":"NDP","votes":5,"share":9.433962264150944},{"id":"zaid-yusufani","name":"Zaid Yusufani","shortName":"Yusufani","partyId":"PPC","votes":1,"share":1.8867924528301887}],"partyVotes":{"LIB":10,"CPC":37,"BQ":0,"NDP":5,"GRN":0,"PPC":1,"OTH":0}}},"geometry":{"type":"Polygon","coordinates":[[[625.54,92.27],[625.54,92.23],[625.47,92.18],[625.4,92.12],[625.69,91.75],[625.77,91.61],[625.74,91.57],[625.76,91.31],[625.86,91.15],[626.67,91.76],[626.26,92.29],[626.02,92.61],[625.59,92.27],[625.56,92.28],[625.54,92.27]]]}},{"type":"Feature","id":"35040-36","properties":{"ridingCode":"35040","pollNumber":"36","pollType":"N","advancePollNumber":"604","sourceCode":"36-0","geometryPollNumbers":["36"],"code":"35040-36","resultPollNumbers":["36"],"resultStatus":"exact","result":{"electors":296,"voters":115,"totalVotes":115,"rejected":0,"turnout":38.85135135135135,"winnerId":"shelby-kramp-neuman","winnerPartyId":"CPC","runnerUpId":"tracey-sweeney-schenk","runnerUpPartyId":"LIB","margin":53.04347826086957,"top":[{"id":"shelby-kramp-neuman","name":"Shelby Kramp-Neuman","shortName":"Kramp-Neuman","partyId":"CPC","votes":86,"share":74.78260869565217},{"id":"tracey-sweeney-schenk","name":"Tracey Sweeney Schenk","shortName":"Sweeney Schenk","partyId":"LIB","votes":25,"share":21.73913043478261},{"id":"ava-duffy","name":"Ava Duffy","shortName":"Duffy","partyId":"NDP","votes":3,"share":2.608695652173913},{"id":"zaid-yusufani","name":"Zaid Yusufani","shortName":"Yusufani","partyId":"PPC","votes":1,"share":0.8695652173913043}],"partyVotes":{"LIB":25,"CPC":86,"BQ":0,"NDP":3,"GRN":0,"PPC":1,"OTH":0}}},"geometry":{"type":"Polygon","coordinates":[[[624.95,91.93],[625.03,91.98],[625.04,92],[625.05,92],[625.05,92.01],[625.06,92.01],[625.07,91.99],[625.08,91.99],[625.09,92.03],[625.1,92.05],[625.13,92.13],[625.12,92.14],[625.13,92.14],[625.13,92.18],[625.15,92.18],[625.24,92.24],[625.28,92.26],[625.3,92.3],[625.31,92.33],[625.32,92.34],[625.36,92.37],[625.4,92.43],[625.45,92.47],[625.31,92.48],[625.25,92.47],[624.97,92.83],[624.6,92.55],[624.43,92.42],[624.84,91.86],[624.85,91.87],[624.94,91.92],[624.95,91.93]]]}},{"type":"Feature","id":"35040-37","properties":{"ridingCode":"35040","pollNumber":"37","pollType":"N","advancePollNumber":"604","sourceCode":"37-0","geometryPollNumbers":["37"],"code":"35040-37","resultPollNumbers":["37"],"resultStatus":"exact","result":{"electors":217,"voters":81,"totalVotes":81,"rejected":0,"turnout":37.327188940092164,"winnerId":"shelby-kramp-neuman","winnerPartyId":"CPC","runnerUpId":"tracey-sweeney-schenk","runnerUpPartyId":"LIB","margin":33.33333333333333,"top":[{"id":"shelby-kramp-neuman","name":"Shelby Kramp-Neuman","shortName":"Kramp-Neuman","partyId":"CPC","votes":53,"share":65.4320987654321},{"id":"tracey-sweeney-schenk","name":"Tracey Sweeney Schenk","shortName":"Sweeney Schenk","partyId":"LIB","votes":26,"share":32.098765432098766},{"id":"ava-duffy","name":"Ava Duffy","shortName":"Duffy","partyId":"NDP","votes":2,"share":2.4691358024691357},{"id":"michael-holbrook","name":"Michael Holbrook","shortName":"Holbrook","partyId":"GRN","votes":0,"share":0}],"partyVotes":{"LIB":26,"CPC":53,"BQ":0,"NDP":2,"GRN":0,"PPC":0,"OTH":0}}},"geometry":{"type":"Polygon","coordinates":[[[624.84,91.86],[625.01,91.62],[625.02,91.6],[625.04,91.57],[625.2,91.36],[625.22,91.34],[625.23,91.33],[625.49,90.95],[625.53,90.91],[625.65,90.99],[625.86,91.15],[625.76,91.31],[625.74,91.57],[625.77,91.61],[625.69,91.75],[625.4,92.12],[625.47,92.18],[625.37,92.3],[625.34,92.35],[625.45,92.44],[625.45,92.47],[625.4,92.43],[625.36,92.37],[625.32,92.34],[625.31,92.33],[625.3,92.3],[625.28,92.26],[625.24,92.24],[625.15,92.18],[625.13,92.18],[625.13,92.14],[625.12,92.14],[625.13,92.13],[625.1,92.05],[625.09,92.03],[625.08,91.99],[625.07,91.99],[625.06,92.01],[625.05,92.01],[625.05,92],[625.04,92],[625.03,91.98],[624.95,91.93],[624.94,91.92],[624.85,91.87],[624.84,91.86]]]}},{"type":"Feature","id":"35040-38","properties":{"ridingCode":"35040","pollNumber":"38","pollType":"N","advancePollNumber":"605","sourceCode":"38-0","geometryPollNumbers":["38"],"code":"35040-38","resultPollNumbers":["38"],"resultStatus":"exact","result":{"electors":283,"voters":182,"totalVotes":182,"rejected":0,"turnout":64.31095406360424,"winnerId":"shelby-kramp-neuman","winnerPartyId":"CPC","runnerUpId":"tracey-sweeney-schenk","runnerUpPartyId":"LIB","margin":46.15384615384615,"top":[{"id":"shelby-kramp-neuman","name":"Shelby Kramp-Neuman","shortName":"Kramp-Neuman","partyId":"CPC","votes":125,"share":68.68131868131869},{"id":"tracey-sweeney-schenk","name":"Tracey Sweeney Schenk","shortName":"Sweeney Schenk","partyId":"LIB","votes":41,"share":22.52747252747253},{"id":"ava-duffy","name":"Ava Duffy","shortName":"Duffy","partyId":"NDP","votes":7,"share":3.8461538461538463},{"id":"michael-holbrook","name":"Michael Holbrook","shortName":"Holbrook","partyId":"GRN","votes":6,"share":3.296703296703297}],"partyVotes":{"LIB":41,"CPC":125,"BQ":0,"NDP":7,"GRN":6,"PPC":3,"OTH":0}}},"geometry":{"type":"Polygon","coordinates":[[[622.02,93.07],[623.1,91.67],[623.21,91.53],[623.28,91.57],[623.74,90.95],[623.83,90.83],[624.04,90.55],[624.33,90.16],[624.34,90.18],[624.41,90.21],[624.42,90.23],[624.43,90.23],[624.44,90.24],[624.45,90.25],[624.48,90.27],[624.49,90.28],[624.52,90.3],[624.54,90.31],[624.5,90.37],[624.49,90.38],[624.48,90.4],[624.44,90.45],[624.48,90.48],[624.33,90.8],[624.66,91.03],[623.96,92],[623.94,92.03],[624.26,92.3],[624,92.64],[623.39,93.43],[623.05,93.87],[622.38,93.34],[622.28,93.27],[622.09,93.13],[622.02,93.07]]]}},{"type":"Feature","id":"35040-39","properties":{"ridingCode":"35040","pollNumber":"39","pollType":"N","advancePollNumber":"605","sourceCode":"39-0","geometryPollNumbers":["39"],"code":"35040-39","resultPollNumbers":["39"],"resultStatus":"exact","result":{"electors":452,"voters":215,"totalVotes":215,"rejected":0,"turnout":47.56637168141593,"winnerId":"shelby-kramp-neuman","winnerPartyId":"CPC","runnerUpId":"tracey-sweeney-schenk","runnerUpPartyId":"LIB","margin":36.74418604651163,"top":[{"id":"shelby-kramp-neuman","name":"Shelby Kramp-Neuman","shortName":"Kramp-Neuman","partyId":"CPC","votes":139,"share":64.65116279069767},{"id":"tracey-sweeney-schenk","name":"Tracey Sweeney Schenk","shortName":"Sweeney Schenk","partyId":"LIB","votes":60,"share":27.906976744186046},{"id":"michael-holbrook","name":"Michael Holbrook","shortName":"Holbrook","partyId":"GRN","votes":6,"share":2.7906976744186047},{"id":"zaid-yusufani","name":"Zaid Yusufani","shortName":"Yusufani","partyId":"PPC","votes":6,"share":2.7906976744186047}],"partyVotes":{"LIB":60,"CPC":139,"BQ":0,"NDP":4,"GRN":6,"PPC":6,"OTH":0}}},"geometry":{"type":"Polygon","coordinates":[[[622.7,91.2],[622.7,91.19],[622.69,91.16],[622.69,91.14],[622.69,91.09],[622.68,91.07],[622.68,91.06],[622.69,91.05],[622.72,91],[622.78,90.95],[622.8,90.94],[622.83,90.93],[622.84,90.93],[622.87,90.89],[622.89,90.89],[622.96,90.88],[623.04,90.85],[623.06,90.84],[623.14,90.73],[623.15,90.72],[623.17,90.66],[623.17,90.61],[623.2,90.55],[623.21,90.53],[623.22,90.54],[623.31,90.61],[623.35,90.56],[623.38,90.51],[623.41,90.46],[623.41,90.46],[623.48,90.51],[623.49,90.51],[623.5,90.5],[623.5,90.5],[623.5,90.49],[623.64,90.31],[623.68,90.33],[623.69,90.34],[623.7,90.36],[623.7,90.37],[623.72,90.38],[623.73,90.38],[623.78,90.32],[623.83,90.24],[623.93,90.31],[623.92,90.33],[623.95,90.34],[623.97,90.35],[624.01,90.36],[624.02,90.37],[624.02,90.38],[624.01,90.46],[624.01,90.47],[623.99,90.5],[624,90.51],[624.01,90.51],[624.01,90.51],[624.01,90.52],[624.01,90.53],[624.04,90.55],[623.83,90.83],[623.74,90.95],[623.28,91.57],[623.21,91.53],[623.1,91.67],[622.88,91.53],[622.98,91.38],[622.79,91.27],[622.7,91.2]]]}},{"type":"Feature","id":"35040-40","properties":{"ridingCode":"35040","pollNumber":"40","pollType":"N","advancePollNumber":"605","sourceCode":"40-0","geometryPollNumbers":["40"],"code":"35040-40","resultPollNumbers":["40"],"resultStatus":"exact","result":{"electors":384,"voters":181,"totalVotes":180,"rejected":1,"turnout":47.13541666666667,"winnerId":"shelby-kramp-neuman","winnerPartyId":"CPC","runnerUpId":"tracey-sweeney-schenk","runnerUpPartyId":"LIB","margin":52.22222222222223,"top":[{"id":"shelby-kramp-neuman","name":"Shelby Kramp-Neuman","shortName":"Kramp-Neuman","partyId":"CPC","votes":132,"share":73.33333333333333},{"id":"tracey-sweeney-schenk","name":"Tracey Sweeney Schenk","shortName":"Sweeney Schenk","partyId":"LIB","votes":38,"share":21.11111111111111},{"id":"ava-duffy","name":"Ava Duffy","shortName":"Duffy","partyId":"NDP","votes":8,"share":4.444444444444445},{"id":"michael-holbrook","name":"Michael Holbrook","shortName":"Holbrook","partyId":"GRN","votes":2,"share":1.1111111111111112}],"partyVotes":{"LIB":38,"CPC":132,"BQ":0,"NDP":8,"GRN":2,"PPC":0,"OTH":0}}},"geometry":{"type":"Polygon","coordinates":[[[622.15,91.24],[622,91.12],[621.99,91.12],[621.98,91.11],[621.97,91.1],[621.98,91.08],[622.14,90.89],[622.21,90.78],[622.59,90.21],[622.6,90.21],[622.6,90.22],[622.65,90.26],[622.66,90.26],[622.68,90.25],[622.68,90.25],[622.74,90.28],[622.75,90.28],[622.77,90.27],[622.77,90.27],[622.78,90.27],[622.78,90.27],[622.79,90.26],[622.79,90.24],[622.8,90.23],[622.87,90.26],[622.91,90.28],[622.94,90.28],[622.98,90.28],[623.01,90.29],[623.03,90.29],[623.04,90.29],[623.07,90.28],[623.09,90.28],[623.1,90.28],[623.12,90.29],[623.08,90.33],[623.12,90.36],[623.14,90.37],[623.17,90.42],[623.18,90.43],[623.19,90.47],[623.2,90.5],[623.21,90.53],[623.2,90.55],[623.17,90.61],[623.17,90.66],[623.15,90.72],[623.14,90.73],[623.06,90.84],[623.04,90.85],[622.96,90.88],[622.89,90.89],[622.87,90.89],[622.84,90.93],[622.83,90.93],[622.8,90.94],[622.78,90.95],[622.72,91],[622.69,91.05],[622.68,91.06],[622.68,91.07],[622.69,91.09],[622.69,91.14],[622.69,91.16],[622.7,91.19],[622.7,91.2],[622.63,91.16],[622.53,91.2],[622.52,91.2],[622.31,91.41],[622.28,91.34],[622.28,91.32],[622.26,91.28],[622.24,91.27],[622.23,91.27],[622.22,91.27],[622.21,91.26],[622.2,91.25],[622.17,91.25],[622.15,91.24]]]}},{"type":"Feature","id":"35040-41","properties":{"ridingCode":"35040","pollNumber":"41","pollType":"N","advancePollNumber":"605","sourceCode":"41-0","geometryPollNumbers":["41"],"code":"35040-41","resultPollNumbers":["41"],"resultStatus":"exact","result":{"electors":446,"voters":233,"totalVotes":229,"rejected":4,"turnout":52.242152466367706,"winnerId":"shelby-kramp-neuman","winnerPartyId":"CPC","runnerUpId":"tracey-sweeney-schenk","runnerUpPartyId":"LIB","margin":39.737991266375545,"top":[{"id":"shelby-kramp-neuman","name":"Shelby Kramp-Neuman","shortName":"Kramp-Neuman","partyId":"CPC","votes":153,"share":66.8122270742358},{"id":"tracey-sweeney-schenk","name":"Tracey Sweeney Schenk","shortName":"Sweeney Schenk","partyId":"LIB","votes":62,"share":27.074235807860266},{"id":"ava-duffy","name":"Ava Duffy","shortName":"Duffy","partyId":"NDP","votes":8,"share":3.4934497816593884},{"id":"michael-holbrook","name":"Michael Holbrook","shortName":"Holbrook","partyId":"GRN","votes":4,"share":1.7467248908296942}],"partyVotes":{"LIB":62,"CPC":153,"BQ":0,"NDP":8,"GRN":4,"PPC":2,"OTH":0}}},"geometry":{"type":"Polygon","coordinates":[[[623.08,90.33],[623.12,90.29],[623.14,90.26],[623.17,90.24],[623.17,90.23],[623.18,90.21],[623.19,90.19],[623.2,90.18],[623.21,90.17],[623.24,90.16],[623.25,90.16],[623.26,90.15],[623.27,90.13],[623.29,90.1],[623.3,90.08],[623.31,90.05],[623.32,90.05],[623.33,90.02],[623.34,90],[623.36,89.96],[623.37,89.95],[623.39,89.94],[623.48,89.83],[623.6,89.67],[623.65,89.61],[623.65,89.6],[623.66,89.59],[623.69,89.55],[623.72,89.57],[623.74,89.58],[623.71,89.6],[623.7,89.61],[623.7,89.62],[623.7,89.64],[623.68,89.68],[623.71,89.69],[623.68,89.73],[623.71,89.75],[623.71,89.75],[623.73,89.77],[623.75,89.74],[623.78,89.76],[623.79,89.74],[623.79,89.76],[623.77,89.85],[623.79,89.9],[623.79,89.95],[623.8,89.99],[623.81,90.01],[623.81,90.03],[623.76,90.11],[623.76,90.13],[623.76,90.14],[623.64,90.31],[623.5,90.49],[623.5,90.5],[623.5,90.5],[623.49,90.51],[623.48,90.51],[623.41,90.46],[623.41,90.46],[623.38,90.51],[623.35,90.56],[623.31,90.61],[623.22,90.54],[623.21,90.53],[623.2,90.5],[623.19,90.47],[623.18,90.43],[623.17,90.42],[623.14,90.37],[623.12,90.36],[623.08,90.33]]]}},{"type":"Feature","id":"35040-42","properties":{"ridingCode":"35040","pollNumber":"42","pollType":"N","advancePollNumber":"605","sourceCode":"42-0","geometryPollNumbers":["42"],"code":"35040-42","resultPollNumbers":["42"],"resultStatus":"exact","result":{"electors":453,"voters":181,"totalVotes":180,"rejected":1,"turnout":39.95584988962472,"winnerId":"shelby-kramp-neuman","winnerPartyId":"CPC","runnerUpId":"tracey-sweeney-schenk","runnerUpPartyId":"LIB","margin":23.333333333333332,"top":[{"id":"shelby-kramp-neuman","name":"Shelby Kramp-Neuman","shortName":"Kramp-Neuman","partyId":"CPC","votes":108,"share":60},{"id":"tracey-sweeney-schenk","name":"Tracey Sweeney Schenk","shortName":"Sweeney Schenk","partyId":"LIB","votes":66,"share":36.666666666666664},{"id":"ava-duffy","name":"Ava Duffy","shortName":"Duffy","partyId":"NDP","votes":4,"share":2.2222222222222223},{"id":"michael-holbrook","name":"Michael Holbrook","shortName":"Holbrook","partyId":"GRN","votes":2,"share":1.1111111111111112}],"partyVotes":{"LIB":66,"CPC":108,"BQ":0,"NDP":4,"GRN":2,"PPC":0,"OTH":0}}},"geometry":{"type":"Polygon","coordinates":[[[623.79,89.9],[623.77,89.85],[623.79,89.76],[623.79,89.74],[623.8,89.73],[623.88,89.79],[623.89,89.77],[623.88,89.77],[623.89,89.76],[623.87,89.75],[623.88,89.74],[623.9,89.71],[623.97,89.75],[624.01,89.78],[624.11,89.85],[624.19,89.92],[624.3,89.99],[624.4,90.06],[624.33,90.16],[624.04,90.55],[624.01,90.53],[624.01,90.52],[624.01,90.51],[624.01,90.51],[624,90.51],[623.99,90.5],[624.01,90.47],[624.01,90.46],[624.02,90.38],[624.02,90.37],[624.01,90.36],[623.97,90.35],[623.95,90.34],[623.92,90.33],[623.93,90.31],[623.83,90.24],[623.78,90.32],[623.73,90.38],[623.72,90.38],[623.7,90.37],[623.7,90.36],[623.69,90.34],[623.68,90.33],[623.64,90.31],[623.76,90.14],[623.76,90.13],[623.76,90.11],[623.81,90.03],[623.81,90.01],[623.8,89.99],[623.79,89.95],[623.79,89.9]]]}},{"type":"Feature","id":"35040-43","properties":{"ridingCode":"35040","pollNumber":"43","pollType":"N","advancePollNumber":"606","sourceCode":"43-0","geometryPollNumbers":["43"],"code":"35040-43","resultPollNumbers":["43"],"resultStatus":"exact","result":{"electors":393,"voters":81,"totalVotes":79,"rejected":2,"turnout":20.610687022900763,"winnerId":"shelby-kramp-neuman","winnerPartyId":"CPC","runnerUpId":"tracey-sweeney-schenk","runnerUpPartyId":"LIB","margin":53.16455696202531,"top":[{"id":"shelby-kramp-neuman","name":"Shelby Kramp-Neuman","shortName":"Kramp-Neuman","partyId":"CPC","votes":56,"share":70.88607594936708},{"id":"tracey-sweeney-schenk","name":"Tracey Sweeney Schenk","shortName":"Sweeney Schenk","partyId":"LIB","votes":14,"share":17.72151898734177},{"id":"ava-duffy","name":"Ava Duffy","shortName":"Duffy","partyId":"NDP","votes":4,"share":5.063291139240507},{"id":"michael-holbrook","name":"Michael Holbrook","shortName":"Holbrook","partyId":"GRN","votes":4,"share":5.063291139240507}],"partyVotes":{"LIB":14,"CPC":56,"BQ":0,"NDP":4,"GRN":4,"PPC":1,"OTH":0}}},"geometry":{"type":"Polygon","coordinates":[[[622.2,89.59],[622.22,89.57],[622.3,89.45],[622.3,89.43],[622.29,89.42],[622.29,89.42],[622.29,89.4],[622.3,89.4],[622.29,89.35],[622.29,89.33],[622.3,89.32],[622.32,89.28],[622.43,89.36],[622.4,89.41],[622.43,89.45],[622.44,89.45],[622.51,89.5],[622.54,89.45],[622.55,89.43],[622.56,89.42],[622.61,89.35],[622.61,89.35],[622.61,89.37],[622.62,89.37],[622.64,89.39],[622.67,89.41],[622.61,89.5],[622.62,89.51],[622.62,89.5],[622.63,89.48],[622.67,89.41],[622.68,89.42],[622.7,89.42],[622.7,89.41],[622.73,89.41],[622.74,89.41],[622.75,89.38],[622.77,89.37],[622.77,89.36],[622.78,89.35],[622.79,89.35],[622.79,89.35],[622.81,89.36],[622.83,89.36],[623.05,89.34],[623.07,89.34],[623.15,89.39],[622.93,89.7],[622.68,90.09],[622.67,90.1],[622.67,90.11],[622.6,90.2],[622.6,90.21],[622.59,90.21],[622.21,90.78],[621.76,90.4],[621.75,90.39],[621.76,90.38],[621.76,90.37],[621.79,90.34],[621.81,90.31],[621.83,90.28],[621.83,90.27],[621.84,90.26],[621.84,90.25],[621.85,90.24],[621.86,90.24],[621.86,90.24],[621.87,90.24],[621.88,90.24],[621.88,90.23],[621.89,90.22],[621.88,90.2],[621.87,90.19],[621.87,90.18],[621.87,90.15],[621.87,90.14],[621.9,90.12],[621.9,90.12],[621.91,90.11],[621.92,90.11],[621.93,90.1],[621.93,90.08],[621.96,90.08],[621.97,90.08],[621.98,90.07],[622.01,90.01],[622.04,89.99],[622.05,89.97],[622.06,89.97],[622.08,89.97],[622.09,89.96],[622.1,89.95],[622.11,89.93],[622.11,89.93],[622.11,89.91],[622.11,89.89],[622.11,89.88],[622.11,89.87],[622.22,89.69],[622.22,89.68],[622.19,89.65],[622.18,89.63],[622.18,89.63],[622.18,89.62],[622.2,89.59]]]}},{"type":"Feature","id":"35040-44","properties":{"ridingCode":"35040","pollNumber":"44","pollType":"N","advancePollNumber":"610","sourceCode":"44-0","geometryPollNumbers":["44"],"code":"35040-44","resultPollNumbers":["44"],"resultStatus":"exact","result":{"electors":377,"voters":152,"totalVotes":150,"rejected":2,"turnout":40.318302387267906,"winnerId":"shelby-kramp-neuman","winnerPartyId":"CPC","runnerUpId":"tracey-sweeney-schenk","runnerUpPartyId":"LIB","margin":10.666666666666668,"top":[{"id":"shelby-kramp-neuman","name":"Shelby Kramp-Neuman","shortName":"Kramp-Neuman","partyId":"CPC","votes":76,"share":50.66666666666667},{"id":"tracey-sweeney-schenk","name":"Tracey Sweeney Schenk","shortName":"Sweeney Schenk","partyId":"LIB","votes":60,"share":40},{"id":"michael-holbrook","name":"Michael Holbrook","shortName":"Holbrook","partyId":"GRN","votes":8,"share":5.333333333333334},{"id":"ava-duffy","name":"Ava Duffy","shortName":"Duffy","partyId":"NDP","votes":6,"share":4}],"partyVotes":{"LIB":60,"CPC":76,"BQ":0,"NDP":6,"GRN":8,"PPC":0,"OTH":0}}},"geometry":{"type":"Polygon","coordinates":[[[626.95,90.88],[626.97,90.83],[626.97,90.83],[626.98,90.81],[626.99,90.8],[626.99,90.79],[627,90.77],[626.99,90.71],[627.07,90.71],[627.05,90.67],[627.05,90.63],[627.1,90.63],[627.09,90.63],[627.09,90.65],[627.11,90.72],[627.13,90.75],[627.21,90.67],[627.33,90.57],[627.31,90.55],[627.32,90.54],[627.33,90.56],[627.35,90.57],[627.36,90.58],[627.37,90.59],[627.4,90.63],[627.46,90.7],[627.47,90.71],[627.48,90.74],[627.57,90.85],[627.58,90.86],[627.63,90.88],[627.64,90.88],[627.65,90.96],[627.65,91.02],[627.66,91.03],[627.66,91.04],[627.71,91.09],[627.73,91.07],[627.74,91.07],[627.75,91.05],[627.79,91.01],[627.81,90.99],[627.81,90.98],[627.81,90.97],[627.8,90.94],[627.8,90.93],[627.86,90.87],[627.86,90.87],[627.86,90.86],[627.86,90.85],[627.92,90.8],[627.95,90.83],[628.07,90.98],[628.12,91.01],[628.09,91.14],[628.27,91.35],[627.93,91.7],[627.77,91.87],[627.37,92.27],[627.08,92.06],[626.91,91.93],[626.9,91.91],[626.9,91.9],[626.91,91.89],[626.9,91.86],[626.9,91.84],[626.9,91.77],[626.89,91.75],[626.88,91.74],[626.89,91.59],[626.88,91.51],[626.88,91.46],[626.9,91.4],[626.91,91.38],[626.92,91.38],[626.92,91.37],[626.92,91.34],[626.93,91.32],[626.92,91.3],[626.92,91.29],[626.91,91.29],[626.91,91.29],[626.9,91.27],[626.9,91.27],[626.9,91.25],[626.9,91.25],[626.9,91.23],[626.91,91.19],[626.92,91.17],[626.92,91.15],[626.93,91.15],[626.94,91.16],[626.94,91.15],[626.93,91.14],[626.94,91.13],[626.94,91.12],[626.93,91.11],[626.93,91.1],[626.92,91.09],[626.93,91.08],[626.93,91.08],[626.93,91.08],[626.93,91.07],[626.93,91.03],[626.93,91.01],[626.94,91],[626.95,90.96],[626.94,90.96],[626.95,90.95],[626.95,90.94],[626.96,90.92],[626.95,90.91],[626.95,90.9],[626.95,90.89],[626.95,90.89],[626.94,90.9],[626.94,90.9],[626.94,90.89],[626.94,90.89],[626.94,90.88],[626.95,90.88]]]}},{"type":"Feature","id":"35040-45","properties":{"ridingCode":"35040","pollNumber":"45","pollType":"N","advancePollNumber":"610","sourceCode":"45-0","geometryPollNumbers":["45"],"code":"35040-45","resultPollNumbers":["45"],"resultStatus":"exact","result":{"electors":342,"voters":129,"totalVotes":128,"rejected":1,"turnout":37.719298245614034,"winnerId":"shelby-kramp-neuman","winnerPartyId":"CPC","runnerUpId":"tracey-sweeney-schenk","runnerUpPartyId":"LIB","margin":19.53125,"top":[{"id":"shelby-kramp-neuman","name":"Shelby Kramp-Neuman","shortName":"Kramp-Neuman","partyId":"CPC","votes":73,"share":57.03125},{"id":"tracey-sweeney-schenk","name":"Tracey Sweeney Schenk","shortName":"Sweeney Schenk","partyId":"LIB","votes":48,"share":37.5},{"id":"ava-duffy","name":"Ava Duffy","shortName":"Duffy","partyId":"NDP","votes":3,"share":2.34375},{"id":"michael-holbrook","name":"Michael Holbrook","shortName":"Holbrook","partyId":"GRN","votes":3,"share":2.34375}],"partyVotes":{"LIB":48,"CPC":73,"BQ":0,"NDP":3,"GRN":3,"PPC":1,"OTH":0}}},"geometry":{"type":"Polygon","coordinates":[[[627.26,90.31],[627.38,90.2],[627.39,90.18],[627.45,90.25],[627.52,90.34],[627.53,90.35],[627.54,90.35],[627.55,90.37],[627.55,90.39],[627.56,90.38],[627.86,90.73],[627.92,90.8],[627.86,90.85],[627.86,90.86],[627.86,90.87],[627.86,90.87],[627.8,90.93],[627.8,90.94],[627.81,90.97],[627.81,90.98],[627.81,90.99],[627.79,91.01],[627.75,91.05],[627.74,91.07],[627.73,91.07],[627.71,91.09],[627.66,91.04],[627.66,91.03],[627.65,91.02],[627.65,90.96],[627.64,90.88],[627.63,90.88],[627.58,90.86],[627.57,90.85],[627.48,90.74],[627.47,90.71],[627.46,90.7],[627.4,90.63],[627.37,90.59],[627.36,90.58],[627.35,90.57],[627.33,90.56],[627.34,90.55],[627.34,90.56],[627.35,90.55],[627.37,90.52],[627.4,90.47],[627.31,90.36],[627.3,90.35],[627.26,90.31]]]}},{"type":"Feature","id":"35040-46","properties":{"ridingCode":"35040","pollNumber":"46","pollType":"N","advancePollNumber":"610","sourceCode":"46-0","geometryPollNumbers":["46"],"code":"35040-46","resultPollNumbers":["46"],"resultStatus":"exact","result":{"electors":348,"voters":106,"totalVotes":105,"rejected":1,"turnout":30.45977011494253,"winnerId":"shelby-kramp-neuman","winnerPartyId":"CPC","runnerUpId":"tracey-sweeney-schenk","runnerUpPartyId":"LIB","margin":29.523809523809526,"top":[{"id":"shelby-kramp-neuman","name":"Shelby Kramp-Neuman","shortName":"Kramp-Neuman","partyId":"CPC","votes":66,"share":62.857142857142854},{"id":"tracey-sweeney-schenk","name":"Tracey Sweeney Schenk","shortName":"Sweeney Schenk","partyId":"LIB","votes":35,"share":33.33333333333333},{"id":"michael-holbrook","name":"Michael Holbrook","shortName":"Holbrook","partyId":"GRN","votes":2,"share":1.9047619047619049},{"id":"ava-duffy","name":"Ava Duffy","shortName":"Duffy","partyId":"NDP","votes":1,"share":0.9523809523809524}],"partyVotes":{"LIB":35,"CPC":66,"BQ":0,"NDP":1,"GRN":2,"PPC":1,"OTH":0}}},"geometry":{"type":"Polygon","coordinates":[[[627.03,90.42],[627,90.35],[627.27,90.11],[627.28,90.1],[627.28,90.09],[627.25,90.02],[627.35,90.14],[627.39,90.18],[627.38,90.2],[627.26,90.31],[627.3,90.35],[627.31,90.36],[627.4,90.47],[627.37,90.52],[627.35,90.55],[627.34,90.56],[627.34,90.55],[627.33,90.56],[627.32,90.54],[627.31,90.55],[627.33,90.57],[627.21,90.67],[627.13,90.75],[627.11,90.72],[627.09,90.65],[627.09,90.63],[627.1,90.63],[627.05,90.63],[627.03,90.42]]]}},{"type":"Feature","id":"35040-47","properties":{"ridingCode":"35040","pollNumber":"47","pollType":"N","advancePollNumber":"609","sourceCode":"47-0","geometryPollNumbers":["47"],"code":"35040-47","resultPollNumbers":["47"],"resultStatus":"exact","result":{"electors":472,"voters":151,"totalVotes":151,"rejected":0,"turnout":31.991525423728813,"winnerId":"shelby-kramp-neuman","winnerPartyId":"CPC","runnerUpId":"tracey-sweeney-schenk","runnerUpPartyId":"LIB","margin":25.165562913907287,"top":[{"id":"shelby-kramp-neuman","name":"Shelby Kramp-Neuman","shortName":"Kramp-Neuman","partyId":"CPC","votes":90,"share":59.60264900662252},{"id":"tracey-sweeney-schenk","name":"Tracey Sweeney Schenk","shortName":"Sweeney Schenk","partyId":"LIB","votes":52,"share":34.437086092715234},{"id":"ava-duffy","name":"Ava Duffy","shortName":"Duffy","partyId":"NDP","votes":4,"share":2.6490066225165565},{"id":"zaid-yusufani","name":"Zaid Yusufani","shortName":"Yusufani","partyId":"PPC","votes":3,"share":1.9867549668874174}],"partyVotes":{"LIB":52,"CPC":90,"BQ":0,"NDP":4,"GRN":2,"PPC":3,"OTH":0}}},"geometry":{"type":"Polygon","coordinates":[[[624.41,90.21],[624.34,90.18],[624.33,90.16],[624.4,90.06],[624.46,90.1],[624.47,90.11],[624.48,90.12],[624.57,90.19],[624.61,90.22],[624.7,90.29],[624.73,90.31],[624.77,90.32],[624.81,90.42],[624.82,90.42],[624.85,90.42],[624.9,90.43],[624.93,90.45],[624.94,90.46],[624.94,90.46],[625.03,90.49],[625.05,90.49],[625.05,90.49],[625.06,90.54],[625.18,90.67],[625.21,90.71],[625.27,90.68],[625.53,90.91],[625.49,90.95],[625.23,91.33],[625.22,91.34],[625.2,91.36],[625.04,91.57],[625.02,91.6],[625.01,91.62],[624.84,91.86],[624.43,92.42],[624.26,92.3],[623.94,92.03],[623.96,92],[624.66,91.03],[624.33,90.8],[624.48,90.48],[624.44,90.45],[624.48,90.4],[624.49,90.38],[624.5,90.37],[624.54,90.31],[624.52,90.3],[624.49,90.28],[624.48,90.27],[624.45,90.25],[624.44,90.24],[624.43,90.23],[624.42,90.23],[624.41,90.21]]]}},{"type":"Feature","id":"35040-48","properties":{"ridingCode":"35040","pollNumber":"48","pollType":"N","advancePollNumber":"609","sourceCode":"48-0","geometryPollNumbers":["48"],"code":"35040-48","resultPollNumbers":["48"],"resultStatus":"exact","result":{"electors":400,"voters":129,"totalVotes":129,"rejected":0,"turnout":32.25,"winnerId":"shelby-kramp-neuman","winnerPartyId":"CPC","runnerUpId":"tracey-sweeney-schenk","runnerUpPartyId":"LIB","margin":24.8062015503876,"top":[{"id":"shelby-kramp-neuman","name":"Shelby Kramp-Neuman","shortName":"Kramp-Neuman","partyId":"CPC","votes":76,"share":58.91472868217055},{"id":"tracey-sweeney-schenk","name":"Tracey Sweeney Schenk","shortName":"Sweeney Schenk","partyId":"LIB","votes":44,"share":34.10852713178294},{"id":"ava-duffy","name":"Ava Duffy","shortName":"Duffy","partyId":"NDP","votes":5,"share":3.875968992248062},{"id":"michael-holbrook","name":"Michael Holbrook","shortName":"Holbrook","partyId":"GRN","votes":3,"share":2.3255813953488373}],"partyVotes":{"LIB":44,"CPC":76,"BQ":0,"NDP":5,"GRN":3,"PPC":1,"OTH":0}}},"geometry":{"type":"Polygon","coordinates":[[[625.35,89.77],[625.36,89.72],[625.36,89.69],[625.38,89.66],[625.38,89.65],[625.4,89.65],[625.4,89.64],[625.4,89.64],[625.41,89.63],[625.41,89.62],[625.43,89.52],[625.44,89.52],[625.45,89.51],[625.46,89.51],[625.66,89.67],[625.68,89.67],[625.71,89.68],[625.72,89.68],[625.75,89.67],[625.84,89.65],[625.85,89.65],[625.86,89.65],[625.89,89.67],[625.9,89.69],[625.9,89.7],[625.96,89.72],[626.17,89.87],[626.28,89.96],[626.29,89.96],[626.3,89.96],[626.3,89.97],[626.34,90.01],[626.35,90.03],[626.35,90.03],[626.39,90.05],[626.41,90.06],[626.53,90.15],[626.53,90.16],[626.54,90.17],[626.55,90.17],[626.56,90.17],[626.58,90.18],[626.58,90.19],[626.57,90.2],[626.56,90.21],[626.54,90.22],[626.49,90.27],[626.48,90.28],[626.45,90.3],[626.35,90.39],[626.32,90.41],[626.3,90.43],[626.29,90.44],[626.25,90.47],[626.16,90.55],[625.94,90.74],[625.9,90.77],[625.79,90.87],[625.76,90.89],[625.75,90.84],[625.73,90.79],[625.73,90.76],[625.73,90.75],[625.68,90.62],[625.66,90.59],[625.66,90.57],[625.66,90.56],[625.37,90.21],[625.4,90.17],[625.4,90.16],[625.4,90.15],[625.31,90.09],[625.28,90.06],[625.25,90.04],[625.28,90],[625.28,89.98],[625.33,89.92],[625.34,89.88],[625.35,89.86],[625.33,89.84],[625.32,89.82],[625.32,89.81],[625.32,89.8],[625.34,89.78],[625.35,89.77]]]}},{"type":"Feature","id":"35040-49","properties":{"ridingCode":"35040","pollNumber":"49","pollType":"N","advancePollNumber":"609","sourceCode":"49-0","geometryPollNumbers":["49"],"code":"35040-49","resultPollNumbers":["49"],"resultStatus":"exact","result":{"electors":414,"voters":107,"totalVotes":107,"rejected":0,"turnout":25.845410628019323,"winnerId":"shelby-kramp-neuman","winnerPartyId":"CPC","runnerUpId":"tracey-sweeney-schenk","runnerUpPartyId":"LIB","margin":32.71028037383177,"top":[{"id":"shelby-kramp-neuman","name":"Shelby Kramp-Neuman","shortName":"Kramp-Neuman","partyId":"CPC","votes":70,"share":65.42056074766354},{"id":"tracey-sweeney-schenk","name":"Tracey Sweeney Schenk","shortName":"Sweeney Schenk","partyId":"LIB","votes":35,"share":32.71028037383177},{"id":"michael-holbrook","name":"Michael Holbrook","shortName":"Holbrook","partyId":"GRN","votes":2,"share":1.8691588785046727},{"id":"ava-duffy","name":"Ava Duffy","shortName":"Duffy","partyId":"NDP","votes":0,"share":0}],"partyVotes":{"LIB":35,"CPC":70,"BQ":0,"NDP":0,"GRN":2,"PPC":0,"OTH":0}}},"geometry":{"type":"Polygon","coordinates":[[[625.09,89.92],[625.13,89.86],[625.13,89.86],[625.13,89.86],[625.14,89.84],[625.11,89.79],[625.12,89.77],[625.12,89.76],[625.11,89.76],[625.11,89.76],[625.11,89.76],[625.12,89.76],[625.1,89.75],[625.1,89.74],[625.1,89.74],[625.1,89.74],[625.1,89.74],[625.09,89.74],[625.09,89.73],[625.09,89.72],[625.1,89.72],[625.09,89.72],[625.09,89.72],[625.11,89.7],[625.12,89.69],[625.1,89.68],[625.11,89.66],[625.1,89.65],[625.13,89.64],[625.17,89.62],[625.19,89.61],[625.21,89.58],[625.23,89.58],[625.24,89.57],[625.25,89.58],[625.34,89.62],[625.38,89.64],[625.4,89.64],[625.4,89.64],[625.4,89.65],[625.38,89.65],[625.38,89.66],[625.36,89.69],[625.36,89.72],[625.35,89.77],[625.34,89.78],[625.32,89.8],[625.32,89.81],[625.32,89.82],[625.33,89.84],[625.35,89.86],[625.34,89.88],[625.33,89.92],[625.28,89.98],[625.28,90],[625.25,90.04],[625.23,90.03],[625.2,90.03],[625.19,90.03],[625.18,90.02],[625.18,90],[625.17,89.98],[625.09,89.92]]]}},{"type":"Feature","id":"35040-50","properties":{"ridingCode":"35040","pollNumber":"50","pollType":"N","advancePollNumber":"610","sourceCode":"50-0","geometryPollNumbers":["50"],"code":"35040-50","resultPollNumbers":["50"],"resultStatus":"exact","result":{"electors":288,"voters":107,"totalVotes":106,"rejected":1,"turnout":37.15277777777778,"winnerId":"tracey-sweeney-schenk","winnerPartyId":"LIB","runnerUpId":"shelby-kramp-neuman","runnerUpPartyId":"CPC","margin":4.716981132075472,"top":[{"id":"tracey-sweeney-schenk","name":"Tracey Sweeney Schenk","shortName":"Sweeney Schenk","partyId":"LIB","votes":53,"share":50},{"id":"shelby-kramp-neuman","name":"Shelby Kramp-Neuman","shortName":"Kramp-Neuman","partyId":"CPC","votes":48,"share":45.28301886792453},{"id":"ava-duffy","name":"Ava Duffy","shortName":"Duffy","partyId":"NDP","votes":4,"share":3.7735849056603774},{"id":"michael-holbrook","name":"Michael Holbrook","shortName":"Holbrook","partyId":"GRN","votes":1,"share":0.9433962264150944}],"partyVotes":{"LIB":53,"CPC":48,"BQ":0,"NDP":4,"GRN":1,"PPC":0,"OTH":0}}},"geometry":{"type":"Polygon","coordinates":[[[625.76,90.89],[625.79,90.87],[625.9,90.77],[625.94,90.74],[626.16,90.55],[626.25,90.47],[626.29,90.44],[626.3,90.43],[626.32,90.41],[626.35,90.39],[626.45,90.3],[626.48,90.28],[626.49,90.27],[626.54,90.22],[626.56,90.21],[626.57,90.2],[626.6,90.25],[626.61,90.26],[626.63,90.27],[626.63,90.28],[626.65,90.3],[626.65,90.31],[626.69,90.35],[626.71,90.36],[626.74,90.4],[626.79,90.36],[626.83,90.4],[626.85,90.41],[626.88,90.45],[626.93,90.41],[626.94,90.43],[626.94,90.41],[626.94,90.4],[627,90.35],[627.03,90.42],[627.05,90.63],[627.05,90.67],[627.07,90.71],[626.99,90.71],[627,90.77],[626.99,90.79],[626.99,90.8],[626.98,90.81],[626.97,90.83],[626.97,90.83],[626.95,90.88],[626.94,90.88],[626.94,90.89],[626.94,90.89],[626.94,90.9],[626.94,90.9],[626.95,90.89],[626.95,90.89],[626.95,90.9],[626.95,90.91],[626.96,90.92],[626.95,90.94],[626.95,90.95],[626.94,90.96],[626.95,90.96],[626.94,91],[626.93,91.01],[626.93,91.03],[626.93,91.07],[626.93,91.08],[626.93,91.08],[626.93,91.08],[626.92,91.09],[626.93,91.1],[626.93,91.11],[626.94,91.12],[626.94,91.13],[626.93,91.14],[626.94,91.15],[626.94,91.16],[626.93,91.15],[626.92,91.15],[626.92,91.17],[626.91,91.19],[626.9,91.23],[626.9,91.25],[626.9,91.25],[626.9,91.27],[626.9,91.27],[626.91,91.29],[626.91,91.29],[626.92,91.29],[626.92,91.3],[626.93,91.32],[626.92,91.34],[626.92,91.37],[626.92,91.38],[626.91,91.38],[626.9,91.4],[626.88,91.46],[626.88,91.51],[626.89,91.59],[626.88,91.74],[626.89,91.75],[626.9,91.77],[626.9,91.84],[626.9,91.86],[626.91,91.89],[626.9,91.9],[626.9,91.91],[626.91,91.93],[626.67,91.76],[625.86,91.15],[625.65,90.99],[625.76,90.89]]]}},{"type":"Feature","id":"35040-51","properties":{"ridingCode":"35040","pollNumber":"51","pollType":"N","advancePollNumber":"610","sourceCode":"51-0","geometryPollNumbers":["51"],"code":"35040-51","resultPollNumbers":["51"],"resultStatus":"exact","result":{"electors":232,"voters":106,"totalVotes":105,"rejected":1,"turnout":45.689655172413794,"winnerId":"shelby-kramp-neuman","winnerPartyId":"CPC","runnerUpId":"tracey-sweeney-schenk","runnerUpPartyId":"LIB","margin":22.857142857142858,"top":[{"id":"shelby-kramp-neuman","name":"Shelby Kramp-Neuman","shortName":"Kramp-Neuman","partyId":"CPC","votes":61,"share":58.0952380952381},{"id":"tracey-sweeney-schenk","name":"Tracey Sweeney Schenk","shortName":"Sweeney Schenk","partyId":"LIB","votes":37,"share":35.23809523809524},{"id":"ava-duffy","name":"Ava Duffy","shortName":"Duffy","partyId":"NDP","votes":5,"share":4.761904761904762},{"id":"michael-holbrook","name":"Michael Holbrook","shortName":"Holbrook","partyId":"GRN","votes":2,"share":1.9047619047619049}],"partyVotes":{"LIB":37,"CPC":61,"BQ":0,"NDP":5,"GRN":2,"PPC":0,"OTH":0}}},"geometry":{"type":"Polygon","coordinates":[[[626.58,90.19],[626.73,90.06],[626.75,90.05],[626.79,90.01],[626.79,90],[626.81,90],[626.85,89.96],[626.86,89.95],[626.87,89.93],[626.88,89.93],[626.96,89.86],[626.99,89.84],[627.05,89.79],[627.13,89.88],[627.14,89.89],[627.15,89.9],[627.25,90.02],[627.28,90.09],[627.28,90.1],[627.27,90.11],[627,90.35],[626.94,90.4],[626.94,90.41],[626.94,90.43],[626.93,90.41],[626.88,90.45],[626.85,90.41],[626.83,90.4],[626.79,90.36],[626.74,90.4],[626.71,90.36],[626.69,90.35],[626.65,90.31],[626.65,90.3],[626.63,90.28],[626.63,90.27],[626.61,90.26],[626.6,90.25],[626.57,90.2],[626.58,90.19]]]}},{"type":"Feature","id":"35040-52","properties":{"ridingCode":"35040","pollNumber":"52","pollType":"N","advancePollNumber":"609","sourceCode":"52-0","geometryPollNumbers":["52"],"code":"35040-52","resultPollNumbers":["52"],"resultStatus":"exact","result":{"electors":380,"voters":144,"totalVotes":143,"rejected":1,"turnout":37.89473684210527,"winnerId":"shelby-kramp-neuman","winnerPartyId":"CPC","runnerUpId":"tracey-sweeney-schenk","runnerUpPartyId":"LIB","margin":47.55244755244755,"top":[{"id":"shelby-kramp-neuman","name":"Shelby Kramp-Neuman","shortName":"Kramp-Neuman","partyId":"CPC","votes":101,"share":70.62937062937063},{"id":"tracey-sweeney-schenk","name":"Tracey Sweeney Schenk","shortName":"Sweeney Schenk","partyId":"LIB","votes":33,"share":23.076923076923077},{"id":"ava-duffy","name":"Ava Duffy","shortName":"Duffy","partyId":"NDP","votes":8,"share":5.594405594405594},{"id":"zaid-yusufani","name":"Zaid Yusufani","shortName":"Yusufani","partyId":"PPC","votes":1,"share":0.6993006993006993}],"partyVotes":{"LIB":33,"CPC":101,"BQ":0,"NDP":8,"GRN":0,"PPC":1,"OTH":0}}},"geometry":{"type":"Polygon","coordinates":[[[624.82,90.42],[624.81,90.42],[624.77,90.32],[624.73,90.31],[624.73,90.27],[624.75,90.21],[624.76,90.19],[624.77,90.18],[624.8,90.16],[624.85,90.11],[624.87,90.08],[624.93,90],[624.93,89.99],[624.94,89.97],[624.94,89.9],[624.94,89.89],[624.95,89.87],[624.97,89.84],[625.02,89.87],[625.03,89.85],[625.04,89.85],[625.04,89.86],[625.04,89.86],[625.04,89.85],[625.03,89.84],[625.05,89.82],[625.05,89.81],[625.05,89.81],[625.07,89.81],[625.07,89.82],[625.08,89.83],[625.09,89.82],[625.1,89.82],[625.1,89.83],[625.09,89.84],[625.13,89.86],[625.13,89.86],[625.13,89.86],[625.13,89.86],[625.09,89.92],[625.17,89.98],[625.18,90],[625.18,90.02],[625.19,90.03],[625.2,90.03],[625.23,90.03],[625.25,90.04],[625.28,90.06],[625.31,90.09],[625.4,90.15],[625.4,90.16],[625.4,90.17],[625.37,90.21],[625.66,90.56],[625.66,90.57],[625.66,90.59],[625.68,90.62],[625.73,90.75],[625.73,90.76],[625.73,90.79],[625.75,90.84],[625.76,90.89],[625.65,90.99],[625.53,90.91],[625.27,90.68],[625.21,90.71],[625.18,90.67],[625.06,90.54],[625.05,90.49],[625.05,90.49],[625.03,90.49],[624.94,90.46],[624.94,90.46],[624.93,90.45],[624.9,90.43],[624.85,90.42],[624.82,90.42]]]}},{"type":"Feature","id":"35040-53","properties":{"ridingCode":"35040","pollNumber":"53","pollType":"N","advancePollNumber":"609","sourceCode":"53-0","geometryPollNumbers":["53"],"code":"35040-53","resultPollNumbers":["53"],"resultStatus":"exact","result":{"electors":414,"voters":170,"totalVotes":169,"rejected":1,"turnout":41.06280193236715,"winnerId":"shelby-kramp-neuman","winnerPartyId":"CPC","runnerUpId":"tracey-sweeney-schenk","runnerUpPartyId":"LIB","margin":55.02958579881657,"top":[{"id":"shelby-kramp-neuman","name":"Shelby Kramp-Neuman","shortName":"Kramp-Neuman","partyId":"CPC","votes":125,"share":73.96449704142012},{"id":"tracey-sweeney-schenk","name":"Tracey Sweeney Schenk","shortName":"Sweeney Schenk","partyId":"LIB","votes":32,"share":18.93491124260355},{"id":"ava-duffy","name":"Ava Duffy","shortName":"Duffy","partyId":"NDP","votes":5,"share":2.9585798816568047},{"id":"michael-holbrook","name":"Michael Holbrook","shortName":"Holbrook","partyId":"GRN","votes":5,"share":2.9585798816568047}],"partyVotes":{"LIB":32,"CPC":125,"BQ":0,"NDP":5,"GRN":5,"PPC":2,"OTH":0}}},"geometry":{"type":"Polygon","coordinates":[[[624.3,89.99],[624.19,89.92],[624.27,89.8],[624.28,89.79],[624.36,89.68],[624.43,89.59],[624.55,89.43],[624.58,89.44],[624.59,89.44],[624.61,89.44],[624.62,89.43],[624.63,89.42],[624.65,89.42],[624.66,89.43],[625,89.68],[624.97,89.72],[624.98,89.74],[624.98,89.74],[624.96,89.75],[624.96,89.76],[624.97,89.76],[624.94,89.81],[624.95,89.82],[624.94,89.85],[624.95,89.86],[624.96,89.85],[624.96,89.84],[624.97,89.83],[624.97,89.84],[624.95,89.87],[624.94,89.89],[624.94,89.9],[624.94,89.97],[624.93,89.99],[624.93,90],[624.87,90.08],[624.85,90.11],[624.8,90.16],[624.77,90.18],[624.76,90.19],[624.75,90.21],[624.73,90.27],[624.73,90.31],[624.7,90.29],[624.61,90.22],[624.57,90.19],[624.48,90.12],[624.47,90.11],[624.46,90.1],[624.4,90.06],[624.3,89.99]]]}},{"type":"Feature","id":"35040-54","properties":{"ridingCode":"35040","pollNumber":"54","pollType":"N","advancePollNumber":"609","sourceCode":"54-0","geometryPollNumbers":["54"],"code":"35040-54","resultPollNumbers":["54"],"resultStatus":"exact","result":{"electors":359,"voters":92,"totalVotes":92,"rejected":0,"turnout":25.62674094707521,"winnerId":"shelby-kramp-neuman","winnerPartyId":"CPC","runnerUpId":"tracey-sweeney-schenk","runnerUpPartyId":"LIB","margin":25,"top":[{"id":"shelby-kramp-neuman","name":"Shelby Kramp-Neuman","shortName":"Kramp-Neuman","partyId":"CPC","votes":55,"share":59.78260869565217},{"id":"tracey-sweeney-schenk","name":"Tracey Sweeney Schenk","shortName":"Sweeney Schenk","partyId":"LIB","votes":32,"share":34.78260869565217},{"id":"ava-duffy","name":"Ava Duffy","shortName":"Duffy","partyId":"NDP","votes":3,"share":3.260869565217391},{"id":"michael-holbrook","name":"Michael Holbrook","shortName":"Holbrook","partyId":"GRN","votes":1,"share":1.0869565217391304}],"partyVotes":{"LIB":32,"CPC":55,"BQ":0,"NDP":3,"GRN":1,"PPC":1,"OTH":0}}},"geometry":{"type":"Polygon","coordinates":[[[625.02,89.81],[625.02,89.8],[625.03,89.79],[625.03,89.78],[625.04,89.77],[625.06,89.75],[625.06,89.76],[625.07,89.76],[625.08,89.76],[625.09,89.75],[625.1,89.76],[625.11,89.76],[625.11,89.76],[625.11,89.76],[625.12,89.76],[625.12,89.77],[625.11,89.79],[625.14,89.84],[625.13,89.86],[625.13,89.86],[625.09,89.84],[625.1,89.83],[625.1,89.82],[625.09,89.82],[625.08,89.83],[625.07,89.82],[625.07,89.81],[625.05,89.81],[625.05,89.81],[625.05,89.82],[625.03,89.84],[625.02,89.82],[625.02,89.81]]]}},{"type":"Feature","id":"35040-55","properties":{"ridingCode":"35040","pollNumber":"55","pollType":"N","advancePollNumber":"608","sourceCode":"55-0","geometryPollNumbers":["55"],"code":"35040-55","resultPollNumbers":["55"],"resultStatus":"exact","result":{"electors":449,"voters":164,"totalVotes":164,"rejected":0,"turnout":36.525612472160354,"winnerId":"shelby-kramp-neuman","winnerPartyId":"CPC","runnerUpId":"tracey-sweeney-schenk","runnerUpPartyId":"LIB","margin":33.53658536585366,"top":[{"id":"shelby-kramp-neuman","name":"Shelby Kramp-Neuman","shortName":"Kramp-Neuman","partyId":"CPC","votes":102,"share":62.19512195121951},{"id":"tracey-sweeney-schenk","name":"Tracey Sweeney Schenk","shortName":"Sweeney Schenk","partyId":"LIB","votes":47,"share":28.65853658536585},{"id":"ava-duffy","name":"Ava Duffy","shortName":"Duffy","partyId":"NDP","votes":9,"share":5.487804878048781},{"id":"michael-holbrook","name":"Michael Holbrook","shortName":"Holbrook","partyId":"GRN","votes":4,"share":2.4390243902439024}],"partyVotes":{"LIB":47,"CPC":102,"BQ":0,"NDP":9,"GRN":4,"PPC":2,"OTH":0}}},"geometry":{"type":"Polygon","coordinates":[[[624.95,89.82],[624.94,89.81],[624.97,89.76],[624.96,89.76],[624.96,89.75],[624.98,89.74],[624.98,89.74],[624.99,89.72],[625.01,89.73],[625.01,89.73],[625.03,89.74],[625.03,89.75],[625.03,89.75],[625.04,89.77],[625.03,89.78],[625.03,89.79],[625.02,89.8],[625.02,89.81],[625.02,89.82],[625.03,89.84],[625.04,89.85],[625.04,89.86],[625.04,89.86],[625.04,89.85],[625.03,89.85],[625.02,89.87],[624.97,89.84],[624.97,89.83],[624.96,89.84],[624.96,89.85],[624.95,89.86],[624.94,89.85],[624.95,89.82]]]}},{"type":"Feature","id":"35040-56","properties":{"ridingCode":"35040","pollNumber":"56","pollType":"N","advancePollNumber":"612","sourceCode":"56-0","geometryPollNumbers":["56"],"code":"35040-56","resultPollNumbers":["56"],"resultStatus":"exact","result":{"electors":223,"voters":129,"totalVotes":129,"rejected":0,"turnout":57.847533632286996,"winnerId":"shelby-kramp-neuman","winnerPartyId":"CPC","runnerUpId":"tracey-sweeney-schenk","runnerUpPartyId":"LIB","margin":3.10077519379845,"top":[{"id":"shelby-kramp-neuman","name":"Shelby Kramp-Neuman","shortName":"Kramp-Neuman","partyId":"CPC","votes":63,"share":48.837209302325576},{"id":"tracey-sweeney-schenk","name":"Tracey Sweeney Schenk","shortName":"Sweeney Schenk","partyId":"LIB","votes":59,"share":45.73643410852713},{"id":"ava-duffy","name":"Ava Duffy","shortName":"Duffy","partyId":"NDP","votes":6,"share":4.651162790697675},{"id":"michael-holbrook","name":"Michael Holbrook","shortName":"Holbrook","partyId":"GRN","votes":1,"share":0.7751937984496124}],"partyVotes":{"LIB":59,"CPC":63,"BQ":0,"NDP":6,"GRN":1,"PPC":0,"OTH":0}}},"geometry":{"type":"Polygon","coordinates":[[[628.88,90.4],[628.89,90.4],[629.04,90.27],[629.11,90.22],[629.25,90.39],[629.05,90.6],[628.79,90.86],[628.52,90.53],[628.53,90.52],[628.54,90.51],[628.62,90.5],[628.66,90.48],[628.67,90.47],[628.68,90.47],[628.69,90.48],[628.72,90.52],[628.73,90.52],[628.75,90.51],[628.88,90.4]]]}},{"type":"Feature","id":"35040-57","properties":{"ridingCode":"35040","pollNumber":"57","pollType":"N","advancePollNumber":"612","sourceCode":"57-0","geometryPollNumbers":["57"],"code":"35040-57","resultPollNumbers":["57"],"resultStatus":"exact","result":{"electors":315,"voters":185,"totalVotes":185,"rejected":0,"turnout":58.730158730158735,"winnerId":"tracey-sweeney-schenk","winnerPartyId":"LIB","runnerUpId":"shelby-kramp-neuman","runnerUpPartyId":"CPC","margin":3.783783783783784,"top":[{"id":"tracey-sweeney-schenk","name":"Tracey Sweeney Schenk","shortName":"Sweeney Schenk","partyId":"LIB","votes":90,"share":48.64864864864865},{"id":"shelby-kramp-neuman","name":"Shelby Kramp-Neuman","shortName":"Kramp-Neuman","partyId":"CPC","votes":83,"share":44.86486486486487},{"id":"ava-duffy","name":"Ava Duffy","shortName":"Duffy","partyId":"NDP","votes":6,"share":3.2432432432432434},{"id":"michael-holbrook","name":"Michael Holbrook","shortName":"Holbrook","partyId":"GRN","votes":5,"share":2.7027027027027026}],"partyVotes":{"LIB":90,"CPC":83,"BQ":0,"NDP":6,"GRN":5,"PPC":1,"OTH":0}}},"geometry":{"type":"Polygon","coordinates":[[[628.66,90],[628.69,90.02],[628.75,89.98],[628.82,89.97],[628.89,90.05],[628.93,90.01],[628.95,90.02],[628.95,90.05],[628.96,90.04],[629.04,90.13],[629.04,90.17],[629.07,90.17],[629.11,90.22],[629.04,90.27],[628.89,90.4],[628.88,90.4],[628.75,90.51],[628.73,90.52],[628.72,90.52],[628.69,90.48],[628.68,90.47],[628.67,90.47],[628.66,90.48],[628.62,90.5],[628.54,90.51],[628.53,90.52],[628.52,90.53],[628.5,90.51],[628.63,90.4],[628.44,90.18],[628.65,90.04],[628.65,90.02],[628.66,90]]]}},{"type":"Feature","id":"35040-58","properties":{"ridingCode":"35040","pollNumber":"58","pollType":"N","advancePollNumber":"606","sourceCode":"58-0","geometryPollNumbers":["58"],"code":"35040-58","resultPollNumbers":["58"],"resultStatus":"exact","result":{"electors":461,"voters":185,"totalVotes":185,"rejected":0,"turnout":40.130151843817785,"winnerId":"shelby-kramp-neuman","winnerPartyId":"CPC","runnerUpId":"tracey-sweeney-schenk","runnerUpPartyId":"LIB","margin":22.702702702702705,"top":[{"id":"shelby-kramp-neuman","name":"Shelby Kramp-Neuman","shortName":"Kramp-Neuman","partyId":"CPC","votes":107,"share":57.83783783783784},{"id":"tracey-sweeney-schenk","name":"Tracey Sweeney Schenk","shortName":"Sweeney Schenk","partyId":"LIB","votes":65,"share":35.13513513513514},{"id":"ava-duffy","name":"Ava Duffy","shortName":"Duffy","partyId":"NDP","votes":9,"share":4.864864864864865},{"id":"zaid-yusufani","name":"Zaid Yusufani","shortName":"Yusufani","partyId":"PPC","votes":3,"share":1.6216216216216217}],"partyVotes":{"LIB":65,"CPC":107,"BQ":0,"NDP":9,"GRN":1,"PPC":3,"OTH":0}}},"geometry":{"type":"Polygon","coordinates":[[[621.01,89.91],[621.12,89.78],[621.15,89.75],[621.2,89.68],[621.38,89.43],[621.4,89.4],[621.41,89.39],[621.42,89.38],[621.42,89.38],[621.43,89.38],[621.45,89.39],[621.49,89.42],[621.51,89.42],[621.54,89.42],[621.59,89.42],[621.6,89.41],[621.62,89.37],[621.63,89.37],[621.65,89.36],[621.68,89.37],[621.69,89.37],[621.7,89.38],[621.74,89.43],[621.76,89.44],[621.77,89.44],[621.8,89.44],[621.87,89.45],[621.88,89.45],[621.88,89.44],[621.89,89.44],[621.92,89.39],[622,89.29],[622.01,89.28],[622.03,89.28],[622.04,89.27],[622.05,89.27],[622.08,89.24],[622.09,89.23],[622.09,89.2],[622.1,89.19],[622.11,89.17],[622.13,89.15],[622.15,89.15],[622.32,89.28],[622.3,89.32],[622.29,89.33],[622.29,89.35],[622.3,89.4],[622.29,89.4],[622.29,89.42],[622.29,89.42],[622.3,89.43],[622.3,89.45],[622.22,89.57],[622.2,89.59],[622.18,89.62],[622.18,89.63],[622.18,89.63],[622.19,89.65],[622.22,89.68],[622.22,89.69],[622.11,89.87],[622.11,89.88],[622.11,89.89],[622.11,89.91],[622.11,89.93],[622.11,89.93],[622.1,89.95],[622.09,89.96],[622.08,89.97],[622.06,89.97],[622.05,89.97],[622.04,89.99],[622.01,90.01],[621.98,90.07],[621.97,90.08],[621.96,90.08],[621.93,90.08],[621.93,90.1],[621.92,90.11],[621.91,90.11],[621.9,90.12],[621.9,90.12],[621.87,90.14],[621.87,90.15],[621.87,90.18],[621.87,90.19],[621.88,90.2],[621.89,90.22],[621.88,90.23],[621.88,90.24],[621.87,90.24],[621.86,90.24],[621.86,90.24],[621.85,90.24],[621.84,90.25],[621.84,90.26],[621.83,90.27],[621.83,90.28],[621.81,90.31],[621.79,90.34],[621.76,90.37],[621.76,90.38],[621.75,90.39],[621.76,90.4],[622.21,90.78],[622.14,90.89],[621.98,91.08],[621.05,90.38],[620.92,90.39],[620.8,90.19],[620.83,90.15],[620.85,90.13],[620.86,90.12],[620.89,90.07],[620.91,90.06],[620.92,90.04],[620.99,89.94],[621.01,89.91]]]}},{"type":"Feature","id":"35040-59","properties":{"ridingCode":"35040","pollNumber":"59","pollType":"N","advancePollNumber":"606","sourceCode":"59-0","geometryPollNumbers":["59"],"code":"35040-59","resultPollNumbers":["59"],"resultStatus":"exact","result":{"electors":374,"voters":160,"totalVotes":159,"rejected":1,"turnout":42.780748663101605,"winnerId":"shelby-kramp-neuman","winnerPartyId":"CPC","runnerUpId":"tracey-sweeney-schenk","runnerUpPartyId":"LIB","margin":44.65408805031446,"top":[{"id":"shelby-kramp-neuman","name":"Shelby Kramp-Neuman","shortName":"Kramp-Neuman","partyId":"CPC","votes":112,"share":70.44025157232704},{"id":"tracey-sweeney-schenk","name":"Tracey Sweeney Schenk","shortName":"Sweeney Schenk","partyId":"LIB","votes":41,"share":25.78616352201258},{"id":"michael-holbrook","name":"Michael Holbrook","shortName":"Holbrook","partyId":"GRN","votes":3,"share":1.8867924528301887},{"id":"ava-duffy","name":"Ava Duffy","shortName":"Duffy","partyId":"NDP","votes":2,"share":1.257861635220126}],"partyVotes":{"LIB":41,"CPC":112,"BQ":0,"NDP":2,"GRN":3,"PPC":1,"OTH":0}}},"geometry":{"type":"Polygon","coordinates":[[[621.6,89.13],[621.72,88.95],[621.8,88.85],[621.84,88.81],[621.9,88.72],[621.95,88.66],[621.96,88.65],[622.01,88.66],[622.03,88.69],[622.05,88.72],[622.07,88.73],[622.06,88.74],[622.05,88.76],[622.03,88.81],[622,88.79],[621.94,88.93],[621.97,88.98],[621.98,89.01],[621.97,89.04],[622.09,89.04],[622.1,89.04],[622.12,89.07],[622.15,89.09],[622.16,89.08],[622.18,89.06],[622.2,89.06],[622.23,89.07],[622.24,89.08],[622.25,89.08],[622.24,89.1],[622.23,89.1],[622.2,89.11],[622.15,89.13],[622.14,89.14],[622.13,89.15],[622.11,89.17],[622.1,89.19],[622.09,89.2],[622.09,89.23],[622.08,89.24],[622.05,89.27],[622.04,89.27],[622.03,89.28],[622.01,89.28],[622,89.29],[621.92,89.39],[621.89,89.44],[621.88,89.44],[621.88,89.45],[621.87,89.45],[621.8,89.44],[621.77,89.44],[621.76,89.44],[621.74,89.43],[621.7,89.38],[621.69,89.37],[621.68,89.37],[621.65,89.36],[621.63,89.37],[621.62,89.37],[621.6,89.41],[621.59,89.42],[621.54,89.42],[621.51,89.42],[621.49,89.42],[621.45,89.39],[621.43,89.38],[621.42,89.38],[621.42,89.38],[621.6,89.13]]]}},{"type":"Feature","id":"35040-60","properties":{"ridingCode":"35040","pollNumber":"60","pollType":"N","advancePollNumber":"606","sourceCode":"60-0","geometryPollNumbers":["60"],"code":"35040-60","resultPollNumbers":["60"],"resultStatus":"exact","result":{"electors":392,"voters":142,"totalVotes":141,"rejected":1,"turnout":36.224489795918366,"winnerId":"shelby-kramp-neuman","winnerPartyId":"CPC","runnerUpId":"tracey-sweeney-schenk","runnerUpPartyId":"LIB","margin":26.24113475177305,"top":[{"id":"shelby-kramp-neuman","name":"Shelby Kramp-Neuman","shortName":"Kramp-Neuman","partyId":"CPC","votes":82,"share":58.156028368794324},{"id":"tracey-sweeney-schenk","name":"Tracey Sweeney Schenk","shortName":"Sweeney Schenk","partyId":"LIB","votes":45,"share":31.914893617021278},{"id":"ava-duffy","name":"Ava Duffy","shortName":"Duffy","partyId":"NDP","votes":11,"share":7.801418439716312},{"id":"michael-holbrook","name":"Michael Holbrook","shortName":"Holbrook","partyId":"GRN","votes":3,"share":2.127659574468085}],"partyVotes":{"LIB":45,"CPC":82,"BQ":0,"NDP":11,"GRN":3,"PPC":0,"OTH":0}}},"geometry":{"type":"Polygon","coordinates":[[[622.24,89.1],[622.25,89.08],[622.27,89.05],[622.29,89.03],[622.31,89.01],[622.32,89.02],[622.27,89.08],[622.3,89.1],[622.35,89.03],[622.37,89.06],[622.45,89.11],[622.32,89.28],[622.15,89.15],[622.13,89.15],[622.14,89.14],[622.15,89.13],[622.2,89.11],[622.23,89.1],[622.24,89.1]]]}},{"type":"Feature","id":"35040-61","properties":{"ridingCode":"35040","pollNumber":"61","pollType":"N","advancePollNumber":"610","sourceCode":"61-0","geometryPollNumbers":["61"],"code":"35040-61","resultPollNumbers":["61"],"resultStatus":"exact","result":{"electors":379,"voters":234,"totalVotes":233,"rejected":1,"turnout":61.74142480211082,"winnerId":"shelby-kramp-neuman","winnerPartyId":"CPC","runnerUpId":"tracey-sweeney-schenk","runnerUpPartyId":"LIB","margin":28.32618025751073,"top":[{"id":"shelby-kramp-neuman","name":"Shelby Kramp-Neuman","shortName":"Kramp-Neuman","partyId":"CPC","votes":141,"share":60.51502145922747},{"id":"tracey-sweeney-schenk","name":"Tracey Sweeney Schenk","shortName":"Sweeney Schenk","partyId":"LIB","votes":75,"share":32.18884120171674},{"id":"ava-duffy","name":"Ava Duffy","shortName":"Duffy","partyId":"NDP","votes":12,"share":5.150214592274678},{"id":"michael-holbrook","name":"Michael Holbrook","shortName":"Holbrook","partyId":"GRN","votes":3,"share":1.2875536480686696}],"partyVotes":{"LIB":75,"CPC":141,"BQ":0,"NDP":12,"GRN":3,"PPC":2,"OTH":0}}},"geometry":{"type":"Polygon","coordinates":[[[628,90.6],[628.1,90.71],[628.26,90.57],[628.26,90.57],[628.3,90.54],[628.31,90.53],[628.31,90.52],[628.3,90.5],[628.3,90.5],[628.3,90.49],[628.39,90.41],[628.4,90.4],[628.41,90.4],[628.45,90.42],[628.43,90.43],[628.5,90.51],[628.52,90.53],[628.79,90.86],[628.66,91],[628.65,91],[628.65,91.01],[628.62,91.04],[628.51,91.15],[628.34,91.28],[628.27,91.35],[628.09,91.14],[628.12,91.01],[628.07,90.98],[627.95,90.83],[627.92,90.8],[627.86,90.73],[628,90.6]]]}},{"type":"Feature","id":"35040-62","properties":{"ridingCode":"35040","pollNumber":"62","pollType":"N","advancePollNumber":"610","sourceCode":"62-0","geometryPollNumbers":["62"],"code":"35040-62","resultPollNumbers":["62"],"resultStatus":"exact","result":{"electors":415,"voters":225,"totalVotes":224,"rejected":1,"turnout":54.21686746987952,"winnerId":"shelby-kramp-neuman","winnerPartyId":"CPC","runnerUpId":"tracey-sweeney-schenk","runnerUpPartyId":"LIB","margin":46.875,"top":[{"id":"shelby-kramp-neuman","name":"Shelby Kramp-Neuman","shortName":"Kramp-Neuman","partyId":"CPC","votes":156,"share":69.64285714285714},{"id":"tracey-sweeney-schenk","name":"Tracey Sweeney Schenk","shortName":"Sweeney Schenk","partyId":"LIB","votes":51,"share":22.767857142857142},{"id":"ava-duffy","name":"Ava Duffy","shortName":"Duffy","partyId":"NDP","votes":12,"share":5.357142857142857},{"id":"zaid-yusufani","name":"Zaid Yusufani","shortName":"Yusufani","partyId":"PPC","votes":4,"share":1.7857142857142856}],"partyVotes":{"LIB":51,"CPC":156,"BQ":0,"NDP":12,"GRN":1,"PPC":4,"OTH":0}}},"geometry":{"type":"Polygon","coordinates":[[[627.56,90.38],[627.55,90.39],[627.55,90.37],[627.54,90.35],[627.53,90.35],[627.52,90.34],[627.52,90.33],[627.55,90.3],[627.55,90.26],[627.56,90.24],[627.64,90.17],[627.64,90.16],[627.65,90.15],[627.85,89.98],[627.83,89.95],[627.84,89.94],[627.84,89.93],[627.84,89.91],[627.83,89.9],[627.91,89.83],[628.11,90.06],[628.15,90.03],[628.13,90.05],[628.13,90.07],[628.13,90.09],[628.25,90.23],[628.26,90.23],[628.37,90.35],[628.4,90.4],[628.39,90.41],[628.3,90.49],[628.3,90.5],[628.3,90.5],[628.31,90.52],[628.31,90.53],[628.3,90.54],[628.26,90.57],[628.26,90.57],[628.1,90.71],[628,90.6],[627.86,90.73],[627.56,90.38]]]}},{"type":"Feature","id":"35040-63","properties":{"ridingCode":"35040","pollNumber":"63","pollType":"N","advancePollNumber":"611","sourceCode":"63-0","geometryPollNumbers":["63"],"code":"35040-63","resultPollNumbers":["63"],"resultStatus":"exact","result":{"electors":454,"voters":177,"totalVotes":177,"rejected":0,"turnout":38.986784140969164,"winnerId":"shelby-kramp-neuman","winnerPartyId":"CPC","runnerUpId":"tracey-sweeney-schenk","runnerUpPartyId":"LIB","margin":11.864406779661017,"top":[{"id":"shelby-kramp-neuman","name":"Shelby Kramp-Neuman","shortName":"Kramp-Neuman","partyId":"CPC","votes":94,"share":53.10734463276836},{"id":"tracey-sweeney-schenk","name":"Tracey Sweeney Schenk","shortName":"Sweeney Schenk","partyId":"LIB","votes":73,"share":41.24293785310734},{"id":"ava-duffy","name":"Ava Duffy","shortName":"Duffy","partyId":"NDP","votes":7,"share":3.954802259887006},{"id":"michael-holbrook","name":"Michael Holbrook","shortName":"Holbrook","partyId":"GRN","votes":3,"share":1.694915254237288}],"partyVotes":{"LIB":73,"CPC":94,"BQ":0,"NDP":7,"GRN":3,"PPC":0,"OTH":0}}},"geometry":{"type":"Polygon","coordinates":[[[628.2,89.59],[628.24,89.56],[628.25,89.55],[628.37,89.45],[628.4,89.43],[628.47,89.38],[628.55,89.31],[628.64,89.43],[628.75,89.33],[628.76,89.32],[628.79,89.36],[628.78,89.36],[628.78,89.37],[628.8,89.38],[628.82,89.4],[628.82,89.41],[628.84,89.44],[628.78,89.49],[628.76,89.58],[628.87,89.73],[628.88,89.73],[628.98,89.86],[628.96,89.9],[628.95,90.02],[628.93,90.01],[628.89,90.05],[628.82,89.97],[628.75,89.98],[628.69,90.02],[628.66,90],[628.65,90.02],[628.65,90.04],[628.44,90.18],[628.63,90.4],[628.5,90.51],[628.43,90.43],[628.45,90.42],[628.41,90.4],[628.4,90.4],[628.37,90.35],[628.26,90.23],[628.25,90.23],[628.13,90.09],[628.13,90.07],[628.13,90.05],[628.15,90.03],[628.25,89.95],[628.24,89.94],[628.25,89.93],[628.26,89.94],[628.3,89.91],[628.28,89.88],[628.28,89.87],[628.28,89.86],[628.22,89.65],[628.2,89.59]]]}},{"type":"Feature","id":"35040-64","properties":{"ridingCode":"35040","pollNumber":"64","pollType":"N","advancePollNumber":"611","sourceCode":"64-0","geometryPollNumbers":["64"],"code":"35040-64","resultPollNumbers":["64"],"resultStatus":"exact","result":{"electors":456,"voters":143,"totalVotes":143,"rejected":0,"turnout":31.359649122807014,"winnerId":"shelby-kramp-neuman","winnerPartyId":"CPC","runnerUpId":"tracey-sweeney-schenk","runnerUpPartyId":"LIB","margin":18.181818181818183,"top":[{"id":"shelby-kramp-neuman","name":"Shelby Kramp-Neuman","shortName":"Kramp-Neuman","partyId":"CPC","votes":81,"share":56.64335664335665},{"id":"tracey-sweeney-schenk","name":"Tracey Sweeney Schenk","shortName":"Sweeney Schenk","partyId":"LIB","votes":55,"share":38.46153846153847},{"id":"ava-duffy","name":"Ava Duffy","shortName":"Duffy","partyId":"NDP","votes":3,"share":2.097902097902098},{"id":"zaid-yusufani","name":"Zaid Yusufani","shortName":"Yusufani","partyId":"PPC","votes":3,"share":2.097902097902098}],"partyVotes":{"LIB":55,"CPC":81,"BQ":0,"NDP":3,"GRN":1,"PPC":3,"OTH":0}}},"geometry":{"type":"Polygon","coordinates":[[[627.69,89.24],[627.72,89.21],[627.85,89.1],[627.85,89.1],[628.04,88.94],[628.08,88.91],[628.47,89.38],[628.4,89.43],[628.37,89.45],[628.25,89.55],[628.24,89.56],[628.2,89.59],[628.22,89.65],[628.28,89.86],[628.28,89.87],[628.28,89.88],[628.3,89.91],[628.26,89.94],[628.25,89.93],[628.24,89.94],[628.25,89.95],[628.15,90.03],[628.11,90.06],[627.91,89.83],[627.73,89.62],[627.53,89.38],[627.69,89.24]]]}},{"type":"Feature","id":"35040-65","properties":{"ridingCode":"35040","pollNumber":"65","pollType":"N","advancePollNumber":"606","sourceCode":"65-0","geometryPollNumbers":["65"],"code":"35040-65","resultPollNumbers":["65"],"resultStatus":"exact","result":{"electors":336,"voters":85,"totalVotes":85,"rejected":0,"turnout":25.297619047619047,"winnerId":"shelby-kramp-neuman","winnerPartyId":"CPC","runnerUpId":"tracey-sweeney-schenk","runnerUpPartyId":"LIB","margin":40,"top":[{"id":"shelby-kramp-neuman","name":"Shelby Kramp-Neuman","shortName":"Kramp-Neuman","partyId":"CPC","votes":54,"share":63.52941176470588},{"id":"tracey-sweeney-schenk","name":"Tracey Sweeney Schenk","shortName":"Sweeney Schenk","partyId":"LIB","votes":20,"share":23.52941176470588},{"id":"ava-duffy","name":"Ava Duffy","shortName":"Duffy","partyId":"NDP","votes":9,"share":10.588235294117647},{"id":"michael-holbrook","name":"Michael Holbrook","shortName":"Holbrook","partyId":"GRN","votes":1,"share":1.1764705882352942}],"partyVotes":{"LIB":20,"CPC":54,"BQ":0,"NDP":9,"GRN":1,"PPC":1,"OTH":0}}},"geometry":{"type":"Polygon","coordinates":[[[622.59,90.21],[622.6,90.21],[622.6,90.2],[622.67,90.11],[622.67,90.1],[622.68,90.09],[622.93,89.7],[623.15,89.39],[623.26,89.23],[623.28,89.25],[623.57,89.45],[623.63,89.51],[623.64,89.51],[623.69,89.55],[623.66,89.59],[623.65,89.6],[623.65,89.61],[623.6,89.67],[623.48,89.83],[623.39,89.94],[623.37,89.95],[623.36,89.96],[623.34,90],[623.33,90.02],[623.32,90.05],[623.31,90.05],[623.3,90.08],[623.29,90.1],[623.27,90.13],[623.26,90.15],[623.25,90.16],[623.24,90.16],[623.21,90.17],[623.2,90.18],[623.19,90.19],[623.18,90.21],[623.17,90.23],[623.17,90.24],[623.14,90.26],[623.12,90.29],[623.1,90.28],[623.09,90.28],[623.07,90.28],[623.04,90.29],[623.03,90.29],[623.01,90.29],[622.98,90.28],[622.94,90.28],[622.91,90.28],[622.87,90.26],[622.8,90.23],[622.79,90.24],[622.79,90.26],[622.78,90.27],[622.78,90.27],[622.77,90.27],[622.77,90.27],[622.75,90.28],[622.74,90.28],[622.68,90.25],[622.68,90.25],[622.66,90.26],[622.65,90.26],[622.6,90.22],[622.6,90.21],[622.59,90.21]]]}},{"type":"Feature","id":"35040-66","properties":{"ridingCode":"35040","pollNumber":"66","pollType":"N","advancePollNumber":"606","sourceCode":"66-0","geometryPollNumbers":["66"],"code":"35040-66","resultPollNumbers":["66"],"resultStatus":"exact","result":{"electors":332,"voters":119,"totalVotes":119,"rejected":0,"turnout":35.8433734939759,"winnerId":"shelby-kramp-neuman","winnerPartyId":"CPC","runnerUpId":"tracey-sweeney-schenk","runnerUpPartyId":"LIB","margin":35.294117647058826,"top":[{"id":"shelby-kramp-neuman","name":"Shelby Kramp-Neuman","shortName":"Kramp-Neuman","partyId":"CPC","votes":74,"share":62.18487394957983},{"id":"tracey-sweeney-schenk","name":"Tracey Sweeney Schenk","shortName":"Sweeney Schenk","partyId":"LIB","votes":32,"share":26.89075630252101},{"id":"ava-duffy","name":"Ava Duffy","shortName":"Duffy","partyId":"NDP","votes":7,"share":5.88235294117647},{"id":"michael-holbrook","name":"Michael Holbrook","shortName":"Holbrook","partyId":"GRN","votes":4,"share":3.361344537815126}],"partyVotes":{"LIB":32,"CPC":74,"BQ":0,"NDP":7,"GRN":4,"PPC":2,"OTH":0}}},"geometry":{"type":"Polygon","coordinates":[[[622.32,89.28],[622.45,89.11],[622.49,89.05],[622.59,88.91],[622.58,88.87],[622.59,88.79],[622.6,88.76],[623.11,89.13],[623.11,89.13],[623.13,89.14],[623.13,89.14],[623.13,89.14],[623.14,89.15],[623.26,89.23],[623.15,89.39],[623.07,89.34],[623.05,89.34],[622.83,89.36],[622.81,89.36],[622.79,89.35],[622.79,89.35],[622.78,89.35],[622.77,89.36],[622.77,89.37],[622.75,89.38],[622.74,89.41],[622.73,89.41],[622.7,89.41],[622.7,89.42],[622.68,89.42],[622.67,89.41],[622.63,89.48],[622.62,89.5],[622.62,89.51],[622.61,89.5],[622.67,89.41],[622.64,89.39],[622.62,89.37],[622.61,89.37],[622.61,89.35],[622.61,89.35],[622.56,89.42],[622.55,89.43],[622.54,89.45],[622.51,89.5],[622.44,89.45],[622.43,89.45],[622.4,89.41],[622.43,89.36],[622.32,89.28]]]}},{"type":"Feature","id":"35040-67","properties":{"ridingCode":"35040","pollNumber":"67","pollType":"N","advancePollNumber":"607","sourceCode":"67-0","geometryPollNumbers":["67"],"code":"35040-67","resultPollNumbers":["67"],"resultStatus":"exact","result":{"electors":487,"voters":137,"totalVotes":136,"rejected":1,"turnout":28.131416837782343,"winnerId":"shelby-kramp-neuman","winnerPartyId":"CPC","runnerUpId":"tracey-sweeney-schenk","runnerUpPartyId":"LIB","margin":33.088235294117645,"top":[{"id":"shelby-kramp-neuman","name":"Shelby Kramp-Neuman","shortName":"Kramp-Neuman","partyId":"CPC","votes":84,"share":61.76470588235294},{"id":"tracey-sweeney-schenk","name":"Tracey Sweeney Schenk","shortName":"Sweeney Schenk","partyId":"LIB","votes":39,"share":28.676470588235293},{"id":"ava-duffy","name":"Ava Duffy","shortName":"Duffy","partyId":"NDP","votes":9,"share":6.61764705882353},{"id":"michael-holbrook","name":"Michael Holbrook","shortName":"Holbrook","partyId":"GRN","votes":3,"share":2.2058823529411766}],"partyVotes":{"LIB":39,"CPC":84,"BQ":0,"NDP":9,"GRN":3,"PPC":1,"OTH":0}}},"geometry":{"type":"Polygon","coordinates":[[[623.75,89.74],[623.77,89.71],[623.78,89.72],[623.8,89.7],[623.82,89.71],[623.82,89.71],[623.82,89.7],[623.83,89.71],[623.84,89.7],[623.88,89.74],[623.87,89.75],[623.89,89.76],[623.88,89.77],[623.89,89.77],[623.88,89.79],[623.8,89.73],[623.79,89.74],[623.78,89.76],[623.75,89.74]]]}},{"type":"Feature","id":"35040-68","properties":{"ridingCode":"35040","pollNumber":"68","pollType":"N","advancePollNumber":"607","sourceCode":"68-0","geometryPollNumbers":["68"],"code":"35040-68","resultPollNumbers":["68"],"resultStatus":"exact","result":{"electors":447,"voters":106,"totalVotes":105,"rejected":1,"turnout":23.713646532438478,"winnerId":"shelby-kramp-neuman","winnerPartyId":"CPC","runnerUpId":"tracey-sweeney-schenk","runnerUpPartyId":"LIB","margin":32.38095238095238,"top":[{"id":"shelby-kramp-neuman","name":"Shelby Kramp-Neuman","shortName":"Kramp-Neuman","partyId":"CPC","votes":67,"share":63.8095238095238},{"id":"tracey-sweeney-schenk","name":"Tracey Sweeney Schenk","shortName":"Sweeney Schenk","partyId":"LIB","votes":33,"share":31.428571428571427},{"id":"ava-duffy","name":"Ava Duffy","shortName":"Duffy","partyId":"NDP","votes":4,"share":3.8095238095238098},{"id":"michael-holbrook","name":"Michael Holbrook","shortName":"Holbrook","partyId":"GRN","votes":1,"share":0.9523809523809524}],"partyVotes":{"LIB":33,"CPC":67,"BQ":0,"NDP":4,"GRN":1,"PPC":0,"OTH":0}}},"geometry":{"type":"Polygon","coordinates":[[[623.76,89.67],[623.78,89.66],[623.76,89.65],[623.78,89.62],[623.9,89.71],[623.88,89.74],[623.84,89.7],[623.83,89.71],[623.82,89.7],[623.82,89.71],[623.82,89.71],[623.82,89.71],[623.8,89.7],[623.78,89.72],[623.77,89.71],[623.76,89.7],[623.78,89.68],[623.76,89.67]]]}},{"type":"Feature","id":"35040-69","properties":{"ridingCode":"35040","pollNumber":"69","pollType":"N","advancePollNumber":"607","sourceCode":"69-0","geometryPollNumbers":["69"],"code":"35040-69","resultPollNumbers":["69"],"resultStatus":"exact","result":{"electors":419,"voters":117,"totalVotes":116,"rejected":1,"turnout":27.923627684964202,"winnerId":"shelby-kramp-neuman","winnerPartyId":"CPC","runnerUpId":"tracey-sweeney-schenk","runnerUpPartyId":"LIB","margin":43.96551724137931,"top":[{"id":"shelby-kramp-neuman","name":"Shelby Kramp-Neuman","shortName":"Kramp-Neuman","partyId":"CPC","votes":79,"share":68.10344827586206},{"id":"tracey-sweeney-schenk","name":"Tracey Sweeney Schenk","shortName":"Sweeney Schenk","partyId":"LIB","votes":28,"share":24.137931034482758},{"id":"ava-duffy","name":"Ava Duffy","shortName":"Duffy","partyId":"NDP","votes":6,"share":5.172413793103448},{"id":"michael-holbrook","name":"Michael Holbrook","shortName":"Holbrook","partyId":"GRN","votes":2,"share":1.7241379310344827}],"partyVotes":{"LIB":28,"CPC":79,"BQ":0,"NDP":6,"GRN":2,"PPC":1,"OTH":0}}},"geometry":{"type":"Polygon","coordinates":[[[623.68,89.73],[623.71,89.69],[623.68,89.68],[623.7,89.64],[623.7,89.62],[623.7,89.61],[623.71,89.6],[623.74,89.58],[623.78,89.62],[623.76,89.65],[623.78,89.66],[623.76,89.67],[623.78,89.68],[623.76,89.7],[623.77,89.71],[623.75,89.74],[623.73,89.77],[623.71,89.75],[623.71,89.75],[623.68,89.73]]]}},{"type":"Feature","id":"35040-70","properties":{"ridingCode":"35040","pollNumber":"70","pollType":"N","advancePollNumber":"607","sourceCode":"70-0","geometryPollNumbers":["70"],"code":"35040-70","resultPollNumbers":["70"],"resultStatus":"exact","result":{"electors":360,"voters":84,"totalVotes":84,"rejected":0,"turnout":23.333333333333332,"winnerId":"shelby-kramp-neuman","winnerPartyId":"CPC","runnerUpId":"tracey-sweeney-schenk","runnerUpPartyId":"LIB","margin":17.857142857142858,"top":[{"id":"shelby-kramp-neuman","name":"Shelby Kramp-Neuman","shortName":"Kramp-Neuman","partyId":"CPC","votes":48,"share":57.14285714285714},{"id":"tracey-sweeney-schenk","name":"Tracey Sweeney Schenk","shortName":"Sweeney Schenk","partyId":"LIB","votes":33,"share":39.285714285714285},{"id":"ava-duffy","name":"Ava Duffy","shortName":"Duffy","partyId":"NDP","votes":3,"share":3.571428571428571},{"id":"michael-holbrook","name":"Michael Holbrook","shortName":"Holbrook","partyId":"GRN","votes":0,"share":0}],"partyVotes":{"LIB":33,"CPC":48,"BQ":0,"NDP":3,"GRN":0,"PPC":0,"OTH":0}}},"geometry":{"type":"Polygon","coordinates":[[[623.9,89.71],[623.78,89.62],[623.74,89.58],[623.72,89.57],[623.73,89.56],[623.74,89.54],[623.74,89.54],[623.76,89.54],[623.77,89.53],[623.77,89.52],[623.79,89.51],[623.8,89.5],[623.79,89.49],[623.79,89.48],[623.81,89.48],[623.83,89.45],[623.85,89.44],[623.85,89.44],[623.87,89.47],[623.87,89.47],[623.89,89.47],[623.89,89.45],[623.89,89.44],[623.92,89.4],[623.92,89.4],[623.92,89.38],[623.9,89.36],[623.89,89.35],[623.9,89.34],[623.9,89.33],[623.95,89.27],[623.96,89.26],[624.43,89.59],[624.36,89.68],[624.28,89.79],[624.27,89.8],[624.19,89.92],[624.11,89.85],[624.01,89.78],[623.97,89.75],[623.9,89.71]]]}},{"type":"Feature","id":"35040-71","properties":{"ridingCode":"35040","pollNumber":"71","pollType":"N","advancePollNumber":"607","sourceCode":"71-0","geometryPollNumbers":["71"],"code":"35040-71","resultPollNumbers":["71"],"resultStatus":"exact","result":{"electors":345,"voters":77,"totalVotes":77,"rejected":0,"turnout":22.318840579710145,"winnerId":"shelby-kramp-neuman","winnerPartyId":"CPC","runnerUpId":"tracey-sweeney-schenk","runnerUpPartyId":"LIB","margin":44.15584415584416,"top":[{"id":"shelby-kramp-neuman","name":"Shelby Kramp-Neuman","shortName":"Kramp-Neuman","partyId":"CPC","votes":54,"share":70.12987012987013},{"id":"tracey-sweeney-schenk","name":"Tracey Sweeney Schenk","shortName":"Sweeney Schenk","partyId":"LIB","votes":20,"share":25.97402597402597},{"id":"ava-duffy","name":"Ava Duffy","shortName":"Duffy","partyId":"NDP","votes":3,"share":3.896103896103896},{"id":"michael-holbrook","name":"Michael Holbrook","shortName":"Holbrook","partyId":"GRN","votes":0,"share":0}],"partyVotes":{"LIB":20,"CPC":54,"BQ":0,"NDP":3,"GRN":0,"PPC":0,"OTH":0}}},"geometry":{"type":"Polygon","coordinates":[[[623.28,89.25],[623.5,88.93],[623.78,89.14],[623.96,89.26],[623.95,89.27],[623.9,89.33],[623.9,89.34],[623.89,89.35],[623.9,89.36],[623.92,89.38],[623.92,89.4],[623.92,89.4],[623.89,89.44],[623.89,89.45],[623.89,89.47],[623.87,89.47],[623.87,89.47],[623.85,89.44],[623.85,89.44],[623.83,89.45],[623.81,89.48],[623.79,89.48],[623.79,89.49],[623.8,89.5],[623.79,89.51],[623.77,89.52],[623.77,89.53],[623.76,89.54],[623.74,89.54],[623.74,89.54],[623.73,89.56],[623.72,89.57],[623.69,89.55],[623.64,89.51],[623.63,89.51],[623.57,89.45],[623.28,89.25]]]}},{"type":"Feature","id":"35040-72","properties":{"ridingCode":"35040","pollNumber":"72","pollType":"N","advancePollNumber":"609","sourceCode":"72-0","geometryPollNumbers":["72"],"code":"35040-72","resultPollNumbers":["72"],"resultStatus":"exact","result":{"electors":464,"voters":261,"totalVotes":260,"rejected":1,"turnout":56.25,"winnerId":"shelby-kramp-neuman","winnerPartyId":"CPC","runnerUpId":"tracey-sweeney-schenk","runnerUpPartyId":"LIB","margin":28.46153846153846,"top":[{"id":"shelby-kramp-neuman","name":"Shelby Kramp-Neuman","shortName":"Kramp-Neuman","partyId":"CPC","votes":154,"share":59.23076923076923},{"id":"tracey-sweeney-schenk","name":"Tracey Sweeney Schenk","shortName":"Sweeney Schenk","partyId":"LIB","votes":80,"share":30.76923076923077},{"id":"ava-duffy","name":"Ava Duffy","shortName":"Duffy","partyId":"NDP","votes":14,"share":5.384615384615385},{"id":"michael-holbrook","name":"Michael Holbrook","shortName":"Holbrook","partyId":"GRN","votes":7,"share":2.6923076923076925}],"partyVotes":{"LIB":80,"CPC":154,"BQ":0,"NDP":14,"GRN":7,"PPC":5,"OTH":0}}},"geometry":{"type":"Polygon","coordinates":[[[625.73,89.62],[625.76,89.58],[625.78,89.57],[625.8,89.55],[625.8,89.54],[625.81,89.53],[625.81,89.52],[625.82,89.52],[625.83,89.52],[625.84,89.5],[625.85,89.49],[625.86,89.48],[625.87,89.46],[625.89,89.46],[625.94,89.38],[625.95,89.38],[625.8,89.27],[625.93,89.04],[625.93,89.04],[625.94,89.04],[625.94,89.03],[625.95,89],[625.96,88.97],[625.96,88.96],[625.96,88.95],[625.97,88.94],[625.97,88.91],[625.98,88.9],[626.09,88.98],[626.38,89.2],[626.38,89.2],[626.56,89.33],[626.83,89.53],[626.84,89.55],[626.86,89.56],[626.89,89.58],[626.89,89.58],[626.91,89.6],[627.1,89.74],[627.05,89.79],[626.99,89.84],[626.96,89.86],[626.88,89.93],[626.87,89.93],[626.86,89.95],[626.85,89.96],[626.81,90],[626.79,90],[626.79,90.01],[626.75,90.05],[626.73,90.06],[626.58,90.19],[626.58,90.18],[626.56,90.17],[626.55,90.17],[626.54,90.17],[626.53,90.16],[626.53,90.15],[626.41,90.06],[626.39,90.05],[626.35,90.03],[626.35,90.03],[626.34,90.01],[626.3,89.97],[626.3,89.96],[626.29,89.96],[626.28,89.96],[626.17,89.87],[625.96,89.72],[625.9,89.7],[625.9,89.69],[625.89,89.67],[625.86,89.65],[625.85,89.65],[625.84,89.65],[625.75,89.67],[625.72,89.68],[625.71,89.68],[625.68,89.67],[625.72,89.62],[625.72,89.62],[625.73,89.62]]]}},{"type":"Feature","id":"35040-73","properties":{"ridingCode":"35040","pollNumber":"73","pollType":"N","advancePollNumber":"612","sourceCode":"73-0","geometryPollNumbers":["73"],"code":"35040-73","resultPollNumbers":["73"],"resultStatus":"exact","result":{"electors":255,"voters":129,"totalVotes":129,"rejected":0,"turnout":50.588235294117645,"winnerId":"tracey-sweeney-schenk","winnerPartyId":"LIB","runnerUpId":"shelby-kramp-neuman","runnerUpPartyId":"CPC","margin":1.550387596899225,"top":[{"id":"tracey-sweeney-schenk","name":"Tracey Sweeney Schenk","shortName":"Sweeney Schenk","partyId":"LIB","votes":61,"share":47.286821705426355},{"id":"shelby-kramp-neuman","name":"Shelby Kramp-Neuman","shortName":"Kramp-Neuman","partyId":"CPC","votes":59,"share":45.73643410852713},{"id":"ava-duffy","name":"Ava Duffy","shortName":"Duffy","partyId":"NDP","votes":5,"share":3.875968992248062},{"id":"michael-holbrook","name":"Michael Holbrook","shortName":"Holbrook","partyId":"GRN","votes":3,"share":2.3255813953488373}],"partyVotes":{"LIB":61,"CPC":59,"BQ":0,"NDP":5,"GRN":3,"PPC":1,"OTH":0}}},"geometry":{"type":"Polygon","coordinates":[[[629.18,90.16],[629.2,90.13],[629.29,90.06],[629.3,90.06],[629.31,90.04],[629.36,90],[629.49,90.15],[629.27,90.38],[629.25,90.39],[629.11,90.22],[629.18,90.16]]]}},{"type":"Feature","id":"35040-74","properties":{"ridingCode":"35040","pollNumber":"74","pollType":"N","advancePollNumber":"612","sourceCode":"74-0","geometryPollNumbers":["74"],"code":"35040-74","resultPollNumbers":["74"],"resultStatus":"exact","result":{"electors":308,"voters":135,"totalVotes":135,"rejected":0,"turnout":43.83116883116883,"winnerId":"shelby-kramp-neuman","winnerPartyId":"CPC","runnerUpId":"tracey-sweeney-schenk","runnerUpPartyId":"LIB","margin":16.296296296296298,"top":[{"id":"shelby-kramp-neuman","name":"Shelby Kramp-Neuman","shortName":"Kramp-Neuman","partyId":"CPC","votes":73,"share":54.074074074074076},{"id":"tracey-sweeney-schenk","name":"Tracey Sweeney Schenk","shortName":"Sweeney Schenk","partyId":"LIB","votes":51,"share":37.77777777777778},{"id":"ava-duffy","name":"Ava Duffy","shortName":"Duffy","partyId":"NDP","votes":10,"share":7.4074074074074066},{"id":"michael-holbrook","name":"Michael Holbrook","shortName":"Holbrook","partyId":"GRN","votes":1,"share":0.7407407407407408}],"partyVotes":{"LIB":51,"CPC":73,"BQ":0,"NDP":10,"GRN":1,"PPC":0,"OTH":0}}},"geometry":{"type":"Polygon","coordinates":[[[628.96,90.04],[628.95,90.05],[628.95,90.02],[628.96,89.9],[628.98,89.86],[629.06,89.95],[629.23,89.81],[629.29,89.9],[629.3,89.91],[629.3,89.9],[629.31,89.9],[629.36,89.93],[629.37,89.95],[629.36,90],[629.31,90.04],[629.3,90.06],[629.29,90.06],[629.2,90.13],[629.18,90.16],[629.11,90.22],[629.07,90.17],[629.04,90.17],[629.04,90.13],[628.96,90.04]]]}},{"type":"Feature","id":"35040-75","properties":{"ridingCode":"35040","pollNumber":"75","pollType":"N","advancePollNumber":"612","sourceCode":"75-0","geometryPollNumbers":["75"],"code":"35040-75","resultPollNumbers":["75"],"resultStatus":"exact","result":{"electors":459,"voters":243,"totalVotes":243,"rejected":0,"turnout":52.94117647058824,"winnerId":"shelby-kramp-neuman","winnerPartyId":"CPC","runnerUpId":"tracey-sweeney-schenk","runnerUpPartyId":"LIB","margin":20.98765432098765,"top":[{"id":"shelby-kramp-neuman","name":"Shelby Kramp-Neuman","shortName":"Kramp-Neuman","partyId":"CPC","votes":138,"share":56.79012345679012},{"id":"tracey-sweeney-schenk","name":"Tracey Sweeney Schenk","shortName":"Sweeney Schenk","partyId":"LIB","votes":87,"share":35.80246913580247},{"id":"ava-duffy","name":"Ava Duffy","shortName":"Duffy","partyId":"NDP","votes":14,"share":5.761316872427984},{"id":"michael-holbrook","name":"Michael Holbrook","shortName":"Holbrook","partyId":"GRN","votes":3,"share":1.2345679012345678}],"partyVotes":{"LIB":87,"CPC":138,"BQ":0,"NDP":14,"GRN":3,"PPC":1,"OTH":0}}},"geometry":{"type":"Polygon","coordinates":[[[629.31,89.9],[629.3,89.86],[629.28,89.83],[629.32,89.81],[629.35,89.86],[629.36,89.86],[629.36,89.84],[629.45,89.77],[629.64,90.01],[629.57,90.08],[629.53,90.12],[629.49,90.15],[629.36,90],[629.37,89.95],[629.36,89.93],[629.31,89.9]]]}},{"type":"Feature","id":"35040-76","properties":{"ridingCode":"35040","pollNumber":"76","pollType":"N","advancePollNumber":"612","sourceCode":"76-0","geometryPollNumbers":["76"],"code":"35040-76","resultPollNumbers":["76"],"resultStatus":"exact","result":{"electors":468,"voters":248,"totalVotes":248,"rejected":0,"turnout":52.991452991452995,"winnerId":"shelby-kramp-neuman","winnerPartyId":"CPC","runnerUpId":"tracey-sweeney-schenk","runnerUpPartyId":"LIB","margin":2.82258064516129,"top":[{"id":"shelby-kramp-neuman","name":"Shelby Kramp-Neuman","shortName":"Kramp-Neuman","partyId":"CPC","votes":119,"share":47.983870967741936},{"id":"tracey-sweeney-schenk","name":"Tracey Sweeney Schenk","shortName":"Sweeney Schenk","partyId":"LIB","votes":112,"share":45.16129032258064},{"id":"ava-duffy","name":"Ava Duffy","shortName":"Duffy","partyId":"NDP","votes":15,"share":6.048387096774194},{"id":"michael-holbrook","name":"Michael Holbrook","shortName":"Holbrook","partyId":"GRN","votes":1,"share":0.4032258064516129}],"partyVotes":{"LIB":112,"CPC":119,"BQ":0,"NDP":15,"GRN":1,"PPC":1,"OTH":0}}},"geometry":{"type":"Polygon","coordinates":[[[628.76,89.58],[628.78,89.49],[628.84,89.44],[628.89,89.4],[628.89,89.39],[628.9,89.39],[628.93,89.42],[628.93,89.43],[629.04,89.55],[629.05,89.49],[629.16,89.4],[629.45,89.77],[629.36,89.84],[629.36,89.86],[629.35,89.86],[629.32,89.81],[629.28,89.83],[629.3,89.86],[629.31,89.9],[629.3,89.9],[629.3,89.91],[629.29,89.9],[629.23,89.81],[629.06,89.95],[628.98,89.86],[628.88,89.73],[628.87,89.73],[628.76,89.58]]]}},{"type":"Feature","id":"35040-77","properties":{"ridingCode":"35040","pollNumber":"77","pollType":"N","advancePollNumber":"613","sourceCode":"77-0","geometryPollNumbers":["77"],"code":"35040-77","resultPollNumbers":["77"],"resultStatus":"exact","result":{"electors":468,"voters":158,"totalVotes":158,"rejected":0,"turnout":33.76068376068376,"winnerId":"shelby-kramp-neuman","winnerPartyId":"CPC","runnerUpId":"tracey-sweeney-schenk","runnerUpPartyId":"LIB","margin":2.5316455696202533,"top":[{"id":"shelby-kramp-neuman","name":"Shelby Kramp-Neuman","shortName":"Kramp-Neuman","partyId":"CPC","votes":71,"share":44.936708860759495},{"id":"tracey-sweeney-schenk","name":"Tracey Sweeney Schenk","shortName":"Sweeney Schenk","partyId":"LIB","votes":67,"share":42.405063291139236},{"id":"ava-duffy","name":"Ava Duffy","shortName":"Duffy","partyId":"NDP","votes":16,"share":10.126582278481013},{"id":"michael-holbrook","name":"Michael Holbrook","shortName":"Holbrook","partyId":"GRN","votes":4,"share":2.5316455696202533}],"partyVotes":{"LIB":67,"CPC":71,"BQ":0,"NDP":16,"GRN":4,"PPC":0,"OTH":0}}},"geometry":{"type":"Polygon","coordinates":[[[629.44,89.38],[629.49,89.32],[629.6,89.21],[629.61,89.22],[629.64,89.27],[629.69,89.33],[629.72,89.35],[629.78,89.38],[629.79,89.39],[629.8,89.41],[629.81,89.42],[629.82,89.46],[629.84,89.53],[629.84,89.6],[629.86,89.61],[629.88,89.62],[629.9,89.64],[629.93,89.71],[629.83,89.82],[629.64,90.01],[629.45,89.77],[629.16,89.4],[629.08,89.31],[629.09,89.3],[629.14,89.28],[629.15,89.28],[629.21,89.23],[629.24,89.29],[629.28,89.34],[629.3,89.36],[629.36,89.42],[629.37,89.42],[629.4,89.41],[629.44,89.38]]]}},{"type":"Feature","id":"35040-78","properties":{"ridingCode":"35040","pollNumber":"78","pollType":"N","advancePollNumber":"610","sourceCode":"78-0","geometryPollNumbers":["78"],"code":"35040-78","resultPollNumbers":["78"],"resultStatus":"exact","result":{"electors":446,"voters":201,"totalVotes":200,"rejected":1,"turnout":45.06726457399103,"winnerId":"shelby-kramp-neuman","winnerPartyId":"CPC","runnerUpId":"tracey-sweeney-schenk","runnerUpPartyId":"LIB","margin":23,"top":[{"id":"shelby-kramp-neuman","name":"Shelby Kramp-Neuman","shortName":"Kramp-Neuman","partyId":"CPC","votes":115,"share":57.49999999999999},{"id":"tracey-sweeney-schenk","name":"Tracey Sweeney Schenk","shortName":"Sweeney Schenk","partyId":"LIB","votes":69,"share":34.5},{"id":"ava-duffy","name":"Ava Duffy","shortName":"Duffy","partyId":"NDP","votes":10,"share":5},{"id":"michael-holbrook","name":"Michael Holbrook","shortName":"Holbrook","partyId":"GRN","votes":4,"share":2}],"partyVotes":{"LIB":69,"CPC":115,"BQ":0,"NDP":10,"GRN":4,"PPC":2,"OTH":0}}},"geometry":{"type":"Polygon","coordinates":[[[627.13,89.88],[627.05,89.79],[627.1,89.74],[627.15,89.69],[627.29,89.58],[627.4,89.48],[627.41,89.48],[627.53,89.38],[627.73,89.62],[627.91,89.83],[627.83,89.9],[627.84,89.91],[627.84,89.93],[627.84,89.94],[627.83,89.95],[627.85,89.98],[627.65,90.15],[627.64,90.16],[627.64,90.17],[627.56,90.24],[627.55,90.26],[627.55,90.3],[627.52,90.33],[627.52,90.34],[627.45,90.25],[627.39,90.18],[627.35,90.14],[627.25,90.02],[627.15,89.9],[627.14,89.89],[627.13,89.88]]]}},{"type":"Feature","id":"35040-79","properties":{"ridingCode":"35040","pollNumber":"79","pollType":"N","advancePollNumber":"618","sourceCode":"79-0","geometryPollNumbers":["79"],"code":"35040-79","resultPollNumbers":["79"],"resultStatus":"exact","result":{"electors":246,"voters":134,"totalVotes":134,"rejected":0,"turnout":54.47154471544715,"winnerId":"shelby-kramp-neuman","winnerPartyId":"CPC","runnerUpId":"tracey-sweeney-schenk","runnerUpPartyId":"LIB","margin":44.776119402985074,"top":[{"id":"shelby-kramp-neuman","name":"Shelby Kramp-Neuman","shortName":"Kramp-Neuman","partyId":"CPC","votes":94,"share":70.1492537313433},{"id":"tracey-sweeney-schenk","name":"Tracey Sweeney Schenk","shortName":"Sweeney Schenk","partyId":"LIB","votes":34,"share":25.37313432835821},{"id":"ava-duffy","name":"Ava Duffy","shortName":"Duffy","partyId":"NDP","votes":5,"share":3.731343283582089},{"id":"michael-holbrook","name":"Michael Holbrook","shortName":"Holbrook","partyId":"GRN","votes":1,"share":0.7462686567164178}],"partyVotes":{"LIB":34,"CPC":94,"BQ":0,"NDP":5,"GRN":1,"PPC":0,"OTH":0}}},"geometry":{"type":"Polygon","coordinates":[[[626.83,89.53],[626.56,89.33],[626.74,89.09],[626.9,88.86],[627.3,89.15],[627.22,89.25],[627.18,89.32],[627.4,89.48],[627.29,89.58],[627.15,89.69],[627.1,89.74],[626.91,89.6],[626.89,89.58],[626.89,89.58],[626.86,89.56],[626.84,89.55],[626.83,89.53]]]}},{"type":"Feature","id":"35040-80","properties":{"ridingCode":"35040","pollNumber":"80","pollType":"N","advancePollNumber":"618","sourceCode":"80-0","geometryPollNumbers":["80"],"code":"35040-80","resultPollNumbers":["80"],"resultStatus":"exact","result":{"electors":364,"voters":173,"totalVotes":173,"rejected":0,"turnout":47.527472527472526,"winnerId":"shelby-kramp-neuman","winnerPartyId":"CPC","runnerUpId":"tracey-sweeney-schenk","runnerUpPartyId":"LIB","margin":38.15028901734104,"top":[{"id":"shelby-kramp-neuman","name":"Shelby Kramp-Neuman","shortName":"Kramp-Neuman","partyId":"CPC","votes":115,"share":66.47398843930635},{"id":"tracey-sweeney-schenk","name":"Tracey Sweeney Schenk","shortName":"Sweeney Schenk","partyId":"LIB","votes":49,"share":28.32369942196532},{"id":"michael-holbrook","name":"Michael Holbrook","shortName":"Holbrook","partyId":"GRN","votes":4,"share":2.312138728323699},{"id":"ava-duffy","name":"Ava Duffy","shortName":"Duffy","partyId":"NDP","votes":3,"share":1.7341040462427744}],"partyVotes":{"LIB":49,"CPC":115,"BQ":0,"NDP":3,"GRN":4,"PPC":2,"OTH":0}}},"geometry":{"type":"Polygon","coordinates":[[[626.94,88.8],[627.02,88.69],[627.2,88.82],[627.28,88.87],[627.28,88.88],[627.36,88.94],[627.43,88.99],[627.43,88.98],[627.44,88.97],[627.46,88.95],[627.46,88.94],[627.46,88.93],[627.47,88.93],[627.48,88.94],[627.51,88.97],[627.53,88.99],[627.53,89.01],[627.51,89.03],[627.52,89.05],[627.54,89.07],[627.56,89.11],[627.61,89.15],[627.64,89.17],[627.67,89.2],[627.69,89.24],[627.53,89.38],[627.41,89.48],[627.4,89.48],[627.18,89.32],[627.22,89.25],[627.3,89.15],[626.9,88.86],[626.94,88.8]]]}},{"type":"Feature","id":"35040-81","properties":{"ridingCode":"35040","pollNumber":"81","pollType":"N","advancePollNumber":"608","sourceCode":"81-0","geometryPollNumbers":["81"],"code":"35040-81","resultPollNumbers":["81"],"resultStatus":"exact","result":{"electors":545,"voters":155,"totalVotes":155,"rejected":0,"turnout":28.440366972477065,"winnerId":"shelby-kramp-neuman","winnerPartyId":"CPC","runnerUpId":"tracey-sweeney-schenk","runnerUpPartyId":"LIB","margin":32.903225806451616,"top":[{"id":"shelby-kramp-neuman","name":"Shelby Kramp-Neuman","shortName":"Kramp-Neuman","partyId":"CPC","votes":98,"share":63.2258064516129},{"id":"tracey-sweeney-schenk","name":"Tracey Sweeney Schenk","shortName":"Sweeney Schenk","partyId":"LIB","votes":47,"share":30.32258064516129},{"id":"ava-duffy","name":"Ava Duffy","shortName":"Duffy","partyId":"NDP","votes":7,"share":4.516129032258064},{"id":"michael-holbrook","name":"Michael Holbrook","shortName":"Holbrook","partyId":"GRN","votes":3,"share":1.935483870967742}],"partyVotes":{"LIB":47,"CPC":98,"BQ":0,"NDP":7,"GRN":3,"PPC":0,"OTH":0}}},"geometry":{"type":"Polygon","coordinates":[[[624.99,89.72],[624.98,89.74],[624.97,89.72],[625,89.68],[625.04,89.63],[625.05,89.65],[625.07,89.67],[625.07,89.68],[625.07,89.68],[625.09,89.67],[625.1,89.68],[625.12,89.69],[625.11,89.7],[625.09,89.72],[625.09,89.72],[625.1,89.72],[625.09,89.72],[625.09,89.73],[625.09,89.74],[625.1,89.74],[625.1,89.74],[625.1,89.74],[625.1,89.74],[625.1,89.75],[625.12,89.76],[625.11,89.76],[625.1,89.76],[625.09,89.75],[625.08,89.76],[625.07,89.76],[625.06,89.76],[625.06,89.75],[625.04,89.77],[625.03,89.75],[625.03,89.75],[625.03,89.74],[625.01,89.73],[625.01,89.73],[624.99,89.72]],[[625.01,89.69],[625.01,89.69],[625.01,89.69],[625.01,89.69]]]}},{"type":"Feature","id":"35040-82","properties":{"ridingCode":"35040","pollNumber":"82","pollType":"N","advancePollNumber":"609","sourceCode":"82-0","geometryPollNumbers":["82"],"code":"35040-82","resultPollNumbers":["82"],"resultStatus":"exact","result":{"electors":387,"voters":147,"totalVotes":146,"rejected":1,"turnout":37.98449612403101,"winnerId":"shelby-kramp-neuman","winnerPartyId":"CPC","runnerUpId":"tracey-sweeney-schenk","runnerUpPartyId":"LIB","margin":46.57534246575342,"top":[{"id":"shelby-kramp-neuman","name":"Shelby Kramp-Neuman","shortName":"Kramp-Neuman","partyId":"CPC","votes":102,"share":69.86301369863014},{"id":"tracey-sweeney-schenk","name":"Tracey Sweeney Schenk","shortName":"Sweeney Schenk","partyId":"LIB","votes":34,"share":23.28767123287671},{"id":"michael-holbrook","name":"Michael Holbrook","shortName":"Holbrook","partyId":"GRN","votes":4,"share":2.73972602739726},{"id":"ava-duffy","name":"Ava Duffy","shortName":"Duffy","partyId":"NDP","votes":3,"share":2.054794520547945}],"partyVotes":{"LIB":34,"CPC":102,"BQ":0,"NDP":3,"GRN":4,"PPC":3,"OTH":0}}},"geometry":{"type":"Polygon","coordinates":[[[625.08,89.6],[625.09,89.51],[625.1,89.48],[625.1,89.45],[625.13,89.42],[625.13,89.42],[625.14,89.41],[625.18,89.36],[625.21,89.37],[625.27,89.41],[625.28,89.42],[625.33,89.34],[625.34,89.3],[625.32,89.29],[625.31,89.28],[625.29,89.26],[625.29,89.26],[625.29,89.26],[625.27,89.24],[625.27,89.22],[625.27,89.21],[625.29,89.18],[625.31,89.15],[625.34,89.11],[625.36,89.11],[625.37,89.12],[625.38,89.12],[625.38,89.09],[625.38,89.05],[625.38,89.02],[625.38,88.98],[625.39,88.97],[625.53,89.07],[625.56,89.08],[625.58,89.11],[625.8,89.27],[625.95,89.38],[625.94,89.38],[625.89,89.46],[625.87,89.46],[625.86,89.48],[625.85,89.49],[625.84,89.5],[625.83,89.52],[625.82,89.52],[625.81,89.52],[625.81,89.53],[625.8,89.54],[625.8,89.55],[625.78,89.57],[625.76,89.58],[625.73,89.62],[625.72,89.62],[625.72,89.62],[625.68,89.67],[625.66,89.67],[625.46,89.51],[625.45,89.51],[625.44,89.52],[625.43,89.52],[625.41,89.62],[625.41,89.63],[625.4,89.64],[625.38,89.64],[625.34,89.62],[625.25,89.58],[625.24,89.57],[625.23,89.58],[625.21,89.58],[625.19,89.61],[625.17,89.62],[625.13,89.64],[625.1,89.65],[625.09,89.62],[625.08,89.6]]]}},{"type":"Feature","id":"35040-83","properties":{"ridingCode":"35040","pollNumber":"83","pollType":"N","advancePollNumber":"608","sourceCode":"83-0","geometryPollNumbers":["83"],"code":"35040-83","resultPollNumbers":["83"],"resultStatus":"exact","result":{"electors":398,"voters":148,"totalVotes":148,"rejected":0,"turnout":37.185929648241206,"winnerId":"shelby-kramp-neuman","winnerPartyId":"CPC","runnerUpId":"tracey-sweeney-schenk","runnerUpPartyId":"LIB","margin":25.675675675675674,"top":[{"id":"shelby-kramp-neuman","name":"Shelby Kramp-Neuman","shortName":"Kramp-Neuman","partyId":"CPC","votes":90,"share":60.810810810810814},{"id":"tracey-sweeney-schenk","name":"Tracey Sweeney Schenk","shortName":"Sweeney Schenk","partyId":"LIB","votes":52,"share":35.13513513513514},{"id":"ava-duffy","name":"Ava Duffy","shortName":"Duffy","partyId":"NDP","votes":4,"share":2.7027027027027026},{"id":"michael-holbrook","name":"Michael Holbrook","shortName":"Holbrook","partyId":"GRN","votes":1,"share":0.6756756756756757}],"partyVotes":{"LIB":52,"CPC":90,"BQ":0,"NDP":4,"GRN":1,"PPC":1,"OTH":0}}},"geometry":{"type":"Polygon","coordinates":[[[624.66,89.43],[624.65,89.42],[624.63,89.42],[624.62,89.43],[624.61,89.44],[624.59,89.44],[624.58,89.44],[624.55,89.43],[624.65,89.29],[624.66,89.28],[624.66,89.28],[624.69,89.24],[624.83,89.05],[624.99,88.84],[625,88.84],[625.05,88.87],[625.05,88.84],[625.07,88.81],[625.1,88.84],[625.12,88.85],[625.2,88.86],[625.21,88.86],[625.23,88.86],[625.25,88.86],[625.27,88.87],[625.27,88.88],[625.28,88.9],[625.29,88.9],[625.29,88.9],[625.3,88.91],[625.29,88.92],[625.28,88.94],[625.27,88.97],[625.26,88.99],[625.26,89],[625.28,89.02],[625.27,89.06],[625.27,89.07],[625.27,89.08],[625.27,89.09],[625.27,89.11],[625.27,89.12],[625.26,89.16],[625.26,89.17],[625.26,89.19],[625.26,89.2],[625.27,89.2],[625.27,89.21],[625.27,89.22],[625.27,89.24],[625.29,89.26],[625.29,89.26],[625.29,89.26],[625.31,89.28],[625.32,89.29],[625.34,89.3],[625.33,89.34],[625.28,89.42],[625.27,89.41],[625.21,89.37],[625.18,89.36],[625.14,89.41],[625.13,89.42],[625.13,89.42],[625.1,89.45],[625.1,89.48],[625.09,89.51],[625.08,89.6],[625.09,89.62],[625.1,89.65],[625.11,89.66],[625.1,89.68],[625.09,89.67],[625.07,89.68],[625.07,89.68],[625.07,89.67],[625.05,89.65],[625.04,89.63],[625,89.68],[624.66,89.43]]]}},{"type":"Feature","id":"35040-84","properties":{"ridingCode":"35040","pollNumber":"84","pollType":"N","advancePollNumber":"606","sourceCode":"84-0","geometryPollNumbers":["84"],"code":"35040-84","resultPollNumbers":["84"],"resultStatus":"exact","result":{"electors":449,"voters":172,"totalVotes":172,"rejected":0,"turnout":38.30734966592428,"winnerId":"shelby-kramp-neuman","winnerPartyId":"CPC","runnerUpId":"tracey-sweeney-schenk","runnerUpPartyId":"LIB","margin":29.651162790697676,"top":[{"id":"shelby-kramp-neuman","name":"Shelby Kramp-Neuman","shortName":"Kramp-Neuman","partyId":"CPC","votes":100,"share":58.139534883720934},{"id":"tracey-sweeney-schenk","name":"Tracey Sweeney Schenk","shortName":"Sweeney Schenk","partyId":"LIB","votes":49,"share":28.488372093023255},{"id":"ava-duffy","name":"Ava Duffy","shortName":"Duffy","partyId":"NDP","votes":16,"share":9.30232558139535},{"id":"zaid-yusufani","name":"Zaid Yusufani","shortName":"Yusufani","partyId":"PPC","votes":4,"share":2.3255813953488373}],"partyVotes":{"LIB":49,"CPC":100,"BQ":0,"NDP":16,"GRN":3,"PPC":4,"OTH":0}}},"geometry":{"type":"Polygon","coordinates":[[[622.3,89.1],[622.27,89.08],[622.32,89.02],[622.34,89],[622.36,89.01],[622.37,89.01],[622.39,89.01],[622.4,89.01],[622.41,89.01],[622.43,89.01],[622.49,89.05],[622.45,89.11],[622.37,89.06],[622.35,89.03],[622.3,89.1]]]}},{"type":"Feature","id":"35040-85","properties":{"ridingCode":"35040","pollNumber":"85","pollType":"N","advancePollNumber":"606","sourceCode":"85-0","geometryPollNumbers":["85"],"code":"35040-85","resultPollNumbers":["85"],"resultStatus":"exact","result":{"electors":464,"voters":175,"totalVotes":175,"rejected":0,"turnout":37.71551724137931,"winnerId":"shelby-kramp-neuman","winnerPartyId":"CPC","runnerUpId":"tracey-sweeney-schenk","runnerUpPartyId":"LIB","margin":27.42857142857143,"top":[{"id":"shelby-kramp-neuman","name":"Shelby Kramp-Neuman","shortName":"Kramp-Neuman","partyId":"CPC","votes":104,"share":59.42857142857143},{"id":"tracey-sweeney-schenk","name":"Tracey Sweeney Schenk","shortName":"Sweeney Schenk","partyId":"LIB","votes":56,"share":32},{"id":"ava-duffy","name":"Ava Duffy","shortName":"Duffy","partyId":"NDP","votes":8,"share":4.571428571428571},{"id":"michael-holbrook","name":"Michael Holbrook","shortName":"Holbrook","partyId":"GRN","votes":4,"share":2.2857142857142856}],"partyVotes":{"LIB":56,"CPC":104,"BQ":0,"NDP":8,"GRN":4,"PPC":3,"OTH":0}}},"geometry":{"type":"Polygon","coordinates":[[[622.23,88.98],[622.27,88.92],[622.29,88.94],[622.3,88.95],[622.31,88.93],[622.31,88.91],[622.31,88.9],[622.37,88.94],[622.38,88.95],[622.37,88.96],[622.38,88.97],[622.36,88.98],[622.36,88.98],[622.34,89],[622.32,89.02],[622.31,89.01],[622.29,89.03],[622.27,89.05],[622.25,89.08],[622.24,89.08],[622.23,89.07],[622.23,89.07],[622.24,89.06],[622.25,89.06],[622.27,89.03],[622.23,88.98]]]}},{"type":"Feature","id":"35040-86","properties":{"ridingCode":"35040","pollNumber":"86","pollType":"N","advancePollNumber":"606","sourceCode":"86-0","geometryPollNumbers":["86"],"code":"35040-86","resultPollNumbers":["86"],"resultStatus":"exact","result":{"electors":380,"voters":148,"totalVotes":148,"rejected":0,"turnout":38.94736842105263,"winnerId":"shelby-kramp-neuman","winnerPartyId":"CPC","runnerUpId":"tracey-sweeney-schenk","runnerUpPartyId":"LIB","margin":33.108108108108105,"top":[{"id":"shelby-kramp-neuman","name":"Shelby Kramp-Neuman","shortName":"Kramp-Neuman","partyId":"CPC","votes":95,"share":64.1891891891892},{"id":"tracey-sweeney-schenk","name":"Tracey Sweeney Schenk","shortName":"Sweeney Schenk","partyId":"LIB","votes":46,"share":31.08108108108108},{"id":"ava-duffy","name":"Ava Duffy","shortName":"Duffy","partyId":"NDP","votes":4,"share":2.7027027027027026},{"id":"zaid-yusufani","name":"Zaid Yusufani","shortName":"Yusufani","partyId":"PPC","votes":3,"share":2.027027027027027}],"partyVotes":{"LIB":46,"CPC":95,"BQ":0,"NDP":4,"GRN":0,"PPC":3,"OTH":0}}},"geometry":{"type":"Polygon","coordinates":[[[621.97,88.98],[621.94,88.93],[622,88.79],[622.03,88.81],[622.05,88.76],[622.06,88.74],[622.13,88.79],[622.22,88.89],[622.23,88.89],[622.24,88.91],[622.27,88.92],[622.23,88.98],[622.27,89.03],[622.25,89.06],[622.24,89.06],[622.23,89.07],[622.23,89.07],[622.2,89.06],[622.18,89.06],[622.16,89.08],[622.15,89.09],[622.12,89.07],[622.1,89.04],[622.09,89.04],[621.97,89.04],[621.98,89.01],[621.97,88.98]]]}},{"type":"Feature","id":"35040-87","properties":{"ridingCode":"35040","pollNumber":"87","pollType":"N","advancePollNumber":"607","sourceCode":"87-0","geometryPollNumbers":["87"],"code":"35040-87","resultPollNumbers":["87"],"resultStatus":"exact","result":{"electors":416,"voters":204,"totalVotes":204,"rejected":0,"turnout":49.03846153846153,"winnerId":"shelby-kramp-neuman","winnerPartyId":"CPC","runnerUpId":"tracey-sweeney-schenk","runnerUpPartyId":"LIB","margin":35.78431372549019,"top":[{"id":"shelby-kramp-neuman","name":"Shelby Kramp-Neuman","shortName":"Kramp-Neuman","partyId":"CPC","votes":132,"share":64.70588235294117},{"id":"tracey-sweeney-schenk","name":"Tracey Sweeney Schenk","shortName":"Sweeney Schenk","partyId":"LIB","votes":59,"share":28.921568627450984},{"id":"ava-duffy","name":"Ava Duffy","shortName":"Duffy","partyId":"NDP","votes":7,"share":3.431372549019608},{"id":"michael-holbrook","name":"Michael Holbrook","shortName":"Holbrook","partyId":"GRN","votes":4,"share":1.9607843137254901}],"partyVotes":{"LIB":59,"CPC":132,"BQ":0,"NDP":7,"GRN":4,"PPC":2,"OTH":0}}},"geometry":{"type":"Polygon","coordinates":[[[622.06,88.74],[622.07,88.73],[622.05,88.72],[622.03,88.69],[622.01,88.66],[621.96,88.65],[622.03,88.56],[622.04,88.55],[622.04,88.54],[622.13,88.43],[622.35,88.59],[622.6,88.76],[622.6,88.76],[622.59,88.79],[622.58,88.87],[622.59,88.91],[622.49,89.05],[622.43,89.01],[622.41,89.01],[622.4,89.01],[622.39,89.01],[622.37,89.01],[622.36,89.01],[622.34,89],[622.36,88.98],[622.36,88.98],[622.36,88.98],[622.38,88.97],[622.37,88.96],[622.38,88.95],[622.37,88.94],[622.31,88.9],[622.31,88.91],[622.31,88.93],[622.3,88.95],[622.29,88.94],[622.27,88.92],[622.24,88.91],[622.23,88.89],[622.22,88.89],[622.13,88.79],[622.06,88.74]]]}},{"type":"Feature","id":"35040-88","properties":{"ridingCode":"35040","pollNumber":"88","pollType":"N","advancePollNumber":"608","sourceCode":"88-0","geometryPollNumbers":["88"],"code":"35040-88","resultPollNumbers":["88"],"resultStatus":"exact","result":{"electors":450,"voters":141,"totalVotes":140,"rejected":1,"turnout":31.333333333333336,"winnerId":"shelby-kramp-neuman","winnerPartyId":"CPC","runnerUpId":"tracey-sweeney-schenk","runnerUpPartyId":"LIB","margin":31.428571428571427,"top":[{"id":"shelby-kramp-neuman","name":"Shelby Kramp-Neuman","shortName":"Kramp-Neuman","partyId":"CPC","votes":89,"share":63.57142857142857},{"id":"tracey-sweeney-schenk","name":"Tracey Sweeney Schenk","shortName":"Sweeney Schenk","partyId":"LIB","votes":45,"share":32.142857142857146},{"id":"ava-duffy","name":"Ava Duffy","shortName":"Duffy","partyId":"NDP","votes":4,"share":2.857142857142857},{"id":"michael-holbrook","name":"Michael Holbrook","shortName":"Holbrook","partyId":"GRN","votes":1,"share":0.7142857142857143}],"partyVotes":{"LIB":45,"CPC":89,"BQ":0,"NDP":4,"GRN":1,"PPC":1,"OTH":0}}},"geometry":{"type":"Polygon","coordinates":[[[624.19,88.97],[624.2,88.96],[624.25,88.89],[624.25,88.88],[624.25,88.87],[624.25,88.87],[624.26,88.86],[624.27,88.85],[624.29,88.83],[624.27,88.82],[624.32,88.72],[624.33,88.68],[624.34,88.64],[624.37,88.56],[624.54,88.69],[624.47,88.79],[624.47,88.79],[624.47,88.8],[624.47,88.79],[624.78,89.02],[624.81,89.04],[624.82,89.04],[624.83,89.05],[624.83,89.05],[624.83,89.05],[624.69,89.24],[624.66,89.28],[624.66,89.28],[624.65,89.29],[624.55,89.43],[624.43,89.59],[623.96,89.26],[623.97,89.23],[623.99,89.21],[624,89.15],[624.01,89.13],[624.05,89.08],[624.06,89.07],[624.08,88.99],[624.09,88.94],[624.14,88.94],[624.17,88.95],[624.19,88.97]]]}},{"type":"Feature","id":"35040-89","properties":{"ridingCode":"35040","pollNumber":"89","pollType":"N","advancePollNumber":"608","sourceCode":"89-0","geometryPollNumbers":["89"],"code":"35040-89","resultPollNumbers":["89"],"resultStatus":"exact","result":{"electors":234,"voters":96,"totalVotes":96,"rejected":0,"turnout":41.02564102564102,"winnerId":"shelby-kramp-neuman","winnerPartyId":"CPC","runnerUpId":"tracey-sweeney-schenk","runnerUpPartyId":"LIB","margin":39.58333333333333,"top":[{"id":"shelby-kramp-neuman","name":"Shelby Kramp-Neuman","shortName":"Kramp-Neuman","partyId":"CPC","votes":63,"share":65.625},{"id":"tracey-sweeney-schenk","name":"Tracey Sweeney Schenk","shortName":"Sweeney Schenk","partyId":"LIB","votes":25,"share":26.041666666666668},{"id":"ava-duffy","name":"Ava Duffy","shortName":"Duffy","partyId":"NDP","votes":4,"share":4.166666666666666},{"id":"michael-holbrook","name":"Michael Holbrook","shortName":"Holbrook","partyId":"GRN","votes":3,"share":3.125}],"partyVotes":{"LIB":25,"CPC":63,"BQ":0,"NDP":4,"GRN":3,"PPC":1,"OTH":0}}},"geometry":{"type":"Polygon","coordinates":[[[623.5,88.93],[623.82,88.49],[623.83,88.49],[623.84,88.51],[623.97,88.61],[624.12,88.71],[624.11,88.75],[624.1,88.8],[624.09,88.85],[624.08,88.89],[624.09,88.94],[624.08,88.99],[624.06,89.07],[624.05,89.08],[624.01,89.13],[624,89.15],[623.99,89.21],[623.97,89.23],[623.96,89.26],[623.78,89.14],[623.5,88.93]]]}},{"type":"Feature","id":"35040-90","properties":{"ridingCode":"35040","pollNumber":"90","pollType":"N","advancePollNumber":"608","sourceCode":"90-0","geometryPollNumbers":["90"],"code":"35040-90","resultPollNumbers":["90"],"resultStatus":"exact","result":{"electors":321,"voters":179,"totalVotes":179,"rejected":0,"turnout":55.7632398753894,"winnerId":"shelby-kramp-neuman","winnerPartyId":"CPC","runnerUpId":"tracey-sweeney-schenk","runnerUpPartyId":"LIB","margin":38.547486033519554,"top":[{"id":"shelby-kramp-neuman","name":"Shelby Kramp-Neuman","shortName":"Kramp-Neuman","partyId":"CPC","votes":119,"share":66.4804469273743},{"id":"tracey-sweeney-schenk","name":"Tracey Sweeney Schenk","shortName":"Sweeney Schenk","partyId":"LIB","votes":50,"share":27.932960893854748},{"id":"ava-duffy","name":"Ava Duffy","shortName":"Duffy","partyId":"NDP","votes":5,"share":2.793296089385475},{"id":"michael-holbrook","name":"Michael Holbrook","shortName":"Holbrook","partyId":"GRN","votes":4,"share":2.2346368715083798}],"partyVotes":{"LIB":50,"CPC":119,"BQ":0,"NDP":5,"GRN":4,"PPC":1,"OTH":0}}},"geometry":{"type":"Polygon","coordinates":[[[623.82,88.49],[623.9,88.38],[624.05,88.17],[624.41,88.44],[624.37,88.56],[624.34,88.64],[624.33,88.68],[624.32,88.72],[624.27,88.82],[624.29,88.83],[624.27,88.85],[624.26,88.86],[624.25,88.87],[624.25,88.87],[624.25,88.88],[624.25,88.89],[624.2,88.96],[624.19,88.97],[624.17,88.95],[624.14,88.94],[624.09,88.94],[624.08,88.89],[624.09,88.85],[624.1,88.8],[624.11,88.75],[624.12,88.71],[623.97,88.61],[623.84,88.51],[623.83,88.49],[623.82,88.49]]]}},{"type":"Feature","id":"35040-91","properties":{"ridingCode":"35040","pollNumber":"91","pollType":"N","advancePollNumber":"609","sourceCode":"91-0","geometryPollNumbers":["91"],"code":"35040-91","resultPollNumbers":["91"],"resultStatus":"exact","result":{"electors":415,"voters":182,"totalVotes":181,"rejected":1,"turnout":43.855421686746986,"winnerId":"shelby-kramp-neuman","winnerPartyId":"CPC","runnerUpId":"tracey-sweeney-schenk","runnerUpPartyId":"LIB","margin":29.83425414364641,"top":[{"id":"shelby-kramp-neuman","name":"Shelby Kramp-Neuman","shortName":"Kramp-Neuman","partyId":"CPC","votes":112,"share":61.87845303867403},{"id":"tracey-sweeney-schenk","name":"Tracey Sweeney Schenk","shortName":"Sweeney Schenk","partyId":"LIB","votes":58,"share":32.04419889502763},{"id":"ava-duffy","name":"Ava Duffy","shortName":"Duffy","partyId":"NDP","votes":9,"share":4.972375690607735},{"id":"michael-holbrook","name":"Michael Holbrook","shortName":"Holbrook","partyId":"GRN","votes":2,"share":1.1049723756906076}],"partyVotes":{"LIB":58,"CPC":112,"BQ":0,"NDP":9,"GRN":2,"PPC":0,"OTH":0}}},"geometry":{"type":"Polygon","coordinates":[[[625.27,88.87],[625.25,88.86],[625.23,88.86],[625.21,88.86],[625.2,88.86],[625.12,88.85],[625.1,88.84],[625.07,88.81],[625.07,88.79],[625.08,88.74],[625.08,88.72],[625.09,88.7],[625.31,88.4],[625.42,88.48],[625.53,88.57],[625.72,88.71],[625.98,88.9],[625.97,88.91],[625.97,88.94],[625.96,88.95],[625.96,88.96],[625.96,88.97],[625.95,89],[625.94,89.03],[625.94,89.04],[625.93,89.04],[625.93,89.04],[625.8,89.27],[625.58,89.11],[625.56,89.08],[625.53,89.07],[625.39,88.97],[625.38,88.98],[625.38,89.02],[625.38,89.05],[625.38,89.09],[625.38,89.12],[625.37,89.12],[625.36,89.11],[625.34,89.11],[625.31,89.15],[625.29,89.18],[625.27,89.21],[625.27,89.2],[625.26,89.2],[625.26,89.19],[625.26,89.17],[625.26,89.16],[625.27,89.12],[625.27,89.11],[625.27,89.09],[625.27,89.08],[625.27,89.07],[625.27,89.06],[625.28,89.02],[625.26,89],[625.26,88.99],[625.27,88.97],[625.28,88.94],[625.29,88.92],[625.3,88.91],[625.29,88.9],[625.29,88.9],[625.28,88.9],[625.27,88.88],[625.27,88.87]]]}},{"type":"Feature","id":"35040-92","properties":{"ridingCode":"35040","pollNumber":"92","pollType":"N","advancePollNumber":"608","sourceCode":"92-0","geometryPollNumbers":["92"],"code":"35040-92","resultPollNumbers":["92"],"resultStatus":"exact","result":{"electors":436,"voters":231,"totalVotes":230,"rejected":1,"turnout":52.981651376146786,"winnerId":"shelby-kramp-neuman","winnerPartyId":"CPC","runnerUpId":"tracey-sweeney-schenk","runnerUpPartyId":"LIB","margin":23.91304347826087,"top":[{"id":"shelby-kramp-neuman","name":"Shelby Kramp-Neuman","shortName":"Kramp-Neuman","partyId":"CPC","votes":138,"share":60},{"id":"tracey-sweeney-schenk","name":"Tracey Sweeney Schenk","shortName":"Sweeney Schenk","partyId":"LIB","votes":83,"share":36.08695652173913},{"id":"ava-duffy","name":"Ava Duffy","shortName":"Duffy","partyId":"NDP","votes":7,"share":3.0434782608695654},{"id":"michael-holbrook","name":"Michael Holbrook","shortName":"Holbrook","partyId":"GRN","votes":1,"share":0.43478260869565216}],"partyVotes":{"LIB":83,"CPC":138,"BQ":0,"NDP":7,"GRN":1,"PPC":1,"OTH":0}}},"geometry":{"type":"Polygon","coordinates":[[[624.41,88.44],[624.45,88.44],[624.51,88.34],[624.7,88.47],[624.69,88.49],[624.8,88.61],[624.83,88.63],[624.89,88.67],[624.94,88.7],[624.95,88.71],[624.98,88.75],[624.99,88.77],[625,88.77],[625,88.77],[625,88.77],[625.01,88.77],[625.02,88.77],[625.03,88.78],[625.04,88.79],[625.06,88.8],[625.06,88.79],[625.06,88.77],[625.07,88.74],[625.08,88.74],[625.07,88.79],[625.07,88.81],[625.05,88.84],[625.05,88.87],[625,88.84],[624.99,88.84],[624.83,89.05],[624.83,89.05],[624.83,89.05],[624.82,89.04],[624.81,89.04],[624.78,89.02],[624.47,88.79],[624.47,88.8],[624.47,88.79],[624.47,88.79],[624.54,88.69],[624.37,88.56],[624.41,88.44]]]}},{"type":"Feature","id":"35040-93","properties":{"ridingCode":"35040","pollNumber":"93","pollType":"N","advancePollNumber":"611","sourceCode":"93-0","geometryPollNumbers":["93"],"code":"35040-93","resultPollNumbers":["93"],"resultStatus":"exact","result":{"electors":380,"voters":156,"totalVotes":156,"rejected":0,"turnout":41.05263157894737,"winnerId":"shelby-kramp-neuman","winnerPartyId":"CPC","runnerUpId":"tracey-sweeney-schenk","runnerUpPartyId":"LIB","margin":7.051282051282051,"top":[{"id":"shelby-kramp-neuman","name":"Shelby Kramp-Neuman","shortName":"Kramp-Neuman","partyId":"CPC","votes":78,"share":50},{"id":"tracey-sweeney-schenk","name":"Tracey Sweeney Schenk","shortName":"Sweeney Schenk","partyId":"LIB","votes":67,"share":42.94871794871795},{"id":"ava-duffy","name":"Ava Duffy","shortName":"Duffy","partyId":"NDP","votes":7,"share":4.487179487179487},{"id":"michael-holbrook","name":"Michael Holbrook","shortName":"Holbrook","partyId":"GRN","votes":3,"share":1.9230769230769231}],"partyVotes":{"LIB":67,"CPC":78,"BQ":0,"NDP":7,"GRN":3,"PPC":1,"OTH":0}}},"geometry":{"type":"Polygon","coordinates":[[[628.78,89.36],[628.79,89.36],[628.76,89.32],[628.96,89.15],[629.08,89.31],[629.16,89.4],[629.05,89.49],[629.04,89.55],[628.93,89.43],[628.93,89.42],[628.9,89.39],[628.89,89.39],[628.89,89.4],[628.84,89.44],[628.82,89.41],[628.82,89.4],[628.8,89.38],[628.78,89.37],[628.78,89.36]]]}},{"type":"Feature","id":"35040-94","properties":{"ridingCode":"35040","pollNumber":"94","pollType":"N","advancePollNumber":"611","sourceCode":"94-0","geometryPollNumbers":["94"],"code":"35040-94","resultPollNumbers":["94"],"resultStatus":"exact","result":{"electors":449,"voters":144,"totalVotes":144,"rejected":0,"turnout":32.071269487750556,"winnerId":"shelby-kramp-neuman","winnerPartyId":"CPC","runnerUpId":"tracey-sweeney-schenk","runnerUpPartyId":"LIB","margin":2.083333333333333,"top":[{"id":"shelby-kramp-neuman","name":"Shelby Kramp-Neuman","shortName":"Kramp-Neuman","partyId":"CPC","votes":68,"share":47.22222222222222},{"id":"tracey-sweeney-schenk","name":"Tracey Sweeney Schenk","shortName":"Sweeney Schenk","partyId":"LIB","votes":65,"share":45.13888888888889},{"id":"ava-duffy","name":"Ava Duffy","shortName":"Duffy","partyId":"NDP","votes":6,"share":4.166666666666666},{"id":"michael-holbrook","name":"Michael Holbrook","shortName":"Holbrook","partyId":"GRN","votes":3,"share":2.083333333333333}],"partyVotes":{"LIB":65,"CPC":68,"BQ":0,"NDP":6,"GRN":3,"PPC":2,"OTH":0}}},"geometry":{"type":"Polygon","coordinates":[[[628.64,89.04],[628.78,88.93],[628.96,89.15],[628.76,89.32],[628.75,89.33],[628.73,89.29],[628.73,89.26],[628.7,89.21],[628.68,89.19],[628.68,89.18],[628.7,89.17],[628.67,89.14],[628.68,89.12],[628.67,89.1],[628.64,89.04]]]}},{"type":"Feature","id":"35040-95","properties":{"ridingCode":"35040","pollNumber":"95","pollType":"N","advancePollNumber":"611","sourceCode":"95-0","geometryPollNumbers":["95"],"code":"35040-95","resultPollNumbers":["95"],"resultStatus":"exact","result":{"electors":471,"voters":158,"totalVotes":157,"rejected":1,"turnout":33.54564755838641,"winnerId":"shelby-kramp-neuman","winnerPartyId":"CPC","runnerUpId":"tracey-sweeney-schenk","runnerUpPartyId":"LIB","margin":37.57961783439491,"top":[{"id":"shelby-kramp-neuman","name":"Shelby Kramp-Neuman","shortName":"Kramp-Neuman","partyId":"CPC","votes":101,"share":64.3312101910828},{"id":"tracey-sweeney-schenk","name":"Tracey Sweeney Schenk","shortName":"Sweeney Schenk","partyId":"LIB","votes":42,"share":26.751592356687897},{"id":"ava-duffy","name":"Ava Duffy","shortName":"Duffy","partyId":"NDP","votes":7,"share":4.45859872611465},{"id":"zaid-yusufani","name":"Zaid Yusufani","shortName":"Yusufani","partyId":"PPC","votes":4,"share":2.547770700636943}],"partyVotes":{"LIB":42,"CPC":101,"BQ":0,"NDP":7,"GRN":3,"PPC":4,"OTH":0}}},"geometry":{"type":"Polygon","coordinates":[[[628.47,89.38],[628.08,88.91],[628.16,88.85],[628.34,88.7],[628.49,88.57],[628.53,88.62],[628.55,88.64],[628.62,88.74],[628.78,88.93],[628.64,89.04],[628.67,89.1],[628.68,89.12],[628.67,89.14],[628.7,89.17],[628.68,89.18],[628.68,89.19],[628.7,89.21],[628.73,89.26],[628.73,89.29],[628.75,89.33],[628.64,89.43],[628.55,89.31],[628.47,89.38]]]}},{"type":"Feature","id":"35040-96","properties":{"ridingCode":"35040","pollNumber":"96","pollType":"N","advancePollNumber":"613","sourceCode":"96-0","geometryPollNumbers":["96"],"code":"35040-96","resultPollNumbers":["96"],"resultStatus":"exact","result":{"electors":440,"voters":156,"totalVotes":156,"rejected":0,"turnout":35.45454545454545,"winnerId":"shelby-kramp-neuman","winnerPartyId":"CPC","runnerUpId":"tracey-sweeney-schenk","runnerUpPartyId":"LIB","margin":17.307692307692307,"top":[{"id":"shelby-kramp-neuman","name":"Shelby Kramp-Neuman","shortName":"Kramp-Neuman","partyId":"CPC","votes":87,"share":55.769230769230774},{"id":"tracey-sweeney-schenk","name":"Tracey Sweeney Schenk","shortName":"Sweeney Schenk","partyId":"LIB","votes":60,"share":38.46153846153847},{"id":"ava-duffy","name":"Ava Duffy","shortName":"Duffy","partyId":"NDP","votes":5,"share":3.205128205128205},{"id":"zaid-yusufani","name":"Zaid Yusufani","shortName":"Yusufani","partyId":"PPC","votes":4,"share":2.564102564102564}],"partyVotes":{"LIB":60,"CPC":87,"BQ":0,"NDP":5,"GRN":0,"PPC":4,"OTH":0}}},"geometry":{"type":"Polygon","coordinates":[[[628.62,88.74],[628.82,88.55],[628.86,88.63],[628.86,88.65],[628.96,88.7],[629.53,88.91],[629.5,88.94],[629.53,88.99],[629.54,89.01],[629.55,89.01],[629.56,89.02],[629.58,89.02],[629.59,89.01],[629.6,89.01],[629.61,89.03],[629.65,89.11],[629.66,89.12],[629.68,89.14],[629.6,89.21],[629.49,89.32],[629.44,89.38],[629.4,89.41],[629.37,89.42],[629.36,89.42],[629.3,89.36],[629.28,89.34],[629.24,89.29],[629.21,89.23],[629.15,89.28],[629.14,89.28],[629.09,89.3],[629.08,89.31],[628.96,89.15],[628.78,88.93],[628.62,88.74]]]}},{"type":"Feature","id":"35040-97","properties":{"ridingCode":"35040","pollNumber":"97","pollType":"N","advancePollNumber":"618","sourceCode":"97-0","geometryPollNumbers":["97"],"code":"35040-97","resultPollNumbers":["97"],"resultStatus":"exact","result":{"electors":402,"voters":184,"totalVotes":184,"rejected":0,"turnout":45.77114427860697,"winnerId":"shelby-kramp-neuman","winnerPartyId":"CPC","runnerUpId":"tracey-sweeney-schenk","runnerUpPartyId":"LIB","margin":39.67391304347826,"top":[{"id":"shelby-kramp-neuman","name":"Shelby Kramp-Neuman","shortName":"Kramp-Neuman","partyId":"CPC","votes":121,"share":65.76086956521739},{"id":"tracey-sweeney-schenk","name":"Tracey Sweeney Schenk","shortName":"Sweeney Schenk","partyId":"LIB","votes":48,"share":26.08695652173913},{"id":"ava-duffy","name":"Ava Duffy","shortName":"Duffy","partyId":"NDP","votes":8,"share":4.3478260869565215},{"id":"michael-holbrook","name":"Michael Holbrook","shortName":"Holbrook","partyId":"GRN","votes":4,"share":2.1739130434782608}],"partyVotes":{"LIB":48,"CPC":121,"BQ":0,"NDP":8,"GRN":4,"PPC":3,"OTH":0}}},"geometry":{"type":"Polygon","coordinates":[[[627.02,88.69],[627.18,88.48],[627.26,88.37],[627.41,88.17],[627.52,88.03],[627.7,88.16],[627.57,88.33],[627.62,88.37],[627.49,88.53],[627.57,88.58],[627.57,88.59],[627.57,88.63],[627.58,88.68],[627.57,88.71],[627.56,88.71],[627.59,88.73],[627.62,88.78],[627.63,88.8],[627.83,88.84],[627.84,88.84],[627.86,88.81],[627.86,88.81],[628.04,88.94],[627.85,89.1],[627.85,89.1],[627.72,89.21],[627.69,89.24],[627.67,89.2],[627.64,89.17],[627.61,89.15],[627.56,89.11],[627.54,89.07],[627.52,89.05],[627.51,89.03],[627.53,89.01],[627.53,88.99],[627.51,88.97],[627.48,88.94],[627.47,88.93],[627.46,88.93],[627.46,88.94],[627.46,88.95],[627.44,88.97],[627.43,88.98],[627.43,88.99],[627.36,88.94],[627.28,88.88],[627.28,88.87],[627.2,88.82],[627.02,88.69]]]}},{"type":"Feature","id":"35040-98","properties":{"ridingCode":"35040","pollNumber":"98","pollType":"N","advancePollNumber":"618","sourceCode":"98-0","geometryPollNumbers":["98"],"code":"35040-98","resultPollNumbers":["98"],"resultStatus":"exact","result":{"electors":473,"voters":204,"totalVotes":204,"rejected":0,"turnout":43.12896405919662,"winnerId":"shelby-kramp-neuman","winnerPartyId":"CPC","runnerUpId":"tracey-sweeney-schenk","runnerUpPartyId":"LIB","margin":45.588235294117645,"top":[{"id":"shelby-kramp-neuman","name":"Shelby Kramp-Neuman","shortName":"Kramp-Neuman","partyId":"CPC","votes":147,"share":72.05882352941177},{"id":"tracey-sweeney-schenk","name":"Tracey Sweeney Schenk","shortName":"Sweeney Schenk","partyId":"LIB","votes":54,"share":26.47058823529412},{"id":"ava-duffy","name":"Ava Duffy","shortName":"Duffy","partyId":"NDP","votes":3,"share":1.4705882352941175},{"id":"michael-holbrook","name":"Michael Holbrook","shortName":"Holbrook","partyId":"GRN","votes":0,"share":0}],"partyVotes":{"LIB":54,"CPC":147,"BQ":0,"NDP":3,"GRN":0,"PPC":0,"OTH":0}}},"geometry":{"type":"Polygon","coordinates":[[[627.57,88.33],[627.7,88.16],[627.76,88.21],[627.77,88.19],[627.78,88.19],[627.79,88.19],[627.89,88.26],[627.9,88.26],[627.91,88.26],[627.91,88.25],[627.98,88.16],[628.06,88.21],[628.07,88.22],[628.06,88.24],[628.08,88.25],[628.08,88.25],[628.09,88.28],[628.13,88.33],[628.06,88.43],[628.29,88.61],[628.29,88.62],[628.3,88.65],[628.34,88.7],[628.16,88.85],[628.08,88.91],[628.04,88.94],[627.86,88.81],[627.86,88.81],[627.84,88.84],[627.83,88.84],[627.63,88.8],[627.62,88.78],[627.59,88.73],[627.56,88.71],[627.57,88.71],[627.58,88.68],[627.57,88.63],[627.57,88.59],[627.57,88.58],[627.49,88.53],[627.62,88.37],[627.57,88.33]],[[628.01,88.69],[628.01,88.69],[628.01,88.68],[628.01,88.69]]]}},{"type":"Feature","id":"35040-99","properties":{"ridingCode":"35040","pollNumber":"99","pollType":"N","advancePollNumber":"613","sourceCode":"99-0","geometryPollNumbers":["99"],"code":"35040-99","resultPollNumbers":["99"],"resultStatus":"exact","result":{"electors":461,"voters":183,"totalVotes":182,"rejected":1,"turnout":39.69631236442516,"winnerId":"shelby-kramp-neuman","winnerPartyId":"CPC","runnerUpId":"tracey-sweeney-schenk","runnerUpPartyId":"LIB","margin":0,"top":[{"id":"shelby-kramp-neuman","name":"Shelby Kramp-Neuman","shortName":"Kramp-Neuman","partyId":"CPC","votes":85,"share":46.7032967032967},{"id":"tracey-sweeney-schenk","name":"Tracey Sweeney Schenk","shortName":"Sweeney Schenk","partyId":"LIB","votes":85,"share":46.7032967032967},{"id":"ava-duffy","name":"Ava Duffy","shortName":"Duffy","partyId":"NDP","votes":6,"share":3.296703296703297},{"id":"michael-holbrook","name":"Michael Holbrook","shortName":"Holbrook","partyId":"GRN","votes":3,"share":1.6483516483516485}],"partyVotes":{"LIB":85,"CPC":85,"BQ":0,"NDP":6,"GRN":3,"PPC":3,"OTH":0}}},"geometry":{"type":"Polygon","coordinates":[[[629.77,89.26],[629.95,89.07],[630,89.09],[630.09,89.13],[630.21,89.18],[630.37,89.24],[630.37,89.24],[630.19,89.43],[629.99,89.64],[629.93,89.71],[629.9,89.64],[629.88,89.62],[629.86,89.61],[629.84,89.6],[629.84,89.53],[629.82,89.46],[629.81,89.42],[629.8,89.41],[629.79,89.39],[629.78,89.38],[629.72,89.35],[629.69,89.33],[629.64,89.27],[629.61,89.22],[629.6,89.21],[629.68,89.14],[629.69,89.15],[629.71,89.18],[629.75,89.23],[629.77,89.26]]]}},{"type":"Feature","id":"35040-100","properties":{"ridingCode":"35040","pollNumber":"100","pollType":"N","advancePollNumber":"613","sourceCode":"100-0","geometryPollNumbers":["100"],"code":"35040-100","resultPollNumbers":["100"],"resultStatus":"exact","result":{"electors":326,"voters":106,"totalVotes":106,"rejected":0,"turnout":32.515337423312886,"winnerId":"shelby-kramp-neuman","winnerPartyId":"CPC","runnerUpId":"tracey-sweeney-schenk","runnerUpPartyId":"LIB","margin":24.528301886792452,"top":[{"id":"shelby-kramp-neuman","name":"Shelby Kramp-Neuman","shortName":"Kramp-Neuman","partyId":"CPC","votes":64,"share":60.37735849056604},{"id":"tracey-sweeney-schenk","name":"Tracey Sweeney Schenk","shortName":"Sweeney Schenk","partyId":"LIB","votes":38,"share":35.84905660377358},{"id":"ava-duffy","name":"Ava Duffy","shortName":"Duffy","partyId":"NDP","votes":4,"share":3.7735849056603774},{"id":"michael-holbrook","name":"Michael Holbrook","shortName":"Holbrook","partyId":"GRN","votes":0,"share":0}],"partyVotes":{"LIB":38,"CPC":64,"BQ":0,"NDP":4,"GRN":0,"PPC":0,"OTH":0}}},"geometry":{"type":"Polygon","coordinates":[[[629.5,88.94],[629.53,88.91],[629.55,88.88],[629.63,88.78],[629.71,88.7],[629.72,88.68],[629.85,88.8],[629.95,88.89],[629.91,88.93],[629.9,88.98],[629.93,89],[629.98,89.02],[629.98,89.03],[629.99,89.04],[629.99,89.03],[630,89.03],[630.01,89.06],[630.02,89.08],[630.02,89.09],[630.02,89.09],[630,89.09],[629.95,89.07],[629.77,89.26],[629.75,89.23],[629.71,89.18],[629.69,89.15],[629.68,89.14],[629.66,89.12],[629.65,89.11],[629.61,89.03],[629.6,89.01],[629.59,89.01],[629.58,89.02],[629.56,89.02],[629.55,89.01],[629.54,89.01],[629.53,88.99],[629.5,88.94]]]}},{"type":"Feature","id":"35040-101","properties":{"ridingCode":"35040","pollNumber":"101","pollType":"N","advancePollNumber":"613","sourceCode":"101-0","geometryPollNumbers":["101"],"code":"35040-101","resultPollNumbers":["101"],"resultStatus":"exact","result":{"electors":907,"voters":308,"totalVotes":308,"rejected":0,"turnout":33.95810363836825,"winnerId":"shelby-kramp-neuman","winnerPartyId":"CPC","runnerUpId":"tracey-sweeney-schenk","runnerUpPartyId":"LIB","margin":31.818181818181817,"top":[{"id":"shelby-kramp-neuman","name":"Shelby Kramp-Neuman","shortName":"Kramp-Neuman","partyId":"CPC","votes":194,"share":62.98701298701299},{"id":"tracey-sweeney-schenk","name":"Tracey Sweeney Schenk","shortName":"Sweeney Schenk","partyId":"LIB","votes":96,"share":31.16883116883117},{"id":"ava-duffy","name":"Ava Duffy","shortName":"Duffy","partyId":"NDP","votes":11,"share":3.571428571428571},{"id":"michael-holbrook","name":"Michael Holbrook","shortName":"Holbrook","partyId":"GRN","votes":6,"share":1.948051948051948}],"partyVotes":{"LIB":96,"CPC":194,"BQ":0,"NDP":11,"GRN":6,"PPC":1,"OTH":0}}},"geometry":{"type":"Polygon","coordinates":[[[629.98,89.02],[629.93,89],[629.9,88.98],[629.91,88.93],[629.95,88.89],[630.02,88.96],[630.05,88.97],[630.06,89],[630.05,89],[630.04,89],[630.04,89.01],[630.03,89.04],[630.02,89.04],[630.01,89.06],[630,89.03],[629.99,89.03],[629.99,89.04],[629.98,89.03],[629.98,89.02]]]}},{"type":"Feature","id":"35040-102","properties":{"ridingCode":"35040","pollNumber":"102","pollType":"N","advancePollNumber":"613","sourceCode":"102-0","geometryPollNumbers":["102"],"code":"35040-102","resultPollNumbers":["102"],"resultStatus":"exact","result":{"electors":417,"voters":125,"totalVotes":125,"rejected":0,"turnout":29.97601918465228,"winnerId":"shelby-kramp-neuman","winnerPartyId":"CPC","runnerUpId":"tracey-sweeney-schenk","runnerUpPartyId":"LIB","margin":35.199999999999996,"top":[{"id":"shelby-kramp-neuman","name":"Shelby Kramp-Neuman","shortName":"Kramp-Neuman","partyId":"CPC","votes":79,"share":63.2},{"id":"tracey-sweeney-schenk","name":"Tracey Sweeney Schenk","shortName":"Sweeney Schenk","partyId":"LIB","votes":35,"share":28.000000000000004},{"id":"ava-duffy","name":"Ava Duffy","shortName":"Duffy","partyId":"NDP","votes":7,"share":5.6000000000000005},{"id":"michael-holbrook","name":"Michael Holbrook","shortName":"Holbrook","partyId":"GRN","votes":2,"share":1.6}],"partyVotes":{"LIB":35,"CPC":79,"BQ":0,"NDP":7,"GRN":2,"PPC":2,"OTH":0}}},"geometry":{"type":"Polygon","coordinates":[[[630.01,89.06],[630.02,89.04],[630.03,89.04],[630.11,89.07],[630.12,89.06],[630.07,89.01],[630.09,88.99],[630.15,88.92],[630.19,88.88],[630.2,88.87],[630.25,88.86],[630.29,88.85],[630.31,88.84],[630.39,88.77],[630.47,88.67],[630.5,88.67],[630.52,88.66],[630.54,88.68],[630.55,88.7],[630.61,88.86],[630.63,88.89],[630.67,88.92],[630.63,88.96],[630.5,89.11],[630.47,89.13],[630.47,89.14],[630.37,89.24],[630.21,89.18],[630.09,89.13],[630,89.09],[630.02,89.09],[630.02,89.09],[630.02,89.08],[630.01,89.06]]]}},{"type":"Feature","id":"35040-103","properties":{"ridingCode":"35040","pollNumber":"103","pollType":"N","advancePollNumber":"613","sourceCode":"103-0","geometryPollNumbers":["103"],"code":"35040-103","resultPollNumbers":["103"],"resultStatus":"exact","result":{"electors":469,"voters":142,"totalVotes":142,"rejected":0,"turnout":30.2771855010661,"winnerId":"shelby-kramp-neuman","winnerPartyId":"CPC","runnerUpId":"tracey-sweeney-schenk","runnerUpPartyId":"LIB","margin":2.112676056338028,"top":[{"id":"shelby-kramp-neuman","name":"Shelby Kramp-Neuman","shortName":"Kramp-Neuman","partyId":"CPC","votes":67,"share":47.183098591549296},{"id":"tracey-sweeney-schenk","name":"Tracey Sweeney Schenk","shortName":"Sweeney Schenk","partyId":"LIB","votes":64,"share":45.07042253521127},{"id":"ava-duffy","name":"Ava Duffy","shortName":"Duffy","partyId":"NDP","votes":8,"share":5.633802816901409},{"id":"michael-holbrook","name":"Michael Holbrook","shortName":"Holbrook","partyId":"GRN","votes":3,"share":2.112676056338028}],"partyVotes":{"LIB":64,"CPC":67,"BQ":0,"NDP":8,"GRN":3,"PPC":0,"OTH":0}}},"geometry":{"type":"Polygon","coordinates":[[[629.85,88.8],[629.98,88.64],[629.99,88.64],[630,88.63],[630.01,88.65],[630.01,88.66],[630.1,88.74],[630.1,88.75],[630.11,88.75],[630.19,88.81],[630.25,88.86],[630.2,88.87],[630.19,88.88],[630.15,88.92],[630.09,88.99],[630.07,89.01],[630.12,89.06],[630.11,89.07],[630.03,89.04],[630.04,89.01],[630.04,89],[630.05,89],[630.06,89],[630.05,88.97],[630.02,88.96],[629.95,88.89],[629.85,88.8]]]}},{"type":"Feature","id":"35040-104","properties":{"ridingCode":"35040","pollNumber":"104","pollType":"N","advancePollNumber":"616","sourceCode":"104-0","geometryPollNumbers":["104"],"code":"35040-104","resultPollNumbers":["104"],"resultStatus":"exact","result":{"electors":356,"voters":170,"totalVotes":170,"rejected":0,"turnout":47.752808988764045,"winnerId":"shelby-kramp-neuman","winnerPartyId":"CPC","runnerUpId":"tracey-sweeney-schenk","runnerUpPartyId":"LIB","margin":13.529411764705882,"top":[{"id":"shelby-kramp-neuman","name":"Shelby Kramp-Neuman","shortName":"Kramp-Neuman","partyId":"CPC","votes":90,"share":52.94117647058824},{"id":"tracey-sweeney-schenk","name":"Tracey Sweeney Schenk","shortName":"Sweeney Schenk","partyId":"LIB","votes":67,"share":39.411764705882355},{"id":"ava-duffy","name":"Ava Duffy","shortName":"Duffy","partyId":"NDP","votes":9,"share":5.294117647058823},{"id":"michael-holbrook","name":"Michael Holbrook","shortName":"Holbrook","partyId":"GRN","votes":3,"share":1.7647058823529411}],"partyVotes":{"LIB":67,"CPC":90,"BQ":0,"NDP":9,"GRN":3,"PPC":1,"OTH":0}}},"geometry":{"type":"Polygon","coordinates":[[[629.12,88.35],[629.25,88.48],[629.33,88.57],[629.34,88.58],[629.35,88.64],[629.38,88.72],[629.4,88.69],[629.44,88.65],[629.51,88.57],[629.42,88.48],[629.48,88.42],[629.49,88.4],[629.51,88.38],[629.62,88.25],[629.69,88.33],[629.76,88.39],[629.84,88.48],[629.77,88.57],[629.76,88.58],[629.75,88.61],[629.73,88.66],[629.72,88.68],[629.71,88.7],[629.63,88.78],[629.55,88.88],[629.53,88.91],[628.96,88.7],[628.86,88.65],[628.86,88.63],[628.82,88.55],[628.83,88.54],[628.99,88.39],[629.04,88.33],[629.12,88.35]]]}},{"type":"Feature","id":"35040-105","properties":{"ridingCode":"35040","pollNumber":"105","pollType":"N","advancePollNumber":"619","sourceCode":"105-0","geometryPollNumbers":["105"],"code":"35040-105","resultPollNumbers":["105"],"resultStatus":"exact","result":{"electors":452,"voters":224,"totalVotes":224,"rejected":0,"turnout":49.557522123893804,"winnerId":"shelby-kramp-neuman","winnerPartyId":"CPC","runnerUpId":"tracey-sweeney-schenk","runnerUpPartyId":"LIB","margin":25.892857142857146,"top":[{"id":"shelby-kramp-neuman","name":"Shelby Kramp-Neuman","shortName":"Kramp-Neuman","partyId":"CPC","votes":137,"share":61.16071428571429},{"id":"tracey-sweeney-schenk","name":"Tracey Sweeney Schenk","shortName":"Sweeney Schenk","partyId":"LIB","votes":79,"share":35.267857142857146},{"id":"ava-duffy","name":"Ava Duffy","shortName":"Duffy","partyId":"NDP","votes":6,"share":2.6785714285714284},{"id":"michael-holbrook","name":"Michael Holbrook","shortName":"Holbrook","partyId":"GRN","votes":2,"share":0.8928571428571428}],"partyVotes":{"LIB":79,"CPC":137,"BQ":0,"NDP":6,"GRN":2,"PPC":0,"OTH":0}}},"geometry":{"type":"Polygon","coordinates":[[[625.53,88.57],[625.42,88.48],[625.31,88.4],[625.29,88.39],[625.43,88.2],[625.44,88.21],[625.46,88.23],[625.47,88.25],[625.48,88.26],[625.98,88.52],[626,88.53],[626.02,88.55],[626.13,88.6],[626.25,88.44],[626.94,88.8],[626.9,88.86],[626.74,89.09],[626.56,89.33],[626.38,89.2],[626.38,89.2],[626.09,88.98],[625.98,88.9],[625.72,88.71],[625.53,88.57]]]}},{"type":"Feature","id":"35040-106","properties":{"ridingCode":"35040","pollNumber":"106","pollType":"N","advancePollNumber":"619","sourceCode":"106-0","geometryPollNumbers":["106"],"code":"35040-106","resultPollNumbers":["106"],"resultStatus":"exact","result":{"electors":465,"voters":237,"totalVotes":237,"rejected":0,"turnout":50.967741935483865,"winnerId":"shelby-kramp-neuman","winnerPartyId":"CPC","runnerUpId":"tracey-sweeney-schenk","runnerUpPartyId":"LIB","margin":27.42616033755274,"top":[{"id":"shelby-kramp-neuman","name":"Shelby Kramp-Neuman","shortName":"Kramp-Neuman","partyId":"CPC","votes":145,"share":61.18143459915611},{"id":"tracey-sweeney-schenk","name":"Tracey Sweeney Schenk","shortName":"Sweeney Schenk","partyId":"LIB","votes":80,"share":33.755274261603375},{"id":"ava-duffy","name":"Ava Duffy","shortName":"Duffy","partyId":"NDP","votes":6,"share":2.5316455696202533},{"id":"michael-holbrook","name":"Michael Holbrook","shortName":"Holbrook","partyId":"GRN","votes":5,"share":2.109704641350211}],"partyVotes":{"LIB":80,"CPC":145,"BQ":0,"NDP":6,"GRN":5,"PPC":1,"OTH":0}}},"geometry":{"type":"Polygon","coordinates":[[[626.07,88.34],[626.12,88.27],[626.14,88.25],[626.15,88.23],[626.18,88.18],[626.06,88.12],[626.05,88.11],[626.03,88.06],[626.03,88.06],[626.12,87.93],[626.3,88.02],[626.48,88.11],[626.47,88.07],[626.56,87.96],[626.59,87.95],[626.88,88.1],[626.89,88.1],[626.9,88.11],[626.95,88.13],[626.89,88.21],[626.89,88.22],[626.89,88.24],[626.84,88.3],[627.18,88.48],[627.02,88.69],[626.94,88.8],[626.25,88.44],[626.07,88.34]]]}},{"type":"Feature","id":"35040-107","properties":{"ridingCode":"35040","pollNumber":"107","pollType":"N","advancePollNumber":"619","sourceCode":"107-0","geometryPollNumbers":["107"],"code":"35040-107","resultPollNumbers":["107"],"resultStatus":"exact","result":{"electors":459,"voters":224,"totalVotes":224,"rejected":0,"turnout":48.80174291938998,"winnerId":"shelby-kramp-neuman","winnerPartyId":"CPC","runnerUpId":"tracey-sweeney-schenk","runnerUpPartyId":"LIB","margin":35.714285714285715,"top":[{"id":"shelby-kramp-neuman","name":"Shelby Kramp-Neuman","shortName":"Kramp-Neuman","partyId":"CPC","votes":147,"share":65.625},{"id":"tracey-sweeney-schenk","name":"Tracey Sweeney Schenk","shortName":"Sweeney Schenk","partyId":"LIB","votes":67,"share":29.910714285714285},{"id":"ava-duffy","name":"Ava Duffy","shortName":"Duffy","partyId":"NDP","votes":7,"share":3.125},{"id":"zaid-yusufani","name":"Zaid Yusufani","shortName":"Yusufani","partyId":"PPC","votes":3,"share":1.3392857142857142}],"partyVotes":{"LIB":67,"CPC":147,"BQ":0,"NDP":7,"GRN":0,"PPC":3,"OTH":0}}},"geometry":{"type":"Polygon","coordinates":[[[625.43,88.2],[625.65,87.91],[625.65,87.91],[625.7,87.94],[625.79,88.06],[625.95,87.84],[626.12,87.93],[626.03,88.06],[626.03,88.06],[626.05,88.11],[626.06,88.12],[626.18,88.18],[626.15,88.23],[626.14,88.25],[626.12,88.27],[626.07,88.34],[626.25,88.44],[626.13,88.6],[626.02,88.55],[626,88.53],[625.98,88.52],[625.48,88.26],[625.47,88.25],[625.46,88.23],[625.44,88.21],[625.43,88.2]]]}},{"type":"Feature","id":"35040-108","properties":{"ridingCode":"35040","pollNumber":"108","pollType":"N","advancePollNumber":"614","sourceCode":"108-0","geometryPollNumbers":["108"],"code":"35040-108","resultPollNumbers":["108"],"resultStatus":"exact","result":{"electors":518,"voters":201,"totalVotes":199,"rejected":2,"turnout":38.803088803088805,"winnerId":"shelby-kramp-neuman","winnerPartyId":"CPC","runnerUpId":"tracey-sweeney-schenk","runnerUpPartyId":"LIB","margin":1.507537688442211,"top":[{"id":"shelby-kramp-neuman","name":"Shelby Kramp-Neuman","shortName":"Kramp-Neuman","partyId":"CPC","votes":92,"share":46.231155778894475},{"id":"tracey-sweeney-schenk","name":"Tracey Sweeney Schenk","shortName":"Sweeney Schenk","partyId":"LIB","votes":89,"share":44.72361809045226},{"id":"ava-duffy","name":"Ava Duffy","shortName":"Duffy","partyId":"NDP","votes":13,"share":6.532663316582915},{"id":"michael-holbrook","name":"Michael Holbrook","shortName":"Holbrook","partyId":"GRN","votes":3,"share":1.507537688442211}],"partyVotes":{"LIB":89,"CPC":92,"BQ":0,"NDP":13,"GRN":3,"PPC":2,"OTH":0}}},"geometry":{"type":"Polygon","coordinates":[[[630.67,88.7],[630.67,88.7],[630.71,88.7],[630.74,88.71],[630.75,88.69],[630.75,88.69],[630.77,88.71],[630.79,88.72],[630.8,88.7],[630.8,88.68],[630.81,88.68],[630.83,88.7],[630.8,88.73],[630.82,88.74],[630.81,88.76],[630.67,88.92],[630.63,88.89],[630.61,88.86],[630.55,88.7],[630.54,88.68],[630.52,88.66],[630.55,88.66],[630.58,88.66],[630.58,88.66],[630.6,88.67],[630.6,88.67],[630.61,88.67],[630.66,88.7],[630.67,88.7]]]}},{"type":"Feature","id":"35040-109","properties":{"ridingCode":"35040","pollNumber":"109","pollType":"N","advancePollNumber":"614","sourceCode":"109-0","geometryPollNumbers":["109"],"code":"35040-109","resultPollNumbers":["109"],"resultStatus":"exact","result":{"electors":503,"voters":163,"totalVotes":162,"rejected":1,"turnout":32.40556660039761,"winnerId":"tracey-sweeney-schenk","winnerPartyId":"LIB","runnerUpId":"shelby-kramp-neuman","runnerUpPartyId":"CPC","margin":2.4691358024691357,"top":[{"id":"tracey-sweeney-schenk","name":"Tracey Sweeney Schenk","shortName":"Sweeney Schenk","partyId":"LIB","votes":79,"share":48.76543209876543},{"id":"shelby-kramp-neuman","name":"Shelby Kramp-Neuman","shortName":"Kramp-Neuman","partyId":"CPC","votes":75,"share":46.2962962962963},{"id":"ava-duffy","name":"Ava Duffy","shortName":"Duffy","partyId":"NDP","votes":6,"share":3.7037037037037033},{"id":"michael-holbrook","name":"Michael Holbrook","shortName":"Holbrook","partyId":"GRN","votes":1,"share":0.6172839506172839}],"partyVotes":{"LIB":79,"CPC":75,"BQ":0,"NDP":6,"GRN":1,"PPC":1,"OTH":0}}},"geometry":{"type":"Polygon","coordinates":[[[630.78,88.65],[630.76,88.63],[630.77,88.62],[630.77,88.63],[630.78,88.63],[630.78,88.63],[630.8,88.66],[630.8,88.66],[630.8,88.66],[630.83,88.68],[630.84,88.7],[630.84,88.71],[630.85,88.72],[630.84,88.72],[630.82,88.74],[630.8,88.73],[630.83,88.7],[630.81,88.68],[630.8,88.68],[630.8,88.7],[630.79,88.72],[630.77,88.71],[630.79,88.68],[630.78,88.67],[630.78,88.66],[630.79,88.66],[630.78,88.65]]]}},{"type":"Feature","id":"35040-110","properties":{"ridingCode":"35040","pollNumber":"110","pollType":"N","advancePollNumber":"614","sourceCode":"110-0","geometryPollNumbers":["110"],"code":"35040-110","resultPollNumbers":["110"],"resultStatus":"exact","result":{"electors":586,"voters":162,"totalVotes":161,"rejected":1,"turnout":27.64505119453925,"winnerId":"tracey-sweeney-schenk","winnerPartyId":"LIB","runnerUpId":"shelby-kramp-neuman","runnerUpPartyId":"CPC","margin":14.906832298136646,"top":[{"id":"tracey-sweeney-schenk","name":"Tracey Sweeney Schenk","shortName":"Sweeney Schenk","partyId":"LIB","votes":88,"share":54.6583850931677},{"id":"shelby-kramp-neuman","name":"Shelby Kramp-Neuman","shortName":"Kramp-Neuman","partyId":"CPC","votes":64,"share":39.75155279503105},{"id":"ava-duffy","name":"Ava Duffy","shortName":"Duffy","partyId":"NDP","votes":9,"share":5.590062111801243},{"id":"michael-holbrook","name":"Michael Holbrook","shortName":"Holbrook","partyId":"GRN","votes":0,"share":0}],"partyVotes":{"LIB":88,"CPC":64,"BQ":0,"NDP":9,"GRN":0,"PPC":0,"OTH":0}}},"geometry":{"type":"Polygon","coordinates":[[[630.7,88.68],[630.7,88.67],[630.71,88.67],[630.71,88.66],[630.73,88.67],[630.74,88.66],[630.76,88.67],[630.76,88.67],[630.77,88.66],[630.78,88.65],[630.79,88.66],[630.78,88.66],[630.78,88.67],[630.79,88.68],[630.77,88.71],[630.75,88.69],[630.75,88.69],[630.74,88.71],[630.71,88.7],[630.71,88.69],[630.69,88.68],[630.69,88.68],[630.69,88.68],[630.7,88.68]]]}},{"type":"Feature","id":"35040-111","properties":{"ridingCode":"35040","pollNumber":"111","pollType":"N","advancePollNumber":"614","sourceCode":"111-0","geometryPollNumbers":["111"],"code":"35040-111","resultPollNumbers":["111"],"resultStatus":"exact","result":{"electors":366,"voters":116,"totalVotes":116,"rejected":0,"turnout":31.693989071038253,"winnerId":"shelby-kramp-neuman","winnerPartyId":"CPC","runnerUpId":"tracey-sweeney-schenk","runnerUpPartyId":"LIB","margin":6.896551724137931,"top":[{"id":"shelby-kramp-neuman","name":"Shelby Kramp-Neuman","shortName":"Kramp-Neuman","partyId":"CPC","votes":56,"share":48.275862068965516},{"id":"tracey-sweeney-schenk","name":"Tracey Sweeney Schenk","shortName":"Sweeney Schenk","partyId":"LIB","votes":48,"share":41.37931034482759},{"id":"ava-duffy","name":"Ava Duffy","shortName":"Duffy","partyId":"NDP","votes":11,"share":9.482758620689655},{"id":"zaid-yusufani","name":"Zaid Yusufani","shortName":"Yusufani","partyId":"PPC","votes":1,"share":0.8620689655172413}],"partyVotes":{"LIB":48,"CPC":56,"BQ":0,"NDP":11,"GRN":0,"PPC":1,"OTH":0}}},"geometry":{"type":"Polygon","coordinates":[[[630.68,88.69],[630.68,88.68],[630.68,88.66],[630.69,88.65],[630.72,88.66],[630.71,88.66],[630.71,88.67],[630.7,88.67],[630.7,88.68],[630.69,88.68],[630.69,88.68],[630.69,88.68],[630.71,88.69],[630.71,88.7],[630.67,88.7],[630.68,88.69]]]}},{"type":"Feature","id":"35040-112","properties":{"ridingCode":"35040","pollNumber":"112","pollType":"N","advancePollNumber":"615","sourceCode":"112-0","geometryPollNumbers":["112"],"code":"35040-112","resultPollNumbers":["112"],"resultStatus":"exact","result":{"electors":515,"voters":160,"totalVotes":160,"rejected":0,"turnout":31.06796116504854,"winnerId":"shelby-kramp-neuman","winnerPartyId":"CPC","runnerUpId":"tracey-sweeney-schenk","runnerUpPartyId":"LIB","margin":0,"top":[{"id":"shelby-kramp-neuman","name":"Shelby Kramp-Neuman","shortName":"Kramp-Neuman","partyId":"CPC","votes":76,"share":47.5},{"id":"tracey-sweeney-schenk","name":"Tracey Sweeney Schenk","shortName":"Sweeney Schenk","partyId":"LIB","votes":76,"share":47.5},{"id":"ava-duffy","name":"Ava Duffy","shortName":"Duffy","partyId":"NDP","votes":7,"share":4.375},{"id":"michael-holbrook","name":"Michael Holbrook","shortName":"Holbrook","partyId":"GRN","votes":1,"share":0.625}],"partyVotes":{"LIB":76,"CPC":76,"BQ":0,"NDP":7,"GRN":1,"PPC":0,"OTH":0}}},"geometry":{"type":"Polygon","coordinates":[[[630.53,88.62],[630.52,88.62],[630.58,88.56],[630.59,88.58],[630.57,88.6],[630.53,88.64],[630.52,88.63],[630.53,88.62]]]}},{"type":"Feature","id":"35040-113","properties":{"ridingCode":"35040","pollNumber":"113","pollType":"N","advancePollNumber":"615","sourceCode":"113-0","geometryPollNumbers":["113"],"code":"35040-113","resultPollNumbers":["113"],"resultStatus":"exact","result":{"electors":584,"voters":203,"totalVotes":203,"rejected":0,"turnout":34.76027397260274,"winnerId":"tracey-sweeney-schenk","winnerPartyId":"LIB","runnerUpId":"shelby-kramp-neuman","runnerUpPartyId":"CPC","margin":0.9852216748768473,"top":[{"id":"tracey-sweeney-schenk","name":"Tracey Sweeney Schenk","shortName":"Sweeney Schenk","partyId":"LIB","votes":96,"share":47.29064039408867},{"id":"shelby-kramp-neuman","name":"Shelby Kramp-Neuman","shortName":"Kramp-Neuman","partyId":"CPC","votes":94,"share":46.30541871921182},{"id":"ava-duffy","name":"Ava Duffy","shortName":"Duffy","partyId":"NDP","votes":9,"share":4.433497536945813},{"id":"michael-holbrook","name":"Michael Holbrook","shortName":"Holbrook","partyId":"GRN","votes":2,"share":0.9852216748768473}],"partyVotes":{"LIB":96,"CPC":94,"BQ":0,"NDP":9,"GRN":2,"PPC":2,"OTH":0}}},"geometry":{"type":"Polygon","coordinates":[[[630.63,88.58],[630.62,88.59],[630.59,88.58],[630.58,88.56],[630.61,88.52],[630.63,88.53],[630.65,88.54],[630.65,88.57],[630.64,88.58],[630.63,88.58]]]}},{"type":"Feature","id":"35040-114","properties":{"ridingCode":"35040","pollNumber":"114","pollType":"N","advancePollNumber":"607","sourceCode":"114-0","geometryPollNumbers":["114"],"code":"35040-114","resultPollNumbers":["114"],"resultStatus":"exact","result":{"electors":480,"voters":186,"totalVotes":184,"rejected":2,"turnout":38.75,"winnerId":"shelby-kramp-neuman","winnerPartyId":"CPC","runnerUpId":"tracey-sweeney-schenk","runnerUpPartyId":"LIB","margin":42.934782608695656,"top":[{"id":"shelby-kramp-neuman","name":"Shelby Kramp-Neuman","shortName":"Kramp-Neuman","partyId":"CPC","votes":128,"share":69.56521739130434},{"id":"tracey-sweeney-schenk","name":"Tracey Sweeney Schenk","shortName":"Sweeney Schenk","partyId":"LIB","votes":49,"share":26.6304347826087},{"id":"ava-duffy","name":"Ava Duffy","shortName":"Duffy","partyId":"NDP","votes":6,"share":3.260869565217391},{"id":"michael-holbrook","name":"Michael Holbrook","shortName":"Holbrook","partyId":"GRN","votes":1,"share":0.5434782608695652}],"partyVotes":{"LIB":49,"CPC":128,"BQ":0,"NDP":6,"GRN":1,"PPC":0,"OTH":0}}},"geometry":{"type":"Polygon","coordinates":[[[622.85,88.62],[622.89,88.58],[622.91,88.55],[622.94,88.51],[622.99,88.42],[623.04,88.35],[623.08,88.3],[623.11,88.26],[623.19,88.2],[623.26,88.1],[623.29,88.12],[623.82,88.49],[623.5,88.93],[623.28,89.25],[623.26,89.23],[623.14,89.15],[623.13,89.14],[623.13,89.14],[623.13,89.14],[623.11,89.13],[623.11,89.13],[622.6,88.76],[622.6,88.76],[622.66,88.72],[622.7,88.69],[622.85,88.62]]]}},{"type":"Feature","id":"35040-115","properties":{"ridingCode":"35040","pollNumber":"115","pollType":"N","advancePollNumber":"607","sourceCode":"115-0","geometryPollNumbers":["115"],"code":"35040-115","resultPollNumbers":["115"],"resultStatus":"exact","result":{"electors":474,"voters":207,"totalVotes":207,"rejected":0,"turnout":43.67088607594937,"winnerId":"shelby-kramp-neuman","winnerPartyId":"CPC","runnerUpId":"tracey-sweeney-schenk","runnerUpPartyId":"LIB","margin":51.690821256038646,"top":[{"id":"shelby-kramp-neuman","name":"Shelby Kramp-Neuman","shortName":"Kramp-Neuman","partyId":"CPC","votes":153,"share":73.91304347826086},{"id":"tracey-sweeney-schenk","name":"Tracey Sweeney Schenk","shortName":"Sweeney Schenk","partyId":"LIB","votes":46,"share":22.22222222222222},{"id":"ava-duffy","name":"Ava Duffy","shortName":"Duffy","partyId":"NDP","votes":5,"share":2.4154589371980677},{"id":"michael-holbrook","name":"Michael Holbrook","shortName":"Holbrook","partyId":"GRN","votes":3,"share":1.4492753623188406}],"partyVotes":{"LIB":46,"CPC":153,"BQ":0,"NDP":5,"GRN":3,"PPC":0,"OTH":0}}},"geometry":{"type":"Polygon","coordinates":[[[622.27,88.24],[622.38,88.1],[622.49,87.95],[622.6,87.81],[622.6,87.79],[622.61,87.79],[622.68,87.7],[622.9,87.85],[622.82,87.96],[622.84,87.98],[622.85,87.99],[622.86,88.03],[622.86,88.03],[622.8,88.11],[623.08,88.3],[623.04,88.35],[622.99,88.42],[622.94,88.51],[622.91,88.55],[622.89,88.58],[622.85,88.62],[622.7,88.69],[622.66,88.72],[622.6,88.76],[622.35,88.59],[622.13,88.43],[622.27,88.24],[622.27,88.24]]]}},{"type":"Feature","id":"35040-116","properties":{"ridingCode":"35040","pollNumber":"116","pollType":"N","advancePollNumber":"620","sourceCode":"116-0","geometryPollNumbers":["116"],"code":"35040-116","resultPollNumbers":["116"],"resultStatus":"exact","result":{"electors":333,"voters":128,"totalVotes":128,"rejected":0,"turnout":38.43843843843844,"winnerId":"shelby-kramp-neuman","winnerPartyId":"CPC","runnerUpId":"tracey-sweeney-schenk","runnerUpPartyId":"LIB","margin":40.625,"top":[{"id":"shelby-kramp-neuman","name":"Shelby Kramp-Neuman","shortName":"Kramp-Neuman","partyId":"CPC","votes":86,"share":67.1875},{"id":"tracey-sweeney-schenk","name":"Tracey Sweeney Schenk","shortName":"Sweeney Schenk","partyId":"LIB","votes":34,"share":26.5625},{"id":"ava-duffy","name":"Ava Duffy","shortName":"Duffy","partyId":"NDP","votes":4,"share":3.125},{"id":"michael-holbrook","name":"Michael Holbrook","shortName":"Holbrook","partyId":"GRN","votes":4,"share":3.125}],"partyVotes":{"LIB":34,"CPC":86,"BQ":0,"NDP":4,"GRN":4,"PPC":0,"OTH":0}}},"geometry":{"type":"Polygon","coordinates":[[[623.26,88.1],[623.33,88],[623.41,87.89],[623.46,87.83],[623.47,87.82],[623.49,87.77],[623.56,87.66],[623.57,87.66],[623.85,87.86],[624.05,87.99],[624.13,88.05],[624.13,88.06],[624.05,88.17],[623.9,88.38],[623.82,88.49],[623.29,88.12],[623.26,88.1]]]}},{"type":"Feature","id":"35040-117","properties":{"ridingCode":"35040","pollNumber":"117","pollType":"N","advancePollNumber":"620","sourceCode":"117-0","geometryPollNumbers":["117"],"code":"35040-117","resultPollNumbers":["117"],"resultStatus":"exact","result":{"electors":377,"voters":144,"totalVotes":144,"rejected":0,"turnout":38.196286472148536,"winnerId":"shelby-kramp-neuman","winnerPartyId":"CPC","runnerUpId":"tracey-sweeney-schenk","runnerUpPartyId":"LIB","margin":29.86111111111111,"top":[{"id":"shelby-kramp-neuman","name":"Shelby Kramp-Neuman","shortName":"Kramp-Neuman","partyId":"CPC","votes":87,"share":60.416666666666664},{"id":"tracey-sweeney-schenk","name":"Tracey Sweeney Schenk","shortName":"Sweeney Schenk","partyId":"LIB","votes":44,"share":30.555555555555557},{"id":"ava-duffy","name":"Ava Duffy","shortName":"Duffy","partyId":"NDP","votes":10,"share":6.944444444444445},{"id":"zaid-yusufani","name":"Zaid Yusufani","shortName":"Yusufani","partyId":"PPC","votes":2,"share":1.3888888888888888}],"partyVotes":{"LIB":44,"CPC":87,"BQ":0,"NDP":10,"GRN":1,"PPC":2,"OTH":0}}},"geometry":{"type":"Polygon","coordinates":[[[622.68,87.7],[622.85,87.46],[622.99,87.25],[623.02,87.26],[623.02,87.27],[623.04,87.28],[623.05,87.29],[623.46,87.58],[623.5,87.61],[623.5,87.61],[623.51,87.62],[623.57,87.66],[623.56,87.66],[623.49,87.77],[623.47,87.82],[623.46,87.83],[623.41,87.89],[623.33,88],[623.26,88.1],[623.19,88.2],[623.11,88.26],[623.08,88.3],[622.8,88.11],[622.86,88.03],[622.86,88.03],[622.85,87.99],[622.84,87.98],[622.82,87.96],[622.9,87.85],[622.68,87.7]]]}},{"type":"Feature","id":"35040-118","properties":{"ridingCode":"35040","pollNumber":"118","pollType":"N","advancePollNumber":"615","sourceCode":"118-0","geometryPollNumbers":["118"],"code":"35040-118","resultPollNumbers":["118"],"resultStatus":"exact","result":{"electors":519,"voters":134,"totalVotes":134,"rejected":0,"turnout":25.818882466281313,"winnerId":"shelby-kramp-neuman","winnerPartyId":"CPC","runnerUpId":"tracey-sweeney-schenk","runnerUpPartyId":"LIB","margin":5.223880597014925,"top":[{"id":"shelby-kramp-neuman","name":"Shelby Kramp-Neuman","shortName":"Kramp-Neuman","partyId":"CPC","votes":65,"share":48.507462686567166},{"id":"tracey-sweeney-schenk","name":"Tracey Sweeney Schenk","shortName":"Sweeney Schenk","partyId":"LIB","votes":58,"share":43.28358208955223},{"id":"ava-duffy","name":"Ava Duffy","shortName":"Duffy","partyId":"NDP","votes":8,"share":5.970149253731343},{"id":"michael-holbrook","name":"Michael Holbrook","shortName":"Holbrook","partyId":"GRN","votes":3,"share":2.2388059701492535}],"partyVotes":{"LIB":58,"CPC":65,"BQ":0,"NDP":8,"GRN":3,"PPC":0,"OTH":0}}},"geometry":{"type":"Polygon","coordinates":[[[630.47,88.67],[630.52,88.62],[630.53,88.62],[630.52,88.63],[630.53,88.64],[630.57,88.6],[630.58,88.61],[630.59,88.63],[630.62,88.65],[630.62,88.65],[630.62,88.65],[630.65,88.68],[630.68,88.69],[630.67,88.7],[630.67,88.7],[630.66,88.7],[630.61,88.67],[630.6,88.67],[630.6,88.67],[630.58,88.66],[630.58,88.66],[630.55,88.66],[630.52,88.66],[630.5,88.67],[630.47,88.67]]]}},{"type":"Feature","id":"35040-119","properties":{"ridingCode":"35040","pollNumber":"119","pollType":"N","advancePollNumber":"608","sourceCode":"119-0","geometryPollNumbers":["119"],"code":"35040-119","resultPollNumbers":["119"],"resultStatus":"exact","result":{"electors":427,"voters":221,"totalVotes":219,"rejected":2,"turnout":51.75644028103045,"winnerId":"shelby-kramp-neuman","winnerPartyId":"CPC","runnerUpId":"tracey-sweeney-schenk","runnerUpPartyId":"LIB","margin":37.89954337899543,"top":[{"id":"shelby-kramp-neuman","name":"Shelby Kramp-Neuman","shortName":"Kramp-Neuman","partyId":"CPC","votes":143,"share":65.29680365296804},{"id":"tracey-sweeney-schenk","name":"Tracey Sweeney Schenk","shortName":"Sweeney Schenk","partyId":"LIB","votes":60,"share":27.397260273972602},{"id":"ava-duffy","name":"Ava Duffy","shortName":"Duffy","partyId":"NDP","votes":11,"share":5.0228310502283104},{"id":"michael-holbrook","name":"Michael Holbrook","shortName":"Holbrook","partyId":"GRN","votes":3,"share":1.36986301369863}],"partyVotes":{"LIB":60,"CPC":143,"BQ":0,"NDP":11,"GRN":3,"PPC":2,"OTH":0}}},"geometry":{"type":"Polygon","coordinates":[[[624.77,88.36],[624.61,88.25],[624.64,88.24],[624.77,88.06],[624.77,88.03],[624.85,88.08],[624.94,88.14],[625.08,88.24],[625.12,88.27],[625.29,88.39],[625.31,88.4],[625.09,88.7],[625.08,88.72],[625.08,88.74],[625.07,88.74],[625.06,88.77],[625.06,88.79],[625.06,88.8],[625.04,88.79],[625.03,88.78],[625.02,88.77],[625.01,88.77],[625,88.77],[625,88.77],[625,88.77],[624.99,88.77],[624.98,88.75],[624.95,88.71],[624.94,88.7],[624.89,88.67],[624.83,88.63],[624.8,88.61],[624.69,88.49],[624.7,88.47],[624.77,88.38],[624.77,88.38],[624.78,88.38],[624.79,88.37],[624.77,88.36]]]}},{"type":"Feature","id":"35040-120","properties":{"ridingCode":"35040","pollNumber":"120","pollType":"N","advancePollNumber":"608","sourceCode":"120-0","geometryPollNumbers":["120"],"code":"35040-120","resultPollNumbers":["120"],"resultStatus":"exact","result":{"electors":448,"voters":280,"totalVotes":278,"rejected":2,"turnout":62.5,"winnerId":"shelby-kramp-neuman","winnerPartyId":"CPC","runnerUpId":"tracey-sweeney-schenk","runnerUpPartyId":"LIB","margin":21.58273381294964,"top":[{"id":"shelby-kramp-neuman","name":"Shelby Kramp-Neuman","shortName":"Kramp-Neuman","partyId":"CPC","votes":160,"share":57.55395683453237},{"id":"tracey-sweeney-schenk","name":"Tracey Sweeney Schenk","shortName":"Sweeney Schenk","partyId":"LIB","votes":100,"share":35.97122302158273},{"id":"ava-duffy","name":"Ava Duffy","shortName":"Duffy","partyId":"NDP","votes":10,"share":3.597122302158273},{"id":"michael-holbrook","name":"Michael Holbrook","shortName":"Holbrook","partyId":"GRN","votes":8,"share":2.877697841726619}],"partyVotes":{"LIB":100,"CPC":160,"BQ":0,"NDP":10,"GRN":8,"PPC":0,"OTH":0}}},"geometry":{"type":"Polygon","coordinates":[[[624.05,88.17],[624.13,88.06],[624.36,87.74],[624.64,87.94],[624.77,88.03],[624.77,88.06],[624.64,88.24],[624.61,88.25],[624.77,88.36],[624.79,88.37],[624.78,88.38],[624.77,88.38],[624.77,88.38],[624.7,88.47],[624.51,88.34],[624.45,88.44],[624.41,88.44],[624.05,88.17]]]}},{"type":"Feature","id":"35040-121","properties":{"ridingCode":"35040","pollNumber":"121","pollType":"N","advancePollNumber":"618","sourceCode":"121-0","geometryPollNumbers":["121"],"code":"35040-121","resultPollNumbers":["121"],"resultStatus":"exact","result":{"electors":453,"voters":138,"totalVotes":137,"rejected":1,"turnout":30.4635761589404,"winnerId":"shelby-kramp-neuman","winnerPartyId":"CPC","runnerUpId":"tracey-sweeney-schenk","runnerUpPartyId":"LIB","margin":24.817518248175183,"top":[{"id":"shelby-kramp-neuman","name":"Shelby Kramp-Neuman","shortName":"Kramp-Neuman","partyId":"CPC","votes":80,"share":58.3941605839416},{"id":"tracey-sweeney-schenk","name":"Tracey Sweeney Schenk","shortName":"Sweeney Schenk","partyId":"LIB","votes":46,"share":33.57664233576642},{"id":"ava-duffy","name":"Ava Duffy","shortName":"Duffy","partyId":"NDP","votes":7,"share":5.109489051094891},{"id":"michael-holbrook","name":"Michael Holbrook","shortName":"Holbrook","partyId":"GRN","votes":3,"share":2.18978102189781}],"partyVotes":{"LIB":46,"CPC":80,"BQ":0,"NDP":7,"GRN":3,"PPC":1,"OTH":0}}},"geometry":{"type":"Polygon","coordinates":[[[628.13,88.33],[628.17,88.38],[628.21,88.42],[628.29,88.31],[628.31,88.29],[628.34,88.32],[628.34,88.33],[628.36,88.33],[628.37,88.34],[628.35,88.38],[628.35,88.38],[628.37,88.39],[628.37,88.4],[628.4,88.41],[628.42,88.41],[628.45,88.43],[628.49,88.46],[628.54,88.5],[628.54,88.52],[628.55,88.53],[628.59,88.6],[628.59,88.61],[628.59,88.61],[628.55,88.64],[628.53,88.62],[628.49,88.57],[628.34,88.7],[628.3,88.65],[628.29,88.62],[628.29,88.61],[628.06,88.43],[628.13,88.33]]]}},{"type":"Feature","id":"35040-122","properties":{"ridingCode":"35040","pollNumber":"122","pollType":"N","advancePollNumber":"617","sourceCode":"122-0","geometryPollNumbers":["122"],"code":"35040-122","resultPollNumbers":["122"],"resultStatus":"exact","result":{"electors":445,"voters":158,"totalVotes":158,"rejected":0,"turnout":35.50561797752809,"winnerId":"shelby-kramp-neuman","winnerPartyId":"CPC","runnerUpId":"tracey-sweeney-schenk","runnerUpPartyId":"LIB","margin":9.49367088607595,"top":[{"id":"shelby-kramp-neuman","name":"Shelby Kramp-Neuman","shortName":"Kramp-Neuman","partyId":"CPC","votes":84,"share":53.16455696202531},{"id":"tracey-sweeney-schenk","name":"Tracey Sweeney Schenk","shortName":"Sweeney Schenk","partyId":"LIB","votes":69,"share":43.67088607594937},{"id":"ava-duffy","name":"Ava Duffy","shortName":"Duffy","partyId":"NDP","votes":3,"share":1.89873417721519},{"id":"michael-holbrook","name":"Michael Holbrook","shortName":"Holbrook","partyId":"GRN","votes":1,"share":0.6329113924050633}],"partyVotes":{"LIB":69,"CPC":84,"BQ":0,"NDP":3,"GRN":1,"PPC":1,"OTH":0}}},"geometry":{"type":"Polygon","coordinates":[[[628.44,88.37],[628.43,88.36],[628.43,88.34],[628.44,88.34],[628.45,88.34],[628.45,88.34],[628.45,88.32],[628.45,88.31],[628.45,88.31],[628.44,88.31],[628.43,88.28],[628.43,88.27],[628.43,88.27],[628.46,88.26],[628.46,88.29],[628.46,88.3],[628.46,88.31],[628.47,88.31],[628.46,88.34],[628.47,88.34],[628.47,88.34],[628.56,88.28],[628.64,88.29],[628.74,88.42],[628.83,88.54],[628.82,88.55],[628.62,88.74],[628.55,88.64],[628.59,88.61],[628.59,88.61],[628.59,88.6],[628.55,88.53],[628.54,88.52],[628.54,88.5],[628.49,88.46],[628.49,88.45],[628.48,88.44],[628.48,88.43],[628.48,88.42],[628.46,88.41],[628.45,88.41],[628.45,88.41],[628.44,88.4],[628.44,88.4],[628.44,88.39],[628.46,88.4],[628.46,88.39],[628.46,88.38],[628.46,88.38],[628.44,88.39],[628.44,88.38],[628.44,88.38],[628.44,88.37],[628.44,88.37]]]}},{"type":"Feature","id":"35040-123","properties":{"ridingCode":"35040","pollNumber":"123","pollType":"N","advancePollNumber":"617","sourceCode":"123-0","geometryPollNumbers":["123"],"code":"35040-123","resultPollNumbers":["123"],"resultStatus":"exact","result":{"electors":528,"voters":144,"totalVotes":144,"rejected":0,"turnout":27.27272727272727,"winnerId":"shelby-kramp-neuman","winnerPartyId":"CPC","runnerUpId":"tracey-sweeney-schenk","runnerUpPartyId":"LIB","margin":9.722222222222223,"top":[{"id":"shelby-kramp-neuman","name":"Shelby Kramp-Neuman","shortName":"Kramp-Neuman","partyId":"CPC","votes":73,"share":50.69444444444444},{"id":"tracey-sweeney-schenk","name":"Tracey Sweeney Schenk","shortName":"Sweeney Schenk","partyId":"LIB","votes":59,"share":40.97222222222222},{"id":"ava-duffy","name":"Ava Duffy","shortName":"Duffy","partyId":"NDP","votes":10,"share":6.944444444444445},{"id":"michael-holbrook","name":"Michael Holbrook","shortName":"Holbrook","partyId":"GRN","votes":2,"share":1.3888888888888888}],"partyVotes":{"LIB":59,"CPC":73,"BQ":0,"NDP":10,"GRN":2,"PPC":0,"OTH":0}}},"geometry":{"type":"Polygon","coordinates":[[[628.31,88.23],[628.32,88.24],[628.35,88.22],[628.36,88.23],[628.38,88.22],[628.42,88.27],[628.4,88.27],[628.38,88.27],[628.37,88.27],[628.38,88.29],[628.38,88.3],[628.37,88.32],[628.38,88.32],[628.38,88.34],[628.37,88.34],[628.36,88.33],[628.34,88.33],[628.34,88.32],[628.36,88.3],[628.35,88.29],[628.35,88.29],[628.34,88.27],[628.34,88.27],[628.33,88.27],[628.31,88.23]]]}},{"type":"Feature","id":"35040-124","properties":{"ridingCode":"35040","pollNumber":"124","pollType":"N","advancePollNumber":"617","sourceCode":"124-0","geometryPollNumbers":["124"],"code":"35040-124","resultPollNumbers":["124"],"resultStatus":"exact","result":{"electors":488,"voters":139,"totalVotes":139,"rejected":0,"turnout":28.48360655737705,"winnerId":"shelby-kramp-neuman","winnerPartyId":"CPC","runnerUpId":"tracey-sweeney-schenk","runnerUpPartyId":"LIB","margin":12.949640287769784,"top":[{"id":"shelby-kramp-neuman","name":"Shelby Kramp-Neuman","shortName":"Kramp-Neuman","partyId":"CPC","votes":68,"share":48.92086330935252},{"id":"tracey-sweeney-schenk","name":"Tracey Sweeney Schenk","shortName":"Sweeney Schenk","partyId":"LIB","votes":50,"share":35.97122302158273},{"id":"ava-duffy","name":"Ava Duffy","shortName":"Duffy","partyId":"NDP","votes":16,"share":11.510791366906476},{"id":"michael-holbrook","name":"Michael Holbrook","shortName":"Holbrook","partyId":"GRN","votes":5,"share":3.597122302158273}],"partyVotes":{"LIB":50,"CPC":68,"BQ":0,"NDP":16,"GRN":5,"PPC":0,"OTH":0}}},"geometry":{"type":"Polygon","coordinates":[[[628.42,88.27],[628.38,88.22],[628.42,88.19],[628.42,88.2],[628.42,88.21],[628.43,88.23],[628.42,88.24],[628.43,88.26],[628.43,88.27],[628.43,88.27],[628.42,88.27]]]}},{"type":"Feature","id":"35040-125","properties":{"ridingCode":"35040","pollNumber":"125","pollType":"N","advancePollNumber":"617","sourceCode":"125-0","geometryPollNumbers":["125"],"code":"35040-125","resultPollNumbers":["125"],"resultStatus":"exact","result":{"electors":546,"voters":156,"totalVotes":156,"rejected":0,"turnout":28.57142857142857,"winnerId":"shelby-kramp-neuman","winnerPartyId":"CPC","runnerUpId":"tracey-sweeney-schenk","runnerUpPartyId":"LIB","margin":26.923076923076923,"top":[{"id":"shelby-kramp-neuman","name":"Shelby Kramp-Neuman","shortName":"Kramp-Neuman","partyId":"CPC","votes":94,"share":60.256410256410255},{"id":"tracey-sweeney-schenk","name":"Tracey Sweeney Schenk","shortName":"Sweeney Schenk","partyId":"LIB","votes":52,"share":33.33333333333333},{"id":"ava-duffy","name":"Ava Duffy","shortName":"Duffy","partyId":"NDP","votes":6,"share":3.8461538461538463},{"id":"michael-holbrook","name":"Michael Holbrook","shortName":"Holbrook","partyId":"GRN","votes":4,"share":2.564102564102564}],"partyVotes":{"LIB":52,"CPC":94,"BQ":0,"NDP":6,"GRN":4,"PPC":0,"OTH":0}}},"geometry":{"type":"Polygon","coordinates":[[[628.45,88.16],[628.48,88.14],[628.48,88.15],[628.52,88.13],[628.53,88.15],[628.54,88.14],[628.58,88.2],[628.64,88.29],[628.56,88.28],[628.47,88.34],[628.47,88.34],[628.46,88.34],[628.47,88.31],[628.46,88.31],[628.46,88.3],[628.46,88.29],[628.46,88.26],[628.46,88.23],[628.47,88.23],[628.47,88.19],[628.46,88.2],[628.45,88.19],[628.44,88.19],[628.44,88.19],[628.45,88.18],[628.45,88.17],[628.45,88.16]]]}},{"type":"Feature","id":"35040-126","properties":{"ridingCode":"35040","pollNumber":"126","pollType":"N","advancePollNumber":"617","sourceCode":"126-0","geometryPollNumbers":["126"],"code":"35040-126","resultPollNumbers":["126"],"resultStatus":"exact","result":{"electors":449,"voters":105,"totalVotes":105,"rejected":0,"turnout":23.385300668151448,"winnerId":"shelby-kramp-neuman","winnerPartyId":"CPC","runnerUpId":"tracey-sweeney-schenk","runnerUpPartyId":"LIB","margin":15.238095238095239,"top":[{"id":"shelby-kramp-neuman","name":"Shelby Kramp-Neuman","shortName":"Kramp-Neuman","partyId":"CPC","votes":57,"share":54.285714285714285},{"id":"tracey-sweeney-schenk","name":"Tracey Sweeney Schenk","shortName":"Sweeney Schenk","partyId":"LIB","votes":41,"share":39.04761904761905},{"id":"ava-duffy","name":"Ava Duffy","shortName":"Duffy","partyId":"NDP","votes":5,"share":4.761904761904762},{"id":"michael-holbrook","name":"Michael Holbrook","shortName":"Holbrook","partyId":"GRN","votes":1,"share":0.9523809523809524}],"partyVotes":{"LIB":41,"CPC":57,"BQ":0,"NDP":5,"GRN":1,"PPC":1,"OTH":0}}},"geometry":{"type":"Polygon","coordinates":[[[628.42,88.21],[628.42,88.2],[628.42,88.19],[628.42,88.19],[628.43,88.2],[628.44,88.19],[628.44,88.18],[628.45,88.17],[628.45,88.18],[628.44,88.19],[628.44,88.19],[628.45,88.19],[628.46,88.2],[628.47,88.19],[628.47,88.23],[628.46,88.23],[628.46,88.26],[628.43,88.27],[628.43,88.26],[628.42,88.24],[628.43,88.23],[628.42,88.21]]]}},{"type":"Feature","id":"35040-127","properties":{"ridingCode":"35040","pollNumber":"127","pollType":"N","advancePollNumber":"614","sourceCode":"127-0","geometryPollNumbers":["127"],"code":"35040-127","resultPollNumbers":["127"],"resultStatus":"exact","result":{"electors":505,"voters":139,"totalVotes":138,"rejected":1,"turnout":27.524752475247528,"winnerId":"tracey-sweeney-schenk","winnerPartyId":"LIB","runnerUpId":"shelby-kramp-neuman","runnerUpPartyId":"CPC","margin":15.942028985507244,"top":[{"id":"tracey-sweeney-schenk","name":"Tracey Sweeney Schenk","shortName":"Sweeney Schenk","partyId":"LIB","votes":68,"share":49.275362318840585},{"id":"shelby-kramp-neuman","name":"Shelby Kramp-Neuman","shortName":"Kramp-Neuman","partyId":"CPC","votes":46,"share":33.33333333333333},{"id":"ava-duffy","name":"Ava Duffy","shortName":"Duffy","partyId":"NDP","votes":19,"share":13.768115942028986},{"id":"michael-holbrook","name":"Michael Holbrook","shortName":"Holbrook","partyId":"GRN","votes":4,"share":2.898550724637681}],"partyVotes":{"LIB":68,"CPC":46,"BQ":0,"NDP":19,"GRN":4,"PPC":1,"OTH":0}}},"geometry":{"type":"Polygon","coordinates":[[[630.68,88.64],[630.69,88.62],[630.71,88.61],[630.72,88.61],[630.73,88.62],[630.71,88.63],[630.71,88.63],[630.71,88.64],[630.72,88.66],[630.73,88.65],[630.74,88.66],[630.73,88.67],[630.71,88.66],[630.72,88.66],[630.69,88.65],[630.68,88.66],[630.68,88.68],[630.67,88.68],[630.68,88.65],[630.66,88.64],[630.68,88.64]]]}},{"type":"Feature","id":"35040-128","properties":{"ridingCode":"35040","pollNumber":"128","pollType":"N","advancePollNumber":"614","sourceCode":"128-0","geometryPollNumbers":["128"],"code":"35040-128","resultPollNumbers":["128"],"resultStatus":"exact","result":{"electors":474,"voters":151,"totalVotes":151,"rejected":0,"turnout":31.856540084388186,"winnerId":"shelby-kramp-neuman","winnerPartyId":"CPC","runnerUpId":"tracey-sweeney-schenk","runnerUpPartyId":"LIB","margin":2.6490066225165565,"top":[{"id":"shelby-kramp-neuman","name":"Shelby Kramp-Neuman","shortName":"Kramp-Neuman","partyId":"CPC","votes":74,"share":49.00662251655629},{"id":"tracey-sweeney-schenk","name":"Tracey Sweeney Schenk","shortName":"Sweeney Schenk","partyId":"LIB","votes":70,"share":46.35761589403973},{"id":"ava-duffy","name":"Ava Duffy","shortName":"Duffy","partyId":"NDP","votes":7,"share":4.635761589403973},{"id":"michael-holbrook","name":"Michael Holbrook","shortName":"Holbrook","partyId":"GRN","votes":0,"share":0}],"partyVotes":{"LIB":70,"CPC":74,"BQ":0,"NDP":7,"GRN":0,"PPC":0,"OTH":0}}},"geometry":{"type":"Polygon","coordinates":[[[630.71,88.63],[630.73,88.62],[630.74,88.62],[630.76,88.63],[630.78,88.65],[630.77,88.66],[630.76,88.66],[630.76,88.67],[630.76,88.67],[630.74,88.66],[630.73,88.65],[630.72,88.66],[630.71,88.64],[630.71,88.63],[630.71,88.63]]]}},{"type":"Feature","id":"35040-129","properties":{"ridingCode":"35040","pollNumber":"129","pollType":"N","advancePollNumber":"614","sourceCode":"129-0","geometryPollNumbers":["129"],"code":"35040-129","resultPollNumbers":["129"],"resultStatus":"exact","result":{"electors":388,"voters":136,"totalVotes":136,"rejected":0,"turnout":35.051546391752574,"winnerId":"tracey-sweeney-schenk","winnerPartyId":"LIB","runnerUpId":"shelby-kramp-neuman","runnerUpPartyId":"CPC","margin":7.352941176470589,"top":[{"id":"tracey-sweeney-schenk","name":"Tracey Sweeney Schenk","shortName":"Sweeney Schenk","partyId":"LIB","votes":68,"share":50},{"id":"shelby-kramp-neuman","name":"Shelby Kramp-Neuman","shortName":"Kramp-Neuman","partyId":"CPC","votes":58,"share":42.64705882352941},{"id":"ava-duffy","name":"Ava Duffy","shortName":"Duffy","partyId":"NDP","votes":6,"share":4.411764705882353},{"id":"michael-holbrook","name":"Michael Holbrook","shortName":"Holbrook","partyId":"GRN","votes":2,"share":1.4705882352941175}],"partyVotes":{"LIB":68,"CPC":58,"BQ":0,"NDP":6,"GRN":2,"PPC":2,"OTH":0}}},"geometry":{"type":"Polygon","coordinates":[[[630.68,88.64],[630.66,88.62],[630.68,88.6],[630.69,88.59],[630.7,88.59],[630.74,88.6],[630.76,88.62],[630.77,88.62],[630.76,88.63],[630.74,88.62],[630.73,88.62],[630.72,88.61],[630.71,88.61],[630.69,88.62],[630.68,88.64]]]}},{"type":"Feature","id":"35040-130","properties":{"ridingCode":"35040","pollNumber":"130","pollType":"N","advancePollNumber":"614","sourceCode":"130-0","geometryPollNumbers":["130"],"code":"35040-130","resultPollNumbers":["130"],"resultStatus":"exact","result":{"electors":408,"voters":132,"totalVotes":132,"rejected":0,"turnout":32.35294117647059,"winnerId":"tracey-sweeney-schenk","winnerPartyId":"LIB","runnerUpId":"shelby-kramp-neuman","runnerUpPartyId":"CPC","margin":18.939393939393938,"top":[{"id":"tracey-sweeney-schenk","name":"Tracey Sweeney Schenk","shortName":"Sweeney Schenk","partyId":"LIB","votes":74,"share":56.060606060606055},{"id":"shelby-kramp-neuman","name":"Shelby Kramp-Neuman","shortName":"Kramp-Neuman","partyId":"CPC","votes":49,"share":37.121212121212125},{"id":"ava-duffy","name":"Ava Duffy","shortName":"Duffy","partyId":"NDP","votes":6,"share":4.545454545454546},{"id":"zaid-yusufani","name":"Zaid Yusufani","shortName":"Yusufani","partyId":"PPC","votes":2,"share":1.5151515151515151}],"partyVotes":{"LIB":74,"CPC":49,"BQ":0,"NDP":6,"GRN":1,"PPC":2,"OTH":0}}},"geometry":{"type":"Polygon","coordinates":[[[630.64,88.58],[630.65,88.57],[630.68,88.6],[630.66,88.62],[630.63,88.6],[630.62,88.59],[630.64,88.58]]]}},{"type":"Feature","id":"35040-131","properties":{"ridingCode":"35040","pollNumber":"131","pollType":"N","advancePollNumber":"614","sourceCode":"131-0","geometryPollNumbers":["131"],"code":"35040-131","resultPollNumbers":["131"],"resultStatus":"exact","result":{"electors":485,"voters":174,"totalVotes":174,"rejected":0,"turnout":35.876288659793815,"winnerId":"tracey-sweeney-schenk","winnerPartyId":"LIB","runnerUpId":"shelby-kramp-neuman","runnerUpPartyId":"CPC","margin":7.471264367816093,"top":[{"id":"tracey-sweeney-schenk","name":"Tracey Sweeney Schenk","shortName":"Sweeney Schenk","partyId":"LIB","votes":87,"share":50},{"id":"shelby-kramp-neuman","name":"Shelby Kramp-Neuman","shortName":"Kramp-Neuman","partyId":"CPC","votes":74,"share":42.5287356321839},{"id":"ava-duffy","name":"Ava Duffy","shortName":"Duffy","partyId":"NDP","votes":9,"share":5.172413793103448},{"id":"michael-holbrook","name":"Michael Holbrook","shortName":"Holbrook","partyId":"GRN","votes":2,"share":1.1494252873563218}],"partyVotes":{"LIB":87,"CPC":74,"BQ":0,"NDP":9,"GRN":2,"PPC":2,"OTH":0}}},"geometry":{"type":"Polygon","coordinates":[[[630.65,88.54],[630.63,88.53],[630.61,88.52],[630.7,88.43],[630.73,88.46],[630.84,88.54],[630.93,88.56],[630.97,88.57],[630.85,88.72],[630.85,88.72],[630.84,88.71],[630.84,88.7],[630.83,88.68],[630.8,88.66],[630.8,88.66],[630.8,88.66],[630.78,88.63],[630.78,88.63],[630.77,88.63],[630.77,88.62],[630.76,88.62],[630.74,88.6],[630.7,88.59],[630.69,88.59],[630.68,88.6],[630.65,88.57],[630.65,88.54]],[[630.69,88.58],[630.69,88.58],[630.69,88.58],[630.69,88.58]]]}},{"type":"Feature","id":"35040-132","properties":{"ridingCode":"35040","pollNumber":"132","pollType":"N","advancePollNumber":"614","sourceCode":"132-0","geometryPollNumbers":["132"],"code":"35040-132","resultPollNumbers":["132"],"resultStatus":"exact","result":{"electors":569,"voters":192,"totalVotes":192,"rejected":0,"turnout":33.74340949033392,"winnerId":"tracey-sweeney-schenk","winnerPartyId":"LIB","runnerUpId":"shelby-kramp-neuman","runnerUpPartyId":"CPC","margin":10.416666666666668,"top":[{"id":"tracey-sweeney-schenk","name":"Tracey Sweeney Schenk","shortName":"Sweeney Schenk","partyId":"LIB","votes":101,"share":52.604166666666664},{"id":"shelby-kramp-neuman","name":"Shelby Kramp-Neuman","shortName":"Kramp-Neuman","partyId":"CPC","votes":81,"share":42.1875},{"id":"ava-duffy","name":"Ava Duffy","shortName":"Duffy","partyId":"NDP","votes":9,"share":4.6875},{"id":"michael-holbrook","name":"Michael Holbrook","shortName":"Holbrook","partyId":"GRN","votes":1,"share":0.5208333333333333}],"partyVotes":{"LIB":101,"CPC":81,"BQ":0,"NDP":9,"GRN":1,"PPC":0,"OTH":0}}},"geometry":{"type":"Polygon","coordinates":[[[630.59,88.63],[630.6,88.62],[630.61,88.63],[630.63,88.6],[630.66,88.62],[630.68,88.64],[630.66,88.64],[630.68,88.65],[630.67,88.68],[630.68,88.68],[630.68,88.69],[630.65,88.68],[630.62,88.65],[630.62,88.65],[630.59,88.63]]]}},{"type":"Feature","id":"35040-133","properties":{"ridingCode":"35040","pollNumber":"133","pollType":"N","advancePollNumber":"615","sourceCode":"133-0","geometryPollNumbers":["133"],"code":"35040-133","resultPollNumbers":["133"],"resultStatus":"exact","result":{"electors":560,"voters":200,"totalVotes":200,"rejected":0,"turnout":35.714285714285715,"winnerId":"tracey-sweeney-schenk","winnerPartyId":"LIB","runnerUpId":"shelby-kramp-neuman","runnerUpPartyId":"CPC","margin":9,"top":[{"id":"tracey-sweeney-schenk","name":"Tracey Sweeney Schenk","shortName":"Sweeney Schenk","partyId":"LIB","votes":105,"share":52.5},{"id":"shelby-kramp-neuman","name":"Shelby Kramp-Neuman","shortName":"Kramp-Neuman","partyId":"CPC","votes":87,"share":43.5},{"id":"ava-duffy","name":"Ava Duffy","shortName":"Duffy","partyId":"NDP","votes":5,"share":2.5},{"id":"michael-holbrook","name":"Michael Holbrook","shortName":"Holbrook","partyId":"GRN","votes":3,"share":1.5}],"partyVotes":{"LIB":105,"CPC":87,"BQ":0,"NDP":5,"GRN":3,"PPC":0,"OTH":0}}},"geometry":{"type":"Polygon","coordinates":[[[630.57,88.6],[630.59,88.58],[630.62,88.59],[630.63,88.58],[630.64,88.58],[630.62,88.59],[630.63,88.6],[630.61,88.63],[630.6,88.62],[630.59,88.63],[630.58,88.61],[630.57,88.6]]]}},{"type":"Feature","id":"35040-134","properties":{"ridingCode":"35040","pollNumber":"134","pollType":"N","advancePollNumber":"615","sourceCode":"134-0","geometryPollNumbers":["134"],"code":"35040-134","resultPollNumbers":["134"],"resultStatus":"exact","result":{"electors":410,"voters":167,"totalVotes":166,"rejected":1,"turnout":40.731707317073166,"winnerId":"tracey-sweeney-schenk","winnerPartyId":"LIB","runnerUpId":"shelby-kramp-neuman","runnerUpPartyId":"CPC","margin":18.072289156626507,"top":[{"id":"tracey-sweeney-schenk","name":"Tracey Sweeney Schenk","shortName":"Sweeney Schenk","partyId":"LIB","votes":93,"share":56.024096385542165},{"id":"shelby-kramp-neuman","name":"Shelby Kramp-Neuman","shortName":"Kramp-Neuman","partyId":"CPC","votes":63,"share":37.95180722891566},{"id":"ava-duffy","name":"Ava Duffy","shortName":"Duffy","partyId":"NDP","votes":8,"share":4.819277108433735},{"id":"michael-holbrook","name":"Michael Holbrook","shortName":"Holbrook","partyId":"GRN","votes":2,"share":1.2048192771084338}],"partyVotes":{"LIB":93,"CPC":63,"BQ":0,"NDP":8,"GRN":2,"PPC":0,"OTH":0}}},"geometry":{"type":"Polygon","coordinates":[[[630.29,88.59],[630.38,88.5],[630.41,88.46],[630.42,88.44],[630.53,88.29],[630.57,88.32],[630.7,88.43],[630.61,88.52],[630.58,88.56],[630.52,88.62],[630.47,88.67],[630.44,88.67],[630.4,88.66],[630.29,88.59]]]}},{"type":"Feature","id":"35040-135","properties":{"ridingCode":"35040","pollNumber":"135","pollType":"N","advancePollNumber":"617","sourceCode":"135-0","geometryPollNumbers":["135"],"code":"35040-135","resultPollNumbers":["135"],"resultStatus":"exact","result":{"electors":409,"voters":160,"totalVotes":159,"rejected":1,"turnout":39.119804400978,"winnerId":"tracey-sweeney-schenk","winnerPartyId":"LIB","runnerUpId":"shelby-kramp-neuman","runnerUpPartyId":"CPC","margin":21.38364779874214,"top":[{"id":"tracey-sweeney-schenk","name":"Tracey Sweeney Schenk","shortName":"Sweeney Schenk","partyId":"LIB","votes":92,"share":57.861635220125784},{"id":"shelby-kramp-neuman","name":"Shelby Kramp-Neuman","shortName":"Kramp-Neuman","partyId":"CPC","votes":58,"share":36.477987421383645},{"id":"ava-duffy","name":"Ava Duffy","shortName":"Duffy","partyId":"NDP","votes":4,"share":2.515723270440252},{"id":"michael-holbrook","name":"Michael Holbrook","shortName":"Holbrook","partyId":"GRN","votes":4,"share":2.515723270440252}],"partyVotes":{"LIB":92,"CPC":58,"BQ":0,"NDP":4,"GRN":4,"PPC":1,"OTH":0}}},"geometry":{"type":"Polygon","coordinates":[[[628.4,88.37],[628.4,88.36],[628.42,88.34],[628.41,88.33],[628.42,88.32],[628.4,88.31],[628.43,88.27],[628.43,88.28],[628.44,88.31],[628.45,88.31],[628.45,88.31],[628.45,88.32],[628.45,88.34],[628.45,88.34],[628.44,88.34],[628.43,88.34],[628.43,88.36],[628.44,88.37],[628.44,88.37],[628.44,88.38],[628.44,88.38],[628.44,88.39],[628.46,88.38],[628.46,88.38],[628.46,88.39],[628.46,88.4],[628.44,88.39],[628.44,88.4],[628.44,88.4],[628.45,88.41],[628.45,88.41],[628.46,88.41],[628.48,88.42],[628.48,88.43],[628.48,88.44],[628.49,88.45],[628.49,88.46],[628.45,88.43],[628.42,88.41],[628.4,88.41],[628.4,88.39],[628.39,88.38],[628.4,88.37]]]}},{"type":"Feature","id":"35040-136","properties":{"ridingCode":"35040","pollNumber":"136","pollType":"N","advancePollNumber":"617","sourceCode":"136-0","geometryPollNumbers":["136"],"code":"35040-136","resultPollNumbers":["136"],"resultStatus":"exact","result":{"electors":601,"voters":189,"totalVotes":186,"rejected":3,"turnout":31.44758735440932,"winnerId":"shelby-kramp-neuman","winnerPartyId":"CPC","runnerUpId":"tracey-sweeney-schenk","runnerUpPartyId":"LIB","margin":22.043010752688172,"top":[{"id":"shelby-kramp-neuman","name":"Shelby Kramp-Neuman","shortName":"Kramp-Neuman","partyId":"CPC","votes":106,"share":56.98924731182796},{"id":"tracey-sweeney-schenk","name":"Tracey Sweeney Schenk","shortName":"Sweeney Schenk","partyId":"LIB","votes":65,"share":34.946236559139784},{"id":"ava-duffy","name":"Ava Duffy","shortName":"Duffy","partyId":"NDP","votes":10,"share":5.376344086021505},{"id":"michael-holbrook","name":"Michael Holbrook","shortName":"Holbrook","partyId":"GRN","votes":3,"share":1.6129032258064515}],"partyVotes":{"LIB":65,"CPC":106,"BQ":0,"NDP":10,"GRN":3,"PPC":2,"OTH":0}}},"geometry":{"type":"Polygon","coordinates":[[[628.37,88.27],[628.38,88.27],[628.4,88.27],[628.42,88.27],[628.43,88.27],[628.4,88.31],[628.42,88.32],[628.41,88.33],[628.42,88.34],[628.4,88.36],[628.4,88.37],[628.39,88.38],[628.4,88.39],[628.4,88.41],[628.37,88.4],[628.37,88.39],[628.35,88.38],[628.35,88.38],[628.37,88.34],[628.38,88.34],[628.38,88.32],[628.37,88.32],[628.38,88.3],[628.38,88.29],[628.37,88.27]]]}},{"type":"Feature","id":"35040-137","properties":{"ridingCode":"35040","pollNumber":"137","pollType":"N","advancePollNumber":"616","sourceCode":"137-0","geometryPollNumbers":["137"],"code":"35040-137","resultPollNumbers":["137"],"resultStatus":"exact","result":{"electors":398,"voters":177,"totalVotes":177,"rejected":0,"turnout":44.472361809045225,"winnerId":"shelby-kramp-neuman","winnerPartyId":"CPC","runnerUpId":"tracey-sweeney-schenk","runnerUpPartyId":"LIB","margin":9.03954802259887,"top":[{"id":"shelby-kramp-neuman","name":"Shelby Kramp-Neuman","shortName":"Kramp-Neuman","partyId":"CPC","votes":89,"share":50.282485875706215},{"id":"tracey-sweeney-schenk","name":"Tracey Sweeney Schenk","shortName":"Sweeney Schenk","partyId":"LIB","votes":73,"share":41.24293785310734},{"id":"ava-duffy","name":"Ava Duffy","shortName":"Duffy","partyId":"NDP","votes":13,"share":7.344632768361582},{"id":"michael-holbrook","name":"Michael Holbrook","shortName":"Holbrook","partyId":"GRN","votes":2,"share":1.1299435028248588}],"partyVotes":{"LIB":73,"CPC":89,"BQ":0,"NDP":13,"GRN":2,"PPC":0,"OTH":0}}},"geometry":{"type":"Polygon","coordinates":[[[629.62,88.25],[629.73,88.13],[629.78,88.15],[629.82,88.19],[629.88,88.24],[629.88,88.25],[629.88,88.25],[629.9,88.25],[629.9,88.26],[629.92,88.28],[629.94,88.3],[629.98,88.34],[630.19,88.53],[630.29,88.59],[630.4,88.66],[630.44,88.67],[630.47,88.67],[630.39,88.77],[630.31,88.84],[630.29,88.85],[630.25,88.86],[630.19,88.81],[630.11,88.75],[630.1,88.75],[630.1,88.74],[630.01,88.66],[630.01,88.65],[630,88.63],[629.99,88.64],[629.98,88.64],[629.85,88.8],[629.72,88.68],[629.73,88.66],[629.75,88.61],[629.76,88.58],[629.77,88.57],[629.84,88.48],[629.76,88.39],[629.69,88.33],[629.62,88.25]]]}},{"type":"Feature","id":"35040-138","properties":{"ridingCode":"35040","pollNumber":"138","pollType":"N","advancePollNumber":"615","sourceCode":"138-0","geometryPollNumbers":["138"],"code":"35040-138","resultPollNumbers":["138"],"resultStatus":"exact","result":{"electors":308,"voters":134,"totalVotes":134,"rejected":0,"turnout":43.506493506493506,"winnerId":"tracey-sweeney-schenk","winnerPartyId":"LIB","runnerUpId":"shelby-kramp-neuman","runnerUpPartyId":"CPC","margin":4.477611940298507,"top":[{"id":"tracey-sweeney-schenk","name":"Tracey Sweeney Schenk","shortName":"Sweeney Schenk","partyId":"LIB","votes":65,"share":48.507462686567166},{"id":"shelby-kramp-neuman","name":"Shelby Kramp-Neuman","shortName":"Kramp-Neuman","partyId":"CPC","votes":59,"share":44.02985074626866},{"id":"ava-duffy","name":"Ava Duffy","shortName":"Duffy","partyId":"NDP","votes":7,"share":5.223880597014925},{"id":"michael-holbrook","name":"Michael Holbrook","shortName":"Holbrook","partyId":"GRN","votes":3,"share":2.2388059701492535}],"partyVotes":{"LIB":65,"CPC":59,"BQ":0,"NDP":7,"GRN":3,"PPC":0,"OTH":0}}},"geometry":{"type":"Polygon","coordinates":[[[629.8,88.13],[629.86,88.07],[629.88,88.09],[629.83,88.14],[629.84,88.15],[629.86,88.14],[629.88,88.17],[629.97,88.07],[630.04,88],[630.13,87.92],[630.33,88.15],[630.53,88.29],[630.42,88.44],[630.41,88.46],[630.38,88.5],[630.29,88.59],[630.19,88.53],[629.98,88.34],[629.94,88.3],[629.92,88.28],[629.9,88.26],[629.9,88.25],[629.88,88.25],[629.88,88.25],[629.88,88.24],[629.82,88.19],[629.78,88.15],[629.73,88.13],[629.77,88.1],[629.8,88.13]]]}},{"type":"Feature","id":"35040-139","properties":{"ridingCode":"35040","pollNumber":"139","pollType":"N","advancePollNumber":"617","sourceCode":"139-0","geometryPollNumbers":["139"],"code":"35040-139","resultPollNumbers":["139"],"resultStatus":"exact","result":{"electors":443,"voters":132,"totalVotes":130,"rejected":2,"turnout":29.79683972911964,"winnerId":"shelby-kramp-neuman","winnerPartyId":"CPC","runnerUpId":"tracey-sweeney-schenk","runnerUpPartyId":"LIB","margin":16.923076923076923,"top":[{"id":"shelby-kramp-neuman","name":"Shelby Kramp-Neuman","shortName":"Kramp-Neuman","partyId":"CPC","votes":70,"share":53.84615384615385},{"id":"tracey-sweeney-schenk","name":"Tracey Sweeney Schenk","shortName":"Sweeney Schenk","partyId":"LIB","votes":48,"share":36.92307692307693},{"id":"ava-duffy","name":"Ava Duffy","shortName":"Duffy","partyId":"NDP","votes":6,"share":4.615384615384616},{"id":"michael-holbrook","name":"Michael Holbrook","shortName":"Holbrook","partyId":"GRN","votes":5,"share":3.8461538461538463}],"partyVotes":{"LIB":48,"CPC":70,"BQ":0,"NDP":6,"GRN":5,"PPC":1,"OTH":0}}},"geometry":{"type":"Polygon","coordinates":[[[628.34,88.2],[628.37,88.2],[628.39,88.2],[628.38,88.19],[628.4,88.18],[628.41,88.17],[628.41,88.17],[628.42,88.18],[628.41,88.18],[628.42,88.19],[628.42,88.19],[628.38,88.22],[628.36,88.23],[628.35,88.22],[628.34,88.2]]]}},{"type":"Feature","id":"35040-140","properties":{"ridingCode":"35040","pollNumber":"140","pollType":"N","advancePollNumber":"618","sourceCode":"140-0","geometryPollNumbers":["140"],"code":"35040-140","resultPollNumbers":["140"],"resultStatus":"exact","result":{"electors":359,"voters":106,"totalVotes":106,"rejected":0,"turnout":29.526462395543174,"winnerId":"shelby-kramp-neuman","winnerPartyId":"CPC","runnerUpId":"tracey-sweeney-schenk","runnerUpPartyId":"LIB","margin":17.92452830188679,"top":[{"id":"shelby-kramp-neuman","name":"Shelby Kramp-Neuman","shortName":"Kramp-Neuman","partyId":"CPC","votes":59,"share":55.660377358490564},{"id":"tracey-sweeney-schenk","name":"Tracey Sweeney Schenk","shortName":"Sweeney Schenk","partyId":"LIB","votes":40,"share":37.735849056603776},{"id":"ava-duffy","name":"Ava Duffy","shortName":"Duffy","partyId":"NDP","votes":4,"share":3.7735849056603774},{"id":"zaid-yusufani","name":"Zaid Yusufani","shortName":"Yusufani","partyId":"PPC","votes":2,"share":1.8867924528301887}],"partyVotes":{"LIB":40,"CPC":59,"BQ":0,"NDP":4,"GRN":1,"PPC":2,"OTH":0}}},"geometry":{"type":"Polygon","coordinates":[[[628.32,88.18],[628.33,88.18],[628.35,88.17],[628.37,88.2],[628.34,88.2],[628.3,88.2],[628.3,88.19],[628.3,88.18],[628.31,88.17],[628.33,88.15],[628.33,88.15],[628.33,88.15],[628.35,88.14],[628.35,88.14],[628.35,88.15],[628.32,88.18]]]}},{"type":"Feature","id":"35040-141","properties":{"ridingCode":"35040","pollNumber":"141","pollType":"N","advancePollNumber":"617","sourceCode":"141-0","geometryPollNumbers":["141"],"code":"35040-141","resultPollNumbers":["141"],"resultStatus":"exact","result":{"electors":353,"voters":112,"totalVotes":112,"rejected":0,"turnout":31.728045325779036,"winnerId":"tracey-sweeney-schenk","winnerPartyId":"LIB","runnerUpId":"shelby-kramp-neuman","runnerUpPartyId":"CPC","margin":18.75,"top":[{"id":"tracey-sweeney-schenk","name":"Tracey Sweeney Schenk","shortName":"Sweeney Schenk","partyId":"LIB","votes":60,"share":53.57142857142857},{"id":"shelby-kramp-neuman","name":"Shelby Kramp-Neuman","shortName":"Kramp-Neuman","partyId":"CPC","votes":39,"share":34.82142857142857},{"id":"ava-duffy","name":"Ava Duffy","shortName":"Duffy","partyId":"NDP","votes":9,"share":8.035714285714286},{"id":"michael-holbrook","name":"Michael Holbrook","shortName":"Holbrook","partyId":"GRN","votes":3,"share":2.6785714285714284}],"partyVotes":{"LIB":60,"CPC":39,"BQ":0,"NDP":9,"GRN":3,"PPC":1,"OTH":0}}},"geometry":{"type":"Polygon","coordinates":[[[628.32,88.18],[628.35,88.15],[628.37,88.17],[628.39,88.16],[628.4,88.17],[628.39,88.17],[628.4,88.18],[628.38,88.19],[628.39,88.2],[628.37,88.2],[628.35,88.17],[628.33,88.18],[628.32,88.18]]]}},{"type":"Feature","id":"35040-142","properties":{"ridingCode":"35040","pollNumber":"142","pollType":"N","advancePollNumber":"617","sourceCode":"142-0","geometryPollNumbers":["142"],"code":"35040-142","resultPollNumbers":["142"],"resultStatus":"exact","result":{"electors":438,"voters":157,"totalVotes":157,"rejected":0,"turnout":35.84474885844749,"winnerId":"shelby-kramp-neuman","winnerPartyId":"CPC","runnerUpId":"tracey-sweeney-schenk","runnerUpPartyId":"LIB","margin":11.464968152866243,"top":[{"id":"shelby-kramp-neuman","name":"Shelby Kramp-Neuman","shortName":"Kramp-Neuman","partyId":"CPC","votes":85,"share":54.14012738853503},{"id":"tracey-sweeney-schenk","name":"Tracey Sweeney Schenk","shortName":"Sweeney Schenk","partyId":"LIB","votes":67,"share":42.675159235668794},{"id":"ava-duffy","name":"Ava Duffy","shortName":"Duffy","partyId":"NDP","votes":3,"share":1.910828025477707},{"id":"michael-holbrook","name":"Michael Holbrook","shortName":"Holbrook","partyId":"GRN","votes":1,"share":0.6369426751592357}],"partyVotes":{"LIB":67,"CPC":85,"BQ":0,"NDP":3,"GRN":1,"PPC":1,"OTH":0}}},"geometry":{"type":"Polygon","coordinates":[[[628.35,88.15],[628.35,88.14],[628.36,88.13],[628.36,88.13],[628.38,88.11],[628.38,88.11],[628.4,88.12],[628.4,88.12],[628.42,88.15],[628.4,88.16],[628.41,88.17],[628.4,88.18],[628.39,88.17],[628.4,88.17],[628.39,88.16],[628.37,88.17],[628.35,88.15]]]}},{"type":"Feature","id":"35040-143","properties":{"ridingCode":"35040","pollNumber":"143","pollType":"N","advancePollNumber":"627","sourceCode":"143-0","geometryPollNumbers":["143"],"code":"35040-143","resultPollNumbers":["143"],"resultStatus":"exact","result":{"electors":584,"voters":171,"totalVotes":170,"rejected":1,"turnout":29.28082191780822,"winnerId":"shelby-kramp-neuman","winnerPartyId":"CPC","runnerUpId":"tracey-sweeney-schenk","runnerUpPartyId":"LIB","margin":10,"top":[{"id":"shelby-kramp-neuman","name":"Shelby Kramp-Neuman","shortName":"Kramp-Neuman","partyId":"CPC","votes":88,"share":51.76470588235295},{"id":"tracey-sweeney-schenk","name":"Tracey Sweeney Schenk","shortName":"Sweeney Schenk","partyId":"LIB","votes":71,"share":41.76470588235294},{"id":"ava-duffy","name":"Ava Duffy","shortName":"Duffy","partyId":"NDP","votes":9,"share":5.294117647058823},{"id":"michael-holbrook","name":"Michael Holbrook","shortName":"Holbrook","partyId":"GRN","votes":1,"share":0.5882352941176471}],"partyVotes":{"LIB":71,"CPC":88,"BQ":0,"NDP":9,"GRN":1,"PPC":1,"OTH":0}}},"geometry":{"type":"Polygon","coordinates":[[[628.25,88.08],[628.25,88.09],[628.26,88.1],[628.27,88.11],[628.28,88.1],[628.28,88.09],[628.28,88.08],[628.29,88.08],[628.3,88.09],[628.29,88.09],[628.3,88.1],[628.31,88.1],[628.33,88.11],[628.35,88.14],[628.33,88.15],[628.33,88.15],[628.29,88.13],[628.26,88.11],[628.24,88.09],[628.23,88.06],[628.23,88.06],[628.24,88.06],[628.25,88.05],[628.27,88.06],[628.28,88.07],[628.27,88.08],[628.27,88.08],[628.26,88.09],[628.26,88.09],[628.25,88.08]]]}},{"type":"Feature","id":"35040-144","properties":{"ridingCode":"35040","pollNumber":"144","pollType":"N","advancePollNumber":"627","sourceCode":"144-0","geometryPollNumbers":["144"],"code":"35040-144","resultPollNumbers":["144"],"resultStatus":"exact","result":{"electors":413,"voters":130,"totalVotes":130,"rejected":0,"turnout":31.476997578692494,"winnerId":"shelby-kramp-neuman","winnerPartyId":"CPC","runnerUpId":"tracey-sweeney-schenk","runnerUpPartyId":"LIB","margin":15.384615384615385,"top":[{"id":"shelby-kramp-neuman","name":"Shelby Kramp-Neuman","shortName":"Kramp-Neuman","partyId":"CPC","votes":67,"share":51.53846153846153},{"id":"tracey-sweeney-schenk","name":"Tracey Sweeney Schenk","shortName":"Sweeney Schenk","partyId":"LIB","votes":47,"share":36.15384615384615},{"id":"ava-duffy","name":"Ava Duffy","shortName":"Duffy","partyId":"NDP","votes":11,"share":8.461538461538462},{"id":"zaid-yusufani","name":"Zaid Yusufani","shortName":"Yusufani","partyId":"PPC","votes":4,"share":3.076923076923077}],"partyVotes":{"LIB":47,"CPC":67,"BQ":0,"NDP":11,"GRN":1,"PPC":4,"OTH":0}}},"geometry":{"type":"Polygon","coordinates":[[[628.28,88.07],[628.27,88.06],[628.26,88.06],[628.28,88.05],[628.3,88.05],[628.31,88.05],[628.32,88.07],[628.34,88.1],[628.34,88.1],[628.34,88.1],[628.36,88.13],[628.36,88.13],[628.35,88.14],[628.35,88.14],[628.33,88.11],[628.31,88.1],[628.3,88.09],[628.3,88.09],[628.29,88.08],[628.28,88.08],[628.28,88.09],[628.28,88.1],[628.27,88.11],[628.26,88.1],[628.25,88.09],[628.25,88.08],[628.26,88.09],[628.26,88.09],[628.27,88.08],[628.27,88.08],[628.28,88.07]]]}},{"type":"Feature","id":"35040-145","properties":{"ridingCode":"35040","pollNumber":"145","pollType":"N","advancePollNumber":"616","sourceCode":"145-0","geometryPollNumbers":["145"],"code":"35040-145","resultPollNumbers":["145"],"resultStatus":"exact","result":{"electors":416,"voters":206,"totalVotes":206,"rejected":0,"turnout":49.519230769230774,"winnerId":"shelby-kramp-neuman","winnerPartyId":"CPC","runnerUpId":"tracey-sweeney-schenk","runnerUpPartyId":"LIB","margin":15.048543689320388,"top":[{"id":"shelby-kramp-neuman","name":"Shelby Kramp-Neuman","shortName":"Kramp-Neuman","partyId":"CPC","votes":112,"share":54.36893203883495},{"id":"tracey-sweeney-schenk","name":"Tracey Sweeney Schenk","shortName":"Sweeney Schenk","partyId":"LIB","votes":81,"share":39.32038834951456},{"id":"ava-duffy","name":"Ava Duffy","shortName":"Duffy","partyId":"NDP","votes":12,"share":5.825242718446602},{"id":"zaid-yusufani","name":"Zaid Yusufani","shortName":"Yusufani","partyId":"PPC","votes":1,"share":0.48543689320388345}],"partyVotes":{"LIB":81,"CPC":112,"BQ":0,"NDP":12,"GRN":0,"PPC":1,"OTH":0}}},"geometry":{"type":"Polygon","coordinates":[[[629.04,88.33],[629.17,88.19],[629.32,88.02],[629.36,87.97],[629.45,87.88],[629.46,87.88],[629.46,87.88],[629.49,87.84],[629.61,87.96],[629.67,88.03],[629.69,88.07],[629.69,88.09],[629.71,88.09],[629.73,88.11],[629.73,88.13],[629.62,88.25],[629.51,88.38],[629.49,88.4],[629.48,88.42],[629.42,88.48],[629.51,88.57],[629.44,88.65],[629.4,88.69],[629.38,88.72],[629.35,88.64],[629.34,88.58],[629.33,88.57],[629.25,88.48],[629.12,88.35],[629.04,88.33]]]}},{"type":"Feature","id":"35040-146","properties":{"ridingCode":"35040","pollNumber":"146","pollType":"N","advancePollNumber":"615","sourceCode":"146-0","geometryPollNumbers":["146"],"code":"35040-146","resultPollNumbers":["146"],"resultStatus":"exact","result":{"electors":488,"voters":229,"totalVotes":228,"rejected":1,"turnout":46.92622950819672,"winnerId":"tracey-sweeney-schenk","winnerPartyId":"LIB","runnerUpId":"shelby-kramp-neuman","runnerUpPartyId":"CPC","margin":11.842105263157894,"top":[{"id":"tracey-sweeney-schenk","name":"Tracey Sweeney Schenk","shortName":"Sweeney Schenk","partyId":"LIB","votes":118,"share":51.75438596491229},{"id":"shelby-kramp-neuman","name":"Shelby Kramp-Neuman","shortName":"Kramp-Neuman","partyId":"CPC","votes":91,"share":39.91228070175439},{"id":"ava-duffy","name":"Ava Duffy","shortName":"Duffy","partyId":"NDP","votes":13,"share":5.701754385964912},{"id":"michael-holbrook","name":"Michael Holbrook","shortName":"Holbrook","partyId":"GRN","votes":4,"share":1.7543859649122806}],"partyVotes":{"LIB":118,"CPC":91,"BQ":0,"NDP":13,"GRN":4,"PPC":2,"OTH":0}}},"geometry":{"type":"Polygon","coordinates":[[[629.77,88.1],[629.84,88.02],[629.89,87.96],[629.91,87.97],[629.93,87.98],[629.93,87.99],[629.93,87.99],[629.92,88],[629.93,88],[629.93,88],[629.94,87.99],[629.97,88],[629.97,88.02],[629.98,88.02],[629.98,88.01],[630.01,88.01],[630.01,88],[630.02,87.99],[630.04,88],[629.97,88.07],[629.88,88.17],[629.86,88.14],[629.84,88.15],[629.83,88.14],[629.88,88.09],[629.86,88.07],[629.8,88.13],[629.77,88.1]]]}},{"type":"Feature","id":"35040-147","properties":{"ridingCode":"35040","pollNumber":"147","pollType":"N","advancePollNumber":"615","sourceCode":"147-0","geometryPollNumbers":["147"],"code":"35040-147","resultPollNumbers":["147"],"resultStatus":"exact","result":{"electors":348,"voters":189,"totalVotes":189,"rejected":0,"turnout":54.310344827586206,"winnerId":"shelby-kramp-neuman","winnerPartyId":"CPC","runnerUpId":"tracey-sweeney-schenk","runnerUpPartyId":"LIB","margin":6.878306878306878,"top":[{"id":"shelby-kramp-neuman","name":"Shelby Kramp-Neuman","shortName":"Kramp-Neuman","partyId":"CPC","votes":94,"share":49.735449735449734},{"id":"tracey-sweeney-schenk","name":"Tracey Sweeney Schenk","shortName":"Sweeney Schenk","partyId":"LIB","votes":81,"share":42.857142857142854},{"id":"ava-duffy","name":"Ava Duffy","shortName":"Duffy","partyId":"NDP","votes":7,"share":3.7037037037037033},{"id":"zaid-yusufani","name":"Zaid Yusufani","shortName":"Yusufani","partyId":"PPC","votes":4,"share":2.1164021164021163}],"partyVotes":{"LIB":81,"CPC":94,"BQ":0,"NDP":7,"GRN":3,"PPC":4,"OTH":0}}},"geometry":{"type":"Polygon","coordinates":[[[629.93,87.97],[629.94,87.97],[629.95,87.97],[629.96,87.97],[629.95,87.96],[629.96,87.95],[629.99,87.96],[629.97,87.98],[630.02,87.99],[630.01,88],[630.01,88.01],[629.98,88.01],[629.98,88.02],[629.97,88.02],[629.97,88],[629.94,87.99],[629.93,88],[629.93,88],[629.92,88],[629.93,87.99],[629.93,87.99],[629.93,87.98],[629.93,87.98],[629.93,87.97]]]}},{"type":"Feature","id":"35040-148","properties":{"ridingCode":"35040","pollNumber":"148","pollType":"N","advancePollNumber":"615","sourceCode":"148-0","geometryPollNumbers":["148"],"code":"35040-148","resultPollNumbers":["148"],"resultStatus":"exact","result":{"electors":403,"voters":187,"totalVotes":187,"rejected":0,"turnout":46.40198511166253,"winnerId":"tracey-sweeney-schenk","winnerPartyId":"LIB","runnerUpId":"shelby-kramp-neuman","runnerUpPartyId":"CPC","margin":5.347593582887701,"top":[{"id":"tracey-sweeney-schenk","name":"Tracey Sweeney Schenk","shortName":"Sweeney Schenk","partyId":"LIB","votes":95,"share":50.80213903743316},{"id":"shelby-kramp-neuman","name":"Shelby Kramp-Neuman","shortName":"Kramp-Neuman","partyId":"CPC","votes":85,"share":45.45454545454545},{"id":"ava-duffy","name":"Ava Duffy","shortName":"Duffy","partyId":"NDP","votes":6,"share":3.2085561497326207},{"id":"michael-holbrook","name":"Michael Holbrook","shortName":"Holbrook","partyId":"GRN","votes":1,"share":0.53475935828877}],"partyVotes":{"LIB":95,"CPC":85,"BQ":0,"NDP":6,"GRN":1,"PPC":0,"OTH":0}}},"geometry":{"type":"Polygon","coordinates":[[[629.78,87.71],[629.79,87.71],[629.87,87.63],[629.95,87.71],[630.13,87.92],[630.04,88],[630.02,87.99],[629.97,87.98],[629.99,87.96],[629.96,87.95],[629.95,87.96],[629.96,87.97],[629.95,87.97],[629.94,87.97],[629.93,87.97],[629.93,87.98],[629.93,87.98],[629.91,87.97],[629.89,87.96],[629.91,87.95],[629.89,87.92],[629.86,87.87],[629.84,87.87],[629.83,87.84],[629.84,87.82],[629.82,87.81],[629.81,87.76],[629.77,87.72],[629.78,87.71]]]}},{"type":"Feature","id":"35040-149","properties":{"ridingCode":"35040","pollNumber":"149","pollType":"N","advancePollNumber":"619","sourceCode":"149-0","geometryPollNumbers":["149"],"code":"35040-149","resultPollNumbers":["149"],"resultStatus":"exact","result":{"electors":422,"voters":235,"totalVotes":235,"rejected":0,"turnout":55.687203791469194,"winnerId":"shelby-kramp-neuman","winnerPartyId":"CPC","runnerUpId":"tracey-sweeney-schenk","runnerUpPartyId":"LIB","margin":21.27659574468085,"top":[{"id":"shelby-kramp-neuman","name":"Shelby Kramp-Neuman","shortName":"Kramp-Neuman","partyId":"CPC","votes":136,"share":57.87234042553191},{"id":"tracey-sweeney-schenk","name":"Tracey Sweeney Schenk","shortName":"Sweeney Schenk","partyId":"LIB","votes":86,"share":36.59574468085106},{"id":"michael-holbrook","name":"Michael Holbrook","shortName":"Holbrook","partyId":"GRN","votes":9,"share":3.829787234042553},{"id":"ava-duffy","name":"Ava Duffy","shortName":"Duffy","partyId":"NDP","votes":4,"share":1.702127659574468}],"partyVotes":{"LIB":86,"CPC":136,"BQ":0,"NDP":4,"GRN":9,"PPC":0,"OTH":0}}},"geometry":{"type":"Polygon","coordinates":[[[626.59,87.95],[626.59,87.91],[626.61,87.88],[626.65,87.87],[626.65,87.84],[626.69,87.8],[626.72,87.79],[626.72,87.75],[626.75,87.7],[626.87,87.71],[626.88,87.66],[626.9,87.67],[626.91,87.69],[627.14,87.83],[627.19,87.82],[627.2,87.86],[627.32,87.92],[627.36,87.91],[627.37,87.95],[627.5,88.01],[627.54,88],[627.52,88.03],[627.41,88.17],[627.26,88.37],[627.18,88.48],[626.84,88.3],[626.89,88.24],[626.89,88.22],[626.89,88.21],[626.95,88.13],[626.9,88.11],[626.89,88.1],[626.88,88.1],[626.59,87.95]]]}},{"type":"Feature","id":"35040-150","properties":{"ridingCode":"35040","pollNumber":"150","pollType":"N","advancePollNumber":"624","sourceCode":"150-0","geometryPollNumbers":["150"],"code":"35040-150","resultPollNumbers":["150"],"resultStatus":"exact","result":{"electors":434,"voters":261,"totalVotes":261,"rejected":0,"turnout":60.13824884792627,"winnerId":"shelby-kramp-neuman","winnerPartyId":"CPC","runnerUpId":"tracey-sweeney-schenk","runnerUpPartyId":"LIB","margin":29.88505747126437,"top":[{"id":"shelby-kramp-neuman","name":"Shelby Kramp-Neuman","shortName":"Kramp-Neuman","partyId":"CPC","votes":163,"share":62.45210727969349},{"id":"tracey-sweeney-schenk","name":"Tracey Sweeney Schenk","shortName":"Sweeney Schenk","partyId":"LIB","votes":85,"share":32.56704980842912},{"id":"ava-duffy","name":"Ava Duffy","shortName":"Duffy","partyId":"NDP","votes":8,"share":3.065134099616858},{"id":"michael-holbrook","name":"Michael Holbrook","shortName":"Holbrook","partyId":"GRN","votes":4,"share":1.532567049808429}],"partyVotes":{"LIB":85,"CPC":163,"BQ":0,"NDP":8,"GRN":4,"PPC":1,"OTH":0}}},"geometry":{"type":"Polygon","coordinates":[[[626.35,87.61],[626.48,87.44],[626.53,87.36],[626.96,87.59],[626.93,87.59],[626.88,87.66],[626.87,87.71],[626.75,87.7],[626.72,87.75],[626.72,87.79],[626.69,87.8],[626.65,87.84],[626.65,87.87],[626.61,87.88],[626.59,87.91],[626.59,87.95],[626.56,87.96],[626.47,88.07],[626.48,88.11],[626.3,88.02],[626.35,87.96],[626.35,87.94],[626.42,87.86],[626.24,87.76],[626.35,87.61]]]}},{"type":"Feature","id":"35040-151","properties":{"ridingCode":"35040","pollNumber":"151","pollType":"N","advancePollNumber":"627","sourceCode":"151-0","geometryPollNumbers":["151"],"code":"35040-151","resultPollNumbers":["151"],"resultStatus":"exact","result":{"electors":290,"voters":44,"totalVotes":44,"rejected":0,"turnout":15.172413793103448,"winnerId":"shelby-kramp-neuman","winnerPartyId":"CPC","runnerUpId":"tracey-sweeney-schenk","runnerUpPartyId":"LIB","margin":13.636363636363635,"top":[{"id":"shelby-kramp-neuman","name":"Shelby Kramp-Neuman","shortName":"Kramp-Neuman","partyId":"CPC","votes":23,"share":52.27272727272727},{"id":"tracey-sweeney-schenk","name":"Tracey Sweeney Schenk","shortName":"Sweeney Schenk","partyId":"LIB","votes":17,"share":38.63636363636363},{"id":"ava-duffy","name":"Ava Duffy","shortName":"Duffy","partyId":"NDP","votes":4,"share":9.090909090909092},{"id":"michael-holbrook","name":"Michael Holbrook","shortName":"Holbrook","partyId":"GRN","votes":0,"share":0}],"partyVotes":{"LIB":17,"CPC":23,"BQ":0,"NDP":4,"GRN":0,"PPC":0,"OTH":0}}},"geometry":{"type":"Polygon","coordinates":[[[628.44,88.18],[628.44,88.19],[628.43,88.2],[628.42,88.19],[628.41,88.18],[628.42,88.18],[628.41,88.17],[628.41,88.17],[628.4,88.16],[628.42,88.15],[628.4,88.12],[628.38,88.1],[628.34,88.07],[628.33,88.06],[628.34,88.02],[628.33,88],[628.38,88],[628.4,88.1],[628.41,88.11],[628.43,88.12],[628.45,88.16],[628.45,88.16],[628.45,88.17],[628.44,88.18]]]}},{"type":"Feature","id":"35040-152","properties":{"ridingCode":"35040","pollNumber":"152","pollType":"N","advancePollNumber":"618","sourceCode":"152-0","geometryPollNumbers":["152"],"code":"35040-152","resultPollNumbers":["152"],"resultStatus":"exact","result":{"electors":346,"voters":96,"totalVotes":95,"rejected":1,"turnout":27.74566473988439,"winnerId":"shelby-kramp-neuman","winnerPartyId":"CPC","runnerUpId":"tracey-sweeney-schenk","runnerUpPartyId":"LIB","margin":36.84210526315789,"top":[{"id":"shelby-kramp-neuman","name":"Shelby Kramp-Neuman","shortName":"Kramp-Neuman","partyId":"CPC","votes":63,"share":66.3157894736842},{"id":"tracey-sweeney-schenk","name":"Tracey Sweeney Schenk","shortName":"Sweeney Schenk","partyId":"LIB","votes":28,"share":29.47368421052631},{"id":"ava-duffy","name":"Ava Duffy","shortName":"Duffy","partyId":"NDP","votes":2,"share":2.1052631578947367},{"id":"michael-holbrook","name":"Michael Holbrook","shortName":"Holbrook","partyId":"GRN","votes":2,"share":2.1052631578947367}],"partyVotes":{"LIB":28,"CPC":63,"BQ":0,"NDP":2,"GRN":2,"PPC":0,"OTH":0}}},"geometry":{"type":"Polygon","coordinates":[[[627.54,88],[627.66,87.84],[627.78,87.68],[627.96,87.82],[628.11,87.93],[628.26,88.06],[628.27,88.06],[628.25,88.05],[628.24,88.06],[628.23,88.06],[628.23,88.06],[628.24,88.09],[628.26,88.11],[628.29,88.13],[628.33,88.15],[628.33,88.15],[628.31,88.17],[628.3,88.18],[628.3,88.19],[628.3,88.2],[628.34,88.2],[628.35,88.22],[628.32,88.24],[628.31,88.23],[628.33,88.27],[628.34,88.27],[628.34,88.27],[628.35,88.29],[628.35,88.29],[628.36,88.3],[628.34,88.32],[628.31,88.29],[628.29,88.31],[628.21,88.42],[628.17,88.38],[628.13,88.33],[628.09,88.28],[628.08,88.25],[628.08,88.25],[628.06,88.24],[628.07,88.22],[628.06,88.21],[627.98,88.16],[627.91,88.25],[627.91,88.26],[627.9,88.26],[627.89,88.26],[627.79,88.19],[627.78,88.19],[627.77,88.19],[627.76,88.21],[627.7,88.16],[627.52,88.03],[627.54,88]]]}},{"type":"Feature","id":"35040-153","properties":{"ridingCode":"35040","pollNumber":"153","pollType":"N","advancePollNumber":"627","sourceCode":"153-0","geometryPollNumbers":["153"],"code":"35040-153","resultPollNumbers":["153"],"resultStatus":"exact","result":{"electors":445,"voters":101,"totalVotes":101,"rejected":0,"turnout":22.696629213483146,"winnerId":"shelby-kramp-neuman","winnerPartyId":"CPC","runnerUpId":"tracey-sweeney-schenk","runnerUpPartyId":"LIB","margin":4.9504950495049505,"top":[{"id":"shelby-kramp-neuman","name":"Shelby Kramp-Neuman","shortName":"Kramp-Neuman","partyId":"CPC","votes":50,"share":49.504950495049506},{"id":"tracey-sweeney-schenk","name":"Tracey Sweeney Schenk","shortName":"Sweeney Schenk","partyId":"LIB","votes":45,"share":44.554455445544555},{"id":"ava-duffy","name":"Ava Duffy","shortName":"Duffy","partyId":"NDP","votes":4,"share":3.9603960396039604},{"id":"michael-holbrook","name":"Michael Holbrook","shortName":"Holbrook","partyId":"GRN","votes":1,"share":0.9900990099009901}],"partyVotes":{"LIB":45,"CPC":50,"BQ":0,"NDP":4,"GRN":1,"PPC":1,"OTH":0}}},"geometry":{"type":"Polygon","coordinates":[[[628.38,88],[628.35,87.86],[628.35,87.85],[628.35,87.84],[628.37,87.82],[628.37,87.82],[628.48,87.74],[628.48,87.73],[628.47,87.71],[628.51,87.68],[628.52,87.69],[628.53,87.67],[628.53,87.67],[628.55,87.68],[628.58,87.7],[628.61,87.72],[628.64,87.72],[628.68,87.74],[628.68,87.74],[628.69,87.75],[628.73,87.8],[628.69,87.83],[628.7,87.88],[628.69,87.89],[628.69,87.92],[628.69,87.94],[628.7,87.98],[628.71,88.01],[628.73,88.03],[628.73,88.05],[628.75,88.08],[628.74,88.09],[628.69,88.12],[628.69,88.12],[628.68,88.12],[628.67,88.12],[628.63,88.1],[628.62,88.09],[628.61,88.1],[628.54,88.14],[628.53,88.15],[628.52,88.13],[628.48,88.15],[628.48,88.14],[628.45,88.16],[628.45,88.16],[628.43,88.12],[628.41,88.11],[628.4,88.1],[628.38,88]]]}},{"type":"Feature","id":"35040-154","properties":{"ridingCode":"35040","pollNumber":"154","pollType":"N","advancePollNumber":"627","sourceCode":"154-0","geometryPollNumbers":["154"],"code":"35040-154","resultPollNumbers":["154"],"resultStatus":"exact","result":{"electors":810,"voters":187,"totalVotes":187,"rejected":0,"turnout":23.08641975308642,"winnerId":"shelby-kramp-neuman","winnerPartyId":"CPC","runnerUpId":"tracey-sweeney-schenk","runnerUpPartyId":"LIB","margin":16.0427807486631,"top":[{"id":"shelby-kramp-neuman","name":"Shelby Kramp-Neuman","shortName":"Kramp-Neuman","partyId":"CPC","votes":105,"share":56.14973262032086},{"id":"tracey-sweeney-schenk","name":"Tracey Sweeney Schenk","shortName":"Sweeney Schenk","partyId":"LIB","votes":75,"share":40.106951871657756},{"id":"ava-duffy","name":"Ava Duffy","shortName":"Duffy","partyId":"NDP","votes":5,"share":2.6737967914438503},{"id":"michael-holbrook","name":"Michael Holbrook","shortName":"Holbrook","partyId":"GRN","votes":1,"share":0.53475935828877}],"partyVotes":{"LIB":75,"CPC":105,"BQ":0,"NDP":5,"GRN":1,"PPC":1,"OTH":0}}},"geometry":{"type":"Polygon","coordinates":[[[628.28,88.05],[628.26,88.06],[628.11,87.93],[627.96,87.82],[628.11,87.63],[628.24,87.76],[628.25,87.78],[628.31,87.92],[628.32,87.97],[628.31,88.05],[628.3,88.05],[628.28,88.05]]]}},{"type":"Feature","id":"35040-155","properties":{"ridingCode":"35040","pollNumber":"155","pollType":"N","advancePollNumber":"627","sourceCode":"155-0","geometryPollNumbers":["155"],"code":"35040-155","resultPollNumbers":["155"],"resultStatus":"exact","result":{"electors":362,"voters":103,"totalVotes":103,"rejected":0,"turnout":28.45303867403315,"winnerId":"shelby-kramp-neuman","winnerPartyId":"CPC","runnerUpId":"tracey-sweeney-schenk","runnerUpPartyId":"LIB","margin":28.155339805825243,"top":[{"id":"shelby-kramp-neuman","name":"Shelby Kramp-Neuman","shortName":"Kramp-Neuman","partyId":"CPC","votes":65,"share":63.10679611650486},{"id":"tracey-sweeney-schenk","name":"Tracey Sweeney Schenk","shortName":"Sweeney Schenk","partyId":"LIB","votes":36,"share":34.95145631067961},{"id":"ava-duffy","name":"Ava Duffy","shortName":"Duffy","partyId":"NDP","votes":1,"share":0.9708737864077669},{"id":"michael-holbrook","name":"Michael Holbrook","shortName":"Holbrook","partyId":"GRN","votes":1,"share":0.9708737864077669}],"partyVotes":{"LIB":36,"CPC":65,"BQ":0,"NDP":1,"GRN":1,"PPC":0,"OTH":0}}},"geometry":{"type":"Polygon","coordinates":[[[627.91,87.53],[628,87.42],[628.03,87.47],[628.03,87.5],[628.06,87.54],[628.09,87.57],[628.1,87.58],[628.21,87.6],[628.26,87.58],[628.31,87.65],[628.31,87.75],[628.32,87.81],[628.34,87.88],[628.35,87.92],[628.35,87.93],[628.34,87.95],[628.33,87.97],[628.33,88],[628.34,88.02],[628.33,88.06],[628.34,88.07],[628.38,88.1],[628.4,88.12],[628.4,88.12],[628.38,88.11],[628.38,88.11],[628.36,88.13],[628.34,88.1],[628.34,88.1],[628.34,88.1],[628.32,88.07],[628.31,88.05],[628.32,87.97],[628.31,87.92],[628.25,87.78],[628.24,87.76],[628.11,87.63],[627.96,87.82],[627.78,87.68],[627.85,87.6],[627.91,87.53]],[[627.92,87.54],[627.92,87.54],[627.92,87.54],[627.92,87.54]]]}},{"type":"Feature","id":"35040-156","properties":{"ridingCode":"35040","pollNumber":"156","pollType":"N","advancePollNumber":"626","sourceCode":"156-0","geometryPollNumbers":["156"],"code":"35040-156","resultPollNumbers":["156"],"resultStatus":"exact","result":{"electors":241,"voters":86,"totalVotes":86,"rejected":0,"turnout":35.684647302904565,"winnerId":"shelby-kramp-neuman","winnerPartyId":"CPC","runnerUpId":"tracey-sweeney-schenk","runnerUpPartyId":"LIB","margin":19.767441860465116,"top":[{"id":"shelby-kramp-neuman","name":"Shelby Kramp-Neuman","shortName":"Kramp-Neuman","partyId":"CPC","votes":49,"share":56.97674418604651},{"id":"tracey-sweeney-schenk","name":"Tracey Sweeney Schenk","shortName":"Sweeney Schenk","partyId":"LIB","votes":32,"share":37.2093023255814},{"id":"ava-duffy","name":"Ava Duffy","shortName":"Duffy","partyId":"NDP","votes":5,"share":5.813953488372093},{"id":"michael-holbrook","name":"Michael Holbrook","shortName":"Holbrook","partyId":"GRN","votes":0,"share":0}],"partyVotes":{"LIB":32,"CPC":49,"BQ":0,"NDP":5,"GRN":0,"PPC":0,"OTH":0}}},"geometry":{"type":"Polygon","coordinates":[[[627.85,87.6],[627.76,87.54],[627.81,87.48],[627.81,87.48],[627.81,87.47],[627.81,87.47],[627.81,87.47],[627.82,87.46],[627.82,87.46],[627.84,87.47],[627.89,87.51],[627.91,87.53],[627.85,87.6]]]}},{"type":"Feature","id":"35040-157","properties":{"ridingCode":"35040","pollNumber":"157","pollType":"N","advancePollNumber":"626","sourceCode":"157-0","geometryPollNumbers":["157"],"code":"35040-157","resultPollNumbers":["157"],"resultStatus":"exact","result":{"electors":493,"voters":176,"totalVotes":175,"rejected":1,"turnout":35.699797160243406,"winnerId":"shelby-kramp-neuman","winnerPartyId":"CPC","runnerUpId":"tracey-sweeney-schenk","runnerUpPartyId":"LIB","margin":25.142857142857146,"top":[{"id":"shelby-kramp-neuman","name":"Shelby Kramp-Neuman","shortName":"Kramp-Neuman","partyId":"CPC","votes":101,"share":57.714285714285715},{"id":"tracey-sweeney-schenk","name":"Tracey Sweeney Schenk","shortName":"Sweeney Schenk","partyId":"LIB","votes":57,"share":32.57142857142858},{"id":"ava-duffy","name":"Ava Duffy","shortName":"Duffy","partyId":"NDP","votes":15,"share":8.571428571428571},{"id":"michael-holbrook","name":"Michael Holbrook","shortName":"Holbrook","partyId":"GRN","votes":2,"share":1.1428571428571428}],"partyVotes":{"LIB":57,"CPC":101,"BQ":0,"NDP":15,"GRN":2,"PPC":0,"OTH":0}}},"geometry":{"type":"Polygon","coordinates":[[[627.82,87.46],[627.82,87.46],[627.83,87.45],[627.83,87.45],[627.85,87.43],[627.9,87.5],[627.89,87.51],[627.84,87.47],[627.82,87.46]]]}},{"type":"Feature","id":"35040-158","properties":{"ridingCode":"35040","pollNumber":"158","pollType":"N","advancePollNumber":"626","sourceCode":"158-0","geometryPollNumbers":["158"],"code":"35040-158","resultPollNumbers":["158"],"resultStatus":"exact","result":{"electors":358,"voters":146,"totalVotes":145,"rejected":1,"turnout":40.78212290502793,"winnerId":"shelby-kramp-neuman","winnerPartyId":"CPC","runnerUpId":"tracey-sweeney-schenk","runnerUpPartyId":"LIB","margin":26.89655172413793,"top":[{"id":"shelby-kramp-neuman","name":"Shelby Kramp-Neuman","shortName":"Kramp-Neuman","partyId":"CPC","votes":84,"share":57.931034482758626},{"id":"tracey-sweeney-schenk","name":"Tracey Sweeney Schenk","shortName":"Sweeney Schenk","partyId":"LIB","votes":45,"share":31.03448275862069},{"id":"ava-duffy","name":"Ava Duffy","shortName":"Duffy","partyId":"NDP","votes":10,"share":6.896551724137931},{"id":"michael-holbrook","name":"Michael Holbrook","shortName":"Holbrook","partyId":"GRN","votes":4,"share":2.7586206896551726}],"partyVotes":{"LIB":45,"CPC":84,"BQ":0,"NDP":10,"GRN":4,"PPC":2,"OTH":0}}},"geometry":{"type":"Polygon","coordinates":[[[627.77,87.44],[627.73,87.42],[627.75,87.39],[627.83,87.45],[627.83,87.45],[627.82,87.46],[627.82,87.46],[627.82,87.46],[627.81,87.47],[627.81,87.47],[627.81,87.47],[627.81,87.48],[627.81,87.48],[627.76,87.46],[627.77,87.44]]]}},{"type":"Feature","id":"35040-159","properties":{"ridingCode":"35040","pollNumber":"159","pollType":"N","advancePollNumber":"627","sourceCode":"159-0","geometryPollNumbers":["159"],"code":"35040-159","resultPollNumbers":["159"],"resultStatus":"exact","result":{"electors":433,"voters":88,"totalVotes":88,"rejected":0,"turnout":20.323325635103924,"winnerId":"shelby-kramp-neuman","winnerPartyId":"CPC","runnerUpId":"tracey-sweeney-schenk","runnerUpPartyId":"LIB","margin":40.909090909090914,"top":[{"id":"shelby-kramp-neuman","name":"Shelby Kramp-Neuman","shortName":"Kramp-Neuman","partyId":"CPC","votes":62,"share":70.45454545454545},{"id":"tracey-sweeney-schenk","name":"Tracey Sweeney Schenk","shortName":"Sweeney Schenk","partyId":"LIB","votes":26,"share":29.545454545454547},{"id":"ava-duffy","name":"Ava Duffy","shortName":"Duffy","partyId":"NDP","votes":0,"share":0},{"id":"michael-holbrook","name":"Michael Holbrook","shortName":"Holbrook","partyId":"GRN","votes":0,"share":0}],"partyVotes":{"LIB":26,"CPC":62,"BQ":0,"NDP":0,"GRN":0,"PPC":0,"OTH":0}}},"geometry":{"type":"Polygon","coordinates":[[[627.91,87.22],[627.93,87.1],[627.94,87],[627.94,86.91],[627.98,86.9],[627.99,86.91],[628.02,86.91],[628.02,86.96],[628.03,87],[628.04,87.02],[628.09,87.08],[628.1,87.1],[628.09,87.11],[628.03,87.16],[628,87.18],[628,87.19],[627.99,87.2],[628,87.25],[628.02,87.3],[628.04,87.33],[628.07,87.36],[628.09,87.38],[628.1,87.39],[628.15,87.42],[628.19,87.43],[628.2,87.43],[628.28,87.51],[628.3,87.53],[628.36,87.57],[628.36,87.58],[628.4,87.6],[628.43,87.6],[628.44,87.61],[628.45,87.62],[628.48,87.63],[628.51,87.67],[628.53,87.67],[628.53,87.67],[628.52,87.69],[628.51,87.68],[628.47,87.71],[628.48,87.73],[628.48,87.74],[628.37,87.82],[628.37,87.82],[628.35,87.84],[628.35,87.85],[628.35,87.86],[628.38,88],[628.33,88],[628.33,87.97],[628.34,87.95],[628.35,87.93],[628.35,87.92],[628.34,87.88],[628.32,87.81],[628.31,87.75],[628.31,87.65],[628.26,87.58],[628.21,87.6],[628.1,87.58],[628.09,87.57],[628.06,87.54],[628.03,87.5],[628.03,87.47],[628,87.42],[627.91,87.22]]]}},{"type":"Feature","id":"35040-160","properties":{"ridingCode":"35040","pollNumber":"160","pollType":"N","advancePollNumber":"626","sourceCode":"160-0","geometryPollNumbers":["160"],"code":"35040-160","resultPollNumbers":["160"],"resultStatus":"exact","result":{"electors":506,"voters":155,"totalVotes":155,"rejected":0,"turnout":30.632411067193676,"winnerId":"shelby-kramp-neuman","winnerPartyId":"CPC","runnerUpId":"tracey-sweeney-schenk","runnerUpPartyId":"LIB","margin":16.129032258064516,"top":[{"id":"shelby-kramp-neuman","name":"Shelby Kramp-Neuman","shortName":"Kramp-Neuman","partyId":"CPC","votes":82,"share":52.903225806451616},{"id":"tracey-sweeney-schenk","name":"Tracey Sweeney Schenk","shortName":"Sweeney Schenk","partyId":"LIB","votes":57,"share":36.774193548387096},{"id":"ava-duffy","name":"Ava Duffy","shortName":"Duffy","partyId":"NDP","votes":15,"share":9.67741935483871},{"id":"michael-holbrook","name":"Michael Holbrook","shortName":"Holbrook","partyId":"GRN","votes":1,"share":0.6451612903225806}],"partyVotes":{"LIB":57,"CPC":82,"BQ":0,"NDP":15,"GRN":1,"PPC":0,"OTH":0}}},"geometry":{"type":"Polygon","coordinates":[[[627.78,87.36],[627.81,87.31],[627.83,87.33],[627.85,87.34],[627.86,87.34],[627.88,87.34],[627.89,87.32],[627.9,87.29],[627.91,87.22],[628,87.42],[627.91,87.53],[627.89,87.51],[627.9,87.5],[627.85,87.43],[627.83,87.45],[627.75,87.39],[627.78,87.36]]]}},{"type":"Feature","id":"35040-161","properties":{"ridingCode":"35040","pollNumber":"161","pollType":"N","advancePollNumber":"623","sourceCode":"161-0","geometryPollNumbers":["161"],"code":"35040-161","resultPollNumbers":["161"],"resultStatus":"exact","result":{"electors":464,"voters":203,"totalVotes":203,"rejected":0,"turnout":43.75,"winnerId":"shelby-kramp-neuman","winnerPartyId":"CPC","runnerUpId":"tracey-sweeney-schenk","runnerUpPartyId":"LIB","margin":28.078817733990146,"top":[{"id":"shelby-kramp-neuman","name":"Shelby Kramp-Neuman","shortName":"Kramp-Neuman","partyId":"CPC","votes":126,"share":62.06896551724138},{"id":"tracey-sweeney-schenk","name":"Tracey Sweeney Schenk","shortName":"Sweeney Schenk","partyId":"LIB","votes":69,"share":33.99014778325123},{"id":"ava-duffy","name":"Ava Duffy","shortName":"Duffy","partyId":"NDP","votes":5,"share":2.4630541871921183},{"id":"zaid-yusufani","name":"Zaid Yusufani","shortName":"Yusufani","partyId":"PPC","votes":3,"share":1.477832512315271}],"partyVotes":{"LIB":69,"CPC":126,"BQ":0,"NDP":5,"GRN":0,"PPC":3,"OTH":0}}},"geometry":{"type":"Polygon","coordinates":[[[625,88.04],[625.01,88.03],[625.06,87.96],[625.11,87.89],[625.13,87.87],[625.25,87.69],[625.26,87.69],[625.27,87.7],[625.28,87.71],[625.31,87.74],[625.33,87.75],[625.33,87.75],[625.33,87.76],[625.36,87.81],[625.37,87.83],[625.37,87.85],[625.37,87.87],[625.36,87.89],[625.34,87.92],[625.35,87.92],[625.38,87.88],[625.39,87.87],[625.4,87.87],[625.4,87.88],[625.41,87.89],[625.41,87.98],[625.4,88.02],[625.42,88.05],[625.42,88.06],[625.42,88.08],[625.41,88.12],[625.42,88.14],[625.43,88.18],[625.43,88.2],[625.29,88.39],[625.12,88.27],[625.08,88.24],[624.94,88.14],[624.94,88.13],[625,88.04]]]}},{"type":"Feature","id":"35040-162","properties":{"ridingCode":"35040","pollNumber":"162","pollType":"N","advancePollNumber":"623","sourceCode":"162-0","geometryPollNumbers":["162"],"code":"35040-162","resultPollNumbers":["162"],"resultStatus":"exact","result":{"electors":387,"voters":167,"totalVotes":167,"rejected":0,"turnout":43.15245478036176,"winnerId":"shelby-kramp-neuman","winnerPartyId":"CPC","runnerUpId":"tracey-sweeney-schenk","runnerUpPartyId":"LIB","margin":23.952095808383234,"top":[{"id":"shelby-kramp-neuman","name":"Shelby Kramp-Neuman","shortName":"Kramp-Neuman","partyId":"CPC","votes":99,"share":59.2814371257485},{"id":"tracey-sweeney-schenk","name":"Tracey Sweeney Schenk","shortName":"Sweeney Schenk","partyId":"LIB","votes":59,"share":35.32934131736527},{"id":"ava-duffy","name":"Ava Duffy","shortName":"Duffy","partyId":"NDP","votes":5,"share":2.9940119760479043},{"id":"zaid-yusufani","name":"Zaid Yusufani","shortName":"Yusufani","partyId":"PPC","votes":4,"share":2.3952095808383236}],"partyVotes":{"LIB":59,"CPC":99,"BQ":0,"NDP":5,"GRN":0,"PPC":4,"OTH":0}}},"geometry":{"type":"Polygon","coordinates":[[[624.73,87.58],[624.92,87.72],[625.13,87.87],[625.11,87.89],[625.06,87.96],[625.01,88.03],[625,88.04],[624.94,88.13],[624.94,88.14],[624.85,88.08],[624.77,88.03],[624.64,87.94],[624.67,87.91],[624.73,87.84],[624.69,87.8],[624.67,87.77],[624.65,87.75],[624.67,87.69],[624.67,87.66],[624.73,87.58]]]}},{"type":"Feature","id":"35040-163","properties":{"ridingCode":"35040","pollNumber":"163","pollType":"N","advancePollNumber":"623","sourceCode":"163-0","geometryPollNumbers":["163"],"code":"35040-163","resultPollNumbers":["163"],"resultStatus":"exact","result":{"electors":421,"voters":200,"totalVotes":200,"rejected":0,"turnout":47.50593824228028,"winnerId":"shelby-kramp-neuman","winnerPartyId":"CPC","runnerUpId":"tracey-sweeney-schenk","runnerUpPartyId":"LIB","margin":35.5,"top":[{"id":"shelby-kramp-neuman","name":"Shelby Kramp-Neuman","shortName":"Kramp-Neuman","partyId":"CPC","votes":131,"share":65.5},{"id":"tracey-sweeney-schenk","name":"Tracey Sweeney Schenk","shortName":"Sweeney Schenk","partyId":"LIB","votes":60,"share":30},{"id":"ava-duffy","name":"Ava Duffy","shortName":"Duffy","partyId":"NDP","votes":6,"share":3},{"id":"michael-holbrook","name":"Michael Holbrook","shortName":"Holbrook","partyId":"GRN","votes":2,"share":1}],"partyVotes":{"LIB":60,"CPC":131,"BQ":0,"NDP":6,"GRN":2,"PPC":1,"OTH":0}}},"geometry":{"type":"Polygon","coordinates":[[[625.41,87.89],[625.4,87.88],[625.4,87.87],[625.39,87.87],[625.38,87.88],[625.38,87.86],[625.38,87.85],[625.38,87.79],[625.37,87.78],[625.36,87.77],[625.37,87.75],[625.57,87.74],[625.6,87.7],[625.6,87.68],[625.64,87.62],[625.73,87.72],[625.77,87.74],[625.95,87.84],[625.79,88.06],[625.7,87.94],[625.65,87.91],[625.65,87.91],[625.43,88.2],[625.43,88.18],[625.42,88.14],[625.41,88.12],[625.42,88.08],[625.42,88.06],[625.42,88.05],[625.4,88.02],[625.41,87.98],[625.41,87.89]]]}},{"type":"Feature","id":"35040-164","properties":{"ridingCode":"35040","pollNumber":"164","pollType":"N","advancePollNumber":"621","sourceCode":"164-0","geometryPollNumbers":["164"],"code":"35040-164","resultPollNumbers":["164"],"resultStatus":"exact","result":{"electors":441,"voters":167,"totalVotes":166,"rejected":1,"turnout":37.868480725623584,"winnerId":"shelby-kramp-neuman","winnerPartyId":"CPC","runnerUpId":"tracey-sweeney-schenk","runnerUpPartyId":"LIB","margin":32.53012048192771,"top":[{"id":"shelby-kramp-neuman","name":"Shelby Kramp-Neuman","shortName":"Kramp-Neuman","partyId":"CPC","votes":104,"share":62.65060240963856},{"id":"tracey-sweeney-schenk","name":"Tracey Sweeney Schenk","shortName":"Sweeney Schenk","partyId":"LIB","votes":50,"share":30.120481927710845},{"id":"ava-duffy","name":"Ava Duffy","shortName":"Duffy","partyId":"NDP","votes":9,"share":5.421686746987952},{"id":"michael-holbrook","name":"Michael Holbrook","shortName":"Holbrook","partyId":"GRN","votes":3,"share":1.8072289156626504}],"partyVotes":{"LIB":50,"CPC":104,"BQ":0,"NDP":9,"GRN":3,"PPC":0,"OTH":0}}},"geometry":{"type":"Polygon","coordinates":[[[624.64,87.94],[624.36,87.74],[624.37,87.73],[624.44,87.63],[624.47,87.59],[624.53,87.52],[624.54,87.5],[624.54,87.5],[624.55,87.49],[624.56,87.49],[624.58,87.5],[624.61,87.49],[624.7,87.56],[624.7,87.56],[624.73,87.58],[624.67,87.66],[624.67,87.69],[624.65,87.75],[624.67,87.77],[624.69,87.8],[624.73,87.84],[624.67,87.91],[624.64,87.94]]]}},{"type":"Feature","id":"35040-165","properties":{"ridingCode":"35040","pollNumber":"165","pollType":"N","advancePollNumber":"623","sourceCode":"165-0","geometryPollNumbers":["165"],"code":"35040-165","resultPollNumbers":["165"],"resultStatus":"exact","result":{"electors":429,"voters":184,"totalVotes":183,"rejected":1,"turnout":42.89044289044289,"winnerId":"shelby-kramp-neuman","winnerPartyId":"CPC","runnerUpId":"tracey-sweeney-schenk","runnerUpPartyId":"LIB","margin":26.775956284153008,"top":[{"id":"shelby-kramp-neuman","name":"Shelby Kramp-Neuman","shortName":"Kramp-Neuman","partyId":"CPC","votes":114,"share":62.295081967213115},{"id":"tracey-sweeney-schenk","name":"Tracey Sweeney Schenk","shortName":"Sweeney Schenk","partyId":"LIB","votes":65,"share":35.51912568306011},{"id":"ava-duffy","name":"Ava Duffy","shortName":"Duffy","partyId":"NDP","votes":3,"share":1.639344262295082},{"id":"zaid-yusufani","name":"Zaid Yusufani","shortName":"Yusufani","partyId":"PPC","votes":1,"share":0.546448087431694}],"partyVotes":{"LIB":65,"CPC":114,"BQ":0,"NDP":3,"GRN":0,"PPC":1,"OTH":0}}},"geometry":{"type":"Polygon","coordinates":[[[624.67,87.47],[624.73,87.42],[624.74,87.41],[624.76,87.41],[624.79,87.39],[624.8,87.38],[624.8,87.36],[624.8,87.33],[624.79,87.3],[624.84,87.28],[624.85,87.27],[624.93,87.23],[624.94,87.22],[624.94,87.26],[624.95,87.29],[624.95,87.32],[624.98,87.49],[624.99,87.5],[624.99,87.51],[625.25,87.69],[625.13,87.87],[624.92,87.72],[624.73,87.58],[624.7,87.56],[624.7,87.56],[624.61,87.49],[624.62,87.48],[624.64,87.47],[624.64,87.48],[624.67,87.47]]]}},{"type":"Feature","id":"35040-166","properties":{"ridingCode":"35040","pollNumber":"166","pollType":"N","advancePollNumber":"623","sourceCode":"166-0","geometryPollNumbers":["166"],"code":"35040-166","resultPollNumbers":["166"],"resultStatus":"exact","result":{"electors":326,"voters":166,"totalVotes":166,"rejected":0,"turnout":50.920245398773,"winnerId":"shelby-kramp-neuman","winnerPartyId":"CPC","runnerUpId":"tracey-sweeney-schenk","runnerUpPartyId":"LIB","margin":44.57831325301205,"top":[{"id":"shelby-kramp-neuman","name":"Shelby Kramp-Neuman","shortName":"Kramp-Neuman","partyId":"CPC","votes":117,"share":70.48192771084338},{"id":"tracey-sweeney-schenk","name":"Tracey Sweeney Schenk","shortName":"Sweeney Schenk","partyId":"LIB","votes":43,"share":25.903614457831324},{"id":"ava-duffy","name":"Ava Duffy","shortName":"Duffy","partyId":"NDP","votes":4,"share":2.4096385542168677},{"id":"michael-holbrook","name":"Michael Holbrook","shortName":"Holbrook","partyId":"GRN","votes":1,"share":0.6024096385542169}],"partyVotes":{"LIB":43,"CPC":117,"BQ":0,"NDP":4,"GRN":1,"PPC":1,"OTH":0}}},"geometry":{"type":"Polygon","coordinates":[[[625.49,87.42],[625.61,87.53],[625.61,87.54],[625.59,87.56],[625.59,87.57],[625.64,87.62],[625.6,87.68],[625.6,87.7],[625.57,87.74],[625.52,87.68],[625.39,87.59],[625.35,87.56],[625.31,87.52],[625.3,87.5],[625.3,87.5],[625.3,87.48],[625.27,87.38],[625.27,87.2],[625.29,87.22],[625.31,87.27],[625.32,87.28],[625.36,87.32],[625.49,87.42]]]}},{"type":"Feature","id":"35040-167","properties":{"ridingCode":"35040","pollNumber":"167","pollType":"N","advancePollNumber":"623","sourceCode":"167-0","geometryPollNumbers":["167"],"code":"35040-167","resultPollNumbers":["167"],"resultStatus":"exact","result":{"electors":496,"voters":224,"totalVotes":224,"rejected":0,"turnout":45.16129032258064,"winnerId":"shelby-kramp-neuman","winnerPartyId":"CPC","runnerUpId":"tracey-sweeney-schenk","runnerUpPartyId":"LIB","margin":31.69642857142857,"top":[{"id":"shelby-kramp-neuman","name":"Shelby Kramp-Neuman","shortName":"Kramp-Neuman","partyId":"CPC","votes":142,"share":63.39285714285714},{"id":"tracey-sweeney-schenk","name":"Tracey Sweeney Schenk","shortName":"Sweeney Schenk","partyId":"LIB","votes":71,"share":31.69642857142857},{"id":"ava-duffy","name":"Ava Duffy","shortName":"Duffy","partyId":"NDP","votes":8,"share":3.571428571428571},{"id":"zaid-yusufani","name":"Zaid Yusufani","shortName":"Yusufani","partyId":"PPC","votes":2,"share":0.8928571428571428}],"partyVotes":{"LIB":71,"CPC":142,"BQ":0,"NDP":8,"GRN":1,"PPC":2,"OTH":0}}},"geometry":{"type":"Polygon","coordinates":[[[625.04,87.36],[625.21,87.12],[625.3,87.02],[625.35,86.96],[625.35,86.96],[625.3,87.03],[625.29,87.05],[625.28,87.06],[625.28,87.08],[625.27,87.18],[625.27,87.2],[625.27,87.38],[625.3,87.48],[625.3,87.5],[625.3,87.5],[625.31,87.52],[625.35,87.56],[625.39,87.59],[625.52,87.68],[625.57,87.74],[625.37,87.75],[625.36,87.77],[625.37,87.78],[625.38,87.79],[625.38,87.85],[625.38,87.86],[625.38,87.88],[625.35,87.92],[625.34,87.92],[625.36,87.89],[625.37,87.87],[625.37,87.85],[625.37,87.83],[625.36,87.81],[625.33,87.76],[625.33,87.75],[625.33,87.75],[625.31,87.74],[625.28,87.71],[625.27,87.7],[625.26,87.69],[625.25,87.69],[624.99,87.51],[624.99,87.5],[624.98,87.49],[624.95,87.32],[624.95,87.29],[624.94,87.26],[624.94,87.22],[624.96,87.22],[624.96,87.25],[624.97,87.26],[624.98,87.28],[625,87.31],[625.02,87.32],[625.02,87.33],[625.04,87.36]]]}},{"type":"Feature","id":"35040-168","properties":{"ridingCode":"35040","pollNumber":"168","pollType":"N","advancePollNumber":"622","sourceCode":"168-0","geometryPollNumbers":["168"],"code":"35040-168","resultPollNumbers":["168"],"resultStatus":"exact","result":{"electors":473,"voters":184,"totalVotes":183,"rejected":1,"turnout":38.90063424947146,"winnerId":"shelby-kramp-neuman","winnerPartyId":"CPC","runnerUpId":"tracey-sweeney-schenk","runnerUpPartyId":"LIB","margin":21.311475409836063,"top":[{"id":"shelby-kramp-neuman","name":"Shelby Kramp-Neuman","shortName":"Kramp-Neuman","partyId":"CPC","votes":106,"share":57.92349726775956},{"id":"tracey-sweeney-schenk","name":"Tracey Sweeney Schenk","shortName":"Sweeney Schenk","partyId":"LIB","votes":67,"share":36.6120218579235},{"id":"ava-duffy","name":"Ava Duffy","shortName":"Duffy","partyId":"NDP","votes":7,"share":3.825136612021858},{"id":"michael-holbrook","name":"Michael Holbrook","shortName":"Holbrook","partyId":"GRN","votes":2,"share":1.092896174863388}],"partyVotes":{"LIB":67,"CPC":106,"BQ":0,"NDP":7,"GRN":2,"PPC":1,"OTH":0}}},"geometry":{"type":"Polygon","coordinates":[[[624.63,87.37],[624.79,87.16],[624.8,87.15],[624.81,87.13],[624.87,87.05],[624.89,87.07],[624.84,87.14],[624.93,87.21],[624.94,87.22],[624.93,87.23],[624.85,87.27],[624.84,87.28],[624.79,87.3],[624.8,87.33],[624.8,87.36],[624.8,87.38],[624.79,87.39],[624.76,87.41],[624.74,87.41],[624.73,87.42],[624.67,87.47],[624.64,87.48],[624.64,87.47],[624.62,87.48],[624.61,87.49],[624.58,87.5],[624.56,87.49],[624.55,87.49],[624.54,87.5],[624.54,87.5],[624.61,87.39],[624.63,87.37]]]}},{"type":"Feature","id":"35040-169","properties":{"ridingCode":"35040","pollNumber":"169","pollType":"N","advancePollNumber":"623","sourceCode":"169-0","geometryPollNumbers":["169"],"code":"35040-169","resultPollNumbers":["169"],"resultStatus":"exact","result":{"electors":372,"voters":168,"totalVotes":166,"rejected":2,"turnout":45.16129032258064,"winnerId":"shelby-kramp-neuman","winnerPartyId":"CPC","runnerUpId":"tracey-sweeney-schenk","runnerUpPartyId":"LIB","margin":36.144578313253014,"top":[{"id":"shelby-kramp-neuman","name":"Shelby Kramp-Neuman","shortName":"Kramp-Neuman","partyId":"CPC","votes":107,"share":64.45783132530121},{"id":"tracey-sweeney-schenk","name":"Tracey Sweeney Schenk","shortName":"Sweeney Schenk","partyId":"LIB","votes":47,"share":28.313253012048197},{"id":"michael-holbrook","name":"Michael Holbrook","shortName":"Holbrook","partyId":"GRN","votes":6,"share":3.614457831325301},{"id":"ava-duffy","name":"Ava Duffy","shortName":"Duffy","partyId":"NDP","votes":5,"share":3.0120481927710845}],"partyVotes":{"LIB":47,"CPC":107,"BQ":0,"NDP":5,"GRN":6,"PPC":1,"OTH":0}}},"geometry":{"type":"Polygon","coordinates":[[[625.41,87.07],[625.47,86.99],[625.5,87.02],[625.6,87.1],[625.62,87.11],[625.65,87.11],[625.61,87.16],[625.6,87.18],[625.59,87.2],[625.61,87.23],[625.64,87.28],[625.66,87.32],[625.67,87.34],[625.73,87.39],[625.78,87.44],[625.73,87.51],[625.71,87.53],[625.64,87.62],[625.59,87.57],[625.59,87.56],[625.61,87.54],[625.61,87.53],[625.49,87.42],[625.36,87.32],[625.32,87.28],[625.31,87.27],[625.29,87.22],[625.27,87.2],[625.27,87.18],[625.28,87.18],[625.29,87.18],[625.38,87.05],[625.41,87.07]]]}},{"type":"Feature","id":"35040-170","properties":{"ridingCode":"35040","pollNumber":"170","pollType":"N","advancePollNumber":"622","sourceCode":"170-0","geometryPollNumbers":["170"],"code":"35040-170","resultPollNumbers":["170"],"resultStatus":"exact","result":{"electors":410,"voters":183,"totalVotes":182,"rejected":1,"turnout":44.63414634146341,"winnerId":"shelby-kramp-neuman","winnerPartyId":"CPC","runnerUpId":"tracey-sweeney-schenk","runnerUpPartyId":"LIB","margin":14.285714285714285,"top":[{"id":"shelby-kramp-neuman","name":"Shelby Kramp-Neuman","shortName":"Kramp-Neuman","partyId":"CPC","votes":99,"share":54.395604395604394},{"id":"tracey-sweeney-schenk","name":"Tracey Sweeney Schenk","shortName":"Sweeney Schenk","partyId":"LIB","votes":73,"share":40.10989010989011},{"id":"ava-duffy","name":"Ava Duffy","shortName":"Duffy","partyId":"NDP","votes":7,"share":3.8461538461538463},{"id":"michael-holbrook","name":"Michael Holbrook","shortName":"Holbrook","partyId":"GRN","votes":3,"share":1.6483516483516485}],"partyVotes":{"LIB":73,"CPC":99,"BQ":0,"NDP":7,"GRN":3,"PPC":0,"OTH":0}}},"geometry":{"type":"Polygon","coordinates":[[[625.04,87.03],[625.06,87.01],[625.07,87.01],[625.19,87],[625.24,86.98],[625.25,86.97],[625.27,86.95],[625.28,86.95],[625.33,86.92],[625.35,86.96],[625.3,87.02],[625.21,87.12],[625.04,87.36],[625.02,87.33],[625.02,87.32],[625,87.31],[624.98,87.28],[624.97,87.26],[624.96,87.25],[624.96,87.22],[624.95,87.17],[624.95,87.17],[624.95,87.15],[624.95,87.14],[624.94,87.13],[625,87.05],[625.02,87.05],[625.04,87.03]]]}},{"type":"Feature","id":"35040-171","properties":{"ridingCode":"35040","pollNumber":"171","pollType":"N","advancePollNumber":"622","sourceCode":"171-0","geometryPollNumbers":["171"],"code":"35040-171","resultPollNumbers":["171"],"resultStatus":"exact","result":{"electors":490,"voters":200,"totalVotes":200,"rejected":0,"turnout":40.816326530612244,"winnerId":"shelby-kramp-neuman","winnerPartyId":"CPC","runnerUpId":"tracey-sweeney-schenk","runnerUpPartyId":"LIB","margin":25.5,"top":[{"id":"shelby-kramp-neuman","name":"Shelby Kramp-Neuman","shortName":"Kramp-Neuman","partyId":"CPC","votes":117,"share":58.5},{"id":"tracey-sweeney-schenk","name":"Tracey Sweeney Schenk","shortName":"Sweeney Schenk","partyId":"LIB","votes":66,"share":33},{"id":"ava-duffy","name":"Ava Duffy","shortName":"Duffy","partyId":"NDP","votes":8,"share":4},{"id":"michael-holbrook","name":"Michael Holbrook","shortName":"Holbrook","partyId":"GRN","votes":5,"share":2.5}],"partyVotes":{"LIB":66,"CPC":117,"BQ":0,"NDP":8,"GRN":5,"PPC":4,"OTH":0}}},"geometry":{"type":"Polygon","coordinates":[[[624.89,87.07],[624.87,87.05],[624.91,86.99],[625.03,86.82],[625.06,86.78],[625.14,86.84],[625.12,86.86],[625.05,86.95],[625.03,86.97],[625,87],[625.04,87.03],[625.02,87.05],[625,87.05],[624.94,87.13],[624.95,87.14],[624.95,87.15],[624.95,87.17],[624.95,87.17],[624.96,87.22],[624.94,87.22],[624.93,87.21],[624.84,87.14],[624.89,87.07]]]}},{"type":"Feature","id":"35040-172","properties":{"ridingCode":"35040","pollNumber":"172","pollType":"N","advancePollNumber":"620","sourceCode":"172-0","geometryPollNumbers":["172"],"code":"35040-172","resultPollNumbers":["172"],"resultStatus":"exact","result":{"electors":461,"voters":187,"totalVotes":186,"rejected":1,"turnout":40.563991323210416,"winnerId":"shelby-kramp-neuman","winnerPartyId":"CPC","runnerUpId":"tracey-sweeney-schenk","runnerUpPartyId":"LIB","margin":31.72043010752688,"top":[{"id":"shelby-kramp-neuman","name":"Shelby Kramp-Neuman","shortName":"Kramp-Neuman","partyId":"CPC","votes":117,"share":62.903225806451616},{"id":"tracey-sweeney-schenk","name":"Tracey Sweeney Schenk","shortName":"Sweeney Schenk","partyId":"LIB","votes":58,"share":31.182795698924732},{"id":"ava-duffy","name":"Ava Duffy","shortName":"Duffy","partyId":"NDP","votes":4,"share":2.1505376344086025},{"id":"michael-holbrook","name":"Michael Holbrook","shortName":"Holbrook","partyId":"GRN","votes":4,"share":2.1505376344086025}],"partyVotes":{"LIB":58,"CPC":117,"BQ":0,"NDP":4,"GRN":4,"PPC":3,"OTH":0}}},"geometry":{"type":"Polygon","coordinates":[[[623.88,87.4],[623.88,87.39],[623.88,87.39],[623.87,87.39],[623.87,87.39],[623.88,87.38],[623.9,87.4],[623.91,87.4],[623.92,87.4],[623.92,87.41],[624.11,87.54],[624.36,87.72],[624.37,87.73],[624.37,87.73],[624.36,87.74],[624.13,88.06],[624.13,88.05],[624.05,87.99],[623.85,87.86],[623.93,87.75],[623.93,87.74],[623.98,87.67],[623.98,87.64],[623.96,87.62],[623.86,87.54],[623.9,87.48],[623.89,87.44],[623.89,87.44],[623.89,87.43],[623.89,87.42],[623.88,87.42],[623.88,87.41],[623.88,87.4],[623.88,87.4]]]}},{"type":"Feature","id":"35040-173","properties":{"ridingCode":"35040","pollNumber":"173","pollType":"N","advancePollNumber":"620","sourceCode":"173-0","geometryPollNumbers":["173"],"code":"35040-173","resultPollNumbers":["173"],"resultStatus":"exact","result":{"electors":365,"voters":122,"totalVotes":121,"rejected":1,"turnout":33.42465753424658,"winnerId":"shelby-kramp-neuman","winnerPartyId":"CPC","runnerUpId":"tracey-sweeney-schenk","runnerUpPartyId":"LIB","margin":8.264462809917356,"top":[{"id":"shelby-kramp-neuman","name":"Shelby Kramp-Neuman","shortName":"Kramp-Neuman","partyId":"CPC","votes":62,"share":51.2396694214876},{"id":"tracey-sweeney-schenk","name":"Tracey Sweeney Schenk","shortName":"Sweeney Schenk","partyId":"LIB","votes":52,"share":42.97520661157025},{"id":"ava-duffy","name":"Ava Duffy","shortName":"Duffy","partyId":"NDP","votes":5,"share":4.132231404958678},{"id":"michael-holbrook","name":"Michael Holbrook","shortName":"Holbrook","partyId":"GRN","votes":1,"share":0.8264462809917356}],"partyVotes":{"LIB":52,"CPC":62,"BQ":0,"NDP":5,"GRN":1,"PPC":1,"OTH":0}}},"geometry":{"type":"Polygon","coordinates":[[[623.83,87.44],[623.87,87.39],[623.88,87.39],[623.88,87.39],[623.88,87.4],[623.88,87.4],[623.88,87.41],[623.88,87.42],[623.89,87.42],[623.89,87.43],[623.89,87.44],[623.89,87.44],[623.89,87.45],[623.88,87.47],[623.88,87.46],[623.88,87.47],[623.86,87.45],[623.86,87.44],[623.85,87.44],[623.83,87.44]]]}},{"type":"Feature","id":"35040-174","properties":{"ridingCode":"35040","pollNumber":"174","pollType":"N","advancePollNumber":"620","sourceCode":"174-0","geometryPollNumbers":["174"],"code":"35040-174","resultPollNumbers":["174"],"resultStatus":"exact","result":{"electors":450,"voters":178,"totalVotes":178,"rejected":0,"turnout":39.55555555555556,"winnerId":"shelby-kramp-neuman","winnerPartyId":"CPC","runnerUpId":"tracey-sweeney-schenk","runnerUpPartyId":"LIB","margin":50,"top":[{"id":"shelby-kramp-neuman","name":"Shelby Kramp-Neuman","shortName":"Kramp-Neuman","partyId":"CPC","votes":129,"share":72.47191011235955},{"id":"tracey-sweeney-schenk","name":"Tracey Sweeney Schenk","shortName":"Sweeney Schenk","partyId":"LIB","votes":40,"share":22.47191011235955},{"id":"ava-duffy","name":"Ava Duffy","shortName":"Duffy","partyId":"NDP","votes":4,"share":2.247191011235955},{"id":"zaid-yusufani","name":"Zaid Yusufani","shortName":"Yusufani","partyId":"PPC","votes":3,"share":1.6853932584269662}],"partyVotes":{"LIB":40,"CPC":129,"BQ":0,"NDP":4,"GRN":2,"PPC":3,"OTH":0}}},"geometry":{"type":"Polygon","coordinates":[[[622.99,87.25],[623.23,86.92],[623.75,87.28],[623.75,87.29],[623.71,87.34],[623.75,87.37],[623.73,87.37],[623.76,87.38],[623.76,87.38],[623.83,87.44],[623.85,87.44],[623.86,87.44],[623.86,87.45],[623.88,87.47],[623.88,87.46],[623.88,87.47],[623.89,87.45],[623.89,87.44],[623.9,87.48],[623.86,87.54],[623.96,87.62],[623.98,87.64],[623.98,87.67],[623.93,87.74],[623.93,87.75],[623.85,87.86],[623.57,87.66],[623.51,87.62],[623.5,87.61],[623.5,87.61],[623.46,87.58],[623.05,87.29],[623.04,87.28],[623.02,87.27],[623.02,87.26],[622.99,87.25]],[[623.86,87.44],[623.86,87.44],[623.86,87.44],[623.85,87.44],[623.86,87.44]]]}},{"type":"Feature","id":"35040-175","properties":{"ridingCode":"35040","pollNumber":"175","pollType":"N","advancePollNumber":"616","sourceCode":"175-0","geometryPollNumbers":["175"],"code":"35040-175","resultPollNumbers":["175"],"resultStatus":"exact","result":{"electors":328,"voters":152,"totalVotes":152,"rejected":0,"turnout":46.34146341463415,"winnerId":"tracey-sweeney-schenk","winnerPartyId":"LIB","runnerUpId":"shelby-kramp-neuman","runnerUpPartyId":"CPC","margin":48.026315789473685,"top":[{"id":"tracey-sweeney-schenk","name":"Tracey Sweeney Schenk","shortName":"Sweeney Schenk","partyId":"LIB","votes":112,"share":73.68421052631578},{"id":"shelby-kramp-neuman","name":"Shelby Kramp-Neuman","shortName":"Kramp-Neuman","partyId":"CPC","votes":39,"share":25.657894736842106},{"id":"ava-duffy","name":"Ava Duffy","shortName":"Duffy","partyId":"NDP","votes":1,"share":0.6578947368421052},{"id":"michael-holbrook","name":"Michael Holbrook","shortName":"Holbrook","partyId":"GRN","votes":0,"share":0}],"partyVotes":{"LIB":112,"CPC":39,"BQ":0,"NDP":1,"GRN":0,"PPC":0,"OTH":0}}},"geometry":{"type":"Polygon","coordinates":[[[629.85,87.96],[629.83,87.99],[629.82,88.01],[629.82,87.99],[629.78,87.96],[629.81,87.93],[629.85,87.96]]]}},{"type":"Feature","id":"35040-176","properties":{"ridingCode":"35040","pollNumber":"176","pollType":"N","advancePollNumber":"615","sourceCode":"176-0","geometryPollNumbers":["176"],"code":"35040-176","resultPollNumbers":["176"],"resultStatus":"exact","result":{"electors":480,"voters":217,"totalVotes":216,"rejected":1,"turnout":45.208333333333336,"winnerId":"tracey-sweeney-schenk","winnerPartyId":"LIB","runnerUpId":"shelby-kramp-neuman","runnerUpPartyId":"CPC","margin":8.333333333333332,"top":[{"id":"tracey-sweeney-schenk","name":"Tracey Sweeney Schenk","shortName":"Sweeney Schenk","partyId":"LIB","votes":110,"share":50.92592592592593},{"id":"shelby-kramp-neuman","name":"Shelby Kramp-Neuman","shortName":"Kramp-Neuman","partyId":"CPC","votes":92,"share":42.592592592592595},{"id":"ava-duffy","name":"Ava Duffy","shortName":"Duffy","partyId":"NDP","votes":13,"share":6.018518518518518},{"id":"michael-holbrook","name":"Michael Holbrook","shortName":"Holbrook","partyId":"GRN","votes":1,"share":0.4629629629629629}],"partyVotes":{"LIB":110,"CPC":92,"BQ":0,"NDP":13,"GRN":1,"PPC":0,"OTH":0}}},"geometry":{"type":"Polygon","coordinates":[[[629.82,87.92],[629.84,87.9],[629.85,87.9],[629.85,87.88],[629.86,87.87],[629.89,87.92],[629.91,87.95],[629.89,87.96],[629.84,88.02],[629.82,88.01],[629.83,87.99],[629.85,87.96],[629.81,87.93],[629.82,87.92]]]}},{"type":"Feature","id":"35040-177","properties":{"ridingCode":"35040","pollNumber":"177","pollType":"N","advancePollNumber":"616","sourceCode":"177-0","geometryPollNumbers":["177"],"code":"35040-177","resultPollNumbers":["177"],"resultStatus":"exact","result":{"electors":380,"voters":180,"totalVotes":178,"rejected":2,"turnout":47.368421052631575,"winnerId":"tracey-sweeney-schenk","winnerPartyId":"LIB","runnerUpId":"shelby-kramp-neuman","runnerUpPartyId":"CPC","margin":36.51685393258427,"top":[{"id":"tracey-sweeney-schenk","name":"Tracey Sweeney Schenk","shortName":"Sweeney Schenk","partyId":"LIB","votes":119,"share":66.85393258426966},{"id":"shelby-kramp-neuman","name":"Shelby Kramp-Neuman","shortName":"Kramp-Neuman","partyId":"CPC","votes":54,"share":30.337078651685395},{"id":"ava-duffy","name":"Ava Duffy","shortName":"Duffy","partyId":"NDP","votes":3,"share":1.6853932584269662},{"id":"zaid-yusufani","name":"Zaid Yusufani","shortName":"Yusufani","partyId":"PPC","votes":2,"share":1.1235955056179776}],"partyVotes":{"LIB":119,"CPC":54,"BQ":0,"NDP":3,"GRN":0,"PPC":2,"OTH":0}}},"geometry":{"type":"Polygon","coordinates":[[[629.67,87.64],[629.78,87.52],[629.8,87.55],[629.87,87.63],[629.79,87.71],[629.78,87.71],[629.77,87.72],[629.81,87.76],[629.82,87.81],[629.84,87.82],[629.83,87.84],[629.84,87.87],[629.86,87.87],[629.85,87.88],[629.85,87.9],[629.84,87.9],[629.82,87.92],[629.81,87.93],[629.78,87.96],[629.82,87.99],[629.82,88.01],[629.84,88.02],[629.77,88.1],[629.73,88.13],[629.73,88.11],[629.71,88.09],[629.69,88.09],[629.69,88.07],[629.67,88.03],[629.61,87.96],[629.49,87.84],[629.67,87.64]]]}},{"type":"Feature","id":"35040-178","properties":{"ridingCode":"35040","pollNumber":"178","pollType":"N","advancePollNumber":"624","sourceCode":"178-0","geometryPollNumbers":["178"],"code":"35040-178","resultPollNumbers":["178"],"resultStatus":"exact","result":{"electors":432,"voters":176,"totalVotes":175,"rejected":1,"turnout":40.74074074074074,"winnerId":"shelby-kramp-neuman","winnerPartyId":"CPC","runnerUpId":"tracey-sweeney-schenk","runnerUpPartyId":"LIB","margin":28.000000000000004,"top":[{"id":"shelby-kramp-neuman","name":"Shelby Kramp-Neuman","shortName":"Kramp-Neuman","partyId":"CPC","votes":107,"share":61.142857142857146},{"id":"tracey-sweeney-schenk","name":"Tracey Sweeney Schenk","shortName":"Sweeney Schenk","partyId":"LIB","votes":58,"share":33.14285714285714},{"id":"ava-duffy","name":"Ava Duffy","shortName":"Duffy","partyId":"NDP","votes":7,"share":4},{"id":"michael-holbrook","name":"Michael Holbrook","shortName":"Holbrook","partyId":"GRN","votes":2,"share":1.1428571428571428}],"partyVotes":{"LIB":58,"CPC":107,"BQ":0,"NDP":7,"GRN":2,"PPC":1,"OTH":0}}},"geometry":{"type":"Polygon","coordinates":[[[625.77,87.74],[626.02,87.39],[626.04,87.41],[626.06,87.45],[626.18,87.51],[626.3,87.35],[626.48,87.44],[626.35,87.61],[626.24,87.76],[626.42,87.86],[626.35,87.94],[626.35,87.96],[626.3,88.02],[626.12,87.93],[625.95,87.84],[625.77,87.74]]]}},{"type":"Feature","id":"35040-179","properties":{"ridingCode":"35040","pollNumber":"179","pollType":"N","advancePollNumber":"619","sourceCode":"179-0","geometryPollNumbers":["179"],"code":"35040-179","resultPollNumbers":["179"],"resultStatus":"exact","result":{"electors":433,"voters":131,"totalVotes":131,"rejected":0,"turnout":30.2540415704388,"winnerId":"shelby-kramp-neuman","winnerPartyId":"CPC","runnerUpId":"tracey-sweeney-schenk","runnerUpPartyId":"LIB","margin":35.11450381679389,"top":[{"id":"shelby-kramp-neuman","name":"Shelby Kramp-Neuman","shortName":"Kramp-Neuman","partyId":"CPC","votes":84,"share":64.12213740458014},{"id":"tracey-sweeney-schenk","name":"Tracey Sweeney Schenk","shortName":"Sweeney Schenk","partyId":"LIB","votes":38,"share":29.00763358778626},{"id":"ava-duffy","name":"Ava Duffy","shortName":"Duffy","partyId":"NDP","votes":5,"share":3.816793893129771},{"id":"zaid-yusufani","name":"Zaid Yusufani","shortName":"Yusufani","partyId":"PPC","votes":3,"share":2.2900763358778624}],"partyVotes":{"LIB":38,"CPC":84,"BQ":0,"NDP":5,"GRN":1,"PPC":3,"OTH":0}}},"geometry":{"type":"Polygon","coordinates":[[[626.53,87.36],[626.6,87.28],[626.62,87.28],[626.65,87.23],[626.67,87.23],[626.68,87.22],[627.08,87.43],[627.27,87.53],[627.23,87.59],[627.26,87.61],[627.24,87.63],[627.28,87.65],[627.29,87.62],[627.32,87.64],[627.35,87.61],[627.35,87.61],[627.37,87.58],[627.45,87.62],[627.54,87.67],[627.58,87.7],[627.63,87.72],[627.76,87.54],[627.85,87.6],[627.78,87.68],[627.66,87.84],[627.54,88],[627.5,88.01],[627.37,87.95],[627.36,87.91],[627.32,87.92],[627.2,87.86],[627.19,87.82],[627.14,87.83],[626.91,87.69],[626.9,87.67],[626.88,87.66],[626.93,87.59],[626.96,87.59],[626.53,87.36]]]}},{"type":"Feature","id":"35040-180","properties":{"ridingCode":"35040","pollNumber":"180","pollType":"N","advancePollNumber":"623","sourceCode":"180-0","geometryPollNumbers":["180"],"code":"35040-180","resultPollNumbers":["180"],"resultStatus":"exact","result":{"electors":390,"voters":77,"totalVotes":75,"rejected":2,"turnout":19.743589743589745,"winnerId":"shelby-kramp-neuman","winnerPartyId":"CPC","runnerUpId":"tracey-sweeney-schenk","runnerUpPartyId":"LIB","margin":42.66666666666667,"top":[{"id":"shelby-kramp-neuman","name":"Shelby Kramp-Neuman","shortName":"Kramp-Neuman","partyId":"CPC","votes":49,"share":65.33333333333333},{"id":"tracey-sweeney-schenk","name":"Tracey Sweeney Schenk","shortName":"Sweeney Schenk","partyId":"LIB","votes":17,"share":22.666666666666664},{"id":"ava-duffy","name":"Ava Duffy","shortName":"Duffy","partyId":"NDP","votes":7,"share":9.333333333333334},{"id":"michael-holbrook","name":"Michael Holbrook","shortName":"Holbrook","partyId":"GRN","votes":2,"share":2.666666666666667}],"partyVotes":{"LIB":17,"CPC":49,"BQ":0,"NDP":7,"GRN":2,"PPC":0,"OTH":0}}},"geometry":{"type":"Polygon","coordinates":[[[625.65,87.11],[625.62,87.11],[625.6,87.1],[625.5,87.02],[625.47,86.99],[625.45,86.96],[625.39,86.9],[625.39,86.89],[625.47,86.79],[625.52,86.84],[625.55,86.87],[625.99,87.18],[626.01,87.19],[626.03,87.2],[626.06,87.2],[626.09,87.2],[626.17,87.19],[626.15,87.22],[626.02,87.39],[625.77,87.74],[625.73,87.72],[625.64,87.62],[625.71,87.53],[625.73,87.51],[625.78,87.44],[625.73,87.39],[625.67,87.34],[625.66,87.32],[625.64,87.28],[625.61,87.23],[625.59,87.2],[625.6,87.18],[625.61,87.16],[625.65,87.11]]]}},{"type":"Feature","id":"35040-181","properties":{"ridingCode":"35040","pollNumber":"181","pollType":"N","advancePollNumber":"624","sourceCode":"181-0","geometryPollNumbers":["181"],"code":"35040-181","resultPollNumbers":["181"],"resultStatus":"exact","result":{"electors":554,"voters":181,"totalVotes":179,"rejected":2,"turnout":32.67148014440433,"winnerId":"shelby-kramp-neuman","winnerPartyId":"CPC","runnerUpId":"tracey-sweeney-schenk","runnerUpPartyId":"LIB","margin":25.139664804469277,"top":[{"id":"shelby-kramp-neuman","name":"Shelby Kramp-Neuman","shortName":"Kramp-Neuman","partyId":"CPC","votes":107,"share":59.77653631284916},{"id":"tracey-sweeney-schenk","name":"Tracey Sweeney Schenk","shortName":"Sweeney Schenk","partyId":"LIB","votes":62,"share":34.63687150837989},{"id":"ava-duffy","name":"Ava Duffy","shortName":"Duffy","partyId":"NDP","votes":8,"share":4.4692737430167595},{"id":"michael-holbrook","name":"Michael Holbrook","shortName":"Holbrook","partyId":"GRN","votes":1,"share":0.5586592178770949}],"partyVotes":{"LIB":62,"CPC":107,"BQ":0,"NDP":8,"GRN":1,"PPC":1,"OTH":0}}},"geometry":{"type":"Polygon","coordinates":[[[626.02,87.39],[626.15,87.22],[626.17,87.19],[626.17,87.19],[626.24,87.09],[626.3,87.01],[626.31,87],[626.33,87.03],[626.41,87.07],[626.44,87.03],[626.4,87],[626.46,86.93],[626.49,86.96],[626.5,86.94],[626.52,86.97],[626.5,87.01],[626.56,87.04],[626.57,87.05],[626.56,87.07],[626.55,87.06],[626.55,87.06],[626.55,87.06],[626.54,87.06],[626.52,87.04],[626.48,87.11],[626.42,87.19],[626.6,87.28],[626.53,87.36],[626.48,87.44],[626.3,87.35],[626.18,87.51],[626.06,87.45],[626.04,87.41],[626.02,87.39]]]}},{"type":"Feature","id":"35040-182","properties":{"ridingCode":"35040","pollNumber":"182","pollType":"N","advancePollNumber":"624","sourceCode":"182-0","geometryPollNumbers":["182"],"code":"35040-182","resultPollNumbers":["182"],"resultStatus":"exact","result":{"electors":147,"voters":59,"totalVotes":59,"rejected":0,"turnout":40.136054421768705,"winnerId":"shelby-kramp-neuman","winnerPartyId":"CPC","runnerUpId":"tracey-sweeney-schenk","runnerUpPartyId":"LIB","margin":32.20338983050847,"top":[{"id":"shelby-kramp-neuman","name":"Shelby Kramp-Neuman","shortName":"Kramp-Neuman","partyId":"CPC","votes":37,"share":62.71186440677966},{"id":"tracey-sweeney-schenk","name":"Tracey Sweeney Schenk","shortName":"Sweeney Schenk","partyId":"LIB","votes":18,"share":30.508474576271187},{"id":"ava-duffy","name":"Ava Duffy","shortName":"Duffy","partyId":"NDP","votes":2,"share":3.389830508474576},{"id":"michael-holbrook","name":"Michael Holbrook","shortName":"Holbrook","partyId":"GRN","votes":2,"share":3.389830508474576}],"partyVotes":{"LIB":18,"CPC":37,"BQ":0,"NDP":2,"GRN":2,"PPC":0,"OTH":0}}},"geometry":{"type":"Polygon","coordinates":[[[626.42,87.19],[626.48,87.11],[626.55,87.15],[626.59,87.16],[626.68,87.22],[626.67,87.23],[626.65,87.23],[626.62,87.28],[626.6,87.28],[626.42,87.19]]]}},{"type":"Feature","id":"35040-183","properties":{"ridingCode":"35040","pollNumber":"183","pollType":"N","advancePollNumber":"628","sourceCode":"183-0","geometryPollNumbers":["183"],"code":"35040-183","resultPollNumbers":["183"],"resultStatus":"exact","result":{"electors":454,"voters":149,"totalVotes":147,"rejected":2,"turnout":32.819383259911895,"winnerId":"shelby-kramp-neuman","winnerPartyId":"CPC","runnerUpId":"tracey-sweeney-schenk","runnerUpPartyId":"LIB","margin":30.612244897959183,"top":[{"id":"shelby-kramp-neuman","name":"Shelby Kramp-Neuman","shortName":"Kramp-Neuman","partyId":"CPC","votes":90,"share":61.224489795918366},{"id":"tracey-sweeney-schenk","name":"Tracey Sweeney Schenk","shortName":"Sweeney Schenk","partyId":"LIB","votes":45,"share":30.612244897959183},{"id":"ava-duffy","name":"Ava Duffy","shortName":"Duffy","partyId":"NDP","votes":5,"share":3.4013605442176873},{"id":"michael-holbrook","name":"Michael Holbrook","shortName":"Holbrook","partyId":"GRN","votes":4,"share":2.7210884353741496}],"partyVotes":{"LIB":45,"CPC":90,"BQ":0,"NDP":5,"GRN":4,"PPC":3,"OTH":0}}},"geometry":{"type":"Polygon","coordinates":[[[628.54,88.14],[628.61,88.1],[628.62,88.09],[628.63,88.1],[628.67,88.12],[628.68,88.12],[628.69,88.12],[628.69,88.12],[628.74,88.09],[628.75,88.08],[628.78,88.11],[628.79,88.13],[628.79,88.13],[628.92,88.31],[628.92,88.32],[628.93,88.32],[628.99,88.39],[628.83,88.54],[628.74,88.42],[628.64,88.29],[628.58,88.2],[628.54,88.14]]]}},{"type":"Feature","id":"35040-184","properties":{"ridingCode":"35040","pollNumber":"184","pollType":"N","advancePollNumber":"628","sourceCode":"184-0","geometryPollNumbers":["184"],"code":"35040-184","resultPollNumbers":["184"],"resultStatus":"exact","result":{"electors":412,"voters":122,"totalVotes":121,"rejected":1,"turnout":29.61165048543689,"winnerId":"shelby-kramp-neuman","winnerPartyId":"CPC","runnerUpId":"tracey-sweeney-schenk","runnerUpPartyId":"LIB","margin":44.62809917355372,"top":[{"id":"shelby-kramp-neuman","name":"Shelby Kramp-Neuman","shortName":"Kramp-Neuman","partyId":"CPC","votes":87,"share":71.900826446281},{"id":"tracey-sweeney-schenk","name":"Tracey Sweeney Schenk","shortName":"Sweeney Schenk","partyId":"LIB","votes":33,"share":27.27272727272727},{"id":"ava-duffy","name":"Ava Duffy","shortName":"Duffy","partyId":"NDP","votes":1,"share":0.8264462809917356},{"id":"michael-holbrook","name":"Michael Holbrook","shortName":"Holbrook","partyId":"GRN","votes":0,"share":0}],"partyVotes":{"LIB":33,"CPC":87,"BQ":0,"NDP":1,"GRN":0,"PPC":0,"OTH":0}}},"geometry":{"type":"Polygon","coordinates":[[[628.73,87.8],[628.79,87.75],[628.78,87.75],[628.78,87.73],[628.8,87.72],[628.81,87.72],[628.84,87.69],[628.84,87.69],[628.87,87.69],[628.9,87.7],[628.91,87.71],[629.01,87.74],[629.03,87.78],[629.07,87.83],[629.04,87.85],[629.04,87.85],[629.07,87.85],[629.09,87.84],[629.19,87.95],[629.32,88.02],[629.17,88.19],[629.04,88.33],[628.99,88.39],[628.93,88.32],[628.92,88.32],[628.92,88.31],[628.79,88.13],[628.79,88.13],[628.78,88.11],[628.75,88.08],[628.73,88.05],[628.73,88.03],[628.71,88.01],[628.7,87.98],[628.69,87.94],[628.69,87.92],[628.69,87.89],[628.7,87.88],[628.69,87.83],[628.73,87.8]]]}},{"type":"Feature","id":"35040-185","properties":{"ridingCode":"35040","pollNumber":"185","pollType":"N","advancePollNumber":"628","sourceCode":"185-0","geometryPollNumbers":["185"],"code":"35040-185","resultPollNumbers":["185"],"resultStatus":"exact","result":{"electors":254,"voters":80,"totalVotes":79,"rejected":1,"turnout":31.496062992125985,"winnerId":"tracey-sweeney-schenk","winnerPartyId":"LIB","runnerUpId":"shelby-kramp-neuman","runnerUpPartyId":"CPC","margin":8.860759493670885,"top":[{"id":"tracey-sweeney-schenk","name":"Tracey Sweeney Schenk","shortName":"Sweeney Schenk","partyId":"LIB","votes":42,"share":53.16455696202531},{"id":"shelby-kramp-neuman","name":"Shelby Kramp-Neuman","shortName":"Kramp-Neuman","partyId":"CPC","votes":35,"share":44.303797468354425},{"id":"ava-duffy","name":"Ava Duffy","shortName":"Duffy","partyId":"NDP","votes":1,"share":1.2658227848101267},{"id":"michael-holbrook","name":"Michael Holbrook","shortName":"Holbrook","partyId":"GRN","votes":1,"share":1.2658227848101267}],"partyVotes":{"LIB":42,"CPC":35,"BQ":0,"NDP":1,"GRN":1,"PPC":0,"OTH":0}}},"geometry":{"type":"Polygon","coordinates":[[[628.28,87.51],[628.41,87.4],[628.41,87.4],[628.4,87.38],[628.4,87.37],[628.57,87.27],[628.56,87.25],[628.53,87.21],[628.51,87.16],[628.52,87.16],[628.53,87.16],[628.59,87.15],[628.65,87.2],[628.7,87.25],[628.73,87.29],[628.73,87.32],[628.74,87.45],[628.74,87.49],[628.75,87.51],[628.77,87.53],[628.78,87.56],[628.81,87.59],[628.83,87.63],[628.83,87.65],[628.82,87.67],[628.82,87.67],[628.83,87.67],[628.84,87.69],[628.84,87.69],[628.81,87.72],[628.8,87.72],[628.78,87.73],[628.78,87.75],[628.79,87.75],[628.73,87.8],[628.69,87.75],[628.68,87.74],[628.68,87.74],[628.64,87.72],[628.61,87.72],[628.58,87.7],[628.55,87.68],[628.53,87.67],[628.51,87.67],[628.48,87.63],[628.45,87.62],[628.44,87.61],[628.43,87.6],[628.4,87.6],[628.36,87.58],[628.36,87.57],[628.3,87.53],[628.28,87.51]]]}},{"type":"Feature","id":"35040-186","properties":{"ridingCode":"35040","pollNumber":"186","pollType":"N","advancePollNumber":"628","sourceCode":"186-0","geometryPollNumbers":["186"],"code":"35040-186","resultPollNumbers":["186"],"resultStatus":"exact","result":{"electors":266,"voters":73,"totalVotes":73,"rejected":0,"turnout":27.44360902255639,"winnerId":"shelby-kramp-neuman","winnerPartyId":"CPC","runnerUpId":"tracey-sweeney-schenk","runnerUpPartyId":"LIB","margin":21.91780821917808,"top":[{"id":"shelby-kramp-neuman","name":"Shelby Kramp-Neuman","shortName":"Kramp-Neuman","partyId":"CPC","votes":42,"share":57.534246575342465},{"id":"tracey-sweeney-schenk","name":"Tracey Sweeney Schenk","shortName":"Sweeney Schenk","partyId":"LIB","votes":26,"share":35.61643835616438},{"id":"ava-duffy","name":"Ava Duffy","shortName":"Duffy","partyId":"NDP","votes":3,"share":4.10958904109589},{"id":"michael-holbrook","name":"Michael Holbrook","shortName":"Holbrook","partyId":"GRN","votes":2,"share":2.73972602739726}],"partyVotes":{"LIB":26,"CPC":42,"BQ":0,"NDP":3,"GRN":2,"PPC":0,"OTH":0}}},"geometry":{"type":"Polygon","coordinates":[[[628.02,87.3],[628,87.25],[627.99,87.2],[628,87.19],[628,87.18],[628.03,87.16],[628.09,87.11],[628.15,87.07],[628.15,87.07],[628.16,87.09],[628.16,87.09],[628.37,86.96],[628.4,87],[628.47,87.06],[628.55,87.12],[628.59,87.15],[628.53,87.16],[628.52,87.16],[628.51,87.16],[628.53,87.21],[628.56,87.25],[628.57,87.27],[628.4,87.37],[628.4,87.38],[628.41,87.4],[628.41,87.4],[628.28,87.51],[628.2,87.43],[628.19,87.43],[628.15,87.42],[628.1,87.39],[628.09,87.38],[628.07,87.36],[628.04,87.33],[628.02,87.3]]]}},{"type":"Feature","id":"35040-187","properties":{"ridingCode":"35040","pollNumber":"187","pollType":"N","advancePollNumber":"628","sourceCode":"187-0","geometryPollNumbers":["187"],"code":"35040-187","resultPollNumbers":["187"],"resultStatus":"exact","result":{"electors":430,"voters":139,"totalVotes":139,"rejected":0,"turnout":32.325581395348834,"winnerId":"shelby-kramp-neuman","winnerPartyId":"CPC","runnerUpId":"tracey-sweeney-schenk","runnerUpPartyId":"LIB","margin":30.935251798561154,"top":[{"id":"shelby-kramp-neuman","name":"Shelby Kramp-Neuman","shortName":"Kramp-Neuman","partyId":"CPC","votes":89,"share":64.02877697841727},{"id":"tracey-sweeney-schenk","name":"Tracey Sweeney Schenk","shortName":"Sweeney Schenk","partyId":"LIB","votes":46,"share":33.093525179856115},{"id":"ava-duffy","name":"Ava Duffy","shortName":"Duffy","partyId":"NDP","votes":3,"share":2.158273381294964},{"id":"michael-holbrook","name":"Michael Holbrook","shortName":"Holbrook","partyId":"GRN","votes":1,"share":0.7194244604316548}],"partyVotes":{"LIB":46,"CPC":89,"BQ":0,"NDP":3,"GRN":1,"PPC":0,"OTH":0}}},"geometry":{"type":"Polygon","coordinates":[[[627.92,86.71],[627.96,86.53],[627.97,86.33],[627.97,86.29],[628,86.31],[628.06,86.36],[628.14,86.45],[628.2,86.54],[628.25,86.6],[628.33,86.71],[628.35,86.76],[628.37,86.82],[628.33,86.86],[628.35,86.92],[628.37,86.96],[628.16,87.09],[628.16,87.09],[628.15,87.07],[628.15,87.07],[628.09,87.11],[628.1,87.1],[628.09,87.08],[628.04,87.02],[628.03,87],[628.02,86.96],[628.02,86.91],[627.99,86.91],[627.98,86.9],[627.94,86.91],[627.92,86.71]]]}},{"type":"Feature","id":"35040-188","properties":{"ridingCode":"35040","pollNumber":"188","pollType":"N","advancePollNumber":"620","sourceCode":"188-0","geometryPollNumbers":["188"],"code":"35040-188","resultPollNumbers":["188"],"resultStatus":"exact","result":{"electors":436,"voters":148,"totalVotes":148,"rejected":0,"turnout":33.94495412844037,"winnerId":"shelby-kramp-neuman","winnerPartyId":"CPC","runnerUpId":"tracey-sweeney-schenk","runnerUpPartyId":"LIB","margin":20.27027027027027,"top":[{"id":"shelby-kramp-neuman","name":"Shelby Kramp-Neuman","shortName":"Kramp-Neuman","partyId":"CPC","votes":84,"share":56.75675675675676},{"id":"tracey-sweeney-schenk","name":"Tracey Sweeney Schenk","shortName":"Sweeney Schenk","partyId":"LIB","votes":54,"share":36.486486486486484},{"id":"ava-duffy","name":"Ava Duffy","shortName":"Duffy","partyId":"NDP","votes":8,"share":5.405405405405405},{"id":"michael-holbrook","name":"Michael Holbrook","shortName":"Holbrook","partyId":"GRN","votes":2,"share":1.3513513513513513}],"partyVotes":{"LIB":54,"CPC":84,"BQ":0,"NDP":8,"GRN":2,"PPC":0,"OTH":0}}},"geometry":{"type":"Polygon","coordinates":[[[623.87,87.37],[623.87,87.36],[623.88,87.37],[623.93,87.31],[623.97,87.34],[623.92,87.41],[623.92,87.4],[623.91,87.4],[623.9,87.4],[623.88,87.38],[623.87,87.39],[623.86,87.38],[623.86,87.37],[623.87,87.37]]]}},{"type":"Feature","id":"35040-189","properties":{"ridingCode":"35040","pollNumber":"189","pollType":"N","advancePollNumber":"620","sourceCode":"189-0","geometryPollNumbers":["189"],"code":"35040-189","resultPollNumbers":["189"],"resultStatus":"exact","result":{"electors":552,"voters":217,"totalVotes":217,"rejected":0,"turnout":39.311594202898554,"winnerId":"shelby-kramp-neuman","winnerPartyId":"CPC","runnerUpId":"tracey-sweeney-schenk","runnerUpPartyId":"LIB","margin":20.737327188940093,"top":[{"id":"shelby-kramp-neuman","name":"Shelby Kramp-Neuman","shortName":"Kramp-Neuman","partyId":"CPC","votes":124,"share":57.14285714285714},{"id":"tracey-sweeney-schenk","name":"Tracey Sweeney Schenk","shortName":"Sweeney Schenk","partyId":"LIB","votes":79,"share":36.405529953917046},{"id":"ava-duffy","name":"Ava Duffy","shortName":"Duffy","partyId":"NDP","votes":9,"share":4.147465437788019},{"id":"michael-holbrook","name":"Michael Holbrook","shortName":"Holbrook","partyId":"GRN","votes":4,"share":1.8433179723502304}],"partyVotes":{"LIB":79,"CPC":124,"BQ":0,"NDP":9,"GRN":4,"PPC":1,"OTH":0}}},"geometry":{"type":"Polygon","coordinates":[[[623.75,87.37],[623.71,87.34],[623.75,87.29],[623.75,87.28],[623.8,87.22],[623.87,87.27],[623.81,87.34],[623.86,87.38],[623.87,87.39],[623.87,87.39],[623.83,87.44],[623.76,87.38],[623.76,87.38],[623.73,87.37],[623.75,87.37]]]}},{"type":"Feature","id":"35040-190","properties":{"ridingCode":"35040","pollNumber":"190","pollType":"N","advancePollNumber":"620","sourceCode":"190-0","geometryPollNumbers":["190"],"code":"35040-190","resultPollNumbers":["190"],"resultStatus":"exact","result":{"electors":427,"voters":143,"totalVotes":143,"rejected":0,"turnout":33.48946135831382,"winnerId":"shelby-kramp-neuman","winnerPartyId":"CPC","runnerUpId":"tracey-sweeney-schenk","runnerUpPartyId":"LIB","margin":20.27972027972028,"top":[{"id":"shelby-kramp-neuman","name":"Shelby Kramp-Neuman","shortName":"Kramp-Neuman","partyId":"CPC","votes":83,"share":58.04195804195804},{"id":"tracey-sweeney-schenk","name":"Tracey Sweeney Schenk","shortName":"Sweeney Schenk","partyId":"LIB","votes":54,"share":37.76223776223776},{"id":"ava-duffy","name":"Ava Duffy","shortName":"Duffy","partyId":"NDP","votes":6,"share":4.195804195804196},{"id":"michael-holbrook","name":"Michael Holbrook","shortName":"Holbrook","partyId":"GRN","votes":0,"share":0}],"partyVotes":{"LIB":54,"CPC":83,"BQ":0,"NDP":6,"GRN":0,"PPC":0,"OTH":0}}},"geometry":{"type":"Polygon","coordinates":[[[623.81,87.34],[623.87,87.27],[623.93,87.31],[623.88,87.37],[623.87,87.36],[623.87,87.37],[623.87,87.37],[623.86,87.37],[623.86,87.38],[623.81,87.34]]]}},{"type":"Feature","id":"35040-191","properties":{"ridingCode":"35040","pollNumber":"191","pollType":"N","advancePollNumber":"621","sourceCode":"191-0","geometryPollNumbers":["191"],"code":"35040-191","resultPollNumbers":["191"],"resultStatus":"exact","result":{"electors":327,"voters":128,"totalVotes":128,"rejected":0,"turnout":39.14373088685015,"winnerId":"shelby-kramp-neuman","winnerPartyId":"CPC","runnerUpId":"tracey-sweeney-schenk","runnerUpPartyId":"LIB","margin":15.625,"top":[{"id":"shelby-kramp-neuman","name":"Shelby Kramp-Neuman","shortName":"Kramp-Neuman","partyId":"CPC","votes":73,"share":57.03125},{"id":"tracey-sweeney-schenk","name":"Tracey Sweeney Schenk","shortName":"Sweeney Schenk","partyId":"LIB","votes":53,"share":41.40625},{"id":"ava-duffy","name":"Ava Duffy","shortName":"Duffy","partyId":"NDP","votes":1,"share":0.78125},{"id":"michael-holbrook","name":"Michael Holbrook","shortName":"Holbrook","partyId":"GRN","votes":1,"share":0.78125}],"partyVotes":{"LIB":53,"CPC":73,"BQ":0,"NDP":1,"GRN":1,"PPC":0,"OTH":0}}},"geometry":{"type":"Polygon","coordinates":[[[623.84,87.03],[623.85,87.03],[623.86,87.01],[623.87,87],[623.87,87],[623.88,86.99],[623.89,86.98],[623.91,86.97],[623.91,86.94],[623.91,86.94],[623.93,86.91],[623.96,86.89],[623.96,86.89],[623.96,86.84],[623.98,86.82],[624.09,86.88],[624.01,86.99],[624,86.99],[623.99,87],[623.98,87],[623.98,87.04],[623.96,87.06],[623.95,87.07],[623.94,87.09],[624.01,87.14],[624.11,87.26],[624.17,87.23],[624.18,87.22],[624.23,87.18],[624.23,87.18],[624.24,87.19],[624.24,87.24],[624.26,87.25],[624.26,87.28],[624.26,87.31],[624.26,87.33],[624.26,87.34],[624.25,87.37],[624.26,87.41],[624.25,87.43],[624.24,87.45],[624.24,87.47],[624.23,87.48],[624.23,87.49],[624.22,87.5],[624.21,87.51],[624.16,87.48],[624.11,87.54],[623.92,87.41],[623.97,87.34],[623.93,87.31],[623.87,87.27],[623.8,87.22],[623.85,87.15],[623.78,87.1],[623.8,87.08],[623.8,87.08],[623.81,87.06],[623.83,87.04],[623.83,87.03],[623.84,87.03]]]}},{"type":"Feature","id":"35040-192","properties":{"ridingCode":"35040","pollNumber":"192","pollType":"N","advancePollNumber":"621","sourceCode":"192-0","geometryPollNumbers":["192"],"code":"35040-192","resultPollNumbers":["192"],"resultStatus":"exact","result":{"electors":353,"voters":158,"totalVotes":158,"rejected":0,"turnout":44.759206798866856,"winnerId":"shelby-kramp-neuman","winnerPartyId":"CPC","runnerUpId":"tracey-sweeney-schenk","runnerUpPartyId":"LIB","margin":26.582278481012654,"top":[{"id":"shelby-kramp-neuman","name":"Shelby Kramp-Neuman","shortName":"Kramp-Neuman","partyId":"CPC","votes":96,"share":60.75949367088608},{"id":"tracey-sweeney-schenk","name":"Tracey Sweeney Schenk","shortName":"Sweeney Schenk","partyId":"LIB","votes":54,"share":34.177215189873415},{"id":"ava-duffy","name":"Ava Duffy","shortName":"Duffy","partyId":"NDP","votes":4,"share":2.5316455696202533},{"id":"michael-holbrook","name":"Michael Holbrook","shortName":"Holbrook","partyId":"GRN","votes":2,"share":1.2658227848101267}],"partyVotes":{"LIB":54,"CPC":96,"BQ":0,"NDP":4,"GRN":2,"PPC":2,"OTH":0}}},"geometry":{"type":"Polygon","coordinates":[[[623.19,86.89],[623.34,86.69],[623.35,86.68],[623.36,86.69],[623.36,86.72],[623.37,86.72],[623.38,86.73],[623.42,86.73],[623.44,86.73],[623.45,86.74],[623.46,86.75],[623.48,86.78],[623.51,86.79],[623.52,86.81],[623.52,86.82],[623.52,86.85],[623.52,86.88],[623.52,86.89],[623.52,86.9],[623.53,86.91],[623.54,86.91],[623.6,86.93],[623.62,86.94],[623.65,86.96],[623.65,86.97],[623.66,86.99],[623.66,87],[623.68,87.01],[623.69,87.02],[623.71,87.02],[623.74,87.04],[623.77,87.05],[623.79,87.05],[623.8,87.04],[623.81,87.03],[623.82,87.02],[623.85,87.03],[623.84,87.03],[623.83,87.03],[623.83,87.04],[623.81,87.06],[623.8,87.08],[623.8,87.08],[623.78,87.1],[623.85,87.15],[623.8,87.22],[623.75,87.28],[623.23,86.92],[623.19,86.89]]]}},{"type":"Feature","id":"35040-193","properties":{"ridingCode":"35040","pollNumber":"193","pollType":"N","advancePollNumber":"621","sourceCode":"193-0","geometryPollNumbers":["193"],"code":"35040-193","resultPollNumbers":["193"],"resultStatus":"exact","result":{"electors":389,"voters":147,"totalVotes":146,"rejected":1,"turnout":37.789203084832906,"winnerId":"shelby-kramp-neuman","winnerPartyId":"CPC","runnerUpId":"tracey-sweeney-schenk","runnerUpPartyId":"LIB","margin":20.54794520547945,"top":[{"id":"shelby-kramp-neuman","name":"Shelby Kramp-Neuman","shortName":"Kramp-Neuman","partyId":"CPC","votes":83,"share":56.849315068493155},{"id":"tracey-sweeney-schenk","name":"Tracey Sweeney Schenk","shortName":"Sweeney Schenk","partyId":"LIB","votes":53,"share":36.3013698630137},{"id":"ava-duffy","name":"Ava Duffy","shortName":"Duffy","partyId":"NDP","votes":5,"share":3.4246575342465753},{"id":"michael-holbrook","name":"Michael Holbrook","shortName":"Holbrook","partyId":"GRN","votes":4,"share":2.73972602739726}],"partyVotes":{"LIB":53,"CPC":83,"BQ":0,"NDP":5,"GRN":4,"PPC":1,"OTH":0}}},"geometry":{"type":"Polygon","coordinates":[[[623.75,86.41],[623.76,86.4],[623.87,86.48],[623.89,86.5],[623.9,86.51],[623.93,86.49],[624.09,86.62],[624.08,86.65],[624.06,86.67],[624.05,86.68],[624.04,86.69],[624.03,86.7],[624,86.74],[623.99,86.75],[624,86.75],[623.99,86.77],[623.99,86.8],[623.98,86.82],[623.96,86.84],[623.96,86.89],[623.96,86.89],[623.93,86.91],[623.91,86.94],[623.91,86.94],[623.91,86.97],[623.89,86.98],[623.88,86.99],[623.87,87],[623.87,87],[623.86,87.01],[623.85,87.03],[623.82,87.02],[623.82,87.01],[623.83,86.99],[623.82,86.93],[623.82,86.9],[623.82,86.88],[623.84,86.83],[623.84,86.81],[623.84,86.78],[623.82,86.76],[623.8,86.71],[623.76,86.58],[623.76,86.54],[623.75,86.53],[623.75,86.52],[623.73,86.5],[623.73,86.49],[623.73,86.48],[623.74,86.45],[623.74,86.42],[623.75,86.41]]]}},{"type":"Feature","id":"35040-194","properties":{"ridingCode":"35040","pollNumber":"194","pollType":"N","advancePollNumber":"615","sourceCode":"194-0","geometryPollNumbers":["194"],"code":"35040-194","resultPollNumbers":["194"],"resultStatus":"exact","result":{"electors":395,"voters":301,"totalVotes":301,"rejected":0,"turnout":76.20253164556962,"winnerId":"tracey-sweeney-schenk","winnerPartyId":"LIB","runnerUpId":"shelby-kramp-neuman","runnerUpPartyId":"CPC","margin":50.16611295681063,"top":[{"id":"tracey-sweeney-schenk","name":"Tracey Sweeney Schenk","shortName":"Sweeney Schenk","partyId":"LIB","votes":221,"share":73.421926910299},{"id":"shelby-kramp-neuman","name":"Shelby Kramp-Neuman","shortName":"Kramp-Neuman","partyId":"CPC","votes":70,"share":23.25581395348837},{"id":"michael-holbrook","name":"Michael Holbrook","shortName":"Holbrook","partyId":"GRN","votes":5,"share":1.6611295681063125},{"id":"zaid-yusufani","name":"Zaid Yusufani","shortName":"Yusufani","partyId":"PPC","votes":3,"share":0.9966777408637874}],"partyVotes":{"LIB":221,"CPC":70,"BQ":0,"NDP":2,"GRN":5,"PPC":3,"OTH":0}}},"geometry":{"type":"Polygon","coordinates":[[[629.61,87.29],[630.58,86.23],[631.42,86.73],[632.16,87.22],[631.33,88.16],[630.97,88.57],[630.93,88.56],[630.84,88.54],[630.73,88.46],[630.7,88.43],[630.57,88.32],[630.53,88.29],[630.33,88.15],[630.13,87.92],[629.95,87.71],[629.87,87.63],[629.8,87.55],[629.78,87.52],[629.61,87.29]]]}},{"type":"Feature","id":"35040-195","properties":{"ridingCode":"35040","pollNumber":"195","pollType":"N","advancePollNumber":"625","sourceCode":"195-0","geometryPollNumbers":["195"],"code":"35040-195","resultPollNumbers":["195"],"resultStatus":"exact","result":{"electors":499,"voters":106,"totalVotes":106,"rejected":0,"turnout":21.24248496993988,"winnerId":"tracey-sweeney-schenk","winnerPartyId":"LIB","runnerUpId":"shelby-kramp-neuman","runnerUpPartyId":"CPC","margin":2.8301886792452833,"top":[{"id":"tracey-sweeney-schenk","name":"Tracey Sweeney Schenk","shortName":"Sweeney Schenk","partyId":"LIB","votes":49,"share":46.22641509433962},{"id":"shelby-kramp-neuman","name":"Shelby Kramp-Neuman","shortName":"Kramp-Neuman","partyId":"CPC","votes":46,"share":43.39622641509434},{"id":"ava-duffy","name":"Ava Duffy","shortName":"Duffy","partyId":"NDP","votes":7,"share":6.60377358490566},{"id":"michael-holbrook","name":"Michael Holbrook","shortName":"Holbrook","partyId":"GRN","votes":3,"share":2.8301886792452833}],"partyVotes":{"LIB":49,"CPC":46,"BQ":0,"NDP":7,"GRN":3,"PPC":1,"OTH":0}}},"geometry":{"type":"Polygon","coordinates":[[[627.55,87.34],[627.58,87.33],[627.6,87.33],[627.62,87.34],[627.63,87.32],[627.65,87.32],[627.65,87.31],[627.65,87.29],[627.67,87.28],[627.69,87.25],[627.72,87.27],[627.75,87.3],[627.76,87.32],[627.78,87.36],[627.75,87.39],[627.73,87.42],[627.77,87.44],[627.76,87.46],[627.81,87.48],[627.76,87.54],[627.63,87.72],[627.58,87.7],[627.54,87.67],[627.54,87.67],[627.6,87.59],[627.42,87.5],[627.54,87.35],[627.55,87.34]]]}},{"type":"Feature","id":"35040-196","properties":{"ridingCode":"35040","pollNumber":"196","pollType":"N","advancePollNumber":"625","sourceCode":"196-0","geometryPollNumbers":["196"],"code":"35040-196","resultPollNumbers":["196"],"resultStatus":"exact","result":{"electors":359,"voters":101,"totalVotes":100,"rejected":1,"turnout":28.133704735376046,"winnerId":"shelby-kramp-neuman","winnerPartyId":"CPC","runnerUpId":"tracey-sweeney-schenk","runnerUpPartyId":"LIB","margin":5,"top":[{"id":"shelby-kramp-neuman","name":"Shelby Kramp-Neuman","shortName":"Kramp-Neuman","partyId":"CPC","votes":50,"share":50},{"id":"tracey-sweeney-schenk","name":"Tracey Sweeney Schenk","shortName":"Sweeney Schenk","partyId":"LIB","votes":45,"share":45},{"id":"ava-duffy","name":"Ava Duffy","shortName":"Duffy","partyId":"NDP","votes":4,"share":4},{"id":"michael-holbrook","name":"Michael Holbrook","shortName":"Holbrook","partyId":"GRN","votes":1,"share":1}],"partyVotes":{"LIB":45,"CPC":50,"BQ":0,"NDP":4,"GRN":1,"PPC":0,"OTH":0}}},"geometry":{"type":"Polygon","coordinates":[[[627.15,87.33],[627.27,87.18],[627.31,87.19],[627.33,87.21],[627.34,87.22],[627.36,87.24],[627.38,87.25],[627.39,87.28],[627.4,87.29],[627.51,87.33],[627.52,87.34],[627.55,87.34],[627.54,87.35],[627.42,87.5],[627.6,87.59],[627.54,87.67],[627.54,87.67],[627.45,87.62],[627.37,87.58],[627.35,87.61],[627.35,87.61],[627.32,87.64],[627.29,87.62],[627.28,87.65],[627.24,87.63],[627.26,87.61],[627.23,87.59],[627.27,87.53],[627.08,87.43],[627.15,87.33]]]}},{"type":"Feature","id":"35040-197","properties":{"ridingCode":"35040","pollNumber":"197","pollType":"N","advancePollNumber":"625","sourceCode":"197-0","geometryPollNumbers":["197"],"code":"35040-197","resultPollNumbers":["197"],"resultStatus":"exact","result":{"electors":502,"voters":145,"totalVotes":145,"rejected":0,"turnout":28.884462151394423,"winnerId":"tracey-sweeney-schenk","winnerPartyId":"LIB","runnerUpId":"shelby-kramp-neuman","runnerUpPartyId":"CPC","margin":8.96551724137931,"top":[{"id":"tracey-sweeney-schenk","name":"Tracey Sweeney Schenk","shortName":"Sweeney Schenk","partyId":"LIB","votes":73,"share":50.3448275862069},{"id":"shelby-kramp-neuman","name":"Shelby Kramp-Neuman","shortName":"Kramp-Neuman","partyId":"CPC","votes":60,"share":41.37931034482759},{"id":"ava-duffy","name":"Ava Duffy","shortName":"Duffy","partyId":"NDP","votes":10,"share":6.896551724137931},{"id":"michael-holbrook","name":"Michael Holbrook","shortName":"Holbrook","partyId":"GRN","votes":2,"share":1.3793103448275863}],"partyVotes":{"LIB":73,"CPC":60,"BQ":0,"NDP":10,"GRN":2,"PPC":0,"OTH":0}}},"geometry":{"type":"Polygon","coordinates":[[[626.48,87.11],[626.52,87.04],[626.54,87.06],[626.55,87.06],[626.55,87.06],[626.55,87.06],[626.56,87.07],[626.57,87.05],[626.56,87.04],[626.64,87.03],[626.66,87.03],[626.68,87.04],[626.7,87.05],[626.72,87.06],[626.82,87.13],[626.92,87.18],[627.1,86.95],[627.12,86.98],[627.19,87.06],[627.24,87.12],[627.28,87.16],[627.27,87.18],[627.15,87.33],[627.08,87.43],[626.68,87.22],[626.59,87.16],[626.55,87.15],[626.48,87.11]]]}},{"type":"Feature","id":"35040-198","properties":{"ridingCode":"35040","pollNumber":"198","pollType":"N","advancePollNumber":"625","sourceCode":"198-0","geometryPollNumbers":["198"],"code":"35040-198","resultPollNumbers":["198"],"resultStatus":"exact","result":{"electors":468,"voters":125,"totalVotes":124,"rejected":1,"turnout":26.70940170940171,"winnerId":"tracey-sweeney-schenk","winnerPartyId":"LIB","runnerUpId":"shelby-kramp-neuman","runnerUpPartyId":"CPC","margin":16.129032258064516,"top":[{"id":"tracey-sweeney-schenk","name":"Tracey Sweeney Schenk","shortName":"Sweeney Schenk","partyId":"LIB","votes":66,"share":53.2258064516129},{"id":"shelby-kramp-neuman","name":"Shelby Kramp-Neuman","shortName":"Kramp-Neuman","partyId":"CPC","votes":46,"share":37.096774193548384},{"id":"ava-duffy","name":"Ava Duffy","shortName":"Duffy","partyId":"NDP","votes":8,"share":6.451612903225806},{"id":"michael-holbrook","name":"Michael Holbrook","shortName":"Holbrook","partyId":"GRN","votes":4,"share":3.225806451612903}],"partyVotes":{"LIB":66,"CPC":46,"BQ":0,"NDP":8,"GRN":4,"PPC":0,"OTH":0}}},"geometry":{"type":"Polygon","coordinates":[[[627.33,87.12],[627.36,87.09],[627.38,87.07],[627.34,86.96],[627.33,86.93],[627.34,86.89],[627.4,86.96],[627.59,87.08],[627.65,87.14],[627.75,87.23],[627.81,87.31],[627.78,87.36],[627.76,87.32],[627.75,87.3],[627.72,87.27],[627.69,87.25],[627.67,87.28],[627.65,87.29],[627.65,87.31],[627.65,87.32],[627.63,87.32],[627.62,87.34],[627.6,87.33],[627.58,87.33],[627.55,87.34],[627.54,87.35],[627.55,87.34],[627.52,87.34],[627.51,87.33],[627.4,87.29],[627.39,87.28],[627.38,87.25],[627.36,87.24],[627.34,87.22],[627.33,87.21],[627.31,87.19],[627.27,87.18],[627.28,87.16],[627.28,87.16],[627.31,87.12],[627.33,87.12]]]}},{"type":"Feature","id":"35040-199","properties":{"ridingCode":"35040","pollNumber":"199","pollType":"N","advancePollNumber":"625","sourceCode":"199-0","geometryPollNumbers":["199"],"code":"35040-199","resultPollNumbers":["199"],"resultStatus":"exact","result":{"electors":452,"voters":145,"totalVotes":145,"rejected":0,"turnout":32.07964601769911,"winnerId":"shelby-kramp-neuman","winnerPartyId":"CPC","runnerUpId":"tracey-sweeney-schenk","runnerUpPartyId":"LIB","margin":2.7586206896551726,"top":[{"id":"shelby-kramp-neuman","name":"Shelby Kramp-Neuman","shortName":"Kramp-Neuman","partyId":"CPC","votes":71,"share":48.96551724137931},{"id":"tracey-sweeney-schenk","name":"Tracey Sweeney Schenk","shortName":"Sweeney Schenk","partyId":"LIB","votes":67,"share":46.206896551724135},{"id":"ava-duffy","name":"Ava Duffy","shortName":"Duffy","partyId":"NDP","votes":7,"share":4.827586206896552},{"id":"michael-holbrook","name":"Michael Holbrook","shortName":"Holbrook","partyId":"GRN","votes":0,"share":0}],"partyVotes":{"LIB":67,"CPC":71,"BQ":0,"NDP":7,"GRN":0,"PPC":0,"OTH":0}}},"geometry":{"type":"Polygon","coordinates":[[[626.35,86.94],[626.45,86.81],[626.44,86.81],[626.43,86.81],[626.43,86.8],[626.45,86.79],[626.45,86.78],[626.46,86.77],[626.45,86.76],[626.45,86.75],[626.45,86.75],[626.45,86.75],[626.46,86.76],[626.46,86.76],[626.46,86.76],[626.47,86.76],[626.47,86.76],[626.48,86.77],[626.63,86.57],[626.82,86.6],[627.03,86.73],[627.05,86.75],[627.1,86.79],[627.13,86.8],[627.19,86.8],[627.25,86.82],[627.33,86.89],[627.34,86.89],[627.33,86.93],[627.34,86.96],[627.38,87.07],[627.36,87.09],[627.33,87.12],[627.31,87.12],[627.28,87.16],[627.28,87.16],[627.24,87.12],[627.19,87.06],[627.12,86.98],[627.1,86.95],[626.92,87.18],[626.82,87.13],[626.72,87.06],[626.7,87.05],[626.68,87.04],[626.66,87.03],[626.64,87.03],[626.56,87.04],[626.5,87.01],[626.52,86.97],[626.5,86.94],[626.49,86.96],[626.46,86.93],[626.4,87],[626.44,87.03],[626.41,87.07],[626.33,87.03],[626.31,87],[626.35,86.94]]]}},{"type":"Feature","id":"35040-200","properties":{"ridingCode":"35040","pollNumber":"200","pollType":"N","advancePollNumber":"622","sourceCode":"200-0","geometryPollNumbers":["200"],"code":"35040-200","resultPollNumbers":["200"],"resultStatus":"exact","result":{"electors":500,"voters":169,"totalVotes":167,"rejected":2,"turnout":33.800000000000004,"winnerId":"shelby-kramp-neuman","winnerPartyId":"CPC","runnerUpId":"tracey-sweeney-schenk","runnerUpPartyId":"LIB","margin":4.191616766467066,"top":[{"id":"shelby-kramp-neuman","name":"Shelby Kramp-Neuman","shortName":"Kramp-Neuman","partyId":"CPC","votes":83,"share":49.700598802395206},{"id":"tracey-sweeney-schenk","name":"Tracey Sweeney Schenk","shortName":"Sweeney Schenk","partyId":"LIB","votes":76,"share":45.50898203592814},{"id":"ava-duffy","name":"Ava Duffy","shortName":"Duffy","partyId":"NDP","votes":5,"share":2.9940119760479043},{"id":"michael-holbrook","name":"Michael Holbrook","shortName":"Holbrook","partyId":"GRN","votes":2,"share":1.1976047904191618}],"partyVotes":{"LIB":76,"CPC":83,"BQ":0,"NDP":5,"GRN":2,"PPC":1,"OTH":0}}},"geometry":{"type":"Polygon","coordinates":[[[625.19,87],[625.07,87.01],[625.06,87.01],[625.04,87.03],[625,87],[625.03,86.97],[625.05,86.95],[625.12,86.86],[625.15,86.88],[625.19,86.89],[625.19,86.89],[625.2,86.88],[625.24,86.91],[625.25,86.89],[625.27,86.9],[625.28,86.9],[625.27,86.89],[625.27,86.88],[625.27,86.88],[625.27,86.87],[625.27,86.86],[625.28,86.85],[625.28,86.84],[625.29,86.85],[625.28,86.86],[625.3,86.87],[625.31,86.87],[625.31,86.83],[625.32,86.83],[625.34,86.88],[625.34,86.91],[625.33,86.92],[625.28,86.95],[625.27,86.95],[625.25,86.97],[625.24,86.98],[625.19,87]]]}},{"type":"Feature","id":"35040-201","properties":{"ridingCode":"35040","pollNumber":"201","pollType":"N","advancePollNumber":"622","sourceCode":"201-0","geometryPollNumbers":["201"],"code":"35040-201","resultPollNumbers":["201"],"resultStatus":"exact","result":{"electors":515,"voters":182,"totalVotes":182,"rejected":0,"turnout":35.33980582524272,"winnerId":"shelby-kramp-neuman","winnerPartyId":"CPC","runnerUpId":"tracey-sweeney-schenk","runnerUpPartyId":"LIB","margin":36.26373626373626,"top":[{"id":"shelby-kramp-neuman","name":"Shelby Kramp-Neuman","shortName":"Kramp-Neuman","partyId":"CPC","votes":120,"share":65.93406593406593},{"id":"tracey-sweeney-schenk","name":"Tracey Sweeney Schenk","shortName":"Sweeney Schenk","partyId":"LIB","votes":54,"share":29.67032967032967},{"id":"ava-duffy","name":"Ava Duffy","shortName":"Duffy","partyId":"NDP","votes":8,"share":4.395604395604396},{"id":"michael-holbrook","name":"Michael Holbrook","shortName":"Holbrook","partyId":"GRN","votes":0,"share":0}],"partyVotes":{"LIB":54,"CPC":120,"BQ":0,"NDP":8,"GRN":0,"PPC":0,"OTH":0}}},"geometry":{"type":"Polygon","coordinates":[[[625.29,86.79],[625.24,86.72],[625.3,86.64],[625.33,86.67],[625.41,86.72],[625.47,86.79],[625.39,86.89],[625.39,86.9],[625.45,86.96],[625.47,86.99],[625.41,87.07],[625.38,87.05],[625.29,87.18],[625.28,87.18],[625.27,87.18],[625.28,87.08],[625.28,87.06],[625.29,87.05],[625.3,87.03],[625.35,86.96],[625.35,86.96],[625.33,86.92],[625.34,86.91],[625.34,86.88],[625.32,86.83],[625.3,86.79],[625.29,86.79]],[[625.34,86.72],[625.34,86.72],[625.34,86.72],[625.34,86.72]]]}},{"type":"Feature","id":"35040-202","properties":{"ridingCode":"35040","pollNumber":"202","pollType":"N","advancePollNumber":"622","sourceCode":"202-0","geometryPollNumbers":["202"],"code":"35040-202","resultPollNumbers":["202"],"resultStatus":"exact","result":{"electors":739,"voters":224,"totalVotes":224,"rejected":0,"turnout":30.311231393775373,"winnerId":"shelby-kramp-neuman","winnerPartyId":"CPC","runnerUpId":"tracey-sweeney-schenk","runnerUpPartyId":"LIB","margin":17.410714285714285,"top":[{"id":"shelby-kramp-neuman","name":"Shelby Kramp-Neuman","shortName":"Kramp-Neuman","partyId":"CPC","votes":130,"share":58.03571428571429},{"id":"tracey-sweeney-schenk","name":"Tracey Sweeney Schenk","shortName":"Sweeney Schenk","partyId":"LIB","votes":91,"share":40.625},{"id":"ava-duffy","name":"Ava Duffy","shortName":"Duffy","partyId":"NDP","votes":2,"share":0.8928571428571428},{"id":"michael-holbrook","name":"Michael Holbrook","shortName":"Holbrook","partyId":"GRN","votes":1,"share":0.4464285714285714}],"partyVotes":{"LIB":91,"CPC":130,"BQ":0,"NDP":2,"GRN":1,"PPC":0,"OTH":0}}},"geometry":{"type":"Polygon","coordinates":[[[625.2,86.88],[625.25,86.83],[625.28,86.85],[625.27,86.86],[625.27,86.87],[625.27,86.88],[625.27,86.88],[625.27,86.89],[625.28,86.9],[625.27,86.9],[625.25,86.89],[625.24,86.91],[625.2,86.88]]]}},{"type":"Feature","id":"35040-203","properties":{"ridingCode":"35040","pollNumber":"203","pollType":"N","advancePollNumber":"622","sourceCode":"203-0","geometryPollNumbers":["203"],"code":"35040-203","resultPollNumbers":["203"],"resultStatus":"exact","result":{"electors":565,"voters":168,"totalVotes":168,"rejected":0,"turnout":29.734513274336283,"winnerId":"shelby-kramp-neuman","winnerPartyId":"CPC","runnerUpId":"tracey-sweeney-schenk","runnerUpPartyId":"LIB","margin":11.904761904761903,"top":[{"id":"shelby-kramp-neuman","name":"Shelby Kramp-Neuman","shortName":"Kramp-Neuman","partyId":"CPC","votes":92,"share":54.761904761904766},{"id":"tracey-sweeney-schenk","name":"Tracey Sweeney Schenk","shortName":"Sweeney Schenk","partyId":"LIB","votes":72,"share":42.857142857142854},{"id":"zaid-yusufani","name":"Zaid Yusufani","shortName":"Yusufani","partyId":"PPC","votes":2,"share":1.1904761904761905},{"id":"ava-duffy","name":"Ava Duffy","shortName":"Duffy","partyId":"NDP","votes":1,"share":0.5952380952380952}],"partyVotes":{"LIB":72,"CPC":92,"BQ":0,"NDP":1,"GRN":1,"PPC":2,"OTH":0}}},"geometry":{"type":"Polygon","coordinates":[[[625.26,86.81],[625.26,86.81],[625.27,86.79],[625.28,86.8],[625.29,86.79],[625.3,86.79],[625.32,86.83],[625.31,86.83],[625.31,86.87],[625.3,86.87],[625.28,86.86],[625.29,86.85],[625.28,86.84],[625.28,86.85],[625.25,86.83],[625.26,86.81]]]}},{"type":"Feature","id":"35040-204","properties":{"ridingCode":"35040","pollNumber":"204","pollType":"N","advancePollNumber":"622","sourceCode":"204-0","geometryPollNumbers":["204"],"code":"35040-204","resultPollNumbers":["204"],"resultStatus":"exact","result":{"electors":576,"voters":195,"totalVotes":195,"rejected":0,"turnout":33.85416666666667,"winnerId":"shelby-kramp-neuman","winnerPartyId":"CPC","runnerUpId":"tracey-sweeney-schenk","runnerUpPartyId":"LIB","margin":28.717948717948715,"top":[{"id":"shelby-kramp-neuman","name":"Shelby Kramp-Neuman","shortName":"Kramp-Neuman","partyId":"CPC","votes":124,"share":63.589743589743584},{"id":"tracey-sweeney-schenk","name":"Tracey Sweeney Schenk","shortName":"Sweeney Schenk","partyId":"LIB","votes":68,"share":34.87179487179487},{"id":"ava-duffy","name":"Ava Duffy","shortName":"Duffy","partyId":"NDP","votes":2,"share":1.0256410256410255},{"id":"zaid-yusufani","name":"Zaid Yusufani","shortName":"Yusufani","partyId":"PPC","votes":1,"share":0.5128205128205128}],"partyVotes":{"LIB":68,"CPC":124,"BQ":0,"NDP":2,"GRN":0,"PPC":1,"OTH":0}}},"geometry":{"type":"Polygon","coordinates":[[[625.25,86.83],[625.2,86.88],[625.19,86.89],[625.19,86.89],[625.15,86.88],[625.12,86.86],[625.14,86.84],[625.17,86.82],[625.24,86.72],[625.29,86.79],[625.28,86.8],[625.27,86.79],[625.26,86.81],[625.26,86.81],[625.25,86.83]]]}},{"type":"Feature","id":"35040-205","properties":{"ridingCode":"35040","pollNumber":"205","pollType":"N","advancePollNumber":"622","sourceCode":"205-0","geometryPollNumbers":["205"],"code":"35040-205","resultPollNumbers":["205"],"resultStatus":"exact","result":{"electors":695,"voters":197,"totalVotes":197,"rejected":0,"turnout":28.345323741007196,"winnerId":"shelby-kramp-neuman","winnerPartyId":"CPC","runnerUpId":"tracey-sweeney-schenk","runnerUpPartyId":"LIB","margin":10.152284263959391,"top":[{"id":"shelby-kramp-neuman","name":"Shelby Kramp-Neuman","shortName":"Kramp-Neuman","partyId":"CPC","votes":106,"share":53.80710659898477},{"id":"tracey-sweeney-schenk","name":"Tracey Sweeney Schenk","shortName":"Sweeney Schenk","partyId":"LIB","votes":86,"share":43.65482233502538},{"id":"ava-duffy","name":"Ava Duffy","shortName":"Duffy","partyId":"NDP","votes":5,"share":2.5380710659898478},{"id":"michael-holbrook","name":"Michael Holbrook","shortName":"Holbrook","partyId":"GRN","votes":0,"share":0}],"partyVotes":{"LIB":86,"CPC":106,"BQ":0,"NDP":5,"GRN":0,"PPC":0,"OTH":0}}},"geometry":{"type":"Polygon","coordinates":[[[625.15,86.71],[625.16,86.71],[625.17,86.7],[625.18,86.69],[625.2,86.71],[625.21,86.7],[625.2,86.7],[625.21,86.69],[625.19,86.68],[625.21,86.67],[625.22,86.69],[625.24,86.72],[625.17,86.82],[625.14,86.84],[625.06,86.78],[625.13,86.69],[625.15,86.71]]]}},{"type":"Feature","id":"35040-206","properties":{"ridingCode":"35040","pollNumber":"206","pollType":"N","advancePollNumber":"622","sourceCode":"206-0","geometryPollNumbers":["206"],"code":"35040-206","resultPollNumbers":["206"],"resultStatus":"exact","result":{"electors":573,"voters":177,"totalVotes":177,"rejected":0,"turnout":30.89005235602094,"winnerId":"shelby-kramp-neuman","winnerPartyId":"CPC","runnerUpId":"tracey-sweeney-schenk","runnerUpPartyId":"LIB","margin":17.51412429378531,"top":[{"id":"shelby-kramp-neuman","name":"Shelby Kramp-Neuman","shortName":"Kramp-Neuman","partyId":"CPC","votes":100,"share":56.49717514124294},{"id":"tracey-sweeney-schenk","name":"Tracey Sweeney Schenk","shortName":"Sweeney Schenk","partyId":"LIB","votes":69,"share":38.983050847457626},{"id":"ava-duffy","name":"Ava Duffy","shortName":"Duffy","partyId":"NDP","votes":3,"share":1.694915254237288},{"id":"michael-holbrook","name":"Michael Holbrook","shortName":"Holbrook","partyId":"GRN","votes":3,"share":1.694915254237288}],"partyVotes":{"LIB":69,"CPC":100,"BQ":0,"NDP":3,"GRN":3,"PPC":2,"OTH":0}}},"geometry":{"type":"Polygon","coordinates":[[[625.15,86.71],[625.13,86.69],[625.15,86.65],[625.16,86.66],[625.18,86.64],[625.21,86.67],[625.19,86.68],[625.21,86.69],[625.2,86.7],[625.21,86.7],[625.2,86.71],[625.18,86.69],[625.17,86.7],[625.16,86.71],[625.15,86.71]]]}},{"type":"Feature","id":"35040-207","properties":{"ridingCode":"35040","pollNumber":"207","pollType":"N","advancePollNumber":"622","sourceCode":"207-0","geometryPollNumbers":["207"],"code":"35040-207","resultPollNumbers":["207"],"resultStatus":"exact","result":{"electors":556,"voters":173,"totalVotes":171,"rejected":2,"turnout":31.115107913669064,"winnerId":"shelby-kramp-neuman","winnerPartyId":"CPC","runnerUpId":"tracey-sweeney-schenk","runnerUpPartyId":"LIB","margin":8.187134502923977,"top":[{"id":"shelby-kramp-neuman","name":"Shelby Kramp-Neuman","shortName":"Kramp-Neuman","partyId":"CPC","votes":86,"share":50.29239766081871},{"id":"tracey-sweeney-schenk","name":"Tracey Sweeney Schenk","shortName":"Sweeney Schenk","partyId":"LIB","votes":72,"share":42.10526315789473},{"id":"ava-duffy","name":"Ava Duffy","shortName":"Duffy","partyId":"NDP","votes":11,"share":6.432748538011696},{"id":"michael-holbrook","name":"Michael Holbrook","shortName":"Holbrook","partyId":"GRN","votes":2,"share":1.1695906432748537}],"partyVotes":{"LIB":72,"CPC":86,"BQ":0,"NDP":11,"GRN":2,"PPC":0,"OTH":0}}},"geometry":{"type":"Polygon","coordinates":[[[625.15,86.65],[625.21,86.57],[625.3,86.64],[625.24,86.72],[625.22,86.69],[625.21,86.67],[625.18,86.64],[625.16,86.66],[625.15,86.65]]]}},{"type":"Feature","id":"35040-208","properties":{"ridingCode":"35040","pollNumber":"208","pollType":"N","advancePollNumber":"621","sourceCode":"208-0","geometryPollNumbers":["208"],"code":"35040-208","resultPollNumbers":["208"],"resultStatus":"exact","result":{"electors":477,"voters":179,"totalVotes":179,"rejected":0,"turnout":37.526205450733755,"winnerId":"shelby-kramp-neuman","winnerPartyId":"CPC","runnerUpId":"tracey-sweeney-schenk","runnerUpPartyId":"LIB","margin":29.05027932960894,"top":[{"id":"shelby-kramp-neuman","name":"Shelby Kramp-Neuman","shortName":"Kramp-Neuman","partyId":"CPC","votes":114,"share":63.687150837988824},{"id":"tracey-sweeney-schenk","name":"Tracey Sweeney Schenk","shortName":"Sweeney Schenk","partyId":"LIB","votes":62,"share":34.63687150837989},{"id":"michael-holbrook","name":"Michael Holbrook","shortName":"Holbrook","partyId":"GRN","votes":2,"share":1.1173184357541899},{"id":"ava-duffy","name":"Ava Duffy","shortName":"Duffy","partyId":"NDP","votes":1,"share":0.5586592178770949}],"partyVotes":{"LIB":62,"CPC":114,"BQ":0,"NDP":1,"GRN":2,"PPC":0,"OTH":0}}},"geometry":{"type":"Polygon","coordinates":[[[624.16,87.48],[624.21,87.51],[624.22,87.5],[624.23,87.49],[624.23,87.48],[624.24,87.47],[624.24,87.45],[624.25,87.43],[624.26,87.41],[624.25,87.37],[624.26,87.34],[624.26,87.33],[624.26,87.31],[624.26,87.28],[624.26,87.25],[624.24,87.24],[624.24,87.19],[624.23,87.18],[624.23,87.18],[624.23,87.17],[624.48,87.35],[624.5,87.31],[624.61,87.39],[624.54,87.5],[624.53,87.52],[624.47,87.59],[624.44,87.63],[624.37,87.73],[624.37,87.73],[624.36,87.72],[624.11,87.54],[624.16,87.48]]]}},{"type":"Feature","id":"35040-209","properties":{"ridingCode":"35040","pollNumber":"209","pollType":"N","advancePollNumber":"621","sourceCode":"209-0","geometryPollNumbers":["209"],"code":"35040-209","resultPollNumbers":["209"],"resultStatus":"exact","result":{"electors":471,"voters":216,"totalVotes":216,"rejected":0,"turnout":45.85987261146497,"winnerId":"shelby-kramp-neuman","winnerPartyId":"CPC","runnerUpId":"tracey-sweeney-schenk","runnerUpPartyId":"LIB","margin":19.90740740740741,"top":[{"id":"shelby-kramp-neuman","name":"Shelby Kramp-Neuman","shortName":"Kramp-Neuman","partyId":"CPC","votes":123,"share":56.94444444444444},{"id":"tracey-sweeney-schenk","name":"Tracey Sweeney Schenk","shortName":"Sweeney Schenk","partyId":"LIB","votes":80,"share":37.03703703703704},{"id":"ava-duffy","name":"Ava Duffy","shortName":"Duffy","partyId":"NDP","votes":6,"share":2.7777777777777777},{"id":"michael-holbrook","name":"Michael Holbrook","shortName":"Holbrook","partyId":"GRN","votes":6,"share":2.7777777777777777}],"partyVotes":{"LIB":80,"CPC":123,"BQ":0,"NDP":6,"GRN":6,"PPC":1,"OTH":0}}},"geometry":{"type":"Polygon","coordinates":[[[624.22,86.98],[624.3,86.83],[624.33,86.82],[624.37,86.87],[624.38,86.87],[624.55,87],[624.54,87.01],[624.52,87],[624.5,87],[624.49,87.01],[624.48,87.01],[624.46,87.02],[624.44,87.06],[624.41,87.07],[624.42,87.08],[624.41,87.09],[624.43,87.11],[624.43,87.13],[624.44,87.15],[624.47,87.18],[624.47,87.18],[624.48,87.19],[624.49,87.21],[624.51,87.22],[624.51,87.23],[624.51,87.24],[624.51,87.24],[624.51,87.25],[624.52,87.26],[624.54,87.28],[624.58,87.3],[624.6,87.31],[624.61,87.33],[624.61,87.34],[624.63,87.36],[624.63,87.37],[624.61,87.39],[624.5,87.31],[624.48,87.35],[624.23,87.17],[624.23,87.17],[624.19,87.01],[624.21,86.99],[624.22,86.98]]]}},{"type":"Feature","id":"35040-210","properties":{"ridingCode":"35040","pollNumber":"210","pollType":"N","advancePollNumber":"621","sourceCode":"210-0","geometryPollNumbers":["210"],"code":"35040-210","resultPollNumbers":["210"],"resultStatus":"exact","result":{"electors":428,"voters":130,"totalVotes":130,"rejected":0,"turnout":30.373831775700932,"winnerId":"shelby-kramp-neuman","winnerPartyId":"CPC","runnerUpId":"tracey-sweeney-schenk","runnerUpPartyId":"LIB","margin":18.461538461538463,"top":[{"id":"shelby-kramp-neuman","name":"Shelby Kramp-Neuman","shortName":"Kramp-Neuman","partyId":"CPC","votes":75,"share":57.692307692307686},{"id":"tracey-sweeney-schenk","name":"Tracey Sweeney Schenk","shortName":"Sweeney Schenk","partyId":"LIB","votes":51,"share":39.23076923076923},{"id":"ava-duffy","name":"Ava Duffy","shortName":"Duffy","partyId":"NDP","votes":3,"share":2.307692307692308},{"id":"michael-holbrook","name":"Michael Holbrook","shortName":"Holbrook","partyId":"GRN","votes":1,"share":0.7692307692307693}],"partyVotes":{"LIB":51,"CPC":75,"BQ":0,"NDP":3,"GRN":1,"PPC":0,"OTH":0}}},"geometry":{"type":"Polygon","coordinates":[[[624.54,87.01],[624.55,87],[624.68,86.81],[624.73,86.83],[624.75,86.84],[624.76,86.85],[624.77,86.86],[624.78,86.88],[624.82,86.97],[624.83,87],[624.87,87.05],[624.81,87.13],[624.8,87.15],[624.79,87.16],[624.63,87.37],[624.63,87.36],[624.61,87.34],[624.61,87.33],[624.6,87.31],[624.58,87.3],[624.54,87.28],[624.52,87.26],[624.51,87.25],[624.51,87.24],[624.51,87.24],[624.51,87.23],[624.51,87.22],[624.49,87.21],[624.48,87.19],[624.47,87.18],[624.47,87.18],[624.44,87.15],[624.43,87.13],[624.43,87.11],[624.41,87.09],[624.42,87.08],[624.41,87.07],[624.44,87.06],[624.46,87.02],[624.48,87.01],[624.49,87.01],[624.5,87],[624.52,87],[624.54,87.01]]]}},{"type":"Feature","id":"35040-211","properties":{"ridingCode":"35040","pollNumber":"211","pollType":"N","advancePollNumber":"621","sourceCode":"211-0","geometryPollNumbers":["211"],"code":"35040-211","resultPollNumbers":["211"],"resultStatus":"exact","result":{"electors":454,"voters":160,"totalVotes":160,"rejected":0,"turnout":35.24229074889868,"winnerId":"shelby-kramp-neuman","winnerPartyId":"CPC","runnerUpId":"tracey-sweeney-schenk","runnerUpPartyId":"LIB","margin":5.625,"top":[{"id":"shelby-kramp-neuman","name":"Shelby Kramp-Neuman","shortName":"Kramp-Neuman","partyId":"CPC","votes":83,"share":51.87500000000001},{"id":"tracey-sweeney-schenk","name":"Tracey Sweeney Schenk","shortName":"Sweeney Schenk","partyId":"LIB","votes":74,"share":46.25},{"id":"michael-holbrook","name":"Michael Holbrook","shortName":"Holbrook","partyId":"GRN","votes":2,"share":1.25},{"id":"zaid-yusufani","name":"Zaid Yusufani","shortName":"Yusufani","partyId":"PPC","votes":1,"share":0.625}],"partyVotes":{"LIB":74,"CPC":83,"BQ":0,"NDP":0,"GRN":2,"PPC":1,"OTH":0}}},"geometry":{"type":"Polygon","coordinates":[[[624.01,86.99],[624.09,86.88],[623.98,86.82],[623.99,86.8],[623.99,86.77],[624,86.75],[623.99,86.75],[624,86.74],[624.03,86.7],[624.04,86.69],[624.05,86.68],[624.06,86.67],[624.08,86.65],[624.09,86.66],[624.11,86.66],[624.17,86.67],[624.19,86.68],[624.21,86.69],[624.26,86.73],[624.27,86.74],[624.33,86.82],[624.3,86.83],[624.22,86.98],[624.21,86.99],[624.19,87.01],[624.23,87.17],[624.23,87.17],[624.23,87.18],[624.18,87.22],[624.17,87.23],[624.11,87.26],[624.01,87.14],[623.94,87.09],[623.95,87.07],[623.96,87.06],[623.98,87.04],[623.98,87],[623.99,87],[624,86.99],[624.01,86.99]]]}},{"type":"Feature","id":"35040-212","properties":{"ridingCode":"35040","pollNumber":"212","pollType":"N","advancePollNumber":"621","sourceCode":"212-0","geometryPollNumbers":["212"],"code":"35040-212","resultPollNumbers":["212"],"resultStatus":"exact","result":{"electors":453,"voters":158,"totalVotes":158,"rejected":0,"turnout":34.87858719646799,"winnerId":"shelby-kramp-neuman","winnerPartyId":"CPC","runnerUpId":"tracey-sweeney-schenk","runnerUpPartyId":"LIB","margin":34.810126582278485,"top":[{"id":"shelby-kramp-neuman","name":"Shelby Kramp-Neuman","shortName":"Kramp-Neuman","partyId":"CPC","votes":101,"share":63.92405063291139},{"id":"tracey-sweeney-schenk","name":"Tracey Sweeney Schenk","shortName":"Sweeney Schenk","partyId":"LIB","votes":46,"share":29.11392405063291},{"id":"ava-duffy","name":"Ava Duffy","shortName":"Duffy","partyId":"NDP","votes":8,"share":5.063291139240507},{"id":"michael-holbrook","name":"Michael Holbrook","shortName":"Holbrook","partyId":"GRN","votes":2,"share":1.2658227848101267}],"partyVotes":{"LIB":46,"CPC":101,"BQ":0,"NDP":8,"GRN":2,"PPC":1,"OTH":0}}},"geometry":{"type":"Polygon","coordinates":[[[624.5,86.66],[624.52,86.63],[624.53,86.63],[624.54,86.63],[624.56,86.62],[624.55,86.6],[624.6,86.54],[624.65,86.57],[624.69,86.6],[624.69,86.6],[624.69,86.6],[624.69,86.63],[624.76,86.68],[624.78,86.66],[624.79,86.66],[624.88,86.71],[625.03,86.82],[624.91,86.99],[624.87,87.05],[624.83,87],[624.82,86.97],[624.78,86.88],[624.77,86.86],[624.76,86.85],[624.75,86.84],[624.73,86.83],[624.68,86.81],[624.55,87],[624.38,86.87],[624.37,86.87],[624.41,86.8],[624.43,86.8],[624.44,86.8],[624.44,86.78],[624.53,86.67],[624.5,86.66]]]}},{"type":"Feature","id":"35040-213","properties":{"ridingCode":"35040","pollNumber":"213","pollType":"N","advancePollNumber":"621","sourceCode":"213-0","geometryPollNumbers":["213"],"code":"35040-213","resultPollNumbers":["213"],"resultStatus":"exact","result":{"electors":301,"voters":95,"totalVotes":95,"rejected":0,"turnout":31.561461794019934,"winnerId":"shelby-kramp-neuman","winnerPartyId":"CPC","runnerUpId":"tracey-sweeney-schenk","runnerUpPartyId":"LIB","margin":14.736842105263156,"top":[{"id":"shelby-kramp-neuman","name":"Shelby Kramp-Neuman","shortName":"Kramp-Neuman","partyId":"CPC","votes":51,"share":53.68421052631579},{"id":"tracey-sweeney-schenk","name":"Tracey Sweeney Schenk","shortName":"Sweeney Schenk","partyId":"LIB","votes":37,"share":38.94736842105263},{"id":"ava-duffy","name":"Ava Duffy","shortName":"Duffy","partyId":"NDP","votes":5,"share":5.263157894736842},{"id":"michael-holbrook","name":"Michael Holbrook","shortName":"Holbrook","partyId":"GRN","votes":1,"share":1.0526315789473684}],"partyVotes":{"LIB":37,"CPC":51,"BQ":0,"NDP":5,"GRN":1,"PPC":1,"OTH":0}}},"geometry":{"type":"Polygon","coordinates":[[[624.69,86.6],[624.7,86.58],[624.81,86.6],[624.8,86.63],[624.85,86.59],[624.96,86.66],[625.04,86.72],[625.13,86.69],[625.06,86.78],[625.03,86.82],[624.88,86.71],[624.79,86.66],[624.78,86.66],[624.76,86.68],[624.69,86.63],[624.69,86.6]]]}},{"type":"Feature","id":"35040-214","properties":{"ridingCode":"35040","pollNumber":"214","pollType":"N","advancePollNumber":"621","sourceCode":"214-0","geometryPollNumbers":["214"],"code":"35040-214","resultPollNumbers":["214"],"resultStatus":"exact","result":{"electors":454,"voters":152,"totalVotes":152,"rejected":0,"turnout":33.480176211453745,"winnerId":"shelby-kramp-neuman","winnerPartyId":"CPC","runnerUpId":"tracey-sweeney-schenk","runnerUpPartyId":"LIB","margin":24.342105263157894,"top":[{"id":"shelby-kramp-neuman","name":"Shelby Kramp-Neuman","shortName":"Kramp-Neuman","partyId":"CPC","votes":90,"share":59.210526315789465},{"id":"tracey-sweeney-schenk","name":"Tracey Sweeney Schenk","shortName":"Sweeney Schenk","partyId":"LIB","votes":53,"share":34.868421052631575},{"id":"ava-duffy","name":"Ava Duffy","shortName":"Duffy","partyId":"NDP","votes":7,"share":4.605263157894736},{"id":"michael-holbrook","name":"Michael Holbrook","shortName":"Holbrook","partyId":"GRN","votes":1,"share":0.6578947368421052}],"partyVotes":{"LIB":53,"CPC":90,"BQ":0,"NDP":7,"GRN":1,"PPC":1,"OTH":0}}},"geometry":{"type":"Polygon","coordinates":[[[624.07,86.17],[623.94,86.07],[623.96,86.02],[623.99,85.96],[624.03,85.88],[624.07,85.84],[624.07,85.83],[624.08,85.78],[624.1,85.78],[624.08,85.84],[624.07,85.89],[624.06,85.91],[624.03,85.97],[624.02,86],[624.05,86.06],[624.18,86.15],[624.21,86.12],[624.27,86.16],[624.25,86.3],[624.37,86.38],[624.37,86.38],[624.37,86.37],[624.38,86.37],[624.39,86.38],[624.44,86.42],[624.46,86.45],[624.5,86.47],[624.52,86.48],[624.6,86.54],[624.55,86.6],[624.56,86.62],[624.54,86.63],[624.53,86.63],[624.52,86.63],[624.5,86.66],[624.53,86.67],[624.44,86.78],[624.44,86.8],[624.43,86.8],[624.41,86.8],[624.37,86.87],[624.33,86.82],[624.27,86.74],[624.26,86.73],[624.21,86.69],[624.19,86.68],[624.17,86.67],[624.11,86.66],[624.09,86.66],[624.08,86.65],[624.09,86.62],[623.93,86.49],[623.9,86.51],[623.89,86.5],[623.95,86.43],[623.92,86.4],[623.9,86.38],[623.92,86.35],[623.94,86.32],[623.99,86.25],[624.01,86.26],[624.01,86.25],[624.07,86.17]]]}},{"type":"Feature","id":"35040-215","properties":{"ridingCode":"35040","pollNumber":"215","pollType":"N","advancePollNumber":"621","sourceCode":"215-0","geometryPollNumbers":["215"],"code":"35040-215","resultPollNumbers":["215"],"resultStatus":"exact","result":{"electors":461,"voters":200,"totalVotes":200,"rejected":0,"turnout":43.38394793926248,"winnerId":"shelby-kramp-neuman","winnerPartyId":"CPC","runnerUpId":"tracey-sweeney-schenk","runnerUpPartyId":"LIB","margin":24,"top":[{"id":"shelby-kramp-neuman","name":"Shelby Kramp-Neuman","shortName":"Kramp-Neuman","partyId":"CPC","votes":117,"share":58.5},{"id":"tracey-sweeney-schenk","name":"Tracey Sweeney Schenk","shortName":"Sweeney Schenk","partyId":"LIB","votes":69,"share":34.5},{"id":"ava-duffy","name":"Ava Duffy","shortName":"Duffy","partyId":"NDP","votes":9,"share":4.5},{"id":"michael-holbrook","name":"Michael Holbrook","shortName":"Holbrook","partyId":"GRN","votes":3,"share":1.5}],"partyVotes":{"LIB":69,"CPC":117,"BQ":0,"NDP":9,"GRN":3,"PPC":2,"OTH":0}}},"geometry":{"type":"Polygon","coordinates":[[[624.42,86.09],[624.46,86.03],[624.81,86.29],[624.99,86.41],[625.21,86.57],[625.21,86.57],[625.15,86.65],[625.13,86.69],[625.04,86.72],[624.96,86.66],[624.85,86.59],[624.8,86.63],[624.81,86.6],[624.7,86.58],[624.69,86.6],[624.69,86.6],[624.69,86.6],[624.65,86.57],[624.6,86.54],[624.52,86.48],[624.5,86.47],[624.46,86.45],[624.44,86.42],[624.39,86.38],[624.38,86.37],[624.37,86.37],[624.37,86.38],[624.37,86.38],[624.25,86.3],[624.31,86.22],[624.33,86.23],[624.36,86.2],[624.37,86.2],[624.38,86.19],[624.39,86.16],[624.42,86.09]]]}},{"type":"Feature","id":"35040-216","properties":{"ridingCode":"35040","pollNumber":"216","pollType":"N","advancePollNumber":"621","sourceCode":"216-0","geometryPollNumbers":["216"],"code":"35040-216","resultPollNumbers":["216"],"resultStatus":"exact","result":{"electors":467,"voters":141,"totalVotes":141,"rejected":0,"turnout":30.19271948608137,"winnerId":"shelby-kramp-neuman","winnerPartyId":"CPC","runnerUpId":"tracey-sweeney-schenk","runnerUpPartyId":"LIB","margin":48.226950354609926,"top":[{"id":"shelby-kramp-neuman","name":"Shelby Kramp-Neuman","shortName":"Kramp-Neuman","partyId":"CPC","votes":101,"share":71.63120567375887},{"id":"tracey-sweeney-schenk","name":"Tracey Sweeney Schenk","shortName":"Sweeney Schenk","partyId":"LIB","votes":33,"share":23.404255319148938},{"id":"ava-duffy","name":"Ava Duffy","shortName":"Duffy","partyId":"NDP","votes":5,"share":3.546099290780142},{"id":"michael-holbrook","name":"Michael Holbrook","shortName":"Holbrook","partyId":"GRN","votes":2,"share":1.4184397163120568}],"partyVotes":{"LIB":33,"CPC":101,"BQ":0,"NDP":5,"GRN":2,"PPC":0,"OTH":0}}},"geometry":{"type":"Polygon","coordinates":[[[624.07,85.69],[624.05,85.6],[624.05,85.59],[624.06,85.56],[624.06,85.55],[624.12,85.62],[624.19,85.7],[624.31,85.85],[624.45,86.01],[624.46,86.03],[624.42,86.09],[624.39,86.16],[624.38,86.19],[624.37,86.2],[624.36,86.2],[624.33,86.23],[624.31,86.22],[624.25,86.3],[624.27,86.16],[624.21,86.12],[624.18,86.15],[624.05,86.06],[624.02,86],[624.03,85.97],[624.06,85.91],[624.07,85.89],[624.08,85.84],[624.1,85.78],[624.08,85.78],[624.09,85.76],[624.09,85.73],[624.07,85.69]]]}},{"type":"Feature","id":"35040-217","properties":{"ridingCode":"35040","pollNumber":"217","pollType":"N","advancePollNumber":"628","sourceCode":"217-0","geometryPollNumbers":["217"],"code":"35040-217","resultPollNumbers":["217"],"resultStatus":"exact","result":{"electors":425,"voters":224,"totalVotes":223,"rejected":1,"turnout":52.70588235294118,"winnerId":"shelby-kramp-neuman","winnerPartyId":"CPC","runnerUpId":"tracey-sweeney-schenk","runnerUpPartyId":"LIB","margin":5.381165919282512,"top":[{"id":"shelby-kramp-neuman","name":"Shelby Kramp-Neuman","shortName":"Kramp-Neuman","partyId":"CPC","votes":109,"share":48.87892376681614},{"id":"tracey-sweeney-schenk","name":"Tracey Sweeney Schenk","shortName":"Sweeney Schenk","partyId":"LIB","votes":97,"share":43.49775784753363},{"id":"michael-holbrook","name":"Michael Holbrook","shortName":"Holbrook","partyId":"GRN","votes":9,"share":4.0358744394618835},{"id":"ava-duffy","name":"Ava Duffy","shortName":"Duffy","partyId":"NDP","votes":7,"share":3.1390134529147984}],"partyVotes":{"LIB":97,"CPC":109,"BQ":0,"NDP":7,"GRN":9,"PPC":1,"OTH":0}}},"geometry":{"type":"Polygon","coordinates":[[[628.85,87.35],[628.9,87.3],[628.96,87.19],[628.94,87.12],[628.91,87.02],[628.94,86.99],[629.09,86.89],[629.13,86.96],[629.23,87.09],[629.25,87.11],[629.26,87.11],[629.27,87.12],[629.29,87.12],[629.29,87.12],[629.29,87.13],[629.43,87.05],[629.61,87.29],[629.78,87.52],[629.67,87.64],[629.49,87.84],[629.46,87.88],[629.46,87.88],[629.45,87.88],[629.36,87.97],[629.32,88.02],[629.19,87.95],[629.09,87.84],[629.07,87.85],[629.04,87.85],[629.04,87.85],[629.07,87.83],[629.03,87.78],[629.01,87.74],[628.91,87.71],[628.9,87.7],[628.87,87.69],[628.84,87.69],[628.83,87.67],[628.82,87.67],[628.82,87.67],[628.83,87.65],[628.83,87.63],[628.81,87.59],[628.78,87.56],[628.77,87.53],[628.75,87.51],[628.74,87.49],[628.74,87.45],[628.73,87.32],[628.73,87.29],[628.82,87.34],[628.85,87.35]]]}},{"type":"Feature","id":"35040-218","properties":{"ridingCode":"35040","pollNumber":"218","pollType":"N","advancePollNumber":"628","sourceCode":"218-0","geometryPollNumbers":["218"],"code":"35040-218","resultPollNumbers":["218"],"resultStatus":"exact","result":{"electors":441,"voters":223,"totalVotes":223,"rejected":0,"turnout":50.56689342403629,"winnerId":"tracey-sweeney-schenk","winnerPartyId":"LIB","runnerUpId":"shelby-kramp-neuman","runnerUpPartyId":"CPC","margin":2.242152466367713,"top":[{"id":"tracey-sweeney-schenk","name":"Tracey Sweeney Schenk","shortName":"Sweeney Schenk","partyId":"LIB","votes":106,"share":47.53363228699551},{"id":"shelby-kramp-neuman","name":"Shelby Kramp-Neuman","shortName":"Kramp-Neuman","partyId":"CPC","votes":101,"share":45.2914798206278},{"id":"ava-duffy","name":"Ava Duffy","shortName":"Duffy","partyId":"NDP","votes":10,"share":4.484304932735426},{"id":"michael-holbrook","name":"Michael Holbrook","shortName":"Holbrook","partyId":"GRN","votes":5,"share":2.242152466367713}],"partyVotes":{"LIB":106,"CPC":101,"BQ":0,"NDP":10,"GRN":5,"PPC":1,"OTH":0}}},"geometry":{"type":"Polygon","coordinates":[[[628.2,86.54],[628.28,86.49],[628.29,86.47],[628.29,86.47],[628.32,86.45],[628.34,86.48],[628.44,86.4],[628.47,86.38],[628.5,86.36],[628.52,86.41],[628.57,86.46],[628.61,86.5],[628.62,86.53],[628.65,86.59],[628.69,86.63],[628.71,86.66],[628.72,86.68],[628.74,86.74],[628.77,86.82],[628.91,87.02],[628.94,87.12],[628.96,87.19],[628.9,87.3],[628.85,87.35],[628.82,87.34],[628.73,87.29],[628.7,87.25],[628.65,87.2],[628.59,87.15],[628.55,87.12],[628.47,87.06],[628.4,87],[628.37,86.96],[628.35,86.92],[628.33,86.86],[628.37,86.82],[628.35,86.76],[628.33,86.71],[628.25,86.6],[628.2,86.54]]]}},{"type":"Feature","id":"35040-219","properties":{"ridingCode":"35040","pollNumber":"219","pollType":"N","advancePollNumber":"628","sourceCode":"219-0","geometryPollNumbers":["219"],"code":"35040-219","resultPollNumbers":["219"],"resultStatus":"exact","result":{"electors":413,"voters":216,"totalVotes":216,"rejected":0,"turnout":52.300242130750604,"winnerId":"tracey-sweeney-schenk","winnerPartyId":"LIB","runnerUpId":"shelby-kramp-neuman","runnerUpPartyId":"CPC","margin":24.074074074074073,"top":[{"id":"tracey-sweeney-schenk","name":"Tracey Sweeney Schenk","shortName":"Sweeney Schenk","partyId":"LIB","votes":131,"share":60.64814814814815},{"id":"shelby-kramp-neuman","name":"Shelby Kramp-Neuman","shortName":"Kramp-Neuman","partyId":"CPC","votes":79,"share":36.574074074074076},{"id":"michael-holbrook","name":"Michael Holbrook","shortName":"Holbrook","partyId":"GRN","votes":4,"share":1.8518518518518516},{"id":"ava-duffy","name":"Ava Duffy","shortName":"Duffy","partyId":"NDP","votes":2,"share":0.9259259259259258}],"partyVotes":{"LIB":131,"CPC":79,"BQ":0,"NDP":2,"GRN":4,"PPC":0,"OTH":0}}},"geometry":{"type":"Polygon","coordinates":[[[628.62,86.24],[628.61,86.23],[628.62,86.23],[628.64,86.23],[628.65,86.21],[628.66,86.21],[628.74,86.12],[628.83,86.18],[628.87,86.21],[628.95,86.3],[628.99,86.39],[629.04,86.48],[629.11,86.61],[629.17,86.72],[629.32,86.9],[629.43,87.05],[629.29,87.13],[629.29,87.12],[629.29,87.12],[629.27,87.12],[629.26,87.11],[629.25,87.11],[629.23,87.09],[629.13,86.96],[629.09,86.89],[628.94,86.99],[628.91,87.02],[628.77,86.82],[628.74,86.74],[628.72,86.68],[628.71,86.66],[628.69,86.63],[628.65,86.59],[628.62,86.53],[628.61,86.5],[628.57,86.46],[628.52,86.41],[628.5,86.36],[628.62,86.24]]]}},{"type":"Feature","id":"35040-220","properties":{"ridingCode":"35040","pollNumber":"220","pollType":"N","advancePollNumber":"628","sourceCode":"220-0","geometryPollNumbers":["220"],"code":"35040-220","resultPollNumbers":["220"],"resultStatus":"exact","result":{"electors":272,"voters":118,"totalVotes":116,"rejected":2,"turnout":43.38235294117647,"winnerId":"shelby-kramp-neuman","winnerPartyId":"CPC","runnerUpId":"tracey-sweeney-schenk","runnerUpPartyId":"LIB","margin":19.82758620689655,"top":[{"id":"shelby-kramp-neuman","name":"Shelby Kramp-Neuman","shortName":"Kramp-Neuman","partyId":"CPC","votes":68,"share":58.620689655172406},{"id":"tracey-sweeney-schenk","name":"Tracey Sweeney Schenk","shortName":"Sweeney Schenk","partyId":"LIB","votes":45,"share":38.793103448275865},{"id":"ava-duffy","name":"Ava Duffy","shortName":"Duffy","partyId":"NDP","votes":2,"share":1.7241379310344827},{"id":"zaid-yusufani","name":"Zaid Yusufani","shortName":"Yusufani","partyId":"PPC","votes":1,"share":0.8620689655172413}],"partyVotes":{"LIB":45,"CPC":68,"BQ":0,"NDP":2,"GRN":0,"PPC":1,"OTH":0}}},"geometry":{"type":"Polygon","coordinates":[[[627.98,86.08],[628.02,86.01],[628.07,85.98],[628.14,85.94],[628.21,85.91],[628.23,85.9],[628.3,85.89],[628.33,85.9],[628.4,85.91],[628.46,85.94],[628.54,85.97],[628.74,86.12],[628.74,86.12],[628.66,86.21],[628.65,86.21],[628.64,86.23],[628.62,86.23],[628.61,86.23],[628.62,86.24],[628.5,86.36],[628.47,86.38],[628.44,86.4],[628.34,86.48],[628.32,86.45],[628.29,86.47],[628.29,86.47],[628.28,86.49],[628.2,86.54],[628.14,86.45],[628.06,86.36],[628,86.31],[627.97,86.29],[627.96,86.23],[627.96,86.17],[627.96,86.12],[627.98,86.08]]]}},{"type":"Feature","id":"35040-400","properties":{"ridingCode":"35040","pollNumber":"400","pollType":"S","advancePollNumber":"615","sourceCode":"400-0","geometryPollNumbers":["400"],"code":"35040-400","resultPollNumbers":["400"],"resultStatus":"exact","result":{"electors":101,"voters":49,"totalVotes":46,"rejected":3,"turnout":48.51485148514851,"winnerId":"tracey-sweeney-schenk","winnerPartyId":"LIB","runnerUpId":"shelby-kramp-neuman","runnerUpPartyId":"CPC","margin":8.695652173913043,"top":[{"id":"tracey-sweeney-schenk","name":"Tracey Sweeney Schenk","shortName":"Sweeney Schenk","partyId":"LIB","votes":21,"share":45.65217391304348},{"id":"shelby-kramp-neuman","name":"Shelby Kramp-Neuman","shortName":"Kramp-Neuman","partyId":"CPC","votes":17,"share":36.95652173913043},{"id":"ava-duffy","name":"Ava Duffy","shortName":"Duffy","partyId":"NDP","votes":7,"share":15.217391304347828},{"id":"michael-holbrook","name":"Michael Holbrook","shortName":"Holbrook","partyId":"GRN","votes":1,"share":2.1739130434782608}],"partyVotes":{"LIB":21,"CPC":17,"BQ":0,"NDP":7,"GRN":1,"PPC":0,"OTH":0}}},"geometry":{"type":"Polygon","coordinates":[[[630.62,88.65],[630.62,88.65],[630.62,88.65],[630.62,88.65]]]}},{"type":"Feature","id":"35040-500","properties":{"ridingCode":"35040","pollNumber":"500","pollType":"M","advancePollNumber":"602","sourceCode":"501-0","geometryPollNumbers":["500","501"],"code":"35040-500","resultPollNumbers":["500"],"resultStatus":"resolved-combination","result":{"electors":113,"voters":61,"totalVotes":56,"rejected":5,"turnout":53.98230088495575,"winnerId":"shelby-kramp-neuman","winnerPartyId":"CPC","runnerUpId":"tracey-sweeney-schenk","runnerUpPartyId":"LIB","margin":10.714285714285714,"top":[{"id":"shelby-kramp-neuman","name":"Shelby Kramp-Neuman","shortName":"Kramp-Neuman","partyId":"CPC","votes":25,"share":44.642857142857146},{"id":"tracey-sweeney-schenk","name":"Tracey Sweeney Schenk","shortName":"Sweeney Schenk","partyId":"LIB","votes":19,"share":33.92857142857143},{"id":"ava-duffy","name":"Ava Duffy","shortName":"Duffy","partyId":"NDP","votes":8,"share":14.285714285714285},{"id":"michael-holbrook","name":"Michael Holbrook","shortName":"Holbrook","partyId":"GRN","votes":3,"share":5.357142857142857}],"partyVotes":{"LIB":19,"CPC":25,"BQ":0,"NDP":8,"GRN":3,"PPC":1,"OTH":0}}},"geometry":{"type":"MultiPolygon","coordinates":[[[[619.37,94.49],[619.36,94.49],[619.36,94.49],[619.36,94.49],[619.37,94.49]]],[[[619.27,94.49],[619.27,94.49],[619.27,94.49],[619.27,94.49]]]]}},{"type":"Feature","id":"35040-502","properties":{"ridingCode":"35040","pollNumber":"502","pollType":"M","advancePollNumber":"604","sourceCode":"502-0","geometryPollNumbers":["502","506"],"code":"35040-502","resultPollNumbers":["502"],"resultStatus":"resolved-combination","result":{"electors":45,"voters":41,"totalVotes":41,"rejected":0,"turnout":91.11111111111111,"winnerId":"shelby-kramp-neuman","winnerPartyId":"CPC","runnerUpId":"tracey-sweeney-schenk","runnerUpPartyId":"LIB","margin":4.878048780487805,"top":[{"id":"shelby-kramp-neuman","name":"Shelby Kramp-Neuman","shortName":"Kramp-Neuman","partyId":"CPC","votes":20,"share":48.78048780487805},{"id":"tracey-sweeney-schenk","name":"Tracey Sweeney Schenk","shortName":"Sweeney Schenk","partyId":"LIB","votes":18,"share":43.90243902439025},{"id":"ava-duffy","name":"Ava Duffy","shortName":"Duffy","partyId":"NDP","votes":2,"share":4.878048780487805},{"id":"michael-holbrook","name":"Michael Holbrook","shortName":"Holbrook","partyId":"GRN","votes":1,"share":2.4390243902439024}],"partyVotes":{"LIB":18,"CPC":20,"BQ":0,"NDP":2,"GRN":1,"PPC":0,"OTH":0}}},"geometry":{"type":"MultiPolygon","coordinates":[[[[625.38,92.76],[625.37,92.77],[625.37,92.77],[625.37,92.76],[625.38,92.76]]],[[[628.01,88.69],[628.01,88.69],[628.01,88.68],[628.01,88.69]]]]}},{"type":"Feature","id":"35040-504","properties":{"ridingCode":"35040","pollNumber":"504","pollType":"M","advancePollNumber":"607","sourceCode":"505-0","geometryPollNumbers":["503","504","505"],"code":"35040-504","resultPollNumbers":["504"],"resultStatus":"resolved-combination","result":{"electors":72,"voters":101,"totalVotes":95,"rejected":6,"turnout":140.27777777777777,"winnerId":"shelby-kramp-neuman","winnerPartyId":"CPC","runnerUpId":"tracey-sweeney-schenk","runnerUpPartyId":"LIB","margin":30.526315789473685,"top":[{"id":"shelby-kramp-neuman","name":"Shelby Kramp-Neuman","shortName":"Kramp-Neuman","partyId":"CPC","votes":58,"share":61.05263157894737},{"id":"tracey-sweeney-schenk","name":"Tracey Sweeney Schenk","shortName":"Sweeney Schenk","partyId":"LIB","votes":29,"share":30.526315789473685},{"id":"ava-duffy","name":"Ava Duffy","shortName":"Duffy","partyId":"NDP","votes":4,"share":4.2105263157894735},{"id":"michael-holbrook","name":"Michael Holbrook","shortName":"Holbrook","partyId":"GRN","votes":3,"share":3.1578947368421053}],"partyVotes":{"LIB":29,"CPC":58,"BQ":0,"NDP":4,"GRN":3,"PPC":1,"OTH":0}}},"geometry":{"type":"MultiPolygon","coordinates":[[[[622.36,88.98],[622.36,88.98],[622.36,88.98],[622.36,88.98]]],[[[625.01,89.69],[625.01,89.69],[625.01,89.69],[625.01,89.69]]],[[[623.82,89.71],[623.82,89.71],[623.82,89.71],[623.82,89.71]]]]}},{"type":"Feature","id":"35040-508","properties":{"ridingCode":"35040","pollNumber":"508","pollType":"M","advancePollNumber":"614","sourceCode":"508-0","geometryPollNumbers":["507","508","513"],"code":"35040-508","resultPollNumbers":["508"],"resultStatus":"resolved-combination","result":{"electors":46,"voters":56,"totalVotes":53,"rejected":3,"turnout":121.73913043478262,"winnerId":"tracey-sweeney-schenk","winnerPartyId":"LIB","runnerUpId":"shelby-kramp-neuman","runnerUpPartyId":"CPC","margin":16.9811320754717,"top":[{"id":"tracey-sweeney-schenk","name":"Tracey Sweeney Schenk","shortName":"Sweeney Schenk","partyId":"LIB","votes":26,"share":49.056603773584904},{"id":"shelby-kramp-neuman","name":"Shelby Kramp-Neuman","shortName":"Kramp-Neuman","partyId":"CPC","votes":17,"share":32.075471698113205},{"id":"ava-duffy","name":"Ava Duffy","shortName":"Duffy","partyId":"NDP","votes":7,"share":13.20754716981132},{"id":"michael-holbrook","name":"Michael Holbrook","shortName":"Holbrook","partyId":"GRN","votes":2,"share":3.7735849056603774}],"partyVotes":{"LIB":26,"CPC":17,"BQ":0,"NDP":7,"GRN":2,"PPC":1,"OTH":0}}},"geometry":{"type":"MultiPolygon","coordinates":[[[[630.69,88.58],[630.69,88.58],[630.69,88.58],[630.69,88.58]]],[[[627.92,87.54],[627.92,87.54],[627.92,87.54],[627.92,87.54]]],[[[630.77,88.66],[630.76,88.67],[630.76,88.66],[630.77,88.66]]]]}},{"type":"Feature","id":"35040-509","properties":{"ridingCode":"35040","pollNumber":"509","pollType":"M","advancePollNumber":"627","sourceCode":"509-0","geometryPollNumbers":["509","510"],"code":"35040-509","resultPollNumbers":["509"],"resultStatus":"resolved-combination","result":{"electors":78,"voters":104,"totalVotes":98,"rejected":6,"turnout":133.33333333333331,"winnerId":"shelby-kramp-neuman","winnerPartyId":"CPC","runnerUpId":"tracey-sweeney-schenk","runnerUpPartyId":"LIB","margin":0,"top":[{"id":"shelby-kramp-neuman","name":"Shelby Kramp-Neuman","shortName":"Kramp-Neuman","partyId":"CPC","votes":46,"share":46.93877551020408},{"id":"tracey-sweeney-schenk","name":"Tracey Sweeney Schenk","shortName":"Sweeney Schenk","partyId":"LIB","votes":46,"share":46.93877551020408},{"id":"ava-duffy","name":"Ava Duffy","shortName":"Duffy","partyId":"NDP","votes":5,"share":5.1020408163265305},{"id":"michael-holbrook","name":"Michael Holbrook","shortName":"Holbrook","partyId":"GRN","votes":1,"share":1.0204081632653061}],"partyVotes":{"LIB":46,"CPC":46,"BQ":0,"NDP":5,"GRN":1,"PPC":0,"OTH":0}}},"geometry":{"type":"MultiPolygon","coordinates":[[[[628.34,88.1],[628.34,88.1],[628.34,88.1],[628.34,88.1],[628.34,88.1]]],[[[628.3,88.09],[628.31,88.1],[628.3,88.1],[628.29,88.09],[628.3,88.09],[628.3,88.09]]]]}},{"type":"Feature","id":"35040-511","properties":{"ridingCode":"35040","pollNumber":"511","pollType":"M","advancePollNumber":"620","sourceCode":"511-0","geometryPollNumbers":["511","512","514"],"code":"35040-511","resultPollNumbers":["511"],"resultStatus":"resolved-combination","result":{"electors":22,"voters":40,"totalVotes":37,"rejected":3,"turnout":181.8181818181818,"winnerId":"shelby-kramp-neuman","winnerPartyId":"CPC","runnerUpId":"tracey-sweeney-schenk","runnerUpPartyId":"LIB","margin":10.81081081081081,"top":[{"id":"shelby-kramp-neuman","name":"Shelby Kramp-Neuman","shortName":"Kramp-Neuman","partyId":"CPC","votes":16,"share":43.24324324324324},{"id":"tracey-sweeney-schenk","name":"Tracey Sweeney Schenk","shortName":"Sweeney Schenk","partyId":"LIB","votes":12,"share":32.432432432432435},{"id":"ava-duffy","name":"Ava Duffy","shortName":"Duffy","partyId":"NDP","votes":6,"share":16.216216216216218},{"id":"zaid-yusufani","name":"Zaid Yusufani","shortName":"Yusufani","partyId":"PPC","votes":2,"share":5.405405405405405}],"partyVotes":{"LIB":12,"CPC":16,"BQ":0,"NDP":6,"GRN":1,"PPC":2,"OTH":0}}},"geometry":{"type":"MultiPolygon","coordinates":[[[[623.86,87.44],[623.85,87.44],[623.86,87.44],[623.86,87.44],[623.86,87.44]]],[[[623.87,87.37],[623.87,87.37],[623.86,87.37],[623.87,87.37]]],[[[625.34,86.72],[625.34,86.72],[625.34,86.72],[625.34,86.72]]]]}}]}