{"type":"FeatureCollection","ridingCode":"35088","ridingName":"Prescott--Russell--Cumberland","result":{"electors":94910,"voters":71923,"totalVotes":71393,"rejected":530,"turnout":75.78021283321041,"winnerId":"giovanna-mingarelli","winnerPartyId":"LIB","runnerUpId":"julie-se-guin","runnerUpPartyId":"CPC","margin":14.434188225736417,"top":[{"id":"giovanna-mingarelli","name":"Giovanna Mingarelli","shortName":"Mingarelli","partyId":"LIB","votes":39110,"share":54.78128107797683},{"id":"julie-se-guin","name":"Julie Séguin","shortName":"Séguin","partyId":"CPC","votes":28805,"share":40.347092852240415},{"id":"ryder-finlay","name":"Ryder Finlay","shortName":"Finlay","partyId":"NDP","votes":1730,"share":2.4232067569649685},{"id":"thaila-riden","name":"Thaila Riden","shortName":"Riden","partyId":"GRN","votes":787,"share":1.102348969786954},{"id":"deborah-perrier","name":"Deborah Perrier","shortName":"Perrier","partyId":"PPC","votes":725,"share":1.0155057218494812},{"id":"jason-st-louis","name":"Jason St-Louis","shortName":"St-Louis","partyId":"OTH","votes":236,"share":0.33056462118134833}],"partyVotes":{"LIB":39110,"CPC":28805,"BQ":0,"NDP":1730,"GRN":787,"PPC":725,"OTH":236}},"buckets":[{"kind":"advance","polls":29,"electors":0,"voters":29563,"totalVotes":29437,"rejected":126,"turnout":0,"winnerId":"giovanna-mingarelli","winnerPartyId":"LIB","runnerUpId":"julie-se-guin","runnerUpPartyId":"CPC","margin":24.02079016204097,"top":[{"id":"giovanna-mingarelli","name":"Giovanna Mingarelli","shortName":"Mingarelli","partyId":"LIB","votes":17710,"share":60.16238067737881},{"id":"julie-se-guin","name":"Julie Séguin","shortName":"Séguin","partyId":"CPC","votes":10639,"share":36.14159051533784},{"id":"ryder-finlay","name":"Ryder Finlay","shortName":"Finlay","partyId":"NDP","votes":554,"share":1.8819852566497943},{"id":"thaila-riden","name":"Thaila Riden","shortName":"Riden","partyId":"GRN","votes":262,"share":0.8900363488127188},{"id":"deborah-perrier","name":"Deborah Perrier","shortName":"Perrier","partyId":"PPC","votes":208,"share":0.7065937425688759},{"id":"jason-st-louis","name":"Jason St-Louis","shortName":"St-Louis","partyId":"OTH","votes":64,"share":0.21741345925196184}],"partyVotes":{"LIB":17710,"CPC":10639,"BQ":0,"NDP":554,"GRN":262,"PPC":208,"OTH":64}},{"kind":"special","polls":2,"electors":178,"voters":3912,"totalVotes":3773,"rejected":139,"turnout":2197.752808988764,"winnerId":"giovanna-mingarelli","winnerPartyId":"LIB","runnerUpId":"julie-se-guin","runnerUpPartyId":"CPC","margin":29.737609329446062,"top":[{"id":"giovanna-mingarelli","name":"Giovanna Mingarelli","shortName":"Mingarelli","partyId":"LIB","votes":2377,"share":63.00026504108137},{"id":"julie-se-guin","name":"Julie Séguin","shortName":"Séguin","partyId":"CPC","votes":1255,"share":33.262655711635304},{"id":"ryder-finlay","name":"Ryder Finlay","shortName":"Finlay","partyId":"NDP","votes":79,"share":2.0938245428041347},{"id":"thaila-riden","name":"Thaila Riden","shortName":"Riden","partyId":"GRN","votes":30,"share":0.7951232441028359},{"id":"deborah-perrier","name":"Deborah Perrier","shortName":"Perrier","partyId":"PPC","votes":24,"share":0.6360985952822688},{"id":"jason-st-louis","name":"Jason St-Louis","shortName":"St-Louis","partyId":"OTH","votes":8,"share":0.21203286509408956}],"partyVotes":{"LIB":2377,"CPC":1255,"BQ":0,"NDP":79,"GRN":30,"PPC":24,"OTH":8}}],"features":[{"type":"Feature","id":"35088-1","properties":{"ridingCode":"35088","pollNumber":"1","pollType":"N","advancePollNumber":"603","sourceCode":"1-0","geometryPollNumbers":["1"],"code":"35088-1","resultPollNumbers":["1"],"resultStatus":"exact","result":{"electors":323,"voters":127,"totalVotes":126,"rejected":1,"turnout":39.318885448916404,"winnerId":"giovanna-mingarelli","winnerPartyId":"LIB","runnerUpId":"julie-se-guin","runnerUpPartyId":"CPC","margin":11.904761904761903,"top":[{"id":"giovanna-mingarelli","name":"Giovanna Mingarelli","shortName":"Mingarelli","partyId":"LIB","votes":65,"share":51.587301587301596},{"id":"julie-se-guin","name":"Julie Séguin","shortName":"Séguin","partyId":"CPC","votes":50,"share":39.682539682539684},{"id":"ryder-finlay","name":"Ryder Finlay","shortName":"Finlay","partyId":"NDP","votes":5,"share":3.968253968253968},{"id":"thaila-riden","name":"Thaila Riden","shortName":"Riden","partyId":"GRN","votes":4,"share":3.1746031746031744}],"partyVotes":{"LIB":65,"CPC":50,"BQ":0,"NDP":5,"GRN":4,"PPC":0,"OTH":2}}},"geometry":{"type":"Polygon","coordinates":[[[640.2,107.63],[640.2,107.58],[640.24,107.58],[640.27,107.57],[640.28,107.57],[640.28,107.59],[640.29,107.59],[640.29,107.61],[640.28,107.63],[640.3,107.63],[640.3,107.66],[640.29,107.67],[640.29,107.67],[640.29,107.69],[640.3,107.7],[640.32,107.69],[640.33,107.68],[640.34,107.68],[640.34,107.64],[640.36,107.67],[640.34,107.7],[640.34,107.77],[640.32,107.76],[640.24,107.7],[640.2,107.67],[640.2,107.63]]]}},{"type":"Feature","id":"35088-2","properties":{"ridingCode":"35088","pollNumber":"2","pollType":"N","advancePollNumber":"603","sourceCode":"2-0","geometryPollNumbers":["2"],"code":"35088-2","resultPollNumbers":["2"],"resultStatus":"exact","result":{"electors":351,"voters":117,"totalVotes":115,"rejected":2,"turnout":33.33333333333333,"winnerId":"giovanna-mingarelli","winnerPartyId":"LIB","runnerUpId":"julie-se-guin","runnerUpPartyId":"CPC","margin":11.304347826086957,"top":[{"id":"giovanna-mingarelli","name":"Giovanna Mingarelli","shortName":"Mingarelli","partyId":"LIB","votes":63,"share":54.78260869565217},{"id":"julie-se-guin","name":"Julie Séguin","shortName":"Séguin","partyId":"CPC","votes":50,"share":43.47826086956522},{"id":"ryder-finlay","name":"Ryder Finlay","shortName":"Finlay","partyId":"NDP","votes":1,"share":0.8695652173913043},{"id":"jason-st-louis","name":"Jason St-Louis","shortName":"St-Louis","partyId":"OTH","votes":1,"share":0.8695652173913043}],"partyVotes":{"LIB":63,"CPC":50,"BQ":0,"NDP":1,"GRN":0,"PPC":0,"OTH":1}}},"geometry":{"type":"Polygon","coordinates":[[[640.15,107.55],[640.14,107.54],[640.15,107.53],[640.18,107.44],[640.21,107.45],[640.24,107.46],[640.34,107.48],[640.34,107.51],[640.28,107.51],[640.34,107.55],[640.34,107.64],[640.34,107.68],[640.33,107.68],[640.32,107.69],[640.3,107.7],[640.29,107.69],[640.29,107.67],[640.29,107.67],[640.3,107.66],[640.3,107.63],[640.28,107.63],[640.29,107.61],[640.29,107.59],[640.28,107.59],[640.28,107.57],[640.27,107.57],[640.24,107.58],[640.2,107.58],[640.2,107.63],[640.2,107.62],[640.19,107.63],[640.2,107.63],[640.2,107.63],[640.2,107.67],[640.13,107.63],[640.1,107.62],[640.14,107.55],[640.15,107.56],[640.15,107.55]]]}},{"type":"Feature","id":"35088-3","properties":{"ridingCode":"35088","pollNumber":"3","pollType":"N","advancePollNumber":"601","sourceCode":"3-0","geometryPollNumbers":["3"],"code":"35088-3","resultPollNumbers":["3"],"resultStatus":"exact","result":{"electors":472,"voters":153,"totalVotes":151,"rejected":2,"turnout":32.41525423728814,"winnerId":"giovanna-mingarelli","winnerPartyId":"LIB","runnerUpId":"julie-se-guin","runnerUpPartyId":"CPC","margin":12.582781456953644,"top":[{"id":"giovanna-mingarelli","name":"Giovanna Mingarelli","shortName":"Mingarelli","partyId":"LIB","votes":79,"share":52.317880794701985},{"id":"julie-se-guin","name":"Julie Séguin","shortName":"Séguin","partyId":"CPC","votes":60,"share":39.735099337748345},{"id":"ryder-finlay","name":"Ryder Finlay","shortName":"Finlay","partyId":"NDP","votes":5,"share":3.3112582781456954},{"id":"thaila-riden","name":"Thaila Riden","shortName":"Riden","partyId":"GRN","votes":5,"share":3.3112582781456954}],"partyVotes":{"LIB":79,"CPC":60,"BQ":0,"NDP":5,"GRN":5,"PPC":2,"OTH":0}}},"geometry":{"type":"Polygon","coordinates":[[[640.8,107.61],[640.8,107.58],[640.81,107.58],[640.82,107.58],[640.82,107.61],[640.83,107.61],[640.85,107.61],[640.88,107.61],[640.88,107.59],[640.89,107.59],[640.91,107.59],[640.91,107.57],[640.93,107.57],[640.93,107.56],[640.94,107.56],[640.94,107.56],[640.94,107.6],[640.91,107.61],[640.91,107.62],[640.91,107.67],[640.81,107.68],[640.81,107.62],[640.81,107.62],[640.79,107.62],[640.79,107.61],[640.8,107.61]]]}},{"type":"Feature","id":"35088-4","properties":{"ridingCode":"35088","pollNumber":"4","pollType":"N","advancePollNumber":"601","sourceCode":"4-0","geometryPollNumbers":["4"],"code":"35088-4","resultPollNumbers":["4"],"resultStatus":"exact","result":{"electors":261,"voters":78,"totalVotes":77,"rejected":1,"turnout":29.88505747126437,"winnerId":"julie-se-guin","winnerPartyId":"CPC","runnerUpId":"giovanna-mingarelli","runnerUpPartyId":"LIB","margin":7.792207792207792,"top":[{"id":"julie-se-guin","name":"Julie Séguin","shortName":"Séguin","partyId":"CPC","votes":39,"share":50.649350649350644},{"id":"giovanna-mingarelli","name":"Giovanna Mingarelli","shortName":"Mingarelli","partyId":"LIB","votes":33,"share":42.857142857142854},{"id":"ryder-finlay","name":"Ryder Finlay","shortName":"Finlay","partyId":"NDP","votes":3,"share":3.896103896103896},{"id":"deborah-perrier","name":"Deborah Perrier","shortName":"Perrier","partyId":"PPC","votes":1,"share":1.2987012987012987}],"partyVotes":{"LIB":33,"CPC":39,"BQ":0,"NDP":3,"GRN":1,"PPC":1,"OTH":0}}},"geometry":{"type":"Polygon","coordinates":[[[640.91,107.67],[640.91,107.62],[640.91,107.61],[640.94,107.6],[640.98,107.58],[641.04,107.58],[641.03,107.6],[641.03,107.66],[640.91,107.67]]]}},{"type":"Feature","id":"35088-5","properties":{"ridingCode":"35088","pollNumber":"5","pollType":"N","advancePollNumber":"601","sourceCode":"5-0","geometryPollNumbers":["5"],"code":"35088-5","resultPollNumbers":["5"],"resultStatus":"exact","result":{"electors":375,"voters":109,"totalVotes":108,"rejected":1,"turnout":29.06666666666667,"winnerId":"julie-se-guin","winnerPartyId":"CPC","runnerUpId":"giovanna-mingarelli","runnerUpPartyId":"LIB","margin":0.9259259259259258,"top":[{"id":"julie-se-guin","name":"Julie Séguin","shortName":"Séguin","partyId":"CPC","votes":51,"share":47.22222222222222},{"id":"giovanna-mingarelli","name":"Giovanna Mingarelli","shortName":"Mingarelli","partyId":"LIB","votes":50,"share":46.2962962962963},{"id":"thaila-riden","name":"Thaila Riden","shortName":"Riden","partyId":"GRN","votes":3,"share":2.7777777777777777},{"id":"ryder-finlay","name":"Ryder Finlay","shortName":"Finlay","partyId":"NDP","votes":2,"share":1.8518518518518516}],"partyVotes":{"LIB":50,"CPC":51,"BQ":0,"NDP":2,"GRN":3,"PPC":1,"OTH":1}}},"geometry":{"type":"Polygon","coordinates":[[[640.86,107.56],[640.89,107.56],[640.89,107.59],[640.88,107.59],[640.88,107.61],[640.85,107.61],[640.85,107.58],[640.86,107.58],[640.86,107.56]]]}},{"type":"Feature","id":"35088-6","properties":{"ridingCode":"35088","pollNumber":"6","pollType":"N","advancePollNumber":"601","sourceCode":"6-0","geometryPollNumbers":["6"],"code":"35088-6","resultPollNumbers":["6"],"resultStatus":"exact","result":{"electors":346,"voters":116,"totalVotes":115,"rejected":1,"turnout":33.52601156069364,"winnerId":"julie-se-guin","winnerPartyId":"CPC","runnerUpId":"giovanna-mingarelli","runnerUpPartyId":"LIB","margin":0.8695652173913043,"top":[{"id":"julie-se-guin","name":"Julie Séguin","shortName":"Séguin","partyId":"CPC","votes":56,"share":48.69565217391305},{"id":"giovanna-mingarelli","name":"Giovanna Mingarelli","shortName":"Mingarelli","partyId":"LIB","votes":55,"share":47.82608695652174},{"id":"ryder-finlay","name":"Ryder Finlay","shortName":"Finlay","partyId":"NDP","votes":3,"share":2.608695652173913},{"id":"deborah-perrier","name":"Deborah Perrier","shortName":"Perrier","partyId":"PPC","votes":1,"share":0.8695652173913043}],"partyVotes":{"LIB":55,"CPC":56,"BQ":0,"NDP":3,"GRN":0,"PPC":1,"OTH":0}}},"geometry":{"type":"Polygon","coordinates":[[[640.77,107.54],[640.77,107.54],[640.78,107.56],[640.81,107.56],[640.81,107.58],[640.81,107.58],[640.81,107.58],[640.8,107.58],[640.77,107.58],[640.77,107.56],[640.77,107.55],[640.77,107.54]]]}},{"type":"Feature","id":"35088-7","properties":{"ridingCode":"35088","pollNumber":"7","pollType":"N","advancePollNumber":"601","sourceCode":"7-0","geometryPollNumbers":["7"],"code":"35088-7","resultPollNumbers":["7"],"resultStatus":"exact","result":{"electors":491,"voters":165,"totalVotes":161,"rejected":4,"turnout":33.604887983706725,"winnerId":"julie-se-guin","winnerPartyId":"CPC","runnerUpId":"giovanna-mingarelli","runnerUpPartyId":"LIB","margin":16.149068322981368,"top":[{"id":"julie-se-guin","name":"Julie Séguin","shortName":"Séguin","partyId":"CPC","votes":88,"share":54.6583850931677},{"id":"giovanna-mingarelli","name":"Giovanna Mingarelli","shortName":"Mingarelli","partyId":"LIB","votes":62,"share":38.50931677018634},{"id":"ryder-finlay","name":"Ryder Finlay","shortName":"Finlay","partyId":"NDP","votes":5,"share":3.1055900621118013},{"id":"thaila-riden","name":"Thaila Riden","shortName":"Riden","partyId":"GRN","votes":3,"share":1.8633540372670807}],"partyVotes":{"LIB":62,"CPC":88,"BQ":0,"NDP":5,"GRN":3,"PPC":2,"OTH":1}}},"geometry":{"type":"Polygon","coordinates":[[[640.81,107.46],[640.89,107.46],[640.89,107.56],[640.86,107.56],[640.86,107.58],[640.85,107.58],[640.85,107.61],[640.83,107.61],[640.82,107.61],[640.82,107.58],[640.81,107.58],[640.81,107.58],[640.81,107.58],[640.81,107.58],[640.81,107.56],[640.81,107.52],[640.81,107.46]]]}},{"type":"Feature","id":"35088-8","properties":{"ridingCode":"35088","pollNumber":"8","pollType":"N","advancePollNumber":"601","sourceCode":"8-0","geometryPollNumbers":["8"],"code":"35088-8","resultPollNumbers":["8"],"resultStatus":"exact","result":{"electors":515,"voters":139,"totalVotes":138,"rejected":1,"turnout":26.990291262135923,"winnerId":"giovanna-mingarelli","winnerPartyId":"LIB","runnerUpId":"julie-se-guin","runnerUpPartyId":"CPC","margin":13.768115942028986,"top":[{"id":"giovanna-mingarelli","name":"Giovanna Mingarelli","shortName":"Mingarelli","partyId":"LIB","votes":71,"share":51.449275362318836},{"id":"julie-se-guin","name":"Julie Séguin","shortName":"Séguin","partyId":"CPC","votes":52,"share":37.68115942028986},{"id":"ryder-finlay","name":"Ryder Finlay","shortName":"Finlay","partyId":"NDP","votes":6,"share":4.3478260869565215},{"id":"thaila-riden","name":"Thaila Riden","shortName":"Riden","partyId":"GRN","votes":4,"share":2.898550724637681}],"partyVotes":{"LIB":71,"CPC":52,"BQ":0,"NDP":6,"GRN":4,"PPC":3,"OTH":2}}},"geometry":{"type":"Polygon","coordinates":[[[640.89,107.46],[640.89,107.42],[641.04,107.42],[641.04,107.58],[640.98,107.58],[640.94,107.6],[640.94,107.56],[640.94,107.56],[640.93,107.56],[640.93,107.57],[640.91,107.57],[640.91,107.59],[640.89,107.59],[640.89,107.56],[640.89,107.46]]]}},{"type":"Feature","id":"35088-9","properties":{"ridingCode":"35088","pollNumber":"9","pollType":"N","advancePollNumber":"601","sourceCode":"9-0","geometryPollNumbers":["9"],"code":"35088-9","resultPollNumbers":["9"],"resultStatus":"exact","result":{"electors":458,"voters":114,"totalVotes":110,"rejected":4,"turnout":24.890829694323145,"winnerId":"julie-se-guin","winnerPartyId":"CPC","runnerUpId":"giovanna-mingarelli","runnerUpPartyId":"LIB","margin":3.6363636363636362,"top":[{"id":"julie-se-guin","name":"Julie Séguin","shortName":"Séguin","partyId":"CPC","votes":53,"share":48.18181818181818},{"id":"giovanna-mingarelli","name":"Giovanna Mingarelli","shortName":"Mingarelli","partyId":"LIB","votes":49,"share":44.54545454545455},{"id":"ryder-finlay","name":"Ryder Finlay","shortName":"Finlay","partyId":"NDP","votes":6,"share":5.454545454545454},{"id":"deborah-perrier","name":"Deborah Perrier","shortName":"Perrier","partyId":"PPC","votes":2,"share":1.8181818181818181}],"partyVotes":{"LIB":49,"CPC":53,"BQ":0,"NDP":6,"GRN":0,"PPC":2,"OTH":0}}},"geometry":{"type":"Polygon","coordinates":[[[640.72,107.61],[640.72,107.59],[640.73,107.59],[640.73,107.6],[640.73,107.59],[640.76,107.6],[640.77,107.61],[640.77,107.59],[640.76,107.59],[640.76,107.57],[640.77,107.58],[640.8,107.58],[640.8,107.61],[640.79,107.61],[640.79,107.62],[640.81,107.62],[640.81,107.62],[640.81,107.68],[640.74,107.68],[640.73,107.64],[640.72,107.62],[640.72,107.61]]]}},{"type":"Feature","id":"35088-10","properties":{"ridingCode":"35088","pollNumber":"10","pollType":"N","advancePollNumber":"602","sourceCode":"10-0","geometryPollNumbers":["10"],"code":"35088-10","resultPollNumbers":["10"],"resultStatus":"exact","result":{"electors":563,"voters":131,"totalVotes":129,"rejected":2,"turnout":23.26820603907638,"winnerId":"julie-se-guin","winnerPartyId":"CPC","runnerUpId":"giovanna-mingarelli","runnerUpPartyId":"LIB","margin":20.155038759689923,"top":[{"id":"julie-se-guin","name":"Julie Séguin","shortName":"Séguin","partyId":"CPC","votes":73,"share":56.58914728682171},{"id":"giovanna-mingarelli","name":"Giovanna Mingarelli","shortName":"Mingarelli","partyId":"LIB","votes":47,"share":36.434108527131784},{"id":"ryder-finlay","name":"Ryder Finlay","shortName":"Finlay","partyId":"NDP","votes":4,"share":3.10077519379845},{"id":"thaila-riden","name":"Thaila Riden","shortName":"Riden","partyId":"GRN","votes":2,"share":1.550387596899225}],"partyVotes":{"LIB":47,"CPC":73,"BQ":0,"NDP":4,"GRN":2,"PPC":1,"OTH":2}}},"geometry":{"type":"Polygon","coordinates":[[[640.67,107.57],[640.67,107.55],[640.68,107.55],[640.69,107.55],[640.76,107.59],[640.77,107.59],[640.77,107.61],[640.76,107.6],[640.73,107.59],[640.73,107.59],[640.73,107.59],[640.72,107.59],[640.72,107.61],[640.71,107.61],[640.69,107.59],[640.68,107.58],[640.67,107.57]]]}},{"type":"Feature","id":"35088-11","properties":{"ridingCode":"35088","pollNumber":"11","pollType":"N","advancePollNumber":"601","sourceCode":"11-0","geometryPollNumbers":["11"],"code":"35088-11","resultPollNumbers":["11"],"resultStatus":"exact","result":{"electors":381,"voters":92,"totalVotes":92,"rejected":0,"turnout":24.146981627296586,"winnerId":"julie-se-guin","winnerPartyId":"CPC","runnerUpId":"giovanna-mingarelli","runnerUpPartyId":"LIB","margin":23.91304347826087,"top":[{"id":"julie-se-guin","name":"Julie Séguin","shortName":"Séguin","partyId":"CPC","votes":55,"share":59.78260869565217},{"id":"giovanna-mingarelli","name":"Giovanna Mingarelli","shortName":"Mingarelli","partyId":"LIB","votes":33,"share":35.869565217391305},{"id":"deborah-perrier","name":"Deborah Perrier","shortName":"Perrier","partyId":"PPC","votes":3,"share":3.260869565217391},{"id":"ryder-finlay","name":"Ryder Finlay","shortName":"Finlay","partyId":"NDP","votes":1,"share":1.0869565217391304}],"partyVotes":{"LIB":33,"CPC":55,"BQ":0,"NDP":1,"GRN":0,"PPC":3,"OTH":0}}},"geometry":{"type":"Polygon","coordinates":[[[640.68,107.55],[640.68,107.54],[640.68,107.54],[640.71,107.55],[640.73,107.56],[640.73,107.55],[640.74,107.54],[640.75,107.53],[640.76,107.54],[640.77,107.55],[640.77,107.56],[640.77,107.58],[640.76,107.57],[640.76,107.59],[640.69,107.55],[640.68,107.55]]]}},{"type":"Feature","id":"35088-12","properties":{"ridingCode":"35088","pollNumber":"12","pollType":"N","advancePollNumber":"602","sourceCode":"12-0","geometryPollNumbers":["12"],"code":"35088-12","resultPollNumbers":["12"],"resultStatus":"exact","result":{"electors":376,"voters":102,"totalVotes":101,"rejected":1,"turnout":27.127659574468083,"winnerId":"julie-se-guin","winnerPartyId":"CPC","runnerUpId":"giovanna-mingarelli","runnerUpPartyId":"LIB","margin":5.9405940594059405,"top":[{"id":"julie-se-guin","name":"Julie Séguin","shortName":"Séguin","partyId":"CPC","votes":48,"share":47.524752475247524},{"id":"giovanna-mingarelli","name":"Giovanna Mingarelli","shortName":"Mingarelli","partyId":"LIB","votes":42,"share":41.584158415841586},{"id":"ryder-finlay","name":"Ryder Finlay","shortName":"Finlay","partyId":"NDP","votes":6,"share":5.9405940594059405},{"id":"thaila-riden","name":"Thaila Riden","shortName":"Riden","partyId":"GRN","votes":4,"share":3.9603960396039604}],"partyVotes":{"LIB":42,"CPC":48,"BQ":0,"NDP":6,"GRN":4,"PPC":1,"OTH":0}}},"geometry":{"type":"Polygon","coordinates":[[[640.66,107.54],[640.69,107.54],[640.69,107.51],[640.7,107.51],[640.7,107.52],[640.72,107.52],[640.72,107.52],[640.73,107.55],[640.73,107.56],[640.71,107.55],[640.68,107.54],[640.68,107.54],[640.68,107.55],[640.67,107.55],[640.67,107.55],[640.67,107.55],[640.66,107.54],[640.66,107.54]]]}},{"type":"Feature","id":"35088-13","properties":{"ridingCode":"35088","pollNumber":"13","pollType":"N","advancePollNumber":"601","sourceCode":"13-0","geometryPollNumbers":["13"],"code":"35088-13","resultPollNumbers":["13"],"resultStatus":"exact","result":{"electors":436,"voters":127,"totalVotes":127,"rejected":0,"turnout":29.128440366972473,"winnerId":"giovanna-mingarelli","winnerPartyId":"LIB","runnerUpId":"julie-se-guin","runnerUpPartyId":"CPC","margin":5.511811023622047,"top":[{"id":"giovanna-mingarelli","name":"Giovanna Mingarelli","shortName":"Mingarelli","partyId":"LIB","votes":63,"share":49.60629921259843},{"id":"julie-se-guin","name":"Julie Séguin","shortName":"Séguin","partyId":"CPC","votes":56,"share":44.09448818897638},{"id":"deborah-perrier","name":"Deborah Perrier","shortName":"Perrier","partyId":"PPC","votes":4,"share":3.149606299212598},{"id":"ryder-finlay","name":"Ryder Finlay","shortName":"Finlay","partyId":"NDP","votes":2,"share":1.574803149606299}],"partyVotes":{"LIB":63,"CPC":56,"BQ":0,"NDP":2,"GRN":2,"PPC":4,"OTH":0}}},"geometry":{"type":"Polygon","coordinates":[[[640.72,107.52],[640.72,107.5],[640.72,107.5],[640.73,107.51],[640.74,107.51],[640.75,107.52],[640.75,107.52],[640.77,107.54],[640.77,107.54],[640.77,107.52],[640.77,107.5],[640.78,107.5],[640.78,107.5],[640.8,107.5],[640.8,107.49],[640.8,107.51],[640.8,107.51],[640.81,107.52],[640.81,107.56],[640.78,107.56],[640.77,107.54],[640.77,107.54],[640.77,107.55],[640.76,107.54],[640.75,107.53],[640.74,107.54],[640.73,107.55],[640.72,107.52]]]}},{"type":"Feature","id":"35088-14","properties":{"ridingCode":"35088","pollNumber":"14","pollType":"N","advancePollNumber":"602","sourceCode":"14-0","geometryPollNumbers":["14"],"code":"35088-14","resultPollNumbers":["14"],"resultStatus":"exact","result":{"electors":495,"voters":108,"totalVotes":106,"rejected":2,"turnout":21.818181818181817,"winnerId":"julie-se-guin","winnerPartyId":"CPC","runnerUpId":"giovanna-mingarelli","runnerUpPartyId":"LIB","margin":18.867924528301888,"top":[{"id":"julie-se-guin","name":"Julie Séguin","shortName":"Séguin","partyId":"CPC","votes":58,"share":54.71698113207547},{"id":"giovanna-mingarelli","name":"Giovanna Mingarelli","shortName":"Mingarelli","partyId":"LIB","votes":38,"share":35.84905660377358},{"id":"ryder-finlay","name":"Ryder Finlay","shortName":"Finlay","partyId":"NDP","votes":7,"share":6.60377358490566},{"id":"deborah-perrier","name":"Deborah Perrier","shortName":"Perrier","partyId":"PPC","votes":1,"share":0.9433962264150944}],"partyVotes":{"LIB":38,"CPC":58,"BQ":0,"NDP":7,"GRN":1,"PPC":1,"OTH":1}}},"geometry":{"type":"Polygon","coordinates":[[[640.66,107.5],[640.66,107.46],[640.66,107.46],[640.66,107.47],[640.67,107.47],[640.68,107.47],[640.69,107.49],[640.69,107.51],[640.69,107.51],[640.69,107.54],[640.66,107.54],[640.66,107.51],[640.65,107.51],[640.65,107.5],[640.66,107.5]]]}},{"type":"Feature","id":"35088-15","properties":{"ridingCode":"35088","pollNumber":"15","pollType":"N","advancePollNumber":"601","sourceCode":"15-0","geometryPollNumbers":["15"],"code":"35088-15","resultPollNumbers":["15"],"resultStatus":"exact","result":{"electors":400,"voters":124,"totalVotes":122,"rejected":2,"turnout":31,"winnerId":"giovanna-mingarelli","winnerPartyId":"LIB","runnerUpId":"julie-se-guin","runnerUpPartyId":"CPC","margin":23.770491803278688,"top":[{"id":"giovanna-mingarelli","name":"Giovanna Mingarelli","shortName":"Mingarelli","partyId":"LIB","votes":72,"share":59.01639344262295},{"id":"julie-se-guin","name":"Julie Séguin","shortName":"Séguin","partyId":"CPC","votes":43,"share":35.24590163934426},{"id":"ryder-finlay","name":"Ryder Finlay","shortName":"Finlay","partyId":"NDP","votes":2,"share":1.639344262295082},{"id":"deborah-perrier","name":"Deborah Perrier","shortName":"Perrier","partyId":"PPC","votes":2,"share":1.639344262295082}],"partyVotes":{"LIB":72,"CPC":43,"BQ":0,"NDP":2,"GRN":1,"PPC":2,"OTH":2}}},"geometry":{"type":"Polygon","coordinates":[[[640.71,107.49],[640.73,107.49],[640.76,107.49],[640.77,107.49],[640.77,107.5],[640.77,107.52],[640.77,107.54],[640.77,107.54],[640.75,107.52],[640.75,107.52],[640.74,107.51],[640.73,107.51],[640.72,107.5],[640.72,107.5],[640.71,107.49]]]}},{"type":"Feature","id":"35088-16","properties":{"ridingCode":"35088","pollNumber":"16","pollType":"N","advancePollNumber":"602","sourceCode":"16-0","geometryPollNumbers":["16"],"code":"35088-16","resultPollNumbers":["16"],"resultStatus":"exact","result":{"electors":547,"voters":83,"totalVotes":83,"rejected":0,"turnout":15.173674588665447,"winnerId":"giovanna-mingarelli","winnerPartyId":"LIB","runnerUpId":"julie-se-guin","runnerUpPartyId":"CPC","margin":14.457831325301203,"top":[{"id":"giovanna-mingarelli","name":"Giovanna Mingarelli","shortName":"Mingarelli","partyId":"LIB","votes":46,"share":55.42168674698795},{"id":"julie-se-guin","name":"Julie Séguin","shortName":"Séguin","partyId":"CPC","votes":34,"share":40.963855421686745},{"id":"thaila-riden","name":"Thaila Riden","shortName":"Riden","partyId":"GRN","votes":2,"share":2.4096385542168677},{"id":"deborah-perrier","name":"Deborah Perrier","shortName":"Perrier","partyId":"PPC","votes":1,"share":1.2048192771084338}],"partyVotes":{"LIB":46,"CPC":34,"BQ":0,"NDP":0,"GRN":2,"PPC":1,"OTH":0}}},"geometry":{"type":"Polygon","coordinates":[[[640.66,107.41],[640.78,107.41],[640.78,107.42],[640.75,107.42],[640.71,107.42],[640.7,107.42],[640.7,107.43],[640.7,107.46],[640.7,107.46],[640.7,107.46],[640.7,107.47],[640.71,107.49],[640.72,107.5],[640.72,107.52],[640.72,107.52],[640.7,107.52],[640.7,107.51],[640.69,107.51],[640.69,107.51],[640.69,107.49],[640.68,107.47],[640.67,107.47],[640.66,107.47],[640.66,107.46],[640.66,107.46],[640.66,107.44],[640.66,107.42],[640.66,107.41]]]}},{"type":"Feature","id":"35088-17","properties":{"ridingCode":"35088","pollNumber":"17","pollType":"N","advancePollNumber":"602","sourceCode":"17-0","geometryPollNumbers":["17"],"code":"35088-17","resultPollNumbers":["17"],"resultStatus":"exact","result":{"electors":448,"voters":102,"totalVotes":99,"rejected":3,"turnout":22.767857142857142,"winnerId":"giovanna-mingarelli","winnerPartyId":"LIB","runnerUpId":"julie-se-guin","runnerUpPartyId":"CPC","margin":11.11111111111111,"top":[{"id":"giovanna-mingarelli","name":"Giovanna Mingarelli","shortName":"Mingarelli","partyId":"LIB","votes":52,"share":52.52525252525253},{"id":"julie-se-guin","name":"Julie Séguin","shortName":"Séguin","partyId":"CPC","votes":41,"share":41.41414141414141},{"id":"ryder-finlay","name":"Ryder Finlay","shortName":"Finlay","partyId":"NDP","votes":2,"share":2.0202020202020203},{"id":"deborah-perrier","name":"Deborah Perrier","shortName":"Perrier","partyId":"PPC","votes":2,"share":2.0202020202020203}],"partyVotes":{"LIB":52,"CPC":41,"BQ":0,"NDP":2,"GRN":1,"PPC":2,"OTH":1}}},"geometry":{"type":"Polygon","coordinates":[[[640.7,107.46],[640.7,107.43],[640.71,107.42],[640.75,107.42],[640.78,107.42],[640.78,107.46],[640.76,107.46],[640.76,107.45],[640.74,107.45],[640.74,107.47],[640.76,107.47],[640.76,107.49],[640.73,107.49],[640.71,107.49],[640.7,107.47],[640.7,107.46],[640.7,107.46]]]}},{"type":"Feature","id":"35088-18","properties":{"ridingCode":"35088","pollNumber":"18","pollType":"N","advancePollNumber":"601","sourceCode":"18-0","geometryPollNumbers":["18"],"code":"35088-18","resultPollNumbers":["18"],"resultStatus":"exact","result":{"electors":469,"voters":126,"totalVotes":124,"rejected":2,"turnout":26.865671641791046,"winnerId":"giovanna-mingarelli","winnerPartyId":"LIB","runnerUpId":"julie-se-guin","runnerUpPartyId":"CPC","margin":14.516129032258066,"top":[{"id":"giovanna-mingarelli","name":"Giovanna Mingarelli","shortName":"Mingarelli","partyId":"LIB","votes":67,"share":54.03225806451613},{"id":"julie-se-guin","name":"Julie Séguin","shortName":"Séguin","partyId":"CPC","votes":49,"share":39.516129032258064},{"id":"thaila-riden","name":"Thaila Riden","shortName":"Riden","partyId":"GRN","votes":5,"share":4.032258064516129},{"id":"ryder-finlay","name":"Ryder Finlay","shortName":"Finlay","partyId":"NDP","votes":3,"share":2.4193548387096775}],"partyVotes":{"LIB":67,"CPC":49,"BQ":0,"NDP":3,"GRN":5,"PPC":0,"OTH":0}}},"geometry":{"type":"Polygon","coordinates":[[[640.74,107.47],[640.74,107.45],[640.76,107.45],[640.76,107.46],[640.78,107.46],[640.78,107.42],[640.78,107.41],[640.89,107.42],[640.89,107.46],[640.81,107.46],[640.81,107.52],[640.8,107.51],[640.8,107.51],[640.8,107.49],[640.8,107.5],[640.78,107.5],[640.78,107.5],[640.77,107.5],[640.77,107.49],[640.76,107.49],[640.76,107.47],[640.74,107.47]]]}},{"type":"Feature","id":"35088-19","properties":{"ridingCode":"35088","pollNumber":"19","pollType":"N","advancePollNumber":"602","sourceCode":"19-0","geometryPollNumbers":["19"],"code":"35088-19","resultPollNumbers":["19"],"resultStatus":"exact","result":{"electors":383,"voters":170,"totalVotes":169,"rejected":1,"turnout":44.38642297650131,"winnerId":"giovanna-mingarelli","winnerPartyId":"LIB","runnerUpId":"julie-se-guin","runnerUpPartyId":"CPC","margin":0.591715976331361,"top":[{"id":"giovanna-mingarelli","name":"Giovanna Mingarelli","shortName":"Mingarelli","partyId":"LIB","votes":81,"share":47.928994082840234},{"id":"julie-se-guin","name":"Julie Séguin","shortName":"Séguin","partyId":"CPC","votes":80,"share":47.337278106508876},{"id":"thaila-riden","name":"Thaila Riden","shortName":"Riden","partyId":"GRN","votes":7,"share":4.142011834319527},{"id":"ryder-finlay","name":"Ryder Finlay","shortName":"Finlay","partyId":"NDP","votes":1,"share":0.591715976331361}],"partyVotes":{"LIB":81,"CPC":80,"BQ":0,"NDP":1,"GRN":7,"PPC":0,"OTH":0}}},"geometry":{"type":"Polygon","coordinates":[[[640.34,107.55],[640.28,107.51],[640.34,107.51],[640.34,107.48],[640.42,107.49],[640.43,107.49],[640.45,107.48],[640.45,107.59],[640.46,107.59],[640.46,107.6],[640.49,107.59],[640.49,107.78],[640.46,107.79],[640.43,107.8],[640.4,107.8],[640.39,107.79],[640.34,107.77],[640.34,107.7],[640.36,107.67],[640.34,107.64],[640.34,107.55]]]}},{"type":"Feature","id":"35088-20","properties":{"ridingCode":"35088","pollNumber":"20","pollType":"N","advancePollNumber":"602","sourceCode":"20-0","geometryPollNumbers":["20"],"code":"35088-20","resultPollNumbers":["20"],"resultStatus":"exact","result":{"electors":395,"voters":120,"totalVotes":120,"rejected":0,"turnout":30.37974683544304,"winnerId":"julie-se-guin","winnerPartyId":"CPC","runnerUpId":"giovanna-mingarelli","runnerUpPartyId":"LIB","margin":4.166666666666666,"top":[{"id":"julie-se-guin","name":"Julie Séguin","shortName":"Séguin","partyId":"CPC","votes":59,"share":49.166666666666664},{"id":"giovanna-mingarelli","name":"Giovanna Mingarelli","shortName":"Mingarelli","partyId":"LIB","votes":54,"share":45},{"id":"deborah-perrier","name":"Deborah Perrier","shortName":"Perrier","partyId":"PPC","votes":3,"share":2.5},{"id":"ryder-finlay","name":"Ryder Finlay","shortName":"Finlay","partyId":"NDP","votes":2,"share":1.6666666666666667}],"partyVotes":{"LIB":54,"CPC":59,"BQ":0,"NDP":2,"GRN":2,"PPC":3,"OTH":0}}},"geometry":{"type":"Polygon","coordinates":[[[640.59,107.53],[640.6,107.54],[640.63,107.54],[640.63,107.53],[640.66,107.54],[640.66,107.54],[640.66,107.54],[640.67,107.55],[640.67,107.55],[640.67,107.57],[640.68,107.58],[640.69,107.59],[640.71,107.61],[640.72,107.61],[640.72,107.62],[640.73,107.64],[640.74,107.68],[640.64,107.7],[640.61,107.71],[640.58,107.73],[640.54,107.75],[640.49,107.78],[640.49,107.59],[640.5,107.59],[640.57,107.56],[640.59,107.56],[640.59,107.53]]]}},{"type":"Feature","id":"35088-21","properties":{"ridingCode":"35088","pollNumber":"21","pollType":"N","advancePollNumber":"602","sourceCode":"21-0","geometryPollNumbers":["21"],"code":"35088-21","resultPollNumbers":["21"],"resultStatus":"exact","result":{"electors":466,"voters":141,"totalVotes":139,"rejected":2,"turnout":30.257510729613735,"winnerId":"julie-se-guin","winnerPartyId":"CPC","runnerUpId":"giovanna-mingarelli","runnerUpPartyId":"LIB","margin":16.546762589928058,"top":[{"id":"julie-se-guin","name":"Julie Séguin","shortName":"Séguin","partyId":"CPC","votes":79,"share":56.83453237410072},{"id":"giovanna-mingarelli","name":"Giovanna Mingarelli","shortName":"Mingarelli","partyId":"LIB","votes":56,"share":40.28776978417266},{"id":"deborah-perrier","name":"Deborah Perrier","shortName":"Perrier","partyId":"PPC","votes":2,"share":1.4388489208633095},{"id":"ryder-finlay","name":"Ryder Finlay","shortName":"Finlay","partyId":"NDP","votes":1,"share":0.7194244604316548}],"partyVotes":{"LIB":56,"CPC":79,"BQ":0,"NDP":1,"GRN":1,"PPC":2,"OTH":0}}},"geometry":{"type":"Polygon","coordinates":[[[640.5,107.5],[640.52,107.5],[640.54,107.5],[640.54,107.52],[640.55,107.53],[640.55,107.53],[640.56,107.53],[640.56,107.55],[640.56,107.55],[640.57,107.53],[640.59,107.53],[640.59,107.56],[640.57,107.56],[640.5,107.59],[640.5,107.58],[640.49,107.58],[640.47,107.58],[640.48,107.54],[640.5,107.54],[640.5,107.53],[640.48,107.53],[640.48,107.51],[640.5,107.5]]]}},{"type":"Feature","id":"35088-22","properties":{"ridingCode":"35088","pollNumber":"22","pollType":"N","advancePollNumber":"602","sourceCode":"22-0","geometryPollNumbers":["22"],"code":"35088-22","resultPollNumbers":["22"],"resultStatus":"exact","result":{"electors":448,"voters":162,"totalVotes":159,"rejected":3,"turnout":36.160714285714285,"winnerId":"giovanna-mingarelli","winnerPartyId":"LIB","runnerUpId":"julie-se-guin","runnerUpPartyId":"CPC","margin":3.7735849056603774,"top":[{"id":"giovanna-mingarelli","name":"Giovanna Mingarelli","shortName":"Mingarelli","partyId":"LIB","votes":75,"share":47.16981132075472},{"id":"julie-se-guin","name":"Julie Séguin","shortName":"Séguin","partyId":"CPC","votes":69,"share":43.39622641509434},{"id":"ryder-finlay","name":"Ryder Finlay","shortName":"Finlay","partyId":"NDP","votes":8,"share":5.031446540880504},{"id":"deborah-perrier","name":"Deborah Perrier","shortName":"Perrier","partyId":"PPC","votes":3,"share":1.8867924528301887}],"partyVotes":{"LIB":75,"CPC":69,"BQ":0,"NDP":8,"GRN":3,"PPC":3,"OTH":1}}},"geometry":{"type":"Polygon","coordinates":[[[640.54,107.5],[640.55,107.5],[640.55,107.51],[640.58,107.51],[640.58,107.52],[640.58,107.52],[640.59,107.52],[640.59,107.5],[640.6,107.5],[640.6,107.54],[640.59,107.53],[640.57,107.53],[640.56,107.55],[640.56,107.55],[640.56,107.53],[640.55,107.53],[640.55,107.53],[640.54,107.52],[640.54,107.5]]]}},{"type":"Feature","id":"35088-23","properties":{"ridingCode":"35088","pollNumber":"23","pollType":"N","advancePollNumber":"602","sourceCode":"23-0","geometryPollNumbers":["23"],"code":"35088-23","resultPollNumbers":["23"],"resultStatus":"exact","result":{"electors":449,"voters":179,"totalVotes":179,"rejected":0,"turnout":39.86636971046771,"winnerId":"giovanna-mingarelli","winnerPartyId":"LIB","runnerUpId":"julie-se-guin","runnerUpPartyId":"CPC","margin":5.58659217877095,"top":[{"id":"giovanna-mingarelli","name":"Giovanna Mingarelli","shortName":"Mingarelli","partyId":"LIB","votes":89,"share":49.72067039106145},{"id":"julie-se-guin","name":"Julie Séguin","shortName":"Séguin","partyId":"CPC","votes":79,"share":44.134078212290504},{"id":"ryder-finlay","name":"Ryder Finlay","shortName":"Finlay","partyId":"NDP","votes":4,"share":2.2346368715083798},{"id":"thaila-riden","name":"Thaila Riden","shortName":"Riden","partyId":"GRN","votes":4,"share":2.2346368715083798}],"partyVotes":{"LIB":89,"CPC":79,"BQ":0,"NDP":4,"GRN":4,"PPC":2,"OTH":1}}},"geometry":{"type":"Polygon","coordinates":[[[640.57,107.5],[640.57,107.48],[640.58,107.47],[640.58,107.47],[640.59,107.47],[640.59,107.45],[640.59,107.42],[640.62,107.41],[640.65,107.41],[640.65,107.41],[640.66,107.42],[640.66,107.42],[640.66,107.44],[640.66,107.46],[640.66,107.5],[640.65,107.5],[640.65,107.51],[640.66,107.51],[640.66,107.54],[640.63,107.53],[640.63,107.54],[640.6,107.54],[640.6,107.5],[640.59,107.5],[640.57,107.5]]]}},{"type":"Feature","id":"35088-24","properties":{"ridingCode":"35088","pollNumber":"24","pollType":"N","advancePollNumber":"602","sourceCode":"24-0","geometryPollNumbers":["24"],"code":"35088-24","resultPollNumbers":["24"],"resultStatus":"exact","result":{"electors":451,"voters":170,"totalVotes":167,"rejected":3,"turnout":37.6940133037694,"winnerId":"giovanna-mingarelli","winnerPartyId":"LIB","runnerUpId":"julie-se-guin","runnerUpPartyId":"CPC","margin":23.952095808383234,"top":[{"id":"giovanna-mingarelli","name":"Giovanna Mingarelli","shortName":"Mingarelli","partyId":"LIB","votes":100,"share":59.88023952095808},{"id":"julie-se-guin","name":"Julie Séguin","shortName":"Séguin","partyId":"CPC","votes":60,"share":35.92814371257485},{"id":"ryder-finlay","name":"Ryder Finlay","shortName":"Finlay","partyId":"NDP","votes":4,"share":2.3952095808383236},{"id":"deborah-perrier","name":"Deborah Perrier","shortName":"Perrier","partyId":"PPC","votes":1,"share":0.5988023952095809}],"partyVotes":{"LIB":100,"CPC":60,"BQ":0,"NDP":4,"GRN":1,"PPC":1,"OTH":1}}},"geometry":{"type":"Polygon","coordinates":[[[640.45,107.28],[640.6,107.36],[640.63,107.38],[640.66,107.38],[640.66,107.39],[640.66,107.41],[640.66,107.42],[640.66,107.42],[640.65,107.41],[640.65,107.41],[640.62,107.41],[640.59,107.42],[640.59,107.45],[640.59,107.47],[640.58,107.47],[640.58,107.47],[640.57,107.48],[640.57,107.5],[640.59,107.5],[640.59,107.52],[640.58,107.52],[640.58,107.52],[640.58,107.51],[640.55,107.51],[640.55,107.5],[640.54,107.5],[640.52,107.5],[640.5,107.5],[640.48,107.51],[640.48,107.53],[640.5,107.53],[640.5,107.54],[640.48,107.54],[640.47,107.58],[640.49,107.58],[640.5,107.58],[640.5,107.59],[640.49,107.59],[640.46,107.6],[640.46,107.59],[640.45,107.59],[640.45,107.48],[640.43,107.49],[640.42,107.49],[640.34,107.48],[640.24,107.46],[640.21,107.45],[640.18,107.44],[640.17,107.43],[640.28,107.32],[640.28,107.32],[640.29,107.32],[640.33,107.34],[640.35,107.33],[640.47,107.33],[640.47,107.31],[640.46,107.3],[640.45,107.29],[640.45,107.28],[640.45,107.28]]]}},{"type":"Feature","id":"35088-25","properties":{"ridingCode":"35088","pollNumber":"25","pollType":"N","advancePollNumber":"601","sourceCode":"25-0","geometryPollNumbers":["25"],"code":"35088-25","resultPollNumbers":["25"],"resultStatus":"exact","result":{"electors":401,"voters":148,"totalVotes":148,"rejected":0,"turnout":36.907730673316706,"winnerId":"giovanna-mingarelli","winnerPartyId":"LIB","runnerUpId":"julie-se-guin","runnerUpPartyId":"CPC","margin":9.45945945945946,"top":[{"id":"giovanna-mingarelli","name":"Giovanna Mingarelli","shortName":"Mingarelli","partyId":"LIB","votes":73,"share":49.32432432432432},{"id":"julie-se-guin","name":"Julie Séguin","shortName":"Séguin","partyId":"CPC","votes":59,"share":39.86486486486486},{"id":"ryder-finlay","name":"Ryder Finlay","shortName":"Finlay","partyId":"NDP","votes":9,"share":6.081081081081082},{"id":"thaila-riden","name":"Thaila Riden","shortName":"Riden","partyId":"GRN","votes":4,"share":2.7027027027027026}],"partyVotes":{"LIB":73,"CPC":59,"BQ":0,"NDP":9,"GRN":4,"PPC":2,"OTH":1}}},"geometry":{"type":"Polygon","coordinates":[[[640.66,107.41],[640.66,107.39],[640.66,107.38],[640.67,107.37],[640.7,107.32],[640.71,107.31],[640.71,107.16],[641.07,107.15],[641.09,107.15],[641.09,107.33],[641.05,107.33],[641.04,107.42],[640.89,107.42],[640.78,107.41],[640.66,107.41]]]}},{"type":"Feature","id":"35088-26","properties":{"ridingCode":"35088","pollNumber":"26","pollType":"N","advancePollNumber":"603","sourceCode":"26-0","geometryPollNumbers":["26"],"code":"35088-26","resultPollNumbers":["26"],"resultStatus":"exact","result":{"electors":540,"voters":223,"totalVotes":217,"rejected":6,"turnout":41.2962962962963,"winnerId":"julie-se-guin","winnerPartyId":"CPC","runnerUpId":"giovanna-mingarelli","runnerUpPartyId":"LIB","margin":6.451612903225806,"top":[{"id":"julie-se-guin","name":"Julie Séguin","shortName":"Séguin","partyId":"CPC","votes":109,"share":50.23041474654379},{"id":"giovanna-mingarelli","name":"Giovanna Mingarelli","shortName":"Mingarelli","partyId":"LIB","votes":95,"share":43.77880184331797},{"id":"ryder-finlay","name":"Ryder Finlay","shortName":"Finlay","partyId":"NDP","votes":7,"share":3.225806451612903},{"id":"deborah-perrier","name":"Deborah Perrier","shortName":"Perrier","partyId":"PPC","votes":3,"share":1.3824884792626728}],"partyVotes":{"LIB":95,"CPC":109,"BQ":0,"NDP":7,"GRN":3,"PPC":3,"OTH":0}}},"geometry":{"type":"Polygon","coordinates":[[[639.89,107.51],[639.94,107.4],[639.98,107.4],[640.02,107.44],[640.04,107.46],[640.06,107.46],[640.07,107.46],[640.09,107.45],[640.11,107.49],[640.09,107.5],[640.11,107.52],[640.14,107.54],[640.15,107.55],[640.15,107.56],[640.14,107.55],[640.1,107.62],[640.05,107.59],[639.89,107.51]]]}},{"type":"Feature","id":"35088-27","properties":{"ridingCode":"35088","pollNumber":"27","pollType":"N","advancePollNumber":"603","sourceCode":"27-0","geometryPollNumbers":["27"],"code":"35088-27","resultPollNumbers":["27"],"resultStatus":"exact","result":{"electors":332,"voters":132,"totalVotes":132,"rejected":0,"turnout":39.75903614457831,"winnerId":"giovanna-mingarelli","winnerPartyId":"LIB","runnerUpId":"julie-se-guin","runnerUpPartyId":"CPC","margin":12.121212121212121,"top":[{"id":"giovanna-mingarelli","name":"Giovanna Mingarelli","shortName":"Mingarelli","partyId":"LIB","votes":72,"share":54.54545454545454},{"id":"julie-se-guin","name":"Julie Séguin","shortName":"Séguin","partyId":"CPC","votes":56,"share":42.42424242424242},{"id":"ryder-finlay","name":"Ryder Finlay","shortName":"Finlay","partyId":"NDP","votes":2,"share":1.5151515151515151},{"id":"deborah-perrier","name":"Deborah Perrier","shortName":"Perrier","partyId":"PPC","votes":2,"share":1.5151515151515151}],"partyVotes":{"LIB":72,"CPC":56,"BQ":0,"NDP":2,"GRN":0,"PPC":2,"OTH":0}}},"geometry":{"type":"Polygon","coordinates":[[[640.15,107.53],[640.14,107.54],[640.11,107.52],[640.09,107.5],[640.11,107.49],[640.09,107.45],[640.15,107.42],[640.17,107.43],[640.18,107.44],[640.15,107.53]]]}},{"type":"Feature","id":"35088-28","properties":{"ridingCode":"35088","pollNumber":"28","pollType":"N","advancePollNumber":"603","sourceCode":"28-0","geometryPollNumbers":["28"],"code":"35088-28","resultPollNumbers":["28"],"resultStatus":"exact","result":{"electors":271,"voters":99,"totalVotes":99,"rejected":0,"turnout":36.53136531365313,"winnerId":"giovanna-mingarelli","winnerPartyId":"LIB","runnerUpId":"julie-se-guin","runnerUpPartyId":"CPC","margin":26.262626262626267,"top":[{"id":"giovanna-mingarelli","name":"Giovanna Mingarelli","shortName":"Mingarelli","partyId":"LIB","votes":61,"share":61.61616161616161},{"id":"julie-se-guin","name":"Julie Séguin","shortName":"Séguin","partyId":"CPC","votes":35,"share":35.35353535353536},{"id":"ryder-finlay","name":"Ryder Finlay","shortName":"Finlay","partyId":"NDP","votes":2,"share":2.0202020202020203},{"id":"thaila-riden","name":"Thaila Riden","shortName":"Riden","partyId":"GRN","votes":1,"share":1.0101010101010102}],"partyVotes":{"LIB":61,"CPC":35,"BQ":0,"NDP":2,"GRN":1,"PPC":0,"OTH":0}}},"geometry":{"type":"Polygon","coordinates":[[[639.48,107.26],[639.55,107.31],[639.61,107.32],[639.65,107.31],[639.72,107.31],[639.76,107.31],[639.84,107.31],[639.85,107.32],[639.89,107.34],[639.91,107.35],[639.98,107.4],[639.94,107.4],[639.89,107.51],[639.82,107.48],[639.78,107.47],[639.73,107.46],[639.6,107.46],[639.56,107.46],[639.52,107.46],[639.52,107.36],[639.4,107.2],[639.4,107.14],[639.42,107.16],[639.48,107.26]]]}},{"type":"Feature","id":"35088-29","properties":{"ridingCode":"35088","pollNumber":"29","pollType":"N","advancePollNumber":"603","sourceCode":"29-0","geometryPollNumbers":["29"],"code":"35088-29","resultPollNumbers":["29"],"resultStatus":"exact","result":{"electors":368,"voters":154,"totalVotes":154,"rejected":0,"turnout":41.84782608695652,"winnerId":"giovanna-mingarelli","winnerPartyId":"LIB","runnerUpId":"julie-se-guin","runnerUpPartyId":"CPC","margin":1.948051948051948,"top":[{"id":"giovanna-mingarelli","name":"Giovanna Mingarelli","shortName":"Mingarelli","partyId":"LIB","votes":73,"share":47.4025974025974},{"id":"julie-se-guin","name":"Julie Séguin","shortName":"Séguin","partyId":"CPC","votes":70,"share":45.45454545454545},{"id":"thaila-riden","name":"Thaila Riden","shortName":"Riden","partyId":"GRN","votes":7,"share":4.545454545454546},{"id":"deborah-perrier","name":"Deborah Perrier","shortName":"Perrier","partyId":"PPC","votes":2,"share":1.2987012987012987}],"partyVotes":{"LIB":73,"CPC":70,"BQ":0,"NDP":1,"GRN":7,"PPC":2,"OTH":1}}},"geometry":{"type":"Polygon","coordinates":[[[639.4,106.81],[639.42,106.84],[639.45,106.87],[639.61,106.99],[639.76,107.1],[639.87,107.18],[639.95,107.23],[639.97,107.25],[640,107.3],[640.02,107.32],[640.15,107.42],[640.09,107.45],[640.07,107.46],[640.06,107.46],[640.04,107.46],[640.02,107.44],[639.98,107.4],[639.91,107.35],[639.89,107.34],[639.85,107.32],[639.84,107.31],[639.76,107.31],[639.72,107.31],[639.65,107.31],[639.61,107.32],[639.55,107.31],[639.48,107.26],[639.42,107.16],[639.4,107.14],[639.4,106.94],[639.4,106.81]]]}},{"type":"Feature","id":"35088-30","properties":{"ridingCode":"35088","pollNumber":"30","pollType":"N","advancePollNumber":"600","sourceCode":"30-0","geometryPollNumbers":["30"],"code":"35088-30","resultPollNumbers":["30"],"resultStatus":"exact","result":{"electors":449,"voters":226,"totalVotes":224,"rejected":2,"turnout":50.33407572383074,"winnerId":"giovanna-mingarelli","winnerPartyId":"LIB","runnerUpId":"julie-se-guin","runnerUpPartyId":"CPC","margin":18.75,"top":[{"id":"giovanna-mingarelli","name":"Giovanna Mingarelli","shortName":"Mingarelli","partyId":"LIB","votes":129,"share":57.58928571428571},{"id":"julie-se-guin","name":"Julie Séguin","shortName":"Séguin","partyId":"CPC","votes":87,"share":38.839285714285715},{"id":"ryder-finlay","name":"Ryder Finlay","shortName":"Finlay","partyId":"NDP","votes":5,"share":2.232142857142857},{"id":"thaila-riden","name":"Thaila Riden","shortName":"Riden","partyId":"GRN","votes":2,"share":0.8928571428571428}],"partyVotes":{"LIB":129,"CPC":87,"BQ":0,"NDP":5,"GRN":2,"PPC":0,"OTH":1}}},"geometry":{"type":"Polygon","coordinates":[[[641.04,107.42],[641.14,107.42],[641.26,107.41],[641.38,107.4],[641.48,107.4],[641.54,107.4],[641.53,107.59],[641.53,107.68],[641.45,107.64],[641.39,107.62],[641.34,107.61],[641.27,107.61],[641.23,107.61],[641.09,107.64],[641.06,107.65],[641.03,107.66],[641.03,107.6],[641.04,107.58],[641.04,107.42]]]}},{"type":"Feature","id":"35088-31","properties":{"ridingCode":"35088","pollNumber":"31","pollType":"N","advancePollNumber":"600","sourceCode":"31-0","geometryPollNumbers":["31"],"code":"35088-31","resultPollNumbers":["31"],"resultStatus":"exact","result":{"electors":395,"voters":226,"totalVotes":224,"rejected":2,"turnout":57.21518987341773,"winnerId":"giovanna-mingarelli","winnerPartyId":"LIB","runnerUpId":"julie-se-guin","runnerUpPartyId":"CPC","margin":8.928571428571429,"top":[{"id":"giovanna-mingarelli","name":"Giovanna Mingarelli","shortName":"Mingarelli","partyId":"LIB","votes":118,"share":52.67857142857143},{"id":"julie-se-guin","name":"Julie Séguin","shortName":"Séguin","partyId":"CPC","votes":98,"share":43.75},{"id":"ryder-finlay","name":"Ryder Finlay","shortName":"Finlay","partyId":"NDP","votes":6,"share":2.6785714285714284},{"id":"deborah-perrier","name":"Deborah Perrier","shortName":"Perrier","partyId":"PPC","votes":1,"share":0.4464285714285714}],"partyVotes":{"LIB":118,"CPC":98,"BQ":0,"NDP":6,"GRN":1,"PPC":1,"OTH":0}}},"geometry":{"type":"Polygon","coordinates":[[[641.54,107.4],[641.54,107.39],[641.56,107.39],[641.58,107.38],[641.6,107.39],[641.63,107.4],[641.86,107.4],[642.12,107.4],[642.19,107.4],[642.49,107.4],[642.46,107.63],[642.46,107.63],[642.46,107.65],[642.45,107.7],[642.41,107.7],[642.37,107.71],[642.32,107.7],[642.18,107.65],[642.04,107.63],[642.02,107.63],[641.98,107.65],[641.8,107.73],[641.75,107.74],[641.71,107.75],[641.66,107.75],[641.64,107.74],[641.59,107.72],[641.56,107.71],[641.53,107.68],[641.53,107.59],[641.54,107.4]],[[641.72,107.7],[641.73,107.7],[641.72,107.7],[641.72,107.7]]]}},{"type":"Feature","id":"35088-32","properties":{"ridingCode":"35088","pollNumber":"32","pollType":"N","advancePollNumber":"600","sourceCode":"32-0","geometryPollNumbers":["32"],"code":"35088-32","resultPollNumbers":["32"],"resultStatus":"exact","result":{"electors":402,"voters":140,"totalVotes":139,"rejected":1,"turnout":34.82587064676617,"winnerId":"julie-se-guin","winnerPartyId":"CPC","runnerUpId":"giovanna-mingarelli","runnerUpPartyId":"LIB","margin":13.66906474820144,"top":[{"id":"julie-se-guin","name":"Julie Séguin","shortName":"Séguin","partyId":"CPC","votes":76,"share":54.67625899280576},{"id":"giovanna-mingarelli","name":"Giovanna Mingarelli","shortName":"Mingarelli","partyId":"LIB","votes":57,"share":41.007194244604314},{"id":"ryder-finlay","name":"Ryder Finlay","shortName":"Finlay","partyId":"NDP","votes":4,"share":2.877697841726619},{"id":"thaila-riden","name":"Thaila Riden","shortName":"Riden","partyId":"GRN","votes":1,"share":0.7194244604316548}],"partyVotes":{"LIB":57,"CPC":76,"BQ":0,"NDP":4,"GRN":1,"PPC":0,"OTH":1}}},"geometry":{"type":"Polygon","coordinates":[[[641.56,107.23],[641.57,107.01],[642.16,107.02],[642.16,107.02],[642.18,107.03],[642.19,107.03],[642.47,107.03],[642.54,107.03],[642.5,107.32],[642.49,107.4],[642.19,107.4],[642.12,107.4],[641.86,107.4],[641.63,107.4],[641.6,107.39],[641.58,107.38],[641.6,107.37],[641.6,107.37],[641.59,107.36],[641.59,107.35],[641.59,107.23],[641.56,107.23]]]}},{"type":"Feature","id":"35088-33","properties":{"ridingCode":"35088","pollNumber":"33","pollType":"N","advancePollNumber":"600","sourceCode":"33-0","geometryPollNumbers":["33"],"code":"35088-33","resultPollNumbers":["33"],"resultStatus":"exact","result":{"electors":424,"voters":176,"totalVotes":175,"rejected":1,"turnout":41.509433962264154,"winnerId":"julie-se-guin","winnerPartyId":"CPC","runnerUpId":"giovanna-mingarelli","runnerUpPartyId":"LIB","margin":24,"top":[{"id":"julie-se-guin","name":"Julie Séguin","shortName":"Séguin","partyId":"CPC","votes":106,"share":60.57142857142858},{"id":"giovanna-mingarelli","name":"Giovanna Mingarelli","shortName":"Mingarelli","partyId":"LIB","votes":64,"share":36.57142857142857},{"id":"ryder-finlay","name":"Ryder Finlay","shortName":"Finlay","partyId":"NDP","votes":2,"share":1.1428571428571428},{"id":"deborah-perrier","name":"Deborah Perrier","shortName":"Perrier","partyId":"PPC","votes":2,"share":1.1428571428571428}],"partyVotes":{"LIB":64,"CPC":106,"BQ":0,"NDP":2,"GRN":1,"PPC":2,"OTH":0}}},"geometry":{"type":"Polygon","coordinates":[[[641.09,107.15],[641.07,107.15],[641.07,106.91],[641.07,106.91],[641.08,106.91],[641.11,106.93],[641.12,106.95],[641.12,106.95],[641.32,106.95],[641.32,106.78],[641.31,106.77],[641.31,106.76],[641.29,106.76],[641.29,106.75],[641.46,106.75],[641.47,106.75],[641.47,106.76],[641.48,106.79],[641.51,106.81],[641.52,106.81],[641.55,106.81],[641.55,107.01],[641.55,107.01],[641.55,107.01],[641.57,107.01],[641.56,107.23],[641.59,107.23],[641.59,107.35],[641.59,107.36],[641.6,107.37],[641.6,107.37],[641.58,107.38],[641.56,107.39],[641.54,107.39],[641.54,107.4],[641.48,107.4],[641.38,107.4],[641.26,107.41],[641.14,107.42],[641.04,107.42],[641.05,107.33],[641.09,107.33],[641.09,107.15]]]}},{"type":"Feature","id":"35088-34","properties":{"ridingCode":"35088","pollNumber":"34","pollType":"N","advancePollNumber":"604","sourceCode":"34-0","geometryPollNumbers":["34"],"code":"35088-34","resultPollNumbers":["34"],"resultStatus":"exact","result":{"electors":311,"voters":140,"totalVotes":138,"rejected":2,"turnout":45.01607717041801,"winnerId":"giovanna-mingarelli","winnerPartyId":"LIB","runnerUpId":"julie-se-guin","runnerUpPartyId":"CPC","margin":26.08695652173913,"top":[{"id":"giovanna-mingarelli","name":"Giovanna Mingarelli","shortName":"Mingarelli","partyId":"LIB","votes":85,"share":61.59420289855072},{"id":"julie-se-guin","name":"Julie Séguin","shortName":"Séguin","partyId":"CPC","votes":49,"share":35.507246376811594},{"id":"thaila-riden","name":"Thaila Riden","shortName":"Riden","partyId":"GRN","votes":2,"share":1.4492753623188406},{"id":"ryder-finlay","name":"Ryder Finlay","shortName":"Finlay","partyId":"NDP","votes":1,"share":0.7246376811594203}],"partyVotes":{"LIB":85,"CPC":49,"BQ":0,"NDP":1,"GRN":2,"PPC":1,"OTH":0}}},"geometry":{"type":"Polygon","coordinates":[[[639.13,107.27],[639.23,107.15],[639.24,107.14],[639.26,107.13],[639.28,107.11],[639.32,107.06],[639.35,107.11],[639.4,107.14],[639.4,107.2],[639.52,107.36],[639.52,107.46],[639.47,107.45],[639.34,107.43],[639.29,107.42],[639.24,107.4],[639.2,107.38],[639.11,107.33],[639.05,107.3],[639.01,107.28],[638.96,107.27],[638.92,107.26],[638.85,107.25],[638.89,107.21],[638.96,107.23],[639,107.23],[639.02,107.23],[639.04,107.23],[639.06,107.24],[639.08,107.26],[639.13,107.27]]]}},{"type":"Feature","id":"35088-35","properties":{"ridingCode":"35088","pollNumber":"35","pollType":"N","advancePollNumber":"604","sourceCode":"35-0","geometryPollNumbers":["35"],"code":"35088-35","resultPollNumbers":["35"],"resultStatus":"exact","result":{"electors":382,"voters":184,"totalVotes":182,"rejected":2,"turnout":48.167539267015705,"winnerId":"giovanna-mingarelli","winnerPartyId":"LIB","runnerUpId":"julie-se-guin","runnerUpPartyId":"CPC","margin":15.934065934065933,"top":[{"id":"giovanna-mingarelli","name":"Giovanna Mingarelli","shortName":"Mingarelli","partyId":"LIB","votes":102,"share":56.043956043956044},{"id":"julie-se-guin","name":"Julie Séguin","shortName":"Séguin","partyId":"CPC","votes":73,"share":40.10989010989011},{"id":"ryder-finlay","name":"Ryder Finlay","shortName":"Finlay","partyId":"NDP","votes":2,"share":1.098901098901099},{"id":"deborah-perrier","name":"Deborah Perrier","shortName":"Perrier","partyId":"PPC","votes":2,"share":1.098901098901099}],"partyVotes":{"LIB":102,"CPC":73,"BQ":0,"NDP":2,"GRN":2,"PPC":2,"OTH":1}}},"geometry":{"type":"Polygon","coordinates":[[[638.65,107.23],[638.65,107.21],[638.66,107.21],[638.66,107.19],[638.65,107.19],[638.62,107.18],[638.57,107.17],[638.57,107.17],[638.57,107.17],[638.56,107.16],[638.67,107.03],[638.69,107.01],[638.79,106.9],[638.83,106.87],[638.93,106.75],[638.93,106.74],[638.93,106.73],[638.87,106.68],[638.86,106.67],[638.86,106.66],[638.87,106.64],[639.03,106.46],[639.25,106.65],[639.31,106.71],[639.37,106.75],[639.39,106.77],[639.4,106.81],[639.4,106.94],[639.4,107.14],[639.35,107.11],[639.32,107.06],[639.28,107.11],[639.26,107.13],[639.24,107.14],[639.23,107.15],[639.13,107.27],[639.08,107.26],[639.06,107.24],[639.04,107.23],[639.02,107.23],[639,107.23],[638.96,107.23],[638.89,107.21],[638.85,107.25],[638.72,107.24],[638.69,107.24],[638.65,107.23]]]}},{"type":"Feature","id":"35088-36","properties":{"ridingCode":"35088","pollNumber":"36","pollType":"N","advancePollNumber":"604","sourceCode":"36-0","geometryPollNumbers":["36"],"code":"35088-36","resultPollNumbers":["36"],"resultStatus":"exact","result":{"electors":272,"voters":145,"totalVotes":145,"rejected":0,"turnout":53.30882352941176,"winnerId":"julie-se-guin","winnerPartyId":"CPC","runnerUpId":"giovanna-mingarelli","runnerUpPartyId":"LIB","margin":3.4482758620689653,"top":[{"id":"julie-se-guin","name":"Julie Séguin","shortName":"Séguin","partyId":"CPC","votes":69,"share":47.58620689655172},{"id":"giovanna-mingarelli","name":"Giovanna Mingarelli","shortName":"Mingarelli","partyId":"LIB","votes":64,"share":44.13793103448276},{"id":"thaila-riden","name":"Thaila Riden","shortName":"Riden","partyId":"GRN","votes":5,"share":3.4482758620689653},{"id":"ryder-finlay","name":"Ryder Finlay","shortName":"Finlay","partyId":"NDP","votes":4,"share":2.7586206896551726}],"partyVotes":{"LIB":64,"CPC":69,"BQ":0,"NDP":4,"GRN":5,"PPC":2,"OTH":1}}},"geometry":{"type":"Polygon","coordinates":[[[638.27,107.04],[638.46,106.82],[638.46,106.83],[638.56,106.71],[638.58,106.7],[638.71,106.54],[638.86,106.67],[638.86,106.67],[638.87,106.68],[638.93,106.73],[638.93,106.74],[638.93,106.75],[638.83,106.87],[638.79,106.9],[638.69,107.01],[638.67,107.03],[638.56,107.16],[638.57,107.17],[638.57,107.17],[638.57,107.17],[638.62,107.18],[638.65,107.19],[638.66,107.19],[638.66,107.21],[638.65,107.21],[638.65,107.23],[638.6,107.22],[638.52,107.2],[638.53,107.16],[638.49,107.16],[638.47,107.15],[638.46,107.14],[638.41,107.12],[638.35,107.09],[638.34,107.08],[638.31,107.05],[638.31,107.04],[638.27,107.04]]]}},{"type":"Feature","id":"35088-37","properties":{"ridingCode":"35088","pollNumber":"37","pollType":"N","advancePollNumber":"604","sourceCode":"37-0","geometryPollNumbers":["37"],"code":"35088-37","resultPollNumbers":["37"],"resultStatus":"exact","result":{"electors":328,"voters":144,"totalVotes":143,"rejected":1,"turnout":43.90243902439025,"winnerId":"giovanna-mingarelli","winnerPartyId":"LIB","runnerUpId":"julie-se-guin","runnerUpPartyId":"CPC","margin":10.48951048951049,"top":[{"id":"giovanna-mingarelli","name":"Giovanna Mingarelli","shortName":"Mingarelli","partyId":"LIB","votes":75,"share":52.44755244755245},{"id":"julie-se-guin","name":"Julie Séguin","shortName":"Séguin","partyId":"CPC","votes":60,"share":41.95804195804196},{"id":"ryder-finlay","name":"Ryder Finlay","shortName":"Finlay","partyId":"NDP","votes":6,"share":4.195804195804196},{"id":"thaila-riden","name":"Thaila Riden","shortName":"Riden","partyId":"GRN","votes":2,"share":1.3986013986013985}],"partyVotes":{"LIB":75,"CPC":60,"BQ":0,"NDP":6,"GRN":2,"PPC":0,"OTH":0}}},"geometry":{"type":"Polygon","coordinates":[[[638.05,106.72],[638.27,106.46],[638.3,106.42],[638.37,106.34],[638.42,106.29],[638.55,106.4],[638.63,106.48],[638.71,106.54],[638.58,106.7],[638.56,106.71],[638.46,106.83],[638.46,106.82],[638.27,107.04],[638.31,107.04],[638.31,107.05],[638.34,107.08],[638.35,107.09],[638.41,107.12],[638.46,107.14],[638.47,107.15],[638.49,107.16],[638.53,107.16],[638.52,107.2],[638.35,107.16],[638.32,107.16],[638.29,107.14],[638.26,107.13],[638.23,107.1],[638.21,107.08],[638.19,107.05],[638.18,107.02],[638.17,106.99],[638.15,106.92],[638.12,106.85],[638.08,106.76],[638.06,106.73],[638.05,106.72]]]}},{"type":"Feature","id":"35088-38","properties":{"ridingCode":"35088","pollNumber":"38","pollType":"N","advancePollNumber":"603","sourceCode":"38-0","geometryPollNumbers":["38"],"code":"35088-38","resultPollNumbers":["38"],"resultStatus":"exact","result":{"electors":392,"voters":183,"totalVotes":180,"rejected":3,"turnout":46.683673469387756,"winnerId":"julie-se-guin","winnerPartyId":"CPC","runnerUpId":"giovanna-mingarelli","runnerUpPartyId":"LIB","margin":8.333333333333332,"top":[{"id":"julie-se-guin","name":"Julie Séguin","shortName":"Séguin","partyId":"CPC","votes":97,"share":53.888888888888886},{"id":"giovanna-mingarelli","name":"Giovanna Mingarelli","shortName":"Mingarelli","partyId":"LIB","votes":82,"share":45.55555555555556},{"id":"ryder-finlay","name":"Ryder Finlay","shortName":"Finlay","partyId":"NDP","votes":1,"share":0.5555555555555556},{"id":"deborah-perrier","name":"Deborah Perrier","shortName":"Perrier","partyId":"PPC","votes":0,"share":0}],"partyVotes":{"LIB":82,"CPC":97,"BQ":0,"NDP":1,"GRN":0,"PPC":0,"OTH":0}}},"geometry":{"type":"Polygon","coordinates":[[[640.15,107.42],[640.02,107.32],[640,107.3],[639.97,107.25],[639.95,107.23],[639.87,107.18],[639.76,107.1],[639.61,106.99],[639.95,106.94],[639.96,106.97],[639.97,107],[639.97,107.01],[640.04,107.06],[640.12,107.12],[640.32,107.25],[640.33,107.25],[640.35,107.25],[640.39,107.26],[640.41,107.26],[640.45,107.28],[640.45,107.28],[640.45,107.29],[640.46,107.3],[640.47,107.31],[640.47,107.33],[640.35,107.33],[640.33,107.34],[640.29,107.32],[640.28,107.32],[640.28,107.32],[640.17,107.43],[640.15,107.42]]]}},{"type":"Feature","id":"35088-39","properties":{"ridingCode":"35088","pollNumber":"39","pollType":"N","advancePollNumber":"603","sourceCode":"39-0","geometryPollNumbers":["39"],"code":"35088-39","resultPollNumbers":["39"],"resultStatus":"exact","result":{"electors":288,"voters":158,"totalVotes":157,"rejected":1,"turnout":54.861111111111114,"winnerId":"julie-se-guin","winnerPartyId":"CPC","runnerUpId":"giovanna-mingarelli","runnerUpPartyId":"LIB","margin":28.02547770700637,"top":[{"id":"julie-se-guin","name":"Julie Séguin","shortName":"Séguin","partyId":"CPC","votes":94,"share":59.87261146496815},{"id":"giovanna-mingarelli","name":"Giovanna Mingarelli","shortName":"Mingarelli","partyId":"LIB","votes":50,"share":31.84713375796178},{"id":"deborah-perrier","name":"Deborah Perrier","shortName":"Perrier","partyId":"PPC","votes":7,"share":4.45859872611465},{"id":"ryder-finlay","name":"Ryder Finlay","shortName":"Finlay","partyId":"NDP","votes":3,"share":1.910828025477707}],"partyVotes":{"LIB":50,"CPC":94,"BQ":0,"NDP":3,"GRN":3,"PPC":7,"OTH":0}}},"geometry":{"type":"Polygon","coordinates":[[[639.4,106.42],[639.55,106.47],[640.08,106.65],[640.08,106.64],[640.09,106.64],[640.09,106.65],[640.11,106.64],[640.31,106.71],[640.33,106.74],[640.33,106.89],[640.31,106.92],[640.17,107.06],[640.12,107.12],[640.04,107.06],[639.97,107.01],[639.97,107],[639.96,106.97],[639.95,106.94],[639.61,106.99],[639.45,106.87],[639.42,106.84],[639.4,106.81],[639.4,106.42]]]}},{"type":"Feature","id":"35088-40","properties":{"ridingCode":"35088","pollNumber":"40","pollType":"N","advancePollNumber":"600","sourceCode":"40-0","geometryPollNumbers":["40"],"code":"35088-40","resultPollNumbers":["40"],"resultStatus":"exact","result":{"electors":409,"voters":156,"totalVotes":156,"rejected":0,"turnout":38.141809290953546,"winnerId":"julie-se-guin","winnerPartyId":"CPC","runnerUpId":"giovanna-mingarelli","runnerUpPartyId":"LIB","margin":19.230769230769234,"top":[{"id":"julie-se-guin","name":"Julie Séguin","shortName":"Séguin","partyId":"CPC","votes":87,"share":55.769230769230774},{"id":"giovanna-mingarelli","name":"Giovanna Mingarelli","shortName":"Mingarelli","partyId":"LIB","votes":57,"share":36.53846153846153},{"id":"deborah-perrier","name":"Deborah Perrier","shortName":"Perrier","partyId":"PPC","votes":6,"share":3.8461538461538463},{"id":"thaila-riden","name":"Thaila Riden","shortName":"Riden","partyId":"GRN","votes":3,"share":1.9230769230769231}],"partyVotes":{"LIB":57,"CPC":87,"BQ":0,"NDP":2,"GRN":3,"PPC":6,"OTH":1}}},"geometry":{"type":"Polygon","coordinates":[[[641.57,107.01],[641.55,107.01],[641.55,107.01],[641.55,107.01],[641.55,106.81],[641.85,106.82],[642.14,106.82],[642.15,106.82],[642.17,106.83],[642.29,106.83],[642.29,106.79],[642.33,106.78],[642.35,106.79],[642.4,106.82],[642.44,106.84],[642.48,106.85],[642.54,106.86],[642.56,106.86],[642.54,107.03],[642.47,107.03],[642.19,107.03],[642.18,107.03],[642.16,107.02],[642.16,107.02],[641.57,107.01]]]}},{"type":"Feature","id":"35088-41","properties":{"ridingCode":"35088","pollNumber":"41","pollType":"N","advancePollNumber":"600","sourceCode":"41-0","geometryPollNumbers":["41"],"code":"35088-41","resultPollNumbers":["41"],"resultStatus":"exact","result":{"electors":452,"voters":173,"totalVotes":172,"rejected":1,"turnout":38.27433628318584,"winnerId":"julie-se-guin","winnerPartyId":"CPC","runnerUpId":"giovanna-mingarelli","runnerUpPartyId":"LIB","margin":9.883720930232558,"top":[{"id":"julie-se-guin","name":"Julie Séguin","shortName":"Séguin","partyId":"CPC","votes":89,"share":51.74418604651163},{"id":"giovanna-mingarelli","name":"Giovanna Mingarelli","shortName":"Mingarelli","partyId":"LIB","votes":72,"share":41.86046511627907},{"id":"thaila-riden","name":"Thaila Riden","shortName":"Riden","partyId":"GRN","votes":5,"share":2.9069767441860463},{"id":"deborah-perrier","name":"Deborah Perrier","shortName":"Perrier","partyId":"PPC","votes":3,"share":1.744186046511628}],"partyVotes":{"LIB":72,"CPC":89,"BQ":0,"NDP":2,"GRN":5,"PPC":3,"OTH":1}}},"geometry":{"type":"Polygon","coordinates":[[[641.05,106.56],[641.05,106.44],[641.05,106.42],[641.06,106.41],[641.18,106.56],[641.25,106.63],[641.33,106.56],[641.4,106.5],[641.56,106.37],[641.56,106.38],[641.56,106.43],[641.96,106.43],[642.15,106.42],[642.19,106.43],[642.21,106.43],[642.23,106.43],[642.24,106.42],[642.25,106.42],[642.4,106.42],[642.4,106.42],[642.44,106.45],[642.44,106.5],[642.44,106.51],[642.45,106.52],[642.48,106.52],[642.48,106.72],[642.48,106.75],[642.48,106.85],[642.44,106.84],[642.4,106.82],[642.35,106.79],[642.33,106.78],[642.29,106.79],[642.29,106.83],[642.17,106.83],[642.15,106.82],[642.14,106.82],[641.85,106.82],[641.55,106.81],[641.52,106.81],[641.51,106.81],[641.48,106.79],[641.47,106.76],[641.47,106.75],[641.46,106.75],[641.29,106.75],[641.29,106.76],[641.31,106.76],[641.31,106.77],[641.32,106.78],[641.32,106.95],[641.12,106.95],[641.12,106.95],[641.11,106.93],[641.08,106.91],[641.07,106.91],[641.07,106.91],[641.05,106.92],[641.05,106.75],[641.07,106.75],[641.07,106.56],[641.05,106.56]]]}},{"type":"Feature","id":"35088-42","properties":{"ridingCode":"35088","pollNumber":"42","pollType":"N","advancePollNumber":"603","sourceCode":"42-0","geometryPollNumbers":["42"],"code":"35088-42","resultPollNumbers":["42"],"resultStatus":"exact","result":{"electors":466,"voters":198,"totalVotes":197,"rejected":1,"turnout":42.48927038626609,"winnerId":"julie-se-guin","winnerPartyId":"CPC","runnerUpId":"giovanna-mingarelli","runnerUpPartyId":"LIB","margin":5.583756345177665,"top":[{"id":"julie-se-guin","name":"Julie Séguin","shortName":"Séguin","partyId":"CPC","votes":103,"share":52.28426395939086},{"id":"giovanna-mingarelli","name":"Giovanna Mingarelli","shortName":"Mingarelli","partyId":"LIB","votes":92,"share":46.7005076142132},{"id":"thaila-riden","name":"Thaila Riden","shortName":"Riden","partyId":"GRN","votes":2,"share":1.015228426395939},{"id":"ryder-finlay","name":"Ryder Finlay","shortName":"Finlay","partyId":"NDP","votes":0,"share":0}],"partyVotes":{"LIB":92,"CPC":103,"BQ":0,"NDP":0,"GRN":2,"PPC":0,"OTH":0}}},"geometry":{"type":"Polygon","coordinates":[[[640.45,107.28],[640.41,107.26],[640.39,107.26],[640.35,107.25],[640.33,107.25],[640.32,107.25],[640.12,107.12],[640.17,107.06],[640.31,106.92],[640.33,106.92],[640.71,106.92],[640.71,107.16],[640.71,107.31],[640.7,107.32],[640.67,107.37],[640.66,107.38],[640.63,107.38],[640.6,107.36],[640.45,107.28]]]}},{"type":"Feature","id":"35088-43","properties":{"ridingCode":"35088","pollNumber":"43","pollType":"N","advancePollNumber":"605","sourceCode":"43-0","geometryPollNumbers":["43"],"code":"35088-43","resultPollNumbers":["43"],"resultStatus":"exact","result":{"electors":448,"voters":168,"totalVotes":168,"rejected":0,"turnout":37.5,"winnerId":"giovanna-mingarelli","winnerPartyId":"LIB","runnerUpId":"julie-se-guin","runnerUpPartyId":"CPC","margin":0.5952380952380952,"top":[{"id":"giovanna-mingarelli","name":"Giovanna Mingarelli","shortName":"Mingarelli","partyId":"LIB","votes":80,"share":47.61904761904761},{"id":"julie-se-guin","name":"Julie Séguin","shortName":"Séguin","partyId":"CPC","votes":79,"share":47.023809523809526},{"id":"thaila-riden","name":"Thaila Riden","shortName":"Riden","partyId":"GRN","votes":5,"share":2.976190476190476},{"id":"jason-st-louis","name":"Jason St-Louis","shortName":"St-Louis","partyId":"OTH","votes":2,"share":1.1904761904761905}],"partyVotes":{"LIB":80,"CPC":79,"BQ":0,"NDP":1,"GRN":5,"PPC":1,"OTH":2}}},"geometry":{"type":"Polygon","coordinates":[[[640.33,106.89],[640.33,106.74],[640.33,106.56],[640.33,106.55],[640.34,106.56],[640.35,106.56],[640.6,106.56],[640.6,106.59],[640.64,106.59],[640.64,106.61],[640.69,106.61],[640.69,106.74],[640.71,106.75],[640.72,106.74],[640.72,106.71],[640.71,106.7],[640.77,106.71],[640.82,106.75],[640.82,106.75],[641.05,106.75],[641.05,106.92],[641.07,106.91],[641.07,107.15],[640.71,107.16],[640.71,106.92],[640.33,106.92],[640.31,106.92],[640.33,106.89]]]}},{"type":"Feature","id":"35088-44","properties":{"ridingCode":"35088","pollNumber":"44","pollType":"N","advancePollNumber":"605","sourceCode":"44-0","geometryPollNumbers":["44"],"code":"35088-44","resultPollNumbers":["44"],"resultStatus":"exact","result":{"electors":419,"voters":129,"totalVotes":128,"rejected":1,"turnout":30.787589498806682,"winnerId":"julie-se-guin","winnerPartyId":"CPC","runnerUpId":"giovanna-mingarelli","runnerUpPartyId":"LIB","margin":2.34375,"top":[{"id":"julie-se-guin","name":"Julie Séguin","shortName":"Séguin","partyId":"CPC","votes":59,"share":46.09375},{"id":"giovanna-mingarelli","name":"Giovanna Mingarelli","shortName":"Mingarelli","partyId":"LIB","votes":56,"share":43.75},{"id":"ryder-finlay","name":"Ryder Finlay","shortName":"Finlay","partyId":"NDP","votes":8,"share":6.25},{"id":"thaila-riden","name":"Thaila Riden","shortName":"Riden","partyId":"GRN","votes":3,"share":2.34375}],"partyVotes":{"LIB":56,"CPC":59,"BQ":0,"NDP":8,"GRN":3,"PPC":2,"OTH":0}}},"geometry":{"type":"Polygon","coordinates":[[[640.69,106.61],[640.71,106.61],[640.71,106.62],[640.73,106.62],[640.73,106.64],[640.73,106.64],[640.73,106.64],[640.75,106.64],[640.75,106.64],[640.76,106.64],[640.76,106.58],[640.73,106.58],[640.72,106.56],[640.73,106.56],[640.82,106.56],[641.05,106.56],[641.07,106.56],[641.07,106.75],[641.05,106.75],[640.82,106.75],[640.82,106.75],[640.77,106.71],[640.71,106.7],[640.72,106.71],[640.72,106.74],[640.71,106.75],[640.69,106.74],[640.69,106.61]]]}},{"type":"Feature","id":"35088-45","properties":{"ridingCode":"35088","pollNumber":"45","pollType":"N","advancePollNumber":"605","sourceCode":"45-0","geometryPollNumbers":["45"],"code":"35088-45","resultPollNumbers":["45"],"resultStatus":"exact","result":{"electors":396,"voters":98,"totalVotes":97,"rejected":1,"turnout":24.747474747474747,"winnerId":"giovanna-mingarelli","winnerPartyId":"LIB","runnerUpId":"julie-se-guin","runnerUpPartyId":"CPC","margin":5.154639175257731,"top":[{"id":"giovanna-mingarelli","name":"Giovanna Mingarelli","shortName":"Mingarelli","partyId":"LIB","votes":50,"share":51.546391752577314},{"id":"julie-se-guin","name":"Julie Séguin","shortName":"Séguin","partyId":"CPC","votes":45,"share":46.391752577319586},{"id":"ryder-finlay","name":"Ryder Finlay","shortName":"Finlay","partyId":"NDP","votes":1,"share":1.0309278350515463},{"id":"deborah-perrier","name":"Deborah Perrier","shortName":"Perrier","partyId":"PPC","votes":1,"share":1.0309278350515463}],"partyVotes":{"LIB":50,"CPC":45,"BQ":0,"NDP":1,"GRN":0,"PPC":1,"OTH":0}}},"geometry":{"type":"Polygon","coordinates":[[[640.72,106.61],[640.73,106.58],[640.76,106.58],[640.76,106.64],[640.75,106.64],[640.75,106.64],[640.73,106.64],[640.73,106.64],[640.73,106.64],[640.73,106.62],[640.72,106.61]]]}},{"type":"Feature","id":"35088-46","properties":{"ridingCode":"35088","pollNumber":"46","pollType":"N","advancePollNumber":"605","sourceCode":"46-0","geometryPollNumbers":["46"],"code":"35088-46","resultPollNumbers":["46"],"resultStatus":"exact","result":{"electors":427,"voters":123,"totalVotes":123,"rejected":0,"turnout":28.805620608899297,"winnerId":"giovanna-mingarelli","winnerPartyId":"LIB","runnerUpId":"julie-se-guin","runnerUpPartyId":"CPC","margin":13.821138211382115,"top":[{"id":"giovanna-mingarelli","name":"Giovanna Mingarelli","shortName":"Mingarelli","partyId":"LIB","votes":66,"share":53.65853658536586},{"id":"julie-se-guin","name":"Julie Séguin","shortName":"Séguin","partyId":"CPC","votes":49,"share":39.83739837398374},{"id":"ryder-finlay","name":"Ryder Finlay","shortName":"Finlay","partyId":"NDP","votes":5,"share":4.0650406504065035},{"id":"thaila-riden","name":"Thaila Riden","shortName":"Riden","partyId":"GRN","votes":2,"share":1.6260162601626018}],"partyVotes":{"LIB":66,"CPC":49,"BQ":0,"NDP":5,"GRN":2,"PPC":1,"OTH":0}}},"geometry":{"type":"Polygon","coordinates":[[[640.6,106.56],[640.61,106.55],[640.61,106.53],[640.67,106.53],[640.66,106.47],[640.7,106.47],[640.7,106.51],[640.69,106.51],[640.69,106.54],[640.73,106.54],[640.73,106.56],[640.72,106.56],[640.73,106.58],[640.72,106.61],[640.73,106.62],[640.71,106.62],[640.71,106.61],[640.69,106.61],[640.64,106.61],[640.64,106.59],[640.6,106.59],[640.6,106.56]]]}},{"type":"Feature","id":"35088-47","properties":{"ridingCode":"35088","pollNumber":"47","pollType":"N","advancePollNumber":"605","sourceCode":"47-0","geometryPollNumbers":["47"],"code":"35088-47","resultPollNumbers":["47"],"resultStatus":"exact","result":{"electors":499,"voters":177,"totalVotes":177,"rejected":0,"turnout":35.47094188376754,"winnerId":"giovanna-mingarelli","winnerPartyId":"LIB","runnerUpId":"julie-se-guin","runnerUpPartyId":"CPC","margin":6.214689265536723,"top":[{"id":"giovanna-mingarelli","name":"Giovanna Mingarelli","shortName":"Mingarelli","partyId":"LIB","votes":88,"share":49.717514124293785},{"id":"julie-se-guin","name":"Julie Séguin","shortName":"Séguin","partyId":"CPC","votes":77,"share":43.50282485875706},{"id":"thaila-riden","name":"Thaila Riden","shortName":"Riden","partyId":"GRN","votes":7,"share":3.954802259887006},{"id":"ryder-finlay","name":"Ryder Finlay","shortName":"Finlay","partyId":"NDP","votes":5,"share":2.824858757062147}],"partyVotes":{"LIB":88,"CPC":77,"BQ":0,"NDP":5,"GRN":7,"PPC":0,"OTH":0}}},"geometry":{"type":"Polygon","coordinates":[[[640.69,106.54],[640.69,106.51],[640.7,106.51],[640.7,106.47],[640.74,106.48],[640.74,106.5],[640.74,106.5],[640.74,106.5],[640.78,106.51],[640.78,106.53],[640.82,106.53],[640.81,106.53],[640.81,106.54],[640.82,106.54],[640.81,106.55],[640.81,106.56],[640.82,106.56],[640.73,106.56],[640.73,106.54],[640.69,106.54]],[[640.71,106.53],[640.71,106.53],[640.71,106.53],[640.71,106.53]],[[640.74,106.55],[640.74,106.55],[640.74,106.55],[640.74,106.55]]]}},{"type":"Feature","id":"35088-48","properties":{"ridingCode":"35088","pollNumber":"48","pollType":"N","advancePollNumber":"605","sourceCode":"48-0","geometryPollNumbers":["48"],"code":"35088-48","resultPollNumbers":["48"],"resultStatus":"exact","result":{"electors":264,"voters":126,"totalVotes":126,"rejected":0,"turnout":47.72727272727273,"winnerId":"julie-se-guin","winnerPartyId":"CPC","runnerUpId":"giovanna-mingarelli","runnerUpPartyId":"LIB","margin":30.158730158730158,"top":[{"id":"julie-se-guin","name":"Julie Séguin","shortName":"Séguin","partyId":"CPC","votes":74,"share":58.730158730158735},{"id":"giovanna-mingarelli","name":"Giovanna Mingarelli","shortName":"Mingarelli","partyId":"LIB","votes":36,"share":28.57142857142857},{"id":"ryder-finlay","name":"Ryder Finlay","shortName":"Finlay","partyId":"NDP","votes":6,"share":4.761904761904762},{"id":"deborah-perrier","name":"Deborah Perrier","shortName":"Perrier","partyId":"PPC","votes":4,"share":3.1746031746031744}],"partyVotes":{"LIB":36,"CPC":74,"BQ":0,"NDP":6,"GRN":4,"PPC":4,"OTH":2}}},"geometry":{"type":"Polygon","coordinates":[[[639.4,106.38],[639.58,106.26],[639.58,106.03],[640.09,106.05],[640.09,106.05],[640.34,106.14],[640.33,106.54],[640.33,106.55],[640.33,106.56],[640.33,106.74],[640.31,106.71],[640.11,106.64],[640.09,106.65],[640.09,106.64],[640.08,106.64],[640.08,106.65],[639.55,106.47],[639.4,106.42],[639.4,106.38]]]}},{"type":"Feature","id":"35088-49","properties":{"ridingCode":"35088","pollNumber":"49","pollType":"N","advancePollNumber":"605","sourceCode":"49-0","geometryPollNumbers":["49"],"code":"35088-49","resultPollNumbers":["49"],"resultStatus":"exact","result":{"electors":396,"voters":179,"totalVotes":177,"rejected":2,"turnout":45.20202020202021,"winnerId":"julie-se-guin","winnerPartyId":"CPC","runnerUpId":"giovanna-mingarelli","runnerUpPartyId":"LIB","margin":27.11864406779661,"top":[{"id":"julie-se-guin","name":"Julie Séguin","shortName":"Séguin","partyId":"CPC","votes":108,"share":61.016949152542374},{"id":"giovanna-mingarelli","name":"Giovanna Mingarelli","shortName":"Mingarelli","partyId":"LIB","votes":60,"share":33.89830508474576},{"id":"ryder-finlay","name":"Ryder Finlay","shortName":"Finlay","partyId":"NDP","votes":4,"share":2.2598870056497176},{"id":"deborah-perrier","name":"Deborah Perrier","shortName":"Perrier","partyId":"PPC","votes":3,"share":1.694915254237288}],"partyVotes":{"LIB":60,"CPC":108,"BQ":0,"NDP":4,"GRN":2,"PPC":3,"OTH":0}}},"geometry":{"type":"Polygon","coordinates":[[[640.35,105.57],[640.49,105.73],[640.49,105.74],[640.5,105.75],[640.69,105.98],[640.99,106.33],[641.06,106.41],[641.05,106.42],[641.05,106.44],[641.05,106.56],[640.82,106.56],[640.81,106.56],[640.81,106.55],[640.82,106.54],[640.81,106.54],[640.81,106.53],[640.82,106.53],[640.78,106.53],[640.78,106.51],[640.74,106.5],[640.74,106.5],[640.74,106.5],[640.74,106.48],[640.7,106.47],[640.66,106.47],[640.67,106.53],[640.61,106.53],[640.61,106.55],[640.6,106.56],[640.35,106.56],[640.34,106.56],[640.33,106.55],[640.33,106.54],[640.34,106.14],[640.35,105.57]]]}},{"type":"Feature","id":"35088-50","properties":{"ridingCode":"35088","pollNumber":"50","pollType":"N","advancePollNumber":"608","sourceCode":"50-0","geometryPollNumbers":["50"],"code":"35088-50","resultPollNumbers":["50"],"resultStatus":"exact","result":{"electors":257,"voters":118,"totalVotes":117,"rejected":1,"turnout":45.91439688715953,"winnerId":"julie-se-guin","winnerPartyId":"CPC","runnerUpId":"giovanna-mingarelli","runnerUpPartyId":"LIB","margin":29.059829059829063,"top":[{"id":"julie-se-guin","name":"Julie Séguin","shortName":"Séguin","partyId":"CPC","votes":73,"share":62.39316239316239},{"id":"giovanna-mingarelli","name":"Giovanna Mingarelli","shortName":"Mingarelli","partyId":"LIB","votes":39,"share":33.33333333333333},{"id":"ryder-finlay","name":"Ryder Finlay","shortName":"Finlay","partyId":"NDP","votes":2,"share":1.7094017094017095},{"id":"deborah-perrier","name":"Deborah Perrier","shortName":"Perrier","partyId":"PPC","votes":1,"share":0.8547008547008548}],"partyVotes":{"LIB":39,"CPC":73,"BQ":0,"NDP":2,"GRN":1,"PPC":1,"OTH":1}}},"geometry":{"type":"Polygon","coordinates":[[[637.88,106.49],[637.91,106.46],[637.91,106.43],[638.1,106.22],[638.11,106.15],[638.13,106.13],[638.37,106.34],[638.3,106.42],[638.27,106.46],[638.05,106.72],[638.02,106.66],[637.96,106.58],[637.92,106.53],[637.88,106.49]]]}},{"type":"Feature","id":"35088-51","properties":{"ridingCode":"35088","pollNumber":"51","pollType":"N","advancePollNumber":"608","sourceCode":"51-0","geometryPollNumbers":["51"],"code":"35088-51","resultPollNumbers":["51"],"resultStatus":"exact","result":{"electors":308,"voters":156,"totalVotes":155,"rejected":1,"turnout":50.649350649350644,"winnerId":"giovanna-mingarelli","winnerPartyId":"LIB","runnerUpId":"julie-se-guin","runnerUpPartyId":"CPC","margin":18.70967741935484,"top":[{"id":"giovanna-mingarelli","name":"Giovanna Mingarelli","shortName":"Mingarelli","partyId":"LIB","votes":88,"share":56.774193548387096},{"id":"julie-se-guin","name":"Julie Séguin","shortName":"Séguin","partyId":"CPC","votes":59,"share":38.064516129032256},{"id":"deborah-perrier","name":"Deborah Perrier","shortName":"Perrier","partyId":"PPC","votes":5,"share":3.225806451612903},{"id":"ryder-finlay","name":"Ryder Finlay","shortName":"Finlay","partyId":"NDP","votes":3,"share":1.935483870967742}],"partyVotes":{"LIB":88,"CPC":59,"BQ":0,"NDP":3,"GRN":0,"PPC":5,"OTH":0}}},"geometry":{"type":"Polygon","coordinates":[[[637.38,106.01],[637.55,106.01],[637.64,106],[637.65,105.99],[637.65,105.99],[637.67,105.96],[637.68,105.95],[637.68,105.95],[637.71,105.95],[637.73,105.95],[637.74,105.95],[637.75,105.92],[637.77,105.9],[637.79,105.9],[637.84,105.9],[637.86,105.91],[637.88,105.92],[637.9,105.92],[637.97,105.98],[637.97,105.99],[638.13,106.13],[638.11,106.15],[638.1,106.22],[637.91,106.43],[637.91,106.46],[637.88,106.49],[637.86,106.47],[637.83,106.44],[637.75,106.37],[637.68,106.33],[637.63,106.31],[637.52,106.27],[637.48,106.25],[637.44,106.22],[637.4,106.19],[637.3,106.08],[637.36,106.01],[637.38,106.01]]]}},{"type":"Feature","id":"35088-52","properties":{"ridingCode":"35088","pollNumber":"52","pollType":"N","advancePollNumber":"604","sourceCode":"52-0","geometryPollNumbers":["52"],"code":"35088-52","resultPollNumbers":["52"],"resultStatus":"exact","result":{"electors":430,"voters":186,"totalVotes":182,"rejected":4,"turnout":43.25581395348837,"winnerId":"julie-se-guin","winnerPartyId":"CPC","runnerUpId":"giovanna-mingarelli","runnerUpPartyId":"LIB","margin":13.186813186813188,"top":[{"id":"julie-se-guin","name":"Julie Séguin","shortName":"Séguin","partyId":"CPC","votes":100,"share":54.94505494505495},{"id":"giovanna-mingarelli","name":"Giovanna Mingarelli","shortName":"Mingarelli","partyId":"LIB","votes":76,"share":41.75824175824176},{"id":"ryder-finlay","name":"Ryder Finlay","shortName":"Finlay","partyId":"NDP","votes":4,"share":2.197802197802198},{"id":"thaila-riden","name":"Thaila Riden","shortName":"Riden","partyId":"GRN","votes":2,"share":1.098901098901099}],"partyVotes":{"LIB":76,"CPC":100,"BQ":0,"NDP":4,"GRN":2,"PPC":0,"OTH":0}}},"geometry":{"type":"Polygon","coordinates":[[[638.63,106.48],[638.69,106.41],[638.81,106.27],[638.93,106.37],[638.93,106.37],[638.93,106.38],[638.94,106.38],[638.94,106.39],[638.9,106.43],[638.97,106.49],[639.01,106.44],[639.03,106.46],[638.87,106.64],[638.86,106.66],[638.86,106.67],[638.86,106.67],[638.71,106.54],[638.63,106.48]]]}},{"type":"Feature","id":"35088-53","properties":{"ridingCode":"35088","pollNumber":"53","pollType":"N","advancePollNumber":"604","sourceCode":"53-0","geometryPollNumbers":["53"],"code":"35088-53","resultPollNumbers":["53"],"resultStatus":"exact","result":{"electors":460,"voters":196,"totalVotes":194,"rejected":2,"turnout":42.608695652173914,"winnerId":"giovanna-mingarelli","winnerPartyId":"LIB","runnerUpId":"julie-se-guin","runnerUpPartyId":"CPC","margin":5.154639175257731,"top":[{"id":"giovanna-mingarelli","name":"Giovanna Mingarelli","shortName":"Mingarelli","partyId":"LIB","votes":96,"share":49.48453608247423},{"id":"julie-se-guin","name":"Julie Séguin","shortName":"Séguin","partyId":"CPC","votes":86,"share":44.329896907216494},{"id":"thaila-riden","name":"Thaila Riden","shortName":"Riden","partyId":"GRN","votes":7,"share":3.608247422680412},{"id":"ryder-finlay","name":"Ryder Finlay","shortName":"Finlay","partyId":"NDP","votes":3,"share":1.5463917525773196}],"partyVotes":{"LIB":96,"CPC":86,"BQ":0,"NDP":3,"GRN":7,"PPC":2,"OTH":0}}},"geometry":{"type":"Polygon","coordinates":[[[638.97,106.49],[638.9,106.43],[638.94,106.39],[638.97,106.41],[638.98,106.43],[638.98,106.43],[638.98,106.43],[638.99,106.43],[638.99,106.42],[639.01,106.44],[638.97,106.49]]]}},{"type":"Feature","id":"35088-54","properties":{"ridingCode":"35088","pollNumber":"54","pollType":"N","advancePollNumber":"604","sourceCode":"54-0","geometryPollNumbers":["54"],"code":"35088-54","resultPollNumbers":["54"],"resultStatus":"exact","result":{"electors":389,"voters":135,"totalVotes":133,"rejected":2,"turnout":34.70437017994858,"winnerId":"julie-se-guin","winnerPartyId":"CPC","runnerUpId":"giovanna-mingarelli","runnerUpPartyId":"LIB","margin":2.2556390977443606,"top":[{"id":"julie-se-guin","name":"Julie Séguin","shortName":"Séguin","partyId":"CPC","votes":60,"share":45.11278195488722},{"id":"giovanna-mingarelli","name":"Giovanna Mingarelli","shortName":"Mingarelli","partyId":"LIB","votes":57,"share":42.857142857142854},{"id":"ryder-finlay","name":"Ryder Finlay","shortName":"Finlay","partyId":"NDP","votes":7,"share":5.263157894736842},{"id":"deborah-perrier","name":"Deborah Perrier","shortName":"Perrier","partyId":"PPC","votes":5,"share":3.7593984962406015}],"partyVotes":{"LIB":57,"CPC":60,"BQ":0,"NDP":7,"GRN":3,"PPC":5,"OTH":1}}},"geometry":{"type":"Polygon","coordinates":[[[638.93,106.38],[638.93,106.37],[638.93,106.37],[638.94,106.36],[638.94,106.36],[638.95,106.35],[638.96,106.36],[638.96,106.37],[638.97,106.38],[638.98,106.38],[639,106.34],[639.06,106.39],[639.01,106.44],[638.99,106.42],[638.99,106.43],[638.98,106.43],[638.98,106.43],[638.97,106.41],[638.94,106.39],[638.94,106.38],[638.93,106.38]],[[638.97,106.41],[638.97,106.41],[638.98,106.41],[638.97,106.41]]]}},{"type":"Feature","id":"35088-55","properties":{"ridingCode":"35088","pollNumber":"55","pollType":"N","advancePollNumber":"604","sourceCode":"55-0","geometryPollNumbers":["55"],"code":"35088-55","resultPollNumbers":["55"],"resultStatus":"exact","result":{"electors":420,"voters":183,"totalVotes":183,"rejected":0,"turnout":43.57142857142857,"winnerId":"giovanna-mingarelli","winnerPartyId":"LIB","runnerUpId":"julie-se-guin","runnerUpPartyId":"CPC","margin":2.73224043715847,"top":[{"id":"giovanna-mingarelli","name":"Giovanna Mingarelli","shortName":"Mingarelli","partyId":"LIB","votes":86,"share":46.994535519125684},{"id":"julie-se-guin","name":"Julie Séguin","shortName":"Séguin","partyId":"CPC","votes":81,"share":44.26229508196721},{"id":"deborah-perrier","name":"Deborah Perrier","shortName":"Perrier","partyId":"PPC","votes":7,"share":3.825136612021858},{"id":"ryder-finlay","name":"Ryder Finlay","shortName":"Finlay","partyId":"NDP","votes":5,"share":2.73224043715847}],"partyVotes":{"LIB":86,"CPC":81,"BQ":0,"NDP":5,"GRN":4,"PPC":7,"OTH":0}}},"geometry":{"type":"Polygon","coordinates":[[[638.81,106.27],[638.91,106.15],[639.01,106.02],[639.14,105.87],[639.37,106.07],[639.37,106.08],[639.4,106.08],[639.41,105.61],[639.59,105.8],[639.58,106.03],[639.58,106.26],[639.4,106.38],[639.4,106.42],[639.4,106.81],[639.39,106.77],[639.37,106.75],[639.31,106.71],[639.25,106.65],[639.03,106.46],[639.01,106.44],[639.06,106.39],[639,106.34],[638.98,106.38],[638.97,106.38],[638.96,106.37],[638.96,106.36],[638.95,106.35],[638.94,106.36],[638.94,106.36],[638.93,106.37],[638.81,106.27]]]}},{"type":"Feature","id":"35088-56","properties":{"ridingCode":"35088","pollNumber":"56","pollType":"N","advancePollNumber":"604","sourceCode":"56-0","geometryPollNumbers":["56"],"code":"35088-56","resultPollNumbers":["56"],"resultStatus":"exact","result":{"electors":457,"voters":191,"totalVotes":191,"rejected":0,"turnout":41.79431072210066,"winnerId":"julie-se-guin","winnerPartyId":"CPC","runnerUpId":"giovanna-mingarelli","runnerUpPartyId":"LIB","margin":2.6178010471204187,"top":[{"id":"julie-se-guin","name":"Julie Séguin","shortName":"Séguin","partyId":"CPC","votes":93,"share":48.69109947643979},{"id":"giovanna-mingarelli","name":"Giovanna Mingarelli","shortName":"Mingarelli","partyId":"LIB","votes":88,"share":46.07329842931937},{"id":"deborah-perrier","name":"Deborah Perrier","shortName":"Perrier","partyId":"PPC","votes":5,"share":2.6178010471204187},{"id":"thaila-riden","name":"Thaila Riden","shortName":"Riden","partyId":"GRN","votes":3,"share":1.5706806282722512}],"partyVotes":{"LIB":88,"CPC":93,"BQ":0,"NDP":1,"GRN":3,"PPC":5,"OTH":1}}},"geometry":{"type":"Polygon","coordinates":[[[638.42,106.29],[638.59,106.09],[638.8,105.82],[638.96,105.63],[639.24,105.31],[639.3,105.25],[639.33,105.28],[639.41,105.35],[639.41,105.61],[639.4,106.08],[639.37,106.08],[639.37,106.07],[639.14,105.87],[639.01,106.02],[638.91,106.15],[638.81,106.27],[638.69,106.41],[638.63,106.48],[638.55,106.4],[638.42,106.29]]]}},{"type":"Feature","id":"35088-57","properties":{"ridingCode":"35088","pollNumber":"57","pollType":"N","advancePollNumber":"600","sourceCode":"57-0","geometryPollNumbers":["57"],"code":"35088-57","resultPollNumbers":["57"],"resultStatus":"exact","result":{"electors":364,"voters":208,"totalVotes":206,"rejected":2,"turnout":57.14285714285714,"winnerId":"julie-se-guin","winnerPartyId":"CPC","runnerUpId":"giovanna-mingarelli","runnerUpPartyId":"LIB","margin":5.825242718446602,"top":[{"id":"julie-se-guin","name":"Julie Séguin","shortName":"Séguin","partyId":"CPC","votes":100,"share":48.54368932038835},{"id":"giovanna-mingarelli","name":"Giovanna Mingarelli","shortName":"Mingarelli","partyId":"LIB","votes":88,"share":42.71844660194174},{"id":"deborah-perrier","name":"Deborah Perrier","shortName":"Perrier","partyId":"PPC","votes":8,"share":3.8834951456310676},{"id":"thaila-riden","name":"Thaila Riden","shortName":"Riden","partyId":"GRN","votes":6,"share":2.912621359223301}],"partyVotes":{"LIB":88,"CPC":100,"BQ":0,"NDP":4,"GRN":6,"PPC":8,"OTH":0}}},"geometry":{"type":"Polygon","coordinates":[[[641.73,106.23],[641.93,106.07],[641.96,106.04],[642.12,105.9],[642.22,105.82],[642.39,105.82],[642.41,105.82],[642.41,105.83],[642.66,105.82],[642.64,106.01],[642.64,106.08],[642.64,106.11],[642.63,106.15],[642.62,106.33],[642.59,106.54],[642.56,106.86],[642.54,106.86],[642.48,106.85],[642.48,106.75],[642.48,106.72],[642.48,106.52],[642.45,106.52],[642.44,106.51],[642.44,106.5],[642.44,106.45],[642.4,106.42],[642.4,106.42],[642.25,106.42],[642.24,106.42],[642.23,106.43],[642.21,106.43],[642.19,106.43],[642.15,106.42],[641.96,106.43],[641.56,106.43],[641.56,106.38],[641.56,106.37],[641.61,106.33],[641.61,106.33],[641.67,106.28],[641.67,106.28],[641.73,106.23]]]}},{"type":"Feature","id":"35088-58","properties":{"ridingCode":"35088","pollNumber":"58","pollType":"N","advancePollNumber":"607","sourceCode":"58-0","geometryPollNumbers":["58"],"code":"35088-58","resultPollNumbers":["58"],"resultStatus":"exact","result":{"electors":405,"voters":154,"totalVotes":151,"rejected":3,"turnout":38.02469135802469,"winnerId":"giovanna-mingarelli","winnerPartyId":"LIB","runnerUpId":"julie-se-guin","runnerUpPartyId":"CPC","margin":8.609271523178808,"top":[{"id":"giovanna-mingarelli","name":"Giovanna Mingarelli","shortName":"Mingarelli","partyId":"LIB","votes":80,"share":52.980132450331126},{"id":"julie-se-guin","name":"Julie Séguin","shortName":"Séguin","partyId":"CPC","votes":67,"share":44.370860927152314},{"id":"deborah-perrier","name":"Deborah Perrier","shortName":"Perrier","partyId":"PPC","votes":2,"share":1.3245033112582782},{"id":"ryder-finlay","name":"Ryder Finlay","shortName":"Finlay","partyId":"NDP","votes":1,"share":0.6622516556291391}],"partyVotes":{"LIB":80,"CPC":67,"BQ":0,"NDP":1,"GRN":1,"PPC":2,"OTH":0}}},"geometry":{"type":"Polygon","coordinates":[[[637.97,105.99],[637.97,105.98],[638.12,105.97],[638.12,105.96],[638.15,105.96],[638.18,105.94],[638.19,105.95],[638.19,105.95],[638.18,105.94],[638.23,105.91],[638.25,105.89],[638.25,105.88],[638.37,105.98],[638.44,106.04],[638.52,106.08],[638.53,106.08],[638.59,106.09],[638.42,106.29],[638.37,106.34],[638.13,106.13],[637.97,105.99]]]}},{"type":"Feature","id":"35088-59","properties":{"ridingCode":"35088","pollNumber":"59","pollType":"N","advancePollNumber":"607","sourceCode":"59-0","geometryPollNumbers":["59"],"code":"35088-59","resultPollNumbers":["59"],"resultStatus":"exact","result":{"electors":424,"voters":143,"totalVotes":143,"rejected":0,"turnout":33.72641509433962,"winnerId":"julie-se-guin","winnerPartyId":"CPC","runnerUpId":"giovanna-mingarelli","runnerUpPartyId":"LIB","margin":6.293706293706294,"top":[{"id":"julie-se-guin","name":"Julie Séguin","shortName":"Séguin","partyId":"CPC","votes":70,"share":48.95104895104895},{"id":"giovanna-mingarelli","name":"Giovanna Mingarelli","shortName":"Mingarelli","partyId":"LIB","votes":61,"share":42.65734265734265},{"id":"ryder-finlay","name":"Ryder Finlay","shortName":"Finlay","partyId":"NDP","votes":8,"share":5.594405594405594},{"id":"thaila-riden","name":"Thaila Riden","shortName":"Riden","partyId":"GRN","votes":2,"share":1.3986013986013985}],"partyVotes":{"LIB":61,"CPC":70,"BQ":0,"NDP":8,"GRN":2,"PPC":1,"OTH":1}}},"geometry":{"type":"Polygon","coordinates":[[[637.62,105.95],[637.56,105.89],[637.56,105.88],[637.68,105.73],[637.71,105.76],[637.75,105.71],[637.75,105.71],[637.75,105.7],[637.79,105.65],[638,105.83],[638.01,105.83],[638.04,105.79],[638.05,105.78],[638.09,105.74],[638.24,105.87],[638.23,105.88],[638.23,105.88],[638.22,105.88],[638.22,105.88],[638.23,105.91],[638.18,105.94],[638.15,105.96],[638.12,105.96],[638.12,105.97],[637.97,105.98],[637.9,105.92],[637.88,105.92],[637.86,105.91],[637.84,105.9],[637.79,105.9],[637.77,105.9],[637.75,105.92],[637.74,105.95],[637.73,105.95],[637.71,105.95],[637.68,105.95],[637.68,105.95],[637.67,105.96],[637.65,105.95],[637.62,105.95]]]}},{"type":"Feature","id":"35088-60","properties":{"ridingCode":"35088","pollNumber":"60","pollType":"N","advancePollNumber":"607","sourceCode":"60-0","geometryPollNumbers":["60"],"code":"35088-60","resultPollNumbers":["60"],"resultStatus":"exact","result":{"electors":371,"voters":132,"totalVotes":132,"rejected":0,"turnout":35.57951482479784,"winnerId":"julie-se-guin","winnerPartyId":"CPC","runnerUpId":"giovanna-mingarelli","runnerUpPartyId":"LIB","margin":4.545454545454546,"top":[{"id":"julie-se-guin","name":"Julie Séguin","shortName":"Séguin","partyId":"CPC","votes":62,"share":46.96969696969697},{"id":"giovanna-mingarelli","name":"Giovanna Mingarelli","shortName":"Mingarelli","partyId":"LIB","votes":56,"share":42.42424242424242},{"id":"ryder-finlay","name":"Ryder Finlay","shortName":"Finlay","partyId":"NDP","votes":8,"share":6.0606060606060606},{"id":"jason-st-louis","name":"Jason St-Louis","shortName":"St-Louis","partyId":"OTH","votes":4,"share":3.0303030303030303}],"partyVotes":{"LIB":56,"CPC":62,"BQ":0,"NDP":8,"GRN":0,"PPC":2,"OTH":4}}},"geometry":{"type":"Polygon","coordinates":[[[638.23,105.84],[638.25,105.82],[638.27,105.81],[638.35,105.77],[638.36,105.76],[638.39,105.73],[638.41,105.75],[638.4,105.76],[638.4,105.77],[638.37,105.77],[638.35,105.79],[638.32,105.79],[638.3,105.8],[638.3,105.81],[638.29,105.83],[638.29,105.84],[638.26,105.86],[638.27,105.87],[638.29,105.85],[638.3,105.84],[638.31,105.81],[638.31,105.81],[638.33,105.8],[638.35,105.8],[638.36,105.79],[638.38,105.78],[638.42,105.77],[638.42,105.77],[638.42,105.75],[638.43,105.75],[638.43,105.74],[638.46,105.72],[638.49,105.72],[638.56,105.7],[638.63,105.69],[638.64,105.69],[638.8,105.82],[638.59,106.09],[638.53,106.08],[638.52,106.08],[638.44,106.04],[638.37,105.98],[638.25,105.88],[638.25,105.89],[638.23,105.91],[638.22,105.88],[638.22,105.88],[638.23,105.88],[638.23,105.88],[638.24,105.87],[638.24,105.87],[638.26,105.85],[638.23,105.84]]]}},{"type":"Feature","id":"35088-61","properties":{"ridingCode":"35088","pollNumber":"61","pollType":"N","advancePollNumber":"608","sourceCode":"61-0","geometryPollNumbers":["61"],"code":"35088-61","resultPollNumbers":["61"],"resultStatus":"exact","result":{"electors":484,"voters":277,"totalVotes":274,"rejected":3,"turnout":57.231404958677686,"winnerId":"giovanna-mingarelli","winnerPartyId":"LIB","runnerUpId":"julie-se-guin","runnerUpPartyId":"CPC","margin":14.963503649635038,"top":[{"id":"giovanna-mingarelli","name":"Giovanna Mingarelli","shortName":"Mingarelli","partyId":"LIB","votes":149,"share":54.379562043795616},{"id":"julie-se-guin","name":"Julie Séguin","shortName":"Séguin","partyId":"CPC","votes":108,"share":39.416058394160586},{"id":"ryder-finlay","name":"Ryder Finlay","shortName":"Finlay","partyId":"NDP","votes":11,"share":4.014598540145985},{"id":"deborah-perrier","name":"Deborah Perrier","shortName":"Perrier","partyId":"PPC","votes":2,"share":0.7299270072992701}],"partyVotes":{"LIB":149,"CPC":108,"BQ":0,"NDP":11,"GRN":2,"PPC":2,"OTH":2}}},"geometry":{"type":"Polygon","coordinates":[[[637.13,105.97],[637.15,105.95],[637.16,105.95],[637.17,105.94],[637.19,105.95],[637.21,105.95],[637.23,105.95],[637.23,105.95],[637.26,105.92],[637.26,105.92],[637.27,105.92],[637.28,105.92],[637.24,105.96],[637.26,105.96],[637.28,105.96],[637.33,105.96],[637.35,105.96],[637.39,105.98],[637.43,105.99],[637.46,105.99],[637.48,105.98],[637.51,105.95],[637.56,105.89],[637.62,105.95],[637.65,105.95],[637.67,105.96],[637.65,105.99],[637.65,105.99],[637.64,106],[637.55,106.01],[637.38,106.01],[637.36,106.01],[637.3,106.08],[637.28,106.06],[637.22,106.01],[637.19,106],[637.13,105.97]]]}},{"type":"Feature","id":"35088-62","properties":{"ridingCode":"35088","pollNumber":"62","pollType":"N","advancePollNumber":"608","sourceCode":"62-0","geometryPollNumbers":["62"],"code":"35088-62","resultPollNumbers":["62"],"resultStatus":"exact","result":{"electors":702,"voters":379,"totalVotes":373,"rejected":6,"turnout":53.98860398860399,"winnerId":"giovanna-mingarelli","winnerPartyId":"LIB","runnerUpId":"julie-se-guin","runnerUpPartyId":"CPC","margin":2.949061662198391,"top":[{"id":"giovanna-mingarelli","name":"Giovanna Mingarelli","shortName":"Mingarelli","partyId":"LIB","votes":186,"share":49.865951742627345},{"id":"julie-se-guin","name":"Julie Séguin","shortName":"Séguin","partyId":"CPC","votes":175,"share":46.91689008042895},{"id":"ryder-finlay","name":"Ryder Finlay","shortName":"Finlay","partyId":"NDP","votes":10,"share":2.680965147453083},{"id":"deborah-perrier","name":"Deborah Perrier","shortName":"Perrier","partyId":"PPC","votes":2,"share":0.5361930294906166}],"partyVotes":{"LIB":186,"CPC":175,"BQ":0,"NDP":10,"GRN":0,"PPC":2,"OTH":0}}},"geometry":{"type":"Polygon","coordinates":[[[637.21,105.93],[637.19,105.92],[637.21,105.9],[637.46,105.95],[637.51,105.95],[637.48,105.98],[637.46,105.99],[637.43,105.99],[637.39,105.98],[637.35,105.96],[637.33,105.96],[637.28,105.96],[637.26,105.96],[637.24,105.96],[637.28,105.92],[637.27,105.92],[637.26,105.92],[637.26,105.92],[637.23,105.95],[637.22,105.94],[637.21,105.94],[637.21,105.94],[637.2,105.94],[637.21,105.93]]]}},{"type":"Feature","id":"35088-63","properties":{"ridingCode":"35088","pollNumber":"63","pollType":"N","advancePollNumber":"608","sourceCode":"63-0","geometryPollNumbers":["63"],"code":"35088-63","resultPollNumbers":["63"],"resultStatus":"exact","result":{"electors":344,"voters":195,"totalVotes":192,"rejected":3,"turnout":56.68604651162791,"winnerId":"giovanna-mingarelli","winnerPartyId":"LIB","runnerUpId":"julie-se-guin","runnerUpPartyId":"CPC","margin":7.8125,"top":[{"id":"giovanna-mingarelli","name":"Giovanna Mingarelli","shortName":"Mingarelli","partyId":"LIB","votes":97,"share":50.520833333333336},{"id":"julie-se-guin","name":"Julie Séguin","shortName":"Séguin","partyId":"CPC","votes":82,"share":42.70833333333333},{"id":"thaila-riden","name":"Thaila Riden","shortName":"Riden","partyId":"GRN","votes":6,"share":3.125},{"id":"ryder-finlay","name":"Ryder Finlay","shortName":"Finlay","partyId":"NDP","votes":5,"share":2.604166666666667}],"partyVotes":{"LIB":97,"CPC":82,"BQ":0,"NDP":5,"GRN":6,"PPC":2,"OTH":0}}},"geometry":{"type":"Polygon","coordinates":[[[636.9,105.91],[636.94,105.85],[637.07,105.87],[637.07,105.87],[637.09,105.89],[637.17,105.94],[637.16,105.95],[637.15,105.95],[637.13,105.97],[637.12,105.97],[637.09,105.96],[637.02,105.95],[636.97,105.94],[636.95,105.93],[636.9,105.91]]]}},{"type":"Feature","id":"35088-64","properties":{"ridingCode":"35088","pollNumber":"64","pollType":"N","advancePollNumber":"608","sourceCode":"64-0","geometryPollNumbers":["64"],"code":"35088-64","resultPollNumbers":["64"],"resultStatus":"exact","result":{"electors":398,"voters":231,"totalVotes":228,"rejected":3,"turnout":58.040201005025125,"winnerId":"giovanna-mingarelli","winnerPartyId":"LIB","runnerUpId":"julie-se-guin","runnerUpPartyId":"CPC","margin":10.526315789473683,"top":[{"id":"giovanna-mingarelli","name":"Giovanna Mingarelli","shortName":"Mingarelli","partyId":"LIB","votes":115,"share":50.43859649122807},{"id":"julie-se-guin","name":"Julie Séguin","shortName":"Séguin","partyId":"CPC","votes":91,"share":39.91228070175439},{"id":"ryder-finlay","name":"Ryder Finlay","shortName":"Finlay","partyId":"NDP","votes":12,"share":5.263157894736842},{"id":"thaila-riden","name":"Thaila Riden","shortName":"Riden","partyId":"GRN","votes":6,"share":2.631578947368421}],"partyVotes":{"LIB":115,"CPC":91,"BQ":0,"NDP":12,"GRN":6,"PPC":3,"OTH":1}}},"geometry":{"type":"Polygon","coordinates":[[[637.07,105.87],[637.07,105.87],[637.21,105.9],[637.19,105.92],[637.21,105.93],[637.2,105.94],[637.21,105.94],[637.21,105.94],[637.22,105.94],[637.23,105.95],[637.23,105.95],[637.21,105.95],[637.19,105.95],[637.17,105.94],[637.09,105.89],[637.07,105.87]]]}},{"type":"Feature","id":"35088-65","properties":{"ridingCode":"35088","pollNumber":"65","pollType":"N","advancePollNumber":"608","sourceCode":"65-0","geometryPollNumbers":["65"],"code":"35088-65","resultPollNumbers":["65"],"resultStatus":"exact","result":{"electors":384,"voters":201,"totalVotes":200,"rejected":1,"turnout":52.34375,"winnerId":"julie-se-guin","winnerPartyId":"CPC","runnerUpId":"giovanna-mingarelli","runnerUpPartyId":"LIB","margin":1.5,"top":[{"id":"julie-se-guin","name":"Julie Séguin","shortName":"Séguin","partyId":"CPC","votes":97,"share":48.5},{"id":"giovanna-mingarelli","name":"Giovanna Mingarelli","shortName":"Mingarelli","partyId":"LIB","votes":94,"share":47},{"id":"thaila-riden","name":"Thaila Riden","shortName":"Riden","partyId":"GRN","votes":4,"share":2},{"id":"deborah-perrier","name":"Deborah Perrier","shortName":"Perrier","partyId":"PPC","votes":3,"share":1.5}],"partyVotes":{"LIB":94,"CPC":97,"BQ":0,"NDP":0,"GRN":4,"PPC":3,"OTH":2}}},"geometry":{"type":"Polygon","coordinates":[[[636.8,105.83],[636.82,105.81],[636.92,105.69],[636.92,105.68],[636.93,105.66],[636.96,105.62],[637.06,105.7],[637.3,105.41],[637.48,105.57],[637.5,105.55],[637.64,105.37],[637.87,105.55],[637.83,105.6],[637.83,105.61],[637.79,105.65],[637.75,105.7],[637.75,105.71],[637.75,105.71],[637.71,105.76],[637.68,105.73],[637.56,105.88],[637.56,105.89],[637.51,105.95],[637.46,105.95],[637.21,105.9],[637.07,105.87],[636.94,105.85],[636.9,105.91],[636.87,105.89],[636.85,105.88],[636.83,105.87],[636.8,105.87],[636.8,105.83]]]}},{"type":"Feature","id":"35088-66","properties":{"ridingCode":"35088","pollNumber":"66","pollType":"N","advancePollNumber":"607","sourceCode":"66-0","geometryPollNumbers":["66"],"code":"35088-66","resultPollNumbers":["66"],"resultStatus":"exact","result":{"electors":438,"voters":145,"totalVotes":145,"rejected":0,"turnout":33.10502283105023,"winnerId":"julie-se-guin","winnerPartyId":"CPC","runnerUpId":"giovanna-mingarelli","runnerUpPartyId":"LIB","margin":12.413793103448276,"top":[{"id":"julie-se-guin","name":"Julie Séguin","shortName":"Séguin","partyId":"CPC","votes":74,"share":51.03448275862069},{"id":"giovanna-mingarelli","name":"Giovanna Mingarelli","shortName":"Mingarelli","partyId":"LIB","votes":56,"share":38.62068965517241},{"id":"ryder-finlay","name":"Ryder Finlay","shortName":"Finlay","partyId":"NDP","votes":5,"share":3.4482758620689653},{"id":"deborah-perrier","name":"Deborah Perrier","shortName":"Perrier","partyId":"PPC","votes":5,"share":3.4482758620689653}],"partyVotes":{"LIB":56,"CPC":74,"BQ":0,"NDP":5,"GRN":2,"PPC":5,"OTH":3}}},"geometry":{"type":"Polygon","coordinates":[[[637.64,105.37],[637.5,105.55],[637.48,105.57],[637.3,105.41],[637.32,105.39],[637.5,105.15],[637.61,105.01],[637.61,105.01],[637.78,105.15],[637.84,105.2],[637.9,105.25],[638.24,105.54],[638.25,105.54],[638.25,105.53],[638.26,105.55],[638.27,105.55],[638.42,105.69],[638.39,105.73],[638.36,105.76],[638.35,105.77],[638.27,105.81],[638.25,105.82],[638.23,105.84],[638.26,105.85],[638.24,105.87],[638.24,105.87],[638.09,105.74],[638.05,105.78],[638.04,105.79],[638.01,105.83],[638,105.83],[637.79,105.65],[637.83,105.61],[637.83,105.6],[637.87,105.55],[637.64,105.37]],[[638.37,105.73],[638.37,105.73],[638.37,105.73],[638.37,105.73]]]}},{"type":"Feature","id":"35088-67","properties":{"ridingCode":"35088","pollNumber":"67","pollType":"N","advancePollNumber":"609","sourceCode":"67-0","geometryPollNumbers":["67"],"code":"35088-67","resultPollNumbers":["67"],"resultStatus":"exact","result":{"electors":451,"voters":148,"totalVotes":148,"rejected":0,"turnout":32.8159645232816,"winnerId":"giovanna-mingarelli","winnerPartyId":"LIB","runnerUpId":"julie-se-guin","runnerUpPartyId":"CPC","margin":11.486486486486488,"top":[{"id":"giovanna-mingarelli","name":"Giovanna Mingarelli","shortName":"Mingarelli","partyId":"LIB","votes":79,"share":53.37837837837838},{"id":"julie-se-guin","name":"Julie Séguin","shortName":"Séguin","partyId":"CPC","votes":62,"share":41.891891891891895},{"id":"thaila-riden","name":"Thaila Riden","shortName":"Riden","partyId":"GRN","votes":4,"share":2.7027027027027026},{"id":"ryder-finlay","name":"Ryder Finlay","shortName":"Finlay","partyId":"NDP","votes":2,"share":1.3513513513513513}],"partyVotes":{"LIB":79,"CPC":62,"BQ":0,"NDP":2,"GRN":4,"PPC":1,"OTH":0}}},"geometry":{"type":"Polygon","coordinates":[[[636.31,105.7],[636.3,105.69],[636.29,105.67],[636.29,105.63],[636.33,105.57],[636.35,105.57],[636.35,105.6],[636.35,105.61],[636.36,105.64],[636.38,105.66],[636.41,105.69],[636.44,105.71],[636.46,105.73],[636.48,105.73],[636.49,105.73],[636.51,105.78],[636.51,105.79],[636.52,105.8],[636.57,105.8],[636.6,105.82],[636.65,105.82],[636.68,105.83],[636.74,105.82],[636.77,105.82],[636.79,105.83],[636.8,105.83],[636.8,105.87],[636.78,105.87],[636.74,105.87],[636.68,105.89],[636.63,105.9],[636.57,105.9],[636.45,105.86],[636.41,105.85],[636.35,105.82],[636.31,105.79],[636.27,105.74],[636.31,105.7]]]}},{"type":"Feature","id":"35088-68","properties":{"ridingCode":"35088","pollNumber":"68","pollType":"N","advancePollNumber":"609","sourceCode":"68-0","geometryPollNumbers":["68"],"code":"35088-68","resultPollNumbers":["68"],"resultStatus":"exact","result":{"electors":442,"voters":158,"totalVotes":158,"rejected":0,"turnout":35.74660633484163,"winnerId":"julie-se-guin","winnerPartyId":"CPC","runnerUpId":"giovanna-mingarelli","runnerUpPartyId":"LIB","margin":8.227848101265822,"top":[{"id":"julie-se-guin","name":"Julie Séguin","shortName":"Séguin","partyId":"CPC","votes":81,"share":51.26582278481012},{"id":"giovanna-mingarelli","name":"Giovanna Mingarelli","shortName":"Mingarelli","partyId":"LIB","votes":68,"share":43.037974683544306},{"id":"ryder-finlay","name":"Ryder Finlay","shortName":"Finlay","partyId":"NDP","votes":4,"share":2.5316455696202533},{"id":"thaila-riden","name":"Thaila Riden","shortName":"Riden","partyId":"GRN","votes":4,"share":2.5316455696202533}],"partyVotes":{"LIB":68,"CPC":81,"BQ":0,"NDP":4,"GRN":4,"PPC":1,"OTH":0}}},"geometry":{"type":"Polygon","coordinates":[[[636.38,105.56],[636.35,105.55],[636.36,105.52],[636.38,105.53],[636.67,105.74],[636.69,105.76],[636.82,105.81],[636.8,105.83],[636.79,105.83],[636.77,105.82],[636.74,105.82],[636.68,105.83],[636.65,105.82],[636.6,105.82],[636.57,105.8],[636.52,105.8],[636.51,105.79],[636.51,105.78],[636.49,105.73],[636.48,105.73],[636.46,105.73],[636.44,105.71],[636.41,105.69],[636.38,105.66],[636.36,105.64],[636.35,105.61],[636.35,105.6],[636.35,105.57],[636.35,105.57],[636.36,105.57],[636.37,105.57],[636.38,105.56]]]}},{"type":"Feature","id":"35088-69","properties":{"ridingCode":"35088","pollNumber":"69","pollType":"N","advancePollNumber":"609","sourceCode":"69-0","geometryPollNumbers":["69"],"code":"35088-69","resultPollNumbers":["69"],"resultStatus":"exact","result":{"electors":442,"voters":158,"totalVotes":156,"rejected":2,"turnout":35.74660633484163,"winnerId":"julie-se-guin","winnerPartyId":"CPC","runnerUpId":"giovanna-mingarelli","runnerUpPartyId":"LIB","margin":10.897435897435898,"top":[{"id":"julie-se-guin","name":"Julie Séguin","shortName":"Séguin","partyId":"CPC","votes":80,"share":51.28205128205128},{"id":"giovanna-mingarelli","name":"Giovanna Mingarelli","shortName":"Mingarelli","partyId":"LIB","votes":63,"share":40.38461538461539},{"id":"ryder-finlay","name":"Ryder Finlay","shortName":"Finlay","partyId":"NDP","votes":5,"share":3.205128205128205},{"id":"deborah-perrier","name":"Deborah Perrier","shortName":"Perrier","partyId":"PPC","votes":5,"share":3.205128205128205}],"partyVotes":{"LIB":63,"CPC":80,"BQ":0,"NDP":5,"GRN":2,"PPC":5,"OTH":1}}},"geometry":{"type":"Polygon","coordinates":[[[636.39,105.47],[636.4,105.46],[636.56,105.28],[636.66,105.36],[636.96,105.62],[636.93,105.66],[636.92,105.68],[636.92,105.69],[636.82,105.81],[636.69,105.76],[636.67,105.74],[636.38,105.53],[636.36,105.52],[636.37,105.5],[636.38,105.49],[636.39,105.5],[636.38,105.51],[636.39,105.52],[636.38,105.52],[636.4,105.53],[636.4,105.52],[636.4,105.52],[636.41,105.51],[636.42,105.5],[636.39,105.47]]]}},{"type":"Feature","id":"35088-70","properties":{"ridingCode":"35088","pollNumber":"70","pollType":"N","advancePollNumber":"610","sourceCode":"70-0","geometryPollNumbers":["70"],"code":"35088-70","resultPollNumbers":["70"],"resultStatus":"exact","result":{"electors":546,"voters":176,"totalVotes":175,"rejected":1,"turnout":32.234432234432234,"winnerId":"giovanna-mingarelli","winnerPartyId":"LIB","runnerUpId":"julie-se-guin","runnerUpPartyId":"CPC","margin":20,"top":[{"id":"giovanna-mingarelli","name":"Giovanna Mingarelli","shortName":"Mingarelli","partyId":"LIB","votes":101,"share":57.714285714285715},{"id":"julie-se-guin","name":"Julie Séguin","shortName":"Séguin","partyId":"CPC","votes":66,"share":37.714285714285715},{"id":"ryder-finlay","name":"Ryder Finlay","shortName":"Finlay","partyId":"NDP","votes":5,"share":2.857142857142857},{"id":"thaila-riden","name":"Thaila Riden","shortName":"Riden","partyId":"GRN","votes":2,"share":1.1428571428571428}],"partyVotes":{"LIB":101,"CPC":66,"BQ":0,"NDP":5,"GRN":2,"PPC":1,"OTH":0}}},"geometry":{"type":"Polygon","coordinates":[[[636.14,105.42],[636.14,105.41],[636.16,105.41],[636.15,105.43],[636.17,105.43],[636.19,105.43],[636.21,105.43],[636.27,105.42],[636.29,105.42],[636.31,105.43],[636.36,105.52],[636.35,105.55],[636.38,105.56],[636.37,105.57],[636.36,105.57],[636.35,105.57],[636.35,105.57],[636.33,105.57],[636.29,105.63],[636.29,105.67],[636.3,105.69],[636.31,105.7],[636.27,105.74],[636.25,105.71],[636.13,105.56],[636.14,105.48],[636.12,105.46],[636.11,105.46],[636.09,105.43],[636.09,105.43],[636.08,105.43],[636.08,105.42],[636.08,105.42],[636.08,105.42],[636.08,105.41],[636.07,105.4],[636.06,105.39],[636.06,105.39],[636.06,105.38],[636.05,105.38],[636.04,105.39],[636.03,105.39],[636.02,105.38],[636.02,105.37],[636.02,105.37],[636.02,105.37],[636.02,105.37],[636.01,105.36],[636.02,105.36],[636.02,105.36],[636.03,105.35],[636.04,105.34],[636.04,105.33],[636.06,105.32],[636.07,105.35],[636.1,105.38],[636.12,105.41],[636.14,105.42]]]}},{"type":"Feature","id":"35088-71","properties":{"ridingCode":"35088","pollNumber":"71","pollType":"N","advancePollNumber":"609","sourceCode":"71-0","geometryPollNumbers":["71"],"code":"35088-71","resultPollNumbers":["71"],"resultStatus":"exact","result":{"electors":403,"voters":131,"totalVotes":131,"rejected":0,"turnout":32.50620347394541,"winnerId":"giovanna-mingarelli","winnerPartyId":"LIB","runnerUpId":"julie-se-guin","runnerUpPartyId":"CPC","margin":17.557251908396946,"top":[{"id":"giovanna-mingarelli","name":"Giovanna Mingarelli","shortName":"Mingarelli","partyId":"LIB","votes":73,"share":55.72519083969466},{"id":"julie-se-guin","name":"Julie Séguin","shortName":"Séguin","partyId":"CPC","votes":50,"share":38.16793893129771},{"id":"ryder-finlay","name":"Ryder Finlay","shortName":"Finlay","partyId":"NDP","votes":4,"share":3.0534351145038165},{"id":"deborah-perrier","name":"Deborah Perrier","shortName":"Perrier","partyId":"PPC","votes":2,"share":1.5267175572519083}],"partyVotes":{"LIB":73,"CPC":50,"BQ":0,"NDP":4,"GRN":1,"PPC":2,"OTH":1}}},"geometry":{"type":"Polygon","coordinates":[[[636.26,105.41],[636.28,105.4],[636.33,105.37],[636.34,105.37],[636.35,105.37],[636.35,105.39],[636.37,105.41],[636.38,105.44],[636.4,105.46],[636.39,105.47],[636.42,105.5],[636.41,105.51],[636.4,105.52],[636.4,105.52],[636.4,105.53],[636.38,105.52],[636.39,105.52],[636.38,105.51],[636.39,105.5],[636.38,105.49],[636.37,105.5],[636.36,105.52],[636.31,105.43],[636.29,105.42],[636.27,105.42],[636.27,105.41],[636.26,105.41]]]}},{"type":"Feature","id":"35088-72","properties":{"ridingCode":"35088","pollNumber":"72","pollType":"N","advancePollNumber":"610","sourceCode":"72-0","geometryPollNumbers":["72"],"code":"35088-72","resultPollNumbers":["72"],"resultStatus":"exact","result":{"electors":361,"voters":102,"totalVotes":102,"rejected":0,"turnout":28.254847645429365,"winnerId":"giovanna-mingarelli","winnerPartyId":"LIB","runnerUpId":"julie-se-guin","runnerUpPartyId":"CPC","margin":0.9803921568627451,"top":[{"id":"giovanna-mingarelli","name":"Giovanna Mingarelli","shortName":"Mingarelli","partyId":"LIB","votes":46,"share":45.09803921568628},{"id":"julie-se-guin","name":"Julie Séguin","shortName":"Séguin","partyId":"CPC","votes":45,"share":44.11764705882353},{"id":"thaila-riden","name":"Thaila Riden","shortName":"Riden","partyId":"GRN","votes":4,"share":3.9215686274509802},{"id":"ryder-finlay","name":"Ryder Finlay","shortName":"Finlay","partyId":"NDP","votes":3,"share":2.941176470588235}],"partyVotes":{"LIB":46,"CPC":45,"BQ":0,"NDP":3,"GRN":4,"PPC":3,"OTH":1}}},"geometry":{"type":"Polygon","coordinates":[[[636.15,105.39],[636.16,105.39],[636.18,105.4],[636.2,105.4],[636.2,105.41],[636.21,105.41],[636.21,105.42],[636.22,105.42],[636.22,105.41],[636.24,105.41],[636.24,105.41],[636.25,105.41],[636.26,105.41],[636.27,105.41],[636.27,105.42],[636.21,105.43],[636.19,105.43],[636.17,105.43],[636.15,105.43],[636.16,105.41],[636.17,105.4],[636.15,105.39],[636.15,105.39]]]}},{"type":"Feature","id":"35088-73","properties":{"ridingCode":"35088","pollNumber":"73","pollType":"N","advancePollNumber":"610","sourceCode":"73-0","geometryPollNumbers":["73"],"code":"35088-73","resultPollNumbers":["73"],"resultStatus":"exact","result":{"electors":500,"voters":157,"totalVotes":156,"rejected":1,"turnout":31.4,"winnerId":"giovanna-mingarelli","winnerPartyId":"LIB","runnerUpId":"julie-se-guin","runnerUpPartyId":"CPC","margin":17.94871794871795,"top":[{"id":"giovanna-mingarelli","name":"Giovanna Mingarelli","shortName":"Mingarelli","partyId":"LIB","votes":87,"share":55.769230769230774},{"id":"julie-se-guin","name":"Julie Séguin","shortName":"Séguin","partyId":"CPC","votes":59,"share":37.82051282051282},{"id":"ryder-finlay","name":"Ryder Finlay","shortName":"Finlay","partyId":"NDP","votes":6,"share":3.8461538461538463},{"id":"deborah-perrier","name":"Deborah Perrier","shortName":"Perrier","partyId":"PPC","votes":3,"share":1.9230769230769231}],"partyVotes":{"LIB":87,"CPC":59,"BQ":0,"NDP":6,"GRN":1,"PPC":3,"OTH":0}}},"geometry":{"type":"Polygon","coordinates":[[[636.2,105.4],[636.18,105.4],[636.2,105.38],[636.21,105.38],[636.22,105.37],[636.22,105.36],[636.24,105.38],[636.23,105.38],[636.25,105.39],[636.25,105.4],[636.25,105.41],[636.24,105.41],[636.24,105.41],[636.22,105.41],[636.22,105.42],[636.21,105.42],[636.21,105.41],[636.2,105.41],[636.2,105.4]]]}},{"type":"Feature","id":"35088-74","properties":{"ridingCode":"35088","pollNumber":"74","pollType":"N","advancePollNumber":"610","sourceCode":"74-0","geometryPollNumbers":["74"],"code":"35088-74","resultPollNumbers":["74"],"resultStatus":"exact","result":{"electors":524,"voters":181,"totalVotes":180,"rejected":1,"turnout":34.541984732824424,"winnerId":"giovanna-mingarelli","winnerPartyId":"LIB","runnerUpId":"julie-se-guin","runnerUpPartyId":"CPC","margin":4.444444444444445,"top":[{"id":"giovanna-mingarelli","name":"Giovanna Mingarelli","shortName":"Mingarelli","partyId":"LIB","votes":87,"share":48.333333333333336},{"id":"julie-se-guin","name":"Julie Séguin","shortName":"Séguin","partyId":"CPC","votes":79,"share":43.888888888888886},{"id":"ryder-finlay","name":"Ryder Finlay","shortName":"Finlay","partyId":"NDP","votes":6,"share":3.3333333333333335},{"id":"deborah-perrier","name":"Deborah Perrier","shortName":"Perrier","partyId":"PPC","votes":3,"share":1.6666666666666667}],"partyVotes":{"LIB":87,"CPC":79,"BQ":0,"NDP":6,"GRN":3,"PPC":3,"OTH":2}}},"geometry":{"type":"Polygon","coordinates":[[[636.08,105.31],[636.08,105.31],[636.09,105.31],[636.09,105.32],[636.09,105.32],[636.1,105.31],[636.1,105.32],[636.11,105.34],[636.12,105.36],[636.12,105.36],[636.13,105.36],[636.14,105.36],[636.13,105.37],[636.15,105.39],[636.15,105.39],[636.17,105.4],[636.16,105.41],[636.14,105.41],[636.14,105.42],[636.12,105.41],[636.1,105.38],[636.07,105.35],[636.09,105.33],[636.08,105.31]]]}},{"type":"Feature","id":"35088-75","properties":{"ridingCode":"35088","pollNumber":"75","pollType":"N","advancePollNumber":"611","sourceCode":"75-0","geometryPollNumbers":["75"],"code":"35088-75","resultPollNumbers":["75"],"resultStatus":"exact","result":{"electors":352,"voters":101,"totalVotes":98,"rejected":3,"turnout":28.693181818181817,"winnerId":"giovanna-mingarelli","winnerPartyId":"LIB","runnerUpId":"julie-se-guin","runnerUpPartyId":"CPC","margin":13.26530612244898,"top":[{"id":"giovanna-mingarelli","name":"Giovanna Mingarelli","shortName":"Mingarelli","partyId":"LIB","votes":53,"share":54.08163265306123},{"id":"julie-se-guin","name":"Julie Séguin","shortName":"Séguin","partyId":"CPC","votes":40,"share":40.816326530612244},{"id":"ryder-finlay","name":"Ryder Finlay","shortName":"Finlay","partyId":"NDP","votes":3,"share":3.061224489795918},{"id":"deborah-perrier","name":"Deborah Perrier","shortName":"Perrier","partyId":"PPC","votes":1,"share":1.0204081632653061}],"partyVotes":{"LIB":53,"CPC":40,"BQ":0,"NDP":3,"GRN":1,"PPC":1,"OTH":0}}},"geometry":{"type":"Polygon","coordinates":[[[636.15,105.39],[636.13,105.37],[636.14,105.36],[636.14,105.36],[636.16,105.38],[636.18,105.36],[636.18,105.35],[636.2,105.37],[636.21,105.36],[636.22,105.37],[636.21,105.38],[636.2,105.38],[636.18,105.4],[636.16,105.39],[636.15,105.39]]]}},{"type":"Feature","id":"35088-76","properties":{"ridingCode":"35088","pollNumber":"76","pollType":"N","advancePollNumber":"610","sourceCode":"76-0","geometryPollNumbers":["76"],"code":"35088-76","resultPollNumbers":["76"],"resultStatus":"exact","result":{"electors":659,"voters":231,"totalVotes":229,"rejected":2,"turnout":35.053110773899846,"winnerId":"giovanna-mingarelli","winnerPartyId":"LIB","runnerUpId":"julie-se-guin","runnerUpPartyId":"CPC","margin":10.91703056768559,"top":[{"id":"giovanna-mingarelli","name":"Giovanna Mingarelli","shortName":"Mingarelli","partyId":"LIB","votes":122,"share":53.275109170305676},{"id":"julie-se-guin","name":"Julie Séguin","shortName":"Séguin","partyId":"CPC","votes":97,"share":42.35807860262008},{"id":"ryder-finlay","name":"Ryder Finlay","shortName":"Finlay","partyId":"NDP","votes":7,"share":3.056768558951965},{"id":"deborah-perrier","name":"Deborah Perrier","shortName":"Perrier","partyId":"PPC","votes":2,"share":0.8733624454148471}],"partyVotes":{"LIB":122,"CPC":97,"BQ":0,"NDP":7,"GRN":1,"PPC":2,"OTH":0}}},"geometry":{"type":"Polygon","coordinates":[[[636.23,105.34],[636.26,105.3],[636.26,105.3],[636.27,105.28],[636.35,105.35],[636.35,105.35],[636.34,105.37],[636.33,105.37],[636.28,105.4],[636.26,105.41],[636.25,105.41],[636.25,105.4],[636.25,105.39],[636.23,105.38],[636.24,105.38],[636.22,105.36],[636.23,105.35],[636.23,105.34]]]}},{"type":"Feature","id":"35088-77","properties":{"ridingCode":"35088","pollNumber":"77","pollType":"N","advancePollNumber":"611","sourceCode":"77-0","geometryPollNumbers":["77"],"code":"35088-77","resultPollNumbers":["77"],"resultStatus":"exact","result":{"electors":482,"voters":162,"totalVotes":160,"rejected":2,"turnout":33.60995850622407,"winnerId":"giovanna-mingarelli","winnerPartyId":"LIB","runnerUpId":"julie-se-guin","runnerUpPartyId":"CPC","margin":6.875000000000001,"top":[{"id":"giovanna-mingarelli","name":"Giovanna Mingarelli","shortName":"Mingarelli","partyId":"LIB","votes":80,"share":50},{"id":"julie-se-guin","name":"Julie Séguin","shortName":"Séguin","partyId":"CPC","votes":69,"share":43.125},{"id":"ryder-finlay","name":"Ryder Finlay","shortName":"Finlay","partyId":"NDP","votes":9,"share":5.625},{"id":"deborah-perrier","name":"Deborah Perrier","shortName":"Perrier","partyId":"PPC","votes":1,"share":0.625}],"partyVotes":{"LIB":80,"CPC":69,"BQ":0,"NDP":9,"GRN":1,"PPC":1,"OTH":0}}},"geometry":{"type":"Polygon","coordinates":[[[636.11,105.31],[636.12,105.3],[636.13,105.29],[636.16,105.28],[636.17,105.29],[636.16,105.3],[636.17,105.32],[636.18,105.33],[636.17,105.34],[636.17,105.34],[636.15,105.35],[636.14,105.36],[636.14,105.36],[636.13,105.36],[636.12,105.36],[636.12,105.36],[636.11,105.34],[636.1,105.32],[636.11,105.31]]]}},{"type":"Feature","id":"35088-78","properties":{"ridingCode":"35088","pollNumber":"78","pollType":"N","advancePollNumber":"612","sourceCode":"78-0","geometryPollNumbers":["78"],"code":"35088-78","resultPollNumbers":["78"],"resultStatus":"exact","result":{"electors":508,"voters":168,"totalVotes":168,"rejected":0,"turnout":33.07086614173229,"winnerId":"giovanna-mingarelli","winnerPartyId":"LIB","runnerUpId":"julie-se-guin","runnerUpPartyId":"CPC","margin":27.380952380952383,"top":[{"id":"giovanna-mingarelli","name":"Giovanna Mingarelli","shortName":"Mingarelli","partyId":"LIB","votes":103,"share":61.30952380952381},{"id":"julie-se-guin","name":"Julie Séguin","shortName":"Séguin","partyId":"CPC","votes":57,"share":33.92857142857143},{"id":"ryder-finlay","name":"Ryder Finlay","shortName":"Finlay","partyId":"NDP","votes":7,"share":4.166666666666666},{"id":"thaila-riden","name":"Thaila Riden","shortName":"Riden","partyId":"GRN","votes":1,"share":0.5952380952380952}],"partyVotes":{"LIB":103,"CPC":57,"BQ":0,"NDP":7,"GRN":1,"PPC":0,"OTH":0}}},"geometry":{"type":"Polygon","coordinates":[[[636.02,105.36],[636.02,105.36],[636.01,105.36],[636.01,105.35],[636.02,105.34],[636.01,105.34],[636.01,105.34],[636.01,105.34],[636.02,105.34],[636.02,105.32],[636.01,105.3],[636.01,105.3],[636.01,105.3],[636.01,105.3],[636.01,105.3],[636,105.28],[635.99,105.28],[635.98,105.27],[635.98,105.27],[635.99,105.27],[635.99,105.25],[635.98,105.24],[635.98,105.25],[636,105.21],[636.01,105.18],[636.03,105.14],[636.03,105.14],[636.02,105.18],[636.01,105.21],[636.02,105.23],[636.02,105.25],[636.02,105.25],[636.01,105.26],[636.01,105.26],[636.01,105.28],[636.01,105.28],[636.04,105.31],[636.04,105.31],[636.04,105.32],[636.03,105.32],[636.04,105.33],[636.04,105.34],[636.03,105.35],[636.02,105.36]]]}},{"type":"Feature","id":"35088-79","properties":{"ridingCode":"35088","pollNumber":"79","pollType":"N","advancePollNumber":"612","sourceCode":"79-0","geometryPollNumbers":["79"],"code":"35088-79","resultPollNumbers":["79"],"resultStatus":"exact","result":{"electors":478,"voters":137,"totalVotes":136,"rejected":1,"turnout":28.661087866108787,"winnerId":"giovanna-mingarelli","winnerPartyId":"LIB","runnerUpId":"julie-se-guin","runnerUpPartyId":"CPC","margin":9.558823529411764,"top":[{"id":"giovanna-mingarelli","name":"Giovanna Mingarelli","shortName":"Mingarelli","partyId":"LIB","votes":72,"share":52.94117647058824},{"id":"julie-se-guin","name":"Julie Séguin","shortName":"Séguin","partyId":"CPC","votes":59,"share":43.38235294117647},{"id":"deborah-perrier","name":"Deborah Perrier","shortName":"Perrier","partyId":"PPC","votes":3,"share":2.2058823529411766},{"id":"ryder-finlay","name":"Ryder Finlay","shortName":"Finlay","partyId":"NDP","votes":1,"share":0.7352941176470588}],"partyVotes":{"LIB":72,"CPC":59,"BQ":0,"NDP":1,"GRN":0,"PPC":3,"OTH":1}}},"geometry":{"type":"Polygon","coordinates":[[[636.02,105.18],[636.03,105.19],[636.04,105.18],[636.05,105.21],[636.07,105.25],[636.05,105.26],[636.06,105.28],[636.07,105.31],[636.08,105.31],[636.09,105.33],[636.07,105.35],[636.06,105.32],[636.04,105.33],[636.03,105.32],[636.04,105.32],[636.04,105.31],[636.04,105.31],[636.01,105.28],[636.01,105.28],[636.01,105.26],[636.01,105.26],[636.02,105.25],[636.02,105.25],[636.02,105.23],[636.01,105.21],[636.02,105.18]],[[636.03,105.27],[636.03,105.28],[636.03,105.27],[636.03,105.27]]]}},{"type":"Feature","id":"35088-80","properties":{"ridingCode":"35088","pollNumber":"80","pollType":"N","advancePollNumber":"612","sourceCode":"80-0","geometryPollNumbers":["80"],"code":"35088-80","resultPollNumbers":["80"],"resultStatus":"exact","result":{"electors":410,"voters":135,"totalVotes":133,"rejected":2,"turnout":32.926829268292686,"winnerId":"giovanna-mingarelli","winnerPartyId":"LIB","runnerUpId":"julie-se-guin","runnerUpPartyId":"CPC","margin":12.030075187969924,"top":[{"id":"giovanna-mingarelli","name":"Giovanna Mingarelli","shortName":"Mingarelli","partyId":"LIB","votes":70,"share":52.63157894736842},{"id":"julie-se-guin","name":"Julie Séguin","shortName":"Séguin","partyId":"CPC","votes":54,"share":40.6015037593985},{"id":"ryder-finlay","name":"Ryder Finlay","shortName":"Finlay","partyId":"NDP","votes":5,"share":3.7593984962406015},{"id":"thaila-riden","name":"Thaila Riden","shortName":"Riden","partyId":"GRN","votes":3,"share":2.2556390977443606}],"partyVotes":{"LIB":70,"CPC":54,"BQ":0,"NDP":5,"GRN":3,"PPC":1,"OTH":0}}},"geometry":{"type":"Polygon","coordinates":[[[635.77,105.07],[635.86,104.96],[635.93,105.01],[636.02,105.11],[636.03,105.11],[636.05,105.12],[636.05,105.13],[636.06,105.12],[636.06,105.12],[636.06,105.13],[636.06,105.14],[636.06,105.14],[636.06,105.15],[636.06,105.15],[636.05,105.15],[636.04,105.16],[636.05,105.16],[636.06,105.16],[636.07,105.17],[636.06,105.18],[636.05,105.18],[636.04,105.18],[636.03,105.19],[636.02,105.18],[636.03,105.14],[636.03,105.14],[636.01,105.18],[636,105.21],[635.98,105.25],[635.98,105.24],[635.99,105.25],[635.99,105.27],[635.98,105.27],[635.98,105.27],[635.99,105.28],[636,105.28],[636.01,105.3],[636.01,105.3],[636.01,105.3],[636.01,105.3],[636.01,105.3],[636.02,105.32],[636.02,105.34],[636.01,105.34],[636.01,105.34],[636.01,105.34],[636.02,105.34],[636.01,105.35],[636.01,105.36],[636.02,105.37],[636.02,105.37],[636.02,105.37],[636.02,105.37],[636.02,105.38],[636.03,105.39],[636.04,105.39],[636.05,105.38],[636.06,105.38],[636.06,105.39],[636.06,105.39],[636.07,105.4],[636.08,105.41],[636.08,105.42],[636.08,105.42],[636.08,105.42],[636.08,105.43],[636.09,105.43],[636.09,105.43],[636.11,105.46],[636.12,105.46],[636.14,105.48],[636.13,105.56],[636.01,105.39],[636,105.38],[635.99,105.32],[635.97,105.29],[635.95,105.25],[635.91,105.2],[635.85,105.14],[635.77,105.07]],[[636.03,105.16],[636.04,105.17],[636.04,105.17],[636.03,105.16]]]}},{"type":"Feature","id":"35088-81","properties":{"ridingCode":"35088","pollNumber":"81","pollType":"N","advancePollNumber":"612","sourceCode":"81-0","geometryPollNumbers":["81"],"code":"35088-81","resultPollNumbers":["81"],"resultStatus":"exact","result":{"electors":316,"voters":105,"totalVotes":103,"rejected":2,"turnout":33.22784810126582,"winnerId":"julie-se-guin","winnerPartyId":"CPC","runnerUpId":"giovanna-mingarelli","runnerUpPartyId":"LIB","margin":10.679611650485436,"top":[{"id":"julie-se-guin","name":"Julie Séguin","shortName":"Séguin","partyId":"CPC","votes":54,"share":52.42718446601942},{"id":"giovanna-mingarelli","name":"Giovanna Mingarelli","shortName":"Mingarelli","partyId":"LIB","votes":43,"share":41.74757281553398},{"id":"ryder-finlay","name":"Ryder Finlay","shortName":"Finlay","partyId":"NDP","votes":5,"share":4.854368932038835},{"id":"thaila-riden","name":"Thaila Riden","shortName":"Riden","partyId":"GRN","votes":1,"share":0.9708737864077669}],"partyVotes":{"LIB":43,"CPC":54,"BQ":0,"NDP":5,"GRN":1,"PPC":0,"OTH":0}}},"geometry":{"type":"Polygon","coordinates":[[[635.97,104.83],[635.99,104.82],[636.07,104.73],[636.08,104.74],[636.08,104.75],[636.11,104.77],[636.11,104.79],[636.11,104.8],[636.12,104.81],[636.13,104.83],[636.15,104.84],[636.16,104.85],[636.18,104.85],[636.21,104.88],[636.16,104.94],[636.26,105.02],[636.19,105.1],[636.18,105.13],[636.15,105.16],[636.07,105.09],[636.07,105.09],[636.05,105.12],[636.03,105.11],[636.02,105.11],[635.93,105.01],[635.86,104.96],[635.97,104.83]]]}},{"type":"Feature","id":"35088-82","properties":{"ridingCode":"35088","pollNumber":"82","pollType":"N","advancePollNumber":"612","sourceCode":"82-0","geometryPollNumbers":["82"],"code":"35088-82","resultPollNumbers":["82"],"resultStatus":"exact","result":{"electors":409,"voters":166,"totalVotes":164,"rejected":2,"turnout":40.58679706601467,"winnerId":"julie-se-guin","winnerPartyId":"CPC","runnerUpId":"giovanna-mingarelli","runnerUpPartyId":"LIB","margin":9.146341463414634,"top":[{"id":"julie-se-guin","name":"Julie Séguin","shortName":"Séguin","partyId":"CPC","votes":83,"share":50.609756097560975},{"id":"giovanna-mingarelli","name":"Giovanna Mingarelli","shortName":"Mingarelli","partyId":"LIB","votes":68,"share":41.46341463414634},{"id":"ryder-finlay","name":"Ryder Finlay","shortName":"Finlay","partyId":"NDP","votes":8,"share":4.878048780487805},{"id":"deborah-perrier","name":"Deborah Perrier","shortName":"Perrier","partyId":"PPC","votes":4,"share":2.4390243902439024}],"partyVotes":{"LIB":68,"CPC":83,"BQ":0,"NDP":8,"GRN":1,"PPC":4,"OTH":0}}},"geometry":{"type":"Polygon","coordinates":[[[636.19,104.59],[636.35,104.71],[636.21,104.88],[636.18,104.85],[636.16,104.85],[636.15,104.84],[636.13,104.83],[636.12,104.81],[636.11,104.8],[636.11,104.79],[636.11,104.77],[636.08,104.75],[636.08,104.74],[636.07,104.73],[636.19,104.59]]]}},{"type":"Feature","id":"35088-83","properties":{"ridingCode":"35088","pollNumber":"83","pollType":"N","advancePollNumber":"611","sourceCode":"83-0","geometryPollNumbers":["83"],"code":"35088-83","resultPollNumbers":["83"],"resultStatus":"exact","result":{"electors":482,"voters":164,"totalVotes":164,"rejected":0,"turnout":34.024896265560166,"winnerId":"giovanna-mingarelli","winnerPartyId":"LIB","runnerUpId":"julie-se-guin","runnerUpPartyId":"CPC","margin":20.121951219512198,"top":[{"id":"giovanna-mingarelli","name":"Giovanna Mingarelli","shortName":"Mingarelli","partyId":"LIB","votes":95,"share":57.92682926829268},{"id":"julie-se-guin","name":"Julie Séguin","shortName":"Séguin","partyId":"CPC","votes":62,"share":37.80487804878049},{"id":"ryder-finlay","name":"Ryder Finlay","shortName":"Finlay","partyId":"NDP","votes":3,"share":1.8292682926829267},{"id":"thaila-riden","name":"Thaila Riden","shortName":"Riden","partyId":"GRN","votes":3,"share":1.8292682926829267}],"partyVotes":{"LIB":95,"CPC":62,"BQ":0,"NDP":3,"GRN":3,"PPC":1,"OTH":0}}},"geometry":{"type":"Polygon","coordinates":[[[636.19,105.34],[636.2,105.33],[636.2,105.33],[636.21,105.32],[636.23,105.33],[636.22,105.34],[636.23,105.34],[636.23,105.35],[636.22,105.36],[636.22,105.37],[636.21,105.36],[636.2,105.37],[636.18,105.35],[636.18,105.34],[636.19,105.34]]]}},{"type":"Feature","id":"35088-84","properties":{"ridingCode":"35088","pollNumber":"84","pollType":"N","advancePollNumber":"611","sourceCode":"84-0","geometryPollNumbers":["84"],"code":"35088-84","resultPollNumbers":["84"],"resultStatus":"exact","result":{"electors":468,"voters":170,"totalVotes":168,"rejected":2,"turnout":36.324786324786324,"winnerId":"giovanna-mingarelli","winnerPartyId":"LIB","runnerUpId":"julie-se-guin","runnerUpPartyId":"CPC","margin":22.61904761904762,"top":[{"id":"giovanna-mingarelli","name":"Giovanna Mingarelli","shortName":"Mingarelli","partyId":"LIB","votes":95,"share":56.547619047619044},{"id":"julie-se-guin","name":"Julie Séguin","shortName":"Séguin","partyId":"CPC","votes":57,"share":33.92857142857143},{"id":"ryder-finlay","name":"Ryder Finlay","shortName":"Finlay","partyId":"NDP","votes":10,"share":5.952380952380952},{"id":"deborah-perrier","name":"Deborah Perrier","shortName":"Perrier","partyId":"PPC","votes":5,"share":2.976190476190476}],"partyVotes":{"LIB":95,"CPC":57,"BQ":0,"NDP":10,"GRN":1,"PPC":5,"OTH":0}}},"geometry":{"type":"Polygon","coordinates":[[[636.14,105.36],[636.15,105.35],[636.17,105.34],[636.17,105.34],[636.18,105.33],[636.17,105.32],[636.18,105.32],[636.19,105.32],[636.19,105.32],[636.19,105.31],[636.2,105.32],[636.21,105.32],[636.21,105.32],[636.2,105.33],[636.2,105.33],[636.19,105.34],[636.18,105.34],[636.18,105.35],[636.18,105.36],[636.16,105.38],[636.14,105.36]]]}},{"type":"Feature","id":"35088-85","properties":{"ridingCode":"35088","pollNumber":"85","pollType":"N","advancePollNumber":"611","sourceCode":"85-0","geometryPollNumbers":["85"],"code":"35088-85","resultPollNumbers":["85"],"resultStatus":"exact","result":{"electors":549,"voters":212,"totalVotes":210,"rejected":2,"turnout":38.61566484517304,"winnerId":"giovanna-mingarelli","winnerPartyId":"LIB","runnerUpId":"julie-se-guin","runnerUpPartyId":"CPC","margin":22.857142857142858,"top":[{"id":"giovanna-mingarelli","name":"Giovanna Mingarelli","shortName":"Mingarelli","partyId":"LIB","votes":125,"share":59.523809523809526},{"id":"julie-se-guin","name":"Julie Séguin","shortName":"Séguin","partyId":"CPC","votes":77,"share":36.666666666666664},{"id":"ryder-finlay","name":"Ryder Finlay","shortName":"Finlay","partyId":"NDP","votes":5,"share":2.380952380952381},{"id":"deborah-perrier","name":"Deborah Perrier","shortName":"Perrier","partyId":"PPC","votes":1,"share":0.4761904761904762}],"partyVotes":{"LIB":125,"CPC":77,"BQ":0,"NDP":5,"GRN":1,"PPC":1,"OTH":1}}},"geometry":{"type":"Polygon","coordinates":[[[636.22,105.32],[636.23,105.3],[636.22,105.29],[636.23,105.28],[636.23,105.27],[636.23,105.27],[636.26,105.3],[636.26,105.3],[636.23,105.34],[636.22,105.34],[636.23,105.33],[636.21,105.32],[636.21,105.32],[636.2,105.32],[636.19,105.31],[636.21,105.3],[636.22,105.3],[636.21,105.31],[636.22,105.32]]]}},{"type":"Feature","id":"35088-86","properties":{"ridingCode":"35088","pollNumber":"86","pollType":"N","advancePollNumber":"612","sourceCode":"86-0","geometryPollNumbers":["86"],"code":"35088-86","resultPollNumbers":["86"],"resultStatus":"exact","result":{"electors":336,"voters":105,"totalVotes":105,"rejected":0,"turnout":31.25,"winnerId":"giovanna-mingarelli","winnerPartyId":"LIB","runnerUpId":"julie-se-guin","runnerUpPartyId":"CPC","margin":25.71428571428571,"top":[{"id":"giovanna-mingarelli","name":"Giovanna Mingarelli","shortName":"Mingarelli","partyId":"LIB","votes":61,"share":58.0952380952381},{"id":"julie-se-guin","name":"Julie Séguin","shortName":"Séguin","partyId":"CPC","votes":34,"share":32.38095238095238},{"id":"ryder-finlay","name":"Ryder Finlay","shortName":"Finlay","partyId":"NDP","votes":3,"share":2.857142857142857},{"id":"deborah-perrier","name":"Deborah Perrier","shortName":"Perrier","partyId":"PPC","votes":3,"share":2.857142857142857}],"partyVotes":{"LIB":61,"CPC":34,"BQ":0,"NDP":3,"GRN":3,"PPC":3,"OTH":1}}},"geometry":{"type":"Polygon","coordinates":[[[636.07,105.31],[636.06,105.28],[636.08,105.27],[636.09,105.29],[636.11,105.29],[636.12,105.3],[636.11,105.31],[636.1,105.32],[636.1,105.31],[636.09,105.32],[636.09,105.32],[636.09,105.31],[636.08,105.31],[636.08,105.31],[636.07,105.31]]]}},{"type":"Feature","id":"35088-87","properties":{"ridingCode":"35088","pollNumber":"87","pollType":"N","advancePollNumber":"611","sourceCode":"87-0","geometryPollNumbers":["87"],"code":"35088-87","resultPollNumbers":["87"],"resultStatus":"exact","result":{"electors":434,"voters":206,"totalVotes":205,"rejected":1,"turnout":47.465437788018434,"winnerId":"giovanna-mingarelli","winnerPartyId":"LIB","runnerUpId":"julie-se-guin","runnerUpPartyId":"CPC","margin":40.97560975609756,"top":[{"id":"giovanna-mingarelli","name":"Giovanna Mingarelli","shortName":"Mingarelli","partyId":"LIB","votes":140,"share":68.29268292682927},{"id":"julie-se-guin","name":"Julie Séguin","shortName":"Séguin","partyId":"CPC","votes":56,"share":27.31707317073171},{"id":"ryder-finlay","name":"Ryder Finlay","shortName":"Finlay","partyId":"NDP","votes":5,"share":2.4390243902439024},{"id":"deborah-perrier","name":"Deborah Perrier","shortName":"Perrier","partyId":"PPC","votes":2,"share":0.975609756097561}],"partyVotes":{"LIB":140,"CPC":56,"BQ":0,"NDP":5,"GRN":1,"PPC":2,"OTH":1}}},"geometry":{"type":"Polygon","coordinates":[[[636.17,105.29],[636.18,105.29],[636.19,105.29],[636.19,105.28],[636.2,105.28],[636.21,105.29],[636.21,105.3],[636.19,105.31],[636.19,105.32],[636.19,105.32],[636.18,105.32],[636.17,105.32],[636.16,105.3],[636.17,105.29]]]}},{"type":"Feature","id":"35088-88","properties":{"ridingCode":"35088","pollNumber":"88","pollType":"N","advancePollNumber":"612","sourceCode":"88-0","geometryPollNumbers":["88"],"code":"35088-88","resultPollNumbers":["88"],"resultStatus":"exact","result":{"electors":491,"voters":141,"totalVotes":139,"rejected":2,"turnout":28.716904276985744,"winnerId":"giovanna-mingarelli","winnerPartyId":"LIB","runnerUpId":"julie-se-guin","runnerUpPartyId":"CPC","margin":2.877697841726619,"top":[{"id":"giovanna-mingarelli","name":"Giovanna Mingarelli","shortName":"Mingarelli","partyId":"LIB","votes":66,"share":47.482014388489205},{"id":"julie-se-guin","name":"Julie Séguin","shortName":"Séguin","partyId":"CPC","votes":62,"share":44.60431654676259},{"id":"ryder-finlay","name":"Ryder Finlay","shortName":"Finlay","partyId":"NDP","votes":8,"share":5.755395683453238},{"id":"deborah-perrier","name":"Deborah Perrier","shortName":"Perrier","partyId":"PPC","votes":3,"share":2.158273381294964}],"partyVotes":{"LIB":66,"CPC":62,"BQ":0,"NDP":8,"GRN":0,"PPC":3,"OTH":0}}},"geometry":{"type":"Polygon","coordinates":[[[636.06,105.28],[636.05,105.26],[636.07,105.25],[636.07,105.25],[636.07,105.25],[636.07,105.25],[636.07,105.26],[636.08,105.25],[636.09,105.25],[636.09,105.26],[636.11,105.26],[636.11,105.25],[636.12,105.25],[636.12,105.26],[636.13,105.28],[636.13,105.29],[636.12,105.3],[636.11,105.29],[636.09,105.29],[636.08,105.27],[636.06,105.28]],[[636.1,105.27],[636.1,105.27],[636.1,105.27],[636.1,105.27]]]}},{"type":"Feature","id":"35088-89","properties":{"ridingCode":"35088","pollNumber":"89","pollType":"N","advancePollNumber":"611","sourceCode":"89-0","geometryPollNumbers":["89"],"code":"35088-89","resultPollNumbers":["89"],"resultStatus":"exact","result":{"electors":552,"voters":186,"totalVotes":186,"rejected":0,"turnout":33.69565217391305,"winnerId":"giovanna-mingarelli","winnerPartyId":"LIB","runnerUpId":"julie-se-guin","runnerUpPartyId":"CPC","margin":20.967741935483872,"top":[{"id":"giovanna-mingarelli","name":"Giovanna Mingarelli","shortName":"Mingarelli","partyId":"LIB","votes":110,"share":59.13978494623656},{"id":"julie-se-guin","name":"Julie Séguin","shortName":"Séguin","partyId":"CPC","votes":71,"share":38.17204301075269},{"id":"ryder-finlay","name":"Ryder Finlay","shortName":"Finlay","partyId":"NDP","votes":2,"share":1.0752688172043012},{"id":"thaila-riden","name":"Thaila Riden","shortName":"Riden","partyId":"GRN","votes":2,"share":1.0752688172043012}],"partyVotes":{"LIB":110,"CPC":71,"BQ":0,"NDP":2,"GRN":2,"PPC":1,"OTH":0}}},"geometry":{"type":"Polygon","coordinates":[[[636.17,105.23],[636.18,105.23],[636.2,105.26],[636.2,105.26],[636.21,105.27],[636.21,105.26],[636.23,105.27],[636.23,105.28],[636.22,105.29],[636.23,105.3],[636.22,105.32],[636.21,105.31],[636.22,105.3],[636.21,105.3],[636.21,105.29],[636.2,105.28],[636.19,105.27],[636.19,105.26],[636.16,105.24],[636.17,105.23]]]}},{"type":"Feature","id":"35088-90","properties":{"ridingCode":"35088","pollNumber":"90","pollType":"N","advancePollNumber":"611","sourceCode":"90-0","geometryPollNumbers":["90"],"code":"35088-90","resultPollNumbers":["90"],"resultStatus":"exact","result":{"electors":485,"voters":196,"totalVotes":195,"rejected":1,"turnout":40.41237113402062,"winnerId":"giovanna-mingarelli","winnerPartyId":"LIB","runnerUpId":"julie-se-guin","runnerUpPartyId":"CPC","margin":24.102564102564102,"top":[{"id":"giovanna-mingarelli","name":"Giovanna Mingarelli","shortName":"Mingarelli","partyId":"LIB","votes":116,"share":59.48717948717949},{"id":"julie-se-guin","name":"Julie Séguin","shortName":"Séguin","partyId":"CPC","votes":69,"share":35.38461538461539},{"id":"thaila-riden","name":"Thaila Riden","shortName":"Riden","partyId":"GRN","votes":5,"share":2.564102564102564},{"id":"ryder-finlay","name":"Ryder Finlay","shortName":"Finlay","partyId":"NDP","votes":2,"share":1.0256410256410255}],"partyVotes":{"LIB":116,"CPC":69,"BQ":0,"NDP":2,"GRN":5,"PPC":2,"OTH":1}}},"geometry":{"type":"Polygon","coordinates":[[[636.13,105.29],[636.13,105.28],[636.12,105.26],[636.13,105.25],[636.14,105.25],[636.15,105.2],[636.18,105.23],[636.18,105.23],[636.17,105.23],[636.16,105.24],[636.19,105.26],[636.19,105.27],[636.2,105.28],[636.19,105.28],[636.19,105.29],[636.18,105.29],[636.17,105.29],[636.16,105.28],[636.13,105.29]]]}},{"type":"Feature","id":"35088-91","properties":{"ridingCode":"35088","pollNumber":"91","pollType":"N","advancePollNumber":"611","sourceCode":"91-0","geometryPollNumbers":["91"],"code":"35088-91","resultPollNumbers":["91"],"resultStatus":"exact","result":{"electors":366,"voters":118,"totalVotes":117,"rejected":1,"turnout":32.240437158469945,"winnerId":"giovanna-mingarelli","winnerPartyId":"LIB","runnerUpId":"julie-se-guin","runnerUpPartyId":"CPC","margin":22.22222222222222,"top":[{"id":"giovanna-mingarelli","name":"Giovanna Mingarelli","shortName":"Mingarelli","partyId":"LIB","votes":70,"share":59.82905982905983},{"id":"julie-se-guin","name":"Julie Séguin","shortName":"Séguin","partyId":"CPC","votes":44,"share":37.60683760683761},{"id":"ryder-finlay","name":"Ryder Finlay","shortName":"Finlay","partyId":"NDP","votes":2,"share":1.7094017094017095},{"id":"thaila-riden","name":"Thaila Riden","shortName":"Riden","partyId":"GRN","votes":1,"share":0.8547008547008548}],"partyVotes":{"LIB":70,"CPC":44,"BQ":0,"NDP":2,"GRN":1,"PPC":0,"OTH":0}}},"geometry":{"type":"Polygon","coordinates":[[[636.18,105.23],[636.19,105.23],[636.2,105.24],[636.21,105.23],[636.21,105.25],[636.22,105.25],[636.23,105.25],[636.24,105.26],[636.23,105.27],[636.23,105.27],[636.21,105.26],[636.21,105.27],[636.2,105.26],[636.2,105.26],[636.18,105.23],[636.18,105.23]]]}},{"type":"Feature","id":"35088-92","properties":{"ridingCode":"35088","pollNumber":"92","pollType":"N","advancePollNumber":"612","sourceCode":"92-0","geometryPollNumbers":["92"],"code":"35088-92","resultPollNumbers":["92"],"resultStatus":"exact","result":{"electors":405,"voters":128,"totalVotes":128,"rejected":0,"turnout":31.604938271604937,"winnerId":"giovanna-mingarelli","winnerPartyId":"LIB","runnerUpId":"julie-se-guin","runnerUpPartyId":"CPC","margin":10.15625,"top":[{"id":"giovanna-mingarelli","name":"Giovanna Mingarelli","shortName":"Mingarelli","partyId":"LIB","votes":65,"share":50.78125},{"id":"julie-se-guin","name":"Julie Séguin","shortName":"Séguin","partyId":"CPC","votes":52,"share":40.625},{"id":"ryder-finlay","name":"Ryder Finlay","shortName":"Finlay","partyId":"NDP","votes":5,"share":3.90625},{"id":"thaila-riden","name":"Thaila Riden","shortName":"Riden","partyId":"GRN","votes":3,"share":2.34375}],"partyVotes":{"LIB":65,"CPC":52,"BQ":0,"NDP":5,"GRN":3,"PPC":2,"OTH":1}}},"geometry":{"type":"Polygon","coordinates":[[[636.11,105.24],[636.1,105.22],[636.11,105.21],[636.12,105.21],[636.12,105.19],[636.14,105.2],[636.13,105.24],[636.12,105.25],[636.12,105.25],[636.11,105.25],[636.11,105.26],[636.1,105.24],[636.11,105.24]]]}},{"type":"Feature","id":"35088-93","properties":{"ridingCode":"35088","pollNumber":"93","pollType":"N","advancePollNumber":"612","sourceCode":"93-0","geometryPollNumbers":["93"],"code":"35088-93","resultPollNumbers":["93"],"resultStatus":"exact","result":{"electors":421,"voters":141,"totalVotes":141,"rejected":0,"turnout":33.4916864608076,"winnerId":"giovanna-mingarelli","winnerPartyId":"LIB","runnerUpId":"julie-se-guin","runnerUpPartyId":"CPC","margin":21.98581560283688,"top":[{"id":"giovanna-mingarelli","name":"Giovanna Mingarelli","shortName":"Mingarelli","partyId":"LIB","votes":83,"share":58.86524822695035},{"id":"julie-se-guin","name":"Julie Séguin","shortName":"Séguin","partyId":"CPC","votes":52,"share":36.87943262411347},{"id":"ryder-finlay","name":"Ryder Finlay","shortName":"Finlay","partyId":"NDP","votes":4,"share":2.8368794326241136},{"id":"deborah-perrier","name":"Deborah Perrier","shortName":"Perrier","partyId":"PPC","votes":1,"share":0.7092198581560284}],"partyVotes":{"LIB":83,"CPC":52,"BQ":0,"NDP":4,"GRN":1,"PPC":1,"OTH":0}}},"geometry":{"type":"Polygon","coordinates":[[[636.04,105.18],[636.05,105.18],[636.06,105.19],[636.06,105.19],[636.07,105.18],[636.08,105.19],[636.06,105.2],[636.07,105.21],[636.08,105.22],[636.08,105.23],[636.09,105.24],[636.08,105.24],[636.08,105.25],[636.07,105.26],[636.07,105.25],[636.07,105.25],[636.07,105.25],[636.05,105.21],[636.04,105.18]]]}},{"type":"Feature","id":"35088-94","properties":{"ridingCode":"35088","pollNumber":"94","pollType":"N","advancePollNumber":"612","sourceCode":"94-0","geometryPollNumbers":["94"],"code":"35088-94","resultPollNumbers":["94"],"resultStatus":"exact","result":{"electors":426,"voters":133,"totalVotes":132,"rejected":1,"turnout":31.220657276995308,"winnerId":"julie-se-guin","winnerPartyId":"CPC","runnerUpId":"giovanna-mingarelli","runnerUpPartyId":"LIB","margin":4.545454545454546,"top":[{"id":"julie-se-guin","name":"Julie Séguin","shortName":"Séguin","partyId":"CPC","votes":65,"share":49.24242424242424},{"id":"giovanna-mingarelli","name":"Giovanna Mingarelli","shortName":"Mingarelli","partyId":"LIB","votes":59,"share":44.696969696969695},{"id":"ryder-finlay","name":"Ryder Finlay","shortName":"Finlay","partyId":"NDP","votes":4,"share":3.0303030303030303},{"id":"deborah-perrier","name":"Deborah Perrier","shortName":"Perrier","partyId":"PPC","votes":2,"share":1.5151515151515151}],"partyVotes":{"LIB":59,"CPC":65,"BQ":0,"NDP":4,"GRN":2,"PPC":2,"OTH":0}}},"geometry":{"type":"Polygon","coordinates":[[[636.07,105.21],[636.09,105.18],[636.12,105.19],[636.12,105.21],[636.11,105.21],[636.1,105.22],[636.11,105.24],[636.1,105.24],[636.11,105.26],[636.09,105.26],[636.09,105.25],[636.08,105.25],[636.08,105.24],[636.09,105.24],[636.08,105.23],[636.08,105.22],[636.07,105.21]]]}},{"type":"Feature","id":"35088-95","properties":{"ridingCode":"35088","pollNumber":"95","pollType":"N","advancePollNumber":"611","sourceCode":"95-0","geometryPollNumbers":["95"],"code":"35088-95","resultPollNumbers":["95"],"resultStatus":"exact","result":{"electors":654,"voters":230,"totalVotes":230,"rejected":0,"turnout":35.16819571865443,"winnerId":"giovanna-mingarelli","winnerPartyId":"LIB","runnerUpId":"julie-se-guin","runnerUpPartyId":"CPC","margin":26.08695652173913,"top":[{"id":"giovanna-mingarelli","name":"Giovanna Mingarelli","shortName":"Mingarelli","partyId":"LIB","votes":143,"share":62.17391304347826},{"id":"julie-se-guin","name":"Julie Séguin","shortName":"Séguin","partyId":"CPC","votes":83,"share":36.08695652173913},{"id":"ryder-finlay","name":"Ryder Finlay","shortName":"Finlay","partyId":"NDP","votes":3,"share":1.3043478260869565},{"id":"deborah-perrier","name":"Deborah Perrier","shortName":"Perrier","partyId":"PPC","votes":1,"share":0.43478260869565216}],"partyVotes":{"LIB":143,"CPC":83,"BQ":0,"NDP":3,"GRN":0,"PPC":1,"OTH":0}}},"geometry":{"type":"Polygon","coordinates":[[[636.2,105.24],[636.19,105.23],[636.19,105.22],[636.19,105.21],[636.2,105.21],[636.2,105.2],[636.22,105.2],[636.23,105.2],[636.24,105.2],[636.27,105.23],[636.24,105.25],[636.24,105.25],[636.23,105.25],[636.22,105.25],[636.21,105.25],[636.21,105.23],[636.2,105.24]]]}},{"type":"Feature","id":"35088-96","properties":{"ridingCode":"35088","pollNumber":"96","pollType":"N","advancePollNumber":"609","sourceCode":"96-0","geometryPollNumbers":["96"],"code":"35088-96","resultPollNumbers":["96"],"resultStatus":"exact","result":{"electors":365,"voters":137,"totalVotes":135,"rejected":2,"turnout":37.534246575342465,"winnerId":"giovanna-mingarelli","winnerPartyId":"LIB","runnerUpId":"julie-se-guin","runnerUpPartyId":"CPC","margin":35.55555555555556,"top":[{"id":"giovanna-mingarelli","name":"Giovanna Mingarelli","shortName":"Mingarelli","partyId":"LIB","votes":90,"share":66.66666666666666},{"id":"julie-se-guin","name":"Julie Séguin","shortName":"Séguin","partyId":"CPC","votes":42,"share":31.11111111111111},{"id":"deborah-perrier","name":"Deborah Perrier","shortName":"Perrier","partyId":"PPC","votes":2,"share":1.4814814814814816},{"id":"ryder-finlay","name":"Ryder Finlay","shortName":"Finlay","partyId":"NDP","votes":1,"share":0.7407407407407408}],"partyVotes":{"LIB":90,"CPC":42,"BQ":0,"NDP":1,"GRN":0,"PPC":2,"OTH":0}}},"geometry":{"type":"Polygon","coordinates":[[[636.27,105.28],[636.26,105.3],[636.23,105.27],[636.24,105.26],[636.23,105.25],[636.24,105.25],[636.24,105.25],[636.27,105.23],[636.24,105.2],[636.23,105.2],[636.22,105.2],[636.2,105.2],[636.2,105.21],[636.19,105.21],[636.19,105.22],[636.19,105.23],[636.18,105.23],[636.15,105.2],[636.18,105.2],[636.18,105.19],[636.17,105.18],[636.15,105.16],[636.18,105.13],[636.19,105.1],[636.26,105.02],[636.31,105.07],[636.32,105.08],[636.33,105.09],[636.46,105.19],[636.56,105.28],[636.4,105.46],[636.38,105.44],[636.37,105.41],[636.35,105.39],[636.35,105.37],[636.34,105.37],[636.35,105.35],[636.35,105.35],[636.27,105.28]]]}},{"type":"Feature","id":"35088-97","properties":{"ridingCode":"35088","pollNumber":"97","pollType":"N","advancePollNumber":"612","sourceCode":"97-0","geometryPollNumbers":["97"],"code":"35088-97","resultPollNumbers":["97"],"resultStatus":"exact","result":{"electors":360,"voters":136,"totalVotes":136,"rejected":0,"turnout":37.77777777777778,"winnerId":"giovanna-mingarelli","winnerPartyId":"LIB","runnerUpId":"julie-se-guin","runnerUpPartyId":"CPC","margin":30.14705882352941,"top":[{"id":"giovanna-mingarelli","name":"Giovanna Mingarelli","shortName":"Mingarelli","partyId":"LIB","votes":85,"share":62.5},{"id":"julie-se-guin","name":"Julie Séguin","shortName":"Séguin","partyId":"CPC","votes":44,"share":32.35294117647059},{"id":"ryder-finlay","name":"Ryder Finlay","shortName":"Finlay","partyId":"NDP","votes":4,"share":2.941176470588235},{"id":"thaila-riden","name":"Thaila Riden","shortName":"Riden","partyId":"GRN","votes":2,"share":1.4705882352941175}],"partyVotes":{"LIB":85,"CPC":44,"BQ":0,"NDP":4,"GRN":2,"PPC":1,"OTH":0}}},"geometry":{"type":"Polygon","coordinates":[[[636.05,105.18],[636.06,105.18],[636.07,105.17],[636.06,105.16],[636.05,105.16],[636.04,105.16],[636.05,105.15],[636.06,105.15],[636.06,105.15],[636.06,105.14],[636.06,105.14],[636.07,105.13],[636.07,105.13],[636.09,105.15],[636.08,105.15],[636.09,105.16],[636.09,105.15],[636.1,105.16],[636.09,105.16],[636.09,105.17],[636.09,105.18],[636.08,105.19],[636.07,105.18],[636.06,105.19],[636.06,105.19],[636.05,105.18]]]}},{"type":"Feature","id":"35088-98","properties":{"ridingCode":"35088","pollNumber":"98","pollType":"N","advancePollNumber":"612","sourceCode":"98-0","geometryPollNumbers":["98"],"code":"35088-98","resultPollNumbers":["98"],"resultStatus":"exact","result":{"electors":421,"voters":117,"totalVotes":117,"rejected":0,"turnout":27.790973871733964,"winnerId":"giovanna-mingarelli","winnerPartyId":"LIB","runnerUpId":"julie-se-guin","runnerUpPartyId":"CPC","margin":9.401709401709402,"top":[{"id":"giovanna-mingarelli","name":"Giovanna Mingarelli","shortName":"Mingarelli","partyId":"LIB","votes":59,"share":50.427350427350426},{"id":"julie-se-guin","name":"Julie Séguin","shortName":"Séguin","partyId":"CPC","votes":48,"share":41.02564102564102},{"id":"ryder-finlay","name":"Ryder Finlay","shortName":"Finlay","partyId":"NDP","votes":5,"share":4.273504273504273},{"id":"thaila-riden","name":"Thaila Riden","shortName":"Riden","partyId":"GRN","votes":2,"share":1.7094017094017095}],"partyVotes":{"LIB":59,"CPC":48,"BQ":0,"NDP":5,"GRN":2,"PPC":1,"OTH":2}}},"geometry":{"type":"Polygon","coordinates":[[[636.17,105.18],[636.18,105.19],[636.18,105.2],[636.15,105.2],[636.14,105.25],[636.13,105.25],[636.12,105.26],[636.12,105.25],[636.12,105.25],[636.13,105.24],[636.14,105.2],[636.12,105.19],[636.09,105.18],[636.07,105.21],[636.06,105.2],[636.08,105.19],[636.09,105.18],[636.09,105.17],[636.09,105.16],[636.1,105.16],[636.09,105.15],[636.09,105.16],[636.08,105.15],[636.09,105.15],[636.07,105.13],[636.07,105.13],[636.06,105.14],[636.06,105.13],[636.06,105.12],[636.06,105.12],[636.05,105.13],[636.05,105.12],[636.07,105.09],[636.07,105.09],[636.15,105.16],[636.17,105.18]]]}},{"type":"Feature","id":"35088-99","properties":{"ridingCode":"35088","pollNumber":"99","pollType":"N","advancePollNumber":"607","sourceCode":"99-0","geometryPollNumbers":["99"],"code":"35088-99","resultPollNumbers":["99"],"resultStatus":"exact","result":{"electors":457,"voters":227,"totalVotes":225,"rejected":2,"turnout":49.671772428884026,"winnerId":"julie-se-guin","winnerPartyId":"CPC","runnerUpId":"giovanna-mingarelli","runnerUpPartyId":"LIB","margin":2.666666666666667,"top":[{"id":"julie-se-guin","name":"Julie Séguin","shortName":"Séguin","partyId":"CPC","votes":108,"share":48},{"id":"giovanna-mingarelli","name":"Giovanna Mingarelli","shortName":"Mingarelli","partyId":"LIB","votes":102,"share":45.33333333333333},{"id":"ryder-finlay","name":"Ryder Finlay","shortName":"Finlay","partyId":"NDP","votes":6,"share":2.666666666666667},{"id":"deborah-perrier","name":"Deborah Perrier","shortName":"Perrier","partyId":"PPC","votes":6,"share":2.666666666666667}],"partyVotes":{"LIB":102,"CPC":108,"BQ":0,"NDP":6,"GRN":3,"PPC":6,"OTH":0}}},"geometry":{"type":"Polygon","coordinates":[[[638.19,105.15],[638.22,105.11],[638.23,105.09],[638.26,105.04],[638.4,105.15],[638.42,105.13],[638.45,105.11],[638.5,105.05],[638.5,105.06],[638.8,105.31],[638.71,105.42],[638.96,105.63],[638.8,105.82],[638.64,105.69],[638.63,105.69],[638.56,105.7],[638.49,105.72],[638.46,105.72],[638.43,105.74],[638.43,105.75],[638.42,105.75],[638.42,105.77],[638.42,105.77],[638.38,105.78],[638.36,105.79],[638.35,105.8],[638.33,105.8],[638.31,105.81],[638.31,105.81],[638.3,105.84],[638.29,105.85],[638.27,105.87],[638.26,105.86],[638.29,105.84],[638.29,105.83],[638.3,105.81],[638.3,105.8],[638.32,105.79],[638.35,105.79],[638.37,105.77],[638.4,105.77],[638.4,105.76],[638.41,105.75],[638.39,105.73],[638.42,105.69],[638.27,105.55],[638.26,105.55],[638.25,105.53],[638.29,105.49],[638.29,105.48],[638.41,105.33],[638.19,105.15]],[[638.4,105.44],[638.4,105.44],[638.4,105.44],[638.4,105.44]]]}},{"type":"Feature","id":"35088-100","properties":{"ridingCode":"35088","pollNumber":"100","pollType":"N","advancePollNumber":"607","sourceCode":"100-0","geometryPollNumbers":["100"],"code":"35088-100","resultPollNumbers":["100"],"resultStatus":"exact","result":{"electors":424,"voters":199,"totalVotes":199,"rejected":0,"turnout":46.93396226415094,"winnerId":"julie-se-guin","winnerPartyId":"CPC","runnerUpId":"giovanna-mingarelli","runnerUpPartyId":"LIB","margin":10.552763819095476,"top":[{"id":"julie-se-guin","name":"Julie Séguin","shortName":"Séguin","partyId":"CPC","votes":104,"share":52.26130653266332},{"id":"giovanna-mingarelli","name":"Giovanna Mingarelli","shortName":"Mingarelli","partyId":"LIB","votes":83,"share":41.70854271356784},{"id":"thaila-riden","name":"Thaila Riden","shortName":"Riden","partyId":"GRN","votes":5,"share":2.512562814070352},{"id":"ryder-finlay","name":"Ryder Finlay","shortName":"Finlay","partyId":"NDP","votes":4,"share":2.0100502512562812}],"partyVotes":{"LIB":83,"CPC":104,"BQ":0,"NDP":4,"GRN":5,"PPC":3,"OTH":0}}},"geometry":{"type":"Polygon","coordinates":[[[637.7,104.89],[637.71,104.88],[637.85,104.7],[638.26,105.04],[638.23,105.09],[638.22,105.11],[638.19,105.15],[638.41,105.33],[638.29,105.48],[638.29,105.49],[638.25,105.53],[638.25,105.54],[638.24,105.54],[637.9,105.25],[637.84,105.2],[637.78,105.15],[637.61,105.01],[637.7,104.9],[637.7,104.89]]]}},{"type":"Feature","id":"35088-101","properties":{"ridingCode":"35088","pollNumber":"101","pollType":"N","advancePollNumber":"609","sourceCode":"101-0","geometryPollNumbers":["101"],"code":"35088-101","resultPollNumbers":["101"],"resultStatus":"exact","result":{"electors":437,"voters":210,"totalVotes":209,"rejected":1,"turnout":48.05491990846682,"winnerId":"giovanna-mingarelli","winnerPartyId":"LIB","runnerUpId":"julie-se-guin","runnerUpPartyId":"CPC","margin":12.918660287081341,"top":[{"id":"giovanna-mingarelli","name":"Giovanna Mingarelli","shortName":"Mingarelli","partyId":"LIB","votes":111,"share":53.110047846889955},{"id":"julie-se-guin","name":"Julie Séguin","shortName":"Séguin","partyId":"CPC","votes":84,"share":40.19138755980861},{"id":"ryder-finlay","name":"Ryder Finlay","shortName":"Finlay","partyId":"NDP","votes":8,"share":3.827751196172249},{"id":"deborah-perrier","name":"Deborah Perrier","shortName":"Perrier","partyId":"PPC","votes":2,"share":0.9569377990430622}],"partyVotes":{"LIB":111,"CPC":84,"BQ":0,"NDP":8,"GRN":2,"PPC":2,"OTH":2}}},"geometry":{"type":"Polygon","coordinates":[[[636.66,105.36],[636.85,105.14],[637.05,105.31],[637.15,105.39],[637.22,105.3],[637.32,105.39],[637.3,105.41],[637.06,105.7],[636.96,105.62],[636.66,105.36]]]}},{"type":"Feature","id":"35088-102","properties":{"ridingCode":"35088","pollNumber":"102","pollType":"N","advancePollNumber":"618","sourceCode":"102-0","geometryPollNumbers":["102"],"code":"35088-102","resultPollNumbers":["102"],"resultStatus":"exact","result":{"electors":417,"voters":229,"totalVotes":228,"rejected":1,"turnout":54.91606714628298,"winnerId":"giovanna-mingarelli","winnerPartyId":"LIB","runnerUpId":"julie-se-guin","runnerUpPartyId":"CPC","margin":24.12280701754386,"top":[{"id":"giovanna-mingarelli","name":"Giovanna Mingarelli","shortName":"Mingarelli","partyId":"LIB","votes":135,"share":59.210526315789465},{"id":"julie-se-guin","name":"Julie Séguin","shortName":"Séguin","partyId":"CPC","votes":80,"share":35.08771929824561},{"id":"ryder-finlay","name":"Ryder Finlay","shortName":"Finlay","partyId":"NDP","votes":6,"share":2.631578947368421},{"id":"thaila-riden","name":"Thaila Riden","shortName":"Riden","partyId":"GRN","votes":5,"share":2.1929824561403506}],"partyVotes":{"LIB":135,"CPC":80,"BQ":0,"NDP":6,"GRN":5,"PPC":1,"OTH":1}}},"geometry":{"type":"Polygon","coordinates":[[[636.56,105.28],[636.46,105.19],[636.65,104.97],[636.74,105.05],[636.74,105.05],[636.73,105.05],[636.72,105.06],[636.72,105.06],[636.72,105.07],[636.72,105.07],[636.73,105.08],[636.73,105.08],[636.75,105.1],[636.75,105.1],[636.75,105.09],[636.77,105.07],[636.83,105.12],[636.84,105.13],[636.85,105.13],[636.85,105.14],[636.66,105.36],[636.56,105.28]]]}},{"type":"Feature","id":"35088-103","properties":{"ridingCode":"35088","pollNumber":"103","pollType":"N","advancePollNumber":"619","sourceCode":"103-0","geometryPollNumbers":["103"],"code":"35088-103","resultPollNumbers":["103"],"resultStatus":"exact","result":{"electors":407,"voters":224,"totalVotes":223,"rejected":1,"turnout":55.03685503685504,"winnerId":"giovanna-mingarelli","winnerPartyId":"LIB","runnerUpId":"julie-se-guin","runnerUpPartyId":"CPC","margin":10.762331838565023,"top":[{"id":"giovanna-mingarelli","name":"Giovanna Mingarelli","shortName":"Mingarelli","partyId":"LIB","votes":116,"share":52.01793721973094},{"id":"julie-se-guin","name":"Julie Séguin","shortName":"Séguin","partyId":"CPC","votes":92,"share":41.25560538116592},{"id":"ryder-finlay","name":"Ryder Finlay","shortName":"Finlay","partyId":"NDP","votes":9,"share":4.0358744394618835},{"id":"deborah-perrier","name":"Deborah Perrier","shortName":"Perrier","partyId":"PPC","votes":6,"share":2.690582959641256}],"partyVotes":{"LIB":116,"CPC":92,"BQ":0,"NDP":9,"GRN":0,"PPC":6,"OTH":0}}},"geometry":{"type":"Polygon","coordinates":[[[636.72,105.07],[636.72,105.06],[636.72,105.06],[636.73,105.05],[636.74,105.05],[636.74,105.05],[636.75,105.06],[636.95,104.83],[637.04,104.92],[636.92,105.05],[637.12,105.22],[637.05,105.31],[636.85,105.14],[636.85,105.13],[636.84,105.13],[636.83,105.12],[636.77,105.07],[636.75,105.09],[636.75,105.1],[636.75,105.1],[636.73,105.08],[636.73,105.08],[636.72,105.07],[636.72,105.07]]]}},{"type":"Feature","id":"35088-104","properties":{"ridingCode":"35088","pollNumber":"104","pollType":"N","advancePollNumber":"618","sourceCode":"104-0","geometryPollNumbers":["104"],"code":"35088-104","resultPollNumbers":["104"],"resultStatus":"exact","result":{"electors":328,"voters":173,"totalVotes":173,"rejected":0,"turnout":52.743902439024396,"winnerId":"giovanna-mingarelli","winnerPartyId":"LIB","runnerUpId":"julie-se-guin","runnerUpPartyId":"CPC","margin":20.23121387283237,"top":[{"id":"giovanna-mingarelli","name":"Giovanna Mingarelli","shortName":"Mingarelli","partyId":"LIB","votes":97,"share":56.06936416184971},{"id":"julie-se-guin","name":"Julie Séguin","shortName":"Séguin","partyId":"CPC","votes":62,"share":35.83815028901734},{"id":"deborah-perrier","name":"Deborah Perrier","shortName":"Perrier","partyId":"PPC","votes":5,"share":2.8901734104046244},{"id":"thaila-riden","name":"Thaila Riden","shortName":"Riden","partyId":"GRN","votes":5,"share":2.8901734104046244}],"partyVotes":{"LIB":97,"CPC":62,"BQ":0,"NDP":4,"GRN":5,"PPC":5,"OTH":0}}},"geometry":{"type":"Polygon","coordinates":[[[636.26,105.02],[636.16,104.94],[636.21,104.88],[636.35,104.71],[636.65,104.97],[636.46,105.19],[636.33,105.09],[636.32,105.08],[636.31,105.07],[636.26,105.02]]]}},{"type":"Feature","id":"35088-105","properties":{"ridingCode":"35088","pollNumber":"105","pollType":"N","advancePollNumber":"619","sourceCode":"105-0","geometryPollNumbers":["105"],"code":"35088-105","resultPollNumbers":["105"],"resultStatus":"exact","result":{"electors":471,"voters":286,"totalVotes":283,"rejected":3,"turnout":60.72186836518046,"winnerId":"giovanna-mingarelli","winnerPartyId":"LIB","runnerUpId":"julie-se-guin","runnerUpPartyId":"CPC","margin":13.780918727915195,"top":[{"id":"giovanna-mingarelli","name":"Giovanna Mingarelli","shortName":"Mingarelli","partyId":"LIB","votes":151,"share":53.35689045936396},{"id":"julie-se-guin","name":"Julie Séguin","shortName":"Séguin","partyId":"CPC","votes":112,"share":39.57597173144876},{"id":"ryder-finlay","name":"Ryder Finlay","shortName":"Finlay","partyId":"NDP","votes":9,"share":3.180212014134275},{"id":"deborah-perrier","name":"Deborah Perrier","shortName":"Perrier","partyId":"PPC","votes":5,"share":1.76678445229682}],"partyVotes":{"LIB":151,"CPC":112,"BQ":0,"NDP":9,"GRN":3,"PPC":5,"OTH":3}}},"geometry":{"type":"Polygon","coordinates":[[[636.74,105.05],[636.65,104.97],[636.77,104.83],[636.85,104.75],[636.88,104.78],[636.9,104.79],[636.95,104.83],[636.75,105.06],[636.74,105.05]]]}},{"type":"Feature","id":"35088-106","properties":{"ridingCode":"35088","pollNumber":"106","pollType":"N","advancePollNumber":"605","sourceCode":"106-0","geometryPollNumbers":["106"],"code":"35088-106","resultPollNumbers":["106"],"resultStatus":"exact","result":{"electors":457,"voters":226,"totalVotes":225,"rejected":1,"turnout":49.45295404814004,"winnerId":"julie-se-guin","winnerPartyId":"CPC","runnerUpId":"giovanna-mingarelli","runnerUpPartyId":"LIB","margin":12,"top":[{"id":"julie-se-guin","name":"Julie Séguin","shortName":"Séguin","partyId":"CPC","votes":120,"share":53.333333333333336},{"id":"giovanna-mingarelli","name":"Giovanna Mingarelli","shortName":"Mingarelli","partyId":"LIB","votes":93,"share":41.333333333333336},{"id":"thaila-riden","name":"Thaila Riden","shortName":"Riden","partyId":"GRN","votes":5,"share":2.2222222222222223},{"id":"ryder-finlay","name":"Ryder Finlay","shortName":"Finlay","partyId":"NDP","votes":4,"share":1.7777777777777777}],"partyVotes":{"LIB":93,"CPC":120,"BQ":0,"NDP":4,"GRN":5,"PPC":1,"OTH":2}}},"geometry":{"type":"Polygon","coordinates":[[[639.6,105.48],[639.69,105.51],[639.69,105.33],[639.69,105.32],[639.88,105.39],[639.88,105.23],[639.89,105.22],[639.89,105.2],[639.9,105.19],[639.9,105.01],[640.24,105.14],[640.25,105.12],[640.24,105.12],[640.47,105.4],[640.31,105.53],[640.35,105.57],[640.34,106.14],[640.09,106.05],[640.09,106.05],[639.58,106.03],[639.59,105.8],[639.41,105.61],[639.66,105.7],[639.67,105.56],[639.63,105.5],[639.6,105.48]]]}},{"type":"Feature","id":"35088-107","properties":{"ridingCode":"35088","pollNumber":"107","pollType":"N","advancePollNumber":"607","sourceCode":"107-0","geometryPollNumbers":["107"],"code":"35088-107","resultPollNumbers":["107"],"resultStatus":"exact","result":{"electors":471,"voters":223,"totalVotes":223,"rejected":0,"turnout":47.346072186836516,"winnerId":"julie-se-guin","winnerPartyId":"CPC","runnerUpId":"giovanna-mingarelli","runnerUpPartyId":"LIB","margin":16.591928251121075,"top":[{"id":"julie-se-guin","name":"Julie Séguin","shortName":"Séguin","partyId":"CPC","votes":125,"share":56.05381165919282},{"id":"giovanna-mingarelli","name":"Giovanna Mingarelli","shortName":"Mingarelli","partyId":"LIB","votes":88,"share":39.46188340807175},{"id":"deborah-perrier","name":"Deborah Perrier","shortName":"Perrier","partyId":"PPC","votes":8,"share":3.587443946188341},{"id":"ryder-finlay","name":"Ryder Finlay","shortName":"Finlay","partyId":"NDP","votes":2,"share":0.8968609865470852}],"partyVotes":{"LIB":88,"CPC":125,"BQ":0,"NDP":2,"GRN":0,"PPC":8,"OTH":0}}},"geometry":{"type":"Polygon","coordinates":[[[637.85,104.7],[638.07,104.42],[638.07,104.43],[638.09,104.43],[638.1,104.43],[638.11,104.42],[638.19,104.33],[638.21,104.31],[638.23,104.29],[638.23,104.29],[638.27,104.32],[638.27,104.32],[638.27,104.34],[638.27,104.34],[638.29,104.37],[638.3,104.37],[638.58,104.62],[638.62,104.57],[638.62,104.56],[638.65,104.52],[638.75,104.41],[638.98,104.6],[638.94,104.65],[638.93,104.65],[638.85,104.75],[638.84,104.76],[638.8,104.81],[639.03,105.01],[639.01,105.06],[639.03,105.07],[639.05,105.09],[639.09,105.1],[639.12,105.12],[639.19,105.15],[639.19,105.16],[639.23,105.19],[639.23,105.21],[639.21,105.25],[639.24,105.28],[639.25,105.3],[639.24,105.31],[638.96,105.63],[638.71,105.42],[638.8,105.31],[638.5,105.06],[638.5,105.05],[638.45,105.11],[638.42,105.13],[638.4,105.15],[638.26,105.04],[637.85,104.7]]]}},{"type":"Feature","id":"35088-108","properties":{"ridingCode":"35088","pollNumber":"108","pollType":"N","advancePollNumber":"606","sourceCode":"108-0","geometryPollNumbers":["108"],"code":"35088-108","resultPollNumbers":["108"],"resultStatus":"exact","result":{"electors":440,"voters":295,"totalVotes":294,"rejected":1,"turnout":67.04545454545455,"winnerId":"julie-se-guin","winnerPartyId":"CPC","runnerUpId":"giovanna-mingarelli","runnerUpPartyId":"LIB","margin":15.306122448979592,"top":[{"id":"julie-se-guin","name":"Julie Séguin","shortName":"Séguin","partyId":"CPC","votes":162,"share":55.10204081632652},{"id":"giovanna-mingarelli","name":"Giovanna Mingarelli","shortName":"Mingarelli","partyId":"LIB","votes":117,"share":39.795918367346935},{"id":"ryder-finlay","name":"Ryder Finlay","shortName":"Finlay","partyId":"NDP","votes":8,"share":2.7210884353741496},{"id":"jason-st-louis","name":"Jason St-Louis","shortName":"St-Louis","partyId":"OTH","votes":4,"share":1.3605442176870748}],"partyVotes":{"LIB":117,"CPC":162,"BQ":0,"NDP":8,"GRN":1,"PPC":2,"OTH":4}}},"geometry":{"type":"Polygon","coordinates":[[[638.85,104.75],[638.93,104.65],[638.94,104.65],[638.98,104.6],[639.02,104.61],[639.15,104.46],[639.25,104.53],[639.28,104.54],[639.27,104.56],[639.33,104.61],[639.36,104.62],[639.38,104.63],[639.39,104.62],[639.4,104.63],[639.42,104.62],[639.42,104.83],[639.28,104.71],[639.2,104.8],[639.42,104.99],[639.42,105.3],[639.39,105.27],[639.32,105.23],[639.29,105.2],[639.25,105.18],[639.24,105.17],[639.23,105.19],[639.19,105.16],[639.19,105.15],[639.12,105.12],[639.09,105.1],[639.05,105.09],[639.03,105.07],[639.01,105.06],[639.03,105.01],[638.8,104.81],[638.84,104.76],[638.85,104.75]]]}},{"type":"Feature","id":"35088-109","properties":{"ridingCode":"35088","pollNumber":"109","pollType":"N","advancePollNumber":"619","sourceCode":"109-0","geometryPollNumbers":["109"],"code":"35088-109","resultPollNumbers":["109"],"resultStatus":"exact","result":{"electors":366,"voters":218,"totalVotes":215,"rejected":3,"turnout":59.56284153005464,"winnerId":"julie-se-guin","winnerPartyId":"CPC","runnerUpId":"giovanna-mingarelli","runnerUpPartyId":"LIB","margin":10.232558139534884,"top":[{"id":"julie-se-guin","name":"Julie Séguin","shortName":"Séguin","partyId":"CPC","votes":113,"share":52.55813953488372},{"id":"giovanna-mingarelli","name":"Giovanna Mingarelli","shortName":"Mingarelli","partyId":"LIB","votes":91,"share":42.32558139534884},{"id":"ryder-finlay","name":"Ryder Finlay","shortName":"Finlay","partyId":"NDP","votes":6,"share":2.7906976744186047},{"id":"deborah-perrier","name":"Deborah Perrier","shortName":"Perrier","partyId":"PPC","votes":4,"share":1.8604651162790697}],"partyVotes":{"LIB":91,"CPC":113,"BQ":0,"NDP":6,"GRN":1,"PPC":4,"OTH":0}}},"geometry":{"type":"Polygon","coordinates":[[[637.12,105.22],[637.25,105.07],[637.25,105.07],[637.3,105.01],[637.31,105.01],[637.31,105],[637.32,105],[637.32,105.01],[637.33,105.01],[637.5,105.15],[637.32,105.39],[637.22,105.3],[637.15,105.39],[637.05,105.31],[637.12,105.22]]]}},{"type":"Feature","id":"35088-110","properties":{"ridingCode":"35088","pollNumber":"110","pollType":"N","advancePollNumber":"619","sourceCode":"110-0","geometryPollNumbers":["110"],"code":"35088-110","resultPollNumbers":["110"],"resultStatus":"exact","result":{"electors":256,"voters":170,"totalVotes":170,"rejected":0,"turnout":66.40625,"winnerId":"julie-se-guin","winnerPartyId":"CPC","runnerUpId":"giovanna-mingarelli","runnerUpPartyId":"LIB","margin":1.1764705882352942,"top":[{"id":"julie-se-guin","name":"Julie Séguin","shortName":"Séguin","partyId":"CPC","votes":83,"share":48.8235294117647},{"id":"giovanna-mingarelli","name":"Giovanna Mingarelli","shortName":"Mingarelli","partyId":"LIB","votes":81,"share":47.647058823529406},{"id":"deborah-perrier","name":"Deborah Perrier","shortName":"Perrier","partyId":"PPC","votes":4,"share":2.3529411764705883},{"id":"ryder-finlay","name":"Ryder Finlay","shortName":"Finlay","partyId":"NDP","votes":1,"share":0.5882352941176471}],"partyVotes":{"LIB":81,"CPC":83,"BQ":0,"NDP":1,"GRN":1,"PPC":4,"OTH":0}}},"geometry":{"type":"Polygon","coordinates":[[[637.04,104.92],[637.23,104.7],[637.43,104.86],[637.61,105.01],[637.61,105.01],[637.5,105.15],[637.33,105.01],[637.32,105.01],[637.32,105],[637.31,105],[637.31,105.01],[637.3,105.01],[637.25,105.07],[637.25,105.06],[637.25,105.07],[637.12,105.22],[636.92,105.05],[637.04,104.92]]]}},{"type":"Feature","id":"35088-111","properties":{"ridingCode":"35088","pollNumber":"111","pollType":"N","advancePollNumber":"619","sourceCode":"111-0","geometryPollNumbers":["111"],"code":"35088-111","resultPollNumbers":["111"],"resultStatus":"exact","result":{"electors":440,"voters":193,"totalVotes":192,"rejected":1,"turnout":43.86363636363637,"winnerId":"julie-se-guin","winnerPartyId":"CPC","runnerUpId":"giovanna-mingarelli","runnerUpPartyId":"LIB","margin":3.6458333333333335,"top":[{"id":"julie-se-guin","name":"Julie Séguin","shortName":"Séguin","partyId":"CPC","votes":95,"share":49.47916666666667},{"id":"giovanna-mingarelli","name":"Giovanna Mingarelli","shortName":"Mingarelli","partyId":"LIB","votes":88,"share":45.83333333333333},{"id":"ryder-finlay","name":"Ryder Finlay","shortName":"Finlay","partyId":"NDP","votes":8,"share":4.166666666666666},{"id":"deborah-perrier","name":"Deborah Perrier","shortName":"Perrier","partyId":"PPC","votes":1,"share":0.5208333333333333}],"partyVotes":{"LIB":88,"CPC":95,"BQ":0,"NDP":8,"GRN":0,"PPC":1,"OTH":0}}},"geometry":{"type":"Polygon","coordinates":[[[637.12,104.45],[637.22,104.53],[637.26,104.48],[637.3,104.52],[637.3,104.53],[637.32,104.53],[637.32,104.52],[637.33,104.51],[637.34,104.52],[637.37,104.54],[637.23,104.7],[637.04,104.92],[636.95,104.83],[636.9,104.79],[636.88,104.78],[636.85,104.75],[637.12,104.45]]]}},{"type":"Feature","id":"35088-112","properties":{"ridingCode":"35088","pollNumber":"112","pollType":"N","advancePollNumber":"619","sourceCode":"112-0","geometryPollNumbers":["112"],"code":"35088-112","resultPollNumbers":["112"],"resultStatus":"exact","result":{"electors":369,"voters":124,"totalVotes":122,"rejected":2,"turnout":33.60433604336043,"winnerId":"giovanna-mingarelli","winnerPartyId":"LIB","runnerUpId":"julie-se-guin","runnerUpPartyId":"CPC","margin":5.737704918032787,"top":[{"id":"giovanna-mingarelli","name":"Giovanna Mingarelli","shortName":"Mingarelli","partyId":"LIB","votes":62,"share":50.81967213114754},{"id":"julie-se-guin","name":"Julie Séguin","shortName":"Séguin","partyId":"CPC","votes":55,"share":45.08196721311475},{"id":"ryder-finlay","name":"Ryder Finlay","shortName":"Finlay","partyId":"NDP","votes":4,"share":3.278688524590164},{"id":"jason-st-louis","name":"Jason St-Louis","shortName":"St-Louis","partyId":"OTH","votes":1,"share":0.819672131147541}],"partyVotes":{"LIB":62,"CPC":55,"BQ":0,"NDP":4,"GRN":0,"PPC":0,"OTH":1}}},"geometry":{"type":"Polygon","coordinates":[[[637.43,104.86],[637.23,104.7],[637.37,104.54],[637.38,104.52],[637.42,104.49],[637.43,104.5],[637.43,104.49],[637.42,104.48],[637.43,104.48],[637.44,104.49],[637.45,104.5],[637.45,104.5],[637.45,104.5],[637.49,104.54],[637.62,104.64],[637.43,104.86]]]}},{"type":"Feature","id":"35088-113","properties":{"ridingCode":"35088","pollNumber":"113","pollType":"N","advancePollNumber":"619","sourceCode":"113-0","geometryPollNumbers":["113"],"code":"35088-113","resultPollNumbers":["113"],"resultStatus":"exact","result":{"electors":355,"voters":159,"totalVotes":158,"rejected":1,"turnout":44.7887323943662,"winnerId":"julie-se-guin","winnerPartyId":"CPC","runnerUpId":"giovanna-mingarelli","runnerUpPartyId":"LIB","margin":17.088607594936708,"top":[{"id":"julie-se-guin","name":"Julie Séguin","shortName":"Séguin","partyId":"CPC","votes":88,"share":55.69620253164557},{"id":"giovanna-mingarelli","name":"Giovanna Mingarelli","shortName":"Mingarelli","partyId":"LIB","votes":61,"share":38.607594936708864},{"id":"ryder-finlay","name":"Ryder Finlay","shortName":"Finlay","partyId":"NDP","votes":4,"share":2.5316455696202533},{"id":"thaila-riden","name":"Thaila Riden","shortName":"Riden","partyId":"GRN","votes":3,"share":1.89873417721519}],"partyVotes":{"LIB":61,"CPC":88,"BQ":0,"NDP":4,"GRN":3,"PPC":2,"OTH":0}}},"geometry":{"type":"Polygon","coordinates":[[[637.62,104.64],[637.49,104.54],[637.45,104.5],[637.45,104.5],[637.44,104.49],[637.45,104.47],[637.44,104.46],[637.7,104.15],[637.71,104.14],[637.72,104.14],[637.74,104.15],[637.91,104.29],[637.93,104.31],[637.96,104.33],[638,104.37],[638.07,104.42],[637.85,104.7],[637.71,104.88],[637.7,104.89],[637.7,104.9],[637.61,105.01],[637.61,105.01],[637.61,105.01],[637.43,104.86],[637.62,104.64]]]}},{"type":"Feature","id":"35088-114","properties":{"ridingCode":"35088","pollNumber":"114","pollType":"N","advancePollNumber":"618","sourceCode":"114-0","geometryPollNumbers":["114"],"code":"35088-114","resultPollNumbers":["114"],"resultStatus":"exact","result":{"electors":470,"voters":201,"totalVotes":201,"rejected":0,"turnout":42.765957446808514,"winnerId":"julie-se-guin","winnerPartyId":"CPC","runnerUpId":"giovanna-mingarelli","runnerUpPartyId":"LIB","margin":11.940298507462686,"top":[{"id":"julie-se-guin","name":"Julie Séguin","shortName":"Séguin","partyId":"CPC","votes":104,"share":51.741293532338304},{"id":"giovanna-mingarelli","name":"Giovanna Mingarelli","shortName":"Mingarelli","partyId":"LIB","votes":80,"share":39.800995024875625},{"id":"ryder-finlay","name":"Ryder Finlay","shortName":"Finlay","partyId":"NDP","votes":13,"share":6.467661691542288},{"id":"thaila-riden","name":"Thaila Riden","shortName":"Riden","partyId":"GRN","votes":2,"share":0.9950248756218906}],"partyVotes":{"LIB":80,"CPC":104,"BQ":0,"NDP":13,"GRN":2,"PPC":0,"OTH":2}}},"geometry":{"type":"Polygon","coordinates":[[[636.73,104.66],[636.93,104.44],[637.13,104.22],[637.24,104.32],[637.22,104.34],[637.21,104.35],[637.2,104.35],[637.2,104.37],[637.15,104.42],[637.33,104.51],[637.34,104.49],[637.35,104.5],[637.35,104.51],[637.38,104.52],[637.37,104.54],[637.34,104.52],[637.33,104.51],[637.32,104.52],[637.32,104.53],[637.3,104.53],[637.3,104.52],[637.26,104.48],[637.22,104.53],[637.12,104.45],[636.85,104.75],[636.73,104.66]]]}},{"type":"Feature","id":"35088-115","properties":{"ridingCode":"35088","pollNumber":"115","pollType":"N","advancePollNumber":"619","sourceCode":"115-0","geometryPollNumbers":["115"],"code":"35088-115","resultPollNumbers":["115"],"resultStatus":"exact","result":{"electors":413,"voters":161,"totalVotes":159,"rejected":2,"turnout":38.983050847457626,"winnerId":"giovanna-mingarelli","winnerPartyId":"LIB","runnerUpId":"julie-se-guin","runnerUpPartyId":"CPC","margin":14.465408805031446,"top":[{"id":"giovanna-mingarelli","name":"Giovanna Mingarelli","shortName":"Mingarelli","partyId":"LIB","votes":84,"share":52.83018867924528},{"id":"julie-se-guin","name":"Julie Séguin","shortName":"Séguin","partyId":"CPC","votes":61,"share":38.36477987421384},{"id":"ryder-finlay","name":"Ryder Finlay","shortName":"Finlay","partyId":"NDP","votes":6,"share":3.7735849056603774},{"id":"thaila-riden","name":"Thaila Riden","shortName":"Riden","partyId":"GRN","votes":6,"share":3.7735849056603774}],"partyVotes":{"LIB":84,"CPC":61,"BQ":0,"NDP":6,"GRN":6,"PPC":1,"OTH":1}}},"geometry":{"type":"Polygon","coordinates":[[[637.24,104.32],[637.27,104.35],[637.3,104.37],[637.42,104.47],[637.41,104.48],[637.39,104.46],[637.36,104.5],[637.35,104.5],[637.34,104.49],[637.33,104.51],[637.15,104.42],[637.2,104.37],[637.2,104.35],[637.21,104.35],[637.22,104.34],[637.24,104.32]]]}},{"type":"Feature","id":"35088-116","properties":{"ridingCode":"35088","pollNumber":"116","pollType":"N","advancePollNumber":"619","sourceCode":"116-0","geometryPollNumbers":["116"],"code":"35088-116","resultPollNumbers":["116"],"resultStatus":"exact","result":{"electors":387,"voters":150,"totalVotes":149,"rejected":1,"turnout":38.759689922480625,"winnerId":"giovanna-mingarelli","winnerPartyId":"LIB","runnerUpId":"julie-se-guin","runnerUpPartyId":"CPC","margin":0.6711409395973155,"top":[{"id":"giovanna-mingarelli","name":"Giovanna Mingarelli","shortName":"Mingarelli","partyId":"LIB","votes":68,"share":45.63758389261745},{"id":"julie-se-guin","name":"Julie Séguin","shortName":"Séguin","partyId":"CPC","votes":67,"share":44.966442953020135},{"id":"ryder-finlay","name":"Ryder Finlay","shortName":"Finlay","partyId":"NDP","votes":8,"share":5.369127516778524},{"id":"deborah-perrier","name":"Deborah Perrier","shortName":"Perrier","partyId":"PPC","votes":3,"share":2.013422818791946}],"partyVotes":{"LIB":68,"CPC":67,"BQ":0,"NDP":8,"GRN":2,"PPC":3,"OTH":1}}},"geometry":{"type":"Polygon","coordinates":[[[637.24,104.32],[637.32,104.24],[637.54,103.98],[637.72,104.13],[637.71,104.14],[637.71,104.14],[637.7,104.15],[637.44,104.46],[637.45,104.47],[637.44,104.49],[637.43,104.48],[637.42,104.48],[637.43,104.49],[637.43,104.5],[637.42,104.49],[637.38,104.52],[637.35,104.51],[637.35,104.5],[637.36,104.5],[637.39,104.46],[637.41,104.48],[637.42,104.47],[637.3,104.37],[637.27,104.35],[637.24,104.32]]]}},{"type":"Feature","id":"35088-117","properties":{"ridingCode":"35088","pollNumber":"117","pollType":"N","advancePollNumber":"613","sourceCode":"117-0","geometryPollNumbers":["117"],"code":"35088-117","resultPollNumbers":["117"],"resultStatus":"exact","result":{"electors":431,"voters":151,"totalVotes":151,"rejected":0,"turnout":35.03480278422274,"winnerId":"giovanna-mingarelli","winnerPartyId":"LIB","runnerUpId":"julie-se-guin","runnerUpPartyId":"CPC","margin":15.894039735099339,"top":[{"id":"giovanna-mingarelli","name":"Giovanna Mingarelli","shortName":"Mingarelli","partyId":"LIB","votes":85,"share":56.29139072847682},{"id":"julie-se-guin","name":"Julie Séguin","shortName":"Séguin","partyId":"CPC","votes":61,"share":40.397350993377486},{"id":"thaila-riden","name":"Thaila Riden","shortName":"Riden","partyId":"GRN","votes":3,"share":1.9867549668874174},{"id":"ryder-finlay","name":"Ryder Finlay","shortName":"Finlay","partyId":"NDP","votes":2,"share":1.3245033112582782}],"partyVotes":{"LIB":85,"CPC":61,"BQ":0,"NDP":2,"GRN":3,"PPC":0,"OTH":0}}},"geometry":{"type":"Polygon","coordinates":[[[635.2,104.68],[635.22,104.65],[635.28,104.58],[635.29,104.6],[635.3,104.63],[635.33,104.67],[635.36,104.7],[635.37,104.7],[635.39,104.71],[635.39,104.71],[635.39,104.71],[635.39,104.72],[635.39,104.72],[635.39,104.72],[635.4,104.73],[635.4,104.74],[635.45,104.76],[635.49,104.78],[635.59,104.8],[635.63,104.82],[635.66,104.83],[635.77,104.89],[635.79,104.9],[635.86,104.96],[635.77,105.07],[635.75,105.06],[635.52,104.87],[635.49,104.83],[635.47,104.82],[635.43,104.8],[635.36,104.78],[635.34,104.78],[635.33,104.77],[635.31,104.76],[635.3,104.74],[635.3,104.73],[635.29,104.72],[635.28,104.71],[635.26,104.7],[635.2,104.68]]]}},{"type":"Feature","id":"35088-118","properties":{"ridingCode":"35088","pollNumber":"118","pollType":"N","advancePollNumber":"613","sourceCode":"118-0","geometryPollNumbers":["118"],"code":"35088-118","resultPollNumbers":["118"],"resultStatus":"exact","result":{"electors":455,"voters":162,"totalVotes":161,"rejected":1,"turnout":35.604395604395606,"winnerId":"giovanna-mingarelli","winnerPartyId":"LIB","runnerUpId":"julie-se-guin","runnerUpPartyId":"CPC","margin":6.832298136645963,"top":[{"id":"giovanna-mingarelli","name":"Giovanna Mingarelli","shortName":"Mingarelli","partyId":"LIB","votes":81,"share":50.31055900621118},{"id":"julie-se-guin","name":"Julie Séguin","shortName":"Séguin","partyId":"CPC","votes":70,"share":43.47826086956522},{"id":"ryder-finlay","name":"Ryder Finlay","shortName":"Finlay","partyId":"NDP","votes":4,"share":2.484472049689441},{"id":"thaila-riden","name":"Thaila Riden","shortName":"Riden","partyId":"GRN","votes":4,"share":2.484472049689441}],"partyVotes":{"LIB":81,"CPC":70,"BQ":0,"NDP":4,"GRN":4,"PPC":2,"OTH":0}}},"geometry":{"type":"Polygon","coordinates":[[[635.39,104.72],[635.39,104.72],[635.39,104.71],[635.41,104.72],[635.41,104.73],[635.44,104.74],[635.52,104.77],[635.52,104.76],[635.53,104.76],[635.54,104.76],[635.54,104.77],[635.56,104.78],[635.55,104.78],[635.56,104.79],[635.58,104.8],[635.58,104.78],[635.61,104.76],[635.61,104.74],[635.62,104.73],[635.63,104.73],[635.63,104.73],[635.62,104.72],[635.62,104.72],[635.61,104.72],[635.6,104.71],[635.6,104.7],[635.6,104.7],[635.63,104.7],[635.63,104.69],[635.65,104.68],[635.65,104.67],[635.67,104.66],[635.67,104.65],[635.7,104.66],[635.72,104.67],[635.8,104.73],[635.81,104.73],[635.82,104.72],[635.84,104.73],[635.79,104.77],[635.77,104.78],[635.76,104.79],[635.74,104.8],[635.73,104.81],[635.73,104.82],[635.75,104.86],[635.77,104.88],[635.77,104.89],[635.66,104.83],[635.63,104.82],[635.59,104.8],[635.49,104.78],[635.45,104.76],[635.4,104.74],[635.4,104.73],[635.39,104.72],[635.39,104.72]]]}},{"type":"Feature","id":"35088-119","properties":{"ridingCode":"35088","pollNumber":"119","pollType":"N","advancePollNumber":"613","sourceCode":"119-0","geometryPollNumbers":["119"],"code":"35088-119","resultPollNumbers":["119"],"resultStatus":"exact","result":{"electors":472,"voters":184,"totalVotes":183,"rejected":1,"turnout":38.983050847457626,"winnerId":"giovanna-mingarelli","winnerPartyId":"LIB","runnerUpId":"julie-se-guin","runnerUpPartyId":"CPC","margin":14.207650273224044,"top":[{"id":"giovanna-mingarelli","name":"Giovanna Mingarelli","shortName":"Mingarelli","partyId":"LIB","votes":101,"share":55.19125683060109},{"id":"julie-se-guin","name":"Julie Séguin","shortName":"Séguin","partyId":"CPC","votes":75,"share":40.98360655737705},{"id":"ryder-finlay","name":"Ryder Finlay","shortName":"Finlay","partyId":"NDP","votes":5,"share":2.73224043715847},{"id":"deborah-perrier","name":"Deborah Perrier","shortName":"Perrier","partyId":"PPC","votes":2,"share":1.092896174863388}],"partyVotes":{"LIB":101,"CPC":75,"BQ":0,"NDP":5,"GRN":0,"PPC":2,"OTH":0}}},"geometry":{"type":"Polygon","coordinates":[[[635.43,104.68],[635.42,104.67],[635.4,104.66],[635.39,104.65],[635.41,104.65],[635.43,104.65],[635.44,104.64],[635.44,104.63],[635.45,104.64],[635.46,104.64],[635.5,104.6],[635.51,104.58],[635.52,104.59],[635.54,104.59],[635.56,104.6],[635.58,104.6],[635.58,104.6],[635.61,104.62],[635.63,104.63],[635.64,104.64],[635.67,104.65],[635.67,104.66],[635.65,104.67],[635.65,104.68],[635.63,104.69],[635.63,104.7],[635.6,104.7],[635.6,104.7],[635.6,104.71],[635.61,104.72],[635.62,104.72],[635.62,104.72],[635.63,104.73],[635.63,104.73],[635.62,104.73],[635.61,104.74],[635.61,104.76],[635.58,104.78],[635.58,104.8],[635.56,104.79],[635.55,104.78],[635.56,104.78],[635.54,104.77],[635.54,104.76],[635.53,104.76],[635.52,104.76],[635.52,104.77],[635.44,104.74],[635.41,104.73],[635.41,104.72],[635.39,104.71],[635.43,104.68]]]}},{"type":"Feature","id":"35088-120","properties":{"ridingCode":"35088","pollNumber":"120","pollType":"N","advancePollNumber":"613","sourceCode":"120-0","geometryPollNumbers":["120"],"code":"35088-120","resultPollNumbers":["120"],"resultStatus":"exact","result":{"electors":585,"voters":217,"totalVotes":217,"rejected":0,"turnout":37.0940170940171,"winnerId":"giovanna-mingarelli","winnerPartyId":"LIB","runnerUpId":"julie-se-guin","runnerUpPartyId":"CPC","margin":23.04147465437788,"top":[{"id":"giovanna-mingarelli","name":"Giovanna Mingarelli","shortName":"Mingarelli","partyId":"LIB","votes":129,"share":59.44700460829493},{"id":"julie-se-guin","name":"Julie Séguin","shortName":"Séguin","partyId":"CPC","votes":79,"share":36.405529953917046},{"id":"ryder-finlay","name":"Ryder Finlay","shortName":"Finlay","partyId":"NDP","votes":8,"share":3.686635944700461},{"id":"thaila-riden","name":"Thaila Riden","shortName":"Riden","partyId":"GRN","votes":1,"share":0.4608294930875576}],"partyVotes":{"LIB":129,"CPC":79,"BQ":0,"NDP":8,"GRN":1,"PPC":0,"OTH":0}}},"geometry":{"type":"Polygon","coordinates":[[[635.39,104.65],[635.4,104.66],[635.42,104.67],[635.43,104.68],[635.39,104.71],[635.39,104.71],[635.39,104.71],[635.39,104.71],[635.37,104.7],[635.36,104.7],[635.33,104.67],[635.3,104.63],[635.29,104.6],[635.28,104.58],[635.32,104.54],[635.33,104.57],[635.33,104.57],[635.33,104.57],[635.35,104.55],[635.36,104.54],[635.38,104.52],[635.38,104.52],[635.37,104.51],[635.37,104.5],[635.4,104.52],[635.38,104.53],[635.38,104.55],[635.37,104.57],[635.35,104.58],[635.36,104.58],[635.36,104.59],[635.37,104.58],[635.39,104.56],[635.41,104.58],[635.42,104.58],[635.42,104.58],[635.44,104.57],[635.45,104.57],[635.46,104.56],[635.46,104.57],[635.48,104.58],[635.49,104.58],[635.49,104.58],[635.5,104.58],[635.51,104.58],[635.5,104.6],[635.46,104.64],[635.45,104.64],[635.44,104.63],[635.44,104.64],[635.43,104.65],[635.41,104.65],[635.39,104.65]]]}},{"type":"Feature","id":"35088-121","properties":{"ridingCode":"35088","pollNumber":"121","pollType":"N","advancePollNumber":"614","sourceCode":"121-0","geometryPollNumbers":["121"],"code":"35088-121","resultPollNumbers":["121"],"resultStatus":"exact","result":{"electors":477,"voters":179,"totalVotes":179,"rejected":0,"turnout":37.526205450733755,"winnerId":"giovanna-mingarelli","winnerPartyId":"LIB","runnerUpId":"julie-se-guin","runnerUpPartyId":"CPC","margin":27.37430167597765,"top":[{"id":"giovanna-mingarelli","name":"Giovanna Mingarelli","shortName":"Mingarelli","partyId":"LIB","votes":109,"share":60.893854748603346},{"id":"julie-se-guin","name":"Julie Séguin","shortName":"Séguin","partyId":"CPC","votes":60,"share":33.5195530726257},{"id":"jason-st-louis","name":"Jason St-Louis","shortName":"St-Louis","partyId":"OTH","votes":4,"share":2.2346368715083798},{"id":"ryder-finlay","name":"Ryder Finlay","shortName":"Finlay","partyId":"NDP","votes":3,"share":1.675977653631285}],"partyVotes":{"LIB":109,"CPC":60,"BQ":0,"NDP":3,"GRN":1,"PPC":2,"OTH":4}}},"geometry":{"type":"Polygon","coordinates":[[[634.97,104.57],[635.12,104.41],[635.16,104.45],[635.15,104.46],[635.14,104.48],[635.15,104.49],[635.17,104.5],[635.19,104.51],[635.23,104.55],[635.28,104.58],[635.22,104.65],[635.2,104.68],[635.14,104.67],[635.1,104.66],[635.02,104.62],[635,104.6],[634.97,104.57]]]}},{"type":"Feature","id":"35088-122","properties":{"ridingCode":"35088","pollNumber":"122","pollType":"N","advancePollNumber":"613","sourceCode":"122-0","geometryPollNumbers":["122"],"code":"35088-122","resultPollNumbers":["122"],"resultStatus":"exact","result":{"electors":450,"voters":136,"totalVotes":136,"rejected":0,"turnout":30.22222222222222,"winnerId":"giovanna-mingarelli","winnerPartyId":"LIB","runnerUpId":"julie-se-guin","runnerUpPartyId":"CPC","margin":13.970588235294118,"top":[{"id":"giovanna-mingarelli","name":"Giovanna Mingarelli","shortName":"Mingarelli","partyId":"LIB","votes":73,"share":53.67647058823529},{"id":"julie-se-guin","name":"Julie Séguin","shortName":"Séguin","partyId":"CPC","votes":54,"share":39.705882352941174},{"id":"deborah-perrier","name":"Deborah Perrier","shortName":"Perrier","partyId":"PPC","votes":6,"share":4.411764705882353},{"id":"thaila-riden","name":"Thaila Riden","shortName":"Riden","partyId":"GRN","votes":2,"share":1.4705882352941175}],"partyVotes":{"LIB":73,"CPC":54,"BQ":0,"NDP":1,"GRN":2,"PPC":6,"OTH":0}}},"geometry":{"type":"Polygon","coordinates":[[[635.52,104.57],[635.8,104.24],[635.9,104.33],[635.82,104.42],[635.86,104.45],[636.02,104.58],[636.1,104.5],[636.2,104.58],[636.19,104.59],[636.07,104.73],[635.99,104.82],[635.97,104.83],[635.86,104.96],[635.79,104.9],[635.77,104.89],[635.77,104.88],[635.75,104.86],[635.73,104.82],[635.73,104.81],[635.74,104.8],[635.76,104.79],[635.77,104.78],[635.79,104.77],[635.84,104.73],[635.82,104.72],[635.81,104.73],[635.8,104.73],[635.72,104.67],[635.7,104.66],[635.67,104.65],[635.64,104.64],[635.63,104.63],[635.61,104.62],[635.58,104.6],[635.58,104.6],[635.56,104.6],[635.54,104.59],[635.52,104.59],[635.51,104.58],[635.52,104.57]]]}},{"type":"Feature","id":"35088-123","properties":{"ridingCode":"35088","pollNumber":"123","pollType":"N","advancePollNumber":"614","sourceCode":"123-0","geometryPollNumbers":["123"],"code":"35088-123","resultPollNumbers":["123"],"resultStatus":"exact","result":{"electors":479,"voters":180,"totalVotes":180,"rejected":0,"turnout":37.578288100208766,"winnerId":"giovanna-mingarelli","winnerPartyId":"LIB","runnerUpId":"julie-se-guin","runnerUpPartyId":"CPC","margin":12.222222222222221,"top":[{"id":"giovanna-mingarelli","name":"Giovanna Mingarelli","shortName":"Mingarelli","partyId":"LIB","votes":96,"share":53.333333333333336},{"id":"julie-se-guin","name":"Julie Séguin","shortName":"Séguin","partyId":"CPC","votes":74,"share":41.11111111111111},{"id":"ryder-finlay","name":"Ryder Finlay","shortName":"Finlay","partyId":"NDP","votes":5,"share":2.7777777777777777},{"id":"deborah-perrier","name":"Deborah Perrier","shortName":"Perrier","partyId":"PPC","votes":2,"share":1.1111111111111112}],"partyVotes":{"LIB":96,"CPC":74,"BQ":0,"NDP":5,"GRN":2,"PPC":2,"OTH":1}}},"geometry":{"type":"Polygon","coordinates":[[[635.15,104.39],[635.31,104.21],[635.35,104.25],[635.37,104.26],[635.51,104.38],[635.4,104.52],[635.37,104.5],[635.37,104.51],[635.38,104.52],[635.38,104.52],[635.36,104.54],[635.35,104.55],[635.33,104.57],[635.33,104.57],[635.33,104.57],[635.32,104.54],[635.28,104.58],[635.23,104.55],[635.19,104.51],[635.17,104.5],[635.15,104.49],[635.14,104.48],[635.15,104.46],[635.16,104.45],[635.12,104.41],[635.13,104.4],[635.15,104.4],[635.15,104.39]]]}},{"type":"Feature","id":"35088-124","properties":{"ridingCode":"35088","pollNumber":"124","pollType":"N","advancePollNumber":"613","sourceCode":"124-0","geometryPollNumbers":["124"],"code":"35088-124","resultPollNumbers":["124"],"resultStatus":"exact","result":{"electors":440,"voters":123,"totalVotes":123,"rejected":0,"turnout":27.954545454545453,"winnerId":"giovanna-mingarelli","winnerPartyId":"LIB","runnerUpId":"julie-se-guin","runnerUpPartyId":"CPC","margin":8.130081300813007,"top":[{"id":"giovanna-mingarelli","name":"Giovanna Mingarelli","shortName":"Mingarelli","partyId":"LIB","votes":63,"share":51.21951219512195},{"id":"julie-se-guin","name":"Julie Séguin","shortName":"Séguin","partyId":"CPC","votes":53,"share":43.08943089430895},{"id":"thaila-riden","name":"Thaila Riden","shortName":"Riden","partyId":"GRN","votes":4,"share":3.2520325203252036},{"id":"ryder-finlay","name":"Ryder Finlay","shortName":"Finlay","partyId":"NDP","votes":2,"share":1.6260162601626018}],"partyVotes":{"LIB":63,"CPC":53,"BQ":0,"NDP":2,"GRN":4,"PPC":1,"OTH":0}}},"geometry":{"type":"Polygon","coordinates":[[[635.31,104.21],[635.3,104.2],[635.28,104.19],[635.3,104.18],[635.31,104.18],[635.32,104.18],[635.34,104.18],[635.48,104.01],[635.5,103.98],[635.55,104.02],[635.55,104.04],[635.64,104.11],[635.65,104.13],[635.74,104.2],[635.76,104.2],[635.8,104.24],[635.52,104.57],[635.51,104.58],[635.5,104.58],[635.49,104.58],[635.49,104.58],[635.48,104.58],[635.46,104.57],[635.46,104.56],[635.45,104.57],[635.44,104.57],[635.42,104.58],[635.42,104.58],[635.41,104.58],[635.39,104.56],[635.37,104.58],[635.36,104.59],[635.36,104.58],[635.35,104.58],[635.37,104.57],[635.38,104.55],[635.38,104.53],[635.4,104.52],[635.51,104.38],[635.37,104.26],[635.35,104.25],[635.31,104.21]]]}},{"type":"Feature","id":"35088-125","properties":{"ridingCode":"35088","pollNumber":"125","pollType":"N","advancePollNumber":"614","sourceCode":"125-0","geometryPollNumbers":["125"],"code":"35088-125","resultPollNumbers":["125"],"resultStatus":"exact","result":{"electors":576,"voters":185,"totalVotes":185,"rejected":0,"turnout":32.11805555555556,"winnerId":"giovanna-mingarelli","winnerPartyId":"LIB","runnerUpId":"julie-se-guin","runnerUpPartyId":"CPC","margin":29.18918918918919,"top":[{"id":"giovanna-mingarelli","name":"Giovanna Mingarelli","shortName":"Mingarelli","partyId":"LIB","votes":116,"share":62.70270270270271},{"id":"julie-se-guin","name":"Julie Séguin","shortName":"Séguin","partyId":"CPC","votes":62,"share":33.513513513513516},{"id":"ryder-finlay","name":"Ryder Finlay","shortName":"Finlay","partyId":"NDP","votes":4,"share":2.1621621621621623},{"id":"deborah-perrier","name":"Deborah Perrier","shortName":"Perrier","partyId":"PPC","votes":1,"share":0.5405405405405406}],"partyVotes":{"LIB":116,"CPC":62,"BQ":0,"NDP":4,"GRN":1,"PPC":1,"OTH":1}}},"geometry":{"type":"Polygon","coordinates":[[[635.01,104.35],[635,104.37],[634.99,104.38],[635,104.39],[635.01,104.4],[635,104.42],[634.98,104.44],[634.96,104.45],[634.95,104.42],[634.96,104.42],[634.96,104.42],[634.96,104.41],[634.95,104.41],[634.96,104.41],[634.95,104.4],[634.96,104.39],[634.96,104.39],[634.95,104.38],[634.96,104.37],[634.95,104.37],[634.95,104.36],[634.95,104.36],[634.96,104.36],[634.96,104.35],[634.97,104.36],[634.97,104.36],[634.97,104.35],[634.98,104.35],[634.98,104.34],[634.98,104.34],[634.98,104.33],[635,104.33],[635,104.33],[635,104.33],[635,104.32],[635.01,104.32],[635.01,104.31],[635.03,104.33],[635.03,104.33],[635.03,104.34],[635.02,104.34],[635.01,104.35]]]}},{"type":"Feature","id":"35088-126","properties":{"ridingCode":"35088","pollNumber":"126","pollType":"N","advancePollNumber":"614","sourceCode":"126-0","geometryPollNumbers":["126"],"code":"35088-126","resultPollNumbers":["126"],"resultStatus":"exact","result":{"electors":462,"voters":129,"totalVotes":129,"rejected":0,"turnout":27.92207792207792,"winnerId":"giovanna-mingarelli","winnerPartyId":"LIB","runnerUpId":"julie-se-guin","runnerUpPartyId":"CPC","margin":23.25581395348837,"top":[{"id":"giovanna-mingarelli","name":"Giovanna Mingarelli","shortName":"Mingarelli","partyId":"LIB","votes":79,"share":61.240310077519375},{"id":"julie-se-guin","name":"Julie Séguin","shortName":"Séguin","partyId":"CPC","votes":49,"share":37.98449612403101},{"id":"ryder-finlay","name":"Ryder Finlay","shortName":"Finlay","partyId":"NDP","votes":1,"share":0.7751937984496124},{"id":"deborah-perrier","name":"Deborah Perrier","shortName":"Perrier","partyId":"PPC","votes":0,"share":0}],"partyVotes":{"LIB":79,"CPC":49,"BQ":0,"NDP":1,"GRN":0,"PPC":0,"OTH":0}}},"geometry":{"type":"Polygon","coordinates":[[[634.99,104.38],[635,104.37],[635.01,104.35],[635.02,104.34],[635.03,104.34],[635.03,104.36],[635.04,104.39],[635.03,104.39],[635.01,104.4],[635,104.39],[634.99,104.38]]]}},{"type":"Feature","id":"35088-127","properties":{"ridingCode":"35088","pollNumber":"127","pollType":"N","advancePollNumber":"614","sourceCode":"127-0","geometryPollNumbers":["127"],"code":"35088-127","resultPollNumbers":["127"],"resultStatus":"exact","result":{"electors":675,"voters":196,"totalVotes":193,"rejected":3,"turnout":29.037037037037038,"winnerId":"giovanna-mingarelli","winnerPartyId":"LIB","runnerUpId":"julie-se-guin","runnerUpPartyId":"CPC","margin":17.616580310880828,"top":[{"id":"giovanna-mingarelli","name":"Giovanna Mingarelli","shortName":"Mingarelli","partyId":"LIB","votes":111,"share":57.51295336787565},{"id":"julie-se-guin","name":"Julie Séguin","shortName":"Séguin","partyId":"CPC","votes":77,"share":39.89637305699482},{"id":"ryder-finlay","name":"Ryder Finlay","shortName":"Finlay","partyId":"NDP","votes":4,"share":2.072538860103627},{"id":"deborah-perrier","name":"Deborah Perrier","shortName":"Perrier","partyId":"PPC","votes":1,"share":0.5181347150259068}],"partyVotes":{"LIB":111,"CPC":77,"BQ":0,"NDP":4,"GRN":0,"PPC":1,"OTH":0}}},"geometry":{"type":"Polygon","coordinates":[[[634.95,104.55],[634.89,104.51],[634.87,104.48],[634.94,104.42],[634.94,104.43],[634.95,104.42],[634.96,104.45],[634.98,104.44],[635,104.42],[635.01,104.4],[635.03,104.39],[635.04,104.39],[635.03,104.36],[635.03,104.34],[635.03,104.33],[635.03,104.33],[635.01,104.31],[635.02,104.31],[635.01,104.31],[635.01,104.3],[635.02,104.3],[635.02,104.3],[635.02,104.29],[635.03,104.27],[635.03,104.26],[635.04,104.26],[635.04,104.25],[635.04,104.25],[635.04,104.24],[635.05,104.24],[635.06,104.25],[635.07,104.24],[635.07,104.24],[635.08,104.24],[635.08,104.25],[635.09,104.25],[635.09,104.24],[635.1,104.24],[635.1,104.24],[635.1,104.24],[635.1,104.24],[635.1,104.24],[635.11,104.23],[635.11,104.24],[635.11,104.23],[635.12,104.23],[635.12,104.23],[635.13,104.22],[635.14,104.23],[635.14,104.22],[635.14,104.23],[635.14,104.22],[635.15,104.23],[635.15,104.23],[635.15,104.22],[635.16,104.22],[635.17,104.23],[635.17,104.23],[635.17,104.23],[635.17,104.22],[635.17,104.22],[635.17,104.22],[635.18,104.22],[635.19,104.22],[635.2,104.22],[635.2,104.22],[635.21,104.22],[635.21,104.22],[635.21,104.22],[635.21,104.22],[635.22,104.21],[635.22,104.22],[635.22,104.21],[635.22,104.22],[635.23,104.21],[635.24,104.21],[635.24,104.21],[635.24,104.21],[635.24,104.21],[635.25,104.21],[635.25,104.21],[635.25,104.21],[635.26,104.21],[635.26,104.21],[635.27,104.21],[635.27,104.21],[635.28,104.21],[635.28,104.2],[635.28,104.21],[635.28,104.2],[635.29,104.2],[635.29,104.2],[635.29,104.2],[635.3,104.2],[635.31,104.21],[635.15,104.39],[635.15,104.4],[635.13,104.4],[635.12,104.41],[634.97,104.57],[634.95,104.55]]]}},{"type":"Feature","id":"35088-128","properties":{"ridingCode":"35088","pollNumber":"128","pollType":"N","advancePollNumber":"606","sourceCode":"128-0","geometryPollNumbers":["128"],"code":"35088-128","resultPollNumbers":["128"],"resultStatus":"exact","result":{"electors":425,"voters":245,"totalVotes":244,"rejected":1,"turnout":57.647058823529406,"winnerId":"julie-se-guin","winnerPartyId":"CPC","runnerUpId":"giovanna-mingarelli","runnerUpPartyId":"LIB","margin":5.737704918032787,"top":[{"id":"julie-se-guin","name":"Julie Séguin","shortName":"Séguin","partyId":"CPC","votes":117,"share":47.950819672131146},{"id":"giovanna-mingarelli","name":"Giovanna Mingarelli","shortName":"Mingarelli","partyId":"LIB","votes":103,"share":42.21311475409836},{"id":"ryder-finlay","name":"Ryder Finlay","shortName":"Finlay","partyId":"NDP","votes":10,"share":4.098360655737705},{"id":"deborah-perrier","name":"Deborah Perrier","shortName":"Perrier","partyId":"PPC","votes":9,"share":3.6885245901639343}],"partyVotes":{"LIB":103,"CPC":117,"BQ":0,"NDP":10,"GRN":4,"PPC":9,"OTH":1}}},"geometry":{"type":"Polygon","coordinates":[[[639.2,104.8],[639.28,104.71],[639.42,104.83],[639.42,104.62],[639.42,104.61],[639.42,104.59],[639.46,104.6],[639.46,104.59],[639.46,104.51],[639.45,104.5],[639.45,104.49],[639.6,104.36],[639.76,104.54],[639.82,104.61],[639.91,104.7],[639.92,104.72],[639.93,104.73],[640.03,104.85],[640.24,105.12],[640.25,105.12],[640.24,105.14],[639.9,105.01],[639.9,105.19],[639.89,105.2],[639.89,105.22],[639.88,105.23],[639.88,105.39],[639.69,105.32],[639.69,105.33],[639.69,105.51],[639.6,105.48],[639.63,105.5],[639.67,105.56],[639.66,105.7],[639.41,105.61],[639.41,105.35],[639.33,105.28],[639.3,105.25],[639.24,105.31],[639.25,105.3],[639.24,105.28],[639.21,105.25],[639.23,105.21],[639.23,105.19],[639.24,105.17],[639.25,105.18],[639.29,105.2],[639.32,105.23],[639.39,105.27],[639.42,105.3],[639.42,104.99],[639.2,104.8]]]}},{"type":"Feature","id":"35088-129","properties":{"ridingCode":"35088","pollNumber":"129","pollType":"N","advancePollNumber":"606","sourceCode":"129-0","geometryPollNumbers":["129"],"code":"35088-129","resultPollNumbers":["129"],"resultStatus":"exact","result":{"electors":428,"voters":262,"totalVotes":260,"rejected":2,"turnout":61.21495327102804,"winnerId":"julie-se-guin","winnerPartyId":"CPC","runnerUpId":"giovanna-mingarelli","runnerUpPartyId":"LIB","margin":0.38461538461538464,"top":[{"id":"julie-se-guin","name":"Julie Séguin","shortName":"Séguin","partyId":"CPC","votes":120,"share":46.15384615384615},{"id":"giovanna-mingarelli","name":"Giovanna Mingarelli","shortName":"Mingarelli","partyId":"LIB","votes":119,"share":45.76923076923077},{"id":"ryder-finlay","name":"Ryder Finlay","shortName":"Finlay","partyId":"NDP","votes":11,"share":4.230769230769231},{"id":"thaila-riden","name":"Thaila Riden","shortName":"Riden","partyId":"GRN","votes":7,"share":2.6923076923076925}],"partyVotes":{"LIB":119,"CPC":120,"BQ":0,"NDP":11,"GRN":7,"PPC":3,"OTH":0}}},"geometry":{"type":"Polygon","coordinates":[[[639.37,104.54],[639.38,104.55],[639.43,104.49],[639.45,104.49],[639.45,104.5],[639.46,104.51],[639.46,104.59],[639.46,104.6],[639.42,104.59],[639.42,104.59],[639.42,104.59],[639.42,104.59],[639.42,104.61],[639.41,104.62],[639.38,104.59],[639.39,104.58],[639.37,104.57],[639.39,104.55],[639.37,104.54]]]}},{"type":"Feature","id":"35088-130","properties":{"ridingCode":"35088","pollNumber":"130","pollType":"N","advancePollNumber":"606","sourceCode":"130-0","geometryPollNumbers":["130"],"code":"35088-130","resultPollNumbers":["130"],"resultStatus":"exact","result":{"electors":387,"voters":242,"totalVotes":242,"rejected":0,"turnout":62.532299741602074,"winnerId":"julie-se-guin","winnerPartyId":"CPC","runnerUpId":"giovanna-mingarelli","runnerUpPartyId":"LIB","margin":3.3057851239669422,"top":[{"id":"julie-se-guin","name":"Julie Séguin","shortName":"Séguin","partyId":"CPC","votes":119,"share":49.17355371900827},{"id":"giovanna-mingarelli","name":"Giovanna Mingarelli","shortName":"Mingarelli","partyId":"LIB","votes":111,"share":45.867768595041326},{"id":"ryder-finlay","name":"Ryder Finlay","shortName":"Finlay","partyId":"NDP","votes":5,"share":2.066115702479339},{"id":"deborah-perrier","name":"Deborah Perrier","shortName":"Perrier","partyId":"PPC","votes":4,"share":1.6528925619834711}],"partyVotes":{"LIB":111,"CPC":119,"BQ":0,"NDP":5,"GRN":2,"PPC":4,"OTH":1}}},"geometry":{"type":"Polygon","coordinates":[[[639.15,104.41],[639.31,104.24],[639.37,104.17],[639.37,104.16],[639.41,104.12],[639.43,104.13],[639.48,104.09],[639.56,104.19],[639.58,104.2],[639.66,104.3],[639.6,104.36],[639.45,104.49],[639.43,104.49],[639.38,104.55],[639.37,104.54],[639.39,104.55],[639.37,104.57],[639.39,104.58],[639.38,104.59],[639.41,104.62],[639.42,104.61],[639.42,104.62],[639.4,104.63],[639.39,104.62],[639.38,104.63],[639.36,104.62],[639.33,104.61],[639.27,104.56],[639.28,104.54],[639.15,104.41]]]}},{"type":"Feature","id":"35088-131","properties":{"ridingCode":"35088","pollNumber":"131","pollType":"N","advancePollNumber":"606","sourceCode":"131-0","geometryPollNumbers":["131"],"code":"35088-131","resultPollNumbers":["131"],"resultStatus":"exact","result":{"electors":412,"voters":175,"totalVotes":175,"rejected":0,"turnout":42.4757281553398,"winnerId":"julie-se-guin","winnerPartyId":"CPC","runnerUpId":"giovanna-mingarelli","runnerUpPartyId":"LIB","margin":4,"top":[{"id":"julie-se-guin","name":"Julie Séguin","shortName":"Séguin","partyId":"CPC","votes":89,"share":50.857142857142854},{"id":"giovanna-mingarelli","name":"Giovanna Mingarelli","shortName":"Mingarelli","partyId":"LIB","votes":82,"share":46.85714285714286},{"id":"ryder-finlay","name":"Ryder Finlay","shortName":"Finlay","partyId":"NDP","votes":2,"share":1.1428571428571428},{"id":"deborah-perrier","name":"Deborah Perrier","shortName":"Perrier","partyId":"PPC","votes":1,"share":0.5714285714285714}],"partyVotes":{"LIB":82,"CPC":89,"BQ":0,"NDP":2,"GRN":0,"PPC":1,"OTH":1}}},"geometry":{"type":"Polygon","coordinates":[[[638.23,104.29],[638.23,104.27],[638.22,104.23],[638.23,104.22],[638.25,104.18],[638.28,104.15],[638.35,104.07],[638.37,104.07],[638.4,104.07],[638.42,104.06],[638.49,103.98],[638.53,103.96],[638.63,103.85],[638.82,103.63],[638.81,103.62],[638.81,103.62],[638.81,103.62],[638.83,103.62],[638.83,103.62],[638.84,103.62],[638.84,103.61],[639.07,103.82],[639.41,104.12],[639.37,104.16],[639.37,104.17],[639.31,104.24],[639.15,104.41],[639.28,104.54],[639.25,104.53],[639.15,104.46],[639.02,104.61],[638.98,104.6],[638.75,104.41],[638.65,104.52],[638.62,104.56],[638.62,104.57],[638.58,104.62],[638.3,104.37],[638.29,104.37],[638.27,104.34],[638.27,104.34],[638.27,104.32],[638.27,104.32],[638.23,104.29],[638.23,104.29]]]}},{"type":"Feature","id":"35088-132","properties":{"ridingCode":"35088","pollNumber":"132","pollType":"N","advancePollNumber":"618","sourceCode":"132-0","geometryPollNumbers":["132"],"code":"35088-132","resultPollNumbers":["132"],"resultStatus":"exact","result":{"electors":463,"voters":216,"totalVotes":214,"rejected":2,"turnout":46.652267818574515,"winnerId":"giovanna-mingarelli","winnerPartyId":"LIB","runnerUpId":"julie-se-guin","runnerUpPartyId":"CPC","margin":6.5420560747663545,"top":[{"id":"giovanna-mingarelli","name":"Giovanna Mingarelli","shortName":"Mingarelli","partyId":"LIB","votes":107,"share":50},{"id":"julie-se-guin","name":"Julie Séguin","shortName":"Séguin","partyId":"CPC","votes":93,"share":43.45794392523364},{"id":"ryder-finlay","name":"Ryder Finlay","shortName":"Finlay","partyId":"NDP","votes":5,"share":2.336448598130841},{"id":"deborah-perrier","name":"Deborah Perrier","shortName":"Perrier","partyId":"PPC","votes":4,"share":1.8691588785046727}],"partyVotes":{"LIB":107,"CPC":93,"BQ":0,"NDP":5,"GRN":4,"PPC":4,"OTH":1}}},"geometry":{"type":"Polygon","coordinates":[[[636.35,104.71],[636.19,104.59],[636.2,104.58],[636.38,104.36],[636.43,104.4],[636.58,104.53],[636.63,104.57],[636.69,104.49],[636.8,104.37],[636.82,104.38],[636.83,104.36],[636.93,104.44],[636.73,104.66],[636.85,104.75],[636.77,104.83],[636.65,104.97],[636.35,104.71]]]}},{"type":"Feature","id":"35088-133","properties":{"ridingCode":"35088","pollNumber":"133","pollType":"N","advancePollNumber":"618","sourceCode":"133-0","geometryPollNumbers":["133"],"code":"35088-133","resultPollNumbers":["133"],"resultStatus":"exact","result":{"electors":453,"voters":248,"totalVotes":248,"rejected":0,"turnout":54.746136865342166,"winnerId":"giovanna-mingarelli","winnerPartyId":"LIB","runnerUpId":"julie-se-guin","runnerUpPartyId":"CPC","margin":9.274193548387096,"top":[{"id":"giovanna-mingarelli","name":"Giovanna Mingarelli","shortName":"Mingarelli","partyId":"LIB","votes":129,"share":52.016129032258064},{"id":"julie-se-guin","name":"Julie Séguin","shortName":"Séguin","partyId":"CPC","votes":106,"share":42.74193548387097},{"id":"ryder-finlay","name":"Ryder Finlay","shortName":"Finlay","partyId":"NDP","votes":6,"share":2.4193548387096775},{"id":"deborah-perrier","name":"Deborah Perrier","shortName":"Perrier","partyId":"PPC","votes":3,"share":1.2096774193548387}],"partyVotes":{"LIB":129,"CPC":106,"BQ":0,"NDP":6,"GRN":3,"PPC":3,"OTH":1}}},"geometry":{"type":"Polygon","coordinates":[[[636.28,104.27],[636.38,104.16],[636.38,104.15],[636.38,104.15],[636.47,104.04],[636.51,104.08],[636.52,104.09],[636.56,104.13],[636.56,104.13],[636.75,104.23],[636.72,104.26],[636.72,104.27],[636.74,104.27],[636.8,104.33],[636.82,104.35],[636.8,104.37],[636.69,104.49],[636.63,104.57],[636.58,104.53],[636.43,104.4],[636.38,104.36],[636.34,104.32],[636.33,104.31],[636.28,104.27]]]}},{"type":"Feature","id":"35088-134","properties":{"ridingCode":"35088","pollNumber":"134","pollType":"N","advancePollNumber":"618","sourceCode":"134-0","geometryPollNumbers":["134"],"code":"35088-134","resultPollNumbers":["134"],"resultStatus":"exact","result":{"electors":436,"voters":217,"totalVotes":215,"rejected":2,"turnout":49.77064220183486,"winnerId":"julie-se-guin","winnerPartyId":"CPC","runnerUpId":"giovanna-mingarelli","runnerUpPartyId":"LIB","margin":7.906976744186046,"top":[{"id":"julie-se-guin","name":"Julie Séguin","shortName":"Séguin","partyId":"CPC","votes":112,"share":52.093023255813954},{"id":"giovanna-mingarelli","name":"Giovanna Mingarelli","shortName":"Mingarelli","partyId":"LIB","votes":95,"share":44.18604651162791},{"id":"ryder-finlay","name":"Ryder Finlay","shortName":"Finlay","partyId":"NDP","votes":3,"share":1.3953488372093024},{"id":"thaila-riden","name":"Thaila Riden","shortName":"Riden","partyId":"GRN","votes":3,"share":1.3953488372093024}],"partyVotes":{"LIB":95,"CPC":112,"BQ":0,"NDP":3,"GRN":3,"PPC":2,"OTH":0}}},"geometry":{"type":"Polygon","coordinates":[[[636.8,104.33],[636.81,104.31],[636.82,104.3],[636.83,104.3],[636.83,104.29],[636.85,104.29],[636.84,104.31],[636.85,104.31],[637.02,104.13],[637.06,104.17],[637.09,104.19],[637.13,104.22],[636.93,104.44],[636.83,104.36],[636.82,104.38],[636.8,104.37],[636.82,104.35],[636.8,104.33]],[[636.83,104.34],[636.83,104.34],[636.83,104.34],[636.83,104.34]]]}},{"type":"Feature","id":"35088-135","properties":{"ridingCode":"35088","pollNumber":"135","pollType":"N","advancePollNumber":"618","sourceCode":"135-0","geometryPollNumbers":["135"],"code":"35088-135","resultPollNumbers":["135"],"resultStatus":"exact","result":{"electors":443,"voters":179,"totalVotes":179,"rejected":0,"turnout":40.40632054176072,"winnerId":"giovanna-mingarelli","winnerPartyId":"LIB","runnerUpId":"julie-se-guin","runnerUpPartyId":"CPC","margin":21.22905027932961,"top":[{"id":"giovanna-mingarelli","name":"Giovanna Mingarelli","shortName":"Mingarelli","partyId":"LIB","votes":106,"share":59.217877094972074},{"id":"julie-se-guin","name":"Julie Séguin","shortName":"Séguin","partyId":"CPC","votes":68,"share":37.988826815642454},{"id":"ryder-finlay","name":"Ryder Finlay","shortName":"Finlay","partyId":"NDP","votes":3,"share":1.675977653631285},{"id":"thaila-riden","name":"Thaila Riden","shortName":"Riden","partyId":"GRN","votes":2,"share":1.1173184357541899}],"partyVotes":{"LIB":106,"CPC":68,"BQ":0,"NDP":3,"GRN":2,"PPC":0,"OTH":0}}},"geometry":{"type":"Polygon","coordinates":[[[636.75,104.23],[636.92,104.02],[637.01,103.92],[637.06,103.97],[637.13,104.04],[637.17,104.06],[637.21,104.14],[637.32,104.24],[637.24,104.32],[637.13,104.22],[637.09,104.19],[637.06,104.17],[637.02,104.13],[636.85,104.31],[636.84,104.31],[636.85,104.29],[636.83,104.29],[636.83,104.3],[636.82,104.3],[636.81,104.31],[636.8,104.33],[636.74,104.27],[636.72,104.27],[636.72,104.26],[636.75,104.23]]]}},{"type":"Feature","id":"35088-136","properties":{"ridingCode":"35088","pollNumber":"136","pollType":"N","advancePollNumber":"618","sourceCode":"136-0","geometryPollNumbers":["136"],"code":"35088-136","resultPollNumbers":["136"],"resultStatus":"exact","result":{"electors":407,"voters":176,"totalVotes":176,"rejected":0,"turnout":43.24324324324324,"winnerId":"julie-se-guin","winnerPartyId":"CPC","runnerUpId":"giovanna-mingarelli","runnerUpPartyId":"LIB","margin":14.772727272727273,"top":[{"id":"julie-se-guin","name":"Julie Séguin","shortName":"Séguin","partyId":"CPC","votes":93,"share":52.84090909090909},{"id":"giovanna-mingarelli","name":"Giovanna Mingarelli","shortName":"Mingarelli","partyId":"LIB","votes":67,"share":38.06818181818182},{"id":"ryder-finlay","name":"Ryder Finlay","shortName":"Finlay","partyId":"NDP","votes":8,"share":4.545454545454546},{"id":"thaila-riden","name":"Thaila Riden","shortName":"Riden","partyId":"GRN","votes":5,"share":2.840909090909091}],"partyVotes":{"LIB":67,"CPC":93,"BQ":0,"NDP":8,"GRN":5,"PPC":1,"OTH":2}}},"geometry":{"type":"Polygon","coordinates":[[[636.75,103.9],[636.88,104.01],[636.89,104],[636.92,104.02],[636.75,104.23],[636.56,104.13],[636.56,104.13],[636.75,103.9]]]}},{"type":"Feature","id":"35088-137","properties":{"ridingCode":"35088","pollNumber":"137","pollType":"N","advancePollNumber":"621","sourceCode":"137-0","geometryPollNumbers":["137"],"code":"35088-137","resultPollNumbers":["137"],"resultStatus":"exact","result":{"electors":343,"voters":158,"totalVotes":158,"rejected":0,"turnout":46.06413994169096,"winnerId":"giovanna-mingarelli","winnerPartyId":"LIB","runnerUpId":"julie-se-guin","runnerUpPartyId":"CPC","margin":8.860759493670885,"top":[{"id":"giovanna-mingarelli","name":"Giovanna Mingarelli","shortName":"Mingarelli","partyId":"LIB","votes":81,"share":51.26582278481012},{"id":"julie-se-guin","name":"Julie Séguin","shortName":"Séguin","partyId":"CPC","votes":67,"share":42.405063291139236},{"id":"ryder-finlay","name":"Ryder Finlay","shortName":"Finlay","partyId":"NDP","votes":10,"share":6.329113924050633},{"id":"deborah-perrier","name":"Deborah Perrier","shortName":"Perrier","partyId":"PPC","votes":0,"share":0}],"partyVotes":{"LIB":81,"CPC":67,"BQ":0,"NDP":10,"GRN":0,"PPC":0,"OTH":0}}},"geometry":{"type":"Polygon","coordinates":[[[636.75,103.9],[637.04,103.56],[637.1,103.6],[637.31,103.79],[637.54,103.98],[637.32,104.24],[637.21,104.14],[637.17,104.06],[637.13,104.04],[637.06,103.97],[637.01,103.92],[636.92,104.02],[636.89,104],[636.88,104.01],[636.75,103.9]]]}},{"type":"Feature","id":"35088-138","properties":{"ridingCode":"35088","pollNumber":"138","pollType":"N","advancePollNumber":"617","sourceCode":"138-0","geometryPollNumbers":["138"],"code":"35088-138","resultPollNumbers":["138"],"resultStatus":"exact","result":{"electors":452,"voters":256,"totalVotes":255,"rejected":1,"turnout":56.63716814159292,"winnerId":"giovanna-mingarelli","winnerPartyId":"LIB","runnerUpId":"julie-se-guin","runnerUpPartyId":"CPC","margin":3.1372549019607843,"top":[{"id":"giovanna-mingarelli","name":"Giovanna Mingarelli","shortName":"Mingarelli","partyId":"LIB","votes":124,"share":48.627450980392155},{"id":"julie-se-guin","name":"Julie Séguin","shortName":"Séguin","partyId":"CPC","votes":116,"share":45.490196078431374},{"id":"ryder-finlay","name":"Ryder Finlay","shortName":"Finlay","partyId":"NDP","votes":8,"share":3.1372549019607843},{"id":"deborah-perrier","name":"Deborah Perrier","shortName":"Perrier","partyId":"PPC","votes":5,"share":1.9607843137254901}],"partyVotes":{"LIB":124,"CPC":116,"BQ":0,"NDP":8,"GRN":2,"PPC":5,"OTH":0}}},"geometry":{"type":"Polygon","coordinates":[[[636.04,104.15],[636.15,104.01],[636.26,103.87],[636.31,103.92],[636.33,103.91],[636.33,103.92],[636.42,103.99],[636.43,104.01],[636.47,104.04],[636.38,104.15],[636.38,104.15],[636.38,104.16],[636.28,104.27],[636.33,104.31],[636.34,104.32],[636.38,104.36],[636.2,104.58],[636.1,104.5],[636.02,104.58],[635.86,104.45],[635.82,104.42],[635.9,104.33],[636.04,104.15]]]}},{"type":"Feature","id":"35088-139","properties":{"ridingCode":"35088","pollNumber":"139","pollType":"N","advancePollNumber":"616","sourceCode":"139-0","geometryPollNumbers":["139"],"code":"35088-139","resultPollNumbers":["139"],"resultStatus":"exact","result":{"electors":445,"voters":233,"totalVotes":232,"rejected":1,"turnout":52.359550561797754,"winnerId":"julie-se-guin","winnerPartyId":"CPC","runnerUpId":"giovanna-mingarelli","runnerUpPartyId":"LIB","margin":8.620689655172415,"top":[{"id":"julie-se-guin","name":"Julie Séguin","shortName":"Séguin","partyId":"CPC","votes":118,"share":50.86206896551724},{"id":"giovanna-mingarelli","name":"Giovanna Mingarelli","shortName":"Mingarelli","partyId":"LIB","votes":98,"share":42.241379310344826},{"id":"ryder-finlay","name":"Ryder Finlay","shortName":"Finlay","partyId":"NDP","votes":8,"share":3.4482758620689653},{"id":"deborah-perrier","name":"Deborah Perrier","shortName":"Perrier","partyId":"PPC","votes":4,"share":1.7241379310344827}],"partyVotes":{"LIB":98,"CPC":118,"BQ":0,"NDP":8,"GRN":2,"PPC":4,"OTH":2}}},"geometry":{"type":"Polygon","coordinates":[[[635.5,103.98],[635.68,103.76],[635.69,103.76],[635.78,103.85],[635.89,103.94],[636.07,103.73],[636.1,103.73],[636.12,103.75],[636.13,103.76],[636.17,103.79],[636.26,103.87],[636.15,104.01],[636.04,104.15],[635.9,104.33],[635.8,104.24],[635.76,104.2],[635.74,104.2],[635.65,104.13],[635.64,104.11],[635.55,104.04],[635.55,104.02],[635.5,103.98]],[[636.06,104.08],[636.06,104.08],[636.06,104.08],[636.06,104.08]]]}},{"type":"Feature","id":"35088-140","properties":{"ridingCode":"35088","pollNumber":"140","pollType":"N","advancePollNumber":"620","sourceCode":"140-0","geometryPollNumbers":["140"],"code":"35088-140","resultPollNumbers":["140"],"resultStatus":"exact","result":{"electors":440,"voters":170,"totalVotes":170,"rejected":0,"turnout":38.63636363636363,"winnerId":"julie-se-guin","winnerPartyId":"CPC","runnerUpId":"giovanna-mingarelli","runnerUpPartyId":"LIB","margin":2.3529411764705883,"top":[{"id":"julie-se-guin","name":"Julie Séguin","shortName":"Séguin","partyId":"CPC","votes":81,"share":47.647058823529406},{"id":"giovanna-mingarelli","name":"Giovanna Mingarelli","shortName":"Mingarelli","partyId":"LIB","votes":77,"share":45.294117647058826},{"id":"thaila-riden","name":"Thaila Riden","shortName":"Riden","partyId":"GRN","votes":6,"share":3.5294117647058822},{"id":"ryder-finlay","name":"Ryder Finlay","shortName":"Finlay","partyId":"NDP","votes":3,"share":1.7647058823529411}],"partyVotes":{"LIB":77,"CPC":81,"BQ":0,"NDP":3,"GRN":6,"PPC":3,"OTH":0}}},"geometry":{"type":"Polygon","coordinates":[[[637.91,104.29],[637.74,104.15],[637.72,104.14],[637.71,104.14],[637.71,104.14],[637.72,104.13],[637.73,104.13],[637.74,104.12],[637.87,103.97],[638.01,103.94],[638,103.93],[638.01,103.92],[638.02,103.93],[638.03,103.94],[638.04,103.94],[638.05,103.93],[638.04,103.92],[638.05,103.91],[638.03,103.85],[638.02,103.82],[637.97,103.74],[637.96,103.72],[637.96,103.68],[637.95,103.65],[637.95,103.63],[637.97,103.6],[637.97,103.57],[637.96,103.56],[637.95,103.52],[637.9,103.48],[637.88,103.46],[637.83,103.45],[637.82,103.45],[637.8,103.44],[637.79,103.42],[637.79,103.41],[637.8,103.4],[637.81,103.39],[637.82,103.38],[637.84,103.38],[637.88,103.38],[637.93,103.38],[637.96,103.38],[637.97,103.39],[637.99,103.39],[638.01,103.42],[638.06,103.46],[638.1,103.5],[638.14,103.51],[638.18,103.51],[638.21,103.51],[638.21,103.51],[638.23,103.52],[638.24,103.52],[638.25,103.52],[638.26,103.53],[638.25,103.53],[638.24,103.54],[638.22,103.52],[638.12,103.63],[638.25,103.74],[638.24,103.8],[638.19,103.86],[638.18,103.89],[638.1,103.97],[638.1,103.99],[638.28,104.15],[638.25,104.18],[638.23,104.22],[638.22,104.23],[638.23,104.27],[638.23,104.29],[638.21,104.31],[638.19,104.33],[638.11,104.42],[638.1,104.43],[638.09,104.43],[638.07,104.43],[638.07,104.42],[638,104.37],[637.96,104.33],[637.93,104.31],[637.91,104.29]]]}},{"type":"Feature","id":"35088-141","properties":{"ridingCode":"35088","pollNumber":"141","pollType":"N","advancePollNumber":"620","sourceCode":"141-0","geometryPollNumbers":["141"],"code":"35088-141","resultPollNumbers":["141"],"resultStatus":"exact","result":{"electors":399,"voters":152,"totalVotes":152,"rejected":0,"turnout":38.095238095238095,"winnerId":"giovanna-mingarelli","winnerPartyId":"LIB","runnerUpId":"julie-se-guin","runnerUpPartyId":"CPC","margin":2.631578947368421,"top":[{"id":"giovanna-mingarelli","name":"Giovanna Mingarelli","shortName":"Mingarelli","partyId":"LIB","votes":75,"share":49.34210526315789},{"id":"julie-se-guin","name":"Julie Séguin","shortName":"Séguin","partyId":"CPC","votes":71,"share":46.71052631578947},{"id":"ryder-finlay","name":"Ryder Finlay","shortName":"Finlay","partyId":"NDP","votes":4,"share":2.631578947368421},{"id":"deborah-perrier","name":"Deborah Perrier","shortName":"Perrier","partyId":"PPC","votes":2,"share":1.3157894736842104}],"partyVotes":{"LIB":75,"CPC":71,"BQ":0,"NDP":4,"GRN":0,"PPC":2,"OTH":0}}},"geometry":{"type":"Polygon","coordinates":[[[638.18,103.89],[638.19,103.86],[638.24,103.8],[638.25,103.74],[638.12,103.63],[638.22,103.52],[638.24,103.54],[638.25,103.53],[638.26,103.53],[638.31,103.57],[638.31,103.57],[638.41,103.45],[638.38,103.43],[638.42,103.39],[638.5,103.37],[638.56,103.4],[638.62,103.45],[638.73,103.55],[638.81,103.62],[638.82,103.63],[638.63,103.85],[638.53,103.96],[638.49,103.98],[638.42,104.06],[638.4,104.07],[638.37,104.07],[638.35,104.07],[638.28,104.15],[638.1,103.99],[638.1,103.97],[638.18,103.89]]]}},{"type":"Feature","id":"35088-142","properties":{"ridingCode":"35088","pollNumber":"142","pollType":"N","advancePollNumber":"620","sourceCode":"142-0","geometryPollNumbers":["142"],"code":"35088-142","resultPollNumbers":["142"],"resultStatus":"exact","result":{"electors":499,"voters":138,"totalVotes":138,"rejected":0,"turnout":27.655310621242485,"winnerId":"julie-se-guin","winnerPartyId":"CPC","runnerUpId":"giovanna-mingarelli","runnerUpPartyId":"LIB","margin":10.869565217391305,"top":[{"id":"julie-se-guin","name":"Julie Séguin","shortName":"Séguin","partyId":"CPC","votes":69,"share":50},{"id":"giovanna-mingarelli","name":"Giovanna Mingarelli","shortName":"Mingarelli","partyId":"LIB","votes":54,"share":39.130434782608695},{"id":"ryder-finlay","name":"Ryder Finlay","shortName":"Finlay","partyId":"NDP","votes":9,"share":6.521739130434782},{"id":"thaila-riden","name":"Thaila Riden","shortName":"Riden","partyId":"GRN","votes":5,"share":3.6231884057971016}],"partyVotes":{"LIB":54,"CPC":69,"BQ":0,"NDP":9,"GRN":5,"PPC":0,"OTH":1}}},"geometry":{"type":"Polygon","coordinates":[[[638.26,103.53],[638.25,103.52],[638.24,103.52],[638.26,103.51],[638.28,103.48],[638.29,103.46],[638.3,103.45],[638.3,103.44],[638.29,103.43],[638.28,103.41],[638.3,103.41],[638.3,103.4],[638.31,103.41],[638.32,103.4],[638.32,103.4],[638.32,103.4],[638.33,103.4],[638.34,103.4],[638.34,103.41],[638.34,103.41],[638.34,103.41],[638.34,103.41],[638.34,103.42],[638.34,103.42],[638.35,103.42],[638.34,103.44],[638.31,103.57],[638.26,103.53]],[[638.31,103.42],[638.3,103.42],[638.3,103.42],[638.31,103.42]],[[638.32,103.44],[638.32,103.44],[638.32,103.44],[638.32,103.44]],[[638.33,103.43],[638.33,103.43],[638.33,103.43],[638.33,103.43]]]}},{"type":"Feature","id":"35088-143","properties":{"ridingCode":"35088","pollNumber":"143","pollType":"N","advancePollNumber":"620","sourceCode":"143-0","geometryPollNumbers":["143"],"code":"35088-143","resultPollNumbers":["143"],"resultStatus":"exact","result":{"electors":492,"voters":181,"totalVotes":181,"rejected":0,"turnout":36.78861788617886,"winnerId":"giovanna-mingarelli","winnerPartyId":"LIB","runnerUpId":"julie-se-guin","runnerUpPartyId":"CPC","margin":11.602209944751381,"top":[{"id":"giovanna-mingarelli","name":"Giovanna Mingarelli","shortName":"Mingarelli","partyId":"LIB","votes":92,"share":50.82872928176796},{"id":"julie-se-guin","name":"Julie Séguin","shortName":"Séguin","partyId":"CPC","votes":71,"share":39.226519337016576},{"id":"ryder-finlay","name":"Ryder Finlay","shortName":"Finlay","partyId":"NDP","votes":9,"share":4.972375690607735},{"id":"thaila-riden","name":"Thaila Riden","shortName":"Riden","partyId":"GRN","votes":6,"share":3.314917127071823}],"partyVotes":{"LIB":92,"CPC":71,"BQ":0,"NDP":9,"GRN":6,"PPC":3,"OTH":0}}},"geometry":{"type":"Polygon","coordinates":[[[638.3,103.37],[638.31,103.37],[638.31,103.38],[638.33,103.39],[638.34,103.38],[638.35,103.4],[638.38,103.43],[638.41,103.45],[638.31,103.57],[638.31,103.57],[638.34,103.44],[638.35,103.42],[638.34,103.42],[638.34,103.42],[638.34,103.41],[638.34,103.41],[638.34,103.41],[638.34,103.41],[638.34,103.4],[638.33,103.4],[638.32,103.4],[638.32,103.4],[638.31,103.39],[638.3,103.39],[638.3,103.39],[638.3,103.39],[638.31,103.38],[638.3,103.37]]]}},{"type":"Feature","id":"35088-144","properties":{"ridingCode":"35088","pollNumber":"144","pollType":"N","advancePollNumber":"620","sourceCode":"144-0","geometryPollNumbers":["144"],"code":"35088-144","resultPollNumbers":["144"],"resultStatus":"exact","result":{"electors":331,"voters":119,"totalVotes":119,"rejected":0,"turnout":35.95166163141994,"winnerId":"giovanna-mingarelli","winnerPartyId":"LIB","runnerUpId":"julie-se-guin","runnerUpPartyId":"CPC","margin":9.243697478991598,"top":[{"id":"giovanna-mingarelli","name":"Giovanna Mingarelli","shortName":"Mingarelli","partyId":"LIB","votes":60,"share":50.42016806722689},{"id":"julie-se-guin","name":"Julie Séguin","shortName":"Séguin","partyId":"CPC","votes":49,"share":41.17647058823529},{"id":"ryder-finlay","name":"Ryder Finlay","shortName":"Finlay","partyId":"NDP","votes":7,"share":5.88235294117647},{"id":"deborah-perrier","name":"Deborah Perrier","shortName":"Perrier","partyId":"PPC","votes":2,"share":1.680672268907563}],"partyVotes":{"LIB":60,"CPC":49,"BQ":0,"NDP":7,"GRN":1,"PPC":2,"OTH":0}}},"geometry":{"type":"Polygon","coordinates":[[[637.96,103.35],[638.09,103.39],[638.15,103.44],[638.16,103.43],[638.17,103.44],[638.18,103.42],[638.19,103.42],[638.19,103.42],[638.21,103.43],[638.21,103.45],[638.22,103.45],[638.23,103.43],[638.24,103.44],[638.24,103.45],[638.3,103.44],[638.3,103.45],[638.29,103.46],[638.28,103.48],[638.26,103.51],[638.24,103.52],[638.25,103.52],[638.24,103.52],[638.23,103.52],[638.21,103.51],[638.21,103.51],[638.18,103.51],[638.14,103.51],[638.1,103.5],[638.06,103.46],[638.01,103.42],[637.99,103.39],[637.97,103.39],[637.96,103.38],[637.93,103.38],[637.88,103.38],[637.84,103.38],[637.82,103.38],[637.81,103.38],[637.82,103.37],[637.86,103.37],[637.89,103.34],[637.96,103.35]]]}},{"type":"Feature","id":"35088-145","properties":{"ridingCode":"35088","pollNumber":"145","pollType":"N","advancePollNumber":"620","sourceCode":"145-0","geometryPollNumbers":["145"],"code":"35088-145","resultPollNumbers":["145"],"resultStatus":"exact","result":{"electors":583,"voters":215,"totalVotes":215,"rejected":0,"turnout":36.87821612349914,"winnerId":"giovanna-mingarelli","winnerPartyId":"LIB","runnerUpId":"julie-se-guin","runnerUpPartyId":"CPC","margin":13.023255813953488,"top":[{"id":"giovanna-mingarelli","name":"Giovanna Mingarelli","shortName":"Mingarelli","partyId":"LIB","votes":115,"share":53.48837209302325},{"id":"julie-se-guin","name":"Julie Séguin","shortName":"Séguin","partyId":"CPC","votes":87,"share":40.46511627906977},{"id":"ryder-finlay","name":"Ryder Finlay","shortName":"Finlay","partyId":"NDP","votes":8,"share":3.7209302325581395},{"id":"deborah-perrier","name":"Deborah Perrier","shortName":"Perrier","partyId":"PPC","votes":2,"share":0.9302325581395349}],"partyVotes":{"LIB":115,"CPC":87,"BQ":0,"NDP":8,"GRN":2,"PPC":2,"OTH":1}}},"geometry":{"type":"Polygon","coordinates":[[[638.23,103.43],[638.22,103.45],[638.21,103.45],[638.21,103.43],[638.19,103.42],[638.19,103.42],[638.18,103.42],[638.17,103.44],[638.16,103.43],[638.26,103.32],[638.27,103.32],[638.27,103.37],[638.27,103.39],[638.28,103.41],[638.29,103.43],[638.3,103.44],[638.24,103.45],[638.24,103.44],[638.23,103.43]]]}},{"type":"Feature","id":"35088-146","properties":{"ridingCode":"35088","pollNumber":"146","pollType":"N","advancePollNumber":"620","sourceCode":"146-0","geometryPollNumbers":["146"],"code":"35088-146","resultPollNumbers":["146"],"resultStatus":"exact","result":{"electors":400,"voters":108,"totalVotes":107,"rejected":1,"turnout":27,"winnerId":"giovanna-mingarelli","winnerPartyId":"LIB","runnerUpId":"julie-se-guin","runnerUpPartyId":"CPC","margin":22.429906542056074,"top":[{"id":"giovanna-mingarelli","name":"Giovanna Mingarelli","shortName":"Mingarelli","partyId":"LIB","votes":63,"share":58.87850467289719},{"id":"julie-se-guin","name":"Julie Séguin","shortName":"Séguin","partyId":"CPC","votes":39,"share":36.44859813084112},{"id":"ryder-finlay","name":"Ryder Finlay","shortName":"Finlay","partyId":"NDP","votes":2,"share":1.8691588785046727},{"id":"deborah-perrier","name":"Deborah Perrier","shortName":"Perrier","partyId":"PPC","votes":2,"share":1.8691588785046727}],"partyVotes":{"LIB":63,"CPC":39,"BQ":0,"NDP":2,"GRN":0,"PPC":2,"OTH":1}}},"geometry":{"type":"Polygon","coordinates":[[[638.27,103.33],[638.32,103.37],[638.32,103.37],[638.31,103.38],[638.31,103.37],[638.3,103.37],[638.31,103.38],[638.3,103.39],[638.3,103.39],[638.3,103.39],[638.31,103.39],[638.32,103.4],[638.32,103.4],[638.31,103.41],[638.3,103.4],[638.3,103.41],[638.28,103.41],[638.27,103.39],[638.27,103.37],[638.27,103.32],[638.27,103.33]]]}},{"type":"Feature","id":"35088-147","properties":{"ridingCode":"35088","pollNumber":"147","pollType":"N","advancePollNumber":"616","sourceCode":"147-0","geometryPollNumbers":["147"],"code":"35088-147","resultPollNumbers":["147"],"resultStatus":"exact","result":{"electors":400,"voters":238,"totalVotes":238,"rejected":0,"turnout":59.5,"winnerId":"giovanna-mingarelli","winnerPartyId":"LIB","runnerUpId":"julie-se-guin","runnerUpPartyId":"CPC","margin":10.92436974789916,"top":[{"id":"giovanna-mingarelli","name":"Giovanna Mingarelli","shortName":"Mingarelli","partyId":"LIB","votes":127,"share":53.36134453781513},{"id":"julie-se-guin","name":"Julie Séguin","shortName":"Séguin","partyId":"CPC","votes":101,"share":42.436974789915965},{"id":"ryder-finlay","name":"Ryder Finlay","shortName":"Finlay","partyId":"NDP","votes":8,"share":3.361344537815126},{"id":"thaila-riden","name":"Thaila Riden","shortName":"Riden","partyId":"GRN","votes":1,"share":0.42016806722689076}],"partyVotes":{"LIB":127,"CPC":101,"BQ":0,"NDP":8,"GRN":1,"PPC":0,"OTH":1}}},"geometry":{"type":"Polygon","coordinates":[[[635.5,103.98],[635.48,104.01],[635.38,103.92],[635.53,103.74],[635.46,103.68],[635.47,103.67],[635.47,103.66],[635.48,103.65],[635.5,103.66],[635.5,103.66],[635.5,103.65],[635.49,103.64],[635.49,103.63],[635.52,103.65],[635.54,103.67],[635.55,103.65],[635.55,103.66],[635.56,103.67],[635.58,103.68],[635.54,103.73],[635.56,103.74],[635.56,103.74],[635.59,103.73],[635.6,103.71],[635.61,103.72],[635.68,103.75],[635.68,103.76],[635.5,103.98]]]}},{"type":"Feature","id":"35088-148","properties":{"ridingCode":"35088","pollNumber":"148","pollType":"N","advancePollNumber":"616","sourceCode":"148-0","geometryPollNumbers":["148"],"code":"35088-148","resultPollNumbers":["148"],"resultStatus":"exact","result":{"electors":464,"voters":234,"totalVotes":234,"rejected":0,"turnout":50.43103448275862,"winnerId":"giovanna-mingarelli","winnerPartyId":"LIB","runnerUpId":"julie-se-guin","runnerUpPartyId":"CPC","margin":0.8547008547008548,"top":[{"id":"giovanna-mingarelli","name":"Giovanna Mingarelli","shortName":"Mingarelli","partyId":"LIB","votes":115,"share":49.14529914529914},{"id":"julie-se-guin","name":"Julie Séguin","shortName":"Séguin","partyId":"CPC","votes":113,"share":48.29059829059829},{"id":"ryder-finlay","name":"Ryder Finlay","shortName":"Finlay","partyId":"NDP","votes":4,"share":1.7094017094017095},{"id":"jason-st-louis","name":"Jason St-Louis","shortName":"St-Louis","partyId":"OTH","votes":2,"share":0.8547008547008548}],"partyVotes":{"LIB":115,"CPC":113,"BQ":0,"NDP":4,"GRN":0,"PPC":0,"OTH":2}}},"geometry":{"type":"Polygon","coordinates":[[[635.19,103.73],[635.32,103.57],[635.38,103.5],[635.42,103.54],[635.43,103.55],[635.48,103.59],[635.53,103.63],[635.52,103.64],[635.52,103.65],[635.49,103.63],[635.49,103.64],[635.5,103.65],[635.5,103.66],[635.5,103.66],[635.48,103.65],[635.47,103.66],[635.47,103.67],[635.46,103.68],[635.53,103.74],[635.38,103.92],[635.33,103.88],[635.33,103.88],[635.34,103.86],[635.34,103.86],[635.29,103.82],[635.19,103.73]]]}},{"type":"Feature","id":"35088-149","properties":{"ridingCode":"35088","pollNumber":"149","pollType":"N","advancePollNumber":"616","sourceCode":"149-0","geometryPollNumbers":["149"],"code":"35088-149","resultPollNumbers":["149"],"resultStatus":"exact","result":{"electors":407,"voters":267,"totalVotes":267,"rejected":0,"turnout":65.6019656019656,"winnerId":"giovanna-mingarelli","winnerPartyId":"LIB","runnerUpId":"julie-se-guin","runnerUpPartyId":"CPC","margin":23.220973782771537,"top":[{"id":"giovanna-mingarelli","name":"Giovanna Mingarelli","shortName":"Mingarelli","partyId":"LIB","votes":158,"share":59.176029962546814},{"id":"julie-se-guin","name":"Julie Séguin","shortName":"Séguin","partyId":"CPC","votes":96,"share":35.95505617977528},{"id":"ryder-finlay","name":"Ryder Finlay","shortName":"Finlay","partyId":"NDP","votes":7,"share":2.6217228464419478},{"id":"deborah-perrier","name":"Deborah Perrier","shortName":"Perrier","partyId":"PPC","votes":4,"share":1.4981273408239701}],"partyVotes":{"LIB":158,"CPC":96,"BQ":0,"NDP":7,"GRN":2,"PPC":4,"OTH":0}}},"geometry":{"type":"Polygon","coordinates":[[[635.56,103.74],[635.56,103.74],[635.54,103.73],[635.58,103.68],[635.61,103.65],[635.62,103.65],[635.62,103.65],[635.64,103.65],[635.67,103.66],[635.66,103.68],[635.66,103.68],[635.65,103.69],[635.64,103.71],[635.63,103.71],[635.62,103.71],[635.61,103.72],[635.6,103.71],[635.59,103.73],[635.56,103.74]]]}},{"type":"Feature","id":"35088-150","properties":{"ridingCode":"35088","pollNumber":"150","pollType":"N","advancePollNumber":"616","sourceCode":"150-0","geometryPollNumbers":["150"],"code":"35088-150","resultPollNumbers":["150"],"resultStatus":"exact","result":{"electors":430,"voters":227,"totalVotes":227,"rejected":0,"turnout":52.79069767441861,"winnerId":"giovanna-mingarelli","winnerPartyId":"LIB","runnerUpId":"julie-se-guin","runnerUpPartyId":"CPC","margin":1.762114537444934,"top":[{"id":"giovanna-mingarelli","name":"Giovanna Mingarelli","shortName":"Mingarelli","partyId":"LIB","votes":111,"share":48.89867841409692},{"id":"julie-se-guin","name":"Julie Séguin","shortName":"Séguin","partyId":"CPC","votes":107,"share":47.136563876651984},{"id":"deborah-perrier","name":"Deborah Perrier","shortName":"Perrier","partyId":"PPC","votes":3,"share":1.3215859030837005},{"id":"jason-st-louis","name":"Jason St-Louis","shortName":"St-Louis","partyId":"OTH","votes":3,"share":1.3215859030837005}],"partyVotes":{"LIB":111,"CPC":107,"BQ":0,"NDP":2,"GRN":1,"PPC":3,"OTH":3}}},"geometry":{"type":"Polygon","coordinates":[[[635.48,103.59],[635.43,103.55],[635.42,103.54],[635.38,103.5],[635.63,103.19],[635.7,103.11],[635.83,103.13],[635.85,103.13],[635.66,103.36],[635.72,103.4],[635.71,103.41],[635.71,103.42],[635.76,103.46],[635.74,103.48],[635.79,103.52],[635.8,103.54],[635.84,103.58],[635.8,103.62],[635.84,103.65],[635.86,103.66],[635.9,103.68],[635.92,103.69],[635.78,103.85],[635.69,103.76],[635.68,103.76],[635.68,103.75],[635.61,103.72],[635.62,103.71],[635.63,103.71],[635.64,103.71],[635.65,103.69],[635.66,103.68],[635.66,103.68],[635.67,103.66],[635.64,103.65],[635.62,103.65],[635.62,103.65],[635.61,103.65],[635.58,103.68],[635.56,103.67],[635.55,103.66],[635.55,103.65],[635.54,103.67],[635.52,103.65],[635.52,103.64],[635.53,103.63],[635.48,103.59]]]}},{"type":"Feature","id":"35088-151","properties":{"ridingCode":"35088","pollNumber":"151","pollType":"N","advancePollNumber":"621","sourceCode":"151-0","geometryPollNumbers":["151"],"code":"35088-151","resultPollNumbers":["151"],"resultStatus":"exact","result":{"electors":325,"voters":165,"totalVotes":165,"rejected":0,"turnout":50.76923076923077,"winnerId":"giovanna-mingarelli","winnerPartyId":"LIB","runnerUpId":"julie-se-guin","runnerUpPartyId":"CPC","margin":0.6060606060606061,"top":[{"id":"giovanna-mingarelli","name":"Giovanna Mingarelli","shortName":"Mingarelli","partyId":"LIB","votes":77,"share":46.666666666666664},{"id":"julie-se-guin","name":"Julie Séguin","shortName":"Séguin","partyId":"CPC","votes":76,"share":46.06060606060606},{"id":"deborah-perrier","name":"Deborah Perrier","shortName":"Perrier","partyId":"PPC","votes":6,"share":3.6363636363636362},{"id":"ryder-finlay","name":"Ryder Finlay","shortName":"Finlay","partyId":"NDP","votes":5,"share":3.0303030303030303}],"partyVotes":{"LIB":77,"CPC":76,"BQ":0,"NDP":5,"GRN":1,"PPC":6,"OTH":0}}},"geometry":{"type":"Polygon","coordinates":[[[637.11,103.26],[637.19,103.26],[637.35,103.4],[637.45,103.29],[637.46,103.3],[637.46,103.29],[637.64,103.44],[637.85,103.6],[637.95,103.68],[637.96,103.68],[637.96,103.72],[637.97,103.74],[638.02,103.82],[638.03,103.85],[638.05,103.91],[638.04,103.92],[638.05,103.93],[638.04,103.94],[638.03,103.94],[638.02,103.93],[638.01,103.92],[638,103.93],[638.01,103.94],[637.87,103.97],[637.74,104.12],[637.73,104.13],[637.72,104.13],[637.54,103.98],[637.31,103.79],[637.1,103.6],[637.21,103.47],[637.15,103.43],[637.12,103.31],[637.1,103.3],[637.11,103.28],[637.1,103.27],[637.1,103.26],[637.11,103.26]]]}},{"type":"Feature","id":"35088-152","properties":{"ridingCode":"35088","pollNumber":"152","pollType":"N","advancePollNumber":"621","sourceCode":"152-0","geometryPollNumbers":["152"],"code":"35088-152","resultPollNumbers":["152"],"resultStatus":"exact","result":{"electors":581,"voters":313,"totalVotes":313,"rejected":0,"turnout":53.87263339070568,"winnerId":"giovanna-mingarelli","winnerPartyId":"LIB","runnerUpId":"julie-se-guin","runnerUpPartyId":"CPC","margin":7.987220447284344,"top":[{"id":"giovanna-mingarelli","name":"Giovanna Mingarelli","shortName":"Mingarelli","partyId":"LIB","votes":162,"share":51.75718849840255},{"id":"julie-se-guin","name":"Julie Séguin","shortName":"Séguin","partyId":"CPC","votes":137,"share":43.76996805111821},{"id":"deborah-perrier","name":"Deborah Perrier","shortName":"Perrier","partyId":"PPC","votes":6,"share":1.9169329073482428},{"id":"thaila-riden","name":"Thaila Riden","shortName":"Riden","partyId":"GRN","votes":5,"share":1.5974440894568689}],"partyVotes":{"LIB":162,"CPC":137,"BQ":0,"NDP":3,"GRN":5,"PPC":6,"OTH":0}}},"geometry":{"type":"Polygon","coordinates":[[[637.06,103.34],[637.03,103.32],[637.04,103.3],[637.03,103.29],[637.04,103.28],[637.05,103.29],[637.06,103.28],[637.06,103.28],[637.05,103.27],[637.06,103.26],[637.06,103.27],[637.08,103.28],[637.07,103.29],[637.09,103.3],[637.08,103.32],[637.1,103.33],[637.09,103.34],[637.08,103.32],[637.07,103.33],[637.06,103.34]]]}},{"type":"Feature","id":"35088-153","properties":{"ridingCode":"35088","pollNumber":"153","pollType":"N","advancePollNumber":"621","sourceCode":"153-0","geometryPollNumbers":["153"],"code":"35088-153","resultPollNumbers":["153"],"resultStatus":"exact","result":{"electors":598,"voters":338,"totalVotes":337,"rejected":1,"turnout":56.52173913043478,"winnerId":"julie-se-guin","winnerPartyId":"CPC","runnerUpId":"giovanna-mingarelli","runnerUpPartyId":"LIB","margin":0.8902077151335311,"top":[{"id":"julie-se-guin","name":"Julie Séguin","shortName":"Séguin","partyId":"CPC","votes":160,"share":47.47774480712167},{"id":"giovanna-mingarelli","name":"Giovanna Mingarelli","shortName":"Mingarelli","partyId":"LIB","votes":157,"share":46.58753709198813},{"id":"ryder-finlay","name":"Ryder Finlay","shortName":"Finlay","partyId":"NDP","votes":12,"share":3.5608308605341246},{"id":"deborah-perrier","name":"Deborah Perrier","shortName":"Perrier","partyId":"PPC","votes":4,"share":1.1869436201780417}],"partyVotes":{"LIB":157,"CPC":160,"BQ":0,"NDP":12,"GRN":3,"PPC":4,"OTH":1}}},"geometry":{"type":"Polygon","coordinates":[[[637.06,103.26],[637.11,103.2],[637.11,103.24],[637.16,103.24],[637.18,103.25],[637.18,103.25],[637.19,103.26],[637.18,103.26],[637.19,103.26],[637.11,103.26],[637.1,103.26],[637.1,103.27],[637.11,103.28],[637.1,103.3],[637.09,103.3],[637.07,103.29],[637.08,103.28],[637.06,103.27],[637.06,103.26]],[[637.09,103.26],[637.09,103.26],[637.09,103.26],[637.09,103.26]]]}},{"type":"Feature","id":"35088-154","properties":{"ridingCode":"35088","pollNumber":"154","pollType":"N","advancePollNumber":"621","sourceCode":"154-0","geometryPollNumbers":["154"],"code":"35088-154","resultPollNumbers":["154"],"resultStatus":"exact","result":{"electors":615,"voters":328,"totalVotes":326,"rejected":2,"turnout":53.333333333333336,"winnerId":"julie-se-guin","winnerPartyId":"CPC","runnerUpId":"giovanna-mingarelli","runnerUpPartyId":"LIB","margin":1.8404907975460123,"top":[{"id":"julie-se-guin","name":"Julie Séguin","shortName":"Séguin","partyId":"CPC","votes":152,"share":46.62576687116564},{"id":"giovanna-mingarelli","name":"Giovanna Mingarelli","shortName":"Mingarelli","partyId":"LIB","votes":146,"share":44.785276073619634},{"id":"ryder-finlay","name":"Ryder Finlay","shortName":"Finlay","partyId":"NDP","votes":15,"share":4.601226993865031},{"id":"deborah-perrier","name":"Deborah Perrier","shortName":"Perrier","partyId":"PPC","votes":7,"share":2.147239263803681}],"partyVotes":{"LIB":146,"CPC":152,"BQ":0,"NDP":15,"GRN":1,"PPC":7,"OTH":5}}},"geometry":{"type":"Polygon","coordinates":[[[637.11,103.24],[637.11,103.2],[637.14,103.17],[637.14,103.17],[637.14,103.16],[637.16,103.15],[637.19,103.18],[637.17,103.2],[637.18,103.21],[637.2,103.21],[637.21,103.22],[637.2,103.22],[637.2,103.22],[637.15,103.22],[637.15,103.23],[637.16,103.24],[637.11,103.24]]]}},{"type":"Feature","id":"35088-155","properties":{"ridingCode":"35088","pollNumber":"155","pollType":"N","advancePollNumber":"617","sourceCode":"155-0","geometryPollNumbers":["155"],"code":"35088-155","resultPollNumbers":["155"],"resultStatus":"exact","result":{"electors":401,"voters":187,"totalVotes":186,"rejected":1,"turnout":46.633416458852864,"winnerId":"giovanna-mingarelli","winnerPartyId":"LIB","runnerUpId":"julie-se-guin","runnerUpPartyId":"CPC","margin":0.5376344086021506,"top":[{"id":"giovanna-mingarelli","name":"Giovanna Mingarelli","shortName":"Mingarelli","partyId":"LIB","votes":89,"share":47.8494623655914},{"id":"julie-se-guin","name":"Julie Séguin","shortName":"Séguin","partyId":"CPC","votes":88,"share":47.31182795698925},{"id":"ryder-finlay","name":"Ryder Finlay","shortName":"Finlay","partyId":"NDP","votes":6,"share":3.225806451612903},{"id":"deborah-perrier","name":"Deborah Perrier","shortName":"Perrier","partyId":"PPC","votes":1,"share":0.5376344086021506}],"partyVotes":{"LIB":89,"CPC":88,"BQ":0,"NDP":6,"GRN":1,"PPC":1,"OTH":1}}},"geometry":{"type":"Polygon","coordinates":[[[636.26,103.87],[636.17,103.79],[636.36,103.56],[636.45,103.65],[636.57,103.73],[636.65,103.81],[636.67,103.8],[636.85,103.59],[636.81,103.55],[636.81,103.54],[636.77,103.5],[636.87,103.38],[636.91,103.42],[636.91,103.42],[636.91,103.43],[636.92,103.45],[637.04,103.56],[636.75,103.9],[636.56,104.13],[636.52,104.09],[636.51,104.08],[636.47,104.04],[636.43,104.01],[636.42,103.99],[636.33,103.92],[636.33,103.91],[636.31,103.92],[636.26,103.87]]]}},{"type":"Feature","id":"35088-156","properties":{"ridingCode":"35088","pollNumber":"156","pollType":"N","advancePollNumber":"617","sourceCode":"156-0","geometryPollNumbers":["156"],"code":"35088-156","resultPollNumbers":["156"],"resultStatus":"exact","result":{"electors":396,"voters":152,"totalVotes":148,"rejected":4,"turnout":38.38383838383838,"winnerId":"julie-se-guin","winnerPartyId":"CPC","runnerUpId":"giovanna-mingarelli","runnerUpPartyId":"LIB","margin":6.081081081081082,"top":[{"id":"julie-se-guin","name":"Julie Séguin","shortName":"Séguin","partyId":"CPC","votes":75,"share":50.67567567567568},{"id":"giovanna-mingarelli","name":"Giovanna Mingarelli","shortName":"Mingarelli","partyId":"LIB","votes":66,"share":44.5945945945946},{"id":"ryder-finlay","name":"Ryder Finlay","shortName":"Finlay","partyId":"NDP","votes":4,"share":2.7027027027027026},{"id":"deborah-perrier","name":"Deborah Perrier","shortName":"Perrier","partyId":"PPC","votes":2,"share":1.3513513513513513}],"partyVotes":{"LIB":66,"CPC":75,"BQ":0,"NDP":4,"GRN":0,"PPC":2,"OTH":1}}},"geometry":{"type":"Polygon","coordinates":[[[635.92,103.69],[636.16,103.4],[636.21,103.44],[636.23,103.45],[636.36,103.56],[636.17,103.79],[636.13,103.76],[636.12,103.75],[636.1,103.73],[636.07,103.73],[635.89,103.94],[635.78,103.85],[635.92,103.69]]]}},{"type":"Feature","id":"35088-157","properties":{"ridingCode":"35088","pollNumber":"157","pollType":"N","advancePollNumber":"617","sourceCode":"157-0","geometryPollNumbers":["157"],"code":"35088-157","resultPollNumbers":["157"],"resultStatus":"exact","result":{"electors":440,"voters":191,"totalVotes":191,"rejected":0,"turnout":43.40909090909091,"winnerId":"giovanna-mingarelli","winnerPartyId":"LIB","runnerUpId":"julie-se-guin","runnerUpPartyId":"CPC","margin":7.329842931937172,"top":[{"id":"giovanna-mingarelli","name":"Giovanna Mingarelli","shortName":"Mingarelli","partyId":"LIB","votes":99,"share":51.832460732984295},{"id":"julie-se-guin","name":"Julie Séguin","shortName":"Séguin","partyId":"CPC","votes":85,"share":44.50261780104712},{"id":"ryder-finlay","name":"Ryder Finlay","shortName":"Finlay","partyId":"NDP","votes":6,"share":3.1413612565445024},{"id":"deborah-perrier","name":"Deborah Perrier","shortName":"Perrier","partyId":"PPC","votes":1,"share":0.5235602094240838}],"partyVotes":{"LIB":99,"CPC":85,"BQ":0,"NDP":6,"GRN":0,"PPC":1,"OTH":0}}},"geometry":{"type":"Polygon","coordinates":[[[636.16,103.4],[636.3,103.23],[636.32,103.24],[636.33,103.25],[636.34,103.26],[636.35,103.25],[636.36,103.23],[636.38,103.23],[636.39,103.2],[636.4,103.21],[636.55,103.33],[636.36,103.56],[636.23,103.45],[636.21,103.44],[636.16,103.4]]]}},{"type":"Feature","id":"35088-158","properties":{"ridingCode":"35088","pollNumber":"158","pollType":"N","advancePollNumber":"616","sourceCode":"158-0","geometryPollNumbers":["158"],"code":"35088-158","resultPollNumbers":["158"],"resultStatus":"exact","result":{"electors":337,"voters":131,"totalVotes":130,"rejected":1,"turnout":38.87240356083086,"winnerId":"julie-se-guin","winnerPartyId":"CPC","runnerUpId":"giovanna-mingarelli","runnerUpPartyId":"LIB","margin":15.384615384615385,"top":[{"id":"julie-se-guin","name":"Julie Séguin","shortName":"Séguin","partyId":"CPC","votes":69,"share":53.07692307692308},{"id":"giovanna-mingarelli","name":"Giovanna Mingarelli","shortName":"Mingarelli","partyId":"LIB","votes":49,"share":37.69230769230769},{"id":"deborah-perrier","name":"Deborah Perrier","shortName":"Perrier","partyId":"PPC","votes":6,"share":4.615384615384616},{"id":"ryder-finlay","name":"Ryder Finlay","shortName":"Finlay","partyId":"NDP","votes":5,"share":3.8461538461538463}],"partyVotes":{"LIB":49,"CPC":69,"BQ":0,"NDP":5,"GRN":0,"PPC":6,"OTH":1}}},"geometry":{"type":"Polygon","coordinates":[[[635.72,103.4],[635.66,103.36],[635.85,103.13],[635.85,103.13],[635.95,103.22],[636.04,103.12],[636.13,103.01],[636.14,103],[636.16,103.02],[636.17,103.01],[636.19,103.03],[636.21,103.04],[636.3,103.11],[636.31,103.14],[636.32,103.14],[636.32,103.17],[636.32,103.18],[636.31,103.18],[636.31,103.19],[636.31,103.19],[636.31,103.21],[636.31,103.21],[636.3,103.23],[636.16,103.4],[635.92,103.69],[635.9,103.68],[635.86,103.66],[635.84,103.65],[635.8,103.62],[635.84,103.58],[635.8,103.54],[635.79,103.52],[635.74,103.48],[635.76,103.46],[635.71,103.42],[635.71,103.41],[635.72,103.4]]]}},{"type":"Feature","id":"35088-159","properties":{"ridingCode":"35088","pollNumber":"159","pollType":"N","advancePollNumber":"617","sourceCode":"159-0","geometryPollNumbers":["159"],"code":"35088-159","resultPollNumbers":["159"],"resultStatus":"exact","result":{"electors":430,"voters":176,"totalVotes":176,"rejected":0,"turnout":40.93023255813954,"winnerId":"julie-se-guin","winnerPartyId":"CPC","runnerUpId":"giovanna-mingarelli","runnerUpPartyId":"LIB","margin":10.795454545454545,"top":[{"id":"julie-se-guin","name":"Julie Séguin","shortName":"Séguin","partyId":"CPC","votes":94,"share":53.40909090909091},{"id":"giovanna-mingarelli","name":"Giovanna Mingarelli","shortName":"Mingarelli","partyId":"LIB","votes":75,"share":42.61363636363637},{"id":"ryder-finlay","name":"Ryder Finlay","shortName":"Finlay","partyId":"NDP","votes":3,"share":1.7045454545454544},{"id":"deborah-perrier","name":"Deborah Perrier","shortName":"Perrier","partyId":"PPC","votes":2,"share":1.1363636363636365}],"partyVotes":{"LIB":75,"CPC":94,"BQ":0,"NDP":3,"GRN":2,"PPC":2,"OTH":0}}},"geometry":{"type":"Polygon","coordinates":[[[635.7,103.11],[635.83,102.95],[636.18,102.99],[636.27,102.99],[636.31,103],[636.35,103],[636.39,103.01],[636.51,103.06],[636.87,103.38],[636.77,103.5],[636.81,103.54],[636.81,103.55],[636.85,103.59],[636.67,103.8],[636.65,103.81],[636.57,103.73],[636.45,103.65],[636.36,103.56],[636.55,103.33],[636.4,103.21],[636.39,103.2],[636.32,103.14],[636.31,103.14],[636.3,103.11],[636.21,103.04],[636.19,103.03],[636.17,103.01],[636.16,103.02],[636.14,103],[636.13,103.01],[636.04,103.12],[635.95,103.22],[635.85,103.13],[635.85,103.13],[635.83,103.13],[635.7,103.11]]]}},{"type":"Feature","id":"35088-160","properties":{"ridingCode":"35088","pollNumber":"160","pollType":"N","advancePollNumber":"617","sourceCode":"160-0","geometryPollNumbers":["160"],"code":"35088-160","resultPollNumbers":["160"],"resultStatus":"exact","result":{"electors":446,"voters":201,"totalVotes":199,"rejected":2,"turnout":45.06726457399103,"winnerId":"giovanna-mingarelli","winnerPartyId":"LIB","runnerUpId":"julie-se-guin","runnerUpPartyId":"CPC","margin":5.527638190954774,"top":[{"id":"giovanna-mingarelli","name":"Giovanna Mingarelli","shortName":"Mingarelli","partyId":"LIB","votes":102,"share":51.256281407035175},{"id":"julie-se-guin","name":"Julie Séguin","shortName":"Séguin","partyId":"CPC","votes":91,"share":45.7286432160804},{"id":"ryder-finlay","name":"Ryder Finlay","shortName":"Finlay","partyId":"NDP","votes":4,"share":2.0100502512562812},{"id":"deborah-perrier","name":"Deborah Perrier","shortName":"Perrier","partyId":"PPC","votes":1,"share":0.5025125628140703}],"partyVotes":{"LIB":102,"CPC":91,"BQ":0,"NDP":4,"GRN":1,"PPC":1,"OTH":0}}},"geometry":{"type":"Polygon","coordinates":[[[636.31,103.19],[636.31,103.18],[636.32,103.18],[636.32,103.17],[636.32,103.17],[636.32,103.14],[636.39,103.2],[636.38,103.23],[636.36,103.23],[636.35,103.25],[636.34,103.26],[636.33,103.25],[636.32,103.24],[636.3,103.23],[636.31,103.21],[636.31,103.21],[636.31,103.19],[636.31,103.19]],[[636.34,103.19],[636.33,103.19],[636.34,103.19],[636.34,103.19]]]}},{"type":"Feature","id":"35088-161","properties":{"ridingCode":"35088","pollNumber":"161","pollType":"N","advancePollNumber":"615","sourceCode":"161-0","geometryPollNumbers":["161"],"code":"35088-161","resultPollNumbers":["161"],"resultStatus":"exact","result":{"electors":434,"voters":246,"totalVotes":246,"rejected":0,"turnout":56.68202764976959,"winnerId":"julie-se-guin","winnerPartyId":"CPC","runnerUpId":"giovanna-mingarelli","runnerUpPartyId":"LIB","margin":12.195121951219512,"top":[{"id":"julie-se-guin","name":"Julie Séguin","shortName":"Séguin","partyId":"CPC","votes":125,"share":50.81300813008131},{"id":"giovanna-mingarelli","name":"Giovanna Mingarelli","shortName":"Mingarelli","partyId":"LIB","votes":95,"share":38.61788617886179},{"id":"ryder-finlay","name":"Ryder Finlay","shortName":"Finlay","partyId":"NDP","votes":16,"share":6.504065040650407},{"id":"deborah-perrier","name":"Deborah Perrier","shortName":"Perrier","partyId":"PPC","votes":7,"share":2.8455284552845526}],"partyVotes":{"LIB":95,"CPC":125,"BQ":0,"NDP":16,"GRN":2,"PPC":7,"OTH":1}}},"geometry":{"type":"Polygon","coordinates":[[[634.29,103.19],[634.31,103.19],[634.35,103.19],[634.36,103.19],[634.38,103.18],[634.39,103.16],[634.4,103.14],[634.42,103.13],[634.45,103.1],[634.47,103.07],[634.49,103.03],[634.51,102.99],[634.54,102.97],[634.57,102.95],[634.63,102.93],[634.69,102.9],[634.71,102.89],[634.73,102.89],[634.75,102.89],[635.02,102.91],[635.08,102.92],[635.36,102.97],[635.39,102.97],[635.42,102.96],[635.43,102.99],[635.53,103.09],[635.54,103.1],[635.54,103.1],[635.53,103.1],[635.46,103.19],[635.17,103.54],[634.92,103.5],[634.88,103.49],[634.84,103.47],[634.83,103.48],[634.77,103.57],[634.73,103.57],[634.7,103.56],[634.69,103.56],[634.68,103.55],[634.55,103.41],[634.54,103.4],[634.5,103.39],[634.48,103.39],[634.47,103.38],[634.39,103.29],[634.38,103.28],[634.36,103.26],[634.33,103.23],[634.32,103.21],[634.29,103.19]]]}},{"type":"Feature","id":"35088-162","properties":{"ridingCode":"35088","pollNumber":"162","pollType":"N","advancePollNumber":"615","sourceCode":"162-0","geometryPollNumbers":["162"],"code":"35088-162","resultPollNumbers":["162"],"resultStatus":"exact","result":{"electors":241,"voters":128,"totalVotes":128,"rejected":0,"turnout":53.11203319502075,"winnerId":"giovanna-mingarelli","winnerPartyId":"LIB","runnerUpId":"julie-se-guin","runnerUpPartyId":"CPC","margin":15.625,"top":[{"id":"giovanna-mingarelli","name":"Giovanna Mingarelli","shortName":"Mingarelli","partyId":"LIB","votes":71,"share":55.46875},{"id":"julie-se-guin","name":"Julie Séguin","shortName":"Séguin","partyId":"CPC","votes":51,"share":39.84375},{"id":"ryder-finlay","name":"Ryder Finlay","shortName":"Finlay","partyId":"NDP","votes":5,"share":3.90625},{"id":"thaila-riden","name":"Thaila Riden","shortName":"Riden","partyId":"GRN","votes":1,"share":0.78125}],"partyVotes":{"LIB":71,"CPC":51,"BQ":0,"NDP":5,"GRN":1,"PPC":0,"OTH":0}}},"geometry":{"type":"Polygon","coordinates":[[[635.53,103.09],[635.43,102.99],[635.42,102.96],[635.54,102.92],[635.58,102.92],[635.61,102.92],[635.83,102.95],[635.7,103.11],[635.63,103.19],[635.38,103.5],[635.32,103.57],[635.17,103.54],[635.46,103.19],[635.53,103.1],[635.54,103.1],[635.54,103.1],[635.53,103.09]]]}},{"type":"Feature","id":"35088-163","properties":{"ridingCode":"35088","pollNumber":"163","pollType":"N","advancePollNumber":"621","sourceCode":"163-0","geometryPollNumbers":["163"],"code":"35088-163","resultPollNumbers":["163"],"resultStatus":"exact","result":{"electors":447,"voters":262,"totalVotes":262,"rejected":0,"turnout":58.61297539149888,"winnerId":"julie-se-guin","winnerPartyId":"CPC","runnerUpId":"giovanna-mingarelli","runnerUpPartyId":"LIB","margin":4.580152671755725,"top":[{"id":"julie-se-guin","name":"Julie Séguin","shortName":"Séguin","partyId":"CPC","votes":127,"share":48.473282442748086},{"id":"giovanna-mingarelli","name":"Giovanna Mingarelli","shortName":"Mingarelli","partyId":"LIB","votes":115,"share":43.89312977099237},{"id":"ryder-finlay","name":"Ryder Finlay","shortName":"Finlay","partyId":"NDP","votes":12,"share":4.580152671755725},{"id":"thaila-riden","name":"Thaila Riden","shortName":"Riden","partyId":"GRN","votes":3,"share":1.1450381679389312}],"partyVotes":{"LIB":115,"CPC":127,"BQ":0,"NDP":12,"GRN":3,"PPC":2,"OTH":3}}},"geometry":{"type":"Polygon","coordinates":[[[637.1,103.6],[637.04,103.56],[636.92,103.45],[636.91,103.43],[636.91,103.42],[636.91,103.42],[637.02,103.31],[637.03,103.32],[637.06,103.34],[637.15,103.43],[637.21,103.47],[637.1,103.6]]]}},{"type":"Feature","id":"35088-164","properties":{"ridingCode":"35088","pollNumber":"164","pollType":"N","advancePollNumber":"620","sourceCode":"164-0","geometryPollNumbers":["164"],"code":"35088-164","resultPollNumbers":["164"],"resultStatus":"exact","result":{"electors":282,"voters":113,"totalVotes":113,"rejected":0,"turnout":40.0709219858156,"winnerId":"julie-se-guin","winnerPartyId":"CPC","runnerUpId":"giovanna-mingarelli","runnerUpPartyId":"LIB","margin":7.964601769911504,"top":[{"id":"julie-se-guin","name":"Julie Séguin","shortName":"Séguin","partyId":"CPC","votes":58,"share":51.32743362831859},{"id":"giovanna-mingarelli","name":"Giovanna Mingarelli","shortName":"Mingarelli","partyId":"LIB","votes":49,"share":43.36283185840708},{"id":"deborah-perrier","name":"Deborah Perrier","shortName":"Perrier","partyId":"PPC","votes":3,"share":2.6548672566371683},{"id":"thaila-riden","name":"Thaila Riden","shortName":"Riden","partyId":"GRN","votes":2,"share":1.7699115044247788}],"partyVotes":{"LIB":49,"CPC":58,"BQ":0,"NDP":0,"GRN":2,"PPC":3,"OTH":1}}},"geometry":{"type":"Polygon","coordinates":[[[637.74,103.33],[637.75,103.31],[637.76,103.29],[637.78,103.28],[637.81,103.28],[637.83,103.28],[637.9,103.25],[637.9,103.24],[638.09,103.39],[637.96,103.35],[637.89,103.34],[637.86,103.37],[637.82,103.37],[637.81,103.38],[637.82,103.38],[637.81,103.39],[637.8,103.4],[637.79,103.41],[637.79,103.42],[637.8,103.44],[637.82,103.45],[637.83,103.45],[637.88,103.46],[637.9,103.48],[637.95,103.52],[637.96,103.56],[637.97,103.57],[637.97,103.6],[637.95,103.63],[637.95,103.65],[637.96,103.68],[637.95,103.68],[637.85,103.6],[637.64,103.44],[637.74,103.33]]]}},{"type":"Feature","id":"35088-165","properties":{"ridingCode":"35088","pollNumber":"165","pollType":"N","advancePollNumber":"621","sourceCode":"165-0","geometryPollNumbers":["165"],"code":"35088-165","resultPollNumbers":["165"],"resultStatus":"exact","result":{"electors":270,"voters":153,"totalVotes":153,"rejected":0,"turnout":56.666666666666664,"winnerId":"julie-se-guin","winnerPartyId":"CPC","runnerUpId":"giovanna-mingarelli","runnerUpPartyId":"LIB","margin":1.3071895424836601,"top":[{"id":"julie-se-guin","name":"Julie Séguin","shortName":"Séguin","partyId":"CPC","votes":73,"share":47.712418300653596},{"id":"giovanna-mingarelli","name":"Giovanna Mingarelli","shortName":"Mingarelli","partyId":"LIB","votes":71,"share":46.40522875816993},{"id":"thaila-riden","name":"Thaila Riden","shortName":"Riden","partyId":"GRN","votes":4,"share":2.6143790849673203},{"id":"ryder-finlay","name":"Ryder Finlay","shortName":"Finlay","partyId":"NDP","votes":3,"share":1.9607843137254901}],"partyVotes":{"LIB":71,"CPC":73,"BQ":0,"NDP":3,"GRN":4,"PPC":2,"OTH":0}}},"geometry":{"type":"Polygon","coordinates":[[[637.15,103.43],[637.06,103.34],[637.07,103.33],[637.08,103.32],[637.09,103.34],[637.1,103.33],[637.08,103.32],[637.09,103.3],[637.1,103.3],[637.12,103.31],[637.15,103.43]]]}},{"type":"Feature","id":"35088-166","properties":{"ridingCode":"35088","pollNumber":"166","pollType":"N","advancePollNumber":"621","sourceCode":"166-0","geometryPollNumbers":["166"],"code":"35088-166","resultPollNumbers":["166"],"resultStatus":"exact","result":{"electors":401,"voters":226,"totalVotes":226,"rejected":0,"turnout":56.35910224438903,"winnerId":"giovanna-mingarelli","winnerPartyId":"LIB","runnerUpId":"julie-se-guin","runnerUpPartyId":"CPC","margin":20.79646017699115,"top":[{"id":"giovanna-mingarelli","name":"Giovanna Mingarelli","shortName":"Mingarelli","partyId":"LIB","votes":129,"share":57.07964601769911},{"id":"julie-se-guin","name":"Julie Séguin","shortName":"Séguin","partyId":"CPC","votes":82,"share":36.283185840707965},{"id":"ryder-finlay","name":"Ryder Finlay","shortName":"Finlay","partyId":"NDP","votes":11,"share":4.867256637168142},{"id":"deborah-perrier","name":"Deborah Perrier","shortName":"Perrier","partyId":"PPC","votes":2,"share":0.8849557522123894}],"partyVotes":{"LIB":129,"CPC":82,"BQ":0,"NDP":11,"GRN":1,"PPC":2,"OTH":1}}},"geometry":{"type":"Polygon","coordinates":[[[637.45,103.29],[637.35,103.4],[637.19,103.26],[637.18,103.26],[637.19,103.26],[637.18,103.25],[637.18,103.25],[637.16,103.24],[637.15,103.23],[637.15,103.22],[637.2,103.22],[637.2,103.22],[637.21,103.22],[637.2,103.21],[637.18,103.21],[637.17,103.2],[637.19,103.18],[637.16,103.15],[637.21,103.09],[637.22,103.11],[637.24,103.14],[637.27,103.14],[637.28,103.16],[637.31,103.2],[637.34,103.2],[637.35,103.22],[637.43,103.29],[637.45,103.29],[637.46,103.29],[637.46,103.3],[637.45,103.29]]]}},{"type":"Feature","id":"35088-167","properties":{"ridingCode":"35088","pollNumber":"167","pollType":"N","advancePollNumber":"622","sourceCode":"167-0","geometryPollNumbers":["167"],"code":"35088-167","resultPollNumbers":["167"],"resultStatus":"exact","result":{"electors":375,"voters":215,"totalVotes":215,"rejected":0,"turnout":57.333333333333336,"winnerId":"giovanna-mingarelli","winnerPartyId":"LIB","runnerUpId":"julie-se-guin","runnerUpPartyId":"CPC","margin":1.3953488372093024,"top":[{"id":"giovanna-mingarelli","name":"Giovanna Mingarelli","shortName":"Mingarelli","partyId":"LIB","votes":104,"share":48.372093023255815},{"id":"julie-se-guin","name":"Julie Séguin","shortName":"Séguin","partyId":"CPC","votes":101,"share":46.97674418604651},{"id":"ryder-finlay","name":"Ryder Finlay","shortName":"Finlay","partyId":"NDP","votes":6,"share":2.7906976744186047},{"id":"thaila-riden","name":"Thaila Riden","shortName":"Riden","partyId":"GRN","votes":3,"share":1.3953488372093024}],"partyVotes":{"LIB":104,"CPC":101,"BQ":0,"NDP":6,"GRN":3,"PPC":1,"OTH":0}}},"geometry":{"type":"Polygon","coordinates":[[[636.94,103.15],[637.06,103.26],[637.05,103.27],[637.06,103.28],[637.06,103.28],[637.05,103.29],[637.04,103.28],[637.03,103.29],[637.04,103.3],[637.03,103.32],[637.02,103.31],[636.91,103.42],[636.87,103.38],[636.51,103.06],[636.55,103.08],[636.58,103.08],[636.63,103.09],[636.7,103.08],[636.74,103.08],[636.77,103.08],[636.84,103.1],[636.86,103.11],[636.89,103.1],[636.92,103.1],[636.99,103.06],[636.94,103.15]]]}},{"type":"Feature","id":"35088-168","properties":{"ridingCode":"35088","pollNumber":"168","pollType":"N","advancePollNumber":"622","sourceCode":"168-0","geometryPollNumbers":["168"],"code":"35088-168","resultPollNumbers":["168"],"resultStatus":"exact","result":{"electors":211,"voters":105,"totalVotes":105,"rejected":0,"turnout":49.763033175355446,"winnerId":"julie-se-guin","winnerPartyId":"CPC","runnerUpId":"giovanna-mingarelli","runnerUpPartyId":"LIB","margin":33.33333333333333,"top":[{"id":"julie-se-guin","name":"Julie Séguin","shortName":"Séguin","partyId":"CPC","votes":67,"share":63.8095238095238},{"id":"giovanna-mingarelli","name":"Giovanna Mingarelli","shortName":"Mingarelli","partyId":"LIB","votes":32,"share":30.476190476190478},{"id":"thaila-riden","name":"Thaila Riden","shortName":"Riden","partyId":"GRN","votes":3,"share":2.857142857142857},{"id":"deborah-perrier","name":"Deborah Perrier","shortName":"Perrier","partyId":"PPC","votes":2,"share":1.9047619047619049}],"partyVotes":{"LIB":32,"CPC":67,"BQ":0,"NDP":0,"GRN":3,"PPC":2,"OTH":1}}},"geometry":{"type":"Polygon","coordinates":[[[637.21,103.09],[637.23,103.07],[637.24,103.07],[637.26,103.06],[637.27,103.06],[637.31,103.08],[637.32,103.09],[637.4,103.09],[637.44,103.1],[637.47,103.11],[637.53,103.16],[637.58,103.18],[637.68,103.23],[637.75,103.26],[637.77,103.27],[637.8,103.28],[637.83,103.27],[637.85,103.26],[637.9,103.24],[637.9,103.24],[637.9,103.25],[637.83,103.28],[637.81,103.28],[637.78,103.28],[637.76,103.29],[637.75,103.31],[637.74,103.33],[637.64,103.44],[637.46,103.29],[637.45,103.29],[637.43,103.29],[637.35,103.22],[637.34,103.2],[637.31,103.2],[637.28,103.16],[637.27,103.14],[637.24,103.14],[637.22,103.11],[637.21,103.09]]]}},{"type":"Feature","id":"35088-169","properties":{"ridingCode":"35088","pollNumber":"169","pollType":"N","advancePollNumber":"622","sourceCode":"169-0","geometryPollNumbers":["169"],"code":"35088-169","resultPollNumbers":["169"],"resultStatus":"exact","result":{"electors":420,"voters":209,"totalVotes":206,"rejected":3,"turnout":49.76190476190476,"winnerId":"julie-se-guin","winnerPartyId":"CPC","runnerUpId":"giovanna-mingarelli","runnerUpPartyId":"LIB","margin":2.4271844660194173,"top":[{"id":"julie-se-guin","name":"Julie Séguin","shortName":"Séguin","partyId":"CPC","votes":100,"share":48.54368932038835},{"id":"giovanna-mingarelli","name":"Giovanna Mingarelli","shortName":"Mingarelli","partyId":"LIB","votes":95,"share":46.116504854368934},{"id":"ryder-finlay","name":"Ryder Finlay","shortName":"Finlay","partyId":"NDP","votes":7,"share":3.3980582524271843},{"id":"thaila-riden","name":"Thaila Riden","shortName":"Riden","partyId":"GRN","votes":2,"share":0.9708737864077669}],"partyVotes":{"LIB":95,"CPC":100,"BQ":0,"NDP":7,"GRN":2,"PPC":0,"OTH":2}}},"geometry":{"type":"Polygon","coordinates":[[[637.21,103.09],[637.16,103.15],[637.14,103.16],[637.14,103.17],[637.11,103.2],[637.06,103.26],[636.94,103.15],[636.99,103.06],[637.04,103.03],[637.06,103.02],[637.1,103.01],[637.13,103.01],[637.16,103.02],[637.19,103.02],[637.21,103.03],[637.25,103.05],[637.23,103.07],[637.21,103.09]]]}},{"type":"Feature","id":"35088-170","properties":{"ridingCode":"35088","pollNumber":"170","pollType":"N","advancePollNumber":"622","sourceCode":"170-0","geometryPollNumbers":["170"],"code":"35088-170","resultPollNumbers":["170"],"resultStatus":"exact","result":{"electors":431,"voters":153,"totalVotes":153,"rejected":0,"turnout":35.498839907192576,"winnerId":"julie-se-guin","winnerPartyId":"CPC","runnerUpId":"giovanna-mingarelli","runnerUpPartyId":"LIB","margin":17.647058823529413,"top":[{"id":"julie-se-guin","name":"Julie Séguin","shortName":"Séguin","partyId":"CPC","votes":88,"share":57.51633986928104},{"id":"giovanna-mingarelli","name":"Giovanna Mingarelli","shortName":"Mingarelli","partyId":"LIB","votes":61,"share":39.869281045751634},{"id":"ryder-finlay","name":"Ryder Finlay","shortName":"Finlay","partyId":"NDP","votes":3,"share":1.9607843137254901},{"id":"deborah-perrier","name":"Deborah Perrier","shortName":"Perrier","partyId":"PPC","votes":1,"share":0.6535947712418301}],"partyVotes":{"LIB":61,"CPC":88,"BQ":0,"NDP":3,"GRN":0,"PPC":1,"OTH":0}}},"geometry":{"type":"Polygon","coordinates":[[[636.99,103.06],[637.14,102.88],[637.14,102.79],[637.42,102.85],[637.44,102.88],[637.52,102.94],[637.66,103.05],[637.9,103.24],[637.85,103.26],[637.83,103.27],[637.8,103.28],[637.77,103.27],[637.75,103.26],[637.68,103.23],[637.58,103.18],[637.53,103.16],[637.47,103.11],[637.44,103.1],[637.4,103.09],[637.32,103.09],[637.31,103.08],[637.27,103.06],[637.26,103.06],[637.24,103.07],[637.23,103.07],[637.25,103.05],[637.21,103.03],[637.19,103.02],[637.16,103.02],[637.13,103.01],[637.1,103.01],[637.06,103.02],[637.04,103.03],[636.99,103.06]],[[637.4,102.87],[637.4,102.87],[637.4,102.87],[637.4,102.87]]]}},{"type":"Feature","id":"35088-171","properties":{"ridingCode":"35088","pollNumber":"171","pollType":"N","advancePollNumber":"624","sourceCode":"171-0","geometryPollNumbers":["171"],"code":"35088-171","resultPollNumbers":["171"],"resultStatus":"exact","result":{"electors":494,"voters":169,"totalVotes":168,"rejected":1,"turnout":34.21052631578947,"winnerId":"giovanna-mingarelli","winnerPartyId":"LIB","runnerUpId":"julie-se-guin","runnerUpPartyId":"CPC","margin":15.476190476190476,"top":[{"id":"giovanna-mingarelli","name":"Giovanna Mingarelli","shortName":"Mingarelli","partyId":"LIB","votes":94,"share":55.952380952380956},{"id":"julie-se-guin","name":"Julie Séguin","shortName":"Séguin","partyId":"CPC","votes":68,"share":40.476190476190474},{"id":"ryder-finlay","name":"Ryder Finlay","shortName":"Finlay","partyId":"NDP","votes":4,"share":2.380952380952381},{"id":"thaila-riden","name":"Thaila Riden","shortName":"Riden","partyId":"GRN","votes":2,"share":1.1904761904761905}],"partyVotes":{"LIB":94,"CPC":68,"BQ":0,"NDP":4,"GRN":2,"PPC":0,"OTH":0}}},"geometry":{"type":"Polygon","coordinates":[[[637.45,102.81],[637.47,102.82],[637.51,102.83],[637.56,102.85],[637.59,102.86],[637.67,102.87],[637.69,102.89],[637.73,102.9],[637.75,102.9],[637.65,103.01],[637.66,103.05],[637.52,102.94],[637.44,102.88],[637.42,102.85],[637.45,102.81]]]}},{"type":"Feature","id":"35088-172","properties":{"ridingCode":"35088","pollNumber":"172","pollType":"N","advancePollNumber":"620","sourceCode":"172-0","geometryPollNumbers":["172"],"code":"35088-172","resultPollNumbers":["172"],"resultStatus":"exact","result":{"electors":394,"voters":153,"totalVotes":151,"rejected":2,"turnout":38.83248730964467,"winnerId":"giovanna-mingarelli","winnerPartyId":"LIB","runnerUpId":"julie-se-guin","runnerUpPartyId":"CPC","margin":11.258278145695364,"top":[{"id":"giovanna-mingarelli","name":"Giovanna Mingarelli","shortName":"Mingarelli","partyId":"LIB","votes":80,"share":52.980132450331126},{"id":"julie-se-guin","name":"Julie Séguin","shortName":"Séguin","partyId":"CPC","votes":63,"share":41.72185430463576},{"id":"ryder-finlay","name":"Ryder Finlay","shortName":"Finlay","partyId":"NDP","votes":8,"share":5.298013245033113},{"id":"deborah-perrier","name":"Deborah Perrier","shortName":"Perrier","partyId":"PPC","votes":0,"share":0}],"partyVotes":{"LIB":80,"CPC":63,"BQ":0,"NDP":8,"GRN":0,"PPC":0,"OTH":0}}},"geometry":{"type":"Polygon","coordinates":[[[638.35,103.4],[638.35,103.39],[638.36,103.37],[638.36,103.37],[638.37,103.36],[638.36,103.36],[638.36,103.36],[638.37,103.36],[638.39,103.34],[638.41,103.36],[638.42,103.35],[638.43,103.35],[638.45,103.35],[638.5,103.37],[638.5,103.37],[638.42,103.39],[638.38,103.43],[638.35,103.4]],[[638.38,103.38],[638.38,103.38],[638.38,103.38],[638.38,103.38]]]}},{"type":"Feature","id":"35088-173","properties":{"ridingCode":"35088","pollNumber":"173","pollType":"N","advancePollNumber":"620","sourceCode":"173-0","geometryPollNumbers":["173"],"code":"35088-173","resultPollNumbers":["173"],"resultStatus":"exact","result":{"electors":366,"voters":145,"totalVotes":145,"rejected":0,"turnout":39.61748633879781,"winnerId":"giovanna-mingarelli","winnerPartyId":"LIB","runnerUpId":"julie-se-guin","runnerUpPartyId":"CPC","margin":14.482758620689657,"top":[{"id":"giovanna-mingarelli","name":"Giovanna Mingarelli","shortName":"Mingarelli","partyId":"LIB","votes":80,"share":55.172413793103445},{"id":"julie-se-guin","name":"Julie Séguin","shortName":"Séguin","partyId":"CPC","votes":59,"share":40.689655172413794},{"id":"deborah-perrier","name":"Deborah Perrier","shortName":"Perrier","partyId":"PPC","votes":3,"share":2.0689655172413794},{"id":"thaila-riden","name":"Thaila Riden","shortName":"Riden","partyId":"GRN","votes":2,"share":1.3793103448275863}],"partyVotes":{"LIB":80,"CPC":59,"BQ":0,"NDP":1,"GRN":2,"PPC":3,"OTH":0}}},"geometry":{"type":"Polygon","coordinates":[[[638.31,103.38],[638.32,103.37],[638.32,103.37],[638.33,103.36],[638.33,103.36],[638.34,103.35],[638.35,103.36],[638.37,103.33],[638.39,103.34],[638.37,103.36],[638.36,103.36],[638.36,103.36],[638.37,103.36],[638.36,103.37],[638.36,103.37],[638.35,103.39],[638.35,103.4],[638.34,103.38],[638.33,103.39],[638.31,103.38]]]}},{"type":"Feature","id":"35088-174","properties":{"ridingCode":"35088","pollNumber":"174","pollType":"N","advancePollNumber":"620","sourceCode":"174-0","geometryPollNumbers":["174"],"code":"35088-174","resultPollNumbers":["174"],"resultStatus":"exact","result":{"electors":459,"voters":188,"totalVotes":187,"rejected":1,"turnout":40.95860566448802,"winnerId":"giovanna-mingarelli","winnerPartyId":"LIB","runnerUpId":"julie-se-guin","runnerUpPartyId":"CPC","margin":16.0427807486631,"top":[{"id":"giovanna-mingarelli","name":"Giovanna Mingarelli","shortName":"Mingarelli","partyId":"LIB","votes":104,"share":55.61497326203209},{"id":"julie-se-guin","name":"Julie Séguin","shortName":"Séguin","partyId":"CPC","votes":74,"share":39.57219251336899},{"id":"thaila-riden","name":"Thaila Riden","shortName":"Riden","partyId":"GRN","votes":4,"share":2.13903743315508},{"id":"ryder-finlay","name":"Ryder Finlay","shortName":"Finlay","partyId":"NDP","votes":2,"share":1.06951871657754}],"partyVotes":{"LIB":104,"CPC":74,"BQ":0,"NDP":2,"GRN":4,"PPC":1,"OTH":2}}},"geometry":{"type":"Polygon","coordinates":[[[638.26,103.3],[638.32,103.3],[638.36,103.31],[638.41,103.25],[638.46,103.3],[638.49,103.32],[638.46,103.35],[638.5,103.37],[638.45,103.35],[638.43,103.35],[638.42,103.35],[638.41,103.36],[638.39,103.34],[638.37,103.33],[638.35,103.36],[638.34,103.35],[638.33,103.36],[638.33,103.36],[638.32,103.37],[638.27,103.33],[638.27,103.32],[638.26,103.3]]]}},{"type":"Feature","id":"35088-175","properties":{"ridingCode":"35088","pollNumber":"175","pollType":"N","advancePollNumber":"623","sourceCode":"175-0","geometryPollNumbers":["175"],"code":"35088-175","resultPollNumbers":["175"],"resultStatus":"exact","result":{"electors":387,"voters":140,"totalVotes":139,"rejected":1,"turnout":36.17571059431525,"winnerId":"giovanna-mingarelli","winnerPartyId":"LIB","runnerUpId":"julie-se-guin","runnerUpPartyId":"CPC","margin":5.0359712230215825,"top":[{"id":"giovanna-mingarelli","name":"Giovanna Mingarelli","shortName":"Mingarelli","partyId":"LIB","votes":69,"share":49.64028776978417},{"id":"julie-se-guin","name":"Julie Séguin","shortName":"Séguin","partyId":"CPC","votes":62,"share":44.60431654676259},{"id":"ryder-finlay","name":"Ryder Finlay","shortName":"Finlay","partyId":"NDP","votes":2,"share":1.4388489208633095},{"id":"deborah-perrier","name":"Deborah Perrier","shortName":"Perrier","partyId":"PPC","votes":2,"share":1.4388489208633095}],"partyVotes":{"LIB":69,"CPC":62,"BQ":0,"NDP":2,"GRN":2,"PPC":2,"OTH":2}}},"geometry":{"type":"Polygon","coordinates":[[[637.66,103.05],[637.65,103.01],[637.75,102.9],[637.77,102.91],[637.77,102.92],[637.82,102.95],[637.85,102.99],[637.89,103.02],[637.91,103.03],[637.97,103.07],[638.02,103.11],[638.05,103.13],[638.08,103.14],[638.11,103.17],[638.15,103.18],[638.2,103.21],[638.24,103.23],[638.26,103.28],[638.26,103.3],[638.27,103.32],[638.26,103.32],[638.16,103.43],[638.15,103.44],[638.09,103.39],[637.9,103.24],[637.9,103.24],[637.66,103.05]]]}},{"type":"Feature","id":"35088-176","properties":{"ridingCode":"35088","pollNumber":"176","pollType":"N","advancePollNumber":"623","sourceCode":"176-0","geometryPollNumbers":["176"],"code":"35088-176","resultPollNumbers":["176"],"resultStatus":"exact","result":{"electors":492,"voters":297,"totalVotes":293,"rejected":4,"turnout":60.36585365853659,"winnerId":"giovanna-mingarelli","winnerPartyId":"LIB","runnerUpId":"julie-se-guin","runnerUpPartyId":"CPC","margin":24.573378839590443,"top":[{"id":"giovanna-mingarelli","name":"Giovanna Mingarelli","shortName":"Mingarelli","partyId":"LIB","votes":173,"share":59.044368600682596},{"id":"julie-se-guin","name":"Julie Séguin","shortName":"Séguin","partyId":"CPC","votes":101,"share":34.470989761092156},{"id":"ryder-finlay","name":"Ryder Finlay","shortName":"Finlay","partyId":"NDP","votes":11,"share":3.754266211604096},{"id":"thaila-riden","name":"Thaila Riden","shortName":"Riden","partyId":"GRN","votes":5,"share":1.7064846416382253}],"partyVotes":{"LIB":173,"CPC":101,"BQ":0,"NDP":11,"GRN":5,"PPC":2,"OTH":1}}},"geometry":{"type":"Polygon","coordinates":[[[638.3,102.75],[638.39,102.64],[638.4,102.64],[638.57,102.79],[638.63,102.84],[638.63,102.85],[638.86,103.04],[639.14,103.28],[638.92,103.52],[638.84,103.61],[638.84,103.62],[638.83,103.62],[638.83,103.62],[638.81,103.62],[638.81,103.62],[638.81,103.62],[638.73,103.55],[638.62,103.45],[638.56,103.4],[638.5,103.37],[638.5,103.37],[638.46,103.35],[638.49,103.32],[638.46,103.3],[638.55,103.2],[638.56,103.18],[638.43,103.06],[638.53,102.95],[638.3,102.75]],[[638.32,102.74],[638.33,102.74],[638.33,102.74],[638.32,102.74]]]}},{"type":"Feature","id":"35088-177","properties":{"ridingCode":"35088","pollNumber":"177","pollType":"N","advancePollNumber":"623","sourceCode":"177-0","geometryPollNumbers":["177"],"code":"35088-177","resultPollNumbers":["177"],"resultStatus":"exact","result":{"electors":278,"voters":127,"totalVotes":127,"rejected":0,"turnout":45.68345323741007,"winnerId":"giovanna-mingarelli","winnerPartyId":"LIB","runnerUpId":"julie-se-guin","runnerUpPartyId":"CPC","margin":10.236220472440944,"top":[{"id":"giovanna-mingarelli","name":"Giovanna Mingarelli","shortName":"Mingarelli","partyId":"LIB","votes":68,"share":53.54330708661418},{"id":"julie-se-guin","name":"Julie Séguin","shortName":"Séguin","partyId":"CPC","votes":55,"share":43.30708661417323},{"id":"deborah-perrier","name":"Deborah Perrier","shortName":"Perrier","partyId":"PPC","votes":2,"share":1.574803149606299},{"id":"ryder-finlay","name":"Ryder Finlay","shortName":"Finlay","partyId":"NDP","votes":1,"share":0.7874015748031495}],"partyVotes":{"LIB":68,"CPC":55,"BQ":0,"NDP":1,"GRN":0,"PPC":2,"OTH":1}}},"geometry":{"type":"Polygon","coordinates":[[[638.17,103.14],[638.16,103.12],[638.15,103.1],[638.14,103.06],[638.14,103.03],[638.11,102.96],[638.11,102.94],[638.12,102.93],[638.11,102.9],[638.12,102.88],[638.14,102.85],[638.16,102.84],[638.18,102.83],[638.19,102.83],[638.2,102.81],[638.23,102.8],[638.24,102.78],[638.26,102.74],[638.28,102.73],[638.3,102.75],[638.53,102.95],[638.43,103.06],[638.56,103.18],[638.55,103.2],[638.46,103.3],[638.41,103.25],[638.36,103.31],[638.32,103.3],[638.26,103.3],[638.26,103.28],[638.24,103.23],[638.23,103.18],[638.22,103.17],[638.19,103.15],[638.17,103.14]]]}},{"type":"Feature","id":"35088-178","properties":{"ridingCode":"35088","pollNumber":"178","pollType":"N","advancePollNumber":"623","sourceCode":"178-0","geometryPollNumbers":["178"],"code":"35088-178","resultPollNumbers":["178"],"resultStatus":"exact","result":{"electors":362,"voters":188,"totalVotes":187,"rejected":1,"turnout":51.93370165745856,"winnerId":"julie-se-guin","winnerPartyId":"CPC","runnerUpId":"giovanna-mingarelli","runnerUpPartyId":"LIB","margin":1.6042780748663104,"top":[{"id":"julie-se-guin","name":"Julie Séguin","shortName":"Séguin","partyId":"CPC","votes":88,"share":47.05882352941176},{"id":"giovanna-mingarelli","name":"Giovanna Mingarelli","shortName":"Mingarelli","partyId":"LIB","votes":85,"share":45.45454545454545},{"id":"deborah-perrier","name":"Deborah Perrier","shortName":"Perrier","partyId":"PPC","votes":6,"share":3.2085561497326207},{"id":"ryder-finlay","name":"Ryder Finlay","shortName":"Finlay","partyId":"NDP","votes":5,"share":2.6737967914438503}],"partyVotes":{"LIB":85,"CPC":88,"BQ":0,"NDP":5,"GRN":0,"PPC":6,"OTH":3}}},"geometry":{"type":"Polygon","coordinates":[[[637.77,102.9],[637.87,102.8],[637.86,102.8],[637.87,102.79],[637.97,102.67],[637.97,102.67],[638.07,102.55],[638.13,102.59],[638.28,102.73],[638.26,102.74],[638.24,102.78],[638.23,102.8],[638.2,102.81],[638.19,102.83],[638.18,102.83],[638.16,102.84],[638.14,102.85],[638.12,102.88],[638.11,102.9],[638.12,102.93],[638.11,102.94],[638.11,102.96],[638.14,103.03],[638.14,103.06],[638.15,103.1],[638.16,103.12],[638.17,103.14],[638.19,103.15],[638.22,103.17],[638.23,103.18],[638.24,103.23],[638.2,103.21],[638.15,103.18],[638.11,103.17],[638.08,103.14],[638.05,103.13],[638.02,103.11],[637.97,103.07],[637.91,103.03],[637.89,103.02],[637.85,102.99],[637.82,102.95],[637.77,102.92],[637.77,102.9]]]}},{"type":"Feature","id":"35088-179","properties":{"ridingCode":"35088","pollNumber":"179","pollType":"N","advancePollNumber":"624","sourceCode":"179-0","geometryPollNumbers":["179"],"code":"35088-179","resultPollNumbers":["179"],"resultStatus":"exact","result":{"electors":458,"voters":225,"totalVotes":223,"rejected":2,"turnout":49.12663755458515,"winnerId":"giovanna-mingarelli","winnerPartyId":"LIB","runnerUpId":"julie-se-guin","runnerUpPartyId":"CPC","margin":4.484304932735426,"top":[{"id":"giovanna-mingarelli","name":"Giovanna Mingarelli","shortName":"Mingarelli","partyId":"LIB","votes":107,"share":47.98206278026906},{"id":"julie-se-guin","name":"Julie Séguin","shortName":"Séguin","partyId":"CPC","votes":97,"share":43.49775784753363},{"id":"ryder-finlay","name":"Ryder Finlay","shortName":"Finlay","partyId":"NDP","votes":8,"share":3.587443946188341},{"id":"deborah-perrier","name":"Deborah Perrier","shortName":"Perrier","partyId":"PPC","votes":7,"share":3.1390134529147984}],"partyVotes":{"LIB":107,"CPC":97,"BQ":0,"NDP":8,"GRN":3,"PPC":7,"OTH":1}}},"geometry":{"type":"Polygon","coordinates":[[[637.45,102.81],[637.71,102.51],[637.79,102.4],[637.92,102.24],[637.97,102.28],[638.1,102.38],[638.24,102.51],[638.28,102.54],[638.35,102.59],[638.39,102.64],[638.3,102.75],[638.28,102.73],[638.13,102.59],[638.07,102.55],[637.97,102.67],[637.97,102.67],[637.87,102.79],[637.86,102.8],[637.87,102.8],[637.77,102.9],[637.77,102.92],[637.77,102.91],[637.75,102.9],[637.73,102.9],[637.69,102.89],[637.67,102.87],[637.59,102.86],[637.56,102.85],[637.51,102.83],[637.47,102.82],[637.45,102.81]]]}},{"type":"Feature","id":"35088-180","properties":{"ridingCode":"35088","pollNumber":"180","pollType":"N","advancePollNumber":"622","sourceCode":"180-0","geometryPollNumbers":["180"],"code":"35088-180","resultPollNumbers":["180"],"resultStatus":"exact","result":{"electors":350,"voters":157,"totalVotes":157,"rejected":0,"turnout":44.857142857142854,"winnerId":"giovanna-mingarelli","winnerPartyId":"LIB","runnerUpId":"julie-se-guin","runnerUpPartyId":"CPC","margin":5.095541401273886,"top":[{"id":"giovanna-mingarelli","name":"Giovanna Mingarelli","shortName":"Mingarelli","partyId":"LIB","votes":78,"share":49.681528662420384},{"id":"julie-se-guin","name":"Julie Séguin","shortName":"Séguin","partyId":"CPC","votes":70,"share":44.5859872611465},{"id":"jason-st-louis","name":"Jason St-Louis","shortName":"St-Louis","partyId":"OTH","votes":5,"share":3.1847133757961785},{"id":"thaila-riden","name":"Thaila Riden","shortName":"Riden","partyId":"GRN","votes":3,"share":1.910828025477707}],"partyVotes":{"LIB":78,"CPC":70,"BQ":0,"NDP":1,"GRN":3,"PPC":0,"OTH":5}}},"geometry":{"type":"Polygon","coordinates":[[[636.44,103.01],[636.44,102.99],[636.44,102.98],[636.5,102.91],[636.87,102.48],[636.96,102.58],[637.03,102.67],[637.04,102.67],[637.05,102.66],[637.06,102.65],[637.08,102.64],[637.09,102.64],[637.05,102.69],[637.14,102.79],[637.14,102.88],[636.99,103.06],[636.92,103.1],[636.89,103.1],[636.86,103.11],[636.84,103.1],[636.77,103.08],[636.74,103.08],[636.7,103.08],[636.63,103.09],[636.58,103.08],[636.55,103.08],[636.51,103.06],[636.5,103.05],[636.48,103.04],[636.44,103.01]]]}},{"type":"Feature","id":"35088-181","properties":{"ridingCode":"35088","pollNumber":"181","pollType":"N","advancePollNumber":"622","sourceCode":"181-0","geometryPollNumbers":["181"],"code":"35088-181","resultPollNumbers":["181"],"resultStatus":"exact","result":{"electors":346,"voters":129,"totalVotes":128,"rejected":1,"turnout":37.283236994219656,"winnerId":"giovanna-mingarelli","winnerPartyId":"LIB","runnerUpId":"julie-se-guin","runnerUpPartyId":"CPC","margin":14.0625,"top":[{"id":"giovanna-mingarelli","name":"Giovanna Mingarelli","shortName":"Mingarelli","partyId":"LIB","votes":69,"share":53.90625},{"id":"julie-se-guin","name":"Julie Séguin","shortName":"Séguin","partyId":"CPC","votes":51,"share":39.84375},{"id":"ryder-finlay","name":"Ryder Finlay","shortName":"Finlay","partyId":"NDP","votes":6,"share":4.6875},{"id":"thaila-riden","name":"Thaila Riden","shortName":"Riden","partyId":"GRN","votes":2,"share":1.5625}],"partyVotes":{"LIB":69,"CPC":51,"BQ":0,"NDP":6,"GRN":2,"PPC":0,"OTH":0}}},"geometry":{"type":"Polygon","coordinates":[[[637.2,102.71],[637.14,102.79],[637.05,102.69],[637.09,102.64],[637.09,102.65],[637.09,102.65],[637.1,102.66],[637.1,102.65],[637.11,102.66],[637.11,102.66],[637.11,102.66],[637.12,102.66],[637.11,102.68],[637.14,102.71],[637.16,102.72],[637.18,102.7],[637.19,102.7],[637.2,102.71]]]}},{"type":"Feature","id":"35088-182","properties":{"ridingCode":"35088","pollNumber":"182","pollType":"N","advancePollNumber":"624","sourceCode":"182-0","geometryPollNumbers":["182"],"code":"35088-182","resultPollNumbers":["182"],"resultStatus":"exact","result":{"electors":748,"voters":304,"totalVotes":303,"rejected":1,"turnout":40.64171122994652,"winnerId":"giovanna-mingarelli","winnerPartyId":"LIB","runnerUpId":"julie-se-guin","runnerUpPartyId":"CPC","margin":12.871287128712872,"top":[{"id":"giovanna-mingarelli","name":"Giovanna Mingarelli","shortName":"Mingarelli","partyId":"LIB","votes":163,"share":53.79537953795379},{"id":"julie-se-guin","name":"Julie Séguin","shortName":"Séguin","partyId":"CPC","votes":124,"share":40.92409240924093},{"id":"ryder-finlay","name":"Ryder Finlay","shortName":"Finlay","partyId":"NDP","votes":8,"share":2.6402640264026402},{"id":"deborah-perrier","name":"Deborah Perrier","shortName":"Perrier","partyId":"PPC","votes":4,"share":1.3201320132013201}],"partyVotes":{"LIB":163,"CPC":124,"BQ":0,"NDP":8,"GRN":3,"PPC":4,"OTH":1}}},"geometry":{"type":"Polygon","coordinates":[[[637.13,102.68],[637.14,102.67],[637.16,102.65],[637.17,102.67],[637.17,102.68],[637.19,102.67],[637.2,102.67],[637.2,102.67],[637.2,102.67],[637.21,102.67],[637.21,102.68],[637.21,102.68],[637.21,102.68],[637.22,102.68],[637.22,102.69],[637.2,102.71],[637.19,102.7],[637.18,102.7],[637.16,102.72],[637.14,102.71],[637.15,102.7],[637.14,102.7],[637.16,102.67],[637.16,102.67],[637.14,102.69],[637.13,102.68],[637.13,102.68]]]}},{"type":"Feature","id":"35088-183","properties":{"ridingCode":"35088","pollNumber":"183","pollType":"N","advancePollNumber":"624","sourceCode":"183-0","geometryPollNumbers":["183"],"code":"35088-183","resultPollNumbers":["183"],"resultStatus":"exact","result":{"electors":538,"voters":184,"totalVotes":184,"rejected":0,"turnout":34.20074349442379,"winnerId":"giovanna-mingarelli","winnerPartyId":"LIB","runnerUpId":"julie-se-guin","runnerUpPartyId":"CPC","margin":31.521739130434785,"top":[{"id":"giovanna-mingarelli","name":"Giovanna Mingarelli","shortName":"Mingarelli","partyId":"LIB","votes":115,"share":62.5},{"id":"julie-se-guin","name":"Julie Séguin","shortName":"Séguin","partyId":"CPC","votes":57,"share":30.978260869565215},{"id":"deborah-perrier","name":"Deborah Perrier","shortName":"Perrier","partyId":"PPC","votes":6,"share":3.260869565217391},{"id":"ryder-finlay","name":"Ryder Finlay","shortName":"Finlay","partyId":"NDP","votes":4,"share":2.1739130434782608}],"partyVotes":{"LIB":115,"CPC":57,"BQ":0,"NDP":4,"GRN":1,"PPC":6,"OTH":1}}},"geometry":{"type":"Polygon","coordinates":[[[637.11,102.68],[637.12,102.66],[637.11,102.66],[637.11,102.66],[637.11,102.66],[637.1,102.65],[637.1,102.66],[637.09,102.65],[637.09,102.65],[637.09,102.64],[637.11,102.61],[637.12,102.62],[637.14,102.65],[637.16,102.64],[637.17,102.64],[637.17,102.63],[637.19,102.64],[637.21,102.64],[637.21,102.65],[637.21,102.66],[637.22,102.68],[637.23,102.67],[637.23,102.67],[637.22,102.69],[637.22,102.68],[637.21,102.68],[637.21,102.68],[637.21,102.68],[637.21,102.67],[637.2,102.67],[637.2,102.67],[637.2,102.67],[637.19,102.67],[637.17,102.68],[637.17,102.67],[637.16,102.65],[637.14,102.67],[637.13,102.68],[637.13,102.68],[637.14,102.69],[637.16,102.67],[637.16,102.67],[637.14,102.7],[637.15,102.7],[637.14,102.71],[637.11,102.68]]]}},{"type":"Feature","id":"35088-184","properties":{"ridingCode":"35088","pollNumber":"184","pollType":"N","advancePollNumber":"624","sourceCode":"184-0","geometryPollNumbers":["184"],"code":"35088-184","resultPollNumbers":["184"],"resultStatus":"exact","result":{"electors":378,"voters":150,"totalVotes":150,"rejected":0,"turnout":39.682539682539684,"winnerId":"giovanna-mingarelli","winnerPartyId":"LIB","runnerUpId":"julie-se-guin","runnerUpPartyId":"CPC","margin":0.6666666666666667,"top":[{"id":"giovanna-mingarelli","name":"Giovanna Mingarelli","shortName":"Mingarelli","partyId":"LIB","votes":72,"share":48},{"id":"julie-se-guin","name":"Julie Séguin","shortName":"Séguin","partyId":"CPC","votes":71,"share":47.333333333333336},{"id":"ryder-finlay","name":"Ryder Finlay","shortName":"Finlay","partyId":"NDP","votes":4,"share":2.666666666666667},{"id":"thaila-riden","name":"Thaila Riden","shortName":"Riden","partyId":"GRN","votes":3,"share":2}],"partyVotes":{"LIB":72,"CPC":71,"BQ":0,"NDP":4,"GRN":3,"PPC":0,"OTH":0}}},"geometry":{"type":"Polygon","coordinates":[[[637.14,102.65],[637.12,102.62],[637.13,102.61],[637.12,102.6],[637.13,102.59],[637.15,102.62],[637.16,102.63],[637.17,102.63],[637.17,102.64],[637.16,102.64],[637.14,102.65]]]}},{"type":"Feature","id":"35088-185","properties":{"ridingCode":"35088","pollNumber":"185","pollType":"N","advancePollNumber":"624","sourceCode":"185-0","geometryPollNumbers":["185"],"code":"35088-185","resultPollNumbers":["185"],"resultStatus":"exact","result":{"electors":380,"voters":157,"totalVotes":157,"rejected":0,"turnout":41.31578947368421,"winnerId":"giovanna-mingarelli","winnerPartyId":"LIB","runnerUpId":"julie-se-guin","runnerUpPartyId":"CPC","margin":8.9171974522293,"top":[{"id":"giovanna-mingarelli","name":"Giovanna Mingarelli","shortName":"Mingarelli","partyId":"LIB","votes":80,"share":50.955414012738856},{"id":"julie-se-guin","name":"Julie Séguin","shortName":"Séguin","partyId":"CPC","votes":66,"share":42.038216560509554},{"id":"thaila-riden","name":"Thaila Riden","shortName":"Riden","partyId":"GRN","votes":7,"share":4.45859872611465},{"id":"ryder-finlay","name":"Ryder Finlay","shortName":"Finlay","partyId":"NDP","votes":2,"share":1.2738853503184715}],"partyVotes":{"LIB":80,"CPC":66,"BQ":0,"NDP":2,"GRN":7,"PPC":2,"OTH":0}}},"geometry":{"type":"Polygon","coordinates":[[[637.15,102.62],[637.18,102.6],[637.18,102.61],[637.19,102.6],[637.2,102.62],[637.21,102.62],[637.2,102.62],[637.2,102.62],[637.21,102.63],[637.21,102.64],[637.21,102.64],[637.19,102.64],[637.17,102.63],[637.16,102.63],[637.15,102.62]]]}},{"type":"Feature","id":"35088-186","properties":{"ridingCode":"35088","pollNumber":"186","pollType":"N","advancePollNumber":"624","sourceCode":"186-0","geometryPollNumbers":["186"],"code":"35088-186","resultPollNumbers":["186"],"resultStatus":"exact","result":{"electors":344,"voters":111,"totalVotes":111,"rejected":0,"turnout":32.26744186046512,"winnerId":"giovanna-mingarelli","winnerPartyId":"LIB","runnerUpId":"julie-se-guin","runnerUpPartyId":"CPC","margin":6.306306306306306,"top":[{"id":"giovanna-mingarelli","name":"Giovanna Mingarelli","shortName":"Mingarelli","partyId":"LIB","votes":58,"share":52.25225225225225},{"id":"julie-se-guin","name":"Julie Séguin","shortName":"Séguin","partyId":"CPC","votes":51,"share":45.94594594594595},{"id":"ryder-finlay","name":"Ryder Finlay","shortName":"Finlay","partyId":"NDP","votes":2,"share":1.8018018018018018},{"id":"deborah-perrier","name":"Deborah Perrier","shortName":"Perrier","partyId":"PPC","votes":0,"share":0}],"partyVotes":{"LIB":58,"CPC":51,"BQ":0,"NDP":2,"GRN":0,"PPC":0,"OTH":0}}},"geometry":{"type":"Polygon","coordinates":[[[637.07,102.61],[637.08,102.6],[637.09,102.62],[637.1,102.61],[637.09,102.59],[637.11,102.57],[637.13,102.59],[637.12,102.6],[637.13,102.61],[637.12,102.62],[637.11,102.61],[637.09,102.64],[637.08,102.63],[637.07,102.61],[637.07,102.61]]]}},{"type":"Feature","id":"35088-187","properties":{"ridingCode":"35088","pollNumber":"187","pollType":"N","advancePollNumber":"625","sourceCode":"187-0","geometryPollNumbers":["187"],"code":"35088-187","resultPollNumbers":["187"],"resultStatus":"exact","result":{"electors":475,"voters":181,"totalVotes":176,"rejected":5,"turnout":38.10526315789474,"winnerId":"giovanna-mingarelli","winnerPartyId":"LIB","runnerUpId":"julie-se-guin","runnerUpPartyId":"CPC","margin":11.363636363636363,"top":[{"id":"giovanna-mingarelli","name":"Giovanna Mingarelli","shortName":"Mingarelli","partyId":"LIB","votes":92,"share":52.27272727272727},{"id":"julie-se-guin","name":"Julie Séguin","shortName":"Séguin","partyId":"CPC","votes":72,"share":40.909090909090914},{"id":"ryder-finlay","name":"Ryder Finlay","shortName":"Finlay","partyId":"NDP","votes":7,"share":3.977272727272727},{"id":"thaila-riden","name":"Thaila Riden","shortName":"Riden","partyId":"GRN","votes":3,"share":1.7045454545454544}],"partyVotes":{"LIB":92,"CPC":72,"BQ":0,"NDP":7,"GRN":3,"PPC":1,"OTH":1}}},"geometry":{"type":"Polygon","coordinates":[[[637.03,102.51],[637.04,102.49],[637.06,102.52],[637.08,102.54],[637.07,102.55],[637.07,102.54],[637.06,102.54],[637.06,102.55],[637.06,102.56],[637.05,102.57],[637.06,102.58],[637.05,102.58],[637.07,102.61],[637.07,102.61],[637.08,102.63],[637.09,102.64],[637.08,102.64],[637.06,102.65],[637.05,102.66],[637.04,102.67],[637.03,102.67],[636.96,102.58],[637.03,102.51]]]}},{"type":"Feature","id":"35088-188","properties":{"ridingCode":"35088","pollNumber":"188","pollType":"N","advancePollNumber":"624","sourceCode":"188-0","geometryPollNumbers":["188"],"code":"35088-188","resultPollNumbers":["188"],"resultStatus":"exact","result":{"electors":348,"voters":90,"totalVotes":89,"rejected":1,"turnout":25.862068965517242,"winnerId":"julie-se-guin","winnerPartyId":"CPC","runnerUpId":"giovanna-mingarelli","runnerUpPartyId":"LIB","margin":10.112359550561797,"top":[{"id":"julie-se-guin","name":"Julie Séguin","shortName":"Séguin","partyId":"CPC","votes":46,"share":51.68539325842697},{"id":"giovanna-mingarelli","name":"Giovanna Mingarelli","shortName":"Mingarelli","partyId":"LIB","votes":37,"share":41.57303370786517},{"id":"thaila-riden","name":"Thaila Riden","shortName":"Riden","partyId":"GRN","votes":3,"share":3.3707865168539324},{"id":"ryder-finlay","name":"Ryder Finlay","shortName":"Finlay","partyId":"NDP","votes":2,"share":2.247191011235955}],"partyVotes":{"LIB":37,"CPC":46,"BQ":0,"NDP":2,"GRN":3,"PPC":1,"OTH":0}}},"geometry":{"type":"Polygon","coordinates":[[[637.13,102.59],[637.11,102.57],[637.12,102.56],[637.14,102.58],[637.15,102.57],[637.15,102.57],[637.16,102.58],[637.16,102.58],[637.17,102.58],[637.17,102.58],[637.17,102.59],[637.18,102.6],[637.15,102.62],[637.13,102.59]]]}},{"type":"Feature","id":"35088-189","properties":{"ridingCode":"35088","pollNumber":"189","pollType":"N","advancePollNumber":"625","sourceCode":"189-0","geometryPollNumbers":["189"],"code":"35088-189","resultPollNumbers":["189"],"resultStatus":"exact","result":{"electors":317,"voters":123,"totalVotes":123,"rejected":0,"turnout":38.801261829652994,"winnerId":"giovanna-mingarelli","winnerPartyId":"LIB","runnerUpId":"julie-se-guin","runnerUpPartyId":"CPC","margin":21.951219512195124,"top":[{"id":"giovanna-mingarelli","name":"Giovanna Mingarelli","shortName":"Mingarelli","partyId":"LIB","votes":73,"share":59.34959349593496},{"id":"julie-se-guin","name":"Julie Séguin","shortName":"Séguin","partyId":"CPC","votes":46,"share":37.39837398373984},{"id":"ryder-finlay","name":"Ryder Finlay","shortName":"Finlay","partyId":"NDP","votes":3,"share":2.4390243902439024},{"id":"thaila-riden","name":"Thaila Riden","shortName":"Riden","partyId":"GRN","votes":1,"share":0.8130081300813009}],"partyVotes":{"LIB":73,"CPC":46,"BQ":0,"NDP":3,"GRN":1,"PPC":0,"OTH":0}}},"geometry":{"type":"Polygon","coordinates":[[[637.06,102.58],[637.07,102.57],[637.08,102.59],[637.09,102.58],[637.07,102.56],[637.09,102.55],[637.1,102.56],[637.11,102.55],[637.12,102.56],[637.11,102.57],[637.09,102.59],[637.1,102.61],[637.09,102.62],[637.08,102.6],[637.07,102.61],[637.05,102.58],[637.06,102.58]]]}},{"type":"Feature","id":"35088-190","properties":{"ridingCode":"35088","pollNumber":"190","pollType":"N","advancePollNumber":"625","sourceCode":"190-0","geometryPollNumbers":["190"],"code":"35088-190","resultPollNumbers":["190"],"resultStatus":"exact","result":{"electors":428,"voters":133,"totalVotes":133,"rejected":0,"turnout":31.074766355140188,"winnerId":"giovanna-mingarelli","winnerPartyId":"LIB","runnerUpId":"julie-se-guin","runnerUpPartyId":"CPC","margin":0,"top":[{"id":"giovanna-mingarelli","name":"Giovanna Mingarelli","shortName":"Mingarelli","partyId":"LIB","votes":63,"share":47.368421052631575},{"id":"julie-se-guin","name":"Julie Séguin","shortName":"Séguin","partyId":"CPC","votes":63,"share":47.368421052631575},{"id":"deborah-perrier","name":"Deborah Perrier","shortName":"Perrier","partyId":"PPC","votes":5,"share":3.7593984962406015},{"id":"ryder-finlay","name":"Ryder Finlay","shortName":"Finlay","partyId":"NDP","votes":2,"share":1.5037593984962405}],"partyVotes":{"LIB":63,"CPC":63,"BQ":0,"NDP":2,"GRN":0,"PPC":5,"OTH":0}}},"geometry":{"type":"Polygon","coordinates":[[[637.06,102.56],[637.06,102.55],[637.06,102.54],[637.07,102.54],[637.07,102.55],[637.08,102.54],[637.06,102.52],[637.08,102.52],[637.1,102.53],[637.15,102.57],[637.14,102.58],[637.12,102.56],[637.11,102.55],[637.1,102.56],[637.09,102.55],[637.07,102.56],[637.09,102.58],[637.08,102.59],[637.07,102.57],[637.06,102.58],[637.05,102.57],[637.06,102.56]]]}},{"type":"Feature","id":"35088-191","properties":{"ridingCode":"35088","pollNumber":"191","pollType":"N","advancePollNumber":"625","sourceCode":"191-0","geometryPollNumbers":["191"],"code":"35088-191","resultPollNumbers":["191"],"resultStatus":"exact","result":{"electors":504,"voters":199,"totalVotes":199,"rejected":0,"turnout":39.48412698412698,"winnerId":"giovanna-mingarelli","winnerPartyId":"LIB","runnerUpId":"julie-se-guin","runnerUpPartyId":"CPC","margin":12.060301507537687,"top":[{"id":"giovanna-mingarelli","name":"Giovanna Mingarelli","shortName":"Mingarelli","partyId":"LIB","votes":105,"share":52.76381909547738},{"id":"julie-se-guin","name":"Julie Séguin","shortName":"Séguin","partyId":"CPC","votes":81,"share":40.7035175879397},{"id":"ryder-finlay","name":"Ryder Finlay","shortName":"Finlay","partyId":"NDP","votes":9,"share":4.522613065326634},{"id":"deborah-perrier","name":"Deborah Perrier","shortName":"Perrier","partyId":"PPC","votes":2,"share":1.0050251256281406}],"partyVotes":{"LIB":105,"CPC":81,"BQ":0,"NDP":9,"GRN":2,"PPC":2,"OTH":0}}},"geometry":{"type":"Polygon","coordinates":[[[636.87,102.48],[636.9,102.45],[636.9,102.44],[636.93,102.43],[636.94,102.43],[636.95,102.43],[637,102.45],[637,102.46],[636.99,102.45],[636.99,102.45],[636.97,102.48],[637,102.49],[637,102.49],[637.02,102.5],[637.02,102.5],[637.03,102.51],[636.96,102.58],[636.87,102.48]]]}},{"type":"Feature","id":"35088-192","properties":{"ridingCode":"35088","pollNumber":"192","pollType":"N","advancePollNumber":"625","sourceCode":"192-0","geometryPollNumbers":["192"],"code":"35088-192","resultPollNumbers":["192"],"resultStatus":"exact","result":{"electors":354,"voters":138,"totalVotes":138,"rejected":0,"turnout":38.983050847457626,"winnerId":"julie-se-guin","winnerPartyId":"CPC","runnerUpId":"giovanna-mingarelli","runnerUpPartyId":"LIB","margin":26.08695652173913,"top":[{"id":"julie-se-guin","name":"Julie Séguin","shortName":"Séguin","partyId":"CPC","votes":84,"share":60.86956521739131},{"id":"giovanna-mingarelli","name":"Giovanna Mingarelli","shortName":"Mingarelli","partyId":"LIB","votes":48,"share":34.78260869565217},{"id":"ryder-finlay","name":"Ryder Finlay","shortName":"Finlay","partyId":"NDP","votes":2,"share":1.4492753623188406},{"id":"deborah-perrier","name":"Deborah Perrier","shortName":"Perrier","partyId":"PPC","votes":2,"share":1.4492753623188406}],"partyVotes":{"LIB":48,"CPC":84,"BQ":0,"NDP":2,"GRN":2,"PPC":2,"OTH":0}}},"geometry":{"type":"Polygon","coordinates":[[[636.14,102.76],[636.25,102.63],[636.44,102.4],[636.52,102.5],[636.65,102.34],[636.68,102.31],[636.69,102.29],[636.71,102.31],[636.74,102.33],[636.78,102.37],[636.8,102.38],[636.82,102.36],[636.83,102.36],[636.88,102.4],[636.93,102.41],[636.93,102.43],[636.9,102.44],[636.9,102.45],[636.87,102.48],[636.5,102.91],[636.44,102.98],[636.44,102.99],[636.44,103.01],[636.29,102.88],[636.14,102.76]]]}},{"type":"Feature","id":"35088-193","properties":{"ridingCode":"35088","pollNumber":"193","pollType":"N","advancePollNumber":"627","sourceCode":"193-0","geometryPollNumbers":["193"],"code":"35088-193","resultPollNumbers":["193"],"resultStatus":"exact","result":{"electors":285,"voters":119,"totalVotes":119,"rejected":0,"turnout":41.75438596491228,"winnerId":"julie-se-guin","winnerPartyId":"CPC","runnerUpId":"giovanna-mingarelli","runnerUpPartyId":"LIB","margin":11.76470588235294,"top":[{"id":"julie-se-guin","name":"Julie Séguin","shortName":"Séguin","partyId":"CPC","votes":65,"share":54.621848739495796},{"id":"giovanna-mingarelli","name":"Giovanna Mingarelli","shortName":"Mingarelli","partyId":"LIB","votes":51,"share":42.857142857142854},{"id":"ryder-finlay","name":"Ryder Finlay","shortName":"Finlay","partyId":"NDP","votes":2,"share":1.680672268907563},{"id":"deborah-perrier","name":"Deborah Perrier","shortName":"Perrier","partyId":"PPC","votes":1,"share":0.8403361344537815}],"partyVotes":{"LIB":51,"CPC":65,"BQ":0,"NDP":2,"GRN":0,"PPC":1,"OTH":0}}},"geometry":{"type":"Polygon","coordinates":[[[636.02,102.49],[636.27,102.18],[636.35,102.29],[636.39,102.34],[636.4,102.35],[636.44,102.4],[636.25,102.63],[636.14,102.76],[635.94,102.6],[636.02,102.49]]]}},{"type":"Feature","id":"35088-194","properties":{"ridingCode":"35088","pollNumber":"194","pollType":"N","advancePollNumber":"626","sourceCode":"194-0","geometryPollNumbers":["194"],"code":"35088-194","resultPollNumbers":["194"],"resultStatus":"exact","result":{"electors":759,"voters":318,"totalVotes":316,"rejected":2,"turnout":41.89723320158103,"winnerId":"julie-se-guin","winnerPartyId":"CPC","runnerUpId":"giovanna-mingarelli","runnerUpPartyId":"LIB","margin":12.658227848101266,"top":[{"id":"julie-se-guin","name":"Julie Séguin","shortName":"Séguin","partyId":"CPC","votes":174,"share":55.06329113924051},{"id":"giovanna-mingarelli","name":"Giovanna Mingarelli","shortName":"Mingarelli","partyId":"LIB","votes":134,"share":42.405063291139236},{"id":"ryder-finlay","name":"Ryder Finlay","shortName":"Finlay","partyId":"NDP","votes":4,"share":1.2658227848101267},{"id":"deborah-perrier","name":"Deborah Perrier","shortName":"Perrier","partyId":"PPC","votes":2,"share":0.6329113924050633}],"partyVotes":{"LIB":134,"CPC":174,"BQ":0,"NDP":4,"GRN":1,"PPC":2,"OTH":1}}},"geometry":{"type":"Polygon","coordinates":[[[636.53,102.29],[636.56,102.31],[636.57,102.29],[636.58,102.31],[636.59,102.3],[636.6,102.29],[636.6,102.3],[636.6,102.3],[636.61,102.3],[636.64,102.32],[636.65,102.33],[636.65,102.34],[636.52,102.5],[636.44,102.4],[636.53,102.29]]]}},{"type":"Feature","id":"35088-195","properties":{"ridingCode":"35088","pollNumber":"195","pollType":"N","advancePollNumber":"626","sourceCode":"195-0","geometryPollNumbers":["195"],"code":"35088-195","resultPollNumbers":["195"],"resultStatus":"exact","result":{"electors":415,"voters":152,"totalVotes":152,"rejected":0,"turnout":36.626506024096386,"winnerId":"giovanna-mingarelli","winnerPartyId":"LIB","runnerUpId":"julie-se-guin","runnerUpPartyId":"CPC","margin":21.052631578947366,"top":[{"id":"giovanna-mingarelli","name":"Giovanna Mingarelli","shortName":"Mingarelli","partyId":"LIB","votes":89,"share":58.55263157894737},{"id":"julie-se-guin","name":"Julie Séguin","shortName":"Séguin","partyId":"CPC","votes":57,"share":37.5},{"id":"ryder-finlay","name":"Ryder Finlay","shortName":"Finlay","partyId":"NDP","votes":3,"share":1.9736842105263157},{"id":"deborah-perrier","name":"Deborah Perrier","shortName":"Perrier","partyId":"PPC","votes":1,"share":0.6578947368421052}],"partyVotes":{"LIB":89,"CPC":57,"BQ":0,"NDP":3,"GRN":1,"PPC":1,"OTH":1}}},"geometry":{"type":"Polygon","coordinates":[[[636.57,102.27],[636.58,102.28],[636.59,102.27],[636.63,102.29],[636.62,102.3],[636.64,102.31],[636.66,102.33],[636.65,102.33],[636.64,102.32],[636.61,102.3],[636.6,102.3],[636.6,102.3],[636.6,102.29],[636.58,102.29],[636.58,102.29],[636.57,102.28],[636.57,102.27]]]}},{"type":"Feature","id":"35088-196","properties":{"ridingCode":"35088","pollNumber":"196","pollType":"N","advancePollNumber":"626","sourceCode":"196-0","geometryPollNumbers":["196"],"code":"35088-196","resultPollNumbers":["196"],"resultStatus":"exact","result":{"electors":522,"voters":212,"totalVotes":211,"rejected":1,"turnout":40.61302681992337,"winnerId":"julie-se-guin","winnerPartyId":"CPC","runnerUpId":"giovanna-mingarelli","runnerUpPartyId":"LIB","margin":15.639810426540285,"top":[{"id":"julie-se-guin","name":"Julie Séguin","shortName":"Séguin","partyId":"CPC","votes":116,"share":54.976303317535546},{"id":"giovanna-mingarelli","name":"Giovanna Mingarelli","shortName":"Mingarelli","partyId":"LIB","votes":83,"share":39.33649289099526},{"id":"ryder-finlay","name":"Ryder Finlay","shortName":"Finlay","partyId":"NDP","votes":6,"share":2.843601895734597},{"id":"thaila-riden","name":"Thaila Riden","shortName":"Riden","partyId":"GRN","votes":3,"share":1.4218009478672986}],"partyVotes":{"LIB":83,"CPC":116,"BQ":0,"NDP":6,"GRN":3,"PPC":1,"OTH":2}}},"geometry":{"type":"Polygon","coordinates":[[[636.56,102.31],[636.53,102.29],[636.56,102.26],[636.57,102.27],[636.57,102.28],[636.58,102.29],[636.58,102.29],[636.6,102.29],[636.59,102.3],[636.58,102.31],[636.57,102.29],[636.56,102.31]]]}},{"type":"Feature","id":"35088-197","properties":{"ridingCode":"35088","pollNumber":"197","pollType":"N","advancePollNumber":"627","sourceCode":"197-0","geometryPollNumbers":["197"],"code":"35088-197","resultPollNumbers":["197"],"resultStatus":"exact","result":{"electors":305,"voters":126,"totalVotes":125,"rejected":1,"turnout":41.31147540983607,"winnerId":"julie-se-guin","winnerPartyId":"CPC","runnerUpId":"giovanna-mingarelli","runnerUpPartyId":"LIB","margin":6.4,"top":[{"id":"julie-se-guin","name":"Julie Séguin","shortName":"Séguin","partyId":"CPC","votes":64,"share":51.2},{"id":"giovanna-mingarelli","name":"Giovanna Mingarelli","shortName":"Mingarelli","partyId":"LIB","votes":56,"share":44.800000000000004},{"id":"deborah-perrier","name":"Deborah Perrier","shortName":"Perrier","partyId":"PPC","votes":3,"share":2.4},{"id":"ryder-finlay","name":"Ryder Finlay","shortName":"Finlay","partyId":"NDP","votes":2,"share":1.6}],"partyVotes":{"LIB":56,"CPC":64,"BQ":0,"NDP":2,"GRN":0,"PPC":3,"OTH":0}}},"geometry":{"type":"Polygon","coordinates":[[[636.44,102.4],[636.4,102.35],[636.39,102.34],[636.35,102.29],[636.46,102.16],[636.48,102.19],[636.51,102.22],[636.53,102.23],[636.54,102.24],[636.57,102.25],[636.56,102.26],[636.53,102.29],[636.44,102.4]]]}},{"type":"Feature","id":"35088-198","properties":{"ridingCode":"35088","pollNumber":"198","pollType":"N","advancePollNumber":"626","sourceCode":"198-0","geometryPollNumbers":["198"],"code":"35088-198","resultPollNumbers":["198"],"resultStatus":"exact","result":{"electors":562,"voters":199,"totalVotes":199,"rejected":0,"turnout":35.40925266903915,"winnerId":"giovanna-mingarelli","winnerPartyId":"LIB","runnerUpId":"julie-se-guin","runnerUpPartyId":"CPC","margin":25.628140703517587,"top":[{"id":"giovanna-mingarelli","name":"Giovanna Mingarelli","shortName":"Mingarelli","partyId":"LIB","votes":121,"share":60.80402010050251},{"id":"julie-se-guin","name":"Julie Séguin","shortName":"Séguin","partyId":"CPC","votes":70,"share":35.175879396984925},{"id":"ryder-finlay","name":"Ryder Finlay","shortName":"Finlay","partyId":"NDP","votes":4,"share":2.0100502512562812},{"id":"thaila-riden","name":"Thaila Riden","shortName":"Riden","partyId":"GRN","votes":2,"share":1.0050251256281406}],"partyVotes":{"LIB":121,"CPC":70,"BQ":0,"NDP":4,"GRN":2,"PPC":1,"OTH":1}}},"geometry":{"type":"Polygon","coordinates":[[[636.64,102.31],[636.62,102.3],[636.63,102.29],[636.59,102.27],[636.58,102.28],[636.57,102.27],[636.56,102.26],[636.57,102.25],[636.59,102.23],[636.6,102.24],[636.59,102.25],[636.62,102.27],[636.62,102.27],[636.63,102.28],[636.64,102.27],[636.64,102.26],[636.64,102.26],[636.67,102.29],[636.67,102.3],[636.68,102.31],[636.65,102.34],[636.65,102.33],[636.66,102.33],[636.64,102.31]]]}},{"type":"Feature","id":"35088-199","properties":{"ridingCode":"35088","pollNumber":"199","pollType":"N","advancePollNumber":"627","sourceCode":"199-0","geometryPollNumbers":["199"],"code":"35088-199","resultPollNumbers":["199"],"resultStatus":"exact","result":{"electors":499,"voters":175,"totalVotes":175,"rejected":0,"turnout":35.07014028056113,"winnerId":"giovanna-mingarelli","winnerPartyId":"LIB","runnerUpId":"julie-se-guin","runnerUpPartyId":"CPC","margin":14.285714285714285,"top":[{"id":"giovanna-mingarelli","name":"Giovanna Mingarelli","shortName":"Mingarelli","partyId":"LIB","votes":94,"share":53.714285714285715},{"id":"julie-se-guin","name":"Julie Séguin","shortName":"Séguin","partyId":"CPC","votes":69,"share":39.42857142857143},{"id":"ryder-finlay","name":"Ryder Finlay","shortName":"Finlay","partyId":"NDP","votes":8,"share":4.571428571428571},{"id":"deborah-perrier","name":"Deborah Perrier","shortName":"Perrier","partyId":"PPC","votes":2,"share":1.1428571428571428}],"partyVotes":{"LIB":94,"CPC":69,"BQ":0,"NDP":8,"GRN":1,"PPC":2,"OTH":1}}},"geometry":{"type":"Polygon","coordinates":[[[636.62,102.27],[636.59,102.25],[636.6,102.24],[636.6,102.24],[636.62,102.23],[636.63,102.24],[636.64,102.23],[636.69,102.29],[636.68,102.31],[636.67,102.3],[636.67,102.29],[636.64,102.26],[636.64,102.26],[636.64,102.27],[636.63,102.28],[636.62,102.27],[636.62,102.27]]]}},{"type":"Feature","id":"35088-200","properties":{"ridingCode":"35088","pollNumber":"200","pollType":"N","advancePollNumber":"625","sourceCode":"200-0","geometryPollNumbers":["200"],"code":"35088-200","resultPollNumbers":["200"],"resultStatus":"exact","result":{"electors":273,"voters":118,"totalVotes":117,"rejected":1,"turnout":43.223443223443226,"winnerId":"julie-se-guin","winnerPartyId":"CPC","runnerUpId":"giovanna-mingarelli","runnerUpPartyId":"LIB","margin":25.64102564102564,"top":[{"id":"julie-se-guin","name":"Julie Séguin","shortName":"Séguin","partyId":"CPC","votes":72,"share":61.53846153846154},{"id":"giovanna-mingarelli","name":"Giovanna Mingarelli","shortName":"Mingarelli","partyId":"LIB","votes":42,"share":35.8974358974359},{"id":"ryder-finlay","name":"Ryder Finlay","shortName":"Finlay","partyId":"NDP","votes":3,"share":2.564102564102564},{"id":"deborah-perrier","name":"Deborah Perrier","shortName":"Perrier","partyId":"PPC","votes":0,"share":0}],"partyVotes":{"LIB":42,"CPC":72,"BQ":0,"NDP":3,"GRN":0,"PPC":0,"OTH":0}}},"geometry":{"type":"Polygon","coordinates":[[[636.69,102.29],[636.64,102.23],[636.63,102.22],[636.63,102.21],[636.62,102.2],[636.63,102.18],[636.64,102.19],[636.64,102.2],[636.65,102.2],[636.67,102.23],[636.69,102.26],[636.7,102.26],[636.71,102.26],[636.72,102.26],[636.75,102.23],[636.9,102.05],[636.93,102.08],[636.94,102.11],[637.02,102.21],[637.02,102.22],[637.04,102.22],[637.06,102.26],[636.93,102.41],[636.88,102.4],[636.83,102.36],[636.82,102.36],[636.8,102.38],[636.78,102.37],[636.74,102.33],[636.71,102.31],[636.69,102.29]]]}},{"type":"Feature","id":"35088-201","properties":{"ridingCode":"35088","pollNumber":"201","pollType":"N","advancePollNumber":"627","sourceCode":"201-0","geometryPollNumbers":["201"],"code":"35088-201","resultPollNumbers":["201"],"resultStatus":"exact","result":{"electors":366,"voters":148,"totalVotes":147,"rejected":1,"turnout":40.43715846994536,"winnerId":"giovanna-mingarelli","winnerPartyId":"LIB","runnerUpId":"julie-se-guin","runnerUpPartyId":"CPC","margin":1.3605442176870748,"top":[{"id":"giovanna-mingarelli","name":"Giovanna Mingarelli","shortName":"Mingarelli","partyId":"LIB","votes":72,"share":48.97959183673469},{"id":"julie-se-guin","name":"Julie Séguin","shortName":"Séguin","partyId":"CPC","votes":70,"share":47.61904761904761},{"id":"ryder-finlay","name":"Ryder Finlay","shortName":"Finlay","partyId":"NDP","votes":4,"share":2.7210884353741496},{"id":"thaila-riden","name":"Thaila Riden","shortName":"Riden","partyId":"GRN","votes":1,"share":0.6802721088435374}],"partyVotes":{"LIB":72,"CPC":70,"BQ":0,"NDP":4,"GRN":1,"PPC":0,"OTH":0}}},"geometry":{"type":"Polygon","coordinates":[[[636.57,102.19],[636.57,102.18],[636.58,102.18],[636.6,102.19],[636.6,102.19],[636.62,102.2],[636.63,102.21],[636.63,102.22],[636.64,102.23],[636.63,102.24],[636.62,102.23],[636.6,102.24],[636.6,102.24],[636.59,102.23],[636.6,102.22],[636.57,102.19]]]}},{"type":"Feature","id":"35088-202","properties":{"ridingCode":"35088","pollNumber":"202","pollType":"N","advancePollNumber":"628","sourceCode":"202-0","geometryPollNumbers":["202"],"code":"35088-202","resultPollNumbers":["202"],"resultStatus":"exact","result":{"electors":364,"voters":233,"totalVotes":233,"rejected":0,"turnout":64.01098901098901,"winnerId":"julie-se-guin","winnerPartyId":"CPC","runnerUpId":"giovanna-mingarelli","runnerUpPartyId":"LIB","margin":0.4291845493562232,"top":[{"id":"julie-se-guin","name":"Julie Séguin","shortName":"Séguin","partyId":"CPC","votes":108,"share":46.3519313304721},{"id":"giovanna-mingarelli","name":"Giovanna Mingarelli","shortName":"Mingarelli","partyId":"LIB","votes":107,"share":45.92274678111588},{"id":"ryder-finlay","name":"Ryder Finlay","shortName":"Finlay","partyId":"NDP","votes":10,"share":4.291845493562231},{"id":"thaila-riden","name":"Thaila Riden","shortName":"Riden","partyId":"GRN","votes":4,"share":1.7167381974248928}],"partyVotes":{"LIB":107,"CPC":108,"BQ":0,"NDP":10,"GRN":4,"PPC":2,"OTH":2}}},"geometry":{"type":"Polygon","coordinates":[[[636.82,101.96],[636.65,101.73],[636.75,101.61],[636.9,101.45],[637.1,101.66],[637.1,101.67],[637.09,101.67],[637.08,101.66],[637.07,101.66],[637.02,101.71],[637.02,101.74],[636.92,101.76],[636.88,101.8],[636.91,101.84],[636.91,101.86],[636.89,101.86],[636.83,101.94],[636.82,101.96]]]}},{"type":"Feature","id":"35088-203","properties":{"ridingCode":"35088","pollNumber":"203","pollType":"N","advancePollNumber":"624","sourceCode":"203-0","geometryPollNumbers":["203"],"code":"35088-203","resultPollNumbers":["203"],"resultStatus":"exact","result":{"electors":465,"voters":169,"totalVotes":168,"rejected":1,"turnout":36.344086021505376,"winnerId":"giovanna-mingarelli","winnerPartyId":"LIB","runnerUpId":"julie-se-guin","runnerUpPartyId":"CPC","margin":10.119047619047619,"top":[{"id":"giovanna-mingarelli","name":"Giovanna Mingarelli","shortName":"Mingarelli","partyId":"LIB","votes":84,"share":50},{"id":"julie-se-guin","name":"Julie Séguin","shortName":"Séguin","partyId":"CPC","votes":67,"share":39.88095238095239},{"id":"ryder-finlay","name":"Ryder Finlay","shortName":"Finlay","partyId":"NDP","votes":6,"share":3.571428571428571},{"id":"thaila-riden","name":"Thaila Riden","shortName":"Riden","partyId":"GRN","votes":6,"share":3.571428571428571}],"partyVotes":{"LIB":84,"CPC":67,"BQ":0,"NDP":6,"GRN":6,"PPC":4,"OTH":1}}},"geometry":{"type":"Polygon","coordinates":[[[637.21,102.65],[637.21,102.64],[637.21,102.64],[637.21,102.63],[637.22,102.62],[637.21,102.62],[637.22,102.61],[637.22,102.61],[637.23,102.62],[637.23,102.62],[637.23,102.63],[637.25,102.65],[637.25,102.65],[637.23,102.67],[637.23,102.67],[637.22,102.68],[637.21,102.66],[637.21,102.65]]]}},{"type":"Feature","id":"35088-204","properties":{"ridingCode":"35088","pollNumber":"204","pollType":"N","advancePollNumber":"624","sourceCode":"204-0","geometryPollNumbers":["204"],"code":"35088-204","resultPollNumbers":["204"],"resultStatus":"exact","result":{"electors":401,"voters":140,"totalVotes":140,"rejected":0,"turnout":34.91271820448878,"winnerId":"giovanna-mingarelli","winnerPartyId":"LIB","runnerUpId":"julie-se-guin","runnerUpPartyId":"CPC","margin":12.142857142857142,"top":[{"id":"giovanna-mingarelli","name":"Giovanna Mingarelli","shortName":"Mingarelli","partyId":"LIB","votes":71,"share":50.71428571428571},{"id":"julie-se-guin","name":"Julie Séguin","shortName":"Séguin","partyId":"CPC","votes":54,"share":38.57142857142858},{"id":"ryder-finlay","name":"Ryder Finlay","shortName":"Finlay","partyId":"NDP","votes":10,"share":7.142857142857142},{"id":"deborah-perrier","name":"Deborah Perrier","shortName":"Perrier","partyId":"PPC","votes":3,"share":2.142857142857143}],"partyVotes":{"LIB":71,"CPC":54,"BQ":0,"NDP":10,"GRN":0,"PPC":3,"OTH":2}}},"geometry":{"type":"Polygon","coordinates":[[[637.15,102.57],[637.16,102.57],[637.24,102.48],[637.31,102.56],[637.33,102.56],[637.26,102.64],[637.25,102.65],[637.25,102.65],[637.25,102.65],[637.23,102.63],[637.23,102.62],[637.23,102.62],[637.22,102.61],[637.22,102.61],[637.21,102.62],[637.22,102.62],[637.21,102.63],[637.2,102.62],[637.2,102.62],[637.21,102.62],[637.2,102.62],[637.19,102.6],[637.18,102.61],[637.18,102.6],[637.17,102.59],[637.17,102.58],[637.16,102.58],[637.16,102.58],[637.15,102.57],[637.15,102.57]],[[637.21,102.6],[637.21,102.61],[637.21,102.61],[637.21,102.6]]]}},{"type":"Feature","id":"35088-205","properties":{"ridingCode":"35088","pollNumber":"205","pollType":"N","advancePollNumber":"624","sourceCode":"205-0","geometryPollNumbers":["205"],"code":"35088-205","resultPollNumbers":["205"],"resultStatus":"exact","result":{"electors":318,"voters":119,"totalVotes":119,"rejected":0,"turnout":37.42138364779874,"winnerId":"giovanna-mingarelli","winnerPartyId":"LIB","runnerUpId":"julie-se-guin","runnerUpPartyId":"CPC","margin":3.361344537815126,"top":[{"id":"giovanna-mingarelli","name":"Giovanna Mingarelli","shortName":"Mingarelli","partyId":"LIB","votes":58,"share":48.739495798319325},{"id":"julie-se-guin","name":"Julie Séguin","shortName":"Séguin","partyId":"CPC","votes":54,"share":45.378151260504204},{"id":"ryder-finlay","name":"Ryder Finlay","shortName":"Finlay","partyId":"NDP","votes":4,"share":3.361344537815126},{"id":"deborah-perrier","name":"Deborah Perrier","shortName":"Perrier","partyId":"PPC","votes":2,"share":1.680672268907563}],"partyVotes":{"LIB":58,"CPC":54,"BQ":0,"NDP":4,"GRN":1,"PPC":2,"OTH":0}}},"geometry":{"type":"Polygon","coordinates":[[[637.25,102.65],[637.25,102.65],[637.26,102.64],[637.33,102.56],[637.49,102.36],[637.61,102.21],[637.79,102.4],[637.79,102.4],[637.71,102.51],[637.45,102.81],[637.42,102.85],[637.14,102.79],[637.2,102.71],[637.22,102.69],[637.23,102.67],[637.25,102.65]]]}},{"type":"Feature","id":"35088-206","properties":{"ridingCode":"35088","pollNumber":"206","pollType":"N","advancePollNumber":"625","sourceCode":"206-0","geometryPollNumbers":["206"],"code":"35088-206","resultPollNumbers":["206"],"resultStatus":"exact","result":{"electors":615,"voters":227,"totalVotes":227,"rejected":0,"turnout":36.91056910569105,"winnerId":"julie-se-guin","winnerPartyId":"CPC","runnerUpId":"giovanna-mingarelli","runnerUpPartyId":"LIB","margin":4.845814977973569,"top":[{"id":"julie-se-guin","name":"Julie Séguin","shortName":"Séguin","partyId":"CPC","votes":114,"share":50.22026431718062},{"id":"giovanna-mingarelli","name":"Giovanna Mingarelli","shortName":"Mingarelli","partyId":"LIB","votes":103,"share":45.37444933920705},{"id":"ryder-finlay","name":"Ryder Finlay","shortName":"Finlay","partyId":"NDP","votes":6,"share":2.643171806167401},{"id":"thaila-riden","name":"Thaila Riden","shortName":"Riden","partyId":"GRN","votes":2,"share":0.881057268722467}],"partyVotes":{"LIB":103,"CPC":114,"BQ":0,"NDP":6,"GRN":2,"PPC":1,"OTH":1}}},"geometry":{"type":"Polygon","coordinates":[[[637.1,102.48],[637.12,102.45],[637.14,102.49],[637.15,102.51],[637.18,102.53],[637.15,102.57],[637.1,102.53],[637.08,102.52],[637.06,102.52],[637.04,102.49],[637.07,102.45],[637.1,102.48]]]}},{"type":"Feature","id":"35088-207","properties":{"ridingCode":"35088","pollNumber":"207","pollType":"N","advancePollNumber":"625","sourceCode":"207-0","geometryPollNumbers":["207"],"code":"35088-207","resultPollNumbers":["207"],"resultStatus":"exact","result":{"electors":437,"voters":137,"totalVotes":134,"rejected":3,"turnout":31.35011441647597,"winnerId":"giovanna-mingarelli","winnerPartyId":"LIB","runnerUpId":"julie-se-guin","runnerUpPartyId":"CPC","margin":16.417910447761194,"top":[{"id":"giovanna-mingarelli","name":"Giovanna Mingarelli","shortName":"Mingarelli","partyId":"LIB","votes":74,"share":55.223880597014926},{"id":"julie-se-guin","name":"Julie Séguin","shortName":"Séguin","partyId":"CPC","votes":52,"share":38.80597014925373},{"id":"ryder-finlay","name":"Ryder Finlay","shortName":"Finlay","partyId":"NDP","votes":5,"share":3.731343283582089},{"id":"deborah-perrier","name":"Deborah Perrier","shortName":"Perrier","partyId":"PPC","votes":3,"share":2.2388059701492535}],"partyVotes":{"LIB":74,"CPC":52,"BQ":0,"NDP":5,"GRN":0,"PPC":3,"OTH":0}}},"geometry":{"type":"Polygon","coordinates":[[[637,102.49],[636.97,102.48],[636.99,102.45],[636.99,102.45],[637,102.46],[637,102.45],[637.04,102.49],[637.03,102.51],[637.02,102.5],[637.02,102.5],[637,102.49],[637,102.49]]]}},{"type":"Feature","id":"35088-208","properties":{"ridingCode":"35088","pollNumber":"208","pollType":"N","advancePollNumber":"625","sourceCode":"208-0","geometryPollNumbers":["208"],"code":"35088-208","resultPollNumbers":["208"],"resultStatus":"exact","result":{"electors":646,"voters":223,"totalVotes":223,"rejected":0,"turnout":34.52012383900929,"winnerId":"giovanna-mingarelli","winnerPartyId":"LIB","runnerUpId":"julie-se-guin","runnerUpPartyId":"CPC","margin":2.242152466367713,"top":[{"id":"giovanna-mingarelli","name":"Giovanna Mingarelli","shortName":"Mingarelli","partyId":"LIB","votes":108,"share":48.4304932735426},{"id":"julie-se-guin","name":"Julie Séguin","shortName":"Séguin","partyId":"CPC","votes":103,"share":46.18834080717489},{"id":"ryder-finlay","name":"Ryder Finlay","shortName":"Finlay","partyId":"NDP","votes":8,"share":3.587443946188341},{"id":"thaila-riden","name":"Thaila Riden","shortName":"Riden","partyId":"GRN","votes":3,"share":1.345291479820628}],"partyVotes":{"LIB":108,"CPC":103,"BQ":0,"NDP":8,"GRN":3,"PPC":1,"OTH":0}}},"geometry":{"type":"Polygon","coordinates":[[[637.07,102.45],[637.15,102.36],[637.24,102.46],[637.18,102.53],[637.15,102.51],[637.14,102.49],[637.12,102.45],[637.1,102.48],[637.07,102.45]]]}},{"type":"Feature","id":"35088-209","properties":{"ridingCode":"35088","pollNumber":"209","pollType":"N","advancePollNumber":"625","sourceCode":"209-0","geometryPollNumbers":["209"],"code":"35088-209","resultPollNumbers":["209"],"resultStatus":"exact","result":{"electors":435,"voters":140,"totalVotes":139,"rejected":1,"turnout":32.18390804597701,"winnerId":"giovanna-mingarelli","winnerPartyId":"LIB","runnerUpId":"julie-se-guin","runnerUpPartyId":"CPC","margin":2.158273381294964,"top":[{"id":"giovanna-mingarelli","name":"Giovanna Mingarelli","shortName":"Mingarelli","partyId":"LIB","votes":66,"share":47.482014388489205},{"id":"julie-se-guin","name":"Julie Séguin","shortName":"Séguin","partyId":"CPC","votes":63,"share":45.32374100719424},{"id":"ryder-finlay","name":"Ryder Finlay","shortName":"Finlay","partyId":"NDP","votes":7,"share":5.0359712230215825},{"id":"jason-st-louis","name":"Jason St-Louis","shortName":"St-Louis","partyId":"OTH","votes":2,"share":1.4388489208633095}],"partyVotes":{"LIB":66,"CPC":63,"BQ":0,"NDP":7,"GRN":1,"PPC":0,"OTH":2}}},"geometry":{"type":"Polygon","coordinates":[[[636.93,102.41],[637.06,102.26],[637.25,102.03],[637.34,102.13],[637.15,102.36],[637.07,102.45],[637.04,102.49],[637,102.45],[636.95,102.43],[636.94,102.43],[636.93,102.43],[636.93,102.41]]]}},{"type":"Feature","id":"35088-210","properties":{"ridingCode":"35088","pollNumber":"210","pollType":"N","advancePollNumber":"625","sourceCode":"210-0","geometryPollNumbers":["210"],"code":"35088-210","resultPollNumbers":["210"],"resultStatus":"exact","result":{"electors":288,"voters":108,"totalVotes":108,"rejected":0,"turnout":37.5,"winnerId":"julie-se-guin","winnerPartyId":"CPC","runnerUpId":"giovanna-mingarelli","runnerUpPartyId":"LIB","margin":24.074074074074073,"top":[{"id":"julie-se-guin","name":"Julie Séguin","shortName":"Séguin","partyId":"CPC","votes":64,"share":59.25925925925925},{"id":"giovanna-mingarelli","name":"Giovanna Mingarelli","shortName":"Mingarelli","partyId":"LIB","votes":38,"share":35.18518518518518},{"id":"deborah-perrier","name":"Deborah Perrier","shortName":"Perrier","partyId":"PPC","votes":3,"share":2.7777777777777777},{"id":"ryder-finlay","name":"Ryder Finlay","shortName":"Finlay","partyId":"NDP","votes":2,"share":1.8518518518518516}],"partyVotes":{"LIB":38,"CPC":64,"BQ":0,"NDP":2,"GRN":1,"PPC":3,"OTH":0}}},"geometry":{"type":"Polygon","coordinates":[[[637.15,102.36],[637.34,102.13],[637.25,102.03],[637.34,101.93],[637.43,102.03],[637.44,102.03],[637.44,102.03],[637.45,102.04],[637.61,102.21],[637.49,102.36],[637.33,102.56],[637.31,102.56],[637.24,102.48],[637.16,102.57],[637.15,102.57],[637.18,102.53],[637.24,102.46],[637.15,102.36]]]}},{"type":"Feature","id":"35088-211","properties":{"ridingCode":"35088","pollNumber":"211","pollType":"N","advancePollNumber":"628","sourceCode":"211-0","geometryPollNumbers":["211"],"code":"35088-211","resultPollNumbers":["211"],"resultStatus":"exact","result":{"electors":330,"voters":139,"totalVotes":138,"rejected":1,"turnout":42.12121212121212,"winnerId":"julie-se-guin","winnerPartyId":"CPC","runnerUpId":"giovanna-mingarelli","runnerUpPartyId":"LIB","margin":9.420289855072465,"top":[{"id":"julie-se-guin","name":"Julie Séguin","shortName":"Séguin","partyId":"CPC","votes":73,"share":52.89855072463768},{"id":"giovanna-mingarelli","name":"Giovanna Mingarelli","shortName":"Mingarelli","partyId":"LIB","votes":60,"share":43.47826086956522},{"id":"ryder-finlay","name":"Ryder Finlay","shortName":"Finlay","partyId":"NDP","votes":2,"share":1.4492753623188406},{"id":"deborah-perrier","name":"Deborah Perrier","shortName":"Perrier","partyId":"PPC","votes":2,"share":1.4492753623188406}],"partyVotes":{"LIB":60,"CPC":73,"BQ":0,"NDP":2,"GRN":1,"PPC":2,"OTH":0}}},"geometry":{"type":"Polygon","coordinates":[[[636.82,101.96],[636.83,101.94],[636.89,101.86],[636.91,101.86],[636.91,101.84],[636.88,101.8],[636.92,101.76],[637.02,101.74],[637.02,101.71],[637.07,101.66],[637.08,101.66],[637.09,101.67],[637.1,101.67],[637.11,101.68],[637.15,101.72],[637.17,101.73],[637.16,101.74],[637.17,101.74],[637.34,101.93],[637.25,102.03],[637.06,102.26],[637.04,102.22],[637.02,102.22],[637.02,102.21],[636.94,102.11],[636.93,102.08],[636.9,102.05],[636.82,101.96]]]}},{"type":"Feature","id":"35088-212","properties":{"ridingCode":"35088","pollNumber":"212","pollType":"N","advancePollNumber":"627","sourceCode":"212-0","geometryPollNumbers":["212"],"code":"35088-212","resultPollNumbers":["212"],"resultStatus":"exact","result":{"electors":437,"voters":201,"totalVotes":201,"rejected":0,"turnout":45.9954233409611,"winnerId":"giovanna-mingarelli","winnerPartyId":"LIB","runnerUpId":"julie-se-guin","runnerUpPartyId":"CPC","margin":11.442786069651742,"top":[{"id":"giovanna-mingarelli","name":"Giovanna Mingarelli","shortName":"Mingarelli","partyId":"LIB","votes":106,"share":52.736318407960205},{"id":"julie-se-guin","name":"Julie Séguin","shortName":"Séguin","partyId":"CPC","votes":83,"share":41.29353233830846},{"id":"thaila-riden","name":"Thaila Riden","shortName":"Riden","partyId":"GRN","votes":5,"share":2.4875621890547266},{"id":"ryder-finlay","name":"Ryder Finlay","shortName":"Finlay","partyId":"NDP","votes":4,"share":1.9900497512437811}],"partyVotes":{"LIB":106,"CPC":83,"BQ":0,"NDP":4,"GRN":5,"PPC":1,"OTH":2}}},"geometry":{"type":"Polygon","coordinates":[[[636.54,102.18],[636.57,102.19],[636.6,102.22],[636.59,102.23],[636.57,102.25],[636.54,102.24],[636.53,102.23],[636.51,102.22],[636.53,102.2],[636.54,102.18]]]}},{"type":"Feature","id":"35088-213","properties":{"ridingCode":"35088","pollNumber":"213","pollType":"N","advancePollNumber":"628","sourceCode":"213-0","geometryPollNumbers":["213"],"code":"35088-213","resultPollNumbers":["213"],"resultStatus":"exact","result":{"electors":461,"voters":186,"totalVotes":185,"rejected":1,"turnout":40.3470715835141,"winnerId":"giovanna-mingarelli","winnerPartyId":"LIB","runnerUpId":"julie-se-guin","runnerUpPartyId":"CPC","margin":15.675675675675677,"top":[{"id":"giovanna-mingarelli","name":"Giovanna Mingarelli","shortName":"Mingarelli","partyId":"LIB","votes":100,"share":54.054054054054056},{"id":"julie-se-guin","name":"Julie Séguin","shortName":"Séguin","partyId":"CPC","votes":71,"share":38.37837837837838},{"id":"deborah-perrier","name":"Deborah Perrier","shortName":"Perrier","partyId":"PPC","votes":6,"share":3.2432432432432434},{"id":"ryder-finlay","name":"Ryder Finlay","shortName":"Finlay","partyId":"NDP","votes":4,"share":2.1621621621621623}],"partyVotes":{"LIB":100,"CPC":71,"BQ":0,"NDP":4,"GRN":3,"PPC":6,"OTH":1}}},"geometry":{"type":"Polygon","coordinates":[[[636.66,102.14],[636.69,102.15],[636.74,102.21],[636.75,102.23],[636.72,102.26],[636.71,102.26],[636.7,102.26],[636.69,102.26],[636.67,102.23],[636.69,102.22],[636.69,102.22],[636.65,102.16],[636.65,102.17],[636.64,102.17],[636.66,102.14]]]}},{"type":"Feature","id":"35088-214","properties":{"ridingCode":"35088","pollNumber":"214","pollType":"N","advancePollNumber":"628","sourceCode":"214-0","geometryPollNumbers":["214"],"code":"35088-214","resultPollNumbers":["214"],"resultStatus":"exact","result":{"electors":402,"voters":157,"totalVotes":157,"rejected":0,"turnout":39.0547263681592,"winnerId":"julie-se-guin","winnerPartyId":"CPC","runnerUpId":"giovanna-mingarelli","runnerUpPartyId":"LIB","margin":7.006369426751593,"top":[{"id":"julie-se-guin","name":"Julie Séguin","shortName":"Séguin","partyId":"CPC","votes":77,"share":49.044585987261144},{"id":"giovanna-mingarelli","name":"Giovanna Mingarelli","shortName":"Mingarelli","partyId":"LIB","votes":66,"share":42.038216560509554},{"id":"ryder-finlay","name":"Ryder Finlay","shortName":"Finlay","partyId":"NDP","votes":7,"share":4.45859872611465},{"id":"deborah-perrier","name":"Deborah Perrier","shortName":"Perrier","partyId":"PPC","votes":5,"share":3.1847133757961785}],"partyVotes":{"LIB":66,"CPC":77,"BQ":0,"NDP":7,"GRN":1,"PPC":5,"OTH":1}}},"geometry":{"type":"Polygon","coordinates":[[[636.65,102.17],[636.65,102.16],[636.69,102.22],[636.69,102.22],[636.67,102.23],[636.65,102.2],[636.64,102.19],[636.63,102.18],[636.64,102.17],[636.65,102.17]]]}},{"type":"Feature","id":"35088-215","properties":{"ridingCode":"35088","pollNumber":"215","pollType":"N","advancePollNumber":"627","sourceCode":"215-0","geometryPollNumbers":["215"],"code":"35088-215","resultPollNumbers":["215"],"resultStatus":"exact","result":{"electors":617,"voters":245,"totalVotes":244,"rejected":1,"turnout":39.70826580226905,"winnerId":"giovanna-mingarelli","winnerPartyId":"LIB","runnerUpId":"julie-se-guin","runnerUpPartyId":"CPC","margin":9.836065573770492,"top":[{"id":"giovanna-mingarelli","name":"Giovanna Mingarelli","shortName":"Mingarelli","partyId":"LIB","votes":130,"share":53.278688524590166},{"id":"julie-se-guin","name":"Julie Séguin","shortName":"Séguin","partyId":"CPC","votes":106,"share":43.44262295081967},{"id":"ryder-finlay","name":"Ryder Finlay","shortName":"Finlay","partyId":"NDP","votes":3,"share":1.2295081967213115},{"id":"thaila-riden","name":"Thaila Riden","shortName":"Riden","partyId":"GRN","votes":3,"share":1.2295081967213115}],"partyVotes":{"LIB":130,"CPC":106,"BQ":0,"NDP":3,"GRN":3,"PPC":2,"OTH":0}}},"geometry":{"type":"Polygon","coordinates":[[[636.48,102.19],[636.46,102.16],[636.48,102.13],[636.51,102.15],[636.54,102.18],[636.53,102.2],[636.51,102.22],[636.48,102.19]]]}},{"type":"Feature","id":"35088-216","properties":{"ridingCode":"35088","pollNumber":"216","pollType":"N","advancePollNumber":"627","sourceCode":"216-0","geometryPollNumbers":["216"],"code":"35088-216","resultPollNumbers":["216"],"resultStatus":"exact","result":{"electors":304,"voters":123,"totalVotes":122,"rejected":1,"turnout":40.46052631578947,"winnerId":"julie-se-guin","winnerPartyId":"CPC","runnerUpId":"giovanna-mingarelli","runnerUpPartyId":"LIB","margin":6.557377049180328,"top":[{"id":"julie-se-guin","name":"Julie Séguin","shortName":"Séguin","partyId":"CPC","votes":62,"share":50.81967213114754},{"id":"giovanna-mingarelli","name":"Giovanna Mingarelli","shortName":"Mingarelli","partyId":"LIB","votes":54,"share":44.26229508196721},{"id":"ryder-finlay","name":"Ryder Finlay","shortName":"Finlay","partyId":"NDP","votes":4,"share":3.278688524590164},{"id":"deborah-perrier","name":"Deborah Perrier","shortName":"Perrier","partyId":"PPC","votes":1,"share":0.819672131147541}],"partyVotes":{"LIB":54,"CPC":62,"BQ":0,"NDP":4,"GRN":0,"PPC":1,"OTH":1}}},"geometry":{"type":"Polygon","coordinates":[[[636.27,102.18],[636.39,102.03],[636.54,101.85],[636.58,101.91],[636.58,101.91],[636.59,101.9],[636.63,101.95],[636.54,102.06],[636.58,102.12],[636.59,102.13],[636.63,102.18],[636.62,102.2],[636.6,102.19],[636.6,102.19],[636.58,102.18],[636.57,102.18],[636.57,102.19],[636.54,102.18],[636.51,102.15],[636.48,102.13],[636.46,102.16],[636.35,102.29],[636.27,102.18]]]}},{"type":"Feature","id":"35088-217","properties":{"ridingCode":"35088","pollNumber":"217","pollType":"N","advancePollNumber":"628","sourceCode":"217-0","geometryPollNumbers":["217"],"code":"35088-217","resultPollNumbers":["217"],"resultStatus":"exact","result":{"electors":397,"voters":139,"totalVotes":139,"rejected":0,"turnout":35.012594458438286,"winnerId":"julie-se-guin","winnerPartyId":"CPC","runnerUpId":"giovanna-mingarelli","runnerUpPartyId":"LIB","margin":11.510791366906476,"top":[{"id":"julie-se-guin","name":"Julie Séguin","shortName":"Séguin","partyId":"CPC","votes":72,"share":51.798561151079134},{"id":"giovanna-mingarelli","name":"Giovanna Mingarelli","shortName":"Mingarelli","partyId":"LIB","votes":56,"share":40.28776978417266},{"id":"ryder-finlay","name":"Ryder Finlay","shortName":"Finlay","partyId":"NDP","votes":7,"share":5.0359712230215825},{"id":"thaila-riden","name":"Thaila Riden","shortName":"Riden","partyId":"GRN","votes":4,"share":2.877697841726619}],"partyVotes":{"LIB":56,"CPC":72,"BQ":0,"NDP":7,"GRN":4,"PPC":0,"OTH":0}}},"geometry":{"type":"Polygon","coordinates":[[[636.63,102.18],[636.59,102.13],[636.58,102.12],[636.54,102.06],[636.63,101.95],[636.59,101.9],[636.58,101.91],[636.58,101.91],[636.54,101.85],[636.65,101.73],[636.82,101.96],[636.9,102.05],[636.75,102.23],[636.74,102.21],[636.69,102.15],[636.66,102.14],[636.64,102.17],[636.63,102.18]]]}},{"type":"Feature","id":"35088-501","properties":{"ridingCode":"35088","pollNumber":"501","pollType":"M","advancePollNumber":"601","sourceCode":"502-0","geometryPollNumbers":["501","502","503"],"code":"35088-501","resultPollNumbers":["501"],"resultStatus":"resolved-combination","result":{"electors":51,"voters":40,"totalVotes":40,"rejected":0,"turnout":78.43137254901961,"winnerId":"giovanna-mingarelli","winnerPartyId":"LIB","runnerUpId":"julie-se-guin","runnerUpPartyId":"CPC","margin":57.49999999999999,"top":[{"id":"giovanna-mingarelli","name":"Giovanna Mingarelli","shortName":"Mingarelli","partyId":"LIB","votes":29,"share":72.5},{"id":"julie-se-guin","name":"Julie Séguin","shortName":"Séguin","partyId":"CPC","votes":6,"share":15},{"id":"ryder-finlay","name":"Ryder Finlay","shortName":"Finlay","partyId":"NDP","votes":3,"share":7.5},{"id":"thaila-riden","name":"Thaila Riden","shortName":"Riden","partyId":"GRN","votes":1,"share":2.5}],"partyVotes":{"LIB":29,"CPC":6,"BQ":0,"NDP":3,"GRN":1,"PPC":0,"OTH":1}}},"geometry":{"type":"MultiPolygon","coordinates":[[[[640.73,107.59],[640.73,107.59],[640.73,107.6],[640.73,107.59],[640.73,107.59]]],[[[641.73,107.7],[641.72,107.7],[641.72,107.7],[641.73,107.7]]],[[[640.81,107.58],[640.81,107.58],[640.81,107.58],[640.81,107.58]]]]}},{"type":"Feature","id":"35088-504","properties":{"ridingCode":"35088","pollNumber":"504","pollType":"M","advancePollNumber":"602","sourceCode":"505-0","geometryPollNumbers":["504","505"],"code":"35088-504","resultPollNumbers":["504"],"resultStatus":"resolved-combination","result":{"electors":77,"voters":73,"totalVotes":73,"rejected":0,"turnout":94.8051948051948,"winnerId":"giovanna-mingarelli","winnerPartyId":"LIB","runnerUpId":"julie-se-guin","runnerUpPartyId":"CPC","margin":43.83561643835616,"top":[{"id":"giovanna-mingarelli","name":"Giovanna Mingarelli","shortName":"Mingarelli","partyId":"LIB","votes":47,"share":64.38356164383562},{"id":"julie-se-guin","name":"Julie Séguin","shortName":"Séguin","partyId":"CPC","votes":15,"share":20.54794520547945},{"id":"thaila-riden","name":"Thaila Riden","shortName":"Riden","partyId":"GRN","votes":4,"share":5.47945205479452},{"id":"ryder-finlay","name":"Ryder Finlay","shortName":"Finlay","partyId":"NDP","votes":3,"share":4.10958904109589}],"partyVotes":{"LIB":47,"CPC":15,"BQ":0,"NDP":3,"GRN":4,"PPC":1,"OTH":3}}},"geometry":{"type":"MultiPolygon","coordinates":[[[[640.66,107.54],[640.66,107.54],[640.66,107.54],[640.66,107.54]]],[[[640.67,107.55],[640.67,107.55],[640.67,107.55],[640.67,107.55]]]]}},{"type":"Feature","id":"35088-506","properties":{"ridingCode":"35088","pollNumber":"506","pollType":"M","advancePollNumber":"603","sourceCode":"500-0","geometryPollNumbers":["500","506"],"code":"35088-506","resultPollNumbers":["506"],"resultStatus":"resolved-combination","result":{"electors":148,"voters":64,"totalVotes":57,"rejected":7,"turnout":43.24324324324324,"winnerId":"giovanna-mingarelli","winnerPartyId":"LIB","runnerUpId":"julie-se-guin","runnerUpPartyId":"CPC","margin":64.91228070175438,"top":[{"id":"giovanna-mingarelli","name":"Giovanna Mingarelli","shortName":"Mingarelli","partyId":"LIB","votes":44,"share":77.19298245614034},{"id":"julie-se-guin","name":"Julie Séguin","shortName":"Séguin","partyId":"CPC","votes":7,"share":12.280701754385964},{"id":"ryder-finlay","name":"Ryder Finlay","shortName":"Finlay","partyId":"NDP","votes":2,"share":3.508771929824561},{"id":"deborah-perrier","name":"Deborah Perrier","shortName":"Perrier","partyId":"PPC","votes":2,"share":3.508771929824561}],"partyVotes":{"LIB":44,"CPC":7,"BQ":0,"NDP":2,"GRN":1,"PPC":2,"OTH":1}}},"geometry":{"type":"MultiPolygon","coordinates":[[[[640.2,107.63],[640.2,107.63],[640.19,107.63],[640.2,107.62],[640.2,107.63]]],[[[640.7,107.46],[640.7,107.46],[640.7,107.46],[640.7,107.46]]]]}},{"type":"Feature","id":"35088-507","properties":{"ridingCode":"35088","pollNumber":"507","pollType":"M","advancePollNumber":"602","sourceCode":"507-0","geometryPollNumbers":["507","513"],"code":"35088-507","resultPollNumbers":["507"],"resultStatus":"resolved-combination","result":{"electors":85,"voters":67,"totalVotes":66,"rejected":1,"turnout":78.82352941176471,"winnerId":"giovanna-mingarelli","winnerPartyId":"LIB","runnerUpId":"julie-se-guin","runnerUpPartyId":"CPC","margin":66.66666666666666,"top":[{"id":"giovanna-mingarelli","name":"Giovanna Mingarelli","shortName":"Mingarelli","partyId":"LIB","votes":54,"share":81.81818181818183},{"id":"julie-se-guin","name":"Julie Séguin","shortName":"Séguin","partyId":"CPC","votes":10,"share":15.151515151515152},{"id":"ryder-finlay","name":"Ryder Finlay","shortName":"Finlay","partyId":"NDP","votes":1,"share":1.5151515151515151},{"id":"thaila-riden","name":"Thaila Riden","shortName":"Riden","partyId":"GRN","votes":1,"share":1.5151515151515151}],"partyVotes":{"LIB":54,"CPC":10,"BQ":0,"NDP":1,"GRN":1,"PPC":0,"OTH":0}}},"geometry":{"type":"MultiPolygon","coordinates":[[[[640.71,107.42],[640.7,107.43],[640.7,107.46],[640.7,107.43],[640.7,107.42],[640.71,107.42]]],[[[638.18,105.94],[638.19,105.95],[638.19,105.95],[638.18,105.94]]]]}},{"type":"Feature","id":"35088-511","properties":{"ridingCode":"35088","pollNumber":"511","pollType":"M","advancePollNumber":"605","sourceCode":"511-0","geometryPollNumbers":["509","511"],"code":"35088-511","resultPollNumbers":["511"],"resultStatus":"resolved-combination","result":{"electors":61,"voters":41,"totalVotes":41,"rejected":0,"turnout":67.21311475409836,"winnerId":"giovanna-mingarelli","winnerPartyId":"LIB","runnerUpId":"julie-se-guin","runnerUpPartyId":"CPC","margin":4.878048780487805,"top":[{"id":"giovanna-mingarelli","name":"Giovanna Mingarelli","shortName":"Mingarelli","partyId":"LIB","votes":20,"share":48.78048780487805},{"id":"julie-se-guin","name":"Julie Séguin","shortName":"Séguin","partyId":"CPC","votes":18,"share":43.90243902439025},{"id":"ryder-finlay","name":"Ryder Finlay","shortName":"Finlay","partyId":"NDP","votes":2,"share":4.878048780487805},{"id":"deborah-perrier","name":"Deborah Perrier","shortName":"Perrier","partyId":"PPC","votes":1,"share":2.4390243902439024}],"partyVotes":{"LIB":20,"CPC":18,"BQ":0,"NDP":2,"GRN":0,"PPC":1,"OTH":0}}},"geometry":{"type":"MultiPolygon","coordinates":[[[[640.71,106.53],[640.71,106.53],[640.71,106.53],[640.71,106.53]]],[[[640.74,106.55],[640.74,106.55],[640.74,106.55],[640.74,106.55]]]]}},{"type":"Feature","id":"35088-512","properties":{"ridingCode":"35088","pollNumber":"512","pollType":"M","advancePollNumber":"604","sourceCode":"512-0","geometryPollNumbers":["512","514"],"code":"35088-512","resultPollNumbers":["512"],"resultStatus":"resolved-combination","result":{"electors":32,"voters":36,"totalVotes":35,"rejected":1,"turnout":112.5,"winnerId":"giovanna-mingarelli","winnerPartyId":"LIB","runnerUpId":"julie-se-guin","runnerUpPartyId":"CPC","margin":11.428571428571429,"top":[{"id":"giovanna-mingarelli","name":"Giovanna Mingarelli","shortName":"Mingarelli","partyId":"LIB","votes":14,"share":40},{"id":"julie-se-guin","name":"Julie Séguin","shortName":"Séguin","partyId":"CPC","votes":10,"share":28.57142857142857},{"id":"ryder-finlay","name":"Ryder Finlay","shortName":"Finlay","partyId":"NDP","votes":6,"share":17.142857142857142},{"id":"thaila-riden","name":"Thaila Riden","shortName":"Riden","partyId":"GRN","votes":3,"share":8.571428571428571}],"partyVotes":{"LIB":14,"CPC":10,"BQ":0,"NDP":6,"GRN":3,"PPC":1,"OTH":1}}},"geometry":{"type":"MultiPolygon","coordinates":[[[[638.98,106.41],[638.97,106.41],[638.97,106.41],[638.98,106.41]]],[[[638.37,105.73],[638.37,105.73],[638.37,105.73],[638.37,105.73]]]]}},{"type":"Feature","id":"35088-515","properties":{"ridingCode":"35088","pollNumber":"515","pollType":"M","advancePollNumber":"604","sourceCode":"510-0","geometryPollNumbers":["508","510","515"],"code":"35088-515","resultPollNumbers":["515"],"resultStatus":"resolved-combination","result":{"electors":54,"voters":62,"totalVotes":59,"rejected":3,"turnout":114.81481481481481,"winnerId":"giovanna-mingarelli","winnerPartyId":"LIB","runnerUpId":"julie-se-guin","runnerUpPartyId":"CPC","margin":57.6271186440678,"top":[{"id":"giovanna-mingarelli","name":"Giovanna Mingarelli","shortName":"Mingarelli","partyId":"LIB","votes":46,"share":77.96610169491525},{"id":"julie-se-guin","name":"Julie Séguin","shortName":"Séguin","partyId":"CPC","votes":12,"share":20.33898305084746},{"id":"ryder-finlay","name":"Ryder Finlay","shortName":"Finlay","partyId":"NDP","votes":1,"share":1.694915254237288},{"id":"deborah-perrier","name":"Deborah Perrier","shortName":"Perrier","partyId":"PPC","votes":0,"share":0}],"partyVotes":{"LIB":46,"CPC":12,"BQ":0,"NDP":1,"GRN":0,"PPC":0,"OTH":0}}},"geometry":{"type":"MultiPolygon","coordinates":[[[[638.98,106.43],[638.98,106.43],[638.98,106.43],[638.98,106.43]]],[[[638.57,107.17],[638.57,107.17],[638.57,107.17],[638.57,107.17],[638.57,107.17]]],[[[638.4,105.44],[638.4,105.44],[638.4,105.44],[638.4,105.44]]]]}},{"type":"Feature","id":"35088-516","properties":{"ridingCode":"35088","pollNumber":"516","pollType":"M","advancePollNumber":"612","sourceCode":"518-0","geometryPollNumbers":["516","518"],"code":"35088-516","resultPollNumbers":["516"],"resultStatus":"resolved-combination","result":{"electors":172,"voters":106,"totalVotes":106,"rejected":0,"turnout":61.627906976744185,"winnerId":"giovanna-mingarelli","winnerPartyId":"LIB","runnerUpId":"julie-se-guin","runnerUpPartyId":"CPC","margin":76.41509433962264,"top":[{"id":"giovanna-mingarelli","name":"Giovanna Mingarelli","shortName":"Mingarelli","partyId":"LIB","votes":89,"share":83.9622641509434},{"id":"julie-se-guin","name":"Julie Séguin","shortName":"Séguin","partyId":"CPC","votes":8,"share":7.547169811320755},{"id":"ryder-finlay","name":"Ryder Finlay","shortName":"Finlay","partyId":"NDP","votes":4,"share":3.7735849056603774},{"id":"deborah-perrier","name":"Deborah Perrier","shortName":"Perrier","partyId":"PPC","votes":4,"share":3.7735849056603774}],"partyVotes":{"LIB":89,"CPC":8,"BQ":0,"NDP":4,"GRN":1,"PPC":4,"OTH":0}}},"geometry":{"type":"MultiPolygon","coordinates":[[[[636.07,105.25],[636.07,105.25],[636.07,105.25],[636.07,105.25]]],[[[636.03,105.27],[636.03,105.28],[636.03,105.27],[636.03,105.27]]]]}},{"type":"Feature","id":"35088-520","properties":{"ridingCode":"35088","pollNumber":"520","pollType":"M","advancePollNumber":"618","sourceCode":"520-0","geometryPollNumbers":["519","520"],"code":"35088-520","resultPollNumbers":["520"],"resultStatus":"resolved-combination","result":{"electors":116,"voters":84,"totalVotes":81,"rejected":3,"turnout":72.41379310344827,"winnerId":"giovanna-mingarelli","winnerPartyId":"LIB","runnerUpId":"julie-se-guin","runnerUpPartyId":"CPC","margin":56.79012345679012,"top":[{"id":"giovanna-mingarelli","name":"Giovanna Mingarelli","shortName":"Mingarelli","partyId":"LIB","votes":62,"share":76.5432098765432},{"id":"julie-se-guin","name":"Julie Séguin","shortName":"Séguin","partyId":"CPC","votes":16,"share":19.753086419753085},{"id":"jason-st-louis","name":"Jason St-Louis","shortName":"St-Louis","partyId":"OTH","votes":2,"share":2.4691358024691357},{"id":"ryder-finlay","name":"Ryder Finlay","shortName":"Finlay","partyId":"NDP","votes":1,"share":1.2345679012345678}],"partyVotes":{"LIB":62,"CPC":16,"BQ":0,"NDP":1,"GRN":0,"PPC":0,"OTH":2}}},"geometry":{"type":"MultiPolygon","coordinates":[[[[636.75,105.09],[636.75,105.1],[636.75,105.1],[636.75,105.1],[636.75,105.09]]],[[[636.03,105.16],[636.04,105.17],[636.04,105.17],[636.03,105.16]]]]}},{"type":"Feature","id":"35088-522","properties":{"ridingCode":"35088","pollNumber":"522","pollType":"M","advancePollNumber":"612","sourceCode":"517-0","geometryPollNumbers":["517","522"],"code":"35088-522","resultPollNumbers":["522"],"resultStatus":"resolved-combination","result":{"electors":70,"voters":60,"totalVotes":59,"rejected":1,"turnout":85.71428571428571,"winnerId":"giovanna-mingarelli","winnerPartyId":"LIB","runnerUpId":"julie-se-guin","runnerUpPartyId":"CPC","margin":55.932203389830505,"top":[{"id":"giovanna-mingarelli","name":"Giovanna Mingarelli","shortName":"Mingarelli","partyId":"LIB","votes":43,"share":72.88135593220339},{"id":"julie-se-guin","name":"Julie Séguin","shortName":"Séguin","partyId":"CPC","votes":10,"share":16.94915254237288},{"id":"ryder-finlay","name":"Ryder Finlay","shortName":"Finlay","partyId":"NDP","votes":3,"share":5.084745762711865},{"id":"thaila-riden","name":"Thaila Riden","shortName":"Riden","partyId":"GRN","votes":3,"share":5.084745762711865}],"partyVotes":{"LIB":43,"CPC":10,"BQ":0,"NDP":3,"GRN":3,"PPC":0,"OTH":0}}},"geometry":{"type":"MultiPolygon","coordinates":[[[[636.1,105.27],[636.1,105.27],[636.1,105.27],[636.1,105.27]]],[[[635.39,104.71],[635.39,104.71],[635.39,104.71],[635.39,104.71]]]]}},{"type":"Feature","id":"35088-524","properties":{"ridingCode":"35088","pollNumber":"524","pollType":"M","advancePollNumber":"606","sourceCode":"524-0","geometryPollNumbers":["524","528","530"],"code":"35088-524","resultPollNumbers":["524"],"resultStatus":"resolved-combination","result":{"electors":53,"voters":41,"totalVotes":37,"rejected":4,"turnout":77.35849056603774,"winnerId":"giovanna-mingarelli","winnerPartyId":"LIB","runnerUpId":"julie-se-guin","runnerUpPartyId":"CPC","margin":43.24324324324324,"top":[{"id":"giovanna-mingarelli","name":"Giovanna Mingarelli","shortName":"Mingarelli","partyId":"LIB","votes":24,"share":64.86486486486487},{"id":"julie-se-guin","name":"Julie Séguin","shortName":"Séguin","partyId":"CPC","votes":8,"share":21.62162162162162},{"id":"ryder-finlay","name":"Ryder Finlay","shortName":"Finlay","partyId":"NDP","votes":4,"share":10.81081081081081},{"id":"thaila-riden","name":"Thaila Riden","shortName":"Riden","partyId":"GRN","votes":1,"share":2.7027027027027026}],"partyVotes":{"LIB":24,"CPC":8,"BQ":0,"NDP":4,"GRN":1,"PPC":0,"OTH":0}}},"geometry":{"type":"MultiPolygon","coordinates":[[[[639.42,104.59],[639.42,104.59],[639.42,104.59],[639.42,104.59]]],[[[638.33,103.43],[638.33,103.43],[638.33,103.43],[638.33,103.43]]],[[[638.38,103.38],[638.38,103.38],[638.38,103.38],[638.38,103.38]]]]}},{"type":"Feature","id":"35088-525","properties":{"ridingCode":"35088","pollNumber":"525","pollType":"M","advancePollNumber":"618","sourceCode":"525-0","geometryPollNumbers":["521","523","525"],"code":"35088-525","resultPollNumbers":["525"],"resultStatus":"resolved-combination","result":{"electors":59,"voters":53,"totalVotes":46,"rejected":7,"turnout":89.83050847457628,"winnerId":"giovanna-mingarelli","winnerPartyId":"LIB","runnerUpId":"julie-se-guin","runnerUpPartyId":"CPC","margin":15.217391304347828,"top":[{"id":"giovanna-mingarelli","name":"Giovanna Mingarelli","shortName":"Mingarelli","partyId":"LIB","votes":24,"share":52.17391304347826},{"id":"julie-se-guin","name":"Julie Séguin","shortName":"Séguin","partyId":"CPC","votes":17,"share":36.95652173913043},{"id":"ryder-finlay","name":"Ryder Finlay","shortName":"Finlay","partyId":"NDP","votes":5,"share":10.869565217391305},{"id":"deborah-perrier","name":"Deborah Perrier","shortName":"Perrier","partyId":"PPC","votes":0,"share":0}],"partyVotes":{"LIB":24,"CPC":17,"BQ":0,"NDP":5,"GRN":0,"PPC":0,"OTH":0}}},"geometry":{"type":"MultiPolygon","coordinates":[[[[636.83,104.34],[636.83,104.34],[636.83,104.34],[636.83,104.34]]],[[[637.25,105.07],[637.25,105.07],[637.25,105.06],[637.25,105.07]]],[[[637.45,104.5],[637.45,104.5],[637.45,104.5],[637.45,104.5]]]]}},{"type":"Feature","id":"35088-529","properties":{"ridingCode":"35088","pollNumber":"529","pollType":"M","advancePollNumber":"620","sourceCode":"529-0","geometryPollNumbers":["527","529"],"code":"35088-529","resultPollNumbers":["529"],"resultStatus":"resolved-combination","result":{"electors":87,"voters":121,"totalVotes":113,"rejected":8,"turnout":139.08045977011494,"winnerId":"giovanna-mingarelli","winnerPartyId":"LIB","runnerUpId":"julie-se-guin","runnerUpPartyId":"CPC","margin":61.06194690265486,"top":[{"id":"giovanna-mingarelli","name":"Giovanna Mingarelli","shortName":"Mingarelli","partyId":"LIB","votes":86,"share":76.10619469026548},{"id":"julie-se-guin","name":"Julie Séguin","shortName":"Séguin","partyId":"CPC","votes":17,"share":15.04424778761062},{"id":"ryder-finlay","name":"Ryder Finlay","shortName":"Finlay","partyId":"NDP","votes":6,"share":5.3097345132743365},{"id":"deborah-perrier","name":"Deborah Perrier","shortName":"Perrier","partyId":"PPC","votes":4,"share":3.5398230088495577}],"partyVotes":{"LIB":86,"CPC":17,"BQ":0,"NDP":6,"GRN":0,"PPC":4,"OTH":0}}},"geometry":{"type":"MultiPolygon","coordinates":[[[[638.31,103.42],[638.3,103.42],[638.3,103.42],[638.31,103.42]]],[[[638.32,103.44],[638.32,103.44],[638.32,103.44],[638.32,103.44]]]]}},{"type":"Feature","id":"35088-533","properties":{"ridingCode":"35088","pollNumber":"533","pollType":"M","advancePollNumber":"616","sourceCode":"526-0","geometryPollNumbers":["526","532","533"],"code":"35088-533","resultPollNumbers":["533"],"resultStatus":"resolved-combination","result":{"electors":36,"voters":41,"totalVotes":39,"rejected":2,"turnout":113.88888888888889,"winnerId":"giovanna-mingarelli","winnerPartyId":"LIB","runnerUpId":"julie-se-guin","runnerUpPartyId":"CPC","margin":28.205128205128204,"top":[{"id":"giovanna-mingarelli","name":"Giovanna Mingarelli","shortName":"Mingarelli","partyId":"LIB","votes":21,"share":53.84615384615385},{"id":"julie-se-guin","name":"Julie Séguin","shortName":"Séguin","partyId":"CPC","votes":10,"share":25.64102564102564},{"id":"thaila-riden","name":"Thaila Riden","shortName":"Riden","partyId":"GRN","votes":3,"share":7.6923076923076925},{"id":"ryder-finlay","name":"Ryder Finlay","shortName":"Finlay","partyId":"NDP","votes":2,"share":5.128205128205128}],"partyVotes":{"LIB":21,"CPC":10,"BQ":0,"NDP":2,"GRN":3,"PPC":2,"OTH":1}}},"geometry":{"type":"MultiPolygon","coordinates":[[[[636.06,104.08],[636.06,104.08],[636.06,104.08],[636.06,104.08]]],[[[636.32,103.17],[636.32,103.18],[636.32,103.17],[636.32,103.17]]],[[[636.34,103.19],[636.33,103.19],[636.34,103.19],[636.34,103.19]]]]}},{"type":"Feature","id":"35088-535","properties":{"ridingCode":"35088","pollNumber":"535","pollType":"M","advancePollNumber":"622","sourceCode":"535-0","geometryPollNumbers":["534","535"],"code":"35088-535","resultPollNumbers":["535"],"resultStatus":"resolved-combination","result":{"electors":70,"voters":84,"totalVotes":81,"rejected":3,"turnout":120,"winnerId":"giovanna-mingarelli","winnerPartyId":"LIB","runnerUpId":"julie-se-guin","runnerUpPartyId":"CPC","margin":33.33333333333333,"top":[{"id":"giovanna-mingarelli","name":"Giovanna Mingarelli","shortName":"Mingarelli","partyId":"LIB","votes":51,"share":62.96296296296296},{"id":"julie-se-guin","name":"Julie Séguin","shortName":"Séguin","partyId":"CPC","votes":24,"share":29.629629629629626},{"id":"ryder-finlay","name":"Ryder Finlay","shortName":"Finlay","partyId":"NDP","votes":5,"share":6.172839506172839},{"id":"deborah-perrier","name":"Deborah Perrier","shortName":"Perrier","partyId":"PPC","votes":1,"share":1.2345679012345678}],"partyVotes":{"LIB":51,"CPC":24,"BQ":0,"NDP":5,"GRN":0,"PPC":1,"OTH":0}}},"geometry":{"type":"MultiPolygon","coordinates":[[[[637.4,102.87],[637.4,102.87],[637.4,102.87],[637.4,102.87]]],[[[637.14,103.16],[637.14,103.17],[637.14,103.17],[637.14,103.16]]]]}},{"type":"Feature","id":"35088-536","properties":{"ridingCode":"35088","pollNumber":"536","pollType":"M","advancePollNumber":"624","sourceCode":"538-0","geometryPollNumbers":["531","536","538"],"code":"35088-536","resultPollNumbers":["536"],"resultStatus":"resolved-combination","result":{"electors":40,"voters":56,"totalVotes":49,"rejected":7,"turnout":140,"winnerId":"giovanna-mingarelli","winnerPartyId":"LIB","runnerUpId":"julie-se-guin","runnerUpPartyId":"CPC","margin":44.89795918367347,"top":[{"id":"giovanna-mingarelli","name":"Giovanna Mingarelli","shortName":"Mingarelli","partyId":"LIB","votes":32,"share":65.3061224489796},{"id":"julie-se-guin","name":"Julie Séguin","shortName":"Séguin","partyId":"CPC","votes":10,"share":20.408163265306122},{"id":"ryder-finlay","name":"Ryder Finlay","shortName":"Finlay","partyId":"NDP","votes":4,"share":8.16326530612245},{"id":"deborah-perrier","name":"Deborah Perrier","shortName":"Perrier","partyId":"PPC","votes":2,"share":4.081632653061225}],"partyVotes":{"LIB":32,"CPC":10,"BQ":0,"NDP":4,"GRN":0,"PPC":2,"OTH":1}}},"geometry":{"type":"MultiPolygon","coordinates":[[[[637.17,102.58],[637.17,102.58],[637.16,102.58],[637.17,102.58]]],[[[638.33,102.74],[638.32,102.74],[638.33,102.74],[638.33,102.74]]],[[[637.09,103.26],[637.09,103.26],[637.09,103.26],[637.09,103.26]]]]}},{"type":"Feature","id":"35088-539","properties":{"ridingCode":"35088","pollNumber":"539","pollType":"M","advancePollNumber":"624","sourceCode":"537-0","geometryPollNumbers":["537","539"],"code":"35088-539","resultPollNumbers":["539"],"resultStatus":"resolved-combination","result":{"electors":87,"voters":94,"totalVotes":87,"rejected":7,"turnout":108.04597701149426,"winnerId":"giovanna-mingarelli","winnerPartyId":"LIB","runnerUpId":"julie-se-guin","runnerUpPartyId":"CPC","margin":18.39080459770115,"top":[{"id":"giovanna-mingarelli","name":"Giovanna Mingarelli","shortName":"Mingarelli","partyId":"LIB","votes":49,"share":56.32183908045977},{"id":"julie-se-guin","name":"Julie Séguin","shortName":"Séguin","partyId":"CPC","votes":33,"share":37.93103448275862},{"id":"ryder-finlay","name":"Ryder Finlay","shortName":"Finlay","partyId":"NDP","votes":2,"share":2.2988505747126435},{"id":"deborah-perrier","name":"Deborah Perrier","shortName":"Perrier","partyId":"PPC","votes":1,"share":1.1494252873563218}],"partyVotes":{"LIB":49,"CPC":33,"BQ":0,"NDP":2,"GRN":1,"PPC":1,"OTH":1}}},"geometry":{"type":"MultiPolygon","coordinates":[[[[637.21,102.61],[637.21,102.61],[637.21,102.6],[637.21,102.61]]],[[[636.65,102.2],[636.64,102.2],[636.64,102.19],[636.65,102.2]]]]}}]}