{"type":"FeatureCollection","ridingCode":"35102","ridingName":"Stormont--Dundas--Glengarry","result":{"electors":97432,"voters":66824,"totalVotes":66407,"rejected":417,"turnout":68.58526972657853,"winnerId":"eric-duncan","winnerPartyId":"CPC","runnerUpId":"sarah-good","runnerUpPartyId":"LIB","margin":16.552471877964674,"top":[{"id":"eric-duncan","name":"Eric Duncan","shortName":"Duncan","partyId":"CPC","votes":37399,"share":56.31785805713253},{"id":"sarah-good","name":"Sarah Good","shortName":"Good","partyId":"LIB","votes":26407,"share":39.76538617916786},{"id":"mario-leclerc","name":"Mario Leclerc","shortName":"Leclerc","partyId":"NDP","votes":1653,"share":2.489195416145888},{"id":"gordon-kubanek","name":"Gordon Kubanek","shortName":"Kubanek","partyId":"GRN","votes":674,"share":1.0149532428810215},{"id":"karl-ivan-mackinnon","name":"Karl Ivan MacKinnon","shortName":"MacKinnon","partyId":"OTH","votes":274,"share":0.4126071046727002}],"partyVotes":{"LIB":26407,"CPC":37399,"BQ":0,"NDP":1653,"GRN":674,"PPC":0,"OTH":274}},"buckets":[{"kind":"advance","polls":26,"electors":0,"voters":26773,"totalVotes":26664,"rejected":109,"turnout":0,"winnerId":"eric-duncan","winnerPartyId":"CPC","runnerUpId":"sarah-good","runnerUpPartyId":"LIB","margin":8.592109210921093,"top":[{"id":"eric-duncan","name":"Eric Duncan","shortName":"Duncan","partyId":"CPC","votes":14066,"share":52.75277527752775},{"id":"sarah-good","name":"Sarah Good","shortName":"Good","partyId":"LIB","votes":11775,"share":44.160666066606666},{"id":"mario-leclerc","name":"Mario Leclerc","shortName":"Leclerc","partyId":"NDP","votes":527,"share":1.9764476447644765},{"id":"gordon-kubanek","name":"Gordon Kubanek","shortName":"Kubanek","partyId":"GRN","votes":206,"share":0.7725772577257726},{"id":"karl-ivan-mackinnon","name":"Karl Ivan MacKinnon","shortName":"MacKinnon","partyId":"OTH","votes":90,"share":0.33753375337533753}],"partyVotes":{"LIB":11775,"CPC":14066,"BQ":0,"NDP":527,"GRN":206,"PPC":0,"OTH":90}},{"kind":"special","polls":6,"electors":786,"voters":3901,"totalVotes":3804,"rejected":97,"turnout":496.3104325699746,"winnerId":"sarah-good","winnerPartyId":"LIB","runnerUpId":"eric-duncan","runnerUpPartyId":"CPC","margin":4.495268138801261,"top":[{"id":"sarah-good","name":"Sarah Good","shortName":"Good","partyId":"LIB","votes":1906,"share":50.10515247108307},{"id":"eric-duncan","name":"Eric Duncan","shortName":"Duncan","partyId":"CPC","votes":1735,"share":45.60988433228181},{"id":"mario-leclerc","name":"Mario Leclerc","shortName":"Leclerc","partyId":"NDP","votes":114,"share":2.996845425867508},{"id":"gordon-kubanek","name":"Gordon Kubanek","shortName":"Kubanek","partyId":"GRN","votes":33,"share":0.8675078864353312},{"id":"karl-ivan-mackinnon","name":"Karl Ivan MacKinnon","shortName":"MacKinnon","partyId":"OTH","votes":16,"share":0.4206098843322818}],"partyVotes":{"LIB":1906,"CPC":1735,"BQ":0,"NDP":114,"GRN":33,"PPC":0,"OTH":16}}],"features":[{"type":"Feature","id":"35102-1","properties":{"ridingCode":"35102","pollNumber":"1","pollType":"N","advancePollNumber":"600","sourceCode":"1-0","geometryPollNumbers":["1"],"code":"35102-1","resultPollNumbers":["1"],"resultStatus":"exact","result":{"electors":316,"voters":212,"totalVotes":212,"rejected":0,"turnout":67.08860759493672,"winnerId":"eric-duncan","winnerPartyId":"CPC","runnerUpId":"sarah-good","runnerUpPartyId":"LIB","margin":35.37735849056604,"top":[{"id":"eric-duncan","name":"Eric Duncan","shortName":"Duncan","partyId":"CPC","votes":137,"share":64.62264150943396},{"id":"sarah-good","name":"Sarah Good","shortName":"Good","partyId":"LIB","votes":62,"share":29.245283018867923},{"id":"gordon-kubanek","name":"Gordon Kubanek","shortName":"Kubanek","partyId":"GRN","votes":8,"share":3.7735849056603774},{"id":"karl-ivan-mackinnon","name":"Karl Ivan MacKinnon","shortName":"MacKinnon","partyId":"OTH","votes":4,"share":1.8867924528301887}],"partyVotes":{"LIB":62,"CPC":137,"BQ":0,"NDP":1,"GRN":8,"PPC":0,"OTH":4}}},"geometry":{"type":"Polygon","coordinates":[[[640.69,105.98],[640.7,105.96],[640.71,105.95],[640.71,105.94],[640.72,105.94],[640.84,105.82],[640.79,105.76],[640.94,105.63],[640.94,105.62],[641.09,105.49],[641.26,105.69],[641.63,106.13],[641.66,106.15],[641.69,106.19],[641.72,106.22],[641.73,106.23],[641.67,106.28],[641.67,106.28],[641.61,106.33],[641.61,106.33],[641.56,106.37],[641.4,106.5],[641.33,106.56],[641.25,106.63],[641.18,106.56],[641.06,106.41],[640.99,106.33],[640.69,105.98]]]}},{"type":"Feature","id":"35102-2","properties":{"ridingCode":"35102","pollNumber":"2","pollType":"N","advancePollNumber":"600","sourceCode":"2-0","geometryPollNumbers":["2"],"code":"35102-2","resultPollNumbers":["2"],"resultStatus":"exact","result":{"electors":298,"voters":181,"totalVotes":180,"rejected":1,"turnout":60.738255033557046,"winnerId":"eric-duncan","winnerPartyId":"CPC","runnerUpId":"sarah-good","runnerUpPartyId":"LIB","margin":31.666666666666664,"top":[{"id":"eric-duncan","name":"Eric Duncan","shortName":"Duncan","partyId":"CPC","votes":112,"share":62.22222222222222},{"id":"sarah-good","name":"Sarah Good","shortName":"Good","partyId":"LIB","votes":55,"share":30.555555555555557},{"id":"karl-ivan-mackinnon","name":"Karl Ivan MacKinnon","shortName":"MacKinnon","partyId":"OTH","votes":5,"share":2.7777777777777777},{"id":"gordon-kubanek","name":"Gordon Kubanek","shortName":"Kubanek","partyId":"GRN","votes":4,"share":2.2222222222222223}],"partyVotes":{"LIB":55,"CPC":112,"BQ":0,"NDP":4,"GRN":4,"PPC":0,"OTH":5}}},"geometry":{"type":"Polygon","coordinates":[[[641.09,105.49],[641.41,105.2],[641.55,105.38],[641.63,105.31],[642.12,105.9],[641.96,106.04],[641.93,106.07],[641.73,106.23],[641.72,106.22],[641.69,106.19],[641.66,106.15],[641.63,106.13],[641.26,105.69],[641.09,105.49]]]}},{"type":"Feature","id":"35102-3","properties":{"ridingCode":"35102","pollNumber":"3","pollType":"N","advancePollNumber":"602","sourceCode":"3-0","geometryPollNumbers":["3"],"code":"35102-3","resultPollNumbers":["3"],"resultStatus":"exact","result":{"electors":362,"voters":206,"totalVotes":205,"rejected":1,"turnout":56.9060773480663,"winnerId":"eric-duncan","winnerPartyId":"CPC","runnerUpId":"sarah-good","runnerUpPartyId":"LIB","margin":7.804878048780488,"top":[{"id":"eric-duncan","name":"Eric Duncan","shortName":"Duncan","partyId":"CPC","votes":107,"share":52.19512195121951},{"id":"sarah-good","name":"Sarah Good","shortName":"Good","partyId":"LIB","votes":91,"share":44.390243902439025},{"id":"mario-leclerc","name":"Mario Leclerc","shortName":"Leclerc","partyId":"NDP","votes":4,"share":1.951219512195122},{"id":"gordon-kubanek","name":"Gordon Kubanek","shortName":"Kubanek","partyId":"GRN","votes":3,"share":1.4634146341463417}],"partyVotes":{"LIB":91,"CPC":107,"BQ":0,"NDP":4,"GRN":3,"PPC":0,"OTH":0}}},"geometry":{"type":"Polygon","coordinates":[[[641.63,105.31],[641.71,105.25],[641.73,105.27],[641.74,105.27],[641.9,105.14],[641.91,105.16],[642.08,105.02],[642.1,105.05],[642.27,104.91],[642.37,105.03],[642.69,105.41],[642.67,105.73],[642.66,105.82],[642.41,105.83],[642.41,105.82],[642.39,105.82],[642.22,105.82],[642.12,105.9],[641.63,105.31]],[[642.23,105.38],[642.26,105.39],[642.31,105.44],[642.38,105.39],[642.4,105.4],[642.41,105.4],[642.42,105.33],[642.37,105.28],[642.33,105.3],[642.32,105.28],[642.27,105.28],[642.19,105.34],[642.23,105.38]]]}},{"type":"Feature","id":"35102-4","properties":{"ridingCode":"35102","pollNumber":"4","pollType":"N","advancePollNumber":"602","sourceCode":"4-0","geometryPollNumbers":["4"],"code":"35102-4","resultPollNumbers":["4"],"resultStatus":"exact","result":{"electors":303,"voters":184,"totalVotes":182,"rejected":2,"turnout":60.726072607260726,"winnerId":"eric-duncan","winnerPartyId":"CPC","runnerUpId":"sarah-good","runnerUpPartyId":"LIB","margin":14.835164835164836,"top":[{"id":"eric-duncan","name":"Eric Duncan","shortName":"Duncan","partyId":"CPC","votes":100,"share":54.94505494505495},{"id":"sarah-good","name":"Sarah Good","shortName":"Good","partyId":"LIB","votes":73,"share":40.10989010989011},{"id":"mario-leclerc","name":"Mario Leclerc","shortName":"Leclerc","partyId":"NDP","votes":8,"share":4.395604395604396},{"id":"gordon-kubanek","name":"Gordon Kubanek","shortName":"Kubanek","partyId":"GRN","votes":1,"share":0.5494505494505495}],"partyVotes":{"LIB":73,"CPC":100,"BQ":0,"NDP":8,"GRN":1,"PPC":0,"OTH":0}}},"geometry":{"type":"Polygon","coordinates":[[[642.23,105.38],[642.19,105.34],[642.27,105.28],[642.32,105.28],[642.33,105.3],[642.37,105.28],[642.42,105.33],[642.41,105.4],[642.4,105.4],[642.38,105.39],[642.31,105.44],[642.26,105.39],[642.23,105.38]]]}},{"type":"Feature","id":"35102-5","properties":{"ridingCode":"35102","pollNumber":"5","pollType":"N","advancePollNumber":"600","sourceCode":"5-0","geometryPollNumbers":["5"],"code":"35102-5","resultPollNumbers":["5"],"resultStatus":"exact","result":{"electors":259,"voters":153,"totalVotes":153,"rejected":0,"turnout":59.07335907335908,"winnerId":"eric-duncan","winnerPartyId":"CPC","runnerUpId":"sarah-good","runnerUpPartyId":"LIB","margin":28.75816993464052,"top":[{"id":"eric-duncan","name":"Eric Duncan","shortName":"Duncan","partyId":"CPC","votes":95,"share":62.091503267973856},{"id":"sarah-good","name":"Sarah Good","shortName":"Good","partyId":"LIB","votes":51,"share":33.33333333333333},{"id":"mario-leclerc","name":"Mario Leclerc","shortName":"Leclerc","partyId":"NDP","votes":3,"share":1.9607843137254901},{"id":"gordon-kubanek","name":"Gordon Kubanek","shortName":"Kubanek","partyId":"GRN","votes":2,"share":1.3071895424836601}],"partyVotes":{"LIB":51,"CPC":95,"BQ":0,"NDP":3,"GRN":2,"PPC":0,"OTH":2}}},"geometry":{"type":"Polygon","coordinates":[[[640.31,105.53],[640.47,105.4],[640.48,105.39],[640.49,105.39],[640.5,105.38],[640.79,105.12],[641.11,104.84],[641.41,105.2],[641.09,105.49],[640.94,105.62],[640.94,105.63],[640.79,105.76],[640.84,105.82],[640.72,105.94],[640.71,105.94],[640.71,105.95],[640.7,105.96],[640.69,105.98],[640.5,105.75],[640.49,105.74],[640.49,105.73],[640.35,105.57],[640.31,105.53]]]}},{"type":"Feature","id":"35102-6","properties":{"ridingCode":"35102","pollNumber":"6","pollType":"N","advancePollNumber":"600","sourceCode":"6-0","geometryPollNumbers":["6"],"code":"35102-6","resultPollNumbers":["6"],"resultStatus":"exact","result":{"electors":228,"voters":130,"totalVotes":128,"rejected":2,"turnout":57.01754385964912,"winnerId":"eric-duncan","winnerPartyId":"CPC","runnerUpId":"sarah-good","runnerUpPartyId":"LIB","margin":21.09375,"top":[{"id":"eric-duncan","name":"Eric Duncan","shortName":"Duncan","partyId":"CPC","votes":75,"share":58.59375},{"id":"sarah-good","name":"Sarah Good","shortName":"Good","partyId":"LIB","votes":48,"share":37.5},{"id":"mario-leclerc","name":"Mario Leclerc","shortName":"Leclerc","partyId":"NDP","votes":3,"share":2.34375},{"id":"gordon-kubanek","name":"Gordon Kubanek","shortName":"Kubanek","partyId":"GRN","votes":2,"share":1.5625}],"partyVotes":{"LIB":48,"CPC":75,"BQ":0,"NDP":3,"GRN":2,"PPC":0,"OTH":0}}},"geometry":{"type":"Polygon","coordinates":[[[641.41,105.2],[641.11,104.84],[641.23,104.73],[641.25,104.73],[641.29,104.72],[641.3,104.71],[641.44,104.59],[641.6,104.79],[641.9,105.14],[641.74,105.27],[641.73,105.27],[641.71,105.25],[641.63,105.31],[641.55,105.38],[641.41,105.2]]]}},{"type":"Feature","id":"35102-7","properties":{"ridingCode":"35102","pollNumber":"7","pollType":"N","advancePollNumber":"600","sourceCode":"7-0","geometryPollNumbers":["7"],"code":"35102-7","resultPollNumbers":["7"],"resultStatus":"exact","result":{"electors":310,"voters":119,"totalVotes":118,"rejected":1,"turnout":38.387096774193544,"winnerId":"sarah-good","winnerPartyId":"LIB","runnerUpId":"eric-duncan","runnerUpPartyId":"CPC","margin":7.627118644067797,"top":[{"id":"sarah-good","name":"Sarah Good","shortName":"Good","partyId":"LIB","votes":60,"share":50.847457627118644},{"id":"eric-duncan","name":"Eric Duncan","shortName":"Duncan","partyId":"CPC","votes":51,"share":43.22033898305085},{"id":"mario-leclerc","name":"Mario Leclerc","shortName":"Leclerc","partyId":"NDP","votes":4,"share":3.389830508474576},{"id":"gordon-kubanek","name":"Gordon Kubanek","shortName":"Kubanek","partyId":"GRN","votes":2,"share":1.694915254237288}],"partyVotes":{"LIB":60,"CPC":51,"BQ":0,"NDP":4,"GRN":2,"PPC":0,"OTH":1}}},"geometry":{"type":"Polygon","coordinates":[[[641.6,104.64],[641.61,104.55],[641.59,104.52],[641.63,104.48],[641.77,104.65],[641.78,104.65],[641.85,104.58],[641.84,104.57],[641.68,104.39],[641.68,104.38],[641.68,104.37],[641.69,104.34],[641.75,104.3],[642.09,104.69],[642.27,104.91],[642.1,105.05],[642.08,105.02],[641.91,105.16],[641.9,105.14],[641.6,104.79],[641.64,104.76],[641.63,104.74],[641.6,104.66],[641.6,104.64]]]}},{"type":"Feature","id":"35102-8A+10","properties":{"ridingCode":"35102","pollNumber":"8A+10","pollType":"N","advancePollNumber":"601","sourceCode":"10-0","geometryPollNumbers":["8","10"],"code":"35102-8A+10","resultPollNumbers":["8A","10"],"resultStatus":"resolved-combination","result":{"electors":623,"voters":245,"totalVotes":242,"rejected":3,"turnout":39.325842696629216,"winnerId":"eric-duncan","winnerPartyId":"CPC","runnerUpId":"sarah-good","runnerUpPartyId":"LIB","margin":11.15702479338843,"top":[{"id":"eric-duncan","name":"Eric Duncan","shortName":"Duncan","partyId":"CPC","votes":126,"share":52.066115702479344},{"id":"sarah-good","name":"Sarah Good","shortName":"Good","partyId":"LIB","votes":99,"share":40.909090909090914},{"id":"mario-leclerc","name":"Mario Leclerc","shortName":"Leclerc","partyId":"NDP","votes":13,"share":5.371900826446281},{"id":"karl-ivan-mackinnon","name":"Karl Ivan MacKinnon","shortName":"MacKinnon","partyId":"OTH","votes":3,"share":1.2396694214876034}],"partyVotes":{"LIB":99,"CPC":126,"BQ":0,"NDP":13,"GRN":1,"PPC":0,"OTH":3}}},"geometry":{"type":"MultiPolygon","coordinates":[[[[641.48,104.53],[641.49,104.55],[641.44,104.59],[641.38,104.51],[641.49,104.42],[641.54,104.49],[641.54,104.49],[641.54,104.49],[641.54,104.49],[641.52,104.51],[641.51,104.49],[641.48,104.52],[641.48,104.53],[641.48,104.53]]],[[[641.49,104.55],[641.48,104.53],[641.48,104.53],[641.48,104.52],[641.51,104.49],[641.52,104.51],[641.56,104.56],[641.57,104.55],[641.57,104.56],[641.59,104.55],[641.58,104.54],[641.59,104.54],[641.58,104.53],[641.58,104.52],[641.59,104.52],[641.61,104.55],[641.6,104.64],[641.6,104.66],[641.63,104.74],[641.64,104.76],[641.6,104.79],[641.44,104.59],[641.49,104.55]]]]}},{"type":"Feature","id":"35102-9","properties":{"ridingCode":"35102","pollNumber":"9","pollType":"N","advancePollNumber":"601","sourceCode":"9-0","geometryPollNumbers":["9"],"code":"35102-9","resultPollNumbers":["9"],"resultStatus":"exact","result":{"electors":514,"voters":185,"totalVotes":184,"rejected":1,"turnout":35.992217898832685,"winnerId":"eric-duncan","winnerPartyId":"CPC","runnerUpId":"sarah-good","runnerUpPartyId":"LIB","margin":8.152173913043478,"top":[{"id":"eric-duncan","name":"Eric Duncan","shortName":"Duncan","partyId":"CPC","votes":93,"share":50.54347826086957},{"id":"sarah-good","name":"Sarah Good","shortName":"Good","partyId":"LIB","votes":78,"share":42.391304347826086},{"id":"mario-leclerc","name":"Mario Leclerc","shortName":"Leclerc","partyId":"NDP","votes":6,"share":3.260869565217391},{"id":"gordon-kubanek","name":"Gordon Kubanek","shortName":"Kubanek","partyId":"GRN","votes":4,"share":2.1739130434782608}],"partyVotes":{"LIB":78,"CPC":93,"BQ":0,"NDP":6,"GRN":4,"PPC":0,"OTH":3}}},"geometry":{"type":"Polygon","coordinates":[[[641.56,104.56],[641.52,104.51],[641.54,104.49],[641.55,104.5],[641.56,104.49],[641.57,104.51],[641.57,104.51],[641.58,104.52],[641.58,104.53],[641.59,104.54],[641.58,104.54],[641.59,104.55],[641.57,104.56],[641.57,104.55],[641.56,104.56]]]}},{"type":"Feature","id":"35102-11","properties":{"ridingCode":"35102","pollNumber":"11","pollType":"N","advancePollNumber":"600","sourceCode":"11-0","geometryPollNumbers":["11"],"code":"35102-11","resultPollNumbers":["11"],"resultStatus":"exact","result":{"electors":444,"voters":128,"totalVotes":128,"rejected":0,"turnout":28.82882882882883,"winnerId":"eric-duncan","winnerPartyId":"CPC","runnerUpId":"sarah-good","runnerUpPartyId":"LIB","margin":32.8125,"top":[{"id":"eric-duncan","name":"Eric Duncan","shortName":"Duncan","partyId":"CPC","votes":81,"share":63.28125},{"id":"sarah-good","name":"Sarah Good","shortName":"Good","partyId":"LIB","votes":39,"share":30.46875},{"id":"mario-leclerc","name":"Mario Leclerc","shortName":"Leclerc","partyId":"NDP","votes":5,"share":3.90625},{"id":"gordon-kubanek","name":"Gordon Kubanek","shortName":"Kubanek","partyId":"GRN","votes":3,"share":2.34375}],"partyVotes":{"LIB":39,"CPC":81,"BQ":0,"NDP":5,"GRN":3,"PPC":0,"OTH":0}}},"geometry":{"type":"Polygon","coordinates":[[[641.63,104.43],[641.68,104.39],[641.84,104.57],[641.85,104.58],[641.78,104.65],[641.77,104.65],[641.63,104.48],[641.62,104.48],[641.65,104.46],[641.63,104.43]]]}},{"type":"Feature","id":"35102-12","properties":{"ridingCode":"35102","pollNumber":"12","pollType":"N","advancePollNumber":"600","sourceCode":"12-0","geometryPollNumbers":["12"],"code":"35102-12","resultPollNumbers":["12"],"resultStatus":"exact","result":{"electors":335,"voters":106,"totalVotes":105,"rejected":1,"turnout":31.64179104477612,"winnerId":"eric-duncan","winnerPartyId":"CPC","runnerUpId":"sarah-good","runnerUpPartyId":"LIB","margin":15.238095238095239,"top":[{"id":"eric-duncan","name":"Eric Duncan","shortName":"Duncan","partyId":"CPC","votes":56,"share":53.333333333333336},{"id":"sarah-good","name":"Sarah Good","shortName":"Good","partyId":"LIB","votes":40,"share":38.095238095238095},{"id":"gordon-kubanek","name":"Gordon Kubanek","shortName":"Kubanek","partyId":"GRN","votes":6,"share":5.714285714285714},{"id":"mario-leclerc","name":"Mario Leclerc","shortName":"Leclerc","partyId":"NDP","votes":3,"share":2.857142857142857}],"partyVotes":{"LIB":40,"CPC":56,"BQ":0,"NDP":3,"GRN":6,"PPC":0,"OTH":0}}},"geometry":{"type":"Polygon","coordinates":[[[641.56,104.49],[641.58,104.47],[641.6,104.45],[641.62,104.48],[641.63,104.48],[641.59,104.52],[641.58,104.52],[641.57,104.51],[641.57,104.51],[641.57,104.51],[641.56,104.49]],[[641.58,104.51],[641.59,104.51],[641.58,104.51],[641.58,104.51]],[[641.58,104.51],[641.58,104.51],[641.58,104.51],[641.58,104.51]]]}},{"type":"Feature","id":"35102-13","properties":{"ridingCode":"35102","pollNumber":"13","pollType":"N","advancePollNumber":"600","sourceCode":"13-0","geometryPollNumbers":["13"],"code":"35102-13","resultPollNumbers":["13"],"resultStatus":"exact","result":{"electors":340,"voters":114,"totalVotes":114,"rejected":0,"turnout":33.52941176470588,"winnerId":"eric-duncan","winnerPartyId":"CPC","runnerUpId":"sarah-good","runnerUpPartyId":"LIB","margin":12.280701754385964,"top":[{"id":"eric-duncan","name":"Eric Duncan","shortName":"Duncan","partyId":"CPC","votes":63,"share":55.26315789473685},{"id":"sarah-good","name":"Sarah Good","shortName":"Good","partyId":"LIB","votes":49,"share":42.98245614035088},{"id":"mario-leclerc","name":"Mario Leclerc","shortName":"Leclerc","partyId":"NDP","votes":2,"share":1.7543859649122806},{"id":"gordon-kubanek","name":"Gordon Kubanek","shortName":"Kubanek","partyId":"GRN","votes":0,"share":0}],"partyVotes":{"LIB":49,"CPC":63,"BQ":0,"NDP":2,"GRN":0,"PPC":0,"OTH":0}}},"geometry":{"type":"Polygon","coordinates":[[[641.57,104.45],[641.57,104.45],[641.59,104.43],[641.61,104.42],[641.62,104.43],[641.61,104.44],[641.62,104.44],[641.63,104.43],[641.65,104.46],[641.62,104.48],[641.6,104.45],[641.58,104.47],[641.57,104.45]]]}},{"type":"Feature","id":"35102-14","properties":{"ridingCode":"35102","pollNumber":"14","pollType":"N","advancePollNumber":"601","sourceCode":"14-0","geometryPollNumbers":["14"],"code":"35102-14","resultPollNumbers":["14"],"resultStatus":"exact","result":{"electors":366,"voters":119,"totalVotes":114,"rejected":5,"turnout":32.51366120218579,"winnerId":"eric-duncan","winnerPartyId":"CPC","runnerUpId":"sarah-good","runnerUpPartyId":"LIB","margin":11.403508771929824,"top":[{"id":"eric-duncan","name":"Eric Duncan","shortName":"Duncan","partyId":"CPC","votes":60,"share":52.63157894736842},{"id":"sarah-good","name":"Sarah Good","shortName":"Good","partyId":"LIB","votes":47,"share":41.228070175438596},{"id":"mario-leclerc","name":"Mario Leclerc","shortName":"Leclerc","partyId":"NDP","votes":5,"share":4.385964912280701},{"id":"gordon-kubanek","name":"Gordon Kubanek","shortName":"Kubanek","partyId":"GRN","votes":2,"share":1.7543859649122806}],"partyVotes":{"LIB":47,"CPC":60,"BQ":0,"NDP":5,"GRN":2,"PPC":0,"OTH":0}}},"geometry":{"type":"Polygon","coordinates":[[[641.46,104.27],[641.55,104.39],[641.56,104.4],[641.57,104.4],[641.59,104.43],[641.59,104.43],[641.57,104.45],[641.57,104.45],[641.58,104.47],[641.56,104.49],[641.55,104.5],[641.54,104.49],[641.54,104.49],[641.54,104.49],[641.54,104.49],[641.49,104.42],[641.46,104.37],[641.44,104.32],[641.43,104.3],[641.46,104.27]]]}},{"type":"Feature","id":"35102-15","properties":{"ridingCode":"35102","pollNumber":"15","pollType":"N","advancePollNumber":"601","sourceCode":"15-0","geometryPollNumbers":["15"],"code":"35102-15","resultPollNumbers":["15"],"resultStatus":"exact","result":{"electors":460,"voters":164,"totalVotes":160,"rejected":4,"turnout":35.65217391304348,"winnerId":"eric-duncan","winnerPartyId":"CPC","runnerUpId":"sarah-good","runnerUpPartyId":"LIB","margin":15.625,"top":[{"id":"eric-duncan","name":"Eric Duncan","shortName":"Duncan","partyId":"CPC","votes":87,"share":54.37499999999999},{"id":"sarah-good","name":"Sarah Good","shortName":"Good","partyId":"LIB","votes":62,"share":38.75},{"id":"mario-leclerc","name":"Mario Leclerc","shortName":"Leclerc","partyId":"NDP","votes":8,"share":5},{"id":"gordon-kubanek","name":"Gordon Kubanek","shortName":"Kubanek","partyId":"GRN","votes":2,"share":1.25}],"partyVotes":{"LIB":62,"CPC":87,"BQ":0,"NDP":8,"GRN":2,"PPC":0,"OTH":1}}},"geometry":{"type":"Polygon","coordinates":[[[640.98,103.77],[641.01,103.8],[641.05,103.84],[641.07,103.85],[641.08,103.89],[641.09,103.91],[641.17,103.97],[641.2,104],[641.25,104.06],[641.27,104.09],[641.29,104.12],[641.34,104.22],[641.43,104.3],[641.44,104.32],[641.46,104.37],[641.49,104.42],[641.38,104.51],[641.44,104.59],[641.3,104.71],[641.29,104.72],[641.25,104.73],[641.23,104.73],[641.11,104.84],[640.84,104.51],[641.01,104.36],[640.99,104.34],[640.99,104.32],[640.97,104.25],[640.95,104.2],[640.94,104.14],[640.93,104.11],[640.91,104.06],[640.89,104.03],[640.86,103.97],[640.83,103.93],[640.87,103.89],[640.88,103.88],[640.88,103.86],[640.88,103.85],[640.98,103.77]]]}},{"type":"Feature","id":"35102-16","properties":{"ridingCode":"35102","pollNumber":"16","pollType":"N","advancePollNumber":"601","sourceCode":"16-0","geometryPollNumbers":["16"],"code":"35102-16","resultPollNumbers":["16"],"resultStatus":"exact","result":{"electors":402,"voters":115,"totalVotes":114,"rejected":1,"turnout":28.60696517412935,"winnerId":"eric-duncan","winnerPartyId":"CPC","runnerUpId":"sarah-good","runnerUpPartyId":"LIB","margin":9.649122807017543,"top":[{"id":"eric-duncan","name":"Eric Duncan","shortName":"Duncan","partyId":"CPC","votes":58,"share":50.877192982456144},{"id":"sarah-good","name":"Sarah Good","shortName":"Good","partyId":"LIB","votes":47,"share":41.228070175438596},{"id":"gordon-kubanek","name":"Gordon Kubanek","shortName":"Kubanek","partyId":"GRN","votes":3,"share":2.631578947368421},{"id":"mario-leclerc","name":"Mario Leclerc","shortName":"Leclerc","partyId":"NDP","votes":3,"share":2.631578947368421}],"partyVotes":{"LIB":47,"CPC":58,"BQ":0,"NDP":3,"GRN":3,"PPC":0,"OTH":3}}},"geometry":{"type":"Polygon","coordinates":[[[641.58,104.17],[641.58,104.17],[641.63,104.12],[641.65,104.13],[641.66,104.14],[641.68,104.13],[641.7,104.12],[641.71,104.11],[641.72,104.09],[641.71,104.07],[641.71,104.06],[641.72,104.04],[641.73,104.06],[641.74,104.1],[641.76,104.14],[641.78,104.17],[641.8,104.21],[641.82,104.24],[641.75,104.3],[641.69,104.34],[641.68,104.37],[641.68,104.38],[641.68,104.39],[641.63,104.43],[641.62,104.44],[641.61,104.44],[641.62,104.43],[641.61,104.42],[641.59,104.43],[641.59,104.43],[641.57,104.4],[641.56,104.4],[641.55,104.39],[641.46,104.27],[641.57,104.18],[641.58,104.17]]]}},{"type":"Feature","id":"35102-17","properties":{"ridingCode":"35102","pollNumber":"17","pollType":"N","advancePollNumber":"601","sourceCode":"17-0","geometryPollNumbers":["17"],"code":"35102-17","resultPollNumbers":["17"],"resultStatus":"exact","result":{"electors":451,"voters":159,"totalVotes":159,"rejected":0,"turnout":35.254988913525494,"winnerId":"eric-duncan","winnerPartyId":"CPC","runnerUpId":"sarah-good","runnerUpPartyId":"LIB","margin":47.16981132075472,"top":[{"id":"eric-duncan","name":"Eric Duncan","shortName":"Duncan","partyId":"CPC","votes":113,"share":71.0691823899371},{"id":"sarah-good","name":"Sarah Good","shortName":"Good","partyId":"LIB","votes":38,"share":23.89937106918239},{"id":"mario-leclerc","name":"Mario Leclerc","shortName":"Leclerc","partyId":"NDP","votes":5,"share":3.1446540880503147},{"id":"gordon-kubanek","name":"Gordon Kubanek","shortName":"Kubanek","partyId":"GRN","votes":3,"share":1.8867924528301887}],"partyVotes":{"LIB":38,"CPC":113,"BQ":0,"NDP":5,"GRN":3,"PPC":0,"OTH":0}}},"geometry":{"type":"Polygon","coordinates":[[[641.29,104.12],[641.27,104.09],[641.25,104.06],[641.2,104],[641.22,103.98],[641.23,103.96],[641.3,103.91],[641.33,103.92],[641.38,103.94],[641.43,103.95],[641.49,103.9],[641.49,103.9],[641.51,103.93],[641.52,103.93],[641.63,103.83],[641.66,103.87],[641.7,103.91],[641.91,104.16],[641.82,104.24],[641.8,104.21],[641.78,104.17],[641.76,104.14],[641.74,104.1],[641.73,104.06],[641.72,104.04],[641.71,104.06],[641.71,104.07],[641.72,104.09],[641.71,104.11],[641.7,104.12],[641.68,104.13],[641.66,104.14],[641.65,104.13],[641.63,104.12],[641.58,104.17],[641.58,104.17],[641.57,104.18],[641.46,104.27],[641.43,104.3],[641.34,104.22],[641.29,104.12]]]}},{"type":"Feature","id":"35102-18","properties":{"ridingCode":"35102","pollNumber":"18","pollType":"N","advancePollNumber":"600","sourceCode":"18-0","geometryPollNumbers":["18"],"code":"35102-18","resultPollNumbers":["18"],"resultStatus":"exact","result":{"electors":458,"voters":221,"totalVotes":221,"rejected":0,"turnout":48.25327510917031,"winnerId":"eric-duncan","winnerPartyId":"CPC","runnerUpId":"sarah-good","runnerUpPartyId":"LIB","margin":44.79638009049774,"top":[{"id":"eric-duncan","name":"Eric Duncan","shortName":"Duncan","partyId":"CPC","votes":155,"share":70.13574660633483},{"id":"sarah-good","name":"Sarah Good","shortName":"Good","partyId":"LIB","votes":56,"share":25.339366515837103},{"id":"mario-leclerc","name":"Mario Leclerc","shortName":"Leclerc","partyId":"NDP","votes":6,"share":2.7149321266968327},{"id":"gordon-kubanek","name":"Gordon Kubanek","shortName":"Kubanek","partyId":"GRN","votes":3,"share":1.3574660633484164}],"partyVotes":{"LIB":56,"CPC":155,"BQ":0,"NDP":6,"GRN":3,"PPC":0,"OTH":1}}},"geometry":{"type":"Polygon","coordinates":[[[639.92,104.72],[639.93,104.7],[639.95,104.68],[640.08,104.57],[640.22,104.45],[640.23,104.43],[640.37,104.6],[640.7,104.34],[640.55,104.16],[640.56,104.15],[640.56,104.15],[640.83,103.93],[640.86,103.97],[640.89,104.03],[640.91,104.06],[640.93,104.11],[640.94,104.14],[640.95,104.2],[640.97,104.25],[640.99,104.32],[640.99,104.34],[641.01,104.36],[640.84,104.51],[641.11,104.84],[640.79,105.12],[640.5,105.38],[640.49,105.39],[640.48,105.39],[640.47,105.4],[640.24,105.12],[640.03,104.85],[639.93,104.73],[639.92,104.72]]]}},{"type":"Feature","id":"35102-19","properties":{"ridingCode":"35102","pollNumber":"19","pollType":"N","advancePollNumber":"600","sourceCode":"19-0","geometryPollNumbers":["19"],"code":"35102-19","resultPollNumbers":["19"],"resultStatus":"exact","result":{"electors":342,"voters":194,"totalVotes":193,"rejected":1,"turnout":56.72514619883041,"winnerId":"eric-duncan","winnerPartyId":"CPC","runnerUpId":"sarah-good","runnerUpPartyId":"LIB","margin":33.67875647668394,"top":[{"id":"eric-duncan","name":"Eric Duncan","shortName":"Duncan","partyId":"CPC","votes":127,"share":65.80310880829016},{"id":"sarah-good","name":"Sarah Good","shortName":"Good","partyId":"LIB","votes":62,"share":32.12435233160622},{"id":"mario-leclerc","name":"Mario Leclerc","shortName":"Leclerc","partyId":"NDP","votes":3,"share":1.5544041450777202},{"id":"gordon-kubanek","name":"Gordon Kubanek","shortName":"Kubanek","partyId":"GRN","votes":1,"share":0.5181347150259068}],"partyVotes":{"LIB":62,"CPC":127,"BQ":0,"NDP":3,"GRN":1,"PPC":0,"OTH":0}}},"geometry":{"type":"Polygon","coordinates":[[[639.48,104.09],[639.49,104.07],[639.55,104.15],[639.56,104.15],[639.58,104.16],[639.59,104.16],[639.68,104.08],[639.7,104.07],[639.81,103.97],[639.86,103.93],[639.79,103.85],[639.77,103.82],[639.77,103.81],[639.98,103.62],[640.01,103.59],[640.04,103.66],[640.02,103.67],[640.03,103.68],[640.03,103.68],[639.98,103.73],[640.03,103.78],[640.04,103.8],[640.04,103.81],[640.06,103.81],[640.08,103.84],[640.12,103.8],[640.16,103.86],[640.19,103.84],[640.17,103.8],[640.16,103.75],[640.19,103.79],[640.34,104],[640.47,104.11],[640.53,104.19],[640.55,104.16],[640.7,104.34],[640.37,104.6],[640.23,104.43],[640.22,104.45],[640.08,104.57],[639.95,104.68],[639.93,104.7],[639.92,104.72],[639.91,104.7],[639.82,104.61],[639.76,104.54],[639.6,104.36],[639.66,104.3],[639.58,104.2],[639.56,104.19],[639.48,104.09]]]}},{"type":"Feature","id":"35102-20","properties":{"ridingCode":"35102","pollNumber":"20","pollType":"N","advancePollNumber":"601","sourceCode":"20-0","geometryPollNumbers":["20"],"code":"35102-20","resultPollNumbers":["20"],"resultStatus":"exact","result":{"electors":319,"voters":211,"totalVotes":211,"rejected":0,"turnout":66.14420062695925,"winnerId":"eric-duncan","winnerPartyId":"CPC","runnerUpId":"sarah-good","runnerUpPartyId":"LIB","margin":24.170616113744074,"top":[{"id":"eric-duncan","name":"Eric Duncan","shortName":"Duncan","partyId":"CPC","votes":126,"share":59.71563981042654},{"id":"sarah-good","name":"Sarah Good","shortName":"Good","partyId":"LIB","votes":75,"share":35.54502369668246},{"id":"gordon-kubanek","name":"Gordon Kubanek","shortName":"Kubanek","partyId":"GRN","votes":5,"share":2.3696682464454977},{"id":"mario-leclerc","name":"Mario Leclerc","shortName":"Leclerc","partyId":"NDP","votes":5,"share":2.3696682464454977}],"partyVotes":{"LIB":75,"CPC":126,"BQ":0,"NDP":5,"GRN":5,"PPC":0,"OTH":0}}},"geometry":{"type":"Polygon","coordinates":[[[640.03,103.68],[640.08,103.73],[640.08,103.73],[640.12,103.8],[640.08,103.84],[640.06,103.81],[640.04,103.81],[640.04,103.8],[640.03,103.78],[639.98,103.73],[640.03,103.68]]]}},{"type":"Feature","id":"35102-21","properties":{"ridingCode":"35102","pollNumber":"21","pollType":"N","advancePollNumber":"601","sourceCode":"21-0","geometryPollNumbers":["21"],"code":"35102-21","resultPollNumbers":["21"],"resultStatus":"exact","result":{"electors":330,"voters":198,"totalVotes":198,"rejected":0,"turnout":60,"winnerId":"eric-duncan","winnerPartyId":"CPC","runnerUpId":"sarah-good","runnerUpPartyId":"LIB","margin":6.565656565656567,"top":[{"id":"eric-duncan","name":"Eric Duncan","shortName":"Duncan","partyId":"CPC","votes":99,"share":50},{"id":"sarah-good","name":"Sarah Good","shortName":"Good","partyId":"LIB","votes":86,"share":43.43434343434344},{"id":"mario-leclerc","name":"Mario Leclerc","shortName":"Leclerc","partyId":"NDP","votes":9,"share":4.545454545454546},{"id":"gordon-kubanek","name":"Gordon Kubanek","shortName":"Kubanek","partyId":"GRN","votes":3,"share":1.5151515151515151}],"partyVotes":{"LIB":86,"CPC":99,"BQ":0,"NDP":9,"GRN":3,"PPC":0,"OTH":1}}},"geometry":{"type":"Polygon","coordinates":[[[640.08,103.73],[640.03,103.68],[640.02,103.67],[640.02,103.67],[640.04,103.66],[640.05,103.67],[640.08,103.64],[640.17,103.75],[640.16,103.75],[640.17,103.8],[640.19,103.84],[640.16,103.86],[640.12,103.8],[640.08,103.73],[640.08,103.73]]]}},{"type":"Feature","id":"35102-22B+23","properties":{"ridingCode":"35102","pollNumber":"22B+23","pollType":"N","advancePollNumber":"604","sourceCode":"23-0","geometryPollNumbers":["22","23"],"code":"35102-22B+23","resultPollNumbers":["22B","23"],"resultStatus":"resolved-combination","result":{"electors":869,"voters":482,"totalVotes":480,"rejected":2,"turnout":55.46605293440736,"winnerId":"eric-duncan","winnerPartyId":"CPC","runnerUpId":"sarah-good","runnerUpPartyId":"LIB","margin":26.666666666666668,"top":[{"id":"eric-duncan","name":"Eric Duncan","shortName":"Duncan","partyId":"CPC","votes":292,"share":60.83333333333333},{"id":"sarah-good","name":"Sarah Good","shortName":"Good","partyId":"LIB","votes":164,"share":34.166666666666664},{"id":"mario-leclerc","name":"Mario Leclerc","shortName":"Leclerc","partyId":"NDP","votes":15,"share":3.125},{"id":"gordon-kubanek","name":"Gordon Kubanek","shortName":"Kubanek","partyId":"GRN","votes":7,"share":1.4583333333333333}],"partyVotes":{"LIB":164,"CPC":292,"BQ":0,"NDP":15,"GRN":7,"PPC":0,"OTH":2}}},"geometry":{"type":"MultiPolygon","coordinates":[[[[640.91,103.25],[640.94,103.23],[640.95,103.23],[641.07,103.12],[641.31,103.42],[641.25,103.46],[641.26,103.47],[641.27,103.5],[641.29,103.51],[641.31,103.52],[641.36,103.57],[641.47,103.7],[641.49,103.71],[641.5,103.73],[641.51,103.73],[641.53,103.71],[641.53,103.71],[641.63,103.82],[641.63,103.83],[641.52,103.93],[641.51,103.93],[641.49,103.9],[641.49,103.9],[641.43,103.95],[641.38,103.94],[641.33,103.92],[641.3,103.91],[641.23,103.96],[641.22,103.98],[641.2,104],[641.17,103.97],[641.09,103.91],[641.08,103.89],[641.07,103.85],[641.05,103.84],[641.01,103.8],[640.98,103.77],[640.93,103.73],[640.99,103.69],[640.83,103.49],[640.8,103.45],[640.79,103.44],[640.77,103.38],[640.91,103.27],[640.91,103.26],[640.91,103.25]]],[[[640.07,103.53],[640.24,103.37],[640.4,103.24],[640.45,103.3],[640.6,103.17],[640.61,103.18],[640.66,103.25],[640.8,103.13],[640.84,103.16],[640.91,103.25],[640.91,103.26],[640.91,103.27],[640.77,103.38],[640.79,103.44],[640.8,103.45],[640.83,103.49],[640.99,103.69],[640.93,103.73],[640.98,103.77],[640.88,103.85],[640.88,103.86],[640.88,103.88],[640.87,103.89],[640.83,103.93],[640.56,104.15],[640.56,104.15],[640.55,104.16],[640.53,104.19],[640.47,104.11],[640.34,104],[640.19,103.79],[640.16,103.75],[640.17,103.75],[640.08,103.64],[640.05,103.67],[640.04,103.66],[640.01,103.59],[640.07,103.53]]]]}},{"type":"Feature","id":"35102-24","properties":{"ridingCode":"35102","pollNumber":"24","pollType":"N","advancePollNumber":"602","sourceCode":"24-0","geometryPollNumbers":["24"],"code":"35102-24","resultPollNumbers":["24"],"resultStatus":"exact","result":{"electors":438,"voters":158,"totalVotes":157,"rejected":1,"turnout":36.07305936073059,"winnerId":"eric-duncan","winnerPartyId":"CPC","runnerUpId":"sarah-good","runnerUpPartyId":"LIB","margin":12.101910828025478,"top":[{"id":"eric-duncan","name":"Eric Duncan","shortName":"Duncan","partyId":"CPC","votes":83,"share":52.86624203821656},{"id":"sarah-good","name":"Sarah Good","shortName":"Good","partyId":"LIB","votes":64,"share":40.76433121019109},{"id":"gordon-kubanek","name":"Gordon Kubanek","shortName":"Kubanek","partyId":"GRN","votes":6,"share":3.821656050955414},{"id":"mario-leclerc","name":"Mario Leclerc","shortName":"Leclerc","partyId":"NDP","votes":3,"share":1.910828025477707}],"partyVotes":{"LIB":64,"CPC":83,"BQ":0,"NDP":3,"GRN":6,"PPC":0,"OTH":1}}},"geometry":{"type":"Polygon","coordinates":[[[642.09,104.69],[642.09,104.67],[642.22,104.55],[642.24,104.56],[642.27,104.59],[642.37,104.51],[642.43,104.45],[642.75,104.82],[642.74,104.82],[642.74,104.85],[642.69,105.41],[642.37,105.03],[642.27,104.91],[642.09,104.69]]]}},{"type":"Feature","id":"35102-25","properties":{"ridingCode":"35102","pollNumber":"25","pollType":"N","advancePollNumber":"602","sourceCode":"25-0","geometryPollNumbers":["25"],"code":"35102-25","resultPollNumbers":["25"],"resultStatus":"exact","result":{"electors":320,"voters":123,"totalVotes":123,"rejected":0,"turnout":38.4375,"winnerId":"eric-duncan","winnerPartyId":"CPC","runnerUpId":"sarah-good","runnerUpPartyId":"LIB","margin":1.6260162601626018,"top":[{"id":"eric-duncan","name":"Eric Duncan","shortName":"Duncan","partyId":"CPC","votes":59,"share":47.96747967479675},{"id":"sarah-good","name":"Sarah Good","shortName":"Good","partyId":"LIB","votes":57,"share":46.34146341463415},{"id":"gordon-kubanek","name":"Gordon Kubanek","shortName":"Kubanek","partyId":"GRN","votes":4,"share":3.2520325203252036},{"id":"mario-leclerc","name":"Mario Leclerc","shortName":"Leclerc","partyId":"NDP","votes":3,"share":2.4390243902439024}],"partyVotes":{"LIB":57,"CPC":59,"BQ":0,"NDP":3,"GRN":4,"PPC":0,"OTH":0}}},"geometry":{"type":"Polygon","coordinates":[[[642.43,104.45],[642.55,104.35],[642.59,104.32],[642.59,104.32],[642.6,104.34],[642.6,104.36],[642.6,104.37],[642.61,104.38],[642.61,104.39],[642.61,104.4],[642.61,104.43],[642.61,104.48],[642.62,104.49],[642.64,104.5],[642.64,104.5],[642.65,104.52],[642.66,104.52],[642.66,104.54],[642.65,104.55],[642.66,104.57],[642.66,104.57],[642.67,104.57],[642.68,104.57],[642.69,104.55],[642.69,104.54],[642.69,104.51],[642.69,104.5],[642.69,104.48],[642.7,104.47],[642.7,104.45],[642.71,104.45],[642.72,104.45],[642.72,104.46],[642.73,104.47],[642.73,104.48],[642.73,104.48],[642.75,104.5],[642.75,104.52],[642.76,104.52],[642.77,104.5],[642.84,104.44],[642.78,104.36],[642.73,104.3],[642.72,104.28],[642.71,104.21],[642.72,104.22],[642.75,104.2],[642.75,104.18],[642.92,104.38],[643.07,104.24],[643.07,104.24],[643.09,104.26],[643.09,104.26],[643.25,104.12],[643.26,104.11],[643.26,104.11],[643.24,104.09],[643.33,104],[643.42,104.06],[643.41,104.07],[643.39,104.09],[643.49,104.22],[643.55,104.16],[643.56,104.15],[643.56,104.14],[643.56,104.14],[643.71,104.32],[643.68,104.33],[643.13,104.62],[642.75,104.82],[642.43,104.45]]]}},{"type":"Feature","id":"35102-26","properties":{"ridingCode":"35102","pollNumber":"26","pollType":"N","advancePollNumber":"602","sourceCode":"26-0","geometryPollNumbers":["26"],"code":"35102-26","resultPollNumbers":["26"],"resultStatus":"exact","result":{"electors":345,"voters":138,"totalVotes":133,"rejected":5,"turnout":40,"winnerId":"eric-duncan","winnerPartyId":"CPC","runnerUpId":"sarah-good","runnerUpPartyId":"LIB","margin":44.3609022556391,"top":[{"id":"eric-duncan","name":"Eric Duncan","shortName":"Duncan","partyId":"CPC","votes":95,"share":71.42857142857143},{"id":"sarah-good","name":"Sarah Good","shortName":"Good","partyId":"LIB","votes":36,"share":27.06766917293233},{"id":"mario-leclerc","name":"Mario Leclerc","shortName":"Leclerc","partyId":"NDP","votes":2,"share":1.5037593984962405},{"id":"gordon-kubanek","name":"Gordon Kubanek","shortName":"Kubanek","partyId":"GRN","votes":0,"share":0}],"partyVotes":{"LIB":36,"CPC":95,"BQ":0,"NDP":2,"GRN":0,"PPC":0,"OTH":0}}},"geometry":{"type":"Polygon","coordinates":[[[642.4,104.13],[642.54,103.94],[642.5,103.89],[642.38,103.75],[642.47,103.68],[642.65,103.52],[642.68,103.5],[642.78,103.42],[642.86,103.36],[642.88,103.32],[642.91,103.3],[642.97,103.38],[643.03,103.44],[643.13,103.56],[643.17,103.61],[643.22,103.66],[643.22,103.66],[643.22,103.66],[643.19,103.65],[643.02,103.8],[643.02,103.83],[643.08,103.83],[643.25,104.03],[643.24,104.09],[643.26,104.11],[643.26,104.11],[643.25,104.12],[643.09,104.26],[643.09,104.26],[643.07,104.24],[643.07,104.24],[642.92,104.38],[642.75,104.18],[642.75,104.2],[642.72,104.22],[642.71,104.21],[642.72,104.28],[642.73,104.3],[642.78,104.36],[642.84,104.44],[642.77,104.5],[642.76,104.52],[642.75,104.52],[642.75,104.5],[642.73,104.48],[642.73,104.48],[642.73,104.47],[642.72,104.46],[642.72,104.45],[642.71,104.45],[642.7,104.45],[642.7,104.47],[642.69,104.48],[642.69,104.5],[642.69,104.51],[642.69,104.54],[642.69,104.55],[642.68,104.57],[642.67,104.57],[642.66,104.57],[642.66,104.57],[642.65,104.55],[642.66,104.54],[642.66,104.52],[642.65,104.52],[642.64,104.5],[642.64,104.5],[642.62,104.49],[642.61,104.48],[642.61,104.43],[642.61,104.4],[642.61,104.39],[642.61,104.38],[642.6,104.37],[642.6,104.36],[642.6,104.34],[642.59,104.32],[642.59,104.32],[642.55,104.35],[642.51,104.33],[642.46,104.32],[642.43,104.31],[642.39,104.28],[642.35,104.26],[642.33,104.24],[642.31,104.21],[642.4,104.13]]]}},{"type":"Feature","id":"35102-27","properties":{"ridingCode":"35102","pollNumber":"27","pollType":"N","advancePollNumber":"602","sourceCode":"27-0","geometryPollNumbers":["27"],"code":"35102-27","resultPollNumbers":["27"],"resultStatus":"exact","result":{"electors":383,"voters":183,"totalVotes":182,"rejected":1,"turnout":47.78067885117493,"winnerId":"eric-duncan","winnerPartyId":"CPC","runnerUpId":"sarah-good","runnerUpPartyId":"LIB","margin":24.175824175824175,"top":[{"id":"eric-duncan","name":"Eric Duncan","shortName":"Duncan","partyId":"CPC","votes":107,"share":58.791208791208796},{"id":"sarah-good","name":"Sarah Good","shortName":"Good","partyId":"LIB","votes":63,"share":34.61538461538461},{"id":"mario-leclerc","name":"Mario Leclerc","shortName":"Leclerc","partyId":"NDP","votes":6,"share":3.296703296703297},{"id":"gordon-kubanek","name":"Gordon Kubanek","shortName":"Kubanek","partyId":"GRN","votes":5,"share":2.7472527472527473}],"partyVotes":{"LIB":63,"CPC":107,"BQ":0,"NDP":6,"GRN":5,"PPC":0,"OTH":1}}},"geometry":{"type":"Polygon","coordinates":[[[641.91,104.16],[642.01,104.07],[642.01,104.07],[642.01,104.07],[642.02,104.08],[642.07,104.03],[642.26,104.25],[642.23,104.27],[642.24,104.28],[642.23,104.29],[642.24,104.32],[642.27,104.35],[642.28,104.37],[642.32,104.44],[642.33,104.47],[642.34,104.48],[642.37,104.51],[642.27,104.59],[642.24,104.56],[642.22,104.55],[642.09,104.67],[642.09,104.69],[641.75,104.3],[641.82,104.24],[641.91,104.16]]]}},{"type":"Feature","id":"35102-28","properties":{"ridingCode":"35102","pollNumber":"28","pollType":"N","advancePollNumber":"602","sourceCode":"28-0","geometryPollNumbers":["28"],"code":"35102-28","resultPollNumbers":["28"],"resultStatus":"exact","result":{"electors":370,"voters":170,"totalVotes":170,"rejected":0,"turnout":45.94594594594595,"winnerId":"eric-duncan","winnerPartyId":"CPC","runnerUpId":"sarah-good","runnerUpPartyId":"LIB","margin":37.05882352941177,"top":[{"id":"eric-duncan","name":"Eric Duncan","shortName":"Duncan","partyId":"CPC","votes":113,"share":66.47058823529412},{"id":"sarah-good","name":"Sarah Good","shortName":"Good","partyId":"LIB","votes":50,"share":29.411764705882355},{"id":"mario-leclerc","name":"Mario Leclerc","shortName":"Leclerc","partyId":"NDP","votes":6,"share":3.5294117647058822},{"id":"gordon-kubanek","name":"Gordon Kubanek","shortName":"Kubanek","partyId":"GRN","votes":1,"share":0.5882352941176471}],"partyVotes":{"LIB":50,"CPC":113,"BQ":0,"NDP":6,"GRN":1,"PPC":0,"OTH":0}}},"geometry":{"type":"Polygon","coordinates":[[[642.18,103.6],[642.2,103.63],[642.33,103.52],[642.47,103.68],[642.38,103.75],[642.5,103.89],[642.54,103.94],[642.4,104.13],[642.31,104.21],[642.33,104.24],[642.35,104.26],[642.39,104.28],[642.43,104.31],[642.46,104.32],[642.51,104.33],[642.55,104.35],[642.43,104.45],[642.37,104.51],[642.34,104.48],[642.33,104.47],[642.32,104.44],[642.28,104.37],[642.27,104.35],[642.24,104.32],[642.23,104.29],[642.24,104.28],[642.23,104.27],[642.26,104.25],[642.07,104.03],[642.06,104.02],[642.23,103.88],[642.07,103.7],[642.18,103.6]]]}},{"type":"Feature","id":"35102-29","properties":{"ridingCode":"35102","pollNumber":"29","pollType":"N","advancePollNumber":"602","sourceCode":"29-0","geometryPollNumbers":["29"],"code":"35102-29","resultPollNumbers":["29"],"resultStatus":"exact","result":{"electors":351,"voters":218,"totalVotes":216,"rejected":2,"turnout":62.10826210826211,"winnerId":"eric-duncan","winnerPartyId":"CPC","runnerUpId":"sarah-good","runnerUpPartyId":"LIB","margin":20.37037037037037,"top":[{"id":"eric-duncan","name":"Eric Duncan","shortName":"Duncan","partyId":"CPC","votes":126,"share":58.333333333333336},{"id":"sarah-good","name":"Sarah Good","shortName":"Good","partyId":"LIB","votes":82,"share":37.96296296296296},{"id":"mario-leclerc","name":"Mario Leclerc","shortName":"Leclerc","partyId":"NDP","votes":5,"share":2.314814814814815},{"id":"gordon-kubanek","name":"Gordon Kubanek","shortName":"Kubanek","partyId":"GRN","votes":3,"share":1.3888888888888888}],"partyVotes":{"LIB":82,"CPC":126,"BQ":0,"NDP":5,"GRN":3,"PPC":0,"OTH":0}}},"geometry":{"type":"Polygon","coordinates":[[[641.79,103.69],[641.81,103.69],[641.91,103.81],[641.91,103.83],[641.94,103.84],[642.07,104],[642.06,104.02],[642.07,104.03],[642.02,104.08],[642.01,104.07],[642.01,104.07],[642.01,104.07],[642.01,104.07],[641.91,104.16],[641.7,103.91],[641.66,103.87],[641.63,103.83],[641.63,103.82],[641.79,103.69]]]}},{"type":"Feature","id":"35102-30","properties":{"ridingCode":"35102","pollNumber":"30","pollType":"N","advancePollNumber":"602","sourceCode":"30-0","geometryPollNumbers":["30"],"code":"35102-30","resultPollNumbers":["30"],"resultStatus":"exact","result":{"electors":428,"voters":176,"totalVotes":175,"rejected":1,"turnout":41.1214953271028,"winnerId":"eric-duncan","winnerPartyId":"CPC","runnerUpId":"sarah-good","runnerUpPartyId":"LIB","margin":12.571428571428573,"top":[{"id":"eric-duncan","name":"Eric Duncan","shortName":"Duncan","partyId":"CPC","votes":95,"share":54.285714285714285},{"id":"sarah-good","name":"Sarah Good","shortName":"Good","partyId":"LIB","votes":73,"share":41.714285714285715},{"id":"gordon-kubanek","name":"Gordon Kubanek","shortName":"Kubanek","partyId":"GRN","votes":4,"share":2.2857142857142856},{"id":"mario-leclerc","name":"Mario Leclerc","shortName":"Leclerc","partyId":"NDP","votes":3,"share":1.7142857142857144}],"partyVotes":{"LIB":73,"CPC":95,"BQ":0,"NDP":3,"GRN":4,"PPC":0,"OTH":0}}},"geometry":{"type":"Polygon","coordinates":[[[641.59,103.56],[641.8,103.39],[641.76,103.34],[641.92,103.2],[642,103.3],[642,103.3],[642.01,103.3],[642.01,103.31],[642.08,103.39],[642.18,103.3],[642.22,103.35],[642.26,103.39],[642.28,103.46],[642.31,103.5],[642.33,103.52],[642.2,103.63],[642.18,103.6],[642.07,103.7],[642.23,103.88],[642.06,104.02],[642.07,104],[641.94,103.84],[641.91,103.83],[641.91,103.81],[641.81,103.69],[641.79,103.69],[641.63,103.82],[641.53,103.71],[641.48,103.64],[641.59,103.56]]]}},{"type":"Feature","id":"35102-31","properties":{"ridingCode":"35102","pollNumber":"31","pollType":"N","advancePollNumber":"603","sourceCode":"31-0","geometryPollNumbers":["31"],"code":"35102-31","resultPollNumbers":["31"],"resultStatus":"exact","result":{"electors":293,"voters":141,"totalVotes":141,"rejected":0,"turnout":48.122866894197955,"winnerId":"eric-duncan","winnerPartyId":"CPC","runnerUpId":"sarah-good","runnerUpPartyId":"LIB","margin":14.184397163120568,"top":[{"id":"eric-duncan","name":"Eric Duncan","shortName":"Duncan","partyId":"CPC","votes":78,"share":55.319148936170215},{"id":"sarah-good","name":"Sarah Good","shortName":"Good","partyId":"LIB","votes":58,"share":41.13475177304964},{"id":"mario-leclerc","name":"Mario Leclerc","shortName":"Leclerc","partyId":"NDP","votes":3,"share":2.127659574468085},{"id":"karl-ivan-mackinnon","name":"Karl Ivan MacKinnon","shortName":"MacKinnon","partyId":"OTH","votes":2,"share":1.4184397163120568}],"partyVotes":{"LIB":58,"CPC":78,"BQ":0,"NDP":3,"GRN":0,"PPC":0,"OTH":2}}},"geometry":{"type":"Polygon","coordinates":[[[643.02,103.83],[643.02,103.8],[643.19,103.65],[643.22,103.66],[643.22,103.66],[643.22,103.66],[643.17,103.61],[643.13,103.56],[643.32,103.37],[643.33,103.37],[643.36,103.39],[643.44,103.48],[643.43,103.49],[643.44,103.49],[643.28,103.63],[643.28,103.63],[643.35,103.69],[643.38,103.74],[643.39,103.75],[643.43,103.83],[643.43,103.84],[643.45,103.82],[643.46,103.81],[643.48,103.8],[643.5,103.82],[643.51,103.83],[643.51,103.82],[643.58,103.77],[643.59,103.79],[643.62,103.76],[643.61,103.74],[643.64,103.71],[643.76,103.85],[643.77,103.86],[643.77,103.9],[643.78,103.9],[643.78,103.93],[643.78,103.94],[643.94,104.16],[643.98,104.14],[644,104.17],[643.96,104.19],[643.71,104.32],[643.56,104.14],[643.56,104.14],[643.56,104.15],[643.55,104.16],[643.49,104.22],[643.39,104.09],[643.41,104.07],[643.42,104.06],[643.33,104],[643.24,104.09],[643.25,104.03],[643.08,103.83],[643.02,103.83]]]}},{"type":"Feature","id":"35102-32","properties":{"ridingCode":"35102","pollNumber":"32","pollType":"N","advancePollNumber":"603","sourceCode":"32-0","geometryPollNumbers":["32"],"code":"35102-32","resultPollNumbers":["32"],"resultStatus":"exact","result":{"electors":291,"voters":108,"totalVotes":108,"rejected":0,"turnout":37.11340206185567,"winnerId":"eric-duncan","winnerPartyId":"CPC","runnerUpId":"sarah-good","runnerUpPartyId":"LIB","margin":3.7037037037037033,"top":[{"id":"eric-duncan","name":"Eric Duncan","shortName":"Duncan","partyId":"CPC","votes":52,"share":48.148148148148145},{"id":"sarah-good","name":"Sarah Good","shortName":"Good","partyId":"LIB","votes":48,"share":44.44444444444444},{"id":"gordon-kubanek","name":"Gordon Kubanek","shortName":"Kubanek","partyId":"GRN","votes":4,"share":3.7037037037037033},{"id":"mario-leclerc","name":"Mario Leclerc","shortName":"Leclerc","partyId":"NDP","votes":2,"share":1.8518518518518516}],"partyVotes":{"LIB":48,"CPC":52,"BQ":0,"NDP":2,"GRN":4,"PPC":0,"OTH":2}}},"geometry":{"type":"Polygon","coordinates":[[[643.64,103.71],[643.72,103.64],[643.75,103.56],[643.85,103.48],[643.88,103.5],[643.94,103.56],[644.08,103.79],[644.23,104.04],[644.08,104.12],[644,104.17],[643.98,104.14],[643.94,104.16],[643.78,103.94],[643.78,103.93],[643.78,103.9],[643.77,103.9],[643.77,103.86],[643.76,103.85],[643.64,103.71],[643.64,103.71]]]}},{"type":"Feature","id":"35102-33","properties":{"ridingCode":"35102","pollNumber":"33","pollType":"N","advancePollNumber":"603","sourceCode":"33-0","geometryPollNumbers":["33"],"code":"35102-33","resultPollNumbers":["33"],"resultStatus":"exact","result":{"electors":286,"voters":147,"totalVotes":145,"rejected":2,"turnout":51.39860139860139,"winnerId":"sarah-good","winnerPartyId":"LIB","runnerUpId":"eric-duncan","runnerUpPartyId":"CPC","margin":20.689655172413794,"top":[{"id":"sarah-good","name":"Sarah Good","shortName":"Good","partyId":"LIB","votes":87,"share":60},{"id":"eric-duncan","name":"Eric Duncan","shortName":"Duncan","partyId":"CPC","votes":57,"share":39.310344827586206},{"id":"mario-leclerc","name":"Mario Leclerc","shortName":"Leclerc","partyId":"NDP","votes":1,"share":0.6896551724137931},{"id":"gordon-kubanek","name":"Gordon Kubanek","shortName":"Kubanek","partyId":"GRN","votes":0,"share":0}],"partyVotes":{"LIB":87,"CPC":57,"BQ":0,"NDP":1,"GRN":0,"PPC":0,"OTH":0}}},"geometry":{"type":"Polygon","coordinates":[[[643.51,103.56],[643.56,103.52],[643.74,103.38],[643.85,103.48],[643.75,103.56],[643.72,103.64],[643.64,103.71],[643.51,103.56]]]}},{"type":"Feature","id":"35102-34","properties":{"ridingCode":"35102","pollNumber":"34","pollType":"N","advancePollNumber":"603","sourceCode":"34-0","geometryPollNumbers":["34"],"code":"35102-34","resultPollNumbers":["34"],"resultStatus":"exact","result":{"electors":308,"voters":113,"totalVotes":111,"rejected":2,"turnout":36.688311688311686,"winnerId":"eric-duncan","winnerPartyId":"CPC","runnerUpId":"sarah-good","runnerUpPartyId":"LIB","margin":6.306306306306306,"top":[{"id":"eric-duncan","name":"Eric Duncan","shortName":"Duncan","partyId":"CPC","votes":56,"share":50.45045045045045},{"id":"sarah-good","name":"Sarah Good","shortName":"Good","partyId":"LIB","votes":49,"share":44.14414414414414},{"id":"mario-leclerc","name":"Mario Leclerc","shortName":"Leclerc","partyId":"NDP","votes":5,"share":4.504504504504505},{"id":"gordon-kubanek","name":"Gordon Kubanek","shortName":"Kubanek","partyId":"GRN","votes":1,"share":0.9009009009009009}],"partyVotes":{"LIB":49,"CPC":56,"BQ":0,"NDP":5,"GRN":1,"PPC":0,"OTH":0}}},"geometry":{"type":"Polygon","coordinates":[[[643.36,103.39],[643.38,103.37],[643.6,103.22],[643.69,103.33],[643.74,103.38],[643.56,103.52],[643.51,103.56],[643.64,103.71],[643.64,103.71],[643.61,103.74],[643.62,103.76],[643.59,103.79],[643.58,103.77],[643.51,103.82],[643.51,103.83],[643.5,103.82],[643.48,103.8],[643.46,103.81],[643.45,103.82],[643.43,103.84],[643.43,103.83],[643.39,103.75],[643.38,103.74],[643.35,103.69],[643.28,103.63],[643.28,103.63],[643.44,103.49],[643.43,103.49],[643.44,103.48],[643.36,103.39]]]}},{"type":"Feature","id":"35102-35","properties":{"ridingCode":"35102","pollNumber":"35","pollType":"N","advancePollNumber":"617","sourceCode":"35-0","geometryPollNumbers":["35"],"code":"35102-35","resultPollNumbers":["35"],"resultStatus":"exact","result":{"electors":340,"voters":107,"totalVotes":106,"rejected":1,"turnout":31.470588235294116,"winnerId":"eric-duncan","winnerPartyId":"CPC","runnerUpId":"sarah-good","runnerUpPartyId":"LIB","margin":17.92452830188679,"top":[{"id":"eric-duncan","name":"Eric Duncan","shortName":"Duncan","partyId":"CPC","votes":60,"share":56.60377358490566},{"id":"sarah-good","name":"Sarah Good","shortName":"Good","partyId":"LIB","votes":41,"share":38.67924528301887},{"id":"gordon-kubanek","name":"Gordon Kubanek","shortName":"Kubanek","partyId":"GRN","votes":3,"share":2.8301886792452833},{"id":"mario-leclerc","name":"Mario Leclerc","shortName":"Leclerc","partyId":"NDP","votes":2,"share":1.8867924528301887}],"partyVotes":{"LIB":41,"CPC":60,"BQ":0,"NDP":2,"GRN":3,"PPC":0,"OTH":0}}},"geometry":{"type":"Polygon","coordinates":[[[639.02,102.9],[639.02,102.9],[639.16,103.06],[639.25,102.98],[639.26,102.98],[639.36,103.09],[639.34,103.09],[639.27,103.14],[639.27,103.16],[639.28,103.16],[639.29,103.18],[639.3,103.19],[639.36,103.19],[639.38,103.23],[639.41,103.28],[639.45,103.33],[639.49,103.37],[639.3,103.54],[639.45,103.71],[639.64,103.93],[639.64,103.93],[639.65,103.92],[639.66,103.92],[639.77,103.81],[639.77,103.82],[639.79,103.85],[639.86,103.93],[639.81,103.97],[639.7,104.07],[639.68,104.08],[639.59,104.16],[639.58,104.16],[639.56,104.15],[639.55,104.15],[639.49,104.07],[639.48,104.09],[639.43,104.13],[639.41,104.12],[639.07,103.82],[638.84,103.61],[638.92,103.52],[639.14,103.28],[638.86,103.04],[639.02,102.9]]]}},{"type":"Feature","id":"35102-36","properties":{"ridingCode":"35102","pollNumber":"36","pollType":"N","advancePollNumber":"617","sourceCode":"36-0","geometryPollNumbers":["36"],"code":"35102-36","resultPollNumbers":["36"],"resultStatus":"exact","result":{"electors":416,"voters":172,"totalVotes":171,"rejected":1,"turnout":41.34615384615385,"winnerId":"eric-duncan","winnerPartyId":"CPC","runnerUpId":"sarah-good","runnerUpPartyId":"LIB","margin":33.91812865497076,"top":[{"id":"eric-duncan","name":"Eric Duncan","shortName":"Duncan","partyId":"CPC","votes":112,"share":65.49707602339181},{"id":"sarah-good","name":"Sarah Good","shortName":"Good","partyId":"LIB","votes":54,"share":31.57894736842105},{"id":"mario-leclerc","name":"Mario Leclerc","shortName":"Leclerc","partyId":"NDP","votes":5,"share":2.923976608187134},{"id":"gordon-kubanek","name":"Gordon Kubanek","shortName":"Kubanek","partyId":"GRN","votes":0,"share":0}],"partyVotes":{"LIB":54,"CPC":112,"BQ":0,"NDP":5,"GRN":0,"PPC":0,"OTH":0}}},"geometry":{"type":"Polygon","coordinates":[[[639.35,103.18],[639.39,103.15],[639.4,103.15],[639.45,103.11],[639.59,103.27],[639.81,103.08],[639.9,103.3],[640,103.41],[640.01,103.42],[640.05,103.46],[640.2,103.32],[640.24,103.37],[640.07,103.53],[640.01,103.59],[639.98,103.62],[639.77,103.81],[639.66,103.92],[639.65,103.92],[639.64,103.93],[639.64,103.93],[639.45,103.71],[639.3,103.54],[639.49,103.37],[639.45,103.33],[639.41,103.28],[639.38,103.23],[639.36,103.19],[639.35,103.18]]]}},{"type":"Feature","id":"35102-37","properties":{"ridingCode":"35102","pollNumber":"37","pollType":"N","advancePollNumber":"617","sourceCode":"37-0","geometryPollNumbers":["37"],"code":"35102-37","resultPollNumbers":["37"],"resultStatus":"exact","result":{"electors":366,"voters":125,"totalVotes":125,"rejected":0,"turnout":34.15300546448087,"winnerId":"eric-duncan","winnerPartyId":"CPC","runnerUpId":"sarah-good","runnerUpPartyId":"LIB","margin":35.199999999999996,"top":[{"id":"eric-duncan","name":"Eric Duncan","shortName":"Duncan","partyId":"CPC","votes":80,"share":64},{"id":"sarah-good","name":"Sarah Good","shortName":"Good","partyId":"LIB","votes":36,"share":28.799999999999997},{"id":"mario-leclerc","name":"Mario Leclerc","shortName":"Leclerc","partyId":"NDP","votes":4,"share":3.2},{"id":"gordon-kubanek","name":"Gordon Kubanek","shortName":"Kubanek","partyId":"GRN","votes":3,"share":2.4}],"partyVotes":{"LIB":36,"CPC":80,"BQ":0,"NDP":4,"GRN":3,"PPC":0,"OTH":2}}},"geometry":{"type":"Polygon","coordinates":[[[639.26,102.98],[639.26,102.97],[639.38,102.86],[639.39,102.85],[639.4,102.85],[639.39,102.84],[639.44,102.8],[639.45,102.8],[639.56,102.91],[639.55,102.92],[639.56,102.92],[639.6,102.96],[639.6,102.97],[639.64,103.01],[639.81,103.08],[639.59,103.27],[639.45,103.11],[639.4,103.15],[639.39,103.15],[639.35,103.18],[639.36,103.19],[639.3,103.19],[639.29,103.18],[639.28,103.16],[639.27,103.16],[639.27,103.14],[639.34,103.09],[639.36,103.09],[639.26,102.98]]]}},{"type":"Feature","id":"35102-38","properties":{"ridingCode":"35102","pollNumber":"38","pollType":"N","advancePollNumber":"617","sourceCode":"38-0","geometryPollNumbers":["38"],"code":"35102-38","resultPollNumbers":["38"],"resultStatus":"exact","result":{"electors":388,"voters":175,"totalVotes":175,"rejected":0,"turnout":45.103092783505154,"winnerId":"eric-duncan","winnerPartyId":"CPC","runnerUpId":"sarah-good","runnerUpPartyId":"LIB","margin":40.57142857142857,"top":[{"id":"eric-duncan","name":"Eric Duncan","shortName":"Duncan","partyId":"CPC","votes":121,"share":69.14285714285714},{"id":"sarah-good","name":"Sarah Good","shortName":"Good","partyId":"LIB","votes":50,"share":28.57142857142857},{"id":"mario-leclerc","name":"Mario Leclerc","shortName":"Leclerc","partyId":"NDP","votes":3,"share":1.7142857142857144},{"id":"gordon-kubanek","name":"Gordon Kubanek","shortName":"Kubanek","partyId":"GRN","votes":1,"share":0.5714285714285714}],"partyVotes":{"LIB":50,"CPC":121,"BQ":0,"NDP":3,"GRN":1,"PPC":0,"OTH":0}}},"geometry":{"type":"Polygon","coordinates":[[[639.6,102.97],[640.03,102.58],[640.05,102.57],[640.06,102.58],[640.08,102.59],[640.09,102.59],[640.1,102.58],[640.13,102.61],[640.13,102.61],[640.15,102.63],[640.25,102.75],[640.24,102.75],[640.24,102.76],[640.25,102.76],[640.26,102.76],[640.44,102.97],[640.59,103.15],[640.6,103.17],[640.45,103.3],[640.4,103.24],[640.24,103.37],[640.2,103.32],[640.05,103.46],[640.01,103.42],[640,103.41],[639.9,103.3],[639.81,103.08],[639.64,103.01],[639.6,102.97]]]}},{"type":"Feature","id":"35102-39","properties":{"ridingCode":"35102","pollNumber":"39","pollType":"N","advancePollNumber":"617","sourceCode":"39-0","geometryPollNumbers":["39"],"code":"35102-39","resultPollNumbers":["39"],"resultStatus":"exact","result":{"electors":459,"voters":222,"totalVotes":222,"rejected":0,"turnout":48.36601307189542,"winnerId":"eric-duncan","winnerPartyId":"CPC","runnerUpId":"sarah-good","runnerUpPartyId":"LIB","margin":49.549549549549546,"top":[{"id":"eric-duncan","name":"Eric Duncan","shortName":"Duncan","partyId":"CPC","votes":162,"share":72.97297297297297},{"id":"sarah-good","name":"Sarah Good","shortName":"Good","partyId":"LIB","votes":52,"share":23.423423423423422},{"id":"gordon-kubanek","name":"Gordon Kubanek","shortName":"Kubanek","partyId":"GRN","votes":4,"share":1.8018018018018018},{"id":"mario-leclerc","name":"Mario Leclerc","shortName":"Leclerc","partyId":"NDP","votes":4,"share":1.8018018018018018}],"partyVotes":{"LIB":52,"CPC":162,"BQ":0,"NDP":4,"GRN":4,"PPC":0,"OTH":0}}},"geometry":{"type":"Polygon","coordinates":[[[640.06,102.58],[640.05,102.57],[640.07,102.55],[640.08,102.55],[640.18,102.45],[640.33,102.62],[640.49,102.48],[640.53,102.45],[640.54,102.46],[640.55,102.46],[640.58,102.5],[640.6,102.51],[640.6,102.52],[640.61,102.6],[640.6,102.63],[640.62,102.66],[640.6,102.68],[640.84,102.96],[640.87,102.99],[640.88,102.99],[640.89,102.99],[640.9,102.99],[640.91,103],[640.93,103.02],[640.96,102.99],[640.97,102.99],[641.07,103.12],[640.95,103.23],[640.94,103.23],[640.91,103.25],[640.84,103.16],[640.8,103.13],[640.66,103.25],[640.61,103.18],[640.6,103.17],[640.59,103.15],[640.44,102.97],[640.26,102.76],[640.25,102.76],[640.24,102.76],[640.24,102.75],[640.25,102.75],[640.15,102.63],[640.13,102.61],[640.13,102.61],[640.1,102.58],[640.09,102.59],[640.08,102.59],[640.06,102.58]]]}},{"type":"Feature","id":"35102-40","properties":{"ridingCode":"35102","pollNumber":"40","pollType":"N","advancePollNumber":"617","sourceCode":"40-0","geometryPollNumbers":["40"],"code":"35102-40","resultPollNumbers":["40"],"resultStatus":"exact","result":{"electors":349,"voters":152,"totalVotes":152,"rejected":0,"turnout":43.553008595988544,"winnerId":"eric-duncan","winnerPartyId":"CPC","runnerUpId":"sarah-good","runnerUpPartyId":"LIB","margin":42.10526315789473,"top":[{"id":"eric-duncan","name":"Eric Duncan","shortName":"Duncan","partyId":"CPC","votes":107,"share":70.39473684210526},{"id":"sarah-good","name":"Sarah Good","shortName":"Good","partyId":"LIB","votes":43,"share":28.289473684210524},{"id":"mario-leclerc","name":"Mario Leclerc","shortName":"Leclerc","partyId":"NDP","votes":1,"share":0.6578947368421052},{"id":"karl-ivan-mackinnon","name":"Karl Ivan MacKinnon","shortName":"MacKinnon","partyId":"OTH","votes":1,"share":0.6578947368421052}],"partyVotes":{"LIB":43,"CPC":107,"BQ":0,"NDP":1,"GRN":0,"PPC":0,"OTH":1}}},"geometry":{"type":"Polygon","coordinates":[[[638.66,102.83],[638.99,102.54],[639.09,102.46],[639.43,102.16],[639.65,102.32],[639.96,102.56],[639.99,102.53],[640.02,102.56],[640.03,102.58],[639.6,102.97],[639.6,102.96],[639.56,102.92],[639.55,102.92],[639.56,102.91],[639.45,102.8],[639.44,102.8],[639.39,102.84],[639.4,102.85],[639.39,102.85],[639.38,102.86],[639.26,102.97],[639.26,102.98],[639.25,102.98],[639.16,103.06],[639.02,102.9],[639.02,102.9],[638.86,103.04],[638.63,102.85],[638.64,102.84],[638.66,102.83]]]}},{"type":"Feature","id":"35102-41","properties":{"ridingCode":"35102","pollNumber":"41","pollType":"N","advancePollNumber":"617","sourceCode":"41-0","geometryPollNumbers":["41"],"code":"35102-41","resultPollNumbers":["41"],"resultStatus":"exact","result":{"electors":319,"voters":162,"totalVotes":160,"rejected":2,"turnout":50.78369905956113,"winnerId":"eric-duncan","winnerPartyId":"CPC","runnerUpId":"sarah-good","runnerUpPartyId":"LIB","margin":45,"top":[{"id":"eric-duncan","name":"Eric Duncan","shortName":"Duncan","partyId":"CPC","votes":114,"share":71.25},{"id":"sarah-good","name":"Sarah Good","shortName":"Good","partyId":"LIB","votes":42,"share":26.25},{"id":"mario-leclerc","name":"Mario Leclerc","shortName":"Leclerc","partyId":"NDP","votes":2,"share":1.25},{"id":"gordon-kubanek","name":"Gordon Kubanek","shortName":"Kubanek","partyId":"GRN","votes":1,"share":0.625}],"partyVotes":{"LIB":42,"CPC":114,"BQ":0,"NDP":2,"GRN":1,"PPC":0,"OTH":1}}},"geometry":{"type":"Polygon","coordinates":[[[639.65,102.32],[639.65,102.32],[639.66,102.32],[639.72,102.27],[639.74,102.29],[639.77,102.32],[639.77,102.32],[639.76,102.3],[639.75,102.28],[639.73,102.27],[639.72,102.26],[639.76,102.22],[639.79,102.21],[639.91,102.1],[640.08,101.94],[640.3,102.18],[640.53,102.44],[640.53,102.45],[640.49,102.48],[640.33,102.62],[640.18,102.45],[640.08,102.55],[640.07,102.55],[640.05,102.57],[640.03,102.58],[640.02,102.56],[639.99,102.53],[639.96,102.56],[639.65,102.32]]]}},{"type":"Feature","id":"35102-42","properties":{"ridingCode":"35102","pollNumber":"42","pollType":"N","advancePollNumber":"617","sourceCode":"42-0","geometryPollNumbers":["42"],"code":"35102-42","resultPollNumbers":["42"],"resultStatus":"exact","result":{"electors":365,"voters":221,"totalVotes":220,"rejected":1,"turnout":60.54794520547945,"winnerId":"eric-duncan","winnerPartyId":"CPC","runnerUpId":"sarah-good","runnerUpPartyId":"LIB","margin":42.27272727272727,"top":[{"id":"eric-duncan","name":"Eric Duncan","shortName":"Duncan","partyId":"CPC","votes":151,"share":68.63636363636364},{"id":"sarah-good","name":"Sarah Good","shortName":"Good","partyId":"LIB","votes":58,"share":26.36363636363636},{"id":"mario-leclerc","name":"Mario Leclerc","shortName":"Leclerc","partyId":"NDP","votes":9,"share":4.090909090909091},{"id":"gordon-kubanek","name":"Gordon Kubanek","shortName":"Kubanek","partyId":"GRN","votes":2,"share":0.9090909090909091}],"partyVotes":{"LIB":58,"CPC":151,"BQ":0,"NDP":9,"GRN":2,"PPC":0,"OTH":0}}},"geometry":{"type":"Polygon","coordinates":[[[639.43,102.16],[639.58,102.03],[639.58,102.02],[639.58,102.01],[639.54,101.96],[639.7,101.82],[639.73,101.8],[639.86,101.69],[639.87,101.69],[639.88,101.68],[640,101.84],[640.08,101.94],[639.91,102.1],[639.79,102.21],[639.76,102.22],[639.72,102.26],[639.73,102.27],[639.75,102.28],[639.76,102.3],[639.77,102.32],[639.77,102.32],[639.74,102.29],[639.72,102.27],[639.66,102.32],[639.65,102.32],[639.65,102.32],[639.43,102.16]]]}},{"type":"Feature","id":"35102-43","properties":{"ridingCode":"35102","pollNumber":"43","pollType":"N","advancePollNumber":"603","sourceCode":"43-0","geometryPollNumbers":["43"],"code":"35102-43","resultPollNumbers":["43"],"resultStatus":"exact","result":{"electors":436,"voters":166,"totalVotes":166,"rejected":0,"turnout":38.07339449541284,"winnerId":"eric-duncan","winnerPartyId":"CPC","runnerUpId":"sarah-good","runnerUpPartyId":"LIB","margin":15.66265060240964,"top":[{"id":"eric-duncan","name":"Eric Duncan","shortName":"Duncan","partyId":"CPC","votes":93,"share":56.024096385542165},{"id":"sarah-good","name":"Sarah Good","shortName":"Good","partyId":"LIB","votes":67,"share":40.36144578313253},{"id":"mario-leclerc","name":"Mario Leclerc","shortName":"Leclerc","partyId":"NDP","votes":3,"share":1.8072289156626504},{"id":"gordon-kubanek","name":"Gordon Kubanek","shortName":"Kubanek","partyId":"GRN","votes":2,"share":1.2048192771084338}],"partyVotes":{"LIB":67,"CPC":93,"BQ":0,"NDP":3,"GRN":2,"PPC":0,"OTH":1}}},"geometry":{"type":"Polygon","coordinates":[[[642.18,103.3],[642.53,103.01],[642.53,102.98],[642.53,102.98],[642.52,102.97],[642.53,102.9],[642.54,102.9],[642.57,102.87],[642.58,102.86],[642.59,102.86],[642.61,102.84],[642.62,102.85],[642.64,102.86],[642.67,102.89],[642.71,102.9],[642.89,102.74],[643.05,102.95],[642.99,102.99],[642.96,102.98],[642.93,102.98],[642.92,103],[642.66,103.26],[642.74,103.34],[642.77,103.39],[642.78,103.4],[642.77,103.4],[642.78,103.42],[642.68,103.5],[642.65,103.52],[642.47,103.68],[642.33,103.52],[642.31,103.5],[642.28,103.46],[642.26,103.39],[642.22,103.35],[642.18,103.3]]]}},{"type":"Feature","id":"35102-44","properties":{"ridingCode":"35102","pollNumber":"44","pollType":"N","advancePollNumber":"604","sourceCode":"44-0","geometryPollNumbers":["44"],"code":"35102-44","resultPollNumbers":["44"],"resultStatus":"exact","result":{"electors":421,"voters":162,"totalVotes":161,"rejected":1,"turnout":38.47980997624703,"winnerId":"eric-duncan","winnerPartyId":"CPC","runnerUpId":"sarah-good","runnerUpPartyId":"LIB","margin":14.906832298136646,"top":[{"id":"eric-duncan","name":"Eric Duncan","shortName":"Duncan","partyId":"CPC","votes":90,"share":55.90062111801242},{"id":"sarah-good","name":"Sarah Good","shortName":"Good","partyId":"LIB","votes":66,"share":40.993788819875775},{"id":"mario-leclerc","name":"Mario Leclerc","shortName":"Leclerc","partyId":"NDP","votes":3,"share":1.8633540372670807},{"id":"gordon-kubanek","name":"Gordon Kubanek","shortName":"Kubanek","partyId":"GRN","votes":2,"share":1.2422360248447204}],"partyVotes":{"LIB":66,"CPC":90,"BQ":0,"NDP":3,"GRN":2,"PPC":0,"OTH":0}}},"geometry":{"type":"Polygon","coordinates":[[[641.92,102.98],[642.02,102.89],[642.1,102.83],[642.14,102.78],[642.24,102.69],[642.28,102.72],[642.3,102.76],[642.36,102.78],[642.37,102.79],[642.39,102.82],[642.39,102.82],[642.4,102.83],[642.47,102.83],[642.5,102.85],[642.53,102.89],[642.53,102.89],[642.53,102.9],[642.52,102.97],[642.53,102.98],[642.53,102.98],[642.53,103.01],[642.18,103.3],[642.08,103.39],[642.01,103.31],[642.01,103.3],[641.99,103.25],[642,103.22],[642.01,103.18],[642.01,103.16],[641.97,103.06],[641.95,103.03],[641.92,102.98]]]}},{"type":"Feature","id":"35102-45","properties":{"ridingCode":"35102","pollNumber":"45","pollType":"N","advancePollNumber":"604","sourceCode":"45-0","geometryPollNumbers":["45"],"code":"35102-45","resultPollNumbers":["45"],"resultStatus":"exact","result":{"electors":336,"voters":119,"totalVotes":118,"rejected":1,"turnout":35.41666666666667,"winnerId":"eric-duncan","winnerPartyId":"CPC","runnerUpId":"sarah-good","runnerUpPartyId":"LIB","margin":34.74576271186441,"top":[{"id":"eric-duncan","name":"Eric Duncan","shortName":"Duncan","partyId":"CPC","votes":77,"share":65.2542372881356},{"id":"sarah-good","name":"Sarah Good","shortName":"Good","partyId":"LIB","votes":36,"share":30.508474576271187},{"id":"mario-leclerc","name":"Mario Leclerc","shortName":"Leclerc","partyId":"NDP","votes":4,"share":3.389830508474576},{"id":"gordon-kubanek","name":"Gordon Kubanek","shortName":"Kubanek","partyId":"GRN","votes":1,"share":0.847457627118644}],"partyVotes":{"LIB":36,"CPC":77,"BQ":0,"NDP":4,"GRN":1,"PPC":0,"OTH":0}}},"geometry":{"type":"Polygon","coordinates":[[[642.36,102.78],[642.3,102.76],[642.28,102.72],[642.24,102.69],[642.28,102.66],[642.31,102.65],[642.32,102.64],[642.4,102.58],[642.4,102.55],[642.5,102.47],[642.61,102.39],[642.64,102.39],[642.64,102.39],[642.86,102.7],[642.86,102.7],[642.89,102.74],[642.71,102.9],[642.67,102.89],[642.64,102.86],[642.62,102.85],[642.61,102.84],[642.59,102.86],[642.58,102.86],[642.57,102.87],[642.54,102.9],[642.53,102.9],[642.53,102.89],[642.53,102.89],[642.5,102.85],[642.47,102.83],[642.4,102.83],[642.39,102.82],[642.39,102.82],[642.37,102.79],[642.36,102.78]]]}},{"type":"Feature","id":"35102-46","properties":{"ridingCode":"35102","pollNumber":"46","pollType":"N","advancePollNumber":"604","sourceCode":"46-0","geometryPollNumbers":["46"],"code":"35102-46","resultPollNumbers":["46"],"resultStatus":"exact","result":{"electors":360,"voters":165,"totalVotes":164,"rejected":1,"turnout":45.83333333333333,"winnerId":"eric-duncan","winnerPartyId":"CPC","runnerUpId":"sarah-good","runnerUpPartyId":"LIB","margin":20.73170731707317,"top":[{"id":"eric-duncan","name":"Eric Duncan","shortName":"Duncan","partyId":"CPC","votes":96,"share":58.536585365853654},{"id":"sarah-good","name":"Sarah Good","shortName":"Good","partyId":"LIB","votes":62,"share":37.80487804878049},{"id":"mario-leclerc","name":"Mario Leclerc","shortName":"Leclerc","partyId":"NDP","votes":4,"share":2.4390243902439024},{"id":"gordon-kubanek","name":"Gordon Kubanek","shortName":"Kubanek","partyId":"GRN","votes":1,"share":0.6097560975609756}],"partyVotes":{"LIB":62,"CPC":96,"BQ":0,"NDP":4,"GRN":1,"PPC":0,"OTH":1}}},"geometry":{"type":"Polygon","coordinates":[[[641.24,103.01],[641.25,103.01],[641.26,103.01],[641.54,102.77],[641.68,102.93],[641.92,103.2],[641.76,103.34],[641.8,103.39],[641.59,103.56],[641.48,103.64],[641.53,103.71],[641.53,103.71],[641.51,103.73],[641.5,103.73],[641.49,103.71],[641.47,103.7],[641.36,103.57],[641.31,103.52],[641.29,103.51],[641.27,103.5],[641.26,103.47],[641.25,103.46],[641.31,103.42],[641.35,103.47],[641.5,103.35],[641.48,103.32],[641.47,103.28],[641.46,103.26],[641.38,103.18],[641.37,103.17],[641.35,103.17],[641.35,103.16],[641.24,103.03],[641.24,103.02],[641.24,103.01]]]}},{"type":"Feature","id":"35102-47","properties":{"ridingCode":"35102","pollNumber":"47","pollType":"N","advancePollNumber":"604","sourceCode":"47-0","geometryPollNumbers":["47"],"code":"35102-47","resultPollNumbers":["47"],"resultStatus":"exact","result":{"electors":363,"voters":211,"totalVotes":210,"rejected":1,"turnout":58.1267217630854,"winnerId":"eric-duncan","winnerPartyId":"CPC","runnerUpId":"sarah-good","runnerUpPartyId":"LIB","margin":26.666666666666668,"top":[{"id":"eric-duncan","name":"Eric Duncan","shortName":"Duncan","partyId":"CPC","votes":130,"share":61.904761904761905},{"id":"sarah-good","name":"Sarah Good","shortName":"Good","partyId":"LIB","votes":74,"share":35.23809523809524},{"id":"gordon-kubanek","name":"Gordon Kubanek","shortName":"Kubanek","partyId":"GRN","votes":4,"share":1.9047619047619049},{"id":"mario-leclerc","name":"Mario Leclerc","shortName":"Leclerc","partyId":"NDP","votes":2,"share":0.9523809523809524}],"partyVotes":{"LIB":74,"CPC":130,"BQ":0,"NDP":2,"GRN":4,"PPC":0,"OTH":0}}},"geometry":{"type":"Polygon","coordinates":[[[640.84,102.96],[641.04,102.79],[641.07,102.76],[641.09,102.77],[641.29,102.6],[641.29,102.58],[641.29,102.57],[641.3,102.57],[641.3,102.56],[641.3,102.56],[641.29,102.55],[641.29,102.54],[641.29,102.53],[641.28,102.53],[641.28,102.53],[641.36,102.46],[641.45,102.38],[641.48,102.44],[641.5,102.48],[641.54,102.56],[641.56,102.61],[641.57,102.66],[641.57,102.71],[641.58,102.7],[641.58,102.7],[641.57,102.72],[641.57,102.74],[641.54,102.77],[641.26,103.01],[641.25,103.01],[641.24,103.01],[641.24,103.02],[641.24,103.03],[641.35,103.16],[641.35,103.17],[641.37,103.17],[641.38,103.18],[641.46,103.26],[641.47,103.28],[641.48,103.32],[641.5,103.35],[641.35,103.47],[641.31,103.42],[641.07,103.12],[640.97,102.99],[640.96,102.99],[640.93,103.02],[640.91,103],[640.9,102.99],[640.89,102.99],[640.88,102.99],[640.87,102.99],[640.84,102.96]]]}},{"type":"Feature","id":"35102-48","properties":{"ridingCode":"35102","pollNumber":"48","pollType":"N","advancePollNumber":"604","sourceCode":"48-0","geometryPollNumbers":["48"],"code":"35102-48","resultPollNumbers":["48"],"resultStatus":"exact","result":{"electors":361,"voters":185,"totalVotes":184,"rejected":1,"turnout":51.24653739612188,"winnerId":"eric-duncan","winnerPartyId":"CPC","runnerUpId":"sarah-good","runnerUpPartyId":"LIB","margin":29.347826086956523,"top":[{"id":"eric-duncan","name":"Eric Duncan","shortName":"Duncan","partyId":"CPC","votes":117,"share":63.58695652173913},{"id":"sarah-good","name":"Sarah Good","shortName":"Good","partyId":"LIB","votes":63,"share":34.23913043478261},{"id":"gordon-kubanek","name":"Gordon Kubanek","shortName":"Kubanek","partyId":"GRN","votes":2,"share":1.0869565217391304},{"id":"mario-leclerc","name":"Mario Leclerc","shortName":"Leclerc","partyId":"NDP","votes":2,"share":1.0869565217391304}],"partyVotes":{"LIB":63,"CPC":117,"BQ":0,"NDP":2,"GRN":2,"PPC":0,"OTH":0}}},"geometry":{"type":"Polygon","coordinates":[[[641.54,102.77],[641.57,102.74],[641.57,102.72],[641.58,102.7],[641.59,102.72],[641.6,102.7],[641.61,102.7],[641.63,102.69],[641.67,102.69],[641.75,102.65],[641.76,102.64],[641.78,102.64],[641.79,102.65],[641.82,102.68],[641.83,102.72],[641.86,102.74],[641.87,102.76],[641.88,102.77],[641.9,102.78],[641.91,102.81],[641.93,102.84],[641.96,102.86],[641.99,102.87],[642.02,102.89],[641.92,102.98],[641.95,103.03],[641.97,103.06],[642.01,103.16],[642.01,103.18],[642,103.22],[641.99,103.25],[642.01,103.3],[642,103.3],[642,103.3],[641.92,103.2],[641.68,102.93],[641.54,102.77]]]}},{"type":"Feature","id":"35102-49","properties":{"ridingCode":"35102","pollNumber":"49","pollType":"N","advancePollNumber":"604","sourceCode":"49-0","geometryPollNumbers":["49"],"code":"35102-49","resultPollNumbers":["49"],"resultStatus":"exact","result":{"electors":349,"voters":176,"totalVotes":172,"rejected":4,"turnout":50.429799426934096,"winnerId":"eric-duncan","winnerPartyId":"CPC","runnerUpId":"sarah-good","runnerUpPartyId":"LIB","margin":20.930232558139537,"top":[{"id":"eric-duncan","name":"Eric Duncan","shortName":"Duncan","partyId":"CPC","votes":104,"share":60.46511627906976},{"id":"sarah-good","name":"Sarah Good","shortName":"Good","partyId":"LIB","votes":68,"share":39.53488372093023},{"id":"gordon-kubanek","name":"Gordon Kubanek","shortName":"Kubanek","partyId":"GRN","votes":0,"share":0},{"id":"mario-leclerc","name":"Mario Leclerc","shortName":"Leclerc","partyId":"NDP","votes":0,"share":0}],"partyVotes":{"LIB":68,"CPC":104,"BQ":0,"NDP":0,"GRN":0,"PPC":0,"OTH":0}}},"geometry":{"type":"Polygon","coordinates":[[[641.54,102.56],[641.5,102.48],[641.48,102.44],[641.45,102.38],[641.59,102.25],[641.64,102.3],[641.66,102.32],[641.7,102.36],[641.86,102.23],[641.88,102.25],[641.92,102.27],[641.94,102.28],[641.95,102.3],[641.96,102.31],[641.97,102.33],[642.01,102.37],[642.04,102.4],[642.07,102.43],[642.1,102.44],[642.11,102.46],[642.15,102.5],[642.18,102.55],[642.19,102.6],[642.2,102.63],[642.21,102.66],[642.22,102.68],[642.24,102.69],[642.14,102.78],[642.1,102.83],[642.02,102.89],[641.99,102.87],[641.96,102.86],[641.93,102.84],[641.91,102.81],[641.9,102.78],[641.88,102.77],[641.87,102.76],[641.86,102.74],[641.83,102.72],[641.82,102.68],[641.79,102.65],[641.78,102.64],[641.76,102.64],[641.75,102.65],[641.67,102.69],[641.63,102.69],[641.61,102.7],[641.6,102.7],[641.59,102.72],[641.58,102.7],[641.58,102.7],[641.57,102.71],[641.57,102.66],[641.56,102.61],[641.54,102.56]]]}},{"type":"Feature","id":"35102-50","properties":{"ridingCode":"35102","pollNumber":"50","pollType":"N","advancePollNumber":"603","sourceCode":"50-0","geometryPollNumbers":["50"],"code":"35102-50","resultPollNumbers":["50"],"resultStatus":"exact","result":{"electors":491,"voters":155,"totalVotes":155,"rejected":0,"turnout":31.568228105906314,"winnerId":"eric-duncan","winnerPartyId":"CPC","runnerUpId":"sarah-good","runnerUpPartyId":"LIB","margin":32.903225806451616,"top":[{"id":"eric-duncan","name":"Eric Duncan","shortName":"Duncan","partyId":"CPC","votes":98,"share":63.2258064516129},{"id":"sarah-good","name":"Sarah Good","shortName":"Good","partyId":"LIB","votes":47,"share":30.32258064516129},{"id":"gordon-kubanek","name":"Gordon Kubanek","shortName":"Kubanek","partyId":"GRN","votes":5,"share":3.225806451612903},{"id":"mario-leclerc","name":"Mario Leclerc","shortName":"Leclerc","partyId":"NDP","votes":4,"share":2.5806451612903225}],"partyVotes":{"LIB":47,"CPC":98,"BQ":0,"NDP":4,"GRN":5,"PPC":0,"OTH":1}}},"geometry":{"type":"Polygon","coordinates":[[[642.86,103.36],[642.78,103.42],[642.77,103.4],[642.78,103.4],[642.77,103.39],[642.74,103.34],[642.66,103.26],[642.92,103],[642.93,102.98],[643,103.04],[643.08,103.14],[643.07,103.15],[643.08,103.16],[643.16,103.09],[643.18,103.13],[643.21,103.21],[643.22,103.23],[643.24,103.26],[643.31,103.34],[643.33,103.37],[643.32,103.37],[643.13,103.56],[643.03,103.44],[642.97,103.38],[642.91,103.3],[642.88,103.32],[642.86,103.36]],[[643.06,103.17],[643.07,103.16],[643.07,103.16],[643.06,103.17]]]}},{"type":"Feature","id":"35102-51","properties":{"ridingCode":"35102","pollNumber":"51","pollType":"N","advancePollNumber":"603","sourceCode":"51-0","geometryPollNumbers":["51"],"code":"35102-51","resultPollNumbers":["51"],"resultStatus":"exact","result":{"electors":390,"voters":123,"totalVotes":122,"rejected":1,"turnout":31.538461538461537,"winnerId":"eric-duncan","winnerPartyId":"CPC","runnerUpId":"sarah-good","runnerUpPartyId":"LIB","margin":4.918032786885246,"top":[{"id":"eric-duncan","name":"Eric Duncan","shortName":"Duncan","partyId":"CPC","votes":60,"share":49.18032786885246},{"id":"sarah-good","name":"Sarah Good","shortName":"Good","partyId":"LIB","votes":54,"share":44.26229508196721},{"id":"mario-leclerc","name":"Mario Leclerc","shortName":"Leclerc","partyId":"NDP","votes":5,"share":4.098360655737705},{"id":"gordon-kubanek","name":"Gordon Kubanek","shortName":"Kubanek","partyId":"GRN","votes":2,"share":1.639344262295082}],"partyVotes":{"LIB":54,"CPC":60,"BQ":0,"NDP":5,"GRN":2,"PPC":0,"OTH":1}}},"geometry":{"type":"Polygon","coordinates":[[[643.05,102.95],[643.14,102.92],[643.14,102.92],[643.15,102.92],[643.16,102.92],[643.17,102.92],[643.22,102.91],[643.22,102.95],[643.24,102.98],[643.27,103],[643.5,102.79],[643.51,102.81],[643.54,103.01],[643.56,103.13],[643.57,103.17],[643.6,103.22],[643.38,103.37],[643.36,103.39],[643.33,103.37],[643.31,103.34],[643.24,103.26],[643.22,103.23],[643.21,103.21],[643.18,103.13],[643.16,103.09],[643.16,103.09],[643.05,102.95]]]}},{"type":"Feature","id":"35102-52","properties":{"ridingCode":"35102","pollNumber":"52","pollType":"N","advancePollNumber":"603","sourceCode":"52-0","geometryPollNumbers":["52"],"code":"35102-52","resultPollNumbers":["52"],"resultStatus":"exact","result":{"electors":286,"voters":84,"totalVotes":83,"rejected":1,"turnout":29.37062937062937,"winnerId":"eric-duncan","winnerPartyId":"CPC","runnerUpId":"sarah-good","runnerUpPartyId":"LIB","margin":32.53012048192771,"top":[{"id":"eric-duncan","name":"Eric Duncan","shortName":"Duncan","partyId":"CPC","votes":53,"share":63.85542168674698},{"id":"sarah-good","name":"Sarah Good","shortName":"Good","partyId":"LIB","votes":26,"share":31.32530120481928},{"id":"mario-leclerc","name":"Mario Leclerc","shortName":"Leclerc","partyId":"NDP","votes":4,"share":4.819277108433735},{"id":"gordon-kubanek","name":"Gordon Kubanek","shortName":"Kubanek","partyId":"GRN","votes":0,"share":0}],"partyVotes":{"LIB":26,"CPC":53,"BQ":0,"NDP":4,"GRN":0,"PPC":0,"OTH":0}}},"geometry":{"type":"Polygon","coordinates":[[[642.99,102.99],[643.05,102.95],[643.16,103.09],[643.16,103.09],[643.08,103.16],[643.07,103.15],[643.08,103.14],[643,103.04],[642.93,102.98],[642.96,102.98],[642.99,102.99]]]}},{"type":"Feature","id":"35102-53","properties":{"ridingCode":"35102","pollNumber":"53","pollType":"N","advancePollNumber":"603","sourceCode":"53-0","geometryPollNumbers":["53"],"code":"35102-53","resultPollNumbers":["53"],"resultStatus":"exact","result":{"electors":327,"voters":120,"totalVotes":119,"rejected":1,"turnout":36.69724770642202,"winnerId":"eric-duncan","winnerPartyId":"CPC","runnerUpId":"sarah-good","runnerUpPartyId":"LIB","margin":17.647058823529413,"top":[{"id":"eric-duncan","name":"Eric Duncan","shortName":"Duncan","partyId":"CPC","votes":68,"share":57.14285714285714},{"id":"sarah-good","name":"Sarah Good","shortName":"Good","partyId":"LIB","votes":47,"share":39.49579831932773},{"id":"mario-leclerc","name":"Mario Leclerc","shortName":"Leclerc","partyId":"NDP","votes":2,"share":1.680672268907563},{"id":"gordon-kubanek","name":"Gordon Kubanek","shortName":"Kubanek","partyId":"GRN","votes":1,"share":0.8403361344537815}],"partyVotes":{"LIB":47,"CPC":68,"BQ":0,"NDP":2,"GRN":1,"PPC":0,"OTH":1}}},"geometry":{"type":"Polygon","coordinates":[[[642.62,102.36],[642.63,102.37],[642.65,102.37],[642.66,102.37],[642.7,102.34],[642.73,102.36],[642.87,102.49],[642.87,102.49],[642.87,102.5],[642.92,102.46],[642.92,102.45],[642.95,102.42],[643.06,102.33],[643.08,102.33],[643.09,102.31],[643.1,102.34],[643.17,102.32],[643.13,102.36],[643.16,102.42],[643.19,102.55],[643.19,102.57],[643.17,102.59],[643.17,102.61],[643.18,102.63],[643.18,102.65],[643.2,102.78],[643.2,102.86],[643.22,102.91],[643.17,102.92],[643.16,102.92],[643.15,102.92],[643.14,102.92],[643.14,102.92],[643.05,102.95],[642.89,102.74],[642.86,102.7],[642.86,102.7],[642.64,102.39],[642.62,102.36]]]}},{"type":"Feature","id":"35102-54","properties":{"ridingCode":"35102","pollNumber":"54","pollType":"N","advancePollNumber":"618","sourceCode":"54-0","geometryPollNumbers":["54"],"code":"35102-54","resultPollNumbers":["54"],"resultStatus":"exact","result":{"electors":372,"voters":157,"totalVotes":155,"rejected":2,"turnout":42.204301075268816,"winnerId":"eric-duncan","winnerPartyId":"CPC","runnerUpId":"sarah-good","runnerUpPartyId":"LIB","margin":28.387096774193548,"top":[{"id":"eric-duncan","name":"Eric Duncan","shortName":"Duncan","partyId":"CPC","votes":93,"share":60},{"id":"sarah-good","name":"Sarah Good","shortName":"Good","partyId":"LIB","votes":49,"share":31.61290322580645},{"id":"gordon-kubanek","name":"Gordon Kubanek","shortName":"Kubanek","partyId":"GRN","votes":8,"share":5.161290322580645},{"id":"mario-leclerc","name":"Mario Leclerc","shortName":"Leclerc","partyId":"NDP","votes":5,"share":3.225806451612903}],"partyVotes":{"LIB":49,"CPC":93,"BQ":0,"NDP":5,"GRN":8,"PPC":0,"OTH":0}}},"geometry":{"type":"Polygon","coordinates":[[[638.1,102.38],[638.11,102.38],[638.12,102.38],[638.17,102.33],[638.18,102.32],[638.2,102.31],[638.23,102.29],[638.25,102.26],[638.33,102.2],[638.45,102.33],[638.55,102.24],[638.47,102.15],[638.46,102.15],[638.46,102.14],[638.48,102.14],[638.49,102.14],[638.56,102.07],[638.7,102.21],[638.99,102.54],[638.66,102.83],[638.64,102.84],[638.63,102.85],[638.63,102.84],[638.57,102.79],[638.4,102.64],[638.39,102.64],[638.35,102.59],[638.28,102.54],[638.24,102.51],[638.1,102.38]],[[638.24,102.29],[638.24,102.3],[638.24,102.3],[638.24,102.29]]]}},{"type":"Feature","id":"35102-55","properties":{"ridingCode":"35102","pollNumber":"55","pollType":"N","advancePollNumber":"618","sourceCode":"55-0","geometryPollNumbers":["55"],"code":"35102-55","resultPollNumbers":["55"],"resultStatus":"exact","result":{"electors":427,"voters":197,"totalVotes":194,"rejected":3,"turnout":46.13583138173302,"winnerId":"eric-duncan","winnerPartyId":"CPC","runnerUpId":"sarah-good","runnerUpPartyId":"LIB","margin":17.525773195876287,"top":[{"id":"eric-duncan","name":"Eric Duncan","shortName":"Duncan","partyId":"CPC","votes":110,"share":56.70103092783505},{"id":"sarah-good","name":"Sarah Good","shortName":"Good","partyId":"LIB","votes":76,"share":39.175257731958766},{"id":"mario-leclerc","name":"Mario Leclerc","shortName":"Leclerc","partyId":"NDP","votes":5,"share":2.5773195876288657},{"id":"karl-ivan-mackinnon","name":"Karl Ivan MacKinnon","shortName":"MacKinnon","partyId":"OTH","votes":2,"share":1.0309278350515463}],"partyVotes":{"LIB":76,"CPC":110,"BQ":0,"NDP":5,"GRN":1,"PPC":0,"OTH":2}}},"geometry":{"type":"Polygon","coordinates":[[[637.99,102.27],[638.12,102.17],[638.2,102.25],[638.19,102.26],[638.19,102.27],[638.19,102.3],[638.2,102.31],[638.18,102.32],[638.17,102.33],[638.12,102.38],[638.11,102.38],[638.1,102.38],[637.97,102.28],[637.99,102.27]]]}},{"type":"Feature","id":"35102-56","properties":{"ridingCode":"35102","pollNumber":"56","pollType":"N","advancePollNumber":"618","sourceCode":"56-0","geometryPollNumbers":["56"],"code":"35102-56","resultPollNumbers":["56"],"resultStatus":"exact","result":{"electors":421,"voters":169,"totalVotes":168,"rejected":1,"turnout":40.142517814726844,"winnerId":"eric-duncan","winnerPartyId":"CPC","runnerUpId":"sarah-good","runnerUpPartyId":"LIB","margin":22.61904761904762,"top":[{"id":"eric-duncan","name":"Eric Duncan","shortName":"Duncan","partyId":"CPC","votes":101,"share":60.11904761904761},{"id":"sarah-good","name":"Sarah Good","shortName":"Good","partyId":"LIB","votes":63,"share":37.5},{"id":"gordon-kubanek","name":"Gordon Kubanek","shortName":"Kubanek","partyId":"GRN","votes":2,"share":1.1904761904761905},{"id":"mario-leclerc","name":"Mario Leclerc","shortName":"Leclerc","partyId":"NDP","votes":1,"share":0.5952380952380952}],"partyVotes":{"LIB":63,"CPC":101,"BQ":0,"NDP":1,"GRN":2,"PPC":0,"OTH":1}}},"geometry":{"type":"Polygon","coordinates":[[[638.02,101.99],[637.99,101.95],[638.03,101.91],[638.05,101.85],[638.06,101.83],[638.07,101.82],[638.02,101.76],[638.06,101.72],[638.43,102.11],[638.43,102.12],[638.43,102.12],[638.45,102.14],[638.46,102.14],[638.46,102.15],[638.47,102.15],[638.55,102.24],[638.45,102.33],[638.33,102.2],[638.25,102.26],[638.23,102.29],[638.2,102.31],[638.19,102.3],[638.19,102.27],[638.19,102.26],[638.2,102.25],[638.12,102.17],[637.99,102.03],[638.02,101.99]]]}},{"type":"Feature","id":"35102-57","properties":{"ridingCode":"35102","pollNumber":"57","pollType":"N","advancePollNumber":"618","sourceCode":"57-0","geometryPollNumbers":["57"],"code":"35102-57","resultPollNumbers":["57"],"resultStatus":"exact","result":{"electors":339,"voters":156,"totalVotes":156,"rejected":0,"turnout":46.017699115044245,"winnerId":"eric-duncan","winnerPartyId":"CPC","runnerUpId":"sarah-good","runnerUpPartyId":"LIB","margin":45.51282051282051,"top":[{"id":"eric-duncan","name":"Eric Duncan","shortName":"Duncan","partyId":"CPC","votes":110,"share":70.51282051282051},{"id":"sarah-good","name":"Sarah Good","shortName":"Good","partyId":"LIB","votes":39,"share":25},{"id":"gordon-kubanek","name":"Gordon Kubanek","shortName":"Kubanek","partyId":"GRN","votes":5,"share":3.205128205128205},{"id":"mario-leclerc","name":"Mario Leclerc","shortName":"Leclerc","partyId":"NDP","votes":1,"share":0.641025641025641}],"partyVotes":{"LIB":39,"CPC":110,"BQ":0,"NDP":1,"GRN":5,"PPC":0,"OTH":1}}},"geometry":{"type":"Polygon","coordinates":[[[637.45,102.04],[637.57,101.94],[637.67,101.85],[637.67,101.84],[637.68,101.83],[637.73,101.79],[637.74,101.79],[637.75,101.77],[637.77,101.75],[637.94,101.6],[638.06,101.72],[638.02,101.76],[638.07,101.82],[638.06,101.83],[638.05,101.85],[638.03,101.91],[637.99,101.95],[638.02,101.99],[637.99,102.03],[638.12,102.17],[637.99,102.27],[637.97,102.28],[637.92,102.24],[637.79,102.4],[637.79,102.4],[637.61,102.21],[637.45,102.04]]]}},{"type":"Feature","id":"35102-58","properties":{"ridingCode":"35102","pollNumber":"58","pollType":"N","advancePollNumber":"618","sourceCode":"58-0","geometryPollNumbers":["58"],"code":"35102-58","resultPollNumbers":["58"],"resultStatus":"exact","result":{"electors":389,"voters":164,"totalVotes":162,"rejected":2,"turnout":42.159383033419026,"winnerId":"eric-duncan","winnerPartyId":"CPC","runnerUpId":"sarah-good","runnerUpPartyId":"LIB","margin":54.32098765432099,"top":[{"id":"eric-duncan","name":"Eric Duncan","shortName":"Duncan","partyId":"CPC","votes":121,"share":74.69135802469135},{"id":"sarah-good","name":"Sarah Good","shortName":"Good","partyId":"LIB","votes":33,"share":20.37037037037037},{"id":"gordon-kubanek","name":"Gordon Kubanek","shortName":"Kubanek","partyId":"GRN","votes":6,"share":3.7037037037037033},{"id":"mario-leclerc","name":"Mario Leclerc","shortName":"Leclerc","partyId":"NDP","votes":2,"share":1.2345679012345678}],"partyVotes":{"LIB":33,"CPC":121,"BQ":0,"NDP":2,"GRN":6,"PPC":0,"OTH":0}}},"geometry":{"type":"Polygon","coordinates":[[[637.94,101.6],[638.15,101.41],[638.15,101.41],[638.15,101.42],[638.16,101.44],[638.38,101.67],[638.47,101.59],[638.48,101.58],[638.78,101.91],[638.99,102.15],[638.99,102.15],[638.89,102.23],[639.09,102.46],[638.99,102.54],[638.7,102.21],[638.56,102.07],[638.49,102.14],[638.48,102.14],[638.46,102.14],[638.45,102.14],[638.43,102.12],[638.43,102.12],[638.43,102.11],[638.06,101.72],[637.94,101.6]]]}},{"type":"Feature","id":"35102-59","properties":{"ridingCode":"35102","pollNumber":"59","pollType":"N","advancePollNumber":"616","sourceCode":"59-0","geometryPollNumbers":["59"],"code":"35102-59","resultPollNumbers":["59"],"resultStatus":"exact","result":{"electors":367,"voters":181,"totalVotes":181,"rejected":0,"turnout":49.31880108991826,"winnerId":"eric-duncan","winnerPartyId":"CPC","runnerUpId":"sarah-good","runnerUpPartyId":"LIB","margin":42.5414364640884,"top":[{"id":"eric-duncan","name":"Eric Duncan","shortName":"Duncan","partyId":"CPC","votes":125,"share":69.06077348066299},{"id":"sarah-good","name":"Sarah Good","shortName":"Good","partyId":"LIB","votes":48,"share":26.519337016574585},{"id":"mario-leclerc","name":"Mario Leclerc","shortName":"Leclerc","partyId":"NDP","votes":5,"share":2.7624309392265194},{"id":"gordon-kubanek","name":"Gordon Kubanek","shortName":"Kubanek","partyId":"GRN","votes":3,"share":1.6574585635359116}],"partyVotes":{"LIB":48,"CPC":125,"BQ":0,"NDP":5,"GRN":3,"PPC":0,"OTH":0}}},"geometry":{"type":"Polygon","coordinates":[[[640.38,101.97],[640.42,102.01],[640.55,101.89],[640.59,101.93],[640.73,102.1],[640.74,102.1],[640.77,102.07],[640.79,102.1],[640.82,102.13],[640.87,102.2],[640.84,102.23],[640.71,102.34],[640.9,102.56],[640.91,102.56],[640.94,102.61],[641.05,102.73],[641.01,102.76],[641.04,102.79],[640.84,102.96],[640.6,102.68],[640.62,102.66],[640.6,102.63],[640.61,102.6],[640.6,102.52],[640.6,102.51],[640.58,102.5],[640.55,102.46],[640.54,102.46],[640.53,102.45],[640.53,102.44],[640.3,102.18],[640.38,101.99],[640.38,101.97]]]}},{"type":"Feature","id":"35102-60","properties":{"ridingCode":"35102","pollNumber":"60","pollType":"N","advancePollNumber":"616","sourceCode":"60-0","geometryPollNumbers":["60"],"code":"35102-60","resultPollNumbers":["60"],"resultStatus":"exact","result":{"electors":326,"voters":106,"totalVotes":106,"rejected":0,"turnout":32.515337423312886,"winnerId":"eric-duncan","winnerPartyId":"CPC","runnerUpId":"sarah-good","runnerUpPartyId":"LIB","margin":53.77358490566038,"top":[{"id":"eric-duncan","name":"Eric Duncan","shortName":"Duncan","partyId":"CPC","votes":79,"share":74.52830188679245},{"id":"sarah-good","name":"Sarah Good","shortName":"Good","partyId":"LIB","votes":22,"share":20.754716981132077},{"id":"karl-ivan-mackinnon","name":"Karl Ivan MacKinnon","shortName":"MacKinnon","partyId":"OTH","votes":3,"share":2.8301886792452833},{"id":"gordon-kubanek","name":"Gordon Kubanek","shortName":"Kubanek","partyId":"GRN","votes":1,"share":0.9433962264150944}],"partyVotes":{"LIB":22,"CPC":79,"BQ":0,"NDP":1,"GRN":1,"PPC":0,"OTH":3}}},"geometry":{"type":"Polygon","coordinates":[[[640.87,102.2],[640.92,102.14],[641,102.08],[641.01,102.07],[641.04,102.07],[641.16,102.19],[641.28,102.35],[641.29,102.35],[641.34,102.42],[641.35,102.44],[641.36,102.46],[641.28,102.53],[641.28,102.53],[641.29,102.53],[641.29,102.54],[641.29,102.55],[641.3,102.56],[641.3,102.56],[641.3,102.57],[641.29,102.57],[641.29,102.58],[641.29,102.6],[641.09,102.77],[641.07,102.76],[641.04,102.79],[641.01,102.76],[641.05,102.73],[640.94,102.61],[640.91,102.56],[640.9,102.56],[640.71,102.34],[640.84,102.23],[640.87,102.2]]]}},{"type":"Feature","id":"35102-61","properties":{"ridingCode":"35102","pollNumber":"61","pollType":"N","advancePollNumber":"616","sourceCode":"61-0","geometryPollNumbers":["61"],"code":"35102-61","resultPollNumbers":["61"],"resultStatus":"exact","result":{"electors":292,"voters":141,"totalVotes":141,"rejected":0,"turnout":48.28767123287671,"winnerId":"eric-duncan","winnerPartyId":"CPC","runnerUpId":"sarah-good","runnerUpPartyId":"LIB","margin":48.93617021276596,"top":[{"id":"eric-duncan","name":"Eric Duncan","shortName":"Duncan","partyId":"CPC","votes":103,"share":73.04964539007092},{"id":"sarah-good","name":"Sarah Good","shortName":"Good","partyId":"LIB","votes":34,"share":24.113475177304963},{"id":"gordon-kubanek","name":"Gordon Kubanek","shortName":"Kubanek","partyId":"GRN","votes":3,"share":2.127659574468085},{"id":"mario-leclerc","name":"Mario Leclerc","shortName":"Leclerc","partyId":"NDP","votes":1,"share":0.7092198581560284}],"partyVotes":{"LIB":34,"CPC":103,"BQ":0,"NDP":1,"GRN":3,"PPC":0,"OTH":0}}},"geometry":{"type":"Polygon","coordinates":[[[640.55,101.89],[640.58,101.87],[640.59,101.88],[640.72,101.76],[640.7,101.72],[640.7,101.72],[640.71,101.72],[640.73,101.72],[640.77,101.69],[640.78,101.69],[640.79,101.69],[640.87,101.78],[640.87,101.79],[640.88,101.79],[640.9,101.78],[640.9,101.8],[640.98,101.87],[641.01,101.87],[640.91,101.95],[640.97,102.04],[640.98,102.07],[641,102.08],[640.92,102.14],[640.87,102.2],[640.82,102.13],[640.79,102.1],[640.77,102.07],[640.74,102.1],[640.73,102.1],[640.59,101.93],[640.55,101.89]]]}},{"type":"Feature","id":"35102-62","properties":{"ridingCode":"35102","pollNumber":"62","pollType":"N","advancePollNumber":"616","sourceCode":"62-0","geometryPollNumbers":["62"],"code":"35102-62","resultPollNumbers":["62"],"resultStatus":"exact","result":{"electors":323,"voters":132,"totalVotes":132,"rejected":0,"turnout":40.86687306501548,"winnerId":"eric-duncan","winnerPartyId":"CPC","runnerUpId":"sarah-good","runnerUpPartyId":"LIB","margin":33.33333333333333,"top":[{"id":"eric-duncan","name":"Eric Duncan","shortName":"Duncan","partyId":"CPC","votes":84,"share":63.63636363636363},{"id":"sarah-good","name":"Sarah Good","shortName":"Good","partyId":"LIB","votes":40,"share":30.303030303030305},{"id":"mario-leclerc","name":"Mario Leclerc","shortName":"Leclerc","partyId":"NDP","votes":7,"share":5.303030303030303},{"id":"gordon-kubanek","name":"Gordon Kubanek","shortName":"Kubanek","partyId":"GRN","votes":1,"share":0.7575757575757576}],"partyVotes":{"LIB":40,"CPC":84,"BQ":0,"NDP":7,"GRN":1,"PPC":0,"OTH":0}}},"geometry":{"type":"Polygon","coordinates":[[[640.01,101.57],[640.11,101.49],[640.12,101.48],[640.15,101.51],[640.33,101.71],[640.36,101.69],[640.4,101.69],[640.54,101.82],[640.55,101.89],[640.42,102.01],[640.38,101.97],[640.38,101.99],[640.3,102.18],[640.08,101.94],[640,101.84],[639.88,101.68],[640.01,101.57]]]}},{"type":"Feature","id":"35102-63","properties":{"ridingCode":"35102","pollNumber":"63","pollType":"N","advancePollNumber":"616","sourceCode":"63-0","geometryPollNumbers":["63"],"code":"35102-63","resultPollNumbers":["63"],"resultStatus":"exact","result":{"electors":330,"voters":111,"totalVotes":111,"rejected":0,"turnout":33.63636363636363,"winnerId":"eric-duncan","winnerPartyId":"CPC","runnerUpId":"sarah-good","runnerUpPartyId":"LIB","margin":34.234234234234236,"top":[{"id":"eric-duncan","name":"Eric Duncan","shortName":"Duncan","partyId":"CPC","votes":74,"share":66.66666666666666},{"id":"sarah-good","name":"Sarah Good","shortName":"Good","partyId":"LIB","votes":36,"share":32.432432432432435},{"id":"gordon-kubanek","name":"Gordon Kubanek","shortName":"Kubanek","partyId":"GRN","votes":1,"share":0.9009009009009009},{"id":"mario-leclerc","name":"Mario Leclerc","shortName":"Leclerc","partyId":"NDP","votes":0,"share":0}],"partyVotes":{"LIB":36,"CPC":74,"BQ":0,"NDP":0,"GRN":1,"PPC":0,"OTH":0}}},"geometry":{"type":"Polygon","coordinates":[[[640.36,101.69],[640.33,101.71],[640.33,101.69],[640.43,101.6],[640.46,101.6],[640.47,101.56],[640.68,101.36],[640.72,101.37],[640.71,101.36],[640.72,101.35],[640.73,101.36],[640.74,101.35],[640.81,101.43],[640.95,101.53],[640.98,101.55],[641.01,101.56],[641.03,101.56],[641.03,101.56],[641.05,101.61],[641.06,101.66],[641.05,101.71],[641.05,101.74],[641.03,101.72],[640.98,101.77],[640.92,101.75],[640.89,101.75],[640.9,101.78],[640.88,101.79],[640.87,101.79],[640.87,101.78],[640.79,101.69],[640.78,101.69],[640.77,101.69],[640.73,101.72],[640.71,101.72],[640.7,101.72],[640.7,101.72],[640.72,101.76],[640.59,101.88],[640.58,101.87],[640.55,101.89],[640.54,101.82],[640.4,101.69],[640.36,101.69]]]}},{"type":"Feature","id":"35102-64","properties":{"ridingCode":"35102","pollNumber":"64","pollType":"N","advancePollNumber":"604","sourceCode":"64-0","geometryPollNumbers":["64"],"code":"35102-64","resultPollNumbers":["64"],"resultStatus":"exact","result":{"electors":392,"voters":155,"totalVotes":155,"rejected":0,"turnout":39.54081632653062,"winnerId":"eric-duncan","winnerPartyId":"CPC","runnerUpId":"sarah-good","runnerUpPartyId":"LIB","margin":18.064516129032256,"top":[{"id":"eric-duncan","name":"Eric Duncan","shortName":"Duncan","partyId":"CPC","votes":90,"share":58.06451612903226},{"id":"sarah-good","name":"Sarah Good","shortName":"Good","partyId":"LIB","votes":62,"share":40},{"id":"mario-leclerc","name":"Mario Leclerc","shortName":"Leclerc","partyId":"NDP","votes":2,"share":1.2903225806451613},{"id":"gordon-kubanek","name":"Gordon Kubanek","shortName":"Kubanek","partyId":"GRN","votes":1,"share":0.6451612903225806}],"partyVotes":{"LIB":62,"CPC":90,"BQ":0,"NDP":2,"GRN":1,"PPC":0,"OTH":0}}},"geometry":{"type":"Polygon","coordinates":[[[641.96,102.31],[642.11,102.18],[642.11,102.17],[642.19,102.11],[642.11,102],[642.12,101.99],[642.12,101.98],[642.12,101.98],[642.11,101.96],[642.09,101.97],[642.07,101.93],[642.04,101.89],[642.03,101.89],[642.02,101.89],[642.01,101.89],[642.03,101.87],[642.2,101.94],[642.31,102.01],[642.33,102.03],[642.62,102.36],[642.64,102.39],[642.64,102.39],[642.61,102.39],[642.5,102.47],[642.4,102.55],[642.4,102.58],[642.32,102.64],[642.31,102.65],[642.28,102.66],[642.24,102.69],[642.22,102.68],[642.21,102.66],[642.2,102.63],[642.19,102.6],[642.18,102.55],[642.15,102.5],[642.11,102.46],[642.1,102.44],[642.07,102.43],[642.04,102.4],[642.01,102.37],[641.97,102.33],[641.96,102.31]]]}},{"type":"Feature","id":"35102-65","properties":{"ridingCode":"35102","pollNumber":"65","pollType":"N","advancePollNumber":"604","sourceCode":"65-0","geometryPollNumbers":["65"],"code":"35102-65","resultPollNumbers":["65"],"resultStatus":"exact","result":{"electors":292,"voters":148,"totalVotes":148,"rejected":0,"turnout":50.68493150684932,"winnerId":"eric-duncan","winnerPartyId":"CPC","runnerUpId":"sarah-good","runnerUpPartyId":"LIB","margin":26.351351351351347,"top":[{"id":"eric-duncan","name":"Eric Duncan","shortName":"Duncan","partyId":"CPC","votes":93,"share":62.83783783783784},{"id":"sarah-good","name":"Sarah Good","shortName":"Good","partyId":"LIB","votes":54,"share":36.486486486486484},{"id":"gordon-kubanek","name":"Gordon Kubanek","shortName":"Kubanek","partyId":"GRN","votes":1,"share":0.6756756756756757},{"id":"mario-leclerc","name":"Mario Leclerc","shortName":"Leclerc","partyId":"NDP","votes":0,"share":0}],"partyVotes":{"LIB":54,"CPC":93,"BQ":0,"NDP":0,"GRN":1,"PPC":0,"OTH":0}}},"geometry":{"type":"Polygon","coordinates":[[[642.2,101.94],[642.2,101.93],[642.28,101.86],[642.38,101.97],[642.39,101.97],[642.47,101.9],[642.48,101.9],[642.77,102.25],[642.74,102.31],[642.7,102.34],[642.66,102.37],[642.65,102.37],[642.63,102.37],[642.62,102.36],[642.33,102.03],[642.31,102.01],[642.2,101.94]]]}},{"type":"Feature","id":"35102-66","properties":{"ridingCode":"35102","pollNumber":"66","pollType":"N","advancePollNumber":"604","sourceCode":"66-0","geometryPollNumbers":["66"],"code":"35102-66","resultPollNumbers":["66"],"resultStatus":"exact","result":{"electors":325,"voters":151,"totalVotes":151,"rejected":0,"turnout":46.46153846153846,"winnerId":"eric-duncan","winnerPartyId":"CPC","runnerUpId":"sarah-good","runnerUpPartyId":"LIB","margin":9.271523178807946,"top":[{"id":"eric-duncan","name":"Eric Duncan","shortName":"Duncan","partyId":"CPC","votes":79,"share":52.317880794701985},{"id":"sarah-good","name":"Sarah Good","shortName":"Good","partyId":"LIB","votes":65,"share":43.04635761589404},{"id":"mario-leclerc","name":"Mario Leclerc","shortName":"Leclerc","partyId":"NDP","votes":6,"share":3.9735099337748347},{"id":"gordon-kubanek","name":"Gordon Kubanek","shortName":"Kubanek","partyId":"GRN","votes":1,"share":0.6622516556291391}],"partyVotes":{"LIB":65,"CPC":79,"BQ":0,"NDP":6,"GRN":1,"PPC":0,"OTH":0}}},"geometry":{"type":"Polygon","coordinates":[[[641.85,102.04],[641.83,102.02],[641.96,101.9],[641.99,101.91],[641.92,101.82],[641.92,101.82],[641.93,101.83],[641.95,101.84],[642.03,101.87],[642.01,101.89],[642.02,101.89],[642.03,101.89],[642.04,101.89],[642.07,101.93],[642.09,101.97],[642.11,101.96],[642.12,101.98],[642.12,101.98],[642.12,101.99],[642.11,102],[642.19,102.11],[642.11,102.17],[642.11,102.18],[641.96,102.31],[641.95,102.3],[641.94,102.28],[641.92,102.27],[641.88,102.25],[641.86,102.23],[641.91,102.19],[641.95,102.15],[641.89,102.1],[641.85,102.06],[641.85,102.05],[641.85,102.04]]]}},{"type":"Feature","id":"35102-67","properties":{"ridingCode":"35102","pollNumber":"67","pollType":"N","advancePollNumber":"605","sourceCode":"67-0","geometryPollNumbers":["67"],"code":"35102-67","resultPollNumbers":["67"],"resultStatus":"exact","result":{"electors":249,"voters":112,"totalVotes":112,"rejected":0,"turnout":44.97991967871486,"winnerId":"sarah-good","winnerPartyId":"LIB","runnerUpId":"eric-duncan","runnerUpPartyId":"CPC","margin":0.8928571428571428,"top":[{"id":"sarah-good","name":"Sarah Good","shortName":"Good","partyId":"LIB","votes":53,"share":47.32142857142857},{"id":"eric-duncan","name":"Eric Duncan","shortName":"Duncan","partyId":"CPC","votes":52,"share":46.42857142857143},{"id":"mario-leclerc","name":"Mario Leclerc","shortName":"Leclerc","partyId":"NDP","votes":7,"share":6.25},{"id":"gordon-kubanek","name":"Gordon Kubanek","shortName":"Kubanek","partyId":"GRN","votes":0,"share":0}],"partyVotes":{"LIB":53,"CPC":52,"BQ":0,"NDP":7,"GRN":0,"PPC":0,"OTH":0}}},"geometry":{"type":"Polygon","coordinates":[[[642.03,101.87],[642.15,101.77],[642.08,101.69],[642.08,101.66],[642.17,101.59],[642.22,101.64],[642.24,101.67],[642.3,101.62],[642.32,101.61],[642.32,101.62],[642.34,101.81],[642.37,101.79],[642.37,101.79],[642.38,101.81],[642.33,101.85],[642.36,101.89],[642.47,101.9],[642.39,101.97],[642.38,101.97],[642.28,101.86],[642.2,101.93],[642.2,101.94],[642.03,101.87]]]}},{"type":"Feature","id":"35102-68","properties":{"ridingCode":"35102","pollNumber":"68","pollType":"N","advancePollNumber":"605","sourceCode":"68-0","geometryPollNumbers":["68"],"code":"35102-68","resultPollNumbers":["68"],"resultStatus":"exact","result":{"electors":479,"voters":189,"totalVotes":187,"rejected":2,"turnout":39.45720250521921,"winnerId":"sarah-good","winnerPartyId":"LIB","runnerUpId":"eric-duncan","runnerUpPartyId":"CPC","margin":2.13903743315508,"top":[{"id":"sarah-good","name":"Sarah Good","shortName":"Good","partyId":"LIB","votes":88,"share":47.05882352941176},{"id":"eric-duncan","name":"Eric Duncan","shortName":"Duncan","partyId":"CPC","votes":84,"share":44.919786096256686},{"id":"mario-leclerc","name":"Mario Leclerc","shortName":"Leclerc","partyId":"NDP","votes":13,"share":6.951871657754011},{"id":"gordon-kubanek","name":"Gordon Kubanek","shortName":"Kubanek","partyId":"GRN","votes":1,"share":0.53475935828877}],"partyVotes":{"LIB":88,"CPC":84,"BQ":0,"NDP":13,"GRN":1,"PPC":0,"OTH":1}}},"geometry":{"type":"Polygon","coordinates":[[[642.21,101.61],[642.23,101.59],[642.24,101.61],[642.27,101.59],[642.32,101.61],[642.3,101.62],[642.24,101.67],[642.22,101.64],[642.23,101.63],[642.21,101.61]]]}},{"type":"Feature","id":"35102-69","properties":{"ridingCode":"35102","pollNumber":"69","pollType":"N","advancePollNumber":"605","sourceCode":"69-0","geometryPollNumbers":["69"],"code":"35102-69","resultPollNumbers":["69"],"resultStatus":"exact","result":{"electors":404,"voters":103,"totalVotes":103,"rejected":0,"turnout":25.495049504950494,"winnerId":"eric-duncan","winnerPartyId":"CPC","runnerUpId":"sarah-good","runnerUpPartyId":"LIB","margin":0.9708737864077669,"top":[{"id":"eric-duncan","name":"Eric Duncan","shortName":"Duncan","partyId":"CPC","votes":51,"share":49.51456310679612},{"id":"sarah-good","name":"Sarah Good","shortName":"Good","partyId":"LIB","votes":50,"share":48.54368932038835},{"id":"mario-leclerc","name":"Mario Leclerc","shortName":"Leclerc","partyId":"NDP","votes":2,"share":1.9417475728155338},{"id":"gordon-kubanek","name":"Gordon Kubanek","shortName":"Kubanek","partyId":"GRN","votes":0,"share":0}],"partyVotes":{"LIB":50,"CPC":51,"BQ":0,"NDP":2,"GRN":0,"PPC":0,"OTH":0}}},"geometry":{"type":"Polygon","coordinates":[[[642.19,101.6],[642.23,101.56],[642.27,101.59],[642.24,101.61],[642.23,101.59],[642.21,101.61],[642.23,101.63],[642.22,101.64],[642.17,101.59],[642.16,101.58],[642.17,101.57],[642.19,101.6]]]}},{"type":"Feature","id":"35102-70","properties":{"ridingCode":"35102","pollNumber":"70","pollType":"N","advancePollNumber":"616","sourceCode":"70-0","geometryPollNumbers":["70"],"code":"35102-70","resultPollNumbers":["70"],"resultStatus":"exact","result":{"electors":337,"voters":165,"totalVotes":164,"rejected":1,"turnout":48.96142433234421,"winnerId":"eric-duncan","winnerPartyId":"CPC","runnerUpId":"sarah-good","runnerUpPartyId":"LIB","margin":24.390243902439025,"top":[{"id":"eric-duncan","name":"Eric Duncan","shortName":"Duncan","partyId":"CPC","votes":99,"share":60.36585365853659},{"id":"sarah-good","name":"Sarah Good","shortName":"Good","partyId":"LIB","votes":59,"share":35.97560975609756},{"id":"mario-leclerc","name":"Mario Leclerc","shortName":"Leclerc","partyId":"NDP","votes":5,"share":3.048780487804878},{"id":"gordon-kubanek","name":"Gordon Kubanek","shortName":"Kubanek","partyId":"GRN","votes":1,"share":0.6097560975609756}],"partyVotes":{"LIB":59,"CPC":99,"BQ":0,"NDP":5,"GRN":1,"PPC":0,"OTH":0}}},"geometry":{"type":"Polygon","coordinates":[[[641.01,102.07],[641.16,101.94],[641.18,101.95],[641.24,102],[641.25,102.02],[641.42,101.87],[641.49,101.96],[641.67,102.16],[641.68,102.17],[641.69,102.17],[641.68,102.17],[641.69,102.18],[641.59,102.25],[641.45,102.38],[641.36,102.46],[641.35,102.44],[641.34,102.42],[641.29,102.35],[641.28,102.35],[641.16,102.19],[641.04,102.07],[641.01,102.07]]]}},{"type":"Feature","id":"35102-71","properties":{"ridingCode":"35102","pollNumber":"71","pollType":"N","advancePollNumber":"616","sourceCode":"71-0","geometryPollNumbers":["71"],"code":"35102-71","resultPollNumbers":["71"],"resultStatus":"exact","result":{"electors":288,"voters":128,"totalVotes":127,"rejected":1,"turnout":44.44444444444444,"winnerId":"eric-duncan","winnerPartyId":"CPC","runnerUpId":"sarah-good","runnerUpPartyId":"LIB","margin":37.79527559055118,"top":[{"id":"eric-duncan","name":"Eric Duncan","shortName":"Duncan","partyId":"CPC","votes":85,"share":66.92913385826772},{"id":"sarah-good","name":"Sarah Good","shortName":"Good","partyId":"LIB","votes":37,"share":29.133858267716533},{"id":"mario-leclerc","name":"Mario Leclerc","shortName":"Leclerc","partyId":"NDP","votes":5,"share":3.937007874015748},{"id":"gordon-kubanek","name":"Gordon Kubanek","shortName":"Kubanek","partyId":"GRN","votes":0,"share":0}],"partyVotes":{"LIB":37,"CPC":85,"BQ":0,"NDP":5,"GRN":0,"PPC":0,"OTH":0}}},"geometry":{"type":"Polygon","coordinates":[[[640.9,101.78],[640.89,101.75],[640.92,101.75],[640.98,101.77],[641.03,101.72],[641.05,101.74],[640.98,101.8],[641.08,101.83],[641.09,101.84],[641.09,101.84],[641.1,101.87],[641.13,101.91],[641.16,101.94],[641.01,102.07],[641,102.08],[640.98,102.07],[640.97,102.04],[640.91,101.95],[641.01,101.87],[640.98,101.87],[640.9,101.8],[640.9,101.78]]]}},{"type":"Feature","id":"35102-72","properties":{"ridingCode":"35102","pollNumber":"72","pollType":"N","advancePollNumber":"616","sourceCode":"72-0","geometryPollNumbers":["72"],"code":"35102-72","resultPollNumbers":["72"],"resultStatus":"exact","result":{"electors":319,"voters":148,"totalVotes":148,"rejected":0,"turnout":46.39498432601881,"winnerId":"eric-duncan","winnerPartyId":"CPC","runnerUpId":"sarah-good","runnerUpPartyId":"LIB","margin":33.108108108108105,"top":[{"id":"eric-duncan","name":"Eric Duncan","shortName":"Duncan","partyId":"CPC","votes":96,"share":64.86486486486487},{"id":"sarah-good","name":"Sarah Good","shortName":"Good","partyId":"LIB","votes":47,"share":31.756756756756754},{"id":"gordon-kubanek","name":"Gordon Kubanek","shortName":"Kubanek","partyId":"GRN","votes":2,"share":1.3513513513513513},{"id":"mario-leclerc","name":"Mario Leclerc","shortName":"Leclerc","partyId":"NDP","votes":2,"share":1.3513513513513513}],"partyVotes":{"LIB":47,"CPC":96,"BQ":0,"NDP":2,"GRN":2,"PPC":0,"OTH":1}}},"geometry":{"type":"Polygon","coordinates":[[[640.98,101.8],[641.05,101.74],[641.05,101.71],[641.06,101.66],[641.09,101.68],[641.18,101.6],[641.21,101.63],[641.2,101.64],[641.22,101.67],[641.23,101.67],[641.32,101.78],[641.34,101.78],[641.36,101.8],[641.42,101.87],[641.25,102.02],[641.24,102],[641.18,101.95],[641.16,101.94],[641.13,101.91],[641.1,101.87],[641.09,101.84],[641.09,101.84],[641.08,101.83],[640.98,101.8]]]}},{"type":"Feature","id":"35102-73","properties":{"ridingCode":"35102","pollNumber":"73","pollType":"N","advancePollNumber":"603","sourceCode":"73-0","geometryPollNumbers":["73"],"code":"35102-73","resultPollNumbers":["73"],"resultStatus":"exact","result":{"electors":294,"voters":124,"totalVotes":124,"rejected":0,"turnout":42.17687074829932,"winnerId":"eric-duncan","winnerPartyId":"CPC","runnerUpId":"sarah-good","runnerUpPartyId":"LIB","margin":37.096774193548384,"top":[{"id":"eric-duncan","name":"Eric Duncan","shortName":"Duncan","partyId":"CPC","votes":85,"share":68.54838709677419},{"id":"sarah-good","name":"Sarah Good","shortName":"Good","partyId":"LIB","votes":39,"share":31.451612903225808},{"id":"gordon-kubanek","name":"Gordon Kubanek","shortName":"Kubanek","partyId":"GRN","votes":0,"share":0},{"id":"mario-leclerc","name":"Mario Leclerc","shortName":"Leclerc","partyId":"NDP","votes":0,"share":0}],"partyVotes":{"LIB":39,"CPC":85,"BQ":0,"NDP":0,"GRN":0,"PPC":0,"OTH":0}}},"geometry":{"type":"Polygon","coordinates":[[[642.77,102.27],[642.96,102.11],[642.99,102.13],[643.06,102.19],[643.08,102.22],[643.07,102.23],[643.07,102.23],[643.08,102.24],[643.09,102.26],[643.09,102.27],[643.08,102.28],[643.08,102.29],[643.09,102.3],[643.09,102.31],[643.08,102.33],[643.06,102.33],[642.95,102.42],[642.92,102.45],[642.92,102.46],[642.87,102.5],[642.87,102.49],[642.87,102.49],[642.73,102.36],[642.7,102.34],[642.74,102.31],[642.76,102.29],[642.77,102.27]]]}},{"type":"Feature","id":"35102-74","properties":{"ridingCode":"35102","pollNumber":"74","pollType":"N","advancePollNumber":"605","sourceCode":"74-0","geometryPollNumbers":["74"],"code":"35102-74","resultPollNumbers":["74"],"resultStatus":"exact","result":{"electors":530,"voters":215,"totalVotes":214,"rejected":1,"turnout":40.56603773584906,"winnerId":"eric-duncan","winnerPartyId":"CPC","runnerUpId":"sarah-good","runnerUpPartyId":"LIB","margin":26.635514018691588,"top":[{"id":"eric-duncan","name":"Eric Duncan","shortName":"Duncan","partyId":"CPC","votes":134,"share":62.616822429906534},{"id":"sarah-good","name":"Sarah Good","shortName":"Good","partyId":"LIB","votes":77,"share":35.981308411214954},{"id":"mario-leclerc","name":"Mario Leclerc","shortName":"Leclerc","partyId":"NDP","votes":3,"share":1.4018691588785046},{"id":"gordon-kubanek","name":"Gordon Kubanek","shortName":"Kubanek","partyId":"GRN","votes":0,"share":0}],"partyVotes":{"LIB":77,"CPC":134,"BQ":0,"NDP":3,"GRN":0,"PPC":0,"OTH":0}}},"geometry":{"type":"Polygon","coordinates":[[[642.62,101.78],[642.64,101.76],[642.68,101.78],[642.71,101.85],[642.81,101.94],[642.84,101.97],[642.9,102.02],[642.93,102.04],[642.95,102.08],[642.96,102.11],[642.77,102.27],[642.76,102.29],[642.74,102.31],[642.77,102.25],[642.48,101.9],[642.47,101.9],[642.62,101.78]]]}},{"type":"Feature","id":"35102-75","properties":{"ridingCode":"35102","pollNumber":"75","pollType":"N","advancePollNumber":"605","sourceCode":"75-0","geometryPollNumbers":["75"],"code":"35102-75","resultPollNumbers":["75"],"resultStatus":"exact","result":{"electors":342,"voters":153,"totalVotes":153,"rejected":0,"turnout":44.73684210526316,"winnerId":"eric-duncan","winnerPartyId":"CPC","runnerUpId":"sarah-good","runnerUpPartyId":"LIB","margin":3.2679738562091507,"top":[{"id":"eric-duncan","name":"Eric Duncan","shortName":"Duncan","partyId":"CPC","votes":77,"share":50.326797385620914},{"id":"sarah-good","name":"Sarah Good","shortName":"Good","partyId":"LIB","votes":72,"share":47.05882352941176},{"id":"gordon-kubanek","name":"Gordon Kubanek","shortName":"Kubanek","partyId":"GRN","votes":3,"share":1.9607843137254901},{"id":"karl-ivan-mackinnon","name":"Karl Ivan MacKinnon","shortName":"MacKinnon","partyId":"OTH","votes":1,"share":0.6535947712418301}],"partyVotes":{"LIB":72,"CPC":77,"BQ":0,"NDP":0,"GRN":3,"PPC":0,"OTH":1}}},"geometry":{"type":"Polygon","coordinates":[[[642.37,101.79],[642.37,101.79],[642.46,101.71],[642.46,101.72],[642.42,101.75],[642.44,101.78],[642.47,101.9],[642.36,101.89],[642.33,101.85],[642.38,101.81],[642.37,101.79]]]}},{"type":"Feature","id":"35102-76","properties":{"ridingCode":"35102","pollNumber":"76","pollType":"N","advancePollNumber":"605","sourceCode":"76-0","geometryPollNumbers":["76"],"code":"35102-76","resultPollNumbers":["76"],"resultStatus":"exact","result":{"electors":445,"voters":199,"totalVotes":199,"rejected":0,"turnout":44.71910112359551,"winnerId":"eric-duncan","winnerPartyId":"CPC","runnerUpId":"sarah-good","runnerUpPartyId":"LIB","margin":6.030150753768844,"top":[{"id":"eric-duncan","name":"Eric Duncan","shortName":"Duncan","partyId":"CPC","votes":101,"share":50.753768844221106},{"id":"sarah-good","name":"Sarah Good","shortName":"Good","partyId":"LIB","votes":89,"share":44.72361809045226},{"id":"mario-leclerc","name":"Mario Leclerc","shortName":"Leclerc","partyId":"NDP","votes":5,"share":2.512562814070352},{"id":"gordon-kubanek","name":"Gordon Kubanek","shortName":"Kubanek","partyId":"GRN","votes":2,"share":1.0050251256281406}],"partyVotes":{"LIB":89,"CPC":101,"BQ":0,"NDP":5,"GRN":2,"PPC":0,"OTH":2}}},"geometry":{"type":"Polygon","coordinates":[[[642.46,101.71],[642.47,101.71],[642.51,101.7],[642.52,101.7],[642.54,101.71],[642.56,101.72],[642.56,101.73],[642.54,101.75],[642.54,101.75],[642.55,101.75],[642.57,101.73],[642.58,101.72],[642.59,101.74],[642.62,101.78],[642.47,101.9],[642.44,101.78],[642.42,101.75],[642.46,101.72],[642.46,101.71]]]}},{"type":"Feature","id":"35102-77","properties":{"ridingCode":"35102","pollNumber":"77","pollType":"N","advancePollNumber":"605","sourceCode":"77-0","geometryPollNumbers":["77"],"code":"35102-77","resultPollNumbers":["77"],"resultStatus":"exact","result":{"electors":533,"voters":221,"totalVotes":221,"rejected":0,"turnout":41.46341463414634,"winnerId":"sarah-good","winnerPartyId":"LIB","runnerUpId":"eric-duncan","runnerUpPartyId":"CPC","margin":12.669683257918551,"top":[{"id":"sarah-good","name":"Sarah Good","shortName":"Good","partyId":"LIB","votes":122,"share":55.203619909502265},{"id":"eric-duncan","name":"Eric Duncan","shortName":"Duncan","partyId":"CPC","votes":94,"share":42.53393665158371},{"id":"mario-leclerc","name":"Mario Leclerc","shortName":"Leclerc","partyId":"NDP","votes":3,"share":1.3574660633484164},{"id":"gordon-kubanek","name":"Gordon Kubanek","shortName":"Kubanek","partyId":"GRN","votes":2,"share":0.904977375565611}],"partyVotes":{"LIB":122,"CPC":94,"BQ":0,"NDP":3,"GRN":2,"PPC":0,"OTH":0}}},"geometry":{"type":"Polygon","coordinates":[[[642.34,101.81],[642.32,101.62],[642.32,101.62],[642.36,101.59],[642.41,101.6],[642.45,101.65],[642.5,101.67],[642.59,101.71],[642.64,101.76],[642.62,101.78],[642.59,101.74],[642.58,101.72],[642.57,101.73],[642.55,101.75],[642.54,101.75],[642.54,101.75],[642.56,101.73],[642.56,101.72],[642.54,101.71],[642.52,101.7],[642.51,101.7],[642.47,101.71],[642.46,101.71],[642.37,101.79],[642.34,101.81]]]}},{"type":"Feature","id":"35102-78","properties":{"ridingCode":"35102","pollNumber":"78","pollType":"N","advancePollNumber":"618","sourceCode":"78-0","geometryPollNumbers":["78"],"code":"35102-78","resultPollNumbers":["78"],"resultStatus":"exact","result":{"electors":403,"voters":208,"totalVotes":207,"rejected":1,"turnout":51.61290322580645,"winnerId":"eric-duncan","winnerPartyId":"CPC","runnerUpId":"sarah-good","runnerUpPartyId":"LIB","margin":42.99516908212561,"top":[{"id":"eric-duncan","name":"Eric Duncan","shortName":"Duncan","partyId":"CPC","votes":142,"share":68.59903381642512},{"id":"sarah-good","name":"Sarah Good","shortName":"Good","partyId":"LIB","votes":53,"share":25.60386473429952},{"id":"mario-leclerc","name":"Mario Leclerc","shortName":"Leclerc","partyId":"NDP","votes":10,"share":4.830917874396135},{"id":"gordon-kubanek","name":"Gordon Kubanek","shortName":"Kubanek","partyId":"GRN","votes":1,"share":0.4830917874396135}],"partyVotes":{"LIB":53,"CPC":142,"BQ":0,"NDP":10,"GRN":1,"PPC":0,"OTH":1}}},"geometry":{"type":"Polygon","coordinates":[[[638.84,101.8],[638.92,101.73],[638.93,101.74],[638.95,101.73],[638.93,101.72],[638.95,101.7],[639.15,101.92],[639.35,101.74],[639.39,101.79],[639.4,101.79],[639.41,101.81],[639.54,101.96],[639.58,102.01],[639.58,102.02],[639.58,102.03],[639.43,102.16],[639.09,102.46],[638.89,102.23],[638.99,102.15],[638.99,102.15],[638.78,101.91],[638.79,101.9],[638.82,101.86],[638.83,101.81],[638.84,101.8]]]}},{"type":"Feature","id":"35102-79","properties":{"ridingCode":"35102","pollNumber":"79","pollType":"N","advancePollNumber":"618","sourceCode":"79-0","geometryPollNumbers":["79"],"code":"35102-79","resultPollNumbers":["79"],"resultStatus":"exact","result":{"electors":322,"voters":171,"totalVotes":170,"rejected":1,"turnout":53.105590062111794,"winnerId":"eric-duncan","winnerPartyId":"CPC","runnerUpId":"sarah-good","runnerUpPartyId":"LIB","margin":57.647058823529406,"top":[{"id":"eric-duncan","name":"Eric Duncan","shortName":"Duncan","partyId":"CPC","votes":132,"share":77.64705882352942},{"id":"sarah-good","name":"Sarah Good","shortName":"Good","partyId":"LIB","votes":34,"share":20},{"id":"mario-leclerc","name":"Mario Leclerc","shortName":"Leclerc","partyId":"NDP","votes":3,"share":1.7647058823529411},{"id":"gordon-kubanek","name":"Gordon Kubanek","shortName":"Kubanek","partyId":"GRN","votes":1,"share":0.5882352941176471}],"partyVotes":{"LIB":34,"CPC":132,"BQ":0,"NDP":3,"GRN":1,"PPC":0,"OTH":0}}},"geometry":{"type":"Polygon","coordinates":[[[638.92,101.73],[638.91,101.71],[638.93,101.69],[638.93,101.69],[638.94,101.69],[638.94,101.69],[638.95,101.69],[638.96,101.69],[638.96,101.69],[639.05,101.62],[639.05,101.62],[639.06,101.61],[639.16,101.53],[639.35,101.74],[639.15,101.92],[638.95,101.7],[638.93,101.72],[638.95,101.73],[638.93,101.74],[638.92,101.73]]]}},{"type":"Feature","id":"35102-80","properties":{"ridingCode":"35102","pollNumber":"80","pollType":"N","advancePollNumber":"618","sourceCode":"80-0","geometryPollNumbers":["80"],"code":"35102-80","resultPollNumbers":["80"],"resultStatus":"exact","result":{"electors":347,"voters":184,"totalVotes":183,"rejected":1,"turnout":53.02593659942363,"winnerId":"eric-duncan","winnerPartyId":"CPC","runnerUpId":"sarah-good","runnerUpPartyId":"LIB","margin":60.65573770491803,"top":[{"id":"eric-duncan","name":"Eric Duncan","shortName":"Duncan","partyId":"CPC","votes":142,"share":77.59562841530054},{"id":"sarah-good","name":"Sarah Good","shortName":"Good","partyId":"LIB","votes":31,"share":16.939890710382514},{"id":"mario-leclerc","name":"Mario Leclerc","shortName":"Leclerc","partyId":"NDP","votes":8,"share":4.371584699453552},{"id":"gordon-kubanek","name":"Gordon Kubanek","shortName":"Kubanek","partyId":"GRN","votes":2,"share":1.092896174863388}],"partyVotes":{"LIB":31,"CPC":142,"BQ":0,"NDP":8,"GRN":2,"PPC":0,"OTH":0}}},"geometry":{"type":"Polygon","coordinates":[[[638.16,101.4],[638.24,101.33],[638.52,101.07],[638.63,100.96],[638.73,101.07],[638.93,101.28],[639.16,101.53],[639.06,101.61],[639.05,101.62],[639.05,101.62],[638.96,101.69],[638.96,101.69],[638.95,101.69],[638.94,101.69],[638.94,101.69],[638.93,101.69],[638.93,101.69],[638.91,101.71],[638.92,101.73],[638.84,101.8],[638.83,101.81],[638.82,101.86],[638.79,101.9],[638.78,101.91],[638.48,101.58],[638.47,101.59],[638.38,101.67],[638.16,101.44],[638.15,101.42],[638.15,101.41],[638.16,101.4],[638.16,101.4]]]}},{"type":"Feature","id":"35102-81","properties":{"ridingCode":"35102","pollNumber":"81","pollType":"N","advancePollNumber":"609","sourceCode":"81-0","geometryPollNumbers":["81"],"code":"35102-81","resultPollNumbers":["81"],"resultStatus":"exact","result":{"electors":304,"voters":111,"totalVotes":111,"rejected":0,"turnout":36.51315789473684,"winnerId":"eric-duncan","winnerPartyId":"CPC","runnerUpId":"sarah-good","runnerUpPartyId":"LIB","margin":37.83783783783784,"top":[{"id":"eric-duncan","name":"Eric Duncan","shortName":"Duncan","partyId":"CPC","votes":75,"share":67.56756756756756},{"id":"sarah-good","name":"Sarah Good","shortName":"Good","partyId":"LIB","votes":33,"share":29.72972972972973},{"id":"gordon-kubanek","name":"Gordon Kubanek","shortName":"Kubanek","partyId":"GRN","votes":1,"share":0.9009009009009009},{"id":"mario-leclerc","name":"Mario Leclerc","shortName":"Leclerc","partyId":"NDP","votes":1,"share":0.9009009009009009}],"partyVotes":{"LIB":33,"CPC":75,"BQ":0,"NDP":1,"GRN":1,"PPC":0,"OTH":1}}},"geometry":{"type":"Polygon","coordinates":[[[641.56,101.75],[641.57,101.73],[641.7,101.63],[641.71,101.64],[641.71,101.65],[641.71,101.65],[641.73,101.64],[641.77,101.66],[641.8,101.68],[641.92,101.82],[641.92,101.82],[641.99,101.91],[641.96,101.9],[641.83,102.02],[641.85,102.04],[641.85,102.05],[641.85,102.06],[641.89,102.1],[641.95,102.15],[641.91,102.19],[641.86,102.23],[641.7,102.36],[641.66,102.32],[641.64,102.3],[641.59,102.25],[641.69,102.18],[641.68,102.17],[641.69,102.17],[641.68,102.17],[641.67,102.16],[641.49,101.96],[641.51,101.93],[641.54,101.9],[641.63,101.82],[641.56,101.75]]]}},{"type":"Feature","id":"35102-82","properties":{"ridingCode":"35102","pollNumber":"82","pollType":"N","advancePollNumber":"609","sourceCode":"82-0","geometryPollNumbers":["82"],"code":"35102-82","resultPollNumbers":["82"],"resultStatus":"exact","result":{"electors":371,"voters":144,"totalVotes":141,"rejected":3,"turnout":38.81401617250674,"winnerId":"eric-duncan","winnerPartyId":"CPC","runnerUpId":"sarah-good","runnerUpPartyId":"LIB","margin":44.680851063829785,"top":[{"id":"eric-duncan","name":"Eric Duncan","shortName":"Duncan","partyId":"CPC","votes":99,"share":70.2127659574468},{"id":"sarah-good","name":"Sarah Good","shortName":"Good","partyId":"LIB","votes":36,"share":25.53191489361702},{"id":"gordon-kubanek","name":"Gordon Kubanek","shortName":"Kubanek","partyId":"GRN","votes":4,"share":2.8368794326241136},{"id":"mario-leclerc","name":"Mario Leclerc","shortName":"Leclerc","partyId":"NDP","votes":2,"share":1.4184397163120568}],"partyVotes":{"LIB":36,"CPC":99,"BQ":0,"NDP":2,"GRN":4,"PPC":0,"OTH":0}}},"geometry":{"type":"Polygon","coordinates":[[[641.45,101.68],[641.44,101.67],[641.46,101.65],[641.47,101.66],[641.48,101.65],[641.48,101.65],[641.5,101.64],[641.5,101.65],[641.53,101.67],[641.51,101.68],[641.52,101.68],[641.57,101.73],[641.56,101.75],[641.63,101.82],[641.54,101.9],[641.51,101.93],[641.49,101.96],[641.42,101.87],[641.36,101.8],[641.36,101.8],[641.38,101.82],[641.42,101.78],[641.39,101.74],[641.42,101.72],[641.42,101.71],[641.45,101.68]]]}},{"type":"Feature","id":"35102-83","properties":{"ridingCode":"35102","pollNumber":"83","pollType":"N","advancePollNumber":"608","sourceCode":"83-0","geometryPollNumbers":["83"],"code":"35102-83","resultPollNumbers":["83"],"resultStatus":"exact","result":{"electors":470,"voters":169,"totalVotes":168,"rejected":1,"turnout":35.95744680851064,"winnerId":"eric-duncan","winnerPartyId":"CPC","runnerUpId":"sarah-good","runnerUpPartyId":"LIB","margin":2.976190476190476,"top":[{"id":"eric-duncan","name":"Eric Duncan","shortName":"Duncan","partyId":"CPC","votes":83,"share":49.404761904761905},{"id":"sarah-good","name":"Sarah Good","shortName":"Good","partyId":"LIB","votes":78,"share":46.42857142857143},{"id":"mario-leclerc","name":"Mario Leclerc","shortName":"Leclerc","partyId":"NDP","votes":5,"share":2.976190476190476},{"id":"gordon-kubanek","name":"Gordon Kubanek","shortName":"Kubanek","partyId":"GRN","votes":1,"share":0.5952380952380952}],"partyVotes":{"LIB":78,"CPC":83,"BQ":0,"NDP":5,"GRN":1,"PPC":0,"OTH":1}}},"geometry":{"type":"Polygon","coordinates":[[[641.73,101.64],[641.75,101.62],[641.8,101.58],[641.82,101.56],[641.86,101.53],[641.87,101.52],[641.88,101.52],[641.86,101.54],[641.87,101.54],[641.87,101.54],[641.89,101.53],[641.9,101.54],[641.9,101.54],[641.92,101.53],[641.9,101.52],[641.91,101.51],[641.94,101.54],[641.96,101.52],[641.99,101.55],[642,101.56],[641.98,101.58],[642.07,101.67],[642.08,101.66],[642.08,101.69],[642.15,101.77],[642.03,101.87],[641.95,101.84],[641.93,101.83],[641.92,101.82],[641.8,101.68],[641.77,101.66],[641.73,101.64],[641.73,101.64]]]}},{"type":"Feature","id":"35102-84","properties":{"ridingCode":"35102","pollNumber":"84","pollType":"N","advancePollNumber":"611","sourceCode":"84-0","geometryPollNumbers":["84"],"code":"35102-84","resultPollNumbers":["84"],"resultStatus":"exact","result":{"electors":531,"voters":204,"totalVotes":203,"rejected":1,"turnout":38.4180790960452,"winnerId":"eric-duncan","winnerPartyId":"CPC","runnerUpId":"sarah-good","runnerUpPartyId":"LIB","margin":6.403940886699508,"top":[{"id":"eric-duncan","name":"Eric Duncan","shortName":"Duncan","partyId":"CPC","votes":100,"share":49.26108374384236},{"id":"sarah-good","name":"Sarah Good","shortName":"Good","partyId":"LIB","votes":87,"share":42.857142857142854},{"id":"mario-leclerc","name":"Mario Leclerc","shortName":"Leclerc","partyId":"NDP","votes":12,"share":5.911330049261084},{"id":"gordon-kubanek","name":"Gordon Kubanek","shortName":"Kubanek","partyId":"GRN","votes":4,"share":1.9704433497536946}],"partyVotes":{"LIB":87,"CPC":100,"BQ":0,"NDP":12,"GRN":4,"PPC":0,"OTH":0}}},"geometry":{"type":"Polygon","coordinates":[[[641.73,101.51],[641.75,101.5],[641.76,101.51],[641.75,101.51],[641.78,101.52],[641.79,101.52],[641.82,101.49],[641.83,101.5],[641.86,101.47],[641.89,101.5],[641.89,101.51],[641.87,101.52],[641.86,101.53],[641.82,101.56],[641.71,101.52],[641.73,101.5],[641.73,101.51]]]}},{"type":"Feature","id":"35102-85","properties":{"ridingCode":"35102","pollNumber":"85","pollType":"N","advancePollNumber":"611","sourceCode":"85-0","geometryPollNumbers":["85"],"code":"35102-85","resultPollNumbers":["85"],"resultStatus":"exact","result":{"electors":402,"voters":184,"totalVotes":183,"rejected":1,"turnout":45.77114427860697,"winnerId":"eric-duncan","winnerPartyId":"CPC","runnerUpId":"sarah-good","runnerUpPartyId":"LIB","margin":17.48633879781421,"top":[{"id":"eric-duncan","name":"Eric Duncan","shortName":"Duncan","partyId":"CPC","votes":104,"share":56.830601092896174},{"id":"sarah-good","name":"Sarah Good","shortName":"Good","partyId":"LIB","votes":72,"share":39.34426229508197},{"id":"mario-leclerc","name":"Mario Leclerc","shortName":"Leclerc","partyId":"NDP","votes":5,"share":2.73224043715847},{"id":"gordon-kubanek","name":"Gordon Kubanek","shortName":"Kubanek","partyId":"GRN","votes":1,"share":0.546448087431694}],"partyVotes":{"LIB":72,"CPC":104,"BQ":0,"NDP":5,"GRN":1,"PPC":0,"OTH":1}}},"geometry":{"type":"Polygon","coordinates":[[[641.88,101.52],[641.87,101.52],[641.89,101.51],[641.89,101.5],[641.89,101.49],[641.89,101.48],[641.9,101.48],[641.91,101.49],[641.9,101.49],[641.91,101.51],[641.9,101.52],[641.92,101.53],[641.9,101.54],[641.9,101.54],[641.89,101.53],[641.87,101.54],[641.87,101.54],[641.86,101.54],[641.88,101.52]]]}},{"type":"Feature","id":"35102-86","properties":{"ridingCode":"35102","pollNumber":"86","pollType":"N","advancePollNumber":"611","sourceCode":"86-0","geometryPollNumbers":["86"],"code":"35102-86","resultPollNumbers":["86"],"resultStatus":"exact","result":{"electors":466,"voters":164,"totalVotes":162,"rejected":2,"turnout":35.1931330472103,"winnerId":"eric-duncan","winnerPartyId":"CPC","runnerUpId":"sarah-good","runnerUpPartyId":"LIB","margin":12.345679012345679,"top":[{"id":"eric-duncan","name":"Eric Duncan","shortName":"Duncan","partyId":"CPC","votes":89,"share":54.93827160493827},{"id":"sarah-good","name":"Sarah Good","shortName":"Good","partyId":"LIB","votes":69,"share":42.592592592592595},{"id":"mario-leclerc","name":"Mario Leclerc","shortName":"Leclerc","partyId":"NDP","votes":4,"share":2.4691358024691357},{"id":"gordon-kubanek","name":"Gordon Kubanek","shortName":"Kubanek","partyId":"GRN","votes":0,"share":0}],"partyVotes":{"LIB":69,"CPC":89,"BQ":0,"NDP":4,"GRN":0,"PPC":0,"OTH":0}}},"geometry":{"type":"Polygon","coordinates":[[[641.8,101.47],[641.84,101.44],[641.85,101.46],[641.85,101.46],[641.85,101.46],[641.86,101.47],[641.83,101.5],[641.82,101.49],[641.81,101.48],[641.8,101.47]]]}},{"type":"Feature","id":"35102-87","properties":{"ridingCode":"35102","pollNumber":"87","pollType":"N","advancePollNumber":"611","sourceCode":"87-0","geometryPollNumbers":["87"],"code":"35102-87","resultPollNumbers":["87"],"resultStatus":"exact","result":{"electors":429,"voters":141,"totalVotes":139,"rejected":2,"turnout":32.86713286713287,"winnerId":"sarah-good","winnerPartyId":"LIB","runnerUpId":"eric-duncan","runnerUpPartyId":"CPC","margin":6.474820143884892,"top":[{"id":"sarah-good","name":"Sarah Good","shortName":"Good","partyId":"LIB","votes":71,"share":51.07913669064749},{"id":"eric-duncan","name":"Eric Duncan","shortName":"Duncan","partyId":"CPC","votes":62,"share":44.60431654676259},{"id":"gordon-kubanek","name":"Gordon Kubanek","shortName":"Kubanek","partyId":"GRN","votes":5,"share":3.597122302158273},{"id":"mario-leclerc","name":"Mario Leclerc","shortName":"Leclerc","partyId":"NDP","votes":1,"share":0.7194244604316548}],"partyVotes":{"LIB":71,"CPC":62,"BQ":0,"NDP":1,"GRN":5,"PPC":0,"OTH":0}}},"geometry":{"type":"Polygon","coordinates":[[[641.84,101.44],[641.82,101.42],[641.84,101.41],[641.86,101.4],[641.87,101.41],[641.86,101.42],[641.91,101.47],[641.9,101.48],[641.89,101.48],[641.89,101.49],[641.89,101.5],[641.86,101.47],[641.85,101.46],[641.85,101.46],[641.84,101.44]]]}},{"type":"Feature","id":"35102-88","properties":{"ridingCode":"35102","pollNumber":"88","pollType":"N","advancePollNumber":"612","sourceCode":"88-0","geometryPollNumbers":["88"],"code":"35102-88","resultPollNumbers":["88"],"resultStatus":"exact","result":{"electors":520,"voters":124,"totalVotes":124,"rejected":0,"turnout":23.846153846153847,"winnerId":"eric-duncan","winnerPartyId":"CPC","runnerUpId":"sarah-good","runnerUpPartyId":"LIB","margin":25,"top":[{"id":"eric-duncan","name":"Eric Duncan","shortName":"Duncan","partyId":"CPC","votes":75,"share":60.483870967741936},{"id":"sarah-good","name":"Sarah Good","shortName":"Good","partyId":"LIB","votes":44,"share":35.483870967741936},{"id":"mario-leclerc","name":"Mario Leclerc","shortName":"Leclerc","partyId":"NDP","votes":4,"share":3.225806451612903},{"id":"gordon-kubanek","name":"Gordon Kubanek","shortName":"Kubanek","partyId":"GRN","votes":1,"share":0.8064516129032258}],"partyVotes":{"LIB":44,"CPC":75,"BQ":0,"NDP":4,"GRN":1,"PPC":0,"OTH":0}}},"geometry":{"type":"Polygon","coordinates":[[[641.87,101.41],[641.88,101.42],[641.9,101.43],[641.92,101.45],[641.93,101.44],[641.95,101.46],[641.93,101.48],[641.92,101.47],[641.91,101.47],[641.86,101.42],[641.87,101.41]]]}},{"type":"Feature","id":"35102-89","properties":{"ridingCode":"35102","pollNumber":"89","pollType":"N","advancePollNumber":"623","sourceCode":"89-0","geometryPollNumbers":["89"],"code":"35102-89","resultPollNumbers":["89"],"resultStatus":"exact","result":{"electors":316,"voters":220,"totalVotes":220,"rejected":0,"turnout":69.62025316455697,"winnerId":"eric-duncan","winnerPartyId":"CPC","runnerUpId":"sarah-good","runnerUpPartyId":"LIB","margin":39.54545454545455,"top":[{"id":"eric-duncan","name":"Eric Duncan","shortName":"Duncan","partyId":"CPC","votes":148,"share":67.27272727272727},{"id":"sarah-good","name":"Sarah Good","shortName":"Good","partyId":"LIB","votes":61,"share":27.727272727272727},{"id":"mario-leclerc","name":"Mario Leclerc","shortName":"Leclerc","partyId":"NDP","votes":7,"share":3.1818181818181817},{"id":"gordon-kubanek","name":"Gordon Kubanek","shortName":"Kubanek","partyId":"GRN","votes":2,"share":0.9090909090909091}],"partyVotes":{"LIB":61,"CPC":148,"BQ":0,"NDP":7,"GRN":2,"PPC":0,"OTH":2}}},"geometry":{"type":"Polygon","coordinates":[[[637.38,101.6],[637.37,101.59],[637.38,101.57],[637.38,101.57],[637.39,101.56],[637.39,101.56],[637.42,101.59],[637.45,101.55],[637.44,101.54],[637.5,101.48],[637.51,101.48],[637.52,101.48],[637.53,101.47],[637.63,101.38],[637.77,101.75],[637.75,101.77],[637.74,101.79],[637.73,101.79],[637.68,101.83],[637.67,101.84],[637.67,101.85],[637.57,101.94],[637.47,101.82],[637.31,101.66],[637.38,101.6]]]}},{"type":"Feature","id":"35102-90","properties":{"ridingCode":"35102","pollNumber":"90","pollType":"N","advancePollNumber":"623","sourceCode":"90-0","geometryPollNumbers":["90"],"code":"35102-90","resultPollNumbers":["90"],"resultStatus":"exact","result":{"electors":250,"voters":144,"totalVotes":144,"rejected":0,"turnout":57.599999999999994,"winnerId":"eric-duncan","winnerPartyId":"CPC","runnerUpId":"sarah-good","runnerUpPartyId":"LIB","margin":23.61111111111111,"top":[{"id":"eric-duncan","name":"Eric Duncan","shortName":"Duncan","partyId":"CPC","votes":87,"share":60.416666666666664},{"id":"sarah-good","name":"Sarah Good","shortName":"Good","partyId":"LIB","votes":53,"share":36.80555555555556},{"id":"mario-leclerc","name":"Mario Leclerc","shortName":"Leclerc","partyId":"NDP","votes":3,"share":2.083333333333333},{"id":"gordon-kubanek","name":"Gordon Kubanek","shortName":"Kubanek","partyId":"GRN","votes":1,"share":0.6944444444444444}],"partyVotes":{"LIB":53,"CPC":87,"BQ":0,"NDP":3,"GRN":1,"PPC":0,"OTH":0}}},"geometry":{"type":"Polygon","coordinates":[[[636.93,101.27],[637.19,101.03],[637.2,101.03],[637.15,101.08],[637.15,101.08],[637.27,101.22],[637.16,101.31],[637.39,101.56],[637.39,101.56],[637.38,101.57],[637.38,101.57],[637.37,101.59],[637.38,101.6],[637.31,101.66],[637.47,101.82],[637.57,101.94],[637.45,102.04],[637.44,102.03],[637.44,102.03],[637.43,102.03],[637.34,101.93],[637.17,101.74],[637.16,101.74],[637.17,101.73],[637.15,101.72],[637.11,101.68],[637.1,101.67],[637.1,101.66],[636.9,101.45],[636.82,101.36],[636.93,101.27]]]}},{"type":"Feature","id":"35102-91","properties":{"ridingCode":"35102","pollNumber":"91","pollType":"N","advancePollNumber":"623","sourceCode":"91-0","geometryPollNumbers":["91"],"code":"35102-91","resultPollNumbers":["91"],"resultStatus":"exact","result":{"electors":300,"voters":173,"totalVotes":173,"rejected":0,"turnout":57.666666666666664,"winnerId":"eric-duncan","winnerPartyId":"CPC","runnerUpId":"sarah-good","runnerUpPartyId":"LIB","margin":47.398843930635834,"top":[{"id":"eric-duncan","name":"Eric Duncan","shortName":"Duncan","partyId":"CPC","votes":123,"share":71.09826589595376},{"id":"sarah-good","name":"Sarah Good","shortName":"Good","partyId":"LIB","votes":41,"share":23.699421965317917},{"id":"mario-leclerc","name":"Mario Leclerc","shortName":"Leclerc","partyId":"NDP","votes":4,"share":2.312138728323699},{"id":"gordon-kubanek","name":"Gordon Kubanek","shortName":"Kubanek","partyId":"GRN","votes":3,"share":1.7341040462427744}],"partyVotes":{"LIB":41,"CPC":123,"BQ":0,"NDP":4,"GRN":3,"PPC":0,"OTH":2}}},"geometry":{"type":"Polygon","coordinates":[[[637.27,101.22],[637.38,101.12],[637.47,101.2],[637.63,101.38],[637.53,101.47],[637.52,101.48],[637.51,101.48],[637.5,101.48],[637.44,101.54],[637.45,101.55],[637.42,101.59],[637.39,101.56],[637.16,101.31],[637.27,101.22]]]}},{"type":"Feature","id":"35102-92","properties":{"ridingCode":"35102","pollNumber":"92","pollType":"N","advancePollNumber":"609","sourceCode":"92-0","geometryPollNumbers":["92"],"code":"35102-92","resultPollNumbers":["92"],"resultStatus":"exact","result":{"electors":562,"voters":170,"totalVotes":170,"rejected":0,"turnout":30.2491103202847,"winnerId":"eric-duncan","winnerPartyId":"CPC","runnerUpId":"sarah-good","runnerUpPartyId":"LIB","margin":8.235294117647058,"top":[{"id":"eric-duncan","name":"Eric Duncan","shortName":"Duncan","partyId":"CPC","votes":89,"share":52.352941176470594},{"id":"sarah-good","name":"Sarah Good","shortName":"Good","partyId":"LIB","votes":75,"share":44.11764705882353},{"id":"mario-leclerc","name":"Mario Leclerc","shortName":"Leclerc","partyId":"NDP","votes":4,"share":2.3529411764705883},{"id":"gordon-kubanek","name":"Gordon Kubanek","shortName":"Kubanek","partyId":"GRN","votes":1,"share":0.5882352941176471}],"partyVotes":{"LIB":75,"CPC":89,"BQ":0,"NDP":4,"GRN":1,"PPC":0,"OTH":1}}},"geometry":{"type":"Polygon","coordinates":[[[641.53,101.67],[641.5,101.65],[641.53,101.63],[641.55,101.65],[641.61,101.59],[641.62,101.59],[641.73,101.64],[641.73,101.64],[641.71,101.65],[641.71,101.65],[641.71,101.64],[641.7,101.63],[641.57,101.73],[641.52,101.68],[641.51,101.68],[641.53,101.67]]]}},{"type":"Feature","id":"35102-93","properties":{"ridingCode":"35102","pollNumber":"93","pollType":"N","advancePollNumber":"609","sourceCode":"93-0","geometryPollNumbers":["93"],"code":"35102-93","resultPollNumbers":["93"],"resultStatus":"exact","result":{"electors":444,"voters":126,"totalVotes":126,"rejected":0,"turnout":28.37837837837838,"winnerId":"eric-duncan","winnerPartyId":"CPC","runnerUpId":"sarah-good","runnerUpPartyId":"LIB","margin":15.079365079365079,"top":[{"id":"eric-duncan","name":"Eric Duncan","shortName":"Duncan","partyId":"CPC","votes":69,"share":54.761904761904766},{"id":"sarah-good","name":"Sarah Good","shortName":"Good","partyId":"LIB","votes":50,"share":39.682539682539684},{"id":"mario-leclerc","name":"Mario Leclerc","shortName":"Leclerc","partyId":"NDP","votes":5,"share":3.968253968253968},{"id":"gordon-kubanek","name":"Gordon Kubanek","shortName":"Kubanek","partyId":"GRN","votes":2,"share":1.5873015873015872}],"partyVotes":{"LIB":50,"CPC":69,"BQ":0,"NDP":5,"GRN":2,"PPC":0,"OTH":0}}},"geometry":{"type":"Polygon","coordinates":[[[641.52,101.61],[641.55,101.58],[641.55,101.59],[641.56,101.59],[641.56,101.58],[641.57,101.59],[641.58,101.59],[641.58,101.59],[641.58,101.58],[641.55,101.57],[641.57,101.58],[641.61,101.59],[641.55,101.65],[641.53,101.63],[641.52,101.61]]]}},{"type":"Feature","id":"35102-94","properties":{"ridingCode":"35102","pollNumber":"94","pollType":"N","advancePollNumber":"609","sourceCode":"94-0","geometryPollNumbers":["94"],"code":"35102-94","resultPollNumbers":["94"],"resultStatus":"exact","result":{"electors":375,"voters":142,"totalVotes":140,"rejected":2,"turnout":37.86666666666667,"winnerId":"eric-duncan","winnerPartyId":"CPC","runnerUpId":"sarah-good","runnerUpPartyId":"LIB","margin":29.28571428571429,"top":[{"id":"eric-duncan","name":"Eric Duncan","shortName":"Duncan","partyId":"CPC","votes":89,"share":63.57142857142857},{"id":"sarah-good","name":"Sarah Good","shortName":"Good","partyId":"LIB","votes":48,"share":34.285714285714285},{"id":"mario-leclerc","name":"Mario Leclerc","shortName":"Leclerc","partyId":"NDP","votes":3,"share":2.142857142857143},{"id":"gordon-kubanek","name":"Gordon Kubanek","shortName":"Kubanek","partyId":"GRN","votes":0,"share":0}],"partyVotes":{"LIB":48,"CPC":89,"BQ":0,"NDP":3,"GRN":0,"PPC":0,"OTH":0}}},"geometry":{"type":"Polygon","coordinates":[[[641.06,101.66],[641.05,101.61],[641.03,101.56],[641.06,101.56],[641.21,101.53],[641.21,101.51],[641.22,101.51],[641.29,101.45],[641.3,101.43],[641.38,101.53],[641.41,101.56],[641.43,101.59],[641.43,101.61],[641.4,101.63],[641.36,101.67],[641.32,101.7],[641.32,101.7],[641.34,101.73],[641.33,101.74],[641.34,101.75],[641.35,101.75],[641.33,101.77],[641.31,101.75],[641.17,101.57],[641.18,101.6],[641.18,101.6],[641.09,101.68],[641.06,101.66]]]}},{"type":"Feature","id":"35102-95","properties":{"ridingCode":"35102","pollNumber":"95","pollType":"N","advancePollNumber":"609","sourceCode":"95-0","geometryPollNumbers":["95"],"code":"35102-95","resultPollNumbers":["95"],"resultStatus":"exact","result":{"electors":587,"voters":215,"totalVotes":208,"rejected":7,"turnout":36.626916524701876,"winnerId":"eric-duncan","winnerPartyId":"CPC","runnerUpId":"sarah-good","runnerUpPartyId":"LIB","margin":26.923076923076923,"top":[{"id":"eric-duncan","name":"Eric Duncan","shortName":"Duncan","partyId":"CPC","votes":126,"share":60.57692307692307},{"id":"sarah-good","name":"Sarah Good","shortName":"Good","partyId":"LIB","votes":70,"share":33.65384615384615},{"id":"mario-leclerc","name":"Mario Leclerc","shortName":"Leclerc","partyId":"NDP","votes":6,"share":2.8846153846153846},{"id":"gordon-kubanek","name":"Gordon Kubanek","shortName":"Kubanek","partyId":"GRN","votes":3,"share":1.4423076923076923}],"partyVotes":{"LIB":70,"CPC":126,"BQ":0,"NDP":6,"GRN":3,"PPC":0,"OTH":3}}},"geometry":{"type":"Polygon","coordinates":[[[641.38,101.53],[641.49,101.55],[641.55,101.57],[641.58,101.58],[641.58,101.59],[641.58,101.59],[641.57,101.59],[641.56,101.58],[641.56,101.59],[641.55,101.59],[641.55,101.58],[641.52,101.61],[641.53,101.63],[641.5,101.65],[641.5,101.64],[641.48,101.65],[641.48,101.65],[641.43,101.59],[641.41,101.56],[641.38,101.53]]]}},{"type":"Feature","id":"35102-96","properties":{"ridingCode":"35102","pollNumber":"96","pollType":"N","advancePollNumber":"609","sourceCode":"96-0","geometryPollNumbers":["96"],"code":"35102-96","resultPollNumbers":["96"],"resultStatus":"exact","result":{"electors":439,"voters":137,"totalVotes":136,"rejected":1,"turnout":31.207289293849662,"winnerId":"eric-duncan","winnerPartyId":"CPC","runnerUpId":"sarah-good","runnerUpPartyId":"LIB","margin":37.5,"top":[{"id":"eric-duncan","name":"Eric Duncan","shortName":"Duncan","partyId":"CPC","votes":91,"share":66.91176470588235},{"id":"sarah-good","name":"Sarah Good","shortName":"Good","partyId":"LIB","votes":40,"share":29.411764705882355},{"id":"mario-leclerc","name":"Mario Leclerc","shortName":"Leclerc","partyId":"NDP","votes":5,"share":3.6764705882352944},{"id":"gordon-kubanek","name":"Gordon Kubanek","shortName":"Kubanek","partyId":"GRN","votes":0,"share":0}],"partyVotes":{"LIB":40,"CPC":91,"BQ":0,"NDP":5,"GRN":0,"PPC":0,"OTH":0}}},"geometry":{"type":"Polygon","coordinates":[[[641.17,101.57],[641.31,101.75],[641.33,101.77],[641.35,101.75],[641.34,101.75],[641.33,101.74],[641.34,101.73],[641.32,101.7],[641.32,101.7],[641.36,101.67],[641.37,101.68],[641.39,101.67],[641.42,101.71],[641.42,101.72],[641.39,101.74],[641.42,101.78],[641.38,101.82],[641.36,101.8],[641.36,101.8],[641.34,101.78],[641.32,101.78],[641.23,101.67],[641.22,101.67],[641.2,101.64],[641.21,101.63],[641.18,101.6],[641.18,101.6],[641.17,101.57]]]}},{"type":"Feature","id":"35102-97","properties":{"ridingCode":"35102","pollNumber":"97","pollType":"N","advancePollNumber":"609","sourceCode":"97-0","geometryPollNumbers":["97"],"code":"35102-97","resultPollNumbers":["97"],"resultStatus":"exact","result":{"electors":417,"voters":142,"totalVotes":141,"rejected":1,"turnout":34.05275779376499,"winnerId":"eric-duncan","winnerPartyId":"CPC","runnerUpId":"sarah-good","runnerUpPartyId":"LIB","margin":20.56737588652482,"top":[{"id":"eric-duncan","name":"Eric Duncan","shortName":"Duncan","partyId":"CPC","votes":82,"share":58.156028368794324},{"id":"sarah-good","name":"Sarah Good","shortName":"Good","partyId":"LIB","votes":53,"share":37.5886524822695},{"id":"mario-leclerc","name":"Mario Leclerc","shortName":"Leclerc","partyId":"NDP","votes":3,"share":2.127659574468085},{"id":"karl-ivan-mackinnon","name":"Karl Ivan MacKinnon","shortName":"MacKinnon","partyId":"OTH","votes":2,"share":1.4184397163120568}],"partyVotes":{"LIB":53,"CPC":82,"BQ":0,"NDP":3,"GRN":1,"PPC":0,"OTH":2}}},"geometry":{"type":"Polygon","coordinates":[[[641.37,101.68],[641.36,101.67],[641.4,101.63],[641.43,101.61],[641.43,101.59],[641.48,101.65],[641.47,101.66],[641.46,101.65],[641.44,101.67],[641.45,101.68],[641.42,101.71],[641.39,101.67],[641.37,101.68]]]}},{"type":"Feature","id":"35102-98","properties":{"ridingCode":"35102","pollNumber":"98","pollType":"N","advancePollNumber":"611","sourceCode":"98-0","geometryPollNumbers":["98"],"code":"35102-98","resultPollNumbers":["98"],"resultStatus":"exact","result":{"electors":404,"voters":132,"totalVotes":130,"rejected":2,"turnout":32.67326732673268,"winnerId":"eric-duncan","winnerPartyId":"CPC","runnerUpId":"sarah-good","runnerUpPartyId":"LIB","margin":6.923076923076923,"top":[{"id":"eric-duncan","name":"Eric Duncan","shortName":"Duncan","partyId":"CPC","votes":65,"share":50},{"id":"sarah-good","name":"Sarah Good","shortName":"Good","partyId":"LIB","votes":56,"share":43.07692307692308},{"id":"mario-leclerc","name":"Mario Leclerc","shortName":"Leclerc","partyId":"NDP","votes":7,"share":5.384615384615385},{"id":"gordon-kubanek","name":"Gordon Kubanek","shortName":"Kubanek","partyId":"GRN","votes":1,"share":0.7692307692307693}],"partyVotes":{"LIB":56,"CPC":65,"BQ":0,"NDP":7,"GRN":1,"PPC":0,"OTH":1}}},"geometry":{"type":"Polygon","coordinates":[[[641.75,101.5],[641.75,101.49],[641.76,101.5],[641.78,101.48],[641.79,101.49],[641.81,101.48],[641.82,101.49],[641.79,101.52],[641.78,101.52],[641.75,101.51],[641.76,101.51],[641.75,101.5]]]}},{"type":"Feature","id":"35102-99","properties":{"ridingCode":"35102","pollNumber":"99","pollType":"N","advancePollNumber":"611","sourceCode":"99-0","geometryPollNumbers":["99"],"code":"35102-99","resultPollNumbers":["99"],"resultStatus":"exact","result":{"electors":473,"voters":173,"totalVotes":172,"rejected":1,"turnout":36.57505285412262,"winnerId":"eric-duncan","winnerPartyId":"CPC","runnerUpId":"sarah-good","runnerUpPartyId":"LIB","margin":29.651162790697676,"top":[{"id":"eric-duncan","name":"Eric Duncan","shortName":"Duncan","partyId":"CPC","votes":108,"share":62.7906976744186},{"id":"sarah-good","name":"Sarah Good","shortName":"Good","partyId":"LIB","votes":57,"share":33.13953488372093},{"id":"mario-leclerc","name":"Mario Leclerc","shortName":"Leclerc","partyId":"NDP","votes":4,"share":2.3255813953488373},{"id":"gordon-kubanek","name":"Gordon Kubanek","shortName":"Kubanek","partyId":"GRN","votes":2,"share":1.1627906976744187}],"partyVotes":{"LIB":57,"CPC":108,"BQ":0,"NDP":4,"GRN":2,"PPC":0,"OTH":1}}},"geometry":{"type":"Polygon","coordinates":[[[641.73,101.5],[641.72,101.49],[641.75,101.47],[641.77,101.46],[641.75,101.44],[641.75,101.44],[641.76,101.44],[641.77,101.43],[641.77,101.44],[641.77,101.44],[641.8,101.47],[641.79,101.47],[641.8,101.47],[641.81,101.48],[641.79,101.49],[641.78,101.48],[641.76,101.5],[641.75,101.49],[641.75,101.5],[641.73,101.51],[641.73,101.5]]]}},{"type":"Feature","id":"35102-100","properties":{"ridingCode":"35102","pollNumber":"100","pollType":"N","advancePollNumber":"611","sourceCode":"100-0","geometryPollNumbers":["100"],"code":"35102-100","resultPollNumbers":["100"],"resultStatus":"exact","result":{"electors":447,"voters":158,"totalVotes":158,"rejected":0,"turnout":35.34675615212528,"winnerId":"eric-duncan","winnerPartyId":"CPC","runnerUpId":"sarah-good","runnerUpPartyId":"LIB","margin":29.11392405063291,"top":[{"id":"eric-duncan","name":"Eric Duncan","shortName":"Duncan","partyId":"CPC","votes":99,"share":62.65822784810127},{"id":"sarah-good","name":"Sarah Good","shortName":"Good","partyId":"LIB","votes":53,"share":33.54430379746836},{"id":"mario-leclerc","name":"Mario Leclerc","shortName":"Leclerc","partyId":"NDP","votes":5,"share":3.1645569620253164},{"id":"gordon-kubanek","name":"Gordon Kubanek","shortName":"Kubanek","partyId":"GRN","votes":1,"share":0.6329113924050633}],"partyVotes":{"LIB":53,"CPC":99,"BQ":0,"NDP":5,"GRN":1,"PPC":0,"OTH":0}}},"geometry":{"type":"Polygon","coordinates":[[[641.72,101.43],[641.74,101.41],[641.75,101.41],[641.74,101.42],[641.74,101.43],[641.73,101.44],[641.75,101.47],[641.72,101.49],[641.7,101.47],[641.69,101.46],[641.69,101.46],[641.68,101.46],[641.69,101.45],[641.72,101.43]]]}},{"type":"Feature","id":"35102-101","properties":{"ridingCode":"35102","pollNumber":"101","pollType":"N","advancePollNumber":"611","sourceCode":"101-0","geometryPollNumbers":["101"],"code":"35102-101","resultPollNumbers":["101"],"resultStatus":"exact","result":{"electors":369,"voters":127,"totalVotes":127,"rejected":0,"turnout":34.417344173441734,"winnerId":"eric-duncan","winnerPartyId":"CPC","runnerUpId":"sarah-good","runnerUpPartyId":"LIB","margin":37.79527559055118,"top":[{"id":"eric-duncan","name":"Eric Duncan","shortName":"Duncan","partyId":"CPC","votes":86,"share":67.71653543307087},{"id":"sarah-good","name":"Sarah Good","shortName":"Good","partyId":"LIB","votes":38,"share":29.92125984251969},{"id":"gordon-kubanek","name":"Gordon Kubanek","shortName":"Kubanek","partyId":"GRN","votes":2,"share":1.574803149606299},{"id":"mario-leclerc","name":"Mario Leclerc","shortName":"Leclerc","partyId":"NDP","votes":1,"share":0.7874015748031495}],"partyVotes":{"LIB":38,"CPC":86,"BQ":0,"NDP":1,"GRN":2,"PPC":0,"OTH":0}}},"geometry":{"type":"Polygon","coordinates":[[[641.8,101.47],[641.77,101.44],[641.78,101.43],[641.79,101.45],[641.82,101.42],[641.84,101.44],[641.8,101.47],[641.79,101.47],[641.8,101.47]]]}},{"type":"Feature","id":"35102-102","properties":{"ridingCode":"35102","pollNumber":"102","pollType":"N","advancePollNumber":"610","sourceCode":"102-0","geometryPollNumbers":["102"],"code":"35102-102","resultPollNumbers":["102"],"resultStatus":"exact","result":{"electors":554,"voters":189,"totalVotes":188,"rejected":1,"turnout":34.11552346570397,"winnerId":"eric-duncan","winnerPartyId":"CPC","runnerUpId":"sarah-good","runnerUpPartyId":"LIB","margin":26.063829787234045,"top":[{"id":"eric-duncan","name":"Eric Duncan","shortName":"Duncan","partyId":"CPC","votes":115,"share":61.170212765957444},{"id":"sarah-good","name":"Sarah Good","shortName":"Good","partyId":"LIB","votes":66,"share":35.1063829787234},{"id":"mario-leclerc","name":"Mario Leclerc","shortName":"Leclerc","partyId":"NDP","votes":6,"share":3.1914893617021276},{"id":"gordon-kubanek","name":"Gordon Kubanek","shortName":"Kubanek","partyId":"GRN","votes":1,"share":0.5319148936170213}],"partyVotes":{"LIB":66,"CPC":115,"BQ":0,"NDP":6,"GRN":1,"PPC":0,"OTH":0}}},"geometry":{"type":"Polygon","coordinates":[[[641.73,101.44],[641.74,101.43],[641.74,101.42],[641.75,101.41],[641.74,101.41],[641.74,101.4],[641.76,101.38],[641.76,101.38],[641.77,101.39],[641.78,101.38],[641.79,101.38],[641.77,101.4],[641.79,101.41],[641.77,101.42],[641.77,101.44],[641.77,101.43],[641.76,101.44],[641.75,101.44],[641.75,101.44],[641.77,101.46],[641.75,101.47],[641.73,101.44]]]}},{"type":"Feature","id":"35102-103","properties":{"ridingCode":"35102","pollNumber":"103","pollType":"N","advancePollNumber":"611","sourceCode":"103-0","geometryPollNumbers":["103"],"code":"35102-103","resultPollNumbers":["103"],"resultStatus":"exact","result":{"electors":434,"voters":157,"totalVotes":156,"rejected":1,"turnout":36.175115207373274,"winnerId":"eric-duncan","winnerPartyId":"CPC","runnerUpId":"sarah-good","runnerUpPartyId":"LIB","margin":23.717948717948715,"top":[{"id":"eric-duncan","name":"Eric Duncan","shortName":"Duncan","partyId":"CPC","votes":94,"share":60.256410256410255},{"id":"sarah-good","name":"Sarah Good","shortName":"Good","partyId":"LIB","votes":57,"share":36.53846153846153},{"id":"mario-leclerc","name":"Mario Leclerc","shortName":"Leclerc","partyId":"NDP","votes":3,"share":1.9230769230769231},{"id":"gordon-kubanek","name":"Gordon Kubanek","shortName":"Kubanek","partyId":"GRN","votes":2,"share":1.282051282051282}],"partyVotes":{"LIB":57,"CPC":94,"BQ":0,"NDP":3,"GRN":2,"PPC":0,"OTH":0}}},"geometry":{"type":"Polygon","coordinates":[[[641.77,101.42],[641.79,101.41],[641.77,101.4],[641.79,101.38],[641.82,101.42],[641.79,101.45],[641.78,101.43],[641.77,101.44],[641.77,101.44],[641.77,101.42]]]}},{"type":"Feature","id":"35102-104A","properties":{"ridingCode":"35102","pollNumber":"104A","pollType":"N","advancePollNumber":"610","sourceCode":"104-0","geometryPollNumbers":["104"],"code":"35102-104A","resultPollNumbers":["104A"],"resultStatus":"resolved-combination","result":{"electors":421,"voters":177,"totalVotes":174,"rejected":3,"turnout":42.042755344418055,"winnerId":"eric-duncan","winnerPartyId":"CPC","runnerUpId":"sarah-good","runnerUpPartyId":"LIB","margin":28.160919540229884,"top":[{"id":"eric-duncan","name":"Eric Duncan","shortName":"Duncan","partyId":"CPC","votes":106,"share":60.91954022988506},{"id":"sarah-good","name":"Sarah Good","shortName":"Good","partyId":"LIB","votes":57,"share":32.758620689655174},{"id":"mario-leclerc","name":"Mario Leclerc","shortName":"Leclerc","partyId":"NDP","votes":8,"share":4.597701149425287},{"id":"gordon-kubanek","name":"Gordon Kubanek","shortName":"Kubanek","partyId":"GRN","votes":3,"share":1.7241379310344827}],"partyVotes":{"LIB":57,"CPC":106,"BQ":0,"NDP":8,"GRN":3,"PPC":0,"OTH":0}}},"geometry":{"type":"Polygon","coordinates":[[[641.72,101.43],[641.71,101.42],[641.71,101.41],[641.7,101.4],[641.71,101.39],[641.72,101.39],[641.73,101.38],[641.73,101.39],[641.75,101.37],[641.75,101.38],[641.76,101.38],[641.76,101.38],[641.74,101.4],[641.74,101.41],[641.72,101.43]],[[641.72,101.41],[641.72,101.41],[641.72,101.41],[641.72,101.41]]]}},{"type":"Feature","id":"35102-105","properties":{"ridingCode":"35102","pollNumber":"105","pollType":"N","advancePollNumber":"610","sourceCode":"105-0","geometryPollNumbers":["105"],"code":"35102-105","resultPollNumbers":["105"],"resultStatus":"exact","result":{"electors":570,"voters":192,"totalVotes":192,"rejected":0,"turnout":33.68421052631579,"winnerId":"sarah-good","winnerPartyId":"LIB","runnerUpId":"eric-duncan","runnerUpPartyId":"CPC","margin":1.0416666666666665,"top":[{"id":"sarah-good","name":"Sarah Good","shortName":"Good","partyId":"LIB","votes":96,"share":50},{"id":"eric-duncan","name":"Eric Duncan","shortName":"Duncan","partyId":"CPC","votes":94,"share":48.95833333333333},{"id":"mario-leclerc","name":"Mario Leclerc","shortName":"Leclerc","partyId":"NDP","votes":2,"share":1.0416666666666665},{"id":"gordon-kubanek","name":"Gordon Kubanek","shortName":"Kubanek","partyId":"GRN","votes":0,"share":0}],"partyVotes":{"LIB":96,"CPC":94,"BQ":0,"NDP":2,"GRN":0,"PPC":0,"OTH":0}}},"geometry":{"type":"Polygon","coordinates":[[[641.63,101.58],[641.64,101.58],[641.67,101.55],[641.71,101.58],[641.75,101.62],[641.73,101.64],[641.62,101.59],[641.63,101.58]]]}},{"type":"Feature","id":"35102-106","properties":{"ridingCode":"35102","pollNumber":"106","pollType":"N","advancePollNumber":"611","sourceCode":"106-0","geometryPollNumbers":["106"],"code":"35102-106","resultPollNumbers":["106"],"resultStatus":"exact","result":{"electors":589,"voters":191,"totalVotes":190,"rejected":1,"turnout":32.42784380305603,"winnerId":"sarah-good","winnerPartyId":"LIB","runnerUpId":"eric-duncan","runnerUpPartyId":"CPC","margin":2.1052631578947367,"top":[{"id":"sarah-good","name":"Sarah Good","shortName":"Good","partyId":"LIB","votes":92,"share":48.421052631578945},{"id":"eric-duncan","name":"Eric Duncan","shortName":"Duncan","partyId":"CPC","votes":88,"share":46.31578947368421},{"id":"mario-leclerc","name":"Mario Leclerc","shortName":"Leclerc","partyId":"NDP","votes":7,"share":3.684210526315789},{"id":"karl-ivan-mackinnon","name":"Karl Ivan MacKinnon","shortName":"MacKinnon","partyId":"OTH","votes":3,"share":1.5789473684210527}],"partyVotes":{"LIB":92,"CPC":88,"BQ":0,"NDP":7,"GRN":0,"PPC":0,"OTH":3}}},"geometry":{"type":"Polygon","coordinates":[[[641.68,101.54],[641.71,101.52],[641.82,101.56],[641.8,101.58],[641.75,101.62],[641.71,101.58],[641.67,101.55],[641.68,101.54]]]}},{"type":"Feature","id":"35102-107","properties":{"ridingCode":"35102","pollNumber":"107","pollType":"N","advancePollNumber":"610","sourceCode":"107-0","geometryPollNumbers":["107"],"code":"35102-107","resultPollNumbers":["107"],"resultStatus":"exact","result":{"electors":528,"voters":224,"totalVotes":223,"rejected":1,"turnout":42.42424242424242,"winnerId":"eric-duncan","winnerPartyId":"CPC","runnerUpId":"sarah-good","runnerUpPartyId":"LIB","margin":4.0358744394618835,"top":[{"id":"eric-duncan","name":"Eric Duncan","shortName":"Duncan","partyId":"CPC","votes":109,"share":48.87892376681614},{"id":"sarah-good","name":"Sarah Good","shortName":"Good","partyId":"LIB","votes":100,"share":44.843049327354265},{"id":"mario-leclerc","name":"Mario Leclerc","shortName":"Leclerc","partyId":"NDP","votes":10,"share":4.484304932735426},{"id":"gordon-kubanek","name":"Gordon Kubanek","shortName":"Kubanek","partyId":"GRN","votes":2,"share":0.8968609865470852}],"partyVotes":{"LIB":100,"CPC":109,"BQ":0,"NDP":10,"GRN":2,"PPC":0,"OTH":2}}},"geometry":{"type":"Polygon","coordinates":[[[641.49,101.55],[641.61,101.45],[641.63,101.47],[641.65,101.51],[641.67,101.5],[641.71,101.52],[641.68,101.54],[641.67,101.55],[641.64,101.58],[641.63,101.58],[641.62,101.59],[641.61,101.59],[641.57,101.58],[641.55,101.57],[641.49,101.55]]]}},{"type":"Feature","id":"35102-108","properties":{"ridingCode":"35102","pollNumber":"108","pollType":"N","advancePollNumber":"607","sourceCode":"108-0","geometryPollNumbers":["108"],"code":"35102-108","resultPollNumbers":["108"],"resultStatus":"exact","result":{"electors":492,"voters":123,"totalVotes":123,"rejected":0,"turnout":25,"winnerId":"sarah-good","winnerPartyId":"LIB","runnerUpId":"eric-duncan","runnerUpPartyId":"CPC","margin":0.8130081300813009,"top":[{"id":"sarah-good","name":"Sarah Good","shortName":"Good","partyId":"LIB","votes":60,"share":48.78048780487805},{"id":"eric-duncan","name":"Eric Duncan","shortName":"Duncan","partyId":"CPC","votes":59,"share":47.96747967479675},{"id":"mario-leclerc","name":"Mario Leclerc","shortName":"Leclerc","partyId":"NDP","votes":2,"share":1.6260162601626018},{"id":"karl-ivan-mackinnon","name":"Karl Ivan MacKinnon","shortName":"MacKinnon","partyId":"OTH","votes":2,"share":1.6260162601626018}],"partyVotes":{"LIB":60,"CPC":59,"BQ":0,"NDP":2,"GRN":0,"PPC":0,"OTH":2}}},"geometry":{"type":"Polygon","coordinates":[[[642.08,101.63],[642.08,101.63],[642.06,101.61],[642.06,101.61],[642.09,101.58],[642.1,101.58],[642.1,101.58],[642.12,101.59],[642.12,101.6],[642.1,101.61],[642.1,101.62],[642.1,101.62],[642.1,101.62],[642.09,101.63],[642.08,101.63]]]}},{"type":"Feature","id":"35102-109","properties":{"ridingCode":"35102","pollNumber":"109","pollType":"N","advancePollNumber":"607","sourceCode":"109-0","geometryPollNumbers":["109"],"code":"35102-109","resultPollNumbers":["109"],"resultStatus":"exact","result":{"electors":506,"voters":165,"totalVotes":162,"rejected":3,"turnout":32.608695652173914,"winnerId":"eric-duncan","winnerPartyId":"CPC","runnerUpId":"sarah-good","runnerUpPartyId":"LIB","margin":8.024691358024691,"top":[{"id":"eric-duncan","name":"Eric Duncan","shortName":"Duncan","partyId":"CPC","votes":85,"share":52.46913580246913},{"id":"sarah-good","name":"Sarah Good","shortName":"Good","partyId":"LIB","votes":72,"share":44.44444444444444},{"id":"mario-leclerc","name":"Mario Leclerc","shortName":"Leclerc","partyId":"NDP","votes":3,"share":1.8518518518518516},{"id":"gordon-kubanek","name":"Gordon Kubanek","shortName":"Kubanek","partyId":"GRN","votes":2,"share":1.2345679012345678}],"partyVotes":{"LIB":72,"CPC":85,"BQ":0,"NDP":3,"GRN":2,"PPC":0,"OTH":0}}},"geometry":{"type":"Polygon","coordinates":[[[642.1,101.58],[642.11,101.57],[642.13,101.55],[642.14,101.57],[642.13,101.58],[642.13,101.59],[642.14,101.58],[642.16,101.58],[642.16,101.58],[642.17,101.59],[642.08,101.66],[642.09,101.63],[642.09,101.63],[642.1,101.62],[642.1,101.62],[642.1,101.62],[642.1,101.61],[642.12,101.6],[642.12,101.59],[642.1,101.58]]]}},{"type":"Feature","id":"35102-110","properties":{"ridingCode":"35102","pollNumber":"110","pollType":"N","advancePollNumber":"607","sourceCode":"110-0","geometryPollNumbers":["110"],"code":"35102-110","resultPollNumbers":["110"],"resultStatus":"exact","result":{"electors":434,"voters":138,"totalVotes":138,"rejected":0,"turnout":31.797235023041477,"winnerId":"sarah-good","winnerPartyId":"LIB","runnerUpId":"eric-duncan","runnerUpPartyId":"CPC","margin":2.898550724637681,"top":[{"id":"sarah-good","name":"Sarah Good","shortName":"Good","partyId":"LIB","votes":69,"share":50},{"id":"eric-duncan","name":"Eric Duncan","shortName":"Duncan","partyId":"CPC","votes":65,"share":47.10144927536232},{"id":"mario-leclerc","name":"Mario Leclerc","shortName":"Leclerc","partyId":"NDP","votes":3,"share":2.1739130434782608},{"id":"gordon-kubanek","name":"Gordon Kubanek","shortName":"Kubanek","partyId":"GRN","votes":1,"share":0.7246376811594203}],"partyVotes":{"LIB":69,"CPC":65,"BQ":0,"NDP":3,"GRN":1,"PPC":0,"OTH":0}}},"geometry":{"type":"Polygon","coordinates":[[[642.03,101.6],[642.07,101.57],[642.07,101.56],[642.11,101.52],[642.11,101.52],[642.12,101.53],[642.14,101.55],[642.13,101.55],[642.11,101.57],[642.1,101.58],[642.1,101.58],[642.09,101.58],[642.06,101.61],[642.06,101.61],[642.08,101.63],[642.08,101.63],[642.09,101.63],[642.09,101.63],[642.08,101.66],[642.07,101.67],[641.98,101.58],[642,101.56],[642.03,101.6]]]}},{"type":"Feature","id":"35102-111","properties":{"ridingCode":"35102","pollNumber":"111","pollType":"N","advancePollNumber":"607","sourceCode":"111-0","geometryPollNumbers":["111"],"code":"35102-111","resultPollNumbers":["111"],"resultStatus":"exact","result":{"electors":412,"voters":109,"totalVotes":109,"rejected":0,"turnout":26.45631067961165,"winnerId":"sarah-good","winnerPartyId":"LIB","runnerUpId":"eric-duncan","runnerUpPartyId":"CPC","margin":18.34862385321101,"top":[{"id":"sarah-good","name":"Sarah Good","shortName":"Good","partyId":"LIB","votes":64,"share":58.71559633027523},{"id":"eric-duncan","name":"Eric Duncan","shortName":"Duncan","partyId":"CPC","votes":44,"share":40.36697247706422},{"id":"mario-leclerc","name":"Mario Leclerc","shortName":"Leclerc","partyId":"NDP","votes":1,"share":0.9174311926605505},{"id":"gordon-kubanek","name":"Gordon Kubanek","shortName":"Kubanek","partyId":"GRN","votes":0,"share":0}],"partyVotes":{"LIB":64,"CPC":44,"BQ":0,"NDP":1,"GRN":0,"PPC":0,"OTH":0}}},"geometry":{"type":"Polygon","coordinates":[[[642.17,101.53],[642.18,101.52],[642.18,101.52],[642.19,101.51],[642.23,101.56],[642.19,101.6],[642.17,101.57],[642.17,101.57],[642.16,101.54],[642.17,101.53]]]}},{"type":"Feature","id":"35102-112","properties":{"ridingCode":"35102","pollNumber":"112","pollType":"N","advancePollNumber":"607","sourceCode":"112-0","geometryPollNumbers":["112"],"code":"35102-112","resultPollNumbers":["112"],"resultStatus":"exact","result":{"electors":454,"voters":109,"totalVotes":109,"rejected":0,"turnout":24.008810572687224,"winnerId":"eric-duncan","winnerPartyId":"CPC","runnerUpId":"sarah-good","runnerUpPartyId":"LIB","margin":8.256880733944955,"top":[{"id":"eric-duncan","name":"Eric Duncan","shortName":"Duncan","partyId":"CPC","votes":56,"share":51.37614678899083},{"id":"sarah-good","name":"Sarah Good","shortName":"Good","partyId":"LIB","votes":47,"share":43.11926605504588},{"id":"mario-leclerc","name":"Mario Leclerc","shortName":"Leclerc","partyId":"NDP","votes":6,"share":5.5045871559633035},{"id":"gordon-kubanek","name":"Gordon Kubanek","shortName":"Kubanek","partyId":"GRN","votes":0,"share":0}],"partyVotes":{"LIB":47,"CPC":56,"BQ":0,"NDP":6,"GRN":0,"PPC":0,"OTH":0}}},"geometry":{"type":"Polygon","coordinates":[[[642.13,101.59],[642.13,101.58],[642.14,101.57],[642.13,101.55],[642.14,101.55],[642.12,101.53],[642.13,101.51],[642.15,101.53],[642.16,101.52],[642.17,101.53],[642.16,101.54],[642.17,101.57],[642.17,101.57],[642.16,101.58],[642.16,101.58],[642.14,101.58],[642.13,101.59]]]}},{"type":"Feature","id":"35102-113","properties":{"ridingCode":"35102","pollNumber":"113","pollType":"N","advancePollNumber":"607","sourceCode":"113-0","geometryPollNumbers":["113"],"code":"35102-113","resultPollNumbers":["113"],"resultStatus":"exact","result":{"electors":382,"voters":103,"totalVotes":102,"rejected":1,"turnout":26.96335078534031,"winnerId":"sarah-good","winnerPartyId":"LIB","runnerUpId":"eric-duncan","runnerUpPartyId":"CPC","margin":0.9803921568627451,"top":[{"id":"sarah-good","name":"Sarah Good","shortName":"Good","partyId":"LIB","votes":50,"share":49.01960784313725},{"id":"eric-duncan","name":"Eric Duncan","shortName":"Duncan","partyId":"CPC","votes":49,"share":48.03921568627451},{"id":"mario-leclerc","name":"Mario Leclerc","shortName":"Leclerc","partyId":"NDP","votes":2,"share":1.9607843137254901},{"id":"gordon-kubanek","name":"Gordon Kubanek","shortName":"Kubanek","partyId":"GRN","votes":1,"share":0.9803921568627451}],"partyVotes":{"LIB":50,"CPC":49,"BQ":0,"NDP":2,"GRN":1,"PPC":0,"OTH":0}}},"geometry":{"type":"Polygon","coordinates":[[[642.11,101.52],[642.09,101.49],[642.1,101.48],[642.12,101.49],[642.12,101.5],[642.12,101.5],[642.12,101.49],[642.13,101.48],[642.14,101.5],[642.15,101.51],[642.16,101.52],[642.15,101.53],[642.13,101.51],[642.12,101.53],[642.11,101.52]],[[642.12,101.5],[642.12,101.5],[642.12,101.5],[642.12,101.5]]]}},{"type":"Feature","id":"35102-114","properties":{"ridingCode":"35102","pollNumber":"114","pollType":"N","advancePollNumber":"608","sourceCode":"114-0","geometryPollNumbers":["114"],"code":"35102-114","resultPollNumbers":["114"],"resultStatus":"exact","result":{"electors":422,"voters":144,"totalVotes":143,"rejected":1,"turnout":34.12322274881517,"winnerId":"eric-duncan","winnerPartyId":"CPC","runnerUpId":"sarah-good","runnerUpPartyId":"LIB","margin":0.6993006993006993,"top":[{"id":"eric-duncan","name":"Eric Duncan","shortName":"Duncan","partyId":"CPC","votes":69,"share":48.25174825174825},{"id":"sarah-good","name":"Sarah Good","shortName":"Good","partyId":"LIB","votes":68,"share":47.55244755244755},{"id":"gordon-kubanek","name":"Gordon Kubanek","shortName":"Kubanek","partyId":"GRN","votes":3,"share":2.097902097902098},{"id":"mario-leclerc","name":"Mario Leclerc","shortName":"Leclerc","partyId":"NDP","votes":2,"share":1.3986013986013985}],"partyVotes":{"LIB":68,"CPC":69,"BQ":0,"NDP":2,"GRN":3,"PPC":0,"OTH":1}}},"geometry":{"type":"Polygon","coordinates":[[[642.04,101.54],[642.05,101.54],[642.05,101.53],[642.07,101.51],[642.08,101.52],[642.08,101.51],[642.08,101.5],[642.09,101.49],[642.11,101.52],[642.11,101.52],[642.07,101.56],[642.07,101.57],[642.03,101.6],[642,101.56],[642.03,101.53],[642.03,101.53],[642.04,101.53],[642.04,101.54]]]}},{"type":"Feature","id":"35102-115","properties":{"ridingCode":"35102","pollNumber":"115","pollType":"N","advancePollNumber":"608","sourceCode":"115-0","geometryPollNumbers":["115"],"code":"35102-115","resultPollNumbers":["115"],"resultStatus":"exact","result":{"electors":402,"voters":180,"totalVotes":179,"rejected":1,"turnout":44.776119402985074,"winnerId":"sarah-good","winnerPartyId":"LIB","runnerUpId":"eric-duncan","runnerUpPartyId":"CPC","margin":7.262569832402235,"top":[{"id":"sarah-good","name":"Sarah Good","shortName":"Good","partyId":"LIB","votes":94,"share":52.513966480446925},{"id":"eric-duncan","name":"Eric Duncan","shortName":"Duncan","partyId":"CPC","votes":81,"share":45.2513966480447},{"id":"mario-leclerc","name":"Mario Leclerc","shortName":"Leclerc","partyId":"NDP","votes":3,"share":1.675977653631285},{"id":"karl-ivan-mackinnon","name":"Karl Ivan MacKinnon","shortName":"MacKinnon","partyId":"OTH","votes":1,"share":0.5586592178770949}],"partyVotes":{"LIB":94,"CPC":81,"BQ":0,"NDP":3,"GRN":0,"PPC":0,"OTH":1}}},"geometry":{"type":"Polygon","coordinates":[[[642,101.54],[642,101.54],[642.02,101.52],[642.01,101.51],[642.02,101.51],[642.05,101.47],[642.06,101.49],[642.06,101.5],[642.05,101.5],[642.04,101.52],[642.03,101.52],[642.03,101.53],[642,101.55],[642,101.54]]]}},{"type":"Feature","id":"35102-116","properties":{"ridingCode":"35102","pollNumber":"116","pollType":"N","advancePollNumber":"608","sourceCode":"116-0","geometryPollNumbers":["116"],"code":"35102-116","resultPollNumbers":["116"],"resultStatus":"exact","result":{"electors":457,"voters":215,"totalVotes":215,"rejected":0,"turnout":47.04595185995623,"winnerId":"eric-duncan","winnerPartyId":"CPC","runnerUpId":"sarah-good","runnerUpPartyId":"LIB","margin":4.651162790697675,"top":[{"id":"eric-duncan","name":"Eric Duncan","shortName":"Duncan","partyId":"CPC","votes":107,"share":49.76744186046512},{"id":"sarah-good","name":"Sarah Good","shortName":"Good","partyId":"LIB","votes":97,"share":45.11627906976744},{"id":"mario-leclerc","name":"Mario Leclerc","shortName":"Leclerc","partyId":"NDP","votes":8,"share":3.7209302325581395},{"id":"gordon-kubanek","name":"Gordon Kubanek","shortName":"Kubanek","partyId":"GRN","votes":3,"share":1.3953488372093024}],"partyVotes":{"LIB":97,"CPC":107,"BQ":0,"NDP":8,"GRN":3,"PPC":0,"OTH":0}}},"geometry":{"type":"Polygon","coordinates":[[[641.98,101.51],[642.03,101.47],[642.04,101.47],[642.05,101.47],[642.02,101.51],[642.01,101.51],[642.02,101.52],[642,101.54],[641.98,101.51]]]}},{"type":"Feature","id":"35102-117","properties":{"ridingCode":"35102","pollNumber":"117","pollType":"N","advancePollNumber":"608","sourceCode":"117-0","geometryPollNumbers":["117"],"code":"35102-117","resultPollNumbers":["117"],"resultStatus":"exact","result":{"electors":433,"voters":178,"totalVotes":177,"rejected":1,"turnout":41.10854503464203,"winnerId":"sarah-good","winnerPartyId":"LIB","runnerUpId":"eric-duncan","runnerUpPartyId":"CPC","margin":0.5649717514124294,"top":[{"id":"sarah-good","name":"Sarah Good","shortName":"Good","partyId":"LIB","votes":86,"share":48.58757062146893},{"id":"eric-duncan","name":"Eric Duncan","shortName":"Duncan","partyId":"CPC","votes":85,"share":48.0225988700565},{"id":"mario-leclerc","name":"Mario Leclerc","shortName":"Leclerc","partyId":"NDP","votes":5,"share":2.824858757062147},{"id":"gordon-kubanek","name":"Gordon Kubanek","shortName":"Kubanek","partyId":"GRN","votes":1,"share":0.5649717514124294}],"partyVotes":{"LIB":86,"CPC":85,"BQ":0,"NDP":5,"GRN":1,"PPC":0,"OTH":0}}},"geometry":{"type":"Polygon","coordinates":[[[641.96,101.52],[641.98,101.5],[641.99,101.49],[641.99,101.48],[642.01,101.48],[642.04,101.46],[642.04,101.46],[642.05,101.46],[642.05,101.47],[642.04,101.47],[642.03,101.47],[641.98,101.51],[642,101.54],[642,101.54],[641.99,101.55],[641.96,101.52]]]}},{"type":"Feature","id":"35102-118","properties":{"ridingCode":"35102","pollNumber":"118","pollType":"N","advancePollNumber":"608","sourceCode":"118-0","geometryPollNumbers":["118"],"code":"35102-118","resultPollNumbers":["118"],"resultStatus":"exact","result":{"electors":359,"voters":160,"totalVotes":159,"rejected":1,"turnout":44.56824512534819,"winnerId":"sarah-good","winnerPartyId":"LIB","runnerUpId":"eric-duncan","runnerUpPartyId":"CPC","margin":3.7735849056603774,"top":[{"id":"sarah-good","name":"Sarah Good","shortName":"Good","partyId":"LIB","votes":79,"share":49.685534591194966},{"id":"eric-duncan","name":"Eric Duncan","shortName":"Duncan","partyId":"CPC","votes":73,"share":45.911949685534594},{"id":"gordon-kubanek","name":"Gordon Kubanek","shortName":"Kubanek","partyId":"GRN","votes":4,"share":2.515723270440252},{"id":"mario-leclerc","name":"Mario Leclerc","shortName":"Leclerc","partyId":"NDP","votes":3,"share":1.8867924528301887}],"partyVotes":{"LIB":79,"CPC":73,"BQ":0,"NDP":3,"GRN":4,"PPC":0,"OTH":0}}},"geometry":{"type":"Polygon","coordinates":[[[642,101.56],[641.99,101.55],[642,101.54],[642,101.55],[642.03,101.53],[642.03,101.52],[642.04,101.52],[642.05,101.5],[642.06,101.5],[642.06,101.49],[642.05,101.47],[642.05,101.46],[642.06,101.46],[642.07,101.44],[642.1,101.48],[642.09,101.49],[642.08,101.5],[642.08,101.51],[642.08,101.52],[642.07,101.51],[642.05,101.53],[642.05,101.54],[642.04,101.54],[642.04,101.53],[642.03,101.53],[642,101.56]]]}},{"type":"Feature","id":"35102-119","properties":{"ridingCode":"35102","pollNumber":"119","pollType":"N","advancePollNumber":"605","sourceCode":"119-0","geometryPollNumbers":["119"],"code":"35102-119","resultPollNumbers":["119"],"resultStatus":"exact","result":{"electors":433,"voters":140,"totalVotes":138,"rejected":2,"turnout":32.33256351039261,"winnerId":"eric-duncan","winnerPartyId":"CPC","runnerUpId":"sarah-good","runnerUpPartyId":"LIB","margin":5.072463768115942,"top":[{"id":"eric-duncan","name":"Eric Duncan","shortName":"Duncan","partyId":"CPC","votes":69,"share":50},{"id":"sarah-good","name":"Sarah Good","shortName":"Good","partyId":"LIB","votes":62,"share":44.927536231884055},{"id":"mario-leclerc","name":"Mario Leclerc","shortName":"Leclerc","partyId":"NDP","votes":7,"share":5.072463768115942},{"id":"gordon-kubanek","name":"Gordon Kubanek","shortName":"Kubanek","partyId":"GRN","votes":0,"share":0}],"partyVotes":{"LIB":62,"CPC":69,"BQ":0,"NDP":7,"GRN":0,"PPC":0,"OTH":0}}},"geometry":{"type":"Polygon","coordinates":[[[642.16,101.52],[642.15,101.51],[642.17,101.49],[642.17,101.49],[642.2,101.46],[642.21,101.48],[642.21,101.47],[642.22,101.48],[642.21,101.48],[642.23,101.51],[642.25,101.54],[642.27,101.55],[642.28,101.56],[642.28,101.56],[642.29,101.57],[642.3,101.58],[642.3,101.59],[642.31,101.59],[642.32,101.61],[642.32,101.61],[642.32,101.62],[642.32,101.62],[642.32,101.61],[642.27,101.59],[642.23,101.56],[642.19,101.51],[642.18,101.52],[642.18,101.52],[642.17,101.53],[642.16,101.52]],[[642.22,101.51],[642.22,101.5],[642.22,101.51],[642.22,101.51]],[[642.21,101.48],[642.21,101.48],[642.21,101.48],[642.21,101.48]]]}},{"type":"Feature","id":"35102-120","properties":{"ridingCode":"35102","pollNumber":"120","pollType":"N","advancePollNumber":"607","sourceCode":"120-0","geometryPollNumbers":["120"],"code":"35102-120","resultPollNumbers":["120"],"resultStatus":"exact","result":{"electors":440,"voters":124,"totalVotes":124,"rejected":0,"turnout":28.18181818181818,"winnerId":"eric-duncan","winnerPartyId":"CPC","runnerUpId":"sarah-good","runnerUpPartyId":"LIB","margin":24.193548387096776,"top":[{"id":"eric-duncan","name":"Eric Duncan","shortName":"Duncan","partyId":"CPC","votes":73,"share":58.87096774193549},{"id":"sarah-good","name":"Sarah Good","shortName":"Good","partyId":"LIB","votes":43,"share":34.67741935483871},{"id":"mario-leclerc","name":"Mario Leclerc","shortName":"Leclerc","partyId":"NDP","votes":7,"share":5.64516129032258},{"id":"gordon-kubanek","name":"Gordon Kubanek","shortName":"Kubanek","partyId":"GRN","votes":1,"share":0.8064516129032258}],"partyVotes":{"LIB":43,"CPC":73,"BQ":0,"NDP":7,"GRN":1,"PPC":0,"OTH":0}}},"geometry":{"type":"Polygon","coordinates":[[[642.15,101.51],[642.14,101.5],[642.16,101.48],[642.15,101.46],[642.18,101.44],[642.18,101.45],[642.19,101.45],[642.19,101.45],[642.2,101.46],[642.21,101.47],[642.21,101.47],[642.21,101.48],[642.2,101.46],[642.17,101.49],[642.17,101.49],[642.15,101.51]]]}},{"type":"Feature","id":"35102-121","properties":{"ridingCode":"35102","pollNumber":"121","pollType":"N","advancePollNumber":"607","sourceCode":"121-0","geometryPollNumbers":["121"],"code":"35102-121","resultPollNumbers":["121"],"resultStatus":"exact","result":{"electors":512,"voters":140,"totalVotes":140,"rejected":0,"turnout":27.34375,"winnerId":"eric-duncan","winnerPartyId":"CPC","runnerUpId":"sarah-good","runnerUpPartyId":"LIB","margin":17.857142857142858,"top":[{"id":"eric-duncan","name":"Eric Duncan","shortName":"Duncan","partyId":"CPC","votes":78,"share":55.714285714285715},{"id":"sarah-good","name":"Sarah Good","shortName":"Good","partyId":"LIB","votes":53,"share":37.857142857142854},{"id":"mario-leclerc","name":"Mario Leclerc","shortName":"Leclerc","partyId":"NDP","votes":8,"share":5.714285714285714},{"id":"gordon-kubanek","name":"Gordon Kubanek","shortName":"Kubanek","partyId":"GRN","votes":1,"share":0.7142857142857143}],"partyVotes":{"LIB":53,"CPC":78,"BQ":0,"NDP":8,"GRN":1,"PPC":0,"OTH":0}}},"geometry":{"type":"Polygon","coordinates":[[[642.1,101.48],[642.07,101.44],[642.1,101.45],[642.11,101.45],[642.11,101.43],[642.11,101.42],[642.15,101.46],[642.16,101.48],[642.14,101.5],[642.13,101.48],[642.12,101.49],[642.1,101.48]]]}},{"type":"Feature","id":"35102-122","properties":{"ridingCode":"35102","pollNumber":"122","pollType":"N","advancePollNumber":"613","sourceCode":"122-0","geometryPollNumbers":["122"],"code":"35102-122","resultPollNumbers":["122"],"resultStatus":"exact","result":{"electors":606,"voters":169,"totalVotes":165,"rejected":4,"turnout":27.887788778877887,"winnerId":"eric-duncan","winnerPartyId":"CPC","runnerUpId":"sarah-good","runnerUpPartyId":"LIB","margin":26.060606060606062,"top":[{"id":"eric-duncan","name":"Eric Duncan","shortName":"Duncan","partyId":"CPC","votes":100,"share":60.60606060606061},{"id":"sarah-good","name":"Sarah Good","shortName":"Good","partyId":"LIB","votes":57,"share":34.54545454545455},{"id":"mario-leclerc","name":"Mario Leclerc","shortName":"Leclerc","partyId":"NDP","votes":8,"share":4.848484848484849},{"id":"gordon-kubanek","name":"Gordon Kubanek","shortName":"Kubanek","partyId":"GRN","votes":0,"share":0}],"partyVotes":{"LIB":57,"CPC":100,"BQ":0,"NDP":8,"GRN":0,"PPC":0,"OTH":0}}},"geometry":{"type":"Polygon","coordinates":[[[642.07,101.44],[642.05,101.41],[642.06,101.4],[642.07,101.41],[642.08,101.4],[642.09,101.41],[642.11,101.42],[642.11,101.43],[642.11,101.45],[642.1,101.45],[642.07,101.44]]]}},{"type":"Feature","id":"35102-123","properties":{"ridingCode":"35102","pollNumber":"123","pollType":"N","advancePollNumber":"607","sourceCode":"123-0","geometryPollNumbers":["123"],"code":"35102-123","resultPollNumbers":["123"],"resultStatus":"exact","result":{"electors":413,"voters":118,"totalVotes":118,"rejected":0,"turnout":28.57142857142857,"winnerId":"eric-duncan","winnerPartyId":"CPC","runnerUpId":"sarah-good","runnerUpPartyId":"LIB","margin":2.5423728813559325,"top":[{"id":"eric-duncan","name":"Eric Duncan","shortName":"Duncan","partyId":"CPC","votes":57,"share":48.30508474576271},{"id":"sarah-good","name":"Sarah Good","shortName":"Good","partyId":"LIB","votes":54,"share":45.76271186440678},{"id":"mario-leclerc","name":"Mario Leclerc","shortName":"Leclerc","partyId":"NDP","votes":4,"share":3.389830508474576},{"id":"karl-ivan-mackinnon","name":"Karl Ivan MacKinnon","shortName":"MacKinnon","partyId":"OTH","votes":2,"share":1.694915254237288}],"partyVotes":{"LIB":54,"CPC":57,"BQ":0,"NDP":4,"GRN":1,"PPC":0,"OTH":2}}},"geometry":{"type":"Polygon","coordinates":[[[642.13,101.41],[642.1,101.39],[642.11,101.38],[642.11,101.38],[642.11,101.38],[642.12,101.38],[642.13,101.38],[642.14,101.38],[642.15,101.41],[642.16,101.42],[642.18,101.44],[642.19,101.45],[642.18,101.45],[642.18,101.44],[642.15,101.46],[642.11,101.42],[642.13,101.41]],[[642.16,101.43],[642.16,101.43],[642.16,101.43],[642.16,101.43]]]}},{"type":"Feature","id":"35102-124","properties":{"ridingCode":"35102","pollNumber":"124","pollType":"N","advancePollNumber":"613","sourceCode":"124-0","geometryPollNumbers":["124"],"code":"35102-124","resultPollNumbers":["124"],"resultStatus":"exact","result":{"electors":522,"voters":100,"totalVotes":100,"rejected":0,"turnout":19.157088122605366,"winnerId":"eric-duncan","winnerPartyId":"CPC","runnerUpId":"sarah-good","runnerUpPartyId":"LIB","margin":20,"top":[{"id":"eric-duncan","name":"Eric Duncan","shortName":"Duncan","partyId":"CPC","votes":56,"share":56.00000000000001},{"id":"sarah-good","name":"Sarah Good","shortName":"Good","partyId":"LIB","votes":36,"share":36},{"id":"gordon-kubanek","name":"Gordon Kubanek","shortName":"Kubanek","partyId":"GRN","votes":5,"share":5},{"id":"mario-leclerc","name":"Mario Leclerc","shortName":"Leclerc","partyId":"NDP","votes":3,"share":3}],"partyVotes":{"LIB":36,"CPC":56,"BQ":0,"NDP":3,"GRN":5,"PPC":0,"OTH":0}}},"geometry":{"type":"Polygon","coordinates":[[[642.05,101.41],[642.03,101.4],[642.05,101.38],[642.05,101.39],[642.08,101.37],[642.08,101.37],[642.08,101.38],[642.09,101.38],[642.06,101.4],[642.05,101.41]]]}},{"type":"Feature","id":"35102-125","properties":{"ridingCode":"35102","pollNumber":"125","pollType":"N","advancePollNumber":"607","sourceCode":"125-0","geometryPollNumbers":["125"],"code":"35102-125","resultPollNumbers":["125"],"resultStatus":"exact","result":{"electors":537,"voters":137,"totalVotes":137,"rejected":0,"turnout":25.512104283054004,"winnerId":"eric-duncan","winnerPartyId":"CPC","runnerUpId":"sarah-good","runnerUpPartyId":"LIB","margin":16.05839416058394,"top":[{"id":"eric-duncan","name":"Eric Duncan","shortName":"Duncan","partyId":"CPC","votes":73,"share":53.284671532846716},{"id":"sarah-good","name":"Sarah Good","shortName":"Good","partyId":"LIB","votes":51,"share":37.22627737226277},{"id":"mario-leclerc","name":"Mario Leclerc","shortName":"Leclerc","partyId":"NDP","votes":12,"share":8.75912408759124},{"id":"gordon-kubanek","name":"Gordon Kubanek","shortName":"Kubanek","partyId":"GRN","votes":1,"share":0.7299270072992701}],"partyVotes":{"LIB":51,"CPC":73,"BQ":0,"NDP":12,"GRN":1,"PPC":0,"OTH":0}}},"geometry":{"type":"Polygon","coordinates":[[[642.07,101.41],[642.06,101.4],[642.09,101.38],[642.08,101.38],[642.08,101.37],[642.08,101.37],[642.07,101.36],[642.07,101.36],[642.08,101.35],[642.08,101.36],[642.09,101.36],[642.11,101.36],[642.12,101.36],[642.13,101.37],[642.14,101.38],[642.13,101.38],[642.12,101.38],[642.11,101.38],[642.11,101.38],[642.11,101.38],[642.1,101.39],[642.13,101.41],[642.11,101.42],[642.09,101.41],[642.08,101.4],[642.07,101.41]]]}},{"type":"Feature","id":"35102-126","properties":{"ridingCode":"35102","pollNumber":"126","pollType":"N","advancePollNumber":"608","sourceCode":"126-0","geometryPollNumbers":["126"],"code":"35102-126","resultPollNumbers":["126"],"resultStatus":"exact","result":{"electors":383,"voters":139,"totalVotes":139,"rejected":0,"turnout":36.29242819843342,"winnerId":"sarah-good","winnerPartyId":"LIB","runnerUpId":"eric-duncan","runnerUpPartyId":"CPC","margin":7.913669064748201,"top":[{"id":"sarah-good","name":"Sarah Good","shortName":"Good","partyId":"LIB","votes":72,"share":51.798561151079134},{"id":"eric-duncan","name":"Eric Duncan","shortName":"Duncan","partyId":"CPC","votes":61,"share":43.884892086330936},{"id":"mario-leclerc","name":"Mario Leclerc","shortName":"Leclerc","partyId":"NDP","votes":5,"share":3.597122302158273},{"id":"gordon-kubanek","name":"Gordon Kubanek","shortName":"Kubanek","partyId":"GRN","votes":1,"share":0.7194244604316548}],"partyVotes":{"LIB":72,"CPC":61,"BQ":0,"NDP":5,"GRN":1,"PPC":0,"OTH":0}}},"geometry":{"type":"Polygon","coordinates":[[[641.91,101.49],[641.9,101.48],[641.91,101.47],[641.92,101.47],[641.93,101.48],[641.95,101.46],[641.97,101.44],[641.99,101.43],[641.99,101.43],[641.99,101.43],[642,101.44],[642,101.45],[641.96,101.48],[641.98,101.5],[641.96,101.52],[641.94,101.54],[641.91,101.51],[641.9,101.49],[641.91,101.49]]]}},{"type":"Feature","id":"35102-127","properties":{"ridingCode":"35102","pollNumber":"127","pollType":"N","advancePollNumber":"608","sourceCode":"127-0","geometryPollNumbers":["127"],"code":"35102-127","resultPollNumbers":["127"],"resultStatus":"exact","result":{"electors":515,"voters":146,"totalVotes":145,"rejected":1,"turnout":28.349514563106798,"winnerId":"sarah-good","winnerPartyId":"LIB","runnerUpId":"eric-duncan","runnerUpPartyId":"CPC","margin":13.10344827586207,"top":[{"id":"sarah-good","name":"Sarah Good","shortName":"Good","partyId":"LIB","votes":80,"share":55.172413793103445},{"id":"eric-duncan","name":"Eric Duncan","shortName":"Duncan","partyId":"CPC","votes":61,"share":42.06896551724138},{"id":"gordon-kubanek","name":"Gordon Kubanek","shortName":"Kubanek","partyId":"GRN","votes":3,"share":2.0689655172413794},{"id":"mario-leclerc","name":"Mario Leclerc","shortName":"Leclerc","partyId":"NDP","votes":1,"share":0.6896551724137931}],"partyVotes":{"LIB":80,"CPC":61,"BQ":0,"NDP":1,"GRN":3,"PPC":0,"OTH":0}}},"geometry":{"type":"Polygon","coordinates":[[[641.96,101.48],[642,101.45],[642.02,101.43],[642.02,101.43],[642.03,101.42],[642.04,101.42],[642.02,101.44],[642.04,101.46],[642.01,101.48],[641.99,101.48],[641.99,101.49],[641.98,101.5],[641.96,101.48]]]}},{"type":"Feature","id":"35102-128","properties":{"ridingCode":"35102","pollNumber":"128","pollType":"N","advancePollNumber":"612","sourceCode":"128-0","geometryPollNumbers":["128"],"code":"35102-128","resultPollNumbers":["128"],"resultStatus":"exact","result":{"electors":504,"voters":182,"totalVotes":181,"rejected":1,"turnout":36.11111111111111,"winnerId":"eric-duncan","winnerPartyId":"CPC","runnerUpId":"sarah-good","runnerUpPartyId":"LIB","margin":19.337016574585636,"top":[{"id":"eric-duncan","name":"Eric Duncan","shortName":"Duncan","partyId":"CPC","votes":102,"share":56.353591160220994},{"id":"sarah-good","name":"Sarah Good","shortName":"Good","partyId":"LIB","votes":67,"share":37.01657458563536},{"id":"mario-leclerc","name":"Mario Leclerc","shortName":"Leclerc","partyId":"NDP","votes":12,"share":6.629834254143646},{"id":"gordon-kubanek","name":"Gordon Kubanek","shortName":"Kubanek","partyId":"GRN","votes":0,"share":0}],"partyVotes":{"LIB":67,"CPC":102,"BQ":0,"NDP":12,"GRN":0,"PPC":0,"OTH":0}}},"geometry":{"type":"Polygon","coordinates":[[[641.92,101.45],[641.9,101.43],[641.9,101.43],[641.91,101.42],[641.92,101.43],[641.93,101.42],[641.94,101.43],[641.95,101.42],[641.96,101.42],[641.97,101.44],[641.95,101.46],[641.93,101.44],[641.92,101.45]]]}},{"type":"Feature","id":"35102-129","properties":{"ridingCode":"35102","pollNumber":"129","pollType":"N","advancePollNumber":"608","sourceCode":"129-0","geometryPollNumbers":["129"],"code":"35102-129","resultPollNumbers":["129"],"resultStatus":"exact","result":{"electors":521,"voters":125,"totalVotes":125,"rejected":0,"turnout":23.99232245681382,"winnerId":"eric-duncan","winnerPartyId":"CPC","runnerUpId":"sarah-good","runnerUpPartyId":"LIB","margin":11.200000000000001,"top":[{"id":"eric-duncan","name":"Eric Duncan","shortName":"Duncan","partyId":"CPC","votes":64,"share":51.2},{"id":"sarah-good","name":"Sarah Good","shortName":"Good","partyId":"LIB","votes":50,"share":40},{"id":"mario-leclerc","name":"Mario Leclerc","shortName":"Leclerc","partyId":"NDP","votes":9,"share":7.199999999999999},{"id":"gordon-kubanek","name":"Gordon Kubanek","shortName":"Kubanek","partyId":"GRN","votes":2,"share":1.6}],"partyVotes":{"LIB":50,"CPC":64,"BQ":0,"NDP":9,"GRN":2,"PPC":0,"OTH":0}}},"geometry":{"type":"Polygon","coordinates":[[[642.04,101.46],[642.02,101.44],[642.04,101.42],[642.05,101.41],[642.07,101.44],[642.06,101.46],[642.05,101.46],[642.04,101.46],[642.04,101.46]]]}},{"type":"Feature","id":"35102-130","properties":{"ridingCode":"35102","pollNumber":"130","pollType":"N","advancePollNumber":"608","sourceCode":"130-0","geometryPollNumbers":["130"],"code":"35102-130","resultPollNumbers":["130"],"resultStatus":"exact","result":{"electors":478,"voters":132,"totalVotes":132,"rejected":0,"turnout":27.615062761506277,"winnerId":"eric-duncan","winnerPartyId":"CPC","runnerUpId":"sarah-good","runnerUpPartyId":"LIB","margin":38.63636363636363,"top":[{"id":"eric-duncan","name":"Eric Duncan","shortName":"Duncan","partyId":"CPC","votes":87,"share":65.9090909090909},{"id":"sarah-good","name":"Sarah Good","shortName":"Good","partyId":"LIB","votes":36,"share":27.27272727272727},{"id":"mario-leclerc","name":"Mario Leclerc","shortName":"Leclerc","partyId":"NDP","votes":8,"share":6.0606060606060606},{"id":"gordon-kubanek","name":"Gordon Kubanek","shortName":"Kubanek","partyId":"GRN","votes":1,"share":0.7575757575757576}],"partyVotes":{"LIB":36,"CPC":87,"BQ":0,"NDP":8,"GRN":1,"PPC":0,"OTH":0}}},"geometry":{"type":"Polygon","coordinates":[[[641.99,101.43],[641.98,101.42],[642,101.4],[642.02,101.38],[642.03,101.4],[642.05,101.41],[642.04,101.42],[642.03,101.42],[642.02,101.43],[642.02,101.43],[642,101.45],[642,101.44],[641.99,101.43],[641.99,101.43],[641.99,101.43],[641.99,101.43]]]}},{"type":"Feature","id":"35102-131","properties":{"ridingCode":"35102","pollNumber":"131","pollType":"N","advancePollNumber":"612","sourceCode":"131-0","geometryPollNumbers":["131"],"code":"35102-131","resultPollNumbers":["131"],"resultStatus":"exact","result":{"electors":519,"voters":164,"totalVotes":162,"rejected":2,"turnout":31.59922928709056,"winnerId":"eric-duncan","winnerPartyId":"CPC","runnerUpId":"sarah-good","runnerUpPartyId":"LIB","margin":18.51851851851852,"top":[{"id":"eric-duncan","name":"Eric Duncan","shortName":"Duncan","partyId":"CPC","votes":92,"share":56.79012345679012},{"id":"sarah-good","name":"Sarah Good","shortName":"Good","partyId":"LIB","votes":62,"share":38.2716049382716},{"id":"mario-leclerc","name":"Mario Leclerc","shortName":"Leclerc","partyId":"NDP","votes":7,"share":4.320987654320987},{"id":"karl-ivan-mackinnon","name":"Karl Ivan MacKinnon","shortName":"MacKinnon","partyId":"OTH","votes":1,"share":0.6172839506172839}],"partyVotes":{"LIB":62,"CPC":92,"BQ":0,"NDP":7,"GRN":0,"PPC":0,"OTH":1}}},"geometry":{"type":"Polygon","coordinates":[[[641.94,101.4],[641.95,101.39],[641.96,101.38],[641.98,101.39],[641.98,101.39],[642,101.4],[641.98,101.42],[641.99,101.43],[641.97,101.44],[641.96,101.42],[641.95,101.42],[641.94,101.43],[641.93,101.42],[641.94,101.4]]]}},{"type":"Feature","id":"35102-132","properties":{"ridingCode":"35102","pollNumber":"132","pollType":"N","advancePollNumber":"611","sourceCode":"132-0","geometryPollNumbers":["132"],"code":"35102-132","resultPollNumbers":["132"],"resultStatus":"exact","result":{"electors":436,"voters":157,"totalVotes":157,"rejected":0,"turnout":36.00917431192661,"winnerId":"eric-duncan","winnerPartyId":"CPC","runnerUpId":"sarah-good","runnerUpPartyId":"LIB","margin":18.471337579617835,"top":[{"id":"eric-duncan","name":"Eric Duncan","shortName":"Duncan","partyId":"CPC","votes":87,"share":55.4140127388535},{"id":"sarah-good","name":"Sarah Good","shortName":"Good","partyId":"LIB","votes":58,"share":36.94267515923567},{"id":"mario-leclerc","name":"Mario Leclerc","shortName":"Leclerc","partyId":"NDP","votes":11,"share":7.006369426751593},{"id":"karl-ivan-mackinnon","name":"Karl Ivan MacKinnon","shortName":"MacKinnon","partyId":"OTH","votes":1,"share":0.6369426751592357}],"partyVotes":{"LIB":58,"CPC":87,"BQ":0,"NDP":11,"GRN":0,"PPC":0,"OTH":1}}},"geometry":{"type":"Polygon","coordinates":[[[641.68,101.47],[641.68,101.46],[641.69,101.46],[641.7,101.47],[641.72,101.49],[641.73,101.5],[641.71,101.52],[641.67,101.5],[641.65,101.5],[641.68,101.47]]]}},{"type":"Feature","id":"35102-133","properties":{"ridingCode":"35102","pollNumber":"133","pollType":"N","advancePollNumber":"610","sourceCode":"133-0","geometryPollNumbers":["133"],"code":"35102-133","resultPollNumbers":["133"],"resultStatus":"exact","result":{"electors":433,"voters":161,"totalVotes":161,"rejected":0,"turnout":37.1824480369515,"winnerId":"eric-duncan","winnerPartyId":"CPC","runnerUpId":"sarah-good","runnerUpPartyId":"LIB","margin":17.391304347826086,"top":[{"id":"eric-duncan","name":"Eric Duncan","shortName":"Duncan","partyId":"CPC","votes":89,"share":55.27950310559007},{"id":"sarah-good","name":"Sarah Good","shortName":"Good","partyId":"LIB","votes":61,"share":37.88819875776397},{"id":"mario-leclerc","name":"Mario Leclerc","shortName":"Leclerc","partyId":"NDP","votes":7,"share":4.3478260869565215},{"id":"gordon-kubanek","name":"Gordon Kubanek","shortName":"Kubanek","partyId":"GRN","votes":3,"share":1.8633540372670807}],"partyVotes":{"LIB":61,"CPC":89,"BQ":0,"NDP":7,"GRN":3,"PPC":0,"OTH":1}}},"geometry":{"type":"Polygon","coordinates":[[[641.63,101.47],[641.64,101.47],[641.66,101.45],[641.67,101.45],[641.68,101.46],[641.68,101.47],[641.65,101.5],[641.67,101.5],[641.65,101.51],[641.63,101.47]]]}},{"type":"Feature","id":"35102-134","properties":{"ridingCode":"35102","pollNumber":"134","pollType":"N","advancePollNumber":"610","sourceCode":"134-0","geometryPollNumbers":["134"],"code":"35102-134","resultPollNumbers":["134"],"resultStatus":"exact","result":{"electors":479,"voters":186,"totalVotes":184,"rejected":2,"turnout":38.83089770354906,"winnerId":"eric-duncan","winnerPartyId":"CPC","runnerUpId":"sarah-good","runnerUpPartyId":"LIB","margin":0.5434782608695652,"top":[{"id":"eric-duncan","name":"Eric Duncan","shortName":"Duncan","partyId":"CPC","votes":87,"share":47.28260869565217},{"id":"sarah-good","name":"Sarah Good","shortName":"Good","partyId":"LIB","votes":86,"share":46.73913043478261},{"id":"mario-leclerc","name":"Mario Leclerc","shortName":"Leclerc","partyId":"NDP","votes":9,"share":4.891304347826087},{"id":"gordon-kubanek","name":"Gordon Kubanek","shortName":"Kubanek","partyId":"GRN","votes":1,"share":0.5434782608695652}],"partyVotes":{"LIB":86,"CPC":87,"BQ":0,"NDP":9,"GRN":1,"PPC":0,"OTH":1}}},"geometry":{"type":"Polygon","coordinates":[[[641.63,101.43],[641.67,101.4],[641.69,101.41],[641.68,101.42],[641.69,101.43],[641.68,101.44],[641.69,101.45],[641.68,101.46],[641.67,101.45],[641.66,101.45],[641.64,101.47],[641.63,101.47],[641.61,101.45],[641.63,101.43]]]}},{"type":"Feature","id":"35102-135","properties":{"ridingCode":"35102","pollNumber":"135","pollType":"N","advancePollNumber":"610","sourceCode":"135-0","geometryPollNumbers":["135"],"code":"35102-135","resultPollNumbers":["135"],"resultStatus":"exact","result":{"electors":418,"voters":127,"totalVotes":127,"rejected":0,"turnout":30.38277511961722,"winnerId":"eric-duncan","winnerPartyId":"CPC","runnerUpId":"sarah-good","runnerUpPartyId":"LIB","margin":10.236220472440944,"top":[{"id":"eric-duncan","name":"Eric Duncan","shortName":"Duncan","partyId":"CPC","votes":69,"share":54.330708661417326},{"id":"sarah-good","name":"Sarah Good","shortName":"Good","partyId":"LIB","votes":56,"share":44.09448818897638},{"id":"mario-leclerc","name":"Mario Leclerc","shortName":"Leclerc","partyId":"NDP","votes":1,"share":0.7874015748031495},{"id":"karl-ivan-mackinnon","name":"Karl Ivan MacKinnon","shortName":"MacKinnon","partyId":"OTH","votes":1,"share":0.7874015748031495}],"partyVotes":{"LIB":56,"CPC":69,"BQ":0,"NDP":1,"GRN":0,"PPC":0,"OTH":1}}},"geometry":{"type":"Polygon","coordinates":[[[641.6,101.42],[641.58,101.39],[641.61,101.37],[641.62,101.38],[641.62,101.39],[641.63,101.39],[641.64,101.4],[641.61,101.43],[641.61,101.43],[641.63,101.42],[641.63,101.43],[641.61,101.45],[641.59,101.42],[641.6,101.42]]]}},{"type":"Feature","id":"35102-136","properties":{"ridingCode":"35102","pollNumber":"136","pollType":"N","advancePollNumber":"610","sourceCode":"136-0","geometryPollNumbers":["136"],"code":"35102-136","resultPollNumbers":["136"],"resultStatus":"exact","result":{"electors":394,"voters":139,"totalVotes":139,"rejected":0,"turnout":35.27918781725889,"winnerId":"eric-duncan","winnerPartyId":"CPC","runnerUpId":"sarah-good","runnerUpPartyId":"LIB","margin":15.827338129496402,"top":[{"id":"eric-duncan","name":"Eric Duncan","shortName":"Duncan","partyId":"CPC","votes":76,"share":54.67625899280576},{"id":"sarah-good","name":"Sarah Good","shortName":"Good","partyId":"LIB","votes":54,"share":38.84892086330935},{"id":"mario-leclerc","name":"Mario Leclerc","shortName":"Leclerc","partyId":"NDP","votes":6,"share":4.316546762589928},{"id":"gordon-kubanek","name":"Gordon Kubanek","shortName":"Kubanek","partyId":"GRN","votes":2,"share":1.4388489208633095}],"partyVotes":{"LIB":54,"CPC":76,"BQ":0,"NDP":6,"GRN":2,"PPC":0,"OTH":1}}},"geometry":{"type":"Polygon","coordinates":[[[641.67,101.4],[641.7,101.38],[641.7,101.37],[641.71,101.39],[641.7,101.4],[641.71,101.41],[641.71,101.42],[641.72,101.43],[641.69,101.45],[641.68,101.44],[641.69,101.43],[641.68,101.42],[641.69,101.41],[641.67,101.4]]]}},{"type":"Feature","id":"35102-137","properties":{"ridingCode":"35102","pollNumber":"137","pollType":"N","advancePollNumber":"610","sourceCode":"137-0","geometryPollNumbers":["137","516"],"code":"35102-137","resultPollNumbers":["137"],"resultStatus":"resolved-combination","result":{"electors":477,"voters":169,"totalVotes":167,"rejected":2,"turnout":35.42976939203354,"winnerId":"eric-duncan","winnerPartyId":"CPC","runnerUpId":"sarah-good","runnerUpPartyId":"LIB","margin":4.790419161676647,"top":[{"id":"eric-duncan","name":"Eric Duncan","shortName":"Duncan","partyId":"CPC","votes":83,"share":49.700598802395206},{"id":"sarah-good","name":"Sarah Good","shortName":"Good","partyId":"LIB","votes":75,"share":44.91017964071856},{"id":"gordon-kubanek","name":"Gordon Kubanek","shortName":"Kubanek","partyId":"GRN","votes":6,"share":3.592814371257485},{"id":"mario-leclerc","name":"Mario Leclerc","shortName":"Leclerc","partyId":"NDP","votes":3,"share":1.7964071856287425}],"partyVotes":{"LIB":75,"CPC":83,"BQ":0,"NDP":3,"GRN":6,"PPC":0,"OTH":0}}},"geometry":{"type":"MultiPolygon","coordinates":[[[[641.61,101.43],[641.64,101.4],[641.65,101.41],[641.65,101.4],[641.64,101.38],[641.63,101.38],[641.63,101.37],[641.64,101.37],[641.65,101.37],[641.65,101.37],[641.66,101.37],[641.69,101.37],[641.7,101.38],[641.67,101.4],[641.63,101.43],[641.63,101.42],[641.61,101.43],[641.61,101.43]]],[[[641.65,101.37],[641.65,101.37],[641.64,101.37],[641.65,101.37]]]]}},{"type":"Feature","id":"35102-138","properties":{"ridingCode":"35102","pollNumber":"138","pollType":"N","advancePollNumber":"610","sourceCode":"138-0","geometryPollNumbers":["138"],"code":"35102-138","resultPollNumbers":["138"],"resultStatus":"exact","result":{"electors":443,"voters":128,"totalVotes":128,"rejected":0,"turnout":28.893905191873586,"winnerId":"eric-duncan","winnerPartyId":"CPC","runnerUpId":"sarah-good","runnerUpPartyId":"LIB","margin":21.875,"top":[{"id":"eric-duncan","name":"Eric Duncan","shortName":"Duncan","partyId":"CPC","votes":75,"share":58.59375},{"id":"sarah-good","name":"Sarah Good","shortName":"Good","partyId":"LIB","votes":47,"share":36.71875},{"id":"mario-leclerc","name":"Mario Leclerc","shortName":"Leclerc","partyId":"NDP","votes":5,"share":3.90625},{"id":"gordon-kubanek","name":"Gordon Kubanek","shortName":"Kubanek","partyId":"GRN","votes":1,"share":0.78125}],"partyVotes":{"LIB":47,"CPC":75,"BQ":0,"NDP":5,"GRN":1,"PPC":0,"OTH":0}}},"geometry":{"type":"Polygon","coordinates":[[[641.48,101.27],[641.53,101.33],[641.53,101.34],[641.58,101.35],[641.59,101.35],[641.59,101.35],[641.63,101.37],[641.63,101.38],[641.64,101.38],[641.65,101.4],[641.65,101.41],[641.64,101.4],[641.63,101.39],[641.62,101.39],[641.62,101.38],[641.61,101.37],[641.58,101.39],[641.6,101.42],[641.59,101.42],[641.53,101.34],[641.44,101.31],[641.48,101.27]]]}},{"type":"Feature","id":"35102-139","properties":{"ridingCode":"35102","pollNumber":"139","pollType":"N","advancePollNumber":"614","sourceCode":"139-0","geometryPollNumbers":["139"],"code":"35102-139","resultPollNumbers":["139"],"resultStatus":"exact","result":{"electors":462,"voters":152,"totalVotes":152,"rejected":0,"turnout":32.900432900432904,"winnerId":"eric-duncan","winnerPartyId":"CPC","runnerUpId":"sarah-good","runnerUpPartyId":"LIB","margin":34.21052631578947,"top":[{"id":"eric-duncan","name":"Eric Duncan","shortName":"Duncan","partyId":"CPC","votes":99,"share":65.13157894736842},{"id":"sarah-good","name":"Sarah Good","shortName":"Good","partyId":"LIB","votes":47,"share":30.92105263157895},{"id":"mario-leclerc","name":"Mario Leclerc","shortName":"Leclerc","partyId":"NDP","votes":5,"share":3.289473684210526},{"id":"karl-ivan-mackinnon","name":"Karl Ivan MacKinnon","shortName":"MacKinnon","partyId":"OTH","votes":1,"share":0.6578947368421052}],"partyVotes":{"LIB":47,"CPC":99,"BQ":0,"NDP":5,"GRN":0,"PPC":0,"OTH":1}}},"geometry":{"type":"Polygon","coordinates":[[[641.63,101.37],[641.59,101.35],[641.58,101.35],[641.53,101.34],[641.53,101.33],[641.48,101.27],[641.67,101.32],[641.75,101.34],[641.74,101.34],[641.75,101.34],[641.76,101.35],[641.78,101.37],[641.76,101.38],[641.75,101.38],[641.75,101.37],[641.73,101.39],[641.73,101.38],[641.72,101.39],[641.71,101.39],[641.7,101.37],[641.7,101.38],[641.69,101.37],[641.66,101.37],[641.65,101.37],[641.64,101.37],[641.63,101.37]]]}},{"type":"Feature","id":"35102-140","properties":{"ridingCode":"35102","pollNumber":"140","pollType":"N","advancePollNumber":"617","sourceCode":"140-0","geometryPollNumbers":["140"],"code":"35102-140","resultPollNumbers":["140"],"resultStatus":"exact","result":{"electors":426,"voters":265,"totalVotes":265,"rejected":0,"turnout":62.20657276995305,"winnerId":"eric-duncan","winnerPartyId":"CPC","runnerUpId":"sarah-good","runnerUpPartyId":"LIB","margin":56.60377358490566,"top":[{"id":"eric-duncan","name":"Eric Duncan","shortName":"Duncan","partyId":"CPC","votes":202,"share":76.22641509433963},{"id":"sarah-good","name":"Sarah Good","shortName":"Good","partyId":"LIB","votes":52,"share":19.622641509433965},{"id":"mario-leclerc","name":"Mario Leclerc","shortName":"Leclerc","partyId":"NDP","votes":7,"share":2.6415094339622645},{"id":"gordon-kubanek","name":"Gordon Kubanek","shortName":"Kubanek","partyId":"GRN","votes":2,"share":0.7547169811320755}],"partyVotes":{"LIB":52,"CPC":202,"BQ":0,"NDP":7,"GRN":2,"PPC":0,"OTH":2}}},"geometry":{"type":"Polygon","coordinates":[[[639.16,101.53],[639.31,101.39],[639.33,101.38],[639.32,101.36],[639.33,101.36],[639.47,101.24],[639.48,101.23],[639.48,101.21],[639.49,101.22],[639.59,101.33],[639.72,101.48],[639.73,101.47],[639.74,101.47],[639.87,101.36],[639.88,101.36],[639.89,101.35],[639.89,101.38],[640,101.51],[640,101.51],[639.98,101.53],[639.98,101.53],[640.01,101.57],[639.88,101.68],[639.87,101.69],[639.86,101.69],[639.73,101.8],[639.7,101.82],[639.54,101.96],[639.41,101.81],[639.4,101.79],[639.39,101.79],[639.35,101.74],[639.16,101.53]]]}},{"type":"Feature","id":"35102-141","properties":{"ridingCode":"35102","pollNumber":"141","pollType":"N","advancePollNumber":"619","sourceCode":"141-0","geometryPollNumbers":["141"],"code":"35102-141","resultPollNumbers":["141"],"resultStatus":"exact","result":{"electors":336,"voters":162,"totalVotes":162,"rejected":0,"turnout":48.214285714285715,"winnerId":"eric-duncan","winnerPartyId":"CPC","runnerUpId":"sarah-good","runnerUpPartyId":"LIB","margin":60.49382716049383,"top":[{"id":"eric-duncan","name":"Eric Duncan","shortName":"Duncan","partyId":"CPC","votes":128,"share":79.01234567901234},{"id":"sarah-good","name":"Sarah Good","shortName":"Good","partyId":"LIB","votes":30,"share":18.51851851851852},{"id":"gordon-kubanek","name":"Gordon Kubanek","shortName":"Kubanek","partyId":"GRN","votes":2,"share":1.2345679012345678},{"id":"mario-leclerc","name":"Mario Leclerc","shortName":"Leclerc","partyId":"NDP","votes":2,"share":1.2345679012345678}],"partyVotes":{"LIB":30,"CPC":128,"BQ":0,"NDP":2,"GRN":2,"PPC":0,"OTH":0}}},"geometry":{"type":"Polygon","coordinates":[[[638.63,100.96],[638.81,100.79],[639.13,100.47],[639.14,100.47],[639.12,100.48],[639.18,100.53],[639.19,100.53],[639.57,100.98],[639.58,100.99],[639.59,100.99],[639.59,101.02],[639.58,101.03],[639.58,101.04],[639.56,101.06],[639.55,101.07],[639.55,101.08],[639.55,101.1],[639.55,101.12],[639.49,101.16],[639.49,101.17],[639.48,101.18],[639.48,101.21],[639.48,101.23],[639.47,101.24],[639.33,101.36],[639.32,101.36],[639.33,101.38],[639.31,101.39],[639.16,101.53],[638.93,101.28],[638.73,101.07],[638.63,100.96]]]}},{"type":"Feature","id":"35102-142","properties":{"ridingCode":"35102","pollNumber":"142","pollType":"N","advancePollNumber":"613","sourceCode":"142-0","geometryPollNumbers":["142"],"code":"35102-142","resultPollNumbers":["142"],"resultStatus":"exact","result":{"electors":429,"voters":127,"totalVotes":126,"rejected":1,"turnout":29.603729603729604,"winnerId":"eric-duncan","winnerPartyId":"CPC","runnerUpId":"sarah-good","runnerUpPartyId":"LIB","margin":18.253968253968253,"top":[{"id":"eric-duncan","name":"Eric Duncan","shortName":"Duncan","partyId":"CPC","votes":72,"share":57.14285714285714},{"id":"sarah-good","name":"Sarah Good","shortName":"Good","partyId":"LIB","votes":49,"share":38.88888888888889},{"id":"mario-leclerc","name":"Mario Leclerc","shortName":"Leclerc","partyId":"NDP","votes":4,"share":3.1746031746031744},{"id":"gordon-kubanek","name":"Gordon Kubanek","shortName":"Kubanek","partyId":"GRN","votes":1,"share":0.7936507936507936}],"partyVotes":{"LIB":49,"CPC":72,"BQ":0,"NDP":4,"GRN":1,"PPC":0,"OTH":0}}},"geometry":{"type":"Polygon","coordinates":[[[641.97,101.37],[641.99,101.35],[642,101.36],[642,101.36],[642.02,101.38],[642,101.4],[641.98,101.39],[641.98,101.39],[641.96,101.38],[641.97,101.37]],[[641.98,101.37],[641.98,101.37],[641.98,101.37],[641.98,101.37]],[[641.99,101.37],[642,101.37],[642,101.37],[641.99,101.37]],[[641.99,101.37],[641.99,101.37],[641.99,101.37],[641.99,101.37]]]}},{"type":"Feature","id":"35102-143","properties":{"ridingCode":"35102","pollNumber":"143","pollType":"N","advancePollNumber":"613","sourceCode":"143-0","geometryPollNumbers":["143"],"code":"35102-143","resultPollNumbers":["143"],"resultStatus":"exact","result":{"electors":476,"voters":117,"totalVotes":117,"rejected":0,"turnout":24.579831932773107,"winnerId":"eric-duncan","winnerPartyId":"CPC","runnerUpId":"sarah-good","runnerUpPartyId":"LIB","margin":28.205128205128204,"top":[{"id":"eric-duncan","name":"Eric Duncan","shortName":"Duncan","partyId":"CPC","votes":67,"share":57.26495726495726},{"id":"sarah-good","name":"Sarah Good","shortName":"Good","partyId":"LIB","votes":34,"share":29.059829059829063},{"id":"mario-leclerc","name":"Mario Leclerc","shortName":"Leclerc","partyId":"NDP","votes":13,"share":11.11111111111111},{"id":"gordon-kubanek","name":"Gordon Kubanek","shortName":"Kubanek","partyId":"GRN","votes":3,"share":2.564102564102564}],"partyVotes":{"LIB":34,"CPC":67,"BQ":0,"NDP":13,"GRN":3,"PPC":0,"OTH":0}}},"geometry":{"type":"Polygon","coordinates":[[[641.99,101.35],[642.01,101.33],[642.02,101.33],[642,101.34],[642.02,101.36],[642.04,101.36],[642.06,101.37],[642.05,101.38],[642.05,101.38],[642.03,101.4],[642.02,101.38],[642,101.36],[642,101.36],[641.99,101.35]]]}},{"type":"Feature","id":"35102-144","properties":{"ridingCode":"35102","pollNumber":"144","pollType":"N","advancePollNumber":"613","sourceCode":"144-0","geometryPollNumbers":["144"],"code":"35102-144","resultPollNumbers":["144"],"resultStatus":"exact","result":{"electors":439,"voters":87,"totalVotes":87,"rejected":0,"turnout":19.81776765375854,"winnerId":"sarah-good","winnerPartyId":"LIB","runnerUpId":"eric-duncan","runnerUpPartyId":"CPC","margin":3.4482758620689653,"top":[{"id":"sarah-good","name":"Sarah Good","shortName":"Good","partyId":"LIB","votes":44,"share":50.57471264367817},{"id":"eric-duncan","name":"Eric Duncan","shortName":"Duncan","partyId":"CPC","votes":41,"share":47.12643678160919},{"id":"mario-leclerc","name":"Mario Leclerc","shortName":"Leclerc","partyId":"NDP","votes":2,"share":2.2988505747126435},{"id":"gordon-kubanek","name":"Gordon Kubanek","shortName":"Kubanek","partyId":"GRN","votes":0,"share":0}],"partyVotes":{"LIB":44,"CPC":41,"BQ":0,"NDP":2,"GRN":0,"PPC":0,"OTH":0}}},"geometry":{"type":"Polygon","coordinates":[[[642.04,101.36],[642.05,101.34],[642.06,101.35],[642.06,101.35],[642.07,101.36],[642.07,101.36],[642.08,101.37],[642.05,101.39],[642.05,101.38],[642.05,101.38],[642.06,101.37],[642.04,101.36],[642.04,101.36],[642.04,101.36]]]}},{"type":"Feature","id":"35102-145","properties":{"ridingCode":"35102","pollNumber":"145","pollType":"N","advancePollNumber":"613","sourceCode":"145-0","geometryPollNumbers":["145"],"code":"35102-145","resultPollNumbers":["145"],"resultStatus":"exact","result":{"electors":477,"voters":98,"totalVotes":97,"rejected":1,"turnout":20.545073375262053,"winnerId":"eric-duncan","winnerPartyId":"CPC","runnerUpId":"sarah-good","runnerUpPartyId":"LIB","margin":30.927835051546392,"top":[{"id":"eric-duncan","name":"Eric Duncan","shortName":"Duncan","partyId":"CPC","votes":62,"share":63.91752577319587},{"id":"sarah-good","name":"Sarah Good","shortName":"Good","partyId":"LIB","votes":32,"share":32.98969072164948},{"id":"mario-leclerc","name":"Mario Leclerc","shortName":"Leclerc","partyId":"NDP","votes":2,"share":2.0618556701030926},{"id":"gordon-kubanek","name":"Gordon Kubanek","shortName":"Kubanek","partyId":"GRN","votes":1,"share":1.0309278350515463}],"partyVotes":{"LIB":32,"CPC":62,"BQ":0,"NDP":2,"GRN":1,"PPC":0,"OTH":0}}},"geometry":{"type":"Polygon","coordinates":[[[642.02,101.36],[642,101.34],[642.02,101.33],[642.02,101.33],[642.03,101.33],[642.05,101.33],[642.05,101.33],[642.06,101.33],[642.07,101.34],[642.07,101.34],[642.08,101.35],[642.07,101.36],[642.06,101.35],[642.06,101.35],[642.05,101.34],[642.04,101.36],[642.04,101.36],[642.04,101.36],[642.04,101.36],[642.02,101.36]]]}},{"type":"Feature","id":"35102-146","properties":{"ridingCode":"35102","pollNumber":"146","pollType":"N","advancePollNumber":"612","sourceCode":"146-0","geometryPollNumbers":["146"],"code":"35102-146","resultPollNumbers":["146"],"resultStatus":"exact","result":{"electors":334,"voters":109,"totalVotes":109,"rejected":0,"turnout":32.634730538922156,"winnerId":"eric-duncan","winnerPartyId":"CPC","runnerUpId":"sarah-good","runnerUpPartyId":"LIB","margin":19.26605504587156,"top":[{"id":"eric-duncan","name":"Eric Duncan","shortName":"Duncan","partyId":"CPC","votes":63,"share":57.798165137614674},{"id":"sarah-good","name":"Sarah Good","shortName":"Good","partyId":"LIB","votes":42,"share":38.53211009174312},{"id":"mario-leclerc","name":"Mario Leclerc","shortName":"Leclerc","partyId":"NDP","votes":4,"share":3.669724770642202},{"id":"gordon-kubanek","name":"Gordon Kubanek","shortName":"Kubanek","partyId":"GRN","votes":0,"share":0}],"partyVotes":{"LIB":42,"CPC":63,"BQ":0,"NDP":4,"GRN":0,"PPC":0,"OTH":0}}},"geometry":{"type":"Polygon","coordinates":[[[641.88,101.4],[641.89,101.38],[641.9,101.39],[641.92,101.41],[641.92,101.4],[641.93,101.39],[641.94,101.4],[641.93,101.42],[641.92,101.43],[641.91,101.42],[641.9,101.43],[641.9,101.43],[641.88,101.42],[641.89,101.41],[641.88,101.4]]]}},{"type":"Feature","id":"35102-147","properties":{"ridingCode":"35102","pollNumber":"147","pollType":"N","advancePollNumber":"612","sourceCode":"147-0","geometryPollNumbers":["147"],"code":"35102-147","resultPollNumbers":["147"],"resultStatus":"exact","result":{"electors":475,"voters":141,"totalVotes":139,"rejected":2,"turnout":29.68421052631579,"winnerId":"eric-duncan","winnerPartyId":"CPC","runnerUpId":"sarah-good","runnerUpPartyId":"LIB","margin":19.424460431654676,"top":[{"id":"eric-duncan","name":"Eric Duncan","shortName":"Duncan","partyId":"CPC","votes":79,"share":56.83453237410072},{"id":"sarah-good","name":"Sarah Good","shortName":"Good","partyId":"LIB","votes":52,"share":37.410071942446045},{"id":"mario-leclerc","name":"Mario Leclerc","shortName":"Leclerc","partyId":"NDP","votes":7,"share":5.0359712230215825},{"id":"gordon-kubanek","name":"Gordon Kubanek","shortName":"Kubanek","partyId":"GRN","votes":1,"share":0.7194244604316548}],"partyVotes":{"LIB":52,"CPC":79,"BQ":0,"NDP":7,"GRN":1,"PPC":0,"OTH":0}}},"geometry":{"type":"Polygon","coordinates":[[[641.86,101.4],[641.87,101.39],[641.88,101.37],[641.86,101.36],[641.88,101.35],[641.89,101.34],[641.91,101.36],[641.9,101.37],[641.91,101.38],[641.9,101.39],[641.89,101.38],[641.88,101.4],[641.89,101.41],[641.88,101.42],[641.87,101.41],[641.86,101.4]]]}},{"type":"Feature","id":"35102-148","properties":{"ridingCode":"35102","pollNumber":"148","pollType":"N","advancePollNumber":"612","sourceCode":"148-0","geometryPollNumbers":["148"],"code":"35102-148","resultPollNumbers":["148"],"resultStatus":"exact","result":{"electors":465,"voters":138,"totalVotes":137,"rejected":1,"turnout":29.677419354838708,"winnerId":"eric-duncan","winnerPartyId":"CPC","runnerUpId":"sarah-good","runnerUpPartyId":"LIB","margin":28.467153284671532,"top":[{"id":"eric-duncan","name":"Eric Duncan","shortName":"Duncan","partyId":"CPC","votes":83,"share":60.58394160583942},{"id":"sarah-good","name":"Sarah Good","shortName":"Good","partyId":"LIB","votes":44,"share":32.11678832116788},{"id":"mario-leclerc","name":"Mario Leclerc","shortName":"Leclerc","partyId":"NDP","votes":7,"share":5.109489051094891},{"id":"gordon-kubanek","name":"Gordon Kubanek","shortName":"Kubanek","partyId":"GRN","votes":2,"share":1.4598540145985401}],"partyVotes":{"LIB":44,"CPC":83,"BQ":0,"NDP":7,"GRN":2,"PPC":0,"OTH":1}}},"geometry":{"type":"Polygon","coordinates":[[[641.83,101.35],[641.84,101.34],[641.85,101.35],[641.86,101.34],[641.88,101.35],[641.86,101.36],[641.88,101.37],[641.87,101.39],[641.85,101.37],[641.84,101.39],[641.83,101.38],[641.84,101.36],[641.83,101.35]]]}},{"type":"Feature","id":"35102-149","properties":{"ridingCode":"35102","pollNumber":"149","pollType":"N","advancePollNumber":"612","sourceCode":"149-0","geometryPollNumbers":["149"],"code":"35102-149","resultPollNumbers":["149"],"resultStatus":"exact","result":{"electors":488,"voters":130,"totalVotes":130,"rejected":0,"turnout":26.639344262295083,"winnerId":"eric-duncan","winnerPartyId":"CPC","runnerUpId":"sarah-good","runnerUpPartyId":"LIB","margin":23.846153846153847,"top":[{"id":"eric-duncan","name":"Eric Duncan","shortName":"Duncan","partyId":"CPC","votes":77,"share":59.23076923076923},{"id":"sarah-good","name":"Sarah Good","shortName":"Good","partyId":"LIB","votes":46,"share":35.38461538461539},{"id":"mario-leclerc","name":"Mario Leclerc","shortName":"Leclerc","partyId":"NDP","votes":4,"share":3.076923076923077},{"id":"gordon-kubanek","name":"Gordon Kubanek","shortName":"Kubanek","partyId":"GRN","votes":3,"share":2.307692307692308}],"partyVotes":{"LIB":46,"CPC":77,"BQ":0,"NDP":4,"GRN":3,"PPC":0,"OTH":0}}},"geometry":{"type":"Polygon","coordinates":[[[641.83,101.32],[641.85,101.3],[641.89,101.34],[641.88,101.35],[641.86,101.34],[641.85,101.35],[641.84,101.34],[641.84,101.33],[641.83,101.32]]]}},{"type":"Feature","id":"35102-150","properties":{"ridingCode":"35102","pollNumber":"150","pollType":"N","advancePollNumber":"612","sourceCode":"150-0","geometryPollNumbers":["150"],"code":"35102-150","resultPollNumbers":["150"],"resultStatus":"exact","result":{"electors":379,"voters":133,"totalVotes":132,"rejected":1,"turnout":35.09234828496042,"winnerId":"eric-duncan","winnerPartyId":"CPC","runnerUpId":"sarah-good","runnerUpPartyId":"LIB","margin":12.878787878787879,"top":[{"id":"eric-duncan","name":"Eric Duncan","shortName":"Duncan","partyId":"CPC","votes":69,"share":52.27272727272727},{"id":"sarah-good","name":"Sarah Good","shortName":"Good","partyId":"LIB","votes":52,"share":39.39393939393939},{"id":"mario-leclerc","name":"Mario Leclerc","shortName":"Leclerc","partyId":"NDP","votes":7,"share":5.303030303030303},{"id":"gordon-kubanek","name":"Gordon Kubanek","shortName":"Kubanek","partyId":"GRN","votes":2,"share":1.5151515151515151}],"partyVotes":{"LIB":52,"CPC":69,"BQ":0,"NDP":7,"GRN":2,"PPC":0,"OTH":2}}},"geometry":{"type":"Polygon","coordinates":[[[641.89,101.34],[641.85,101.3],[641.86,101.29],[641.87,101.3],[641.9,101.32],[641.92,101.34],[641.91,101.36],[641.89,101.34]]]}},{"type":"Feature","id":"35102-151","properties":{"ridingCode":"35102","pollNumber":"151","pollType":"N","advancePollNumber":"613","sourceCode":"151-0","geometryPollNumbers":["151"],"code":"35102-151","resultPollNumbers":["151"],"resultStatus":"exact","result":{"electors":337,"voters":114,"totalVotes":114,"rejected":0,"turnout":33.82789317507419,"winnerId":"eric-duncan","winnerPartyId":"CPC","runnerUpId":"sarah-good","runnerUpPartyId":"LIB","margin":25.438596491228072,"top":[{"id":"eric-duncan","name":"Eric Duncan","shortName":"Duncan","partyId":"CPC","votes":70,"share":61.40350877192983},{"id":"sarah-good","name":"Sarah Good","shortName":"Good","partyId":"LIB","votes":41,"share":35.96491228070175},{"id":"gordon-kubanek","name":"Gordon Kubanek","shortName":"Kubanek","partyId":"GRN","votes":2,"share":1.7543859649122806},{"id":"mario-leclerc","name":"Mario Leclerc","shortName":"Leclerc","partyId":"NDP","votes":1,"share":0.8771929824561403}],"partyVotes":{"LIB":41,"CPC":70,"BQ":0,"NDP":1,"GRN":2,"PPC":0,"OTH":0}}},"geometry":{"type":"Polygon","coordinates":[[[641.87,101.3],[641.9,101.27],[641.91,101.26],[641.92,101.27],[641.92,101.28],[641.91,101.28],[641.92,101.28],[641.91,101.29],[641.92,101.3],[641.92,101.3],[641.92,101.3],[641.92,101.3],[641.91,101.31],[641.91,101.31],[641.91,101.31],[641.9,101.32],[641.87,101.3]]]}},{"type":"Feature","id":"35102-152","properties":{"ridingCode":"35102","pollNumber":"152","pollType":"N","advancePollNumber":"612","sourceCode":"152-0","geometryPollNumbers":["152"],"code":"35102-152","resultPollNumbers":["152"],"resultStatus":"exact","result":{"electors":422,"voters":136,"totalVotes":134,"rejected":2,"turnout":32.22748815165877,"winnerId":"eric-duncan","winnerPartyId":"CPC","runnerUpId":"sarah-good","runnerUpPartyId":"LIB","margin":11.940298507462686,"top":[{"id":"eric-duncan","name":"Eric Duncan","shortName":"Duncan","partyId":"CPC","votes":72,"share":53.73134328358209},{"id":"sarah-good","name":"Sarah Good","shortName":"Good","partyId":"LIB","votes":56,"share":41.7910447761194},{"id":"mario-leclerc","name":"Mario Leclerc","shortName":"Leclerc","partyId":"NDP","votes":5,"share":3.731343283582089},{"id":"gordon-kubanek","name":"Gordon Kubanek","shortName":"Kubanek","partyId":"GRN","votes":1,"share":0.7462686567164178}],"partyVotes":{"LIB":56,"CPC":72,"BQ":0,"NDP":5,"GRN":1,"PPC":0,"OTH":0}}},"geometry":{"type":"Polygon","coordinates":[[[641.91,101.36],[641.92,101.34],[641.94,101.36],[641.95,101.37],[641.94,101.38],[641.95,101.39],[641.94,101.4],[641.93,101.39],[641.92,101.4],[641.92,101.4],[641.92,101.41],[641.9,101.39],[641.91,101.38],[641.9,101.37],[641.91,101.36]]]}},{"type":"Feature","id":"35102-153","properties":{"ridingCode":"35102","pollNumber":"153","pollType":"N","advancePollNumber":"613","sourceCode":"153-0","geometryPollNumbers":["153"],"code":"35102-153","resultPollNumbers":["153"],"resultStatus":"exact","result":{"electors":485,"voters":116,"totalVotes":115,"rejected":1,"turnout":23.917525773195877,"winnerId":"eric-duncan","winnerPartyId":"CPC","runnerUpId":"sarah-good","runnerUpPartyId":"LIB","margin":14.782608695652174,"top":[{"id":"eric-duncan","name":"Eric Duncan","shortName":"Duncan","partyId":"CPC","votes":62,"share":53.91304347826087},{"id":"sarah-good","name":"Sarah Good","shortName":"Good","partyId":"LIB","votes":45,"share":39.130434782608695},{"id":"mario-leclerc","name":"Mario Leclerc","shortName":"Leclerc","partyId":"NDP","votes":5,"share":4.3478260869565215},{"id":"gordon-kubanek","name":"Gordon Kubanek","shortName":"Kubanek","partyId":"GRN","votes":3,"share":2.608695652173913}],"partyVotes":{"LIB":45,"CPC":62,"BQ":0,"NDP":5,"GRN":3,"PPC":0,"OTH":0}}},"geometry":{"type":"Polygon","coordinates":[[[641.94,101.38],[641.95,101.37],[641.94,101.36],[641.96,101.33],[641.95,101.32],[641.96,101.32],[641.97,101.31],[641.98,101.33],[641.96,101.35],[641.97,101.37],[641.96,101.38],[641.95,101.39],[641.94,101.38]],[[641.96,101.33],[641.96,101.33],[641.96,101.33],[641.96,101.33]]]}},{"type":"Feature","id":"35102-154","properties":{"ridingCode":"35102","pollNumber":"154","pollType":"N","advancePollNumber":"613","sourceCode":"154-0","geometryPollNumbers":["154"],"code":"35102-154","resultPollNumbers":["154"],"resultStatus":"exact","result":{"electors":442,"voters":112,"totalVotes":112,"rejected":0,"turnout":25.339366515837103,"winnerId":"sarah-good","winnerPartyId":"LIB","runnerUpId":"eric-duncan","runnerUpPartyId":"CPC","margin":13.392857142857142,"top":[{"id":"sarah-good","name":"Sarah Good","shortName":"Good","partyId":"LIB","votes":61,"share":54.46428571428571},{"id":"eric-duncan","name":"Eric Duncan","shortName":"Duncan","partyId":"CPC","votes":46,"share":41.07142857142857},{"id":"mario-leclerc","name":"Mario Leclerc","shortName":"Leclerc","partyId":"NDP","votes":4,"share":3.571428571428571},{"id":"gordon-kubanek","name":"Gordon Kubanek","shortName":"Kubanek","partyId":"GRN","votes":1,"share":0.8928571428571428}],"partyVotes":{"LIB":61,"CPC":46,"BQ":0,"NDP":4,"GRN":1,"PPC":0,"OTH":0}}},"geometry":{"type":"Polygon","coordinates":[[[641.91,101.31],[641.92,101.3],[641.92,101.3],[641.92,101.3],[641.92,101.29],[641.92,101.29],[641.92,101.3],[641.91,101.29],[641.92,101.28],[641.92,101.28],[641.92,101.27],[641.97,101.31],[641.96,101.32],[641.95,101.32],[641.96,101.33],[641.94,101.36],[641.92,101.34],[641.9,101.32],[641.91,101.31],[641.91,101.31]]]}},{"type":"Feature","id":"35102-155","properties":{"ridingCode":"35102","pollNumber":"155","pollType":"N","advancePollNumber":"613","sourceCode":"155-0","geometryPollNumbers":["155"],"code":"35102-155","resultPollNumbers":["155"],"resultStatus":"exact","result":{"electors":351,"voters":98,"totalVotes":98,"rejected":0,"turnout":27.92022792022792,"winnerId":"sarah-good","winnerPartyId":"LIB","runnerUpId":"eric-duncan","runnerUpPartyId":"CPC","margin":5.1020408163265305,"top":[{"id":"sarah-good","name":"Sarah Good","shortName":"Good","partyId":"LIB","votes":48,"share":48.97959183673469},{"id":"eric-duncan","name":"Eric Duncan","shortName":"Duncan","partyId":"CPC","votes":43,"share":43.87755102040816},{"id":"mario-leclerc","name":"Mario Leclerc","shortName":"Leclerc","partyId":"NDP","votes":6,"share":6.122448979591836},{"id":"karl-ivan-mackinnon","name":"Karl Ivan MacKinnon","shortName":"MacKinnon","partyId":"OTH","votes":1,"share":1.0204081632653061}],"partyVotes":{"LIB":48,"CPC":43,"BQ":0,"NDP":6,"GRN":0,"PPC":0,"OTH":1}}},"geometry":{"type":"Polygon","coordinates":[[[641.89,101.25],[641.91,101.23],[641.92,101.25],[641.93,101.26],[641.92,101.25],[641.92,101.26],[641.93,101.26],[641.94,101.27],[642,101.29],[642.01,101.3],[642.05,101.31],[642.04,101.31],[642.06,101.32],[642.06,101.33],[642.06,101.33],[642.05,101.33],[642.05,101.33],[642.03,101.33],[642.02,101.33],[642.02,101.33],[642.01,101.33],[641.99,101.35],[641.97,101.37],[641.96,101.35],[641.98,101.33],[641.97,101.31],[641.92,101.27],[641.91,101.26],[641.89,101.25]]]}},{"type":"Feature","id":"35102-156","properties":{"ridingCode":"35102","pollNumber":"156","pollType":"N","advancePollNumber":"621","sourceCode":"156-0","geometryPollNumbers":["156"],"code":"35102-156","resultPollNumbers":["156"],"resultStatus":"exact","result":{"electors":416,"voters":164,"totalVotes":164,"rejected":0,"turnout":39.42307692307692,"winnerId":"eric-duncan","winnerPartyId":"CPC","runnerUpId":"sarah-good","runnerUpPartyId":"LIB","margin":40.853658536585364,"top":[{"id":"eric-duncan","name":"Eric Duncan","shortName":"Duncan","partyId":"CPC","votes":111,"share":67.6829268292683},{"id":"sarah-good","name":"Sarah Good","shortName":"Good","partyId":"LIB","votes":44,"share":26.82926829268293},{"id":"gordon-kubanek","name":"Gordon Kubanek","shortName":"Kubanek","partyId":"GRN","votes":5,"share":3.048780487804878},{"id":"mario-leclerc","name":"Mario Leclerc","shortName":"Leclerc","partyId":"NDP","votes":4,"share":2.4390243902439024}],"partyVotes":{"LIB":44,"CPC":111,"BQ":0,"NDP":4,"GRN":5,"PPC":0,"OTH":0}}},"geometry":{"type":"Polygon","coordinates":[[[637.38,101.12],[637.66,100.86],[637.54,100.72],[637.61,100.66],[637.64,100.67],[637.66,100.66],[637.69,100.7],[637.75,100.76],[637.81,100.71],[637.82,100.73],[637.87,100.77],[637.89,100.8],[637.9,100.86],[637.91,100.87],[637.89,100.89],[637.84,100.86],[637.84,100.87],[637.85,100.87],[637.92,100.95],[637.98,101.01],[637.98,101.01],[637.98,101.02],[638,101.04],[638.25,101.31],[638.24,101.33],[638.16,101.4],[638.16,101.4],[638.15,101.41],[638.15,101.41],[637.94,101.6],[637.77,101.75],[637.63,101.38],[637.47,101.2],[637.38,101.12]]]}},{"type":"Feature","id":"35102-157","properties":{"ridingCode":"35102","pollNumber":"157","pollType":"N","advancePollNumber":"621","sourceCode":"157-0","geometryPollNumbers":["157"],"code":"35102-157","resultPollNumbers":["157"],"resultStatus":"exact","result":{"electors":465,"voters":137,"totalVotes":136,"rejected":1,"turnout":29.462365591397848,"winnerId":"eric-duncan","winnerPartyId":"CPC","runnerUpId":"sarah-good","runnerUpPartyId":"LIB","margin":38.23529411764706,"top":[{"id":"eric-duncan","name":"Eric Duncan","shortName":"Duncan","partyId":"CPC","votes":89,"share":65.44117647058823},{"id":"sarah-good","name":"Sarah Good","shortName":"Good","partyId":"LIB","votes":37,"share":27.205882352941174},{"id":"mario-leclerc","name":"Mario Leclerc","shortName":"Leclerc","partyId":"NDP","votes":5,"share":3.6764705882352944},{"id":"gordon-kubanek","name":"Gordon Kubanek","shortName":"Kubanek","partyId":"GRN","votes":3,"share":2.2058823529411766}],"partyVotes":{"LIB":37,"CPC":89,"BQ":0,"NDP":5,"GRN":3,"PPC":0,"OTH":2}}},"geometry":{"type":"Polygon","coordinates":[[[637.92,100.95],[637.97,100.9],[637.99,100.9],[638,100.91],[638,100.91],[638.03,100.94],[638.05,100.95],[638.06,100.96],[638.04,100.97],[638.05,100.99],[638,101.04],[637.98,101.02],[637.98,101.01],[637.98,101.01],[637.92,100.95]]]}},{"type":"Feature","id":"35102-158","properties":{"ridingCode":"35102","pollNumber":"158","pollType":"N","advancePollNumber":"621","sourceCode":"158-0","geometryPollNumbers":["158"],"code":"35102-158","resultPollNumbers":["158"],"resultStatus":"exact","result":{"electors":419,"voters":157,"totalVotes":157,"rejected":0,"turnout":37.47016706443914,"winnerId":"eric-duncan","winnerPartyId":"CPC","runnerUpId":"sarah-good","runnerUpPartyId":"LIB","margin":24.203821656050955,"top":[{"id":"eric-duncan","name":"Eric Duncan","shortName":"Duncan","partyId":"CPC","votes":95,"share":60.509554140127385},{"id":"sarah-good","name":"Sarah Good","shortName":"Good","partyId":"LIB","votes":57,"share":36.30573248407643},{"id":"mario-leclerc","name":"Mario Leclerc","shortName":"Leclerc","partyId":"NDP","votes":4,"share":2.547770700636943},{"id":"karl-ivan-mackinnon","name":"Karl Ivan MacKinnon","shortName":"MacKinnon","partyId":"OTH","votes":1,"share":0.6369426751592357}],"partyVotes":{"LIB":57,"CPC":95,"BQ":0,"NDP":4,"GRN":0,"PPC":0,"OTH":1}}},"geometry":{"type":"Polygon","coordinates":[[[638.06,100.88],[638.09,100.92],[638.09,100.92],[638.08,100.92],[638.08,100.92],[638.08,100.92],[638.07,100.94],[638.06,100.95],[638.05,100.95],[638.03,100.94],[638,100.91],[638.06,100.88]]]}},{"type":"Feature","id":"35102-159","properties":{"ridingCode":"35102","pollNumber":"159","pollType":"N","advancePollNumber":"621","sourceCode":"159-0","geometryPollNumbers":["159"],"code":"35102-159","resultPollNumbers":["159"],"resultStatus":"exact","result":{"electors":432,"voters":152,"totalVotes":152,"rejected":0,"turnout":35.18518518518518,"winnerId":"eric-duncan","winnerPartyId":"CPC","runnerUpId":"sarah-good","runnerUpPartyId":"LIB","margin":34.868421052631575,"top":[{"id":"eric-duncan","name":"Eric Duncan","shortName":"Duncan","partyId":"CPC","votes":98,"share":64.47368421052632},{"id":"sarah-good","name":"Sarah Good","shortName":"Good","partyId":"LIB","votes":45,"share":29.605263157894733},{"id":"gordon-kubanek","name":"Gordon Kubanek","shortName":"Kubanek","partyId":"GRN","votes":4,"share":2.631578947368421},{"id":"karl-ivan-mackinnon","name":"Karl Ivan MacKinnon","shortName":"MacKinnon","partyId":"OTH","votes":3,"share":1.9736842105263157}],"partyVotes":{"LIB":45,"CPC":98,"BQ":0,"NDP":2,"GRN":4,"PPC":0,"OTH":3}}},"geometry":{"type":"Polygon","coordinates":[[[638.05,100.5],[638.14,100.43],[638.14,100.42],[638.23,100.52],[638.43,100.75],[638.43,100.75],[638.43,100.75],[638.59,100.93],[638.59,100.93],[638.6,100.93],[638.63,100.96],[638.52,101.07],[638.24,101.33],[638.25,101.31],[638,101.04],[638.05,100.99],[638.04,100.97],[638.06,100.96],[638.05,100.95],[638.06,100.95],[638.07,100.94],[638.08,100.92],[638.08,100.92],[638.09,100.92],[638.1,100.93],[638.11,100.92],[638.26,100.79],[638.26,100.78],[638.27,100.76],[638.26,100.75],[638.23,100.71],[638.23,100.67],[638.22,100.67],[638.05,100.5]]]}},{"type":"Feature","id":"35102-160","properties":{"ridingCode":"35102","pollNumber":"160","pollType":"N","advancePollNumber":"621","sourceCode":"160-0","geometryPollNumbers":["160"],"code":"35102-160","resultPollNumbers":["160"],"resultStatus":"exact","result":{"electors":398,"voters":156,"totalVotes":156,"rejected":0,"turnout":39.19597989949749,"winnerId":"eric-duncan","winnerPartyId":"CPC","runnerUpId":"sarah-good","runnerUpPartyId":"LIB","margin":42.94871794871795,"top":[{"id":"eric-duncan","name":"Eric Duncan","shortName":"Duncan","partyId":"CPC","votes":107,"share":68.58974358974359},{"id":"sarah-good","name":"Sarah Good","shortName":"Good","partyId":"LIB","votes":40,"share":25.64102564102564},{"id":"mario-leclerc","name":"Mario Leclerc","shortName":"Leclerc","partyId":"NDP","votes":5,"share":3.205128205128205},{"id":"gordon-kubanek","name":"Gordon Kubanek","shortName":"Kubanek","partyId":"GRN","votes":4,"share":2.564102564102564}],"partyVotes":{"LIB":40,"CPC":107,"BQ":0,"NDP":5,"GRN":4,"PPC":0,"OTH":0}}},"geometry":{"type":"Polygon","coordinates":[[[637.8,100.48],[637.81,100.48],[637.82,100.48],[637.93,100.6],[638.05,100.5],[638.05,100.5],[638.22,100.67],[638.23,100.67],[638.23,100.71],[638.26,100.75],[638.27,100.76],[638.26,100.78],[638.26,100.79],[638.11,100.92],[638.1,100.93],[638.09,100.92],[638.09,100.92],[638.06,100.88],[638,100.91],[638,100.91],[637.99,100.9],[637.97,100.9],[637.92,100.95],[637.85,100.87],[637.84,100.87],[637.84,100.86],[637.89,100.89],[637.91,100.87],[637.9,100.86],[637.89,100.8],[637.87,100.77],[637.82,100.73],[637.81,100.71],[637.85,100.67],[637.85,100.67],[637.84,100.66],[637.87,100.64],[637.86,100.63],[637.85,100.62],[637.84,100.6],[637.84,100.56],[637.84,100.55],[637.83,100.53],[637.8,100.48]]]}},{"type":"Feature","id":"35102-161","properties":{"ridingCode":"35102","pollNumber":"161","pollType":"N","advancePollNumber":"612","sourceCode":"161-0","geometryPollNumbers":["161"],"code":"35102-161","resultPollNumbers":["161"],"resultStatus":"exact","result":{"electors":479,"voters":100,"totalVotes":99,"rejected":1,"turnout":20.876826722338205,"winnerId":"eric-duncan","winnerPartyId":"CPC","runnerUpId":"sarah-good","runnerUpPartyId":"LIB","margin":28.28282828282828,"top":[{"id":"eric-duncan","name":"Eric Duncan","shortName":"Duncan","partyId":"CPC","votes":60,"share":60.60606060606061},{"id":"sarah-good","name":"Sarah Good","shortName":"Good","partyId":"LIB","votes":32,"share":32.323232323232325},{"id":"mario-leclerc","name":"Mario Leclerc","shortName":"Leclerc","partyId":"NDP","votes":6,"share":6.0606060606060606},{"id":"karl-ivan-mackinnon","name":"Karl Ivan MacKinnon","shortName":"MacKinnon","partyId":"OTH","votes":1,"share":1.0101010101010102}],"partyVotes":{"LIB":32,"CPC":60,"BQ":0,"NDP":6,"GRN":0,"PPC":0,"OTH":1}}},"geometry":{"type":"Polygon","coordinates":[[[641.78,101.38],[641.8,101.35],[641.83,101.38],[641.84,101.39],[641.85,101.37],[641.87,101.39],[641.86,101.4],[641.84,101.41],[641.82,101.42],[641.79,101.38],[641.78,101.38]]]}},{"type":"Feature","id":"35102-162","properties":{"ridingCode":"35102","pollNumber":"162","pollType":"N","advancePollNumber":"612","sourceCode":"162-0","geometryPollNumbers":["162"],"code":"35102-162","resultPollNumbers":["162"],"resultStatus":"exact","result":{"electors":538,"voters":165,"totalVotes":165,"rejected":0,"turnout":30.66914498141264,"winnerId":"eric-duncan","winnerPartyId":"CPC","runnerUpId":"sarah-good","runnerUpPartyId":"LIB","margin":30.909090909090907,"top":[{"id":"eric-duncan","name":"Eric Duncan","shortName":"Duncan","partyId":"CPC","votes":101,"share":61.212121212121204},{"id":"sarah-good","name":"Sarah Good","shortName":"Good","partyId":"LIB","votes":50,"share":30.303030303030305},{"id":"mario-leclerc","name":"Mario Leclerc","shortName":"Leclerc","partyId":"NDP","votes":11,"share":6.666666666666667},{"id":"gordon-kubanek","name":"Gordon Kubanek","shortName":"Kubanek","partyId":"GRN","votes":3,"share":1.8181818181818181}],"partyVotes":{"LIB":50,"CPC":101,"BQ":0,"NDP":11,"GRN":3,"PPC":0,"OTH":0}}},"geometry":{"type":"Polygon","coordinates":[[[641.74,101.34],[641.75,101.34],[641.76,101.32],[641.77,101.31],[641.77,101.31],[641.77,101.31],[641.79,101.3],[641.78,101.31],[641.82,101.34],[641.83,101.32],[641.84,101.33],[641.84,101.34],[641.83,101.35],[641.84,101.36],[641.83,101.38],[641.8,101.35],[641.78,101.38],[641.77,101.39],[641.76,101.38],[641.76,101.38],[641.76,101.38],[641.78,101.37],[641.76,101.35],[641.75,101.34],[641.74,101.34]]]}},{"type":"Feature","id":"35102-163","properties":{"ridingCode":"35102","pollNumber":"163","pollType":"N","advancePollNumber":"614","sourceCode":"163-0","geometryPollNumbers":["163"],"code":"35102-163","resultPollNumbers":["163"],"resultStatus":"exact","result":{"electors":440,"voters":94,"totalVotes":94,"rejected":0,"turnout":21.363636363636363,"winnerId":"eric-duncan","winnerPartyId":"CPC","runnerUpId":"sarah-good","runnerUpPartyId":"LIB","margin":28.723404255319153,"top":[{"id":"eric-duncan","name":"Eric Duncan","shortName":"Duncan","partyId":"CPC","votes":58,"share":61.702127659574465},{"id":"sarah-good","name":"Sarah Good","shortName":"Good","partyId":"LIB","votes":31,"share":32.97872340425532},{"id":"mario-leclerc","name":"Mario Leclerc","shortName":"Leclerc","partyId":"NDP","votes":5,"share":5.319148936170213},{"id":"gordon-kubanek","name":"Gordon Kubanek","shortName":"Kubanek","partyId":"GRN","votes":0,"share":0}],"partyVotes":{"LIB":31,"CPC":58,"BQ":0,"NDP":5,"GRN":0,"PPC":0,"OTH":0}}},"geometry":{"type":"Polygon","coordinates":[[[641.78,101.31],[641.79,101.3],[641.81,101.29],[641.82,101.28],[641.83,101.27],[641.84,101.27],[641.84,101.27],[641.86,101.29],[641.85,101.3],[641.83,101.32],[641.82,101.34],[641.78,101.31]]]}},{"type":"Feature","id":"35102-164","properties":{"ridingCode":"35102","pollNumber":"164","pollType":"N","advancePollNumber":"614","sourceCode":"164-0","geometryPollNumbers":["164"],"code":"35102-164","resultPollNumbers":["164"],"resultStatus":"exact","result":{"electors":462,"voters":135,"totalVotes":135,"rejected":0,"turnout":29.22077922077922,"winnerId":"eric-duncan","winnerPartyId":"CPC","runnerUpId":"sarah-good","runnerUpPartyId":"LIB","margin":30.37037037037037,"top":[{"id":"eric-duncan","name":"Eric Duncan","shortName":"Duncan","partyId":"CPC","votes":83,"share":61.48148148148148},{"id":"sarah-good","name":"Sarah Good","shortName":"Good","partyId":"LIB","votes":42,"share":31.11111111111111},{"id":"mario-leclerc","name":"Mario Leclerc","shortName":"Leclerc","partyId":"NDP","votes":7,"share":5.185185185185185},{"id":"karl-ivan-mackinnon","name":"Karl Ivan MacKinnon","shortName":"MacKinnon","partyId":"OTH","votes":2,"share":1.4814814814814816}],"partyVotes":{"LIB":42,"CPC":83,"BQ":0,"NDP":7,"GRN":1,"PPC":0,"OTH":2}}},"geometry":{"type":"Polygon","coordinates":[[[641.83,101.27],[641.84,101.26],[641.86,101.25],[641.87,101.26],[641.87,101.25],[641.9,101.27],[641.87,101.3],[641.86,101.29],[641.84,101.27],[641.84,101.27],[641.83,101.27]]]}},{"type":"Feature","id":"35102-165","properties":{"ridingCode":"35102","pollNumber":"165","pollType":"N","advancePollNumber":"606","sourceCode":"165-0","geometryPollNumbers":["165"],"code":"35102-165","resultPollNumbers":["165"],"resultStatus":"exact","result":{"electors":960,"voters":43,"totalVotes":43,"rejected":0,"turnout":4.479166666666667,"winnerId":"sarah-good","winnerPartyId":"LIB","runnerUpId":"eric-duncan","runnerUpPartyId":"CPC","margin":16.27906976744186,"top":[{"id":"sarah-good","name":"Sarah Good","shortName":"Good","partyId":"LIB","votes":24,"share":55.81395348837209},{"id":"eric-duncan","name":"Eric Duncan","shortName":"Duncan","partyId":"CPC","votes":17,"share":39.53488372093023},{"id":"gordon-kubanek","name":"Gordon Kubanek","shortName":"Kubanek","partyId":"GRN","votes":1,"share":2.3255813953488373},{"id":"mario-leclerc","name":"Mario Leclerc","shortName":"Leclerc","partyId":"NDP","votes":1,"share":2.3255813953488373}],"partyVotes":{"LIB":24,"CPC":17,"BQ":0,"NDP":1,"GRN":1,"PPC":0,"OTH":0}}},"geometry":{"type":"MultiPolygon","coordinates":[[[[641.85,101.2],[641.85,101.21],[641.82,101.2],[641.8,101.19],[641.76,101.16],[641.73,101.14],[641.72,101.14],[641.72,101.11],[641.78,101.01],[641.91,101],[642,101.03],[642.04,101.14],[642.16,101.24],[642.29,101.24],[642.34,101.26],[642.38,101.28],[642.38,101.34],[642.4,101.33],[642.43,101.46],[642.25,101.54],[642.23,101.51],[642.21,101.48],[642.22,101.48],[642.21,101.47],[642.21,101.47],[642.2,101.46],[642.19,101.45],[642.19,101.45],[642.18,101.44],[642.16,101.42],[642.15,101.41],[642.14,101.38],[642.13,101.37],[642.12,101.36],[642.11,101.36],[642.09,101.36],[642.08,101.36],[642.08,101.35],[642.07,101.34],[642.07,101.34],[642.06,101.33],[642.06,101.33],[642.06,101.32],[642.04,101.31],[642.05,101.31],[642.01,101.3],[642,101.29],[641.94,101.27],[641.93,101.26],[641.92,101.26],[641.92,101.25],[641.93,101.26],[641.92,101.25],[641.91,101.23],[641.91,101.23],[641.91,101.22],[641.9,101.21],[641.89,101.21],[641.88,101.2],[641.85,101.2]],[[642.27,101.28],[642.27,101.28],[642.28,101.28],[642.27,101.28]]],[[[642.36,101.59],[642.32,101.62],[642.32,101.61],[642.32,101.61],[642.31,101.59],[642.3,101.59],[642.3,101.58],[642.29,101.57],[642.28,101.56],[642.28,101.56],[642.27,101.55],[642.25,101.54],[642.43,101.46],[642.44,101.49],[642.46,101.52],[642.51,101.58],[642.57,101.64],[642.6,101.68],[642.69,101.77],[642.78,101.88],[642.87,101.92],[642.95,101.97],[642.99,101.98],[643.02,101.99],[643.05,102],[643.07,102.02],[643.22,102.16],[643.38,102.36],[643.38,102.38],[643.43,102.39],[643.48,102.64],[643.5,102.79],[643.27,103],[643.24,102.98],[643.22,102.95],[643.22,102.91],[643.2,102.86],[643.2,102.78],[643.18,102.65],[643.18,102.63],[643.17,102.61],[643.17,102.59],[643.19,102.57],[643.19,102.55],[643.16,102.42],[643.13,102.36],[643.17,102.32],[643.1,102.34],[643.09,102.31],[643.09,102.3],[643.08,102.29],[643.08,102.28],[643.09,102.27],[643.09,102.26],[643.08,102.24],[643.07,102.23],[643.07,102.23],[643.08,102.22],[643.06,102.19],[642.99,102.13],[642.96,102.11],[642.95,102.08],[642.93,102.04],[642.9,102.02],[642.84,101.97],[642.81,101.94],[642.71,101.85],[642.68,101.78],[642.64,101.76],[642.59,101.71],[642.5,101.67],[642.45,101.65],[642.41,101.6],[642.36,101.59]]]]}},{"type":"Feature","id":"35102-166","properties":{"ridingCode":"35102","pollNumber":"166","pollType":"N","advancePollNumber":"614","sourceCode":"166-0","geometryPollNumbers":["166"],"code":"35102-166","resultPollNumbers":["166"],"resultStatus":"exact","result":{"electors":413,"voters":102,"totalVotes":102,"rejected":0,"turnout":24.69733656174334,"winnerId":"eric-duncan","winnerPartyId":"CPC","runnerUpId":"sarah-good","runnerUpPartyId":"LIB","margin":15.686274509803921,"top":[{"id":"eric-duncan","name":"Eric Duncan","shortName":"Duncan","partyId":"CPC","votes":57,"share":55.88235294117647},{"id":"sarah-good","name":"Sarah Good","shortName":"Good","partyId":"LIB","votes":41,"share":40.19607843137255},{"id":"gordon-kubanek","name":"Gordon Kubanek","shortName":"Kubanek","partyId":"GRN","votes":3,"share":2.941176470588235},{"id":"karl-ivan-mackinnon","name":"Karl Ivan MacKinnon","shortName":"MacKinnon","partyId":"OTH","votes":1,"share":0.9803921568627451}],"partyVotes":{"LIB":41,"CPC":57,"BQ":0,"NDP":0,"GRN":3,"PPC":0,"OTH":1}}},"geometry":{"type":"Polygon","coordinates":[[[641.86,101.25],[641.84,101.26],[641.84,101.26],[641.87,101.23],[641.87,101.22],[641.88,101.2],[641.89,101.21],[641.9,101.21],[641.91,101.22],[641.91,101.23],[641.91,101.23],[641.89,101.25],[641.91,101.26],[641.9,101.27],[641.87,101.25],[641.87,101.26],[641.86,101.25]]]}},{"type":"Feature","id":"35102-167","properties":{"ridingCode":"35102","pollNumber":"167","pollType":"N","advancePollNumber":"616","sourceCode":"167-0","geometryPollNumbers":["167"],"code":"35102-167","resultPollNumbers":["167"],"resultStatus":"exact","result":{"electors":266,"voters":129,"totalVotes":128,"rejected":1,"turnout":48.49624060150376,"winnerId":"eric-duncan","winnerPartyId":"CPC","runnerUpId":"sarah-good","runnerUpPartyId":"LIB","margin":62.5,"top":[{"id":"eric-duncan","name":"Eric Duncan","shortName":"Duncan","partyId":"CPC","votes":103,"share":80.46875},{"id":"sarah-good","name":"Sarah Good","shortName":"Good","partyId":"LIB","votes":23,"share":17.96875},{"id":"mario-leclerc","name":"Mario Leclerc","shortName":"Leclerc","partyId":"NDP","votes":2,"share":1.5625},{"id":"gordon-kubanek","name":"Gordon Kubanek","shortName":"Kubanek","partyId":"GRN","votes":0,"share":0}],"partyVotes":{"LIB":23,"CPC":103,"BQ":0,"NDP":2,"GRN":0,"PPC":0,"OTH":0}}},"geometry":{"type":"Polygon","coordinates":[[[640.12,101.48],[640.16,101.44],[640.19,101.42],[640.31,101.32],[640.27,101.21],[640.27,101.19],[640.26,101.18],[640.2,101.11],[640.21,101.1],[640.37,100.97],[640.37,100.97],[640.48,101.1],[640.53,101.14],[640.53,101.14],[640.55,101.17],[640.6,101.22],[640.73,101.36],[640.72,101.35],[640.71,101.36],[640.72,101.37],[640.68,101.36],[640.47,101.56],[640.46,101.6],[640.43,101.6],[640.33,101.69],[640.33,101.71],[640.15,101.51],[640.12,101.48]]]}},{"type":"Feature","id":"35102-168","properties":{"ridingCode":"35102","pollNumber":"168","pollType":"N","advancePollNumber":"615","sourceCode":"168-0","geometryPollNumbers":["168"],"code":"35102-168","resultPollNumbers":["168"],"resultStatus":"exact","result":{"electors":414,"voters":149,"totalVotes":149,"rejected":0,"turnout":35.990338164251206,"winnerId":"eric-duncan","winnerPartyId":"CPC","runnerUpId":"sarah-good","runnerUpPartyId":"LIB","margin":61.07382550335571,"top":[{"id":"eric-duncan","name":"Eric Duncan","shortName":"Duncan","partyId":"CPC","votes":116,"share":77.85234899328859},{"id":"sarah-good","name":"Sarah Good","shortName":"Good","partyId":"LIB","votes":25,"share":16.778523489932887},{"id":"mario-leclerc","name":"Mario Leclerc","shortName":"Leclerc","partyId":"NDP","votes":5,"share":3.3557046979865772},{"id":"gordon-kubanek","name":"Gordon Kubanek","shortName":"Kubanek","partyId":"GRN","votes":2,"share":1.342281879194631}],"partyVotes":{"LIB":25,"CPC":116,"BQ":0,"NDP":5,"GRN":2,"PPC":0,"OTH":1}}},"geometry":{"type":"Polygon","coordinates":[[[640.6,101.22],[640.64,101.15],[640.67,101.16],[640.87,101.23],[640.87,101.21],[640.88,101.21],[640.88,101.22],[640.89,101.21],[640.9,101.22],[640.91,101.21],[640.9,101.19],[640.92,101.17],[640.94,101.2],[640.96,101.18],[640.97,101.18],[640.97,101.17],[640.96,101.17],[640.97,101.16],[641.06,101.21],[641.08,101.22],[641.11,101.22],[641.15,101.27],[641.3,101.43],[641.29,101.45],[641.22,101.51],[641.21,101.51],[641.21,101.53],[641.06,101.56],[641.03,101.56],[641.03,101.56],[641.01,101.56],[640.98,101.55],[640.95,101.53],[640.81,101.43],[640.74,101.35],[640.73,101.36],[640.6,101.22]]]}},{"type":"Feature","id":"35102-169","properties":{"ridingCode":"35102","pollNumber":"169","pollType":"N","advancePollNumber":"619","sourceCode":"169-0","geometryPollNumbers":["169"],"code":"35102-169","resultPollNumbers":["169"],"resultStatus":"exact","result":{"electors":323,"voters":133,"totalVotes":133,"rejected":0,"turnout":41.17647058823529,"winnerId":"eric-duncan","winnerPartyId":"CPC","runnerUpId":"sarah-good","runnerUpPartyId":"LIB","margin":42.10526315789473,"top":[{"id":"eric-duncan","name":"Eric Duncan","shortName":"Duncan","partyId":"CPC","votes":93,"share":69.92481203007519},{"id":"sarah-good","name":"Sarah Good","shortName":"Good","partyId":"LIB","votes":37,"share":27.819548872180448},{"id":"gordon-kubanek","name":"Gordon Kubanek","shortName":"Kubanek","partyId":"GRN","votes":2,"share":1.5037593984962405},{"id":"mario-leclerc","name":"Mario Leclerc","shortName":"Leclerc","partyId":"NDP","votes":1,"share":0.7518796992481203}],"partyVotes":{"LIB":37,"CPC":93,"BQ":0,"NDP":1,"GRN":2,"PPC":0,"OTH":0}}},"geometry":{"type":"Polygon","coordinates":[[[640,101.51],[639.89,101.38],[639.89,101.35],[639.91,101.35],[639.92,101.35],[640,101.28],[639.84,101.11],[640.05,100.92],[640.21,100.79],[640.28,100.88],[640.37,100.97],[640.21,101.1],[640.2,101.11],[640.26,101.18],[640.27,101.19],[640.27,101.21],[640.31,101.32],[640.19,101.42],[640.16,101.44],[640.12,101.48],[640.11,101.49],[640.01,101.57],[639.98,101.53],[639.98,101.53],[640,101.51],[640,101.51]]]}},{"type":"Feature","id":"35102-170","properties":{"ridingCode":"35102","pollNumber":"170","pollType":"N","advancePollNumber":"615","sourceCode":"170-0","geometryPollNumbers":["170"],"code":"35102-170","resultPollNumbers":["170"],"resultStatus":"exact","result":{"electors":484,"voters":171,"totalVotes":168,"rejected":3,"turnout":35.33057851239669,"winnerId":"eric-duncan","winnerPartyId":"CPC","runnerUpId":"sarah-good","runnerUpPartyId":"LIB","margin":19.047619047619047,"top":[{"id":"eric-duncan","name":"Eric Duncan","shortName":"Duncan","partyId":"CPC","votes":98,"share":58.333333333333336},{"id":"sarah-good","name":"Sarah Good","shortName":"Good","partyId":"LIB","votes":66,"share":39.285714285714285},{"id":"gordon-kubanek","name":"Gordon Kubanek","shortName":"Kubanek","partyId":"GRN","votes":2,"share":1.1904761904761905},{"id":"mario-leclerc","name":"Mario Leclerc","shortName":"Leclerc","partyId":"NDP","votes":2,"share":1.1904761904761905}],"partyVotes":{"LIB":66,"CPC":98,"BQ":0,"NDP":2,"GRN":2,"PPC":0,"OTH":0}}},"geometry":{"type":"Polygon","coordinates":[[[640.81,101.09],[640.82,101.1],[640.85,101.11],[640.85,101.09],[640.86,101.07],[640.91,101.01],[641.06,100.87],[641.11,100.95],[641.14,100.97],[641.18,101.02],[641.23,101.05],[641.32,101.03],[641.34,101.06],[641.42,101.1],[641.42,101.1],[641.44,101.31],[641.53,101.34],[641.59,101.42],[641.61,101.45],[641.49,101.55],[641.38,101.53],[641.3,101.43],[641.15,101.27],[641.11,101.22],[641.08,101.22],[641.06,101.21],[640.97,101.16],[640.96,101.17],[640.97,101.17],[640.97,101.18],[640.96,101.18],[640.94,101.2],[640.92,101.17],[640.9,101.19],[640.91,101.21],[640.9,101.22],[640.89,101.21],[640.89,101.21],[640.88,101.21],[640.84,101.17],[640.78,101.11],[640.81,101.09],[640.81,101.09],[640.81,101.09]]]}},{"type":"Feature","id":"35102-171","properties":{"ridingCode":"35102","pollNumber":"171","pollType":"N","advancePollNumber":"615","sourceCode":"171-0","geometryPollNumbers":["171"],"code":"35102-171","resultPollNumbers":["171"],"resultStatus":"exact","result":{"electors":557,"voters":191,"totalVotes":191,"rejected":0,"turnout":34.29084380610413,"winnerId":"sarah-good","winnerPartyId":"LIB","runnerUpId":"eric-duncan","runnerUpPartyId":"CPC","margin":1.5706806282722512,"top":[{"id":"sarah-good","name":"Sarah Good","shortName":"Good","partyId":"LIB","votes":96,"share":50.26178010471204},{"id":"eric-duncan","name":"Eric Duncan","shortName":"Duncan","partyId":"CPC","votes":93,"share":48.69109947643979},{"id":"gordon-kubanek","name":"Gordon Kubanek","shortName":"Kubanek","partyId":"GRN","votes":1,"share":0.5235602094240838},{"id":"mario-leclerc","name":"Mario Leclerc","shortName":"Leclerc","partyId":"NDP","votes":1,"share":0.5235602094240838}],"partyVotes":{"LIB":96,"CPC":93,"BQ":0,"NDP":1,"GRN":1,"PPC":0,"OTH":0}}},"geometry":{"type":"MultiPolygon","coordinates":[[[[640.76,101.09],[640.83,101.07],[640.86,101.07],[640.85,101.09],[640.85,101.11],[640.82,101.1],[640.81,101.09],[640.81,101.09],[640.81,101.09],[640.78,101.11],[640.84,101.17],[640.88,101.21],[640.87,101.21],[640.87,101.23],[640.67,101.16],[640.73,101.09],[640.76,101.09]]],[[[640.88,101.22],[640.88,101.21],[640.89,101.21],[640.89,101.21],[640.88,101.22]]]]}},{"type":"Feature","id":"35102-172","properties":{"ridingCode":"35102","pollNumber":"172","pollType":"N","advancePollNumber":"615","sourceCode":"172-0","geometryPollNumbers":["172"],"code":"35102-172","resultPollNumbers":["172"],"resultStatus":"exact","result":{"electors":371,"voters":132,"totalVotes":132,"rejected":0,"turnout":35.57951482479784,"winnerId":"eric-duncan","winnerPartyId":"CPC","runnerUpId":"sarah-good","runnerUpPartyId":"LIB","margin":6.0606060606060606,"top":[{"id":"eric-duncan","name":"Eric Duncan","shortName":"Duncan","partyId":"CPC","votes":66,"share":50},{"id":"sarah-good","name":"Sarah Good","shortName":"Good","partyId":"LIB","votes":58,"share":43.93939393939394},{"id":"mario-leclerc","name":"Mario Leclerc","shortName":"Leclerc","partyId":"NDP","votes":5,"share":3.787878787878788},{"id":"gordon-kubanek","name":"Gordon Kubanek","shortName":"Kubanek","partyId":"GRN","votes":2,"share":1.5151515151515151}],"partyVotes":{"LIB":58,"CPC":66,"BQ":0,"NDP":5,"GRN":2,"PPC":0,"OTH":1}}},"geometry":{"type":"Polygon","coordinates":[[[640.55,101.17],[640.64,101.05],[640.63,101.04],[640.65,101.02],[640.66,101.03],[640.65,101.03],[640.67,101.05],[640.66,101.07],[640.69,101.09],[640.7,101.09],[640.7,101.1],[640.7,101.09],[640.69,101.1],[640.66,101.08],[640.66,101.08],[640.66,101.09],[640.66,101.11],[640.64,101.15],[640.6,101.22],[640.55,101.17]]]}},{"type":"Feature","id":"35102-173","properties":{"ridingCode":"35102","pollNumber":"173","pollType":"N","advancePollNumber":"615","sourceCode":"173-0","geometryPollNumbers":["173"],"code":"35102-173","resultPollNumbers":["173"],"resultStatus":"exact","result":{"electors":485,"voters":142,"totalVotes":142,"rejected":0,"turnout":29.27835051546392,"winnerId":"eric-duncan","winnerPartyId":"CPC","runnerUpId":"sarah-good","runnerUpPartyId":"LIB","margin":28.169014084507044,"top":[{"id":"eric-duncan","name":"Eric Duncan","shortName":"Duncan","partyId":"CPC","votes":88,"share":61.97183098591549},{"id":"sarah-good","name":"Sarah Good","shortName":"Good","partyId":"LIB","votes":48,"share":33.80281690140845},{"id":"mario-leclerc","name":"Mario Leclerc","shortName":"Leclerc","partyId":"NDP","votes":5,"share":3.5211267605633805},{"id":"gordon-kubanek","name":"Gordon Kubanek","shortName":"Kubanek","partyId":"GRN","votes":1,"share":0.7042253521126761}],"partyVotes":{"LIB":48,"CPC":88,"BQ":0,"NDP":5,"GRN":1,"PPC":0,"OTH":0}}},"geometry":{"type":"Polygon","coordinates":[[[640.66,101.09],[640.66,101.08],[640.66,101.08],[640.69,101.1],[640.7,101.09],[640.7,101.1],[640.71,101.09],[640.68,101.06],[640.72,101.04],[640.72,101.03],[640.71,101.03],[640.7,101.03],[640.69,101.02],[640.7,101.02],[640.71,101.02],[640.71,101.02],[640.71,101.02],[640.71,101.02],[640.73,101.03],[640.73,101.02],[640.74,101.01],[640.91,101.01],[640.86,101.07],[640.83,101.07],[640.76,101.09],[640.73,101.09],[640.67,101.16],[640.64,101.15],[640.66,101.11],[640.66,101.09]],[[640.7,101.06],[640.7,101.07],[640.7,101.06],[640.7,101.06]],[[640.73,101.07],[640.73,101.07],[640.73,101.07],[640.73,101.07]]]}},{"type":"Feature","id":"35102-174","properties":{"ridingCode":"35102","pollNumber":"174","pollType":"N","advancePollNumber":"615","sourceCode":"174-0","geometryPollNumbers":["174"],"code":"35102-174","resultPollNumbers":["174"],"resultStatus":"exact","result":{"electors":370,"voters":127,"totalVotes":127,"rejected":0,"turnout":34.32432432432432,"winnerId":"eric-duncan","winnerPartyId":"CPC","runnerUpId":"sarah-good","runnerUpPartyId":"LIB","margin":38.582677165354326,"top":[{"id":"eric-duncan","name":"Eric Duncan","shortName":"Duncan","partyId":"CPC","votes":85,"share":66.92913385826772},{"id":"sarah-good","name":"Sarah Good","shortName":"Good","partyId":"LIB","votes":36,"share":28.346456692913385},{"id":"mario-leclerc","name":"Mario Leclerc","shortName":"Leclerc","partyId":"NDP","votes":3,"share":2.3622047244094486},{"id":"karl-ivan-mackinnon","name":"Karl Ivan MacKinnon","shortName":"MacKinnon","partyId":"OTH","votes":3,"share":2.3622047244094486}],"partyVotes":{"LIB":36,"CPC":85,"BQ":0,"NDP":3,"GRN":0,"PPC":0,"OTH":3}}},"geometry":{"type":"Polygon","coordinates":[[[640.66,101.03],[640.69,101.01],[640.69,101.01],[640.7,101.02],[640.69,101.02],[640.7,101.03],[640.71,101.03],[640.72,101.03],[640.72,101.04],[640.68,101.06],[640.71,101.09],[640.7,101.1],[640.7,101.09],[640.69,101.09],[640.66,101.07],[640.67,101.05],[640.65,101.03],[640.66,101.03],[640.66,101.03]]]}},{"type":"Feature","id":"35102-175","properties":{"ridingCode":"35102","pollNumber":"175","pollType":"N","advancePollNumber":"615","sourceCode":"175-0","geometryPollNumbers":["175"],"code":"35102-175","resultPollNumbers":["175"],"resultStatus":"exact","result":{"electors":370,"voters":125,"totalVotes":124,"rejected":1,"turnout":33.78378378378378,"winnerId":"eric-duncan","winnerPartyId":"CPC","runnerUpId":"sarah-good","runnerUpPartyId":"LIB","margin":26.61290322580645,"top":[{"id":"eric-duncan","name":"Eric Duncan","shortName":"Duncan","partyId":"CPC","votes":75,"share":60.483870967741936},{"id":"sarah-good","name":"Sarah Good","shortName":"Good","partyId":"LIB","votes":42,"share":33.87096774193548},{"id":"mario-leclerc","name":"Mario Leclerc","shortName":"Leclerc","partyId":"NDP","votes":6,"share":4.838709677419355},{"id":"karl-ivan-mackinnon","name":"Karl Ivan MacKinnon","shortName":"MacKinnon","partyId":"OTH","votes":1,"share":0.8064516129032258}],"partyVotes":{"LIB":42,"CPC":75,"BQ":0,"NDP":6,"GRN":0,"PPC":0,"OTH":1}}},"geometry":{"type":"Polygon","coordinates":[[[640.53,101.14],[640.63,101.04],[640.67,101.01],[640.66,101],[640.64,101.02],[640.63,101.01],[640.63,101.01],[640.65,100.99],[640.52,100.84],[640.53,100.83],[640.58,100.9],[640.69,100.99],[640.71,100.98],[640.78,100.91],[640.92,100.78],[641,100.8],[641.02,100.85],[641.06,100.87],[640.91,101.01],[640.74,101.01],[640.73,101.02],[640.73,101.03],[640.71,101.02],[640.71,101.02],[640.71,101.02],[640.71,101.02],[640.7,101.02],[640.69,101.01],[640.69,101.01],[640.66,101.03],[640.66,101.03],[640.65,101.02],[640.63,101.04],[640.64,101.05],[640.55,101.17],[640.53,101.14],[640.53,101.14]]]}},{"type":"Feature","id":"35102-176","properties":{"ridingCode":"35102","pollNumber":"176","pollType":"N","advancePollNumber":"615","sourceCode":"176-0","geometryPollNumbers":["176"],"code":"35102-176","resultPollNumbers":["176"],"resultStatus":"exact","result":{"electors":446,"voters":194,"totalVotes":194,"rejected":0,"turnout":43.49775784753363,"winnerId":"eric-duncan","winnerPartyId":"CPC","runnerUpId":"sarah-good","runnerUpPartyId":"LIB","margin":23.711340206185564,"top":[{"id":"eric-duncan","name":"Eric Duncan","shortName":"Duncan","partyId":"CPC","votes":120,"share":61.855670103092784},{"id":"sarah-good","name":"Sarah Good","shortName":"Good","partyId":"LIB","votes":74,"share":38.144329896907216},{"id":"gordon-kubanek","name":"Gordon Kubanek","shortName":"Kubanek","partyId":"GRN","votes":0,"share":0},{"id":"mario-leclerc","name":"Mario Leclerc","shortName":"Leclerc","partyId":"NDP","votes":0,"share":0}],"partyVotes":{"LIB":74,"CPC":120,"BQ":0,"NDP":0,"GRN":0,"PPC":0,"OTH":0}}},"geometry":{"type":"Polygon","coordinates":[[[640.28,100.88],[640.29,100.87],[640.43,100.73],[640.42,100.7],[640.46,100.71],[640.54,100.58],[640.56,100.57],[640.55,100.56],[640.57,100.47],[640.76,100.53],[640.78,100.64],[640.85,100.74],[640.92,100.78],[640.78,100.91],[640.71,100.98],[640.69,100.99],[640.58,100.9],[640.53,100.83],[640.52,100.84],[640.65,100.99],[640.63,101.01],[640.63,101.01],[640.64,101.02],[640.66,101],[640.67,101.01],[640.63,101.04],[640.53,101.14],[640.48,101.1],[640.37,100.97],[640.37,100.97],[640.28,100.88]]]}},{"type":"Feature","id":"35102-177","properties":{"ridingCode":"35102","pollNumber":"177","pollType":"N","advancePollNumber":"614","sourceCode":"177-0","geometryPollNumbers":["177"],"code":"35102-177","resultPollNumbers":["177"],"resultStatus":"exact","result":{"electors":577,"voters":192,"totalVotes":192,"rejected":0,"turnout":33.27556325823224,"winnerId":"eric-duncan","winnerPartyId":"CPC","runnerUpId":"sarah-good","runnerUpPartyId":"LIB","margin":1.0416666666666665,"top":[{"id":"eric-duncan","name":"Eric Duncan","shortName":"Duncan","partyId":"CPC","votes":97,"share":50.520833333333336},{"id":"sarah-good","name":"Sarah Good","shortName":"Good","partyId":"LIB","votes":95,"share":49.47916666666667},{"id":"gordon-kubanek","name":"Gordon Kubanek","shortName":"Kubanek","partyId":"GRN","votes":0,"share":0},{"id":"mario-leclerc","name":"Mario Leclerc","shortName":"Leclerc","partyId":"NDP","votes":0,"share":0}],"partyVotes":{"LIB":95,"CPC":97,"BQ":0,"NDP":0,"GRN":0,"PPC":0,"OTH":0}}},"geometry":{"type":"Polygon","coordinates":[[[641.58,101.21],[641.59,101.22],[641.63,101.19],[641.65,101.22],[641.68,101.2],[641.68,101.21],[641.69,101.22],[641.71,101.23],[641.73,101.24],[641.74,101.23],[641.75,101.24],[641.74,101.25],[641.75,101.26],[641.75,101.27],[641.77,101.3],[641.77,101.31],[641.76,101.32],[641.75,101.34],[641.67,101.32],[641.48,101.27],[641.59,101.18],[641.6,101.19],[641.58,101.21]]]}},{"type":"Feature","id":"35102-178A","properties":{"ridingCode":"35102","pollNumber":"178A","pollType":"N","advancePollNumber":"614","sourceCode":"178-0","geometryPollNumbers":["178"],"code":"35102-178A","resultPollNumbers":["178A"],"resultStatus":"resolved-combination","result":{"electors":426,"voters":141,"totalVotes":141,"rejected":0,"turnout":33.098591549295776,"winnerId":"eric-duncan","winnerPartyId":"CPC","runnerUpId":"sarah-good","runnerUpPartyId":"LIB","margin":30.49645390070922,"top":[{"id":"eric-duncan","name":"Eric Duncan","shortName":"Duncan","partyId":"CPC","votes":90,"share":63.829787234042556},{"id":"sarah-good","name":"Sarah Good","shortName":"Good","partyId":"LIB","votes":47,"share":33.33333333333333},{"id":"mario-leclerc","name":"Mario Leclerc","shortName":"Leclerc","partyId":"NDP","votes":4,"share":2.8368794326241136},{"id":"gordon-kubanek","name":"Gordon Kubanek","shortName":"Kubanek","partyId":"GRN","votes":0,"share":0}],"partyVotes":{"LIB":47,"CPC":90,"BQ":0,"NDP":4,"GRN":0,"PPC":0,"OTH":0}}},"geometry":{"type":"Polygon","coordinates":[[[641.69,101.16],[641.73,101.18],[641.73,101.18],[641.75,101.2],[641.79,101.24],[641.81,101.25],[641.84,101.26],[641.84,101.26],[641.83,101.27],[641.82,101.28],[641.81,101.29],[641.79,101.3],[641.77,101.31],[641.77,101.31],[641.77,101.31],[641.77,101.3],[641.75,101.27],[641.75,101.26],[641.74,101.25],[641.75,101.24],[641.74,101.23],[641.76,101.22],[641.71,101.18],[641.7,101.17],[641.69,101.18],[641.68,101.16],[641.69,101.16]]]}},{"type":"Feature","id":"35102-179","properties":{"ridingCode":"35102","pollNumber":"179","pollType":"N","advancePollNumber":"614","sourceCode":"179-0","geometryPollNumbers":["179"],"code":"35102-179","resultPollNumbers":["179"],"resultStatus":"exact","result":{"electors":475,"voters":162,"totalVotes":161,"rejected":1,"turnout":34.10526315789474,"winnerId":"eric-duncan","winnerPartyId":"CPC","runnerUpId":"sarah-good","runnerUpPartyId":"LIB","margin":20.496894409937887,"top":[{"id":"eric-duncan","name":"Eric Duncan","shortName":"Duncan","partyId":"CPC","votes":93,"share":57.7639751552795},{"id":"sarah-good","name":"Sarah Good","shortName":"Good","partyId":"LIB","votes":60,"share":37.267080745341616},{"id":"mario-leclerc","name":"Mario Leclerc","shortName":"Leclerc","partyId":"NDP","votes":5,"share":3.1055900621118013},{"id":"gordon-kubanek","name":"Gordon Kubanek","shortName":"Kubanek","partyId":"GRN","votes":3,"share":1.8633540372670807}],"partyVotes":{"LIB":60,"CPC":93,"BQ":0,"NDP":5,"GRN":3,"PPC":0,"OTH":0}}},"geometry":{"type":"Polygon","coordinates":[[[641.68,101.21],[641.7,101.19],[641.71,101.18],[641.76,101.22],[641.74,101.23],[641.73,101.24],[641.71,101.23],[641.69,101.22],[641.68,101.21]]]}},{"type":"Feature","id":"35102-180","properties":{"ridingCode":"35102","pollNumber":"180","pollType":"N","advancePollNumber":"614","sourceCode":"180-0","geometryPollNumbers":["180"],"code":"35102-180","resultPollNumbers":["180"],"resultStatus":"exact","result":{"electors":430,"voters":140,"totalVotes":140,"rejected":0,"turnout":32.55813953488372,"winnerId":"sarah-good","winnerPartyId":"LIB","runnerUpId":"eric-duncan","runnerUpPartyId":"CPC","margin":5.714285714285714,"top":[{"id":"sarah-good","name":"Sarah Good","shortName":"Good","partyId":"LIB","votes":71,"share":50.71428571428571},{"id":"eric-duncan","name":"Eric Duncan","shortName":"Duncan","partyId":"CPC","votes":63,"share":45},{"id":"mario-leclerc","name":"Mario Leclerc","shortName":"Leclerc","partyId":"NDP","votes":3,"share":2.142857142857143},{"id":"karl-ivan-mackinnon","name":"Karl Ivan MacKinnon","shortName":"MacKinnon","partyId":"OTH","votes":2,"share":1.4285714285714286}],"partyVotes":{"LIB":71,"CPC":63,"BQ":0,"NDP":3,"GRN":1,"PPC":0,"OTH":2}}},"geometry":{"type":"Polygon","coordinates":[[[641.63,101.18],[641.64,101.16],[641.66,101.18],[641.68,101.16],[641.69,101.18],[641.7,101.17],[641.71,101.18],[641.7,101.19],[641.68,101.21],[641.68,101.2],[641.65,101.22],[641.63,101.19],[641.63,101.19],[641.63,101.18]]]}},{"type":"Feature","id":"35102-181","properties":{"ridingCode":"35102","pollNumber":"181","pollType":"N","advancePollNumber":"614","sourceCode":"181-0","geometryPollNumbers":["181"],"code":"35102-181","resultPollNumbers":["181"],"resultStatus":"exact","result":{"electors":504,"voters":188,"totalVotes":187,"rejected":1,"turnout":37.301587301587304,"winnerId":"sarah-good","winnerPartyId":"LIB","runnerUpId":"eric-duncan","runnerUpPartyId":"CPC","margin":8.02139037433155,"top":[{"id":"sarah-good","name":"Sarah Good","shortName":"Good","partyId":"LIB","votes":99,"share":52.94117647058824},{"id":"eric-duncan","name":"Eric Duncan","shortName":"Duncan","partyId":"CPC","votes":84,"share":44.919786096256686},{"id":"mario-leclerc","name":"Mario Leclerc","shortName":"Leclerc","partyId":"NDP","votes":2,"share":1.06951871657754},{"id":"gordon-kubanek","name":"Gordon Kubanek","shortName":"Kubanek","partyId":"GRN","votes":1,"share":0.53475935828877}],"partyVotes":{"LIB":99,"CPC":84,"BQ":0,"NDP":2,"GRN":1,"PPC":0,"OTH":1}}},"geometry":{"type":"Polygon","coordinates":[[[641.54,101.13],[641.64,101.14],[641.63,101.15],[641.64,101.16],[641.63,101.18],[641.63,101.19],[641.63,101.19],[641.59,101.22],[641.58,101.21],[641.6,101.19],[641.59,101.18],[641.48,101.27],[641.44,101.31],[641.42,101.1],[641.44,101.07],[641.51,101.02],[641.62,101.07],[641.6,101.07],[641.59,101.08],[641.57,101.08],[641.53,101.07],[641.52,101.07],[641.51,101.08],[641.5,101.09],[641.48,101.13],[641.54,101.13]]]}},{"type":"Feature","id":"35102-182","properties":{"ridingCode":"35102","pollNumber":"182","pollType":"N","advancePollNumber":"614","sourceCode":"182-0","geometryPollNumbers":["182"],"code":"35102-182","resultPollNumbers":["182"],"resultStatus":"exact","result":{"electors":419,"voters":126,"totalVotes":125,"rejected":1,"turnout":30.071599045346066,"winnerId":"sarah-good","winnerPartyId":"LIB","runnerUpId":"eric-duncan","runnerUpPartyId":"CPC","margin":1.6,"top":[{"id":"sarah-good","name":"Sarah Good","shortName":"Good","partyId":"LIB","votes":61,"share":48.8},{"id":"eric-duncan","name":"Eric Duncan","shortName":"Duncan","partyId":"CPC","votes":59,"share":47.199999999999996},{"id":"mario-leclerc","name":"Mario Leclerc","shortName":"Leclerc","partyId":"NDP","votes":4,"share":3.2},{"id":"karl-ivan-mackinnon","name":"Karl Ivan MacKinnon","shortName":"MacKinnon","partyId":"OTH","votes":1,"share":0.8}],"partyVotes":{"LIB":61,"CPC":59,"BQ":0,"NDP":4,"GRN":0,"PPC":0,"OTH":1}}},"geometry":{"type":"Polygon","coordinates":[[[641.64,101.16],[641.63,101.15],[641.64,101.14],[641.54,101.13],[641.48,101.13],[641.5,101.09],[641.51,101.08],[641.52,101.07],[641.53,101.07],[641.57,101.08],[641.59,101.08],[641.6,101.07],[641.62,101.07],[641.72,101.11],[641.72,101.14],[641.73,101.14],[641.76,101.16],[641.8,101.19],[641.82,101.2],[641.85,101.21],[641.85,101.2],[641.88,101.2],[641.87,101.22],[641.87,101.23],[641.84,101.26],[641.81,101.25],[641.79,101.24],[641.75,101.2],[641.73,101.18],[641.73,101.18],[641.73,101.18],[641.69,101.16],[641.68,101.16],[641.66,101.18],[641.64,101.16]]]}},{"type":"Feature","id":"35102-183","properties":{"ridingCode":"35102","pollNumber":"183","pollType":"N","advancePollNumber":"623","sourceCode":"183-0","geometryPollNumbers":["183"],"code":"35102-183","resultPollNumbers":["183"],"resultStatus":"exact","result":{"electors":457,"voters":185,"totalVotes":185,"rejected":0,"turnout":40.48140043763676,"winnerId":"eric-duncan","winnerPartyId":"CPC","runnerUpId":"sarah-good","runnerUpPartyId":"LIB","margin":48.64864864864865,"top":[{"id":"eric-duncan","name":"Eric Duncan","shortName":"Duncan","partyId":"CPC","votes":135,"share":72.97297297297297},{"id":"sarah-good","name":"Sarah Good","shortName":"Good","partyId":"LIB","votes":45,"share":24.324324324324326},{"id":"mario-leclerc","name":"Mario Leclerc","shortName":"Leclerc","partyId":"NDP","votes":3,"share":1.6216216216216217},{"id":"gordon-kubanek","name":"Gordon Kubanek","shortName":"Kubanek","partyId":"GRN","votes":2,"share":1.0810810810810811}],"partyVotes":{"LIB":45,"CPC":135,"BQ":0,"NDP":3,"GRN":2,"PPC":0,"OTH":0}}},"geometry":{"type":"Polygon","coordinates":[[[636.58,100.86],[636.59,100.86],[636.6,100.85],[636.69,100.78],[636.98,100.52],[637.13,100.67],[637.13,100.67],[637.14,100.68],[637.21,100.76],[637.22,100.77],[637.22,100.78],[637.22,100.79],[637.18,100.82],[637.2,100.84],[637.24,100.85],[637.27,100.9],[637.29,100.92],[637.31,100.95],[637.31,100.95],[637.26,101],[637.38,101.12],[637.27,101.22],[637.15,101.08],[637.15,101.08],[637.2,101.03],[637.19,101.03],[636.93,101.27],[636.82,101.36],[636.48,100.96],[636.48,100.96],[636.58,100.87],[636.57,100.87],[636.57,100.86],[636.58,100.86]]]}},{"type":"Feature","id":"35102-184","properties":{"ridingCode":"35102","pollNumber":"184","pollType":"N","advancePollNumber":"622","sourceCode":"184-0","geometryPollNumbers":["184"],"code":"35102-184","resultPollNumbers":["184"],"resultStatus":"exact","result":{"electors":480,"voters":178,"totalVotes":178,"rejected":0,"turnout":37.083333333333336,"winnerId":"eric-duncan","winnerPartyId":"CPC","runnerUpId":"sarah-good","runnerUpPartyId":"LIB","margin":31.46067415730337,"top":[{"id":"eric-duncan","name":"Eric Duncan","shortName":"Duncan","partyId":"CPC","votes":113,"share":63.48314606741573},{"id":"sarah-good","name":"Sarah Good","shortName":"Good","partyId":"LIB","votes":57,"share":32.02247191011236},{"id":"mario-leclerc","name":"Mario Leclerc","shortName":"Leclerc","partyId":"NDP","votes":6,"share":3.3707865168539324},{"id":"gordon-kubanek","name":"Gordon Kubanek","shortName":"Kubanek","partyId":"GRN","votes":2,"share":1.1235955056179776}],"partyVotes":{"LIB":57,"CPC":113,"BQ":0,"NDP":6,"GRN":2,"PPC":0,"OTH":0}}},"geometry":{"type":"Polygon","coordinates":[[[637.17,100.56],[637.19,100.54],[637.2,100.55],[637.33,100.68],[637.42,100.6],[637.42,100.59],[637.43,100.59],[637.51,100.5],[637.66,100.66],[637.64,100.67],[637.61,100.66],[637.54,100.72],[637.66,100.86],[637.38,101.12],[637.26,101],[637.31,100.95],[637.31,100.95],[637.29,100.92],[637.27,100.9],[637.24,100.85],[637.2,100.84],[637.18,100.82],[637.22,100.79],[637.22,100.78],[637.22,100.77],[637.21,100.76],[637.14,100.68],[637.13,100.67],[637.13,100.66],[637.14,100.65],[637.2,100.59],[637.17,100.56]]]}},{"type":"Feature","id":"35102-185","properties":{"ridingCode":"35102","pollNumber":"185","pollType":"N","advancePollNumber":"623","sourceCode":"185-0","geometryPollNumbers":["185"],"code":"35102-185","resultPollNumbers":["185"],"resultStatus":"exact","result":{"electors":426,"voters":136,"totalVotes":136,"rejected":0,"turnout":31.92488262910798,"winnerId":"eric-duncan","winnerPartyId":"CPC","runnerUpId":"sarah-good","runnerUpPartyId":"LIB","margin":41.17647058823529,"top":[{"id":"eric-duncan","name":"Eric Duncan","shortName":"Duncan","partyId":"CPC","votes":94,"share":69.11764705882352},{"id":"sarah-good","name":"Sarah Good","shortName":"Good","partyId":"LIB","votes":38,"share":27.941176470588236},{"id":"mario-leclerc","name":"Mario Leclerc","shortName":"Leclerc","partyId":"NDP","votes":4,"share":2.941176470588235},{"id":"gordon-kubanek","name":"Gordon Kubanek","shortName":"Kubanek","partyId":"GRN","votes":0,"share":0}],"partyVotes":{"LIB":38,"CPC":94,"BQ":0,"NDP":4,"GRN":0,"PPC":0,"OTH":0}}},"geometry":{"type":"Polygon","coordinates":[[[636.4,100.87],[636.21,100.68],[636.08,100.55],[636.33,100.21],[636.41,100.29],[636.62,100.51],[636.52,100.59],[636.69,100.78],[636.6,100.85],[636.59,100.86],[636.58,100.86],[636.57,100.86],[636.57,100.87],[636.58,100.87],[636.48,100.96],[636.4,100.87]]]}},{"type":"Feature","id":"35102-186","properties":{"ridingCode":"35102","pollNumber":"186","pollType":"N","advancePollNumber":"622","sourceCode":"186-0","geometryPollNumbers":["186"],"code":"35102-186","resultPollNumbers":["186"],"resultStatus":"exact","result":{"electors":344,"voters":99,"totalVotes":99,"rejected":0,"turnout":28.77906976744186,"winnerId":"eric-duncan","winnerPartyId":"CPC","runnerUpId":"sarah-good","runnerUpPartyId":"LIB","margin":29.292929292929294,"top":[{"id":"eric-duncan","name":"Eric Duncan","shortName":"Duncan","partyId":"CPC","votes":62,"share":62.62626262626263},{"id":"sarah-good","name":"Sarah Good","shortName":"Good","partyId":"LIB","votes":33,"share":33.33333333333333},{"id":"gordon-kubanek","name":"Gordon Kubanek","shortName":"Kubanek","partyId":"GRN","votes":4,"share":4.040404040404041},{"id":"mario-leclerc","name":"Mario Leclerc","shortName":"Leclerc","partyId":"NDP","votes":0,"share":0}],"partyVotes":{"LIB":33,"CPC":62,"BQ":0,"NDP":0,"GRN":4,"PPC":0,"OTH":0}}},"geometry":{"type":"Polygon","coordinates":[[[637.2,100.55],[637.23,100.53],[637.24,100.54],[637.24,100.55],[637.26,100.57],[637.29,100.54],[637.27,100.53],[637.27,100.53],[637.32,100.48],[637.42,100.59],[637.42,100.6],[637.33,100.68],[637.2,100.55]]]}},{"type":"Feature","id":"35102-187","properties":{"ridingCode":"35102","pollNumber":"187","pollType":"N","advancePollNumber":"622","sourceCode":"187-0","geometryPollNumbers":["187"],"code":"35102-187","resultPollNumbers":["187"],"resultStatus":"exact","result":{"electors":404,"voters":129,"totalVotes":129,"rejected":0,"turnout":31.93069306930693,"winnerId":"eric-duncan","winnerPartyId":"CPC","runnerUpId":"sarah-good","runnerUpPartyId":"LIB","margin":37.2093023255814,"top":[{"id":"eric-duncan","name":"Eric Duncan","shortName":"Duncan","partyId":"CPC","votes":87,"share":67.44186046511628},{"id":"sarah-good","name":"Sarah Good","shortName":"Good","partyId":"LIB","votes":39,"share":30.23255813953488},{"id":"mario-leclerc","name":"Mario Leclerc","shortName":"Leclerc","partyId":"NDP","votes":2,"share":1.550387596899225},{"id":"gordon-kubanek","name":"Gordon Kubanek","shortName":"Kubanek","partyId":"GRN","votes":1,"share":0.7751937984496124}],"partyVotes":{"LIB":39,"CPC":87,"BQ":0,"NDP":2,"GRN":1,"PPC":0,"OTH":0}}},"geometry":{"type":"Polygon","coordinates":[[[636.91,100.26],[637.08,100.42],[637.19,100.54],[637.17,100.56],[637.2,100.59],[637.14,100.65],[637.13,100.66],[637.13,100.67],[637.13,100.67],[636.98,100.52],[636.81,100.34],[636.91,100.26]]]}},{"type":"Feature","id":"35102-188","properties":{"ridingCode":"35102","pollNumber":"188","pollType":"N","advancePollNumber":"622","sourceCode":"188-0","geometryPollNumbers":["188"],"code":"35102-188","resultPollNumbers":["188"],"resultStatus":"exact","result":{"electors":725,"voters":195,"totalVotes":194,"rejected":1,"turnout":26.89655172413793,"winnerId":"eric-duncan","winnerPartyId":"CPC","runnerUpId":"sarah-good","runnerUpPartyId":"LIB","margin":30.927835051546392,"top":[{"id":"eric-duncan","name":"Eric Duncan","shortName":"Duncan","partyId":"CPC","votes":122,"share":62.88659793814433},{"id":"sarah-good","name":"Sarah Good","shortName":"Good","partyId":"LIB","votes":62,"share":31.958762886597935},{"id":"mario-leclerc","name":"Mario Leclerc","shortName":"Leclerc","partyId":"NDP","votes":9,"share":4.639175257731959},{"id":"gordon-kubanek","name":"Gordon Kubanek","shortName":"Kubanek","partyId":"GRN","votes":1,"share":0.5154639175257731}],"partyVotes":{"LIB":62,"CPC":122,"BQ":0,"NDP":9,"GRN":1,"PPC":0,"OTH":0}}},"geometry":{"type":"Polygon","coordinates":[[[637.08,100.42],[637.13,100.38],[637.21,100.47],[637.21,100.47],[637.24,100.5],[637.22,100.52],[637.23,100.53],[637.2,100.55],[637.19,100.54],[637.08,100.42]],[[637.19,100.5],[637.21,100.51],[637.21,100.51],[637.19,100.5]]]}},{"type":"Feature","id":"35102-189","properties":{"ridingCode":"35102","pollNumber":"189","pollType":"N","advancePollNumber":"623","sourceCode":"189-0","geometryPollNumbers":["189"],"code":"35102-189","resultPollNumbers":["189"],"resultStatus":"exact","result":{"electors":413,"voters":135,"totalVotes":132,"rejected":3,"turnout":32.68765133171913,"winnerId":"eric-duncan","winnerPartyId":"CPC","runnerUpId":"sarah-good","runnerUpPartyId":"LIB","margin":44.696969696969695,"top":[{"id":"eric-duncan","name":"Eric Duncan","shortName":"Duncan","partyId":"CPC","votes":93,"share":70.45454545454545},{"id":"sarah-good","name":"Sarah Good","shortName":"Good","partyId":"LIB","votes":34,"share":25.757575757575758},{"id":"gordon-kubanek","name":"Gordon Kubanek","shortName":"Kubanek","partyId":"GRN","votes":2,"share":1.5151515151515151},{"id":"mario-leclerc","name":"Mario Leclerc","shortName":"Leclerc","partyId":"NDP","votes":2,"share":1.5151515151515151}],"partyVotes":{"LIB":34,"CPC":93,"BQ":0,"NDP":2,"GRN":2,"PPC":0,"OTH":1}}},"geometry":{"type":"Polygon","coordinates":[[[636.38,100.15],[636.38,100.09],[636.47,100.03],[636.47,100.01],[636.48,100],[636.56,99.94],[636.57,99.93],[636.59,99.91],[636.67,99.85],[636.68,99.83],[636.77,99.75],[636.84,99.82],[637.02,100],[637.16,100.13],[637.13,100.15],[637.14,100.16],[637.14,100.16],[637.11,100.19],[637.12,100.21],[637.12,100.22],[637.13,100.23],[637.12,100.26],[637.12,100.27],[637.12,100.28],[637.17,100.32],[637.18,100.32],[637.2,100.31],[637.2,100.31],[637.2,100.32],[637.19,100.32],[637.18,100.33],[637.13,100.38],[637.08,100.42],[636.91,100.26],[636.81,100.34],[636.98,100.52],[636.69,100.78],[636.52,100.59],[636.62,100.51],[636.41,100.29],[636.33,100.21],[636.38,100.15]]]}},{"type":"Feature","id":"35102-190","properties":{"ridingCode":"35102","pollNumber":"190","pollType":"N","advancePollNumber":"619","sourceCode":"190-0","geometryPollNumbers":["190"],"code":"35102-190","resultPollNumbers":["190"],"resultStatus":"exact","result":{"electors":238,"voters":100,"totalVotes":98,"rejected":2,"turnout":42.016806722689076,"winnerId":"eric-duncan","winnerPartyId":"CPC","runnerUpId":"sarah-good","runnerUpPartyId":"LIB","margin":70.40816326530613,"top":[{"id":"eric-duncan","name":"Eric Duncan","shortName":"Duncan","partyId":"CPC","votes":82,"share":83.6734693877551},{"id":"sarah-good","name":"Sarah Good","shortName":"Good","partyId":"LIB","votes":13,"share":13.26530612244898},{"id":"mario-leclerc","name":"Mario Leclerc","shortName":"Leclerc","partyId":"NDP","votes":3,"share":3.061224489795918},{"id":"gordon-kubanek","name":"Gordon Kubanek","shortName":"Kubanek","partyId":"GRN","votes":0,"share":0}],"partyVotes":{"LIB":13,"CPC":82,"BQ":0,"NDP":3,"GRN":0,"PPC":0,"OTH":0}}},"geometry":{"type":"Polygon","coordinates":[[[639.59,101.33],[639.49,101.22],[639.48,101.21],[639.48,101.18],[639.49,101.17],[639.49,101.16],[639.55,101.12],[639.55,101.1],[639.55,101.08],[639.55,101.07],[639.56,101.06],[639.58,101.04],[639.58,101.03],[639.59,101.02],[639.59,100.99],[639.59,100.98],[639.6,100.97],[639.72,100.87],[639.73,100.86],[639.74,100.86],[639.76,100.87],[639.77,100.88],[639.78,100.88],[639.79,100.87],[639.91,100.77],[640.01,100.69],[640.02,100.67],[640.02,100.61],[640.02,100.6],[640.03,100.59],[640.21,100.79],[640.05,100.92],[639.84,101.11],[640,101.28],[639.92,101.35],[639.91,101.35],[639.89,101.35],[639.88,101.36],[639.87,101.36],[639.74,101.47],[639.73,101.47],[639.72,101.48],[639.59,101.33]]]}},{"type":"Feature","id":"35102-191","properties":{"ridingCode":"35102","pollNumber":"191","pollType":"N","advancePollNumber":"619","sourceCode":"191-0","geometryPollNumbers":["191"],"code":"35102-191","resultPollNumbers":["191"],"resultStatus":"exact","result":{"electors":343,"voters":123,"totalVotes":123,"rejected":0,"turnout":35.8600583090379,"winnerId":"eric-duncan","winnerPartyId":"CPC","runnerUpId":"sarah-good","runnerUpPartyId":"LIB","margin":22.76422764227642,"top":[{"id":"eric-duncan","name":"Eric Duncan","shortName":"Duncan","partyId":"CPC","votes":71,"share":57.72357723577236},{"id":"sarah-good","name":"Sarah Good","shortName":"Good","partyId":"LIB","votes":43,"share":34.959349593495936},{"id":"mario-leclerc","name":"Mario Leclerc","shortName":"Leclerc","partyId":"NDP","votes":6,"share":4.878048780487805},{"id":"gordon-kubanek","name":"Gordon Kubanek","shortName":"Kubanek","partyId":"GRN","votes":2,"share":1.6260162601626018}],"partyVotes":{"LIB":43,"CPC":71,"BQ":0,"NDP":6,"GRN":2,"PPC":0,"OTH":1}}},"geometry":{"type":"Polygon","coordinates":[[[640.14,100.48],[640.16,100.45],[640.22,100.5],[640.24,100.52],[640.13,100.63],[640.07,100.64],[640.06,100.62],[640.2,100.5],[640.19,100.5],[640.16,100.53],[640.13,100.49],[640.14,100.48]]]}},{"type":"Feature","id":"35102-192","properties":{"ridingCode":"35102","pollNumber":"192","pollType":"N","advancePollNumber":"619","sourceCode":"192-0","geometryPollNumbers":["192"],"code":"35102-192","resultPollNumbers":["192"],"resultStatus":"exact","result":{"electors":462,"voters":178,"totalVotes":178,"rejected":0,"turnout":38.52813852813853,"winnerId":"eric-duncan","winnerPartyId":"CPC","runnerUpId":"sarah-good","runnerUpPartyId":"LIB","margin":30.337078651685395,"top":[{"id":"eric-duncan","name":"Eric Duncan","shortName":"Duncan","partyId":"CPC","votes":112,"share":62.92134831460674},{"id":"sarah-good","name":"Sarah Good","shortName":"Good","partyId":"LIB","votes":58,"share":32.58426966292135},{"id":"gordon-kubanek","name":"Gordon Kubanek","shortName":"Kubanek","partyId":"GRN","votes":5,"share":2.8089887640449436},{"id":"mario-leclerc","name":"Mario Leclerc","shortName":"Leclerc","partyId":"NDP","votes":3,"share":1.6853932584269662}],"partyVotes":{"LIB":58,"CPC":112,"BQ":0,"NDP":3,"GRN":5,"PPC":0,"OTH":0}}},"geometry":{"type":"Polygon","coordinates":[[[640.03,100.58],[640.04,100.57],[640.13,100.49],[640.16,100.53],[640.19,100.5],[640.2,100.5],[640.06,100.62],[640.07,100.64],[640.13,100.63],[640.24,100.52],[640.22,100.5],[640.16,100.45],[640.13,100.43],[640.08,100.38],[640.06,100.36],[640.05,100.33],[640.12,100.26],[640.17,100.23],[640.18,100.26],[640.3,100.37],[640.48,100.44],[640.57,100.47],[640.55,100.56],[640.56,100.57],[640.54,100.58],[640.46,100.71],[640.42,100.7],[640.43,100.73],[640.29,100.87],[640.28,100.88],[640.21,100.79],[640.03,100.59],[640.03,100.58]]]}},{"type":"Feature","id":"35102-193","properties":{"ridingCode":"35102","pollNumber":"193","pollType":"N","advancePollNumber":"619","sourceCode":"193-0","geometryPollNumbers":["193"],"code":"35102-193","resultPollNumbers":["193"],"resultStatus":"exact","result":{"electors":401,"voters":131,"totalVotes":130,"rejected":1,"turnout":32.66832917705736,"winnerId":"eric-duncan","winnerPartyId":"CPC","runnerUpId":"sarah-good","runnerUpPartyId":"LIB","margin":43.84615384615385,"top":[{"id":"eric-duncan","name":"Eric Duncan","shortName":"Duncan","partyId":"CPC","votes":91,"share":70},{"id":"sarah-good","name":"Sarah Good","shortName":"Good","partyId":"LIB","votes":34,"share":26.153846153846157},{"id":"mario-leclerc","name":"Mario Leclerc","shortName":"Leclerc","partyId":"NDP","votes":4,"share":3.076923076923077},{"id":"karl-ivan-mackinnon","name":"Karl Ivan MacKinnon","shortName":"MacKinnon","partyId":"OTH","votes":1,"share":0.7692307692307693}],"partyVotes":{"LIB":34,"CPC":91,"BQ":0,"NDP":4,"GRN":0,"PPC":0,"OTH":1}}},"geometry":{"type":"Polygon","coordinates":[[[639.13,100.47],[639.28,100.34],[639.2,100.28],[639.12,100.18],[639.2,100.11],[639.21,100.09],[639.27,100.03],[639.34,100.1],[639.4,100.05],[639.41,100.04],[639.56,99.91],[639.57,99.93],[639.58,99.94],[639.57,100.03],[639.57,100.06],[639.58,100.07],[639.58,100.08],[639.59,100.09],[639.69,100.2],[639.67,100.22],[639.55,100.32],[639.55,100.34],[639.47,100.4],[639.57,100.51],[639.64,100.59],[639.7,100.64],[639.77,100.59],[639.76,100.58],[639.86,100.49],[639.86,100.48],[639.86,100.48],[639.87,100.48],[639.91,100.45],[640.03,100.58],[640.03,100.59],[640.02,100.6],[640.02,100.61],[640.02,100.67],[640.01,100.69],[639.91,100.77],[639.79,100.87],[639.78,100.88],[639.77,100.88],[639.76,100.87],[639.74,100.86],[639.73,100.86],[639.72,100.87],[639.6,100.97],[639.59,100.98],[639.59,100.99],[639.58,100.99],[639.57,100.98],[639.19,100.53],[639.18,100.53],[639.12,100.48],[639.14,100.47],[639.13,100.47]]]}},{"type":"Feature","id":"35102-194","properties":{"ridingCode":"35102","pollNumber":"194","pollType":"N","advancePollNumber":"619","sourceCode":"194-0","geometryPollNumbers":["194"],"code":"35102-194","resultPollNumbers":["194"],"resultStatus":"exact","result":{"electors":396,"voters":145,"totalVotes":145,"rejected":0,"turnout":36.61616161616162,"winnerId":"eric-duncan","winnerPartyId":"CPC","runnerUpId":"sarah-good","runnerUpPartyId":"LIB","margin":20.689655172413794,"top":[{"id":"eric-duncan","name":"Eric Duncan","shortName":"Duncan","partyId":"CPC","votes":86,"share":59.310344827586206},{"id":"sarah-good","name":"Sarah Good","shortName":"Good","partyId":"LIB","votes":56,"share":38.62068965517241},{"id":"mario-leclerc","name":"Mario Leclerc","shortName":"Leclerc","partyId":"NDP","votes":2,"share":1.3793103448275863},{"id":"gordon-kubanek","name":"Gordon Kubanek","shortName":"Kubanek","partyId":"GRN","votes":1,"share":0.6896551724137931}],"partyVotes":{"LIB":56,"CPC":86,"BQ":0,"NDP":2,"GRN":1,"PPC":0,"OTH":0}}},"geometry":{"type":"Polygon","coordinates":[[[639.93,100.43],[640.05,100.33],[640.06,100.36],[640.08,100.38],[640.08,100.39],[640.06,100.37],[640.03,100.4],[640.05,100.41],[640.08,100.43],[640.06,100.45],[640.09,100.48],[640.1,100.47],[640.11,100.48],[640.13,100.46],[640.14,100.48],[640.13,100.49],[640.04,100.57],[640.03,100.58],[639.91,100.45],[639.93,100.43]]]}},{"type":"Feature","id":"35102-195","properties":{"ridingCode":"35102","pollNumber":"195","pollType":"N","advancePollNumber":"619","sourceCode":"195-0","geometryPollNumbers":["195"],"code":"35102-195","resultPollNumbers":["195"],"resultStatus":"exact","result":{"electors":377,"voters":122,"totalVotes":121,"rejected":1,"turnout":32.360742705570296,"winnerId":"eric-duncan","winnerPartyId":"CPC","runnerUpId":"sarah-good","runnerUpPartyId":"LIB","margin":33.88429752066116,"top":[{"id":"eric-duncan","name":"Eric Duncan","shortName":"Duncan","partyId":"CPC","votes":79,"share":65.28925619834712},{"id":"sarah-good","name":"Sarah Good","shortName":"Good","partyId":"LIB","votes":38,"share":31.40495867768595},{"id":"mario-leclerc","name":"Mario Leclerc","shortName":"Leclerc","partyId":"NDP","votes":2,"share":1.6528925619834711},{"id":"gordon-kubanek","name":"Gordon Kubanek","shortName":"Kubanek","partyId":"GRN","votes":1,"share":0.8264462809917356}],"partyVotes":{"LIB":38,"CPC":79,"BQ":0,"NDP":2,"GRN":1,"PPC":0,"OTH":1}}},"geometry":{"type":"Polygon","coordinates":[[[640.08,100.43],[640.1,100.41],[640.13,100.44],[640.13,100.43],[640.16,100.45],[640.14,100.48],[640.13,100.46],[640.11,100.48],[640.1,100.47],[640.09,100.48],[640.06,100.45],[640.08,100.43]]]}},{"type":"Feature","id":"35102-196","properties":{"ridingCode":"35102","pollNumber":"196","pollType":"N","advancePollNumber":"619","sourceCode":"196-0","geometryPollNumbers":["196"],"code":"35102-196","resultPollNumbers":["196"],"resultStatus":"exact","result":{"electors":316,"voters":114,"totalVotes":113,"rejected":1,"turnout":36.075949367088604,"winnerId":"eric-duncan","winnerPartyId":"CPC","runnerUpId":"sarah-good","runnerUpPartyId":"LIB","margin":30.08849557522124,"top":[{"id":"eric-duncan","name":"Eric Duncan","shortName":"Duncan","partyId":"CPC","votes":73,"share":64.60176991150442},{"id":"sarah-good","name":"Sarah Good","shortName":"Good","partyId":"LIB","votes":39,"share":34.51327433628318},{"id":"mario-leclerc","name":"Mario Leclerc","shortName":"Leclerc","partyId":"NDP","votes":1,"share":0.8849557522123894},{"id":"gordon-kubanek","name":"Gordon Kubanek","shortName":"Kubanek","partyId":"GRN","votes":0,"share":0}],"partyVotes":{"LIB":39,"CPC":73,"BQ":0,"NDP":1,"GRN":0,"PPC":0,"OTH":0}}},"geometry":{"type":"Polygon","coordinates":[[[640.05,100.41],[640.03,100.4],[640.06,100.37],[640.08,100.39],[640.08,100.38],[640.13,100.43],[640.13,100.44],[640.1,100.41],[640.08,100.43],[640.05,100.41]]]}},{"type":"Feature","id":"35102-197","properties":{"ridingCode":"35102","pollNumber":"197","pollType":"N","advancePollNumber":"619","sourceCode":"197-0","geometryPollNumbers":["197"],"code":"35102-197","resultPollNumbers":["197"],"resultStatus":"exact","result":{"electors":454,"voters":150,"totalVotes":149,"rejected":1,"turnout":33.03964757709251,"winnerId":"eric-duncan","winnerPartyId":"CPC","runnerUpId":"sarah-good","runnerUpPartyId":"LIB","margin":48.99328859060403,"top":[{"id":"eric-duncan","name":"Eric Duncan","shortName":"Duncan","partyId":"CPC","votes":109,"share":73.15436241610739},{"id":"sarah-good","name":"Sarah Good","shortName":"Good","partyId":"LIB","votes":36,"share":24.161073825503358},{"id":"gordon-kubanek","name":"Gordon Kubanek","shortName":"Kubanek","partyId":"GRN","votes":2,"share":1.342281879194631},{"id":"karl-ivan-mackinnon","name":"Karl Ivan MacKinnon","shortName":"MacKinnon","partyId":"OTH","votes":2,"share":1.342281879194631}],"partyVotes":{"LIB":36,"CPC":109,"BQ":0,"NDP":0,"GRN":2,"PPC":0,"OTH":2}}},"geometry":{"type":"Polygon","coordinates":[[[639.57,100.51],[639.47,100.4],[639.55,100.34],[639.55,100.32],[639.67,100.22],[639.69,100.2],[639.59,100.09],[639.58,100.08],[639.58,100.07],[639.57,100.06],[639.57,100.03],[639.58,99.94],[639.6,99.95],[639.66,100],[639.66,100],[639.82,99.87],[639.8,99.74],[639.87,99.69],[640.04,99.86],[640.16,100.04],[640.16,100.08],[640.17,100.13],[640.15,100.18],[640.17,100.23],[640.12,100.26],[640.05,100.33],[639.93,100.43],[639.91,100.45],[639.87,100.48],[639.86,100.48],[639.86,100.48],[639.86,100.49],[639.76,100.58],[639.77,100.59],[639.7,100.64],[639.64,100.59],[639.57,100.51]]]}},{"type":"Feature","id":"35102-198","properties":{"ridingCode":"35102","pollNumber":"198","pollType":"N","advancePollNumber":"622","sourceCode":"198-0","geometryPollNumbers":["198"],"code":"35102-198","resultPollNumbers":["198"],"resultStatus":"exact","result":{"electors":355,"voters":119,"totalVotes":119,"rejected":0,"turnout":33.52112676056338,"winnerId":"eric-duncan","winnerPartyId":"CPC","runnerUpId":"sarah-good","runnerUpPartyId":"LIB","margin":36.134453781512605,"top":[{"id":"eric-duncan","name":"Eric Duncan","shortName":"Duncan","partyId":"CPC","votes":79,"share":66.38655462184873},{"id":"sarah-good","name":"Sarah Good","shortName":"Good","partyId":"LIB","votes":36,"share":30.252100840336134},{"id":"mario-leclerc","name":"Mario Leclerc","shortName":"Leclerc","partyId":"NDP","votes":3,"share":2.5210084033613445},{"id":"gordon-kubanek","name":"Gordon Kubanek","shortName":"Kubanek","partyId":"GRN","votes":1,"share":0.8403361344537815}],"partyVotes":{"LIB":36,"CPC":79,"BQ":0,"NDP":3,"GRN":1,"PPC":0,"OTH":0}}},"geometry":{"type":"Polygon","coordinates":[[[637.22,100.52],[637.24,100.5],[637.25,100.51],[637.26,100.5],[637.27,100.5],[637.26,100.51],[637.26,100.52],[637.26,100.52],[637.27,100.53],[637.27,100.53],[637.27,100.53],[637.29,100.54],[637.26,100.57],[637.24,100.55],[637.24,100.54],[637.23,100.53],[637.22,100.52]]]}},{"type":"Feature","id":"35102-199","properties":{"ridingCode":"35102","pollNumber":"199","pollType":"N","advancePollNumber":"622","sourceCode":"199-0","geometryPollNumbers":["199"],"code":"35102-199","resultPollNumbers":["199"],"resultStatus":"exact","result":{"electors":409,"voters":134,"totalVotes":134,"rejected":0,"turnout":32.76283618581907,"winnerId":"eric-duncan","winnerPartyId":"CPC","runnerUpId":"sarah-good","runnerUpPartyId":"LIB","margin":51.49253731343284,"top":[{"id":"eric-duncan","name":"Eric Duncan","shortName":"Duncan","partyId":"CPC","votes":98,"share":73.13432835820896},{"id":"sarah-good","name":"Sarah Good","shortName":"Good","partyId":"LIB","votes":29,"share":21.641791044776117},{"id":"mario-leclerc","name":"Mario Leclerc","shortName":"Leclerc","partyId":"NDP","votes":5,"share":3.731343283582089},{"id":"gordon-kubanek","name":"Gordon Kubanek","shortName":"Kubanek","partyId":"GRN","votes":1,"share":0.7462686567164178}],"partyVotes":{"LIB":29,"CPC":98,"BQ":0,"NDP":5,"GRN":1,"PPC":0,"OTH":1}}},"geometry":{"type":"Polygon","coordinates":[[[637.37,100.15],[637.56,100],[637.56,99.99],[637.56,99.99],[637.67,99.89],[637.93,100.19],[638,100.27],[638.14,100.42],[638.14,100.43],[638.05,100.5],[638.05,100.5],[637.93,100.6],[637.82,100.48],[637.81,100.48],[637.8,100.48],[637.83,100.53],[637.84,100.55],[637.84,100.56],[637.84,100.6],[637.85,100.62],[637.86,100.63],[637.87,100.64],[637.84,100.66],[637.85,100.67],[637.85,100.67],[637.81,100.71],[637.75,100.76],[637.69,100.7],[637.66,100.66],[637.51,100.5],[637.43,100.41],[637.27,100.24],[637.37,100.15]]]}},{"type":"Feature","id":"35102-200","properties":{"ridingCode":"35102","pollNumber":"200","pollType":"N","advancePollNumber":"622","sourceCode":"200-0","geometryPollNumbers":["200"],"code":"35102-200","resultPollNumbers":["200"],"resultStatus":"exact","result":{"electors":406,"voters":152,"totalVotes":152,"rejected":0,"turnout":37.4384236453202,"winnerId":"eric-duncan","winnerPartyId":"CPC","runnerUpId":"sarah-good","runnerUpPartyId":"LIB","margin":20.394736842105264,"top":[{"id":"eric-duncan","name":"Eric Duncan","shortName":"Duncan","partyId":"CPC","votes":90,"share":59.210526315789465},{"id":"sarah-good","name":"Sarah Good","shortName":"Good","partyId":"LIB","votes":59,"share":38.81578947368421},{"id":"gordon-kubanek","name":"Gordon Kubanek","shortName":"Kubanek","partyId":"GRN","votes":3,"share":1.9736842105263157},{"id":"mario-leclerc","name":"Mario Leclerc","shortName":"Leclerc","partyId":"NDP","votes":0,"share":0}],"partyVotes":{"LIB":59,"CPC":90,"BQ":0,"NDP":0,"GRN":3,"PPC":0,"OTH":0}}},"geometry":{"type":"Polygon","coordinates":[[[637.02,100],[637.05,99.97],[637.11,99.91],[637.12,99.9],[637.13,99.9],[637.19,99.97],[637.28,100.06],[637.37,100.15],[637.27,100.24],[637.43,100.41],[637.51,100.5],[637.43,100.59],[637.42,100.59],[637.32,100.48],[637.27,100.53],[637.27,100.53],[637.27,100.53],[637.27,100.53],[637.26,100.52],[637.26,100.52],[637.26,100.51],[637.27,100.5],[637.26,100.5],[637.25,100.51],[637.24,100.5],[637.21,100.47],[637.21,100.47],[637.13,100.38],[637.18,100.33],[637.19,100.32],[637.2,100.32],[637.2,100.31],[637.2,100.31],[637.18,100.32],[637.17,100.32],[637.12,100.28],[637.12,100.27],[637.12,100.26],[637.13,100.23],[637.12,100.22],[637.12,100.21],[637.11,100.19],[637.14,100.16],[637.14,100.16],[637.13,100.15],[637.16,100.13],[637.02,100]]]}},{"type":"Feature","id":"35102-201","properties":{"ridingCode":"35102","pollNumber":"201","pollType":"N","advancePollNumber":"621","sourceCode":"201-0","geometryPollNumbers":["201"],"code":"35102-201","resultPollNumbers":["201"],"resultStatus":"exact","result":{"electors":401,"voters":161,"totalVotes":160,"rejected":1,"turnout":40.14962593516209,"winnerId":"eric-duncan","winnerPartyId":"CPC","runnerUpId":"sarah-good","runnerUpPartyId":"LIB","margin":35,"top":[{"id":"eric-duncan","name":"Eric Duncan","shortName":"Duncan","partyId":"CPC","votes":102,"share":63.74999999999999},{"id":"sarah-good","name":"Sarah Good","shortName":"Good","partyId":"LIB","votes":46,"share":28.749999999999996},{"id":"mario-leclerc","name":"Mario Leclerc","shortName":"Leclerc","partyId":"NDP","votes":8,"share":5},{"id":"gordon-kubanek","name":"Gordon Kubanek","shortName":"Kubanek","partyId":"GRN","votes":4,"share":2.5}],"partyVotes":{"LIB":46,"CPC":102,"BQ":0,"NDP":8,"GRN":4,"PPC":0,"OTH":0}}},"geometry":{"type":"Polygon","coordinates":[[[638.23,100.52],[638.23,100.49],[638.24,100.45],[638.24,100.42],[638.25,100.42],[638.26,100.41],[638.26,100.4],[638.26,100.39],[638.25,100.39],[638.25,100.38],[638.31,100.32],[638.42,100.21],[638.44,100.24],[638.4,100.28],[638.4,100.29],[638.42,100.31],[638.43,100.35],[638.45,100.37],[638.48,100.42],[638.5,100.45],[638.6,100.35],[638.45,100.2],[638.52,100.13],[638.5,100.11],[638.47,100.09],[638.42,100.05],[638.44,100.04],[638.43,100.02],[638.43,100.02],[638.5,99.95],[638.56,99.91],[638.81,100.17],[638.85,100.13],[638.89,100.19],[639.01,100.28],[638.98,100.3],[639.13,100.47],[638.81,100.79],[638.63,100.96],[638.6,100.93],[638.59,100.93],[638.59,100.93],[638.43,100.75],[638.43,100.75],[638.43,100.75],[638.23,100.52]]]}},{"type":"Feature","id":"35102-202","properties":{"ridingCode":"35102","pollNumber":"202","pollType":"N","advancePollNumber":"621","sourceCode":"202-0","geometryPollNumbers":["202"],"code":"35102-202","resultPollNumbers":["202"],"resultStatus":"exact","result":{"electors":410,"voters":194,"totalVotes":193,"rejected":1,"turnout":47.3170731707317,"winnerId":"eric-duncan","winnerPartyId":"CPC","runnerUpId":"sarah-good","runnerUpPartyId":"LIB","margin":59.067357512953365,"top":[{"id":"eric-duncan","name":"Eric Duncan","shortName":"Duncan","partyId":"CPC","votes":150,"share":77.720207253886},{"id":"sarah-good","name":"Sarah Good","shortName":"Good","partyId":"LIB","votes":36,"share":18.65284974093264},{"id":"mario-leclerc","name":"Mario Leclerc","shortName":"Leclerc","partyId":"NDP","votes":6,"share":3.1088082901554404},{"id":"karl-ivan-mackinnon","name":"Karl Ivan MacKinnon","shortName":"MacKinnon","partyId":"OTH","votes":1,"share":0.5181347150259068}],"partyVotes":{"LIB":36,"CPC":150,"BQ":0,"NDP":6,"GRN":0,"PPC":0,"OTH":1}}},"geometry":{"type":"Polygon","coordinates":[[[637.81,99.47],[637.96,99.64],[637.96,99.65],[638.1,99.81],[638.17,99.74],[638.19,99.73],[638.2,99.72],[638.25,99.67],[638.29,99.71],[638.24,99.76],[638.33,99.85],[638.33,99.86],[638.3,99.89],[638.31,99.91],[638.32,99.92],[638.36,99.96],[638.43,99.88],[638.44,99.88],[638.5,99.95],[638.43,100.02],[638.43,100.02],[638.44,100.04],[638.42,100.05],[638.47,100.09],[638.5,100.11],[638.52,100.13],[638.45,100.2],[638.6,100.35],[638.5,100.45],[638.48,100.42],[638.45,100.37],[638.43,100.35],[638.42,100.31],[638.4,100.29],[638.4,100.28],[638.44,100.24],[638.42,100.21],[638.31,100.32],[638.25,100.38],[638.25,100.39],[638.26,100.39],[638.26,100.4],[638.26,100.41],[638.25,100.42],[638.24,100.42],[638.24,100.45],[638.23,100.49],[638.23,100.52],[638.14,100.42],[638,100.27],[637.93,100.19],[637.67,99.89],[637.73,99.84],[637.73,99.83],[637.72,99.55],[637.81,99.47]]]}},{"type":"Feature","id":"35102-203","properties":{"ridingCode":"35102","pollNumber":"203","pollType":"N","advancePollNumber":"620","sourceCode":"203-0","geometryPollNumbers":["203"],"code":"35102-203","resultPollNumbers":["203"],"resultStatus":"exact","result":{"electors":343,"voters":166,"totalVotes":166,"rejected":0,"turnout":48.39650145772595,"winnerId":"eric-duncan","winnerPartyId":"CPC","runnerUpId":"sarah-good","runnerUpPartyId":"LIB","margin":62.048192771084345,"top":[{"id":"eric-duncan","name":"Eric Duncan","shortName":"Duncan","partyId":"CPC","votes":133,"share":80.12048192771084},{"id":"sarah-good","name":"Sarah Good","shortName":"Good","partyId":"LIB","votes":30,"share":18.072289156626507},{"id":"gordon-kubanek","name":"Gordon Kubanek","shortName":"Kubanek","partyId":"GRN","votes":1,"share":0.6024096385542169},{"id":"mario-leclerc","name":"Mario Leclerc","shortName":"Leclerc","partyId":"NDP","votes":1,"share":0.6024096385542169}],"partyVotes":{"LIB":30,"CPC":133,"BQ":0,"NDP":1,"GRN":1,"PPC":0,"OTH":1}}},"geometry":{"type":"Polygon","coordinates":[[[638.29,99.71],[638.39,99.62],[638.41,99.64],[638.48,99.74],[638.53,99.8],[638.62,99.72],[638.75,99.6],[638.75,99.6],[638.75,99.6],[638.91,99.45],[638.99,99.54],[639.1,99.67],[639.1,99.7],[639.1,99.75],[639.08,99.8],[639.07,99.82],[639.03,99.85],[639.02,99.88],[639.21,100.09],[639.2,100.11],[639.12,100.18],[639.2,100.28],[639.28,100.34],[639.13,100.47],[638.98,100.3],[639.01,100.28],[638.89,100.19],[638.85,100.13],[638.81,100.17],[638.56,99.91],[638.5,99.95],[638.44,99.88],[638.43,99.88],[638.36,99.96],[638.32,99.92],[638.31,99.91],[638.3,99.89],[638.33,99.86],[638.33,99.85],[638.24,99.76],[638.29,99.71]]]}},{"type":"Feature","id":"35102-204","properties":{"ridingCode":"35102","pollNumber":"204","pollType":"N","advancePollNumber":"620","sourceCode":"204-0","geometryPollNumbers":["204"],"code":"35102-204","resultPollNumbers":["204"],"resultStatus":"exact","result":{"electors":386,"voters":153,"totalVotes":153,"rejected":0,"turnout":39.637305699481864,"winnerId":"eric-duncan","winnerPartyId":"CPC","runnerUpId":"sarah-good","runnerUpPartyId":"LIB","margin":31.372549019607842,"top":[{"id":"eric-duncan","name":"Eric Duncan","shortName":"Duncan","partyId":"CPC","votes":96,"share":62.745098039215684},{"id":"sarah-good","name":"Sarah Good","shortName":"Good","partyId":"LIB","votes":48,"share":31.372549019607842},{"id":"gordon-kubanek","name":"Gordon Kubanek","shortName":"Kubanek","partyId":"GRN","votes":3,"share":1.9607843137254901},{"id":"mario-leclerc","name":"Mario Leclerc","shortName":"Leclerc","partyId":"NDP","votes":3,"share":1.9607843137254901}],"partyVotes":{"LIB":48,"CPC":96,"BQ":0,"NDP":3,"GRN":3,"PPC":0,"OTH":3}}},"geometry":{"type":"Polygon","coordinates":[[[637.81,99.47],[637.97,99.33],[638.12,99.5],[638.12,99.5],[638.11,99.51],[638.12,99.51],[638.13,99.51],[638.13,99.5],[638.2,99.45],[638.21,99.47],[638.24,99.51],[638.29,99.56],[638.31,99.57],[638.32,99.58],[638.33,99.58],[638.34,99.58],[638.35,99.57],[638.35,99.58],[638.36,99.57],[638.38,99.61],[638.4,99.6],[638.41,99.61],[638.56,99.47],[638.76,99.29],[638.91,99.45],[638.75,99.6],[638.75,99.6],[638.75,99.6],[638.62,99.72],[638.53,99.8],[638.48,99.74],[638.41,99.64],[638.39,99.62],[638.29,99.71],[638.25,99.67],[638.2,99.72],[638.19,99.73],[638.17,99.74],[638.1,99.81],[637.96,99.65],[637.96,99.64],[637.81,99.47]]]}},{"type":"Feature","id":"35102-205","properties":{"ridingCode":"35102","pollNumber":"205","pollType":"N","advancePollNumber":"625","sourceCode":"205-0","geometryPollNumbers":["205"],"code":"35102-205","resultPollNumbers":["205"],"resultStatus":"exact","result":{"electors":377,"voters":176,"totalVotes":175,"rejected":1,"turnout":46.684350132625994,"winnerId":"eric-duncan","winnerPartyId":"CPC","runnerUpId":"sarah-good","runnerUpPartyId":"LIB","margin":50.28571428571429,"top":[{"id":"eric-duncan","name":"Eric Duncan","shortName":"Duncan","partyId":"CPC","votes":129,"share":73.71428571428571},{"id":"sarah-good","name":"Sarah Good","shortName":"Good","partyId":"LIB","votes":41,"share":23.42857142857143},{"id":"mario-leclerc","name":"Mario Leclerc","shortName":"Leclerc","partyId":"NDP","votes":3,"share":1.7142857142857144},{"id":"karl-ivan-mackinnon","name":"Karl Ivan MacKinnon","shortName":"MacKinnon","partyId":"OTH","votes":2,"share":1.1428571428571428}],"partyVotes":{"LIB":41,"CPC":129,"BQ":0,"NDP":3,"GRN":0,"PPC":0,"OTH":2}}},"geometry":{"type":"Polygon","coordinates":[[[638.27,99.37],[638.43,99.22],[638.52,99.14],[638.58,99.09],[638.76,99.29],[638.56,99.47],[638.41,99.61],[638.4,99.6],[638.38,99.61],[638.36,99.57],[638.35,99.58],[638.35,99.57],[638.34,99.58],[638.33,99.58],[638.32,99.58],[638.31,99.57],[638.29,99.56],[638.24,99.51],[638.21,99.47],[638.2,99.45],[638.27,99.38],[638.27,99.37],[638.27,99.37]]]}},{"type":"Feature","id":"35102-206","properties":{"ridingCode":"35102","pollNumber":"206","pollType":"N","advancePollNumber":"623","sourceCode":"206-0","geometryPollNumbers":["206"],"code":"35102-206","resultPollNumbers":["206"],"resultStatus":"exact","result":{"electors":471,"voters":172,"totalVotes":171,"rejected":1,"turnout":36.51804670912951,"winnerId":"eric-duncan","winnerPartyId":"CPC","runnerUpId":"sarah-good","runnerUpPartyId":"LIB","margin":45.614035087719294,"top":[{"id":"eric-duncan","name":"Eric Duncan","shortName":"Duncan","partyId":"CPC","votes":120,"share":70.17543859649122},{"id":"sarah-good","name":"Sarah Good","shortName":"Good","partyId":"LIB","votes":42,"share":24.561403508771928},{"id":"mario-leclerc","name":"Mario Leclerc","shortName":"Leclerc","partyId":"NDP","votes":6,"share":3.508771929824561},{"id":"gordon-kubanek","name":"Gordon Kubanek","shortName":"Kubanek","partyId":"GRN","votes":2,"share":1.1695906432748537}],"partyVotes":{"LIB":42,"CPC":120,"BQ":0,"NDP":6,"GRN":2,"PPC":0,"OTH":1}}},"geometry":{"type":"Polygon","coordinates":[[[635.82,100.26],[635.74,100.17],[635.81,100.1],[635.83,100.08],[635.91,100.01],[635.94,99.99],[636.02,99.92],[636.03,99.92],[636.05,99.92],[636.06,99.91],[636.14,99.84],[636.12,99.82],[636.12,99.81],[636.15,99.82],[636.17,99.81],[636.2,99.79],[636.22,99.76],[636.35,99.9],[636.47,100.01],[636.47,100.03],[636.38,100.09],[636.38,100.15],[636.33,100.21],[636.08,100.55],[635.98,100.44],[635.82,100.26]]]}},{"type":"Feature","id":"35102-207","properties":{"ridingCode":"35102","pollNumber":"207","pollType":"N","advancePollNumber":"623","sourceCode":"207-0","geometryPollNumbers":["207"],"code":"35102-207","resultPollNumbers":["207"],"resultStatus":"exact","result":{"electors":424,"voters":201,"totalVotes":201,"rejected":0,"turnout":47.40566037735849,"winnerId":"eric-duncan","winnerPartyId":"CPC","runnerUpId":"sarah-good","runnerUpPartyId":"LIB","margin":21.393034825870647,"top":[{"id":"eric-duncan","name":"Eric Duncan","shortName":"Duncan","partyId":"CPC","votes":117,"share":58.2089552238806},{"id":"sarah-good","name":"Sarah Good","shortName":"Good","partyId":"LIB","votes":74,"share":36.81592039800995},{"id":"mario-leclerc","name":"Mario Leclerc","shortName":"Leclerc","partyId":"NDP","votes":7,"share":3.482587064676617},{"id":"gordon-kubanek","name":"Gordon Kubanek","shortName":"Kubanek","partyId":"GRN","votes":3,"share":1.4925373134328357}],"partyVotes":{"LIB":74,"CPC":117,"BQ":0,"NDP":7,"GRN":3,"PPC":0,"OTH":0}}},"geometry":{"type":"Polygon","coordinates":[[[635.57,99.83],[635.84,99.6],[635.85,99.6],[635.85,99.59],[635.88,99.59],[635.9,99.6],[635.92,99.61],[635.94,99.64],[635.95,99.64],[635.94,99.63],[635.97,99.61],[635.97,99.61],[635.97,99.62],[635.97,99.62],[635.97,99.62],[635.98,99.63],[635.98,99.63],[635.98,99.63],[636.13,99.79],[636.12,99.81],[636.12,99.82],[636.14,99.84],[636.06,99.91],[636.05,99.92],[636.03,99.92],[636.02,99.92],[635.94,99.99],[635.91,100.01],[635.83,100.08],[635.81,100.1],[635.74,100.17],[635.69,100.11],[635.54,99.92],[635.53,99.92],[635.51,99.89],[635.57,99.83]]]}},{"type":"Feature","id":"35102-208","properties":{"ridingCode":"35102","pollNumber":"208","pollType":"N","advancePollNumber":"624","sourceCode":"208-0","geometryPollNumbers":["208"],"code":"35102-208","resultPollNumbers":["208"],"resultStatus":"exact","result":{"electors":369,"voters":146,"totalVotes":145,"rejected":1,"turnout":39.56639566395664,"winnerId":"eric-duncan","winnerPartyId":"CPC","runnerUpId":"sarah-good","runnerUpPartyId":"LIB","margin":49.6551724137931,"top":[{"id":"eric-duncan","name":"Eric Duncan","shortName":"Duncan","partyId":"CPC","votes":105,"share":72.41379310344827},{"id":"sarah-good","name":"Sarah Good","shortName":"Good","partyId":"LIB","votes":33,"share":22.758620689655174},{"id":"gordon-kubanek","name":"Gordon Kubanek","shortName":"Kubanek","partyId":"GRN","votes":5,"share":3.4482758620689653},{"id":"mario-leclerc","name":"Mario Leclerc","shortName":"Leclerc","partyId":"NDP","votes":2,"share":1.3793103448275863}],"partyVotes":{"LIB":33,"CPC":105,"BQ":0,"NDP":2,"GRN":5,"PPC":0,"OTH":0}}},"geometry":{"type":"Polygon","coordinates":[[[635.85,99.59],[635.85,99.59],[635.87,99.57],[635.93,99.52],[636.03,99.44],[636.12,99.37],[636.23,99.47],[636.29,99.52],[636.31,99.55],[636.32,99.55],[636.35,99.52],[636.41,99.59],[636.42,99.59],[636.41,99.6],[636.33,99.67],[636.33,99.68],[636.33,99.7],[636.35,99.71],[636.36,99.72],[636.57,99.93],[636.56,99.94],[636.48,100],[636.47,100.01],[636.35,99.9],[636.22,99.76],[636.2,99.79],[636.17,99.81],[636.15,99.82],[636.12,99.81],[636.13,99.79],[635.98,99.63],[635.98,99.63],[635.98,99.63],[635.97,99.62],[635.97,99.62],[635.97,99.62],[635.97,99.61],[635.97,99.61],[635.94,99.63],[635.95,99.64],[635.94,99.64],[635.92,99.61],[635.9,99.6],[635.88,99.59],[635.85,99.59]]]}},{"type":"Feature","id":"35102-209","properties":{"ridingCode":"35102","pollNumber":"209","pollType":"N","advancePollNumber":"624","sourceCode":"209-0","geometryPollNumbers":["209"],"code":"35102-209","resultPollNumbers":["209"],"resultStatus":"exact","result":{"electors":320,"voters":116,"totalVotes":116,"rejected":0,"turnout":36.25,"winnerId":"eric-duncan","winnerPartyId":"CPC","runnerUpId":"sarah-good","runnerUpPartyId":"LIB","margin":36.206896551724135,"top":[{"id":"eric-duncan","name":"Eric Duncan","shortName":"Duncan","partyId":"CPC","votes":76,"share":65.51724137931035},{"id":"sarah-good","name":"Sarah Good","shortName":"Good","partyId":"LIB","votes":34,"share":29.310344827586203},{"id":"mario-leclerc","name":"Mario Leclerc","shortName":"Leclerc","partyId":"NDP","votes":3,"share":2.586206896551724},{"id":"karl-ivan-mackinnon","name":"Karl Ivan MacKinnon","shortName":"MacKinnon","partyId":"OTH","votes":2,"share":1.7241379310344827}],"partyVotes":{"LIB":34,"CPC":76,"BQ":0,"NDP":3,"GRN":1,"PPC":0,"OTH":2}}},"geometry":{"type":"Polygon","coordinates":[[[636.6,99.59],[636.68,99.51],[636.67,99.5],[636.64,99.49],[636.64,99.49],[636.67,99.46],[636.67,99.47],[636.81,99.36],[636.95,99.5],[637,99.54],[637.06,99.49],[637.08,99.51],[637.11,99.56],[637.13,99.58],[637.13,99.59],[637.13,99.6],[637.12,99.61],[637.09,99.64],[637.08,99.65],[637.08,99.66],[637.1,99.68],[637.11,99.71],[637.12,99.73],[637.12,99.75],[637.15,99.77],[637.15,99.78],[637.15,99.79],[637.15,99.8],[637.11,99.84],[637.11,99.86],[637.14,99.86],[637.18,99.88],[637.19,99.89],[637.23,99.93],[637.19,99.97],[637.13,99.9],[637.12,99.9],[637.11,99.91],[637.05,99.97],[637.02,100],[636.84,99.82],[636.77,99.75],[636.68,99.83],[636.67,99.85],[636.59,99.91],[636.57,99.93],[636.36,99.72],[636.35,99.71],[636.33,99.7],[636.33,99.68],[636.33,99.67],[636.41,99.6],[636.42,99.59],[636.43,99.58],[636.51,99.51],[636.6,99.59]]]}},{"type":"Feature","id":"35102-210","properties":{"ridingCode":"35102","pollNumber":"210","pollType":"N","advancePollNumber":"624","sourceCode":"210-0","geometryPollNumbers":["210"],"code":"35102-210","resultPollNumbers":["210"],"resultStatus":"exact","result":{"electors":295,"voters":113,"totalVotes":112,"rejected":1,"turnout":38.30508474576271,"winnerId":"eric-duncan","winnerPartyId":"CPC","runnerUpId":"sarah-good","runnerUpPartyId":"LIB","margin":57.14285714285714,"top":[{"id":"eric-duncan","name":"Eric Duncan","shortName":"Duncan","partyId":"CPC","votes":86,"share":76.78571428571429},{"id":"sarah-good","name":"Sarah Good","shortName":"Good","partyId":"LIB","votes":22,"share":19.642857142857142},{"id":"karl-ivan-mackinnon","name":"Karl Ivan MacKinnon","shortName":"MacKinnon","partyId":"OTH","votes":2,"share":1.7857142857142856},{"id":"gordon-kubanek","name":"Gordon Kubanek","shortName":"Kubanek","partyId":"GRN","votes":1,"share":0.8928571428571428}],"partyVotes":{"LIB":22,"CPC":86,"BQ":0,"NDP":1,"GRN":1,"PPC":0,"OTH":2}}},"geometry":{"type":"Polygon","coordinates":[[[637.08,99.51],[637.13,99.47],[637.24,99.38],[637.07,99.2],[637.09,99.21],[637.22,99.09],[637.23,99.07],[637.25,99.08],[637.38,98.96],[637.38,98.94],[637.45,99.02],[637.49,99.07],[637.5,99.09],[637.51,99.11],[637.53,99.11],[637.53,99.12],[637.65,99.28],[637.71,99.35],[637.81,99.47],[637.72,99.55],[637.73,99.83],[637.73,99.84],[637.67,99.89],[637.56,99.99],[637.56,99.99],[637.56,100],[637.37,100.15],[637.28,100.06],[637.19,99.97],[637.23,99.93],[637.19,99.89],[637.18,99.88],[637.14,99.86],[637.11,99.86],[637.11,99.84],[637.15,99.8],[637.15,99.79],[637.15,99.78],[637.15,99.77],[637.12,99.75],[637.12,99.73],[637.11,99.71],[637.1,99.68],[637.08,99.66],[637.08,99.65],[637.09,99.64],[637.12,99.61],[637.13,99.6],[637.13,99.59],[637.13,99.58],[637.11,99.56],[637.08,99.51]]]}},{"type":"Feature","id":"35102-211","properties":{"ridingCode":"35102","pollNumber":"211","pollType":"N","advancePollNumber":"624","sourceCode":"211-0","geometryPollNumbers":["211"],"code":"35102-211","resultPollNumbers":["211"],"resultStatus":"exact","result":{"electors":323,"voters":131,"totalVotes":131,"rejected":0,"turnout":40.55727554179567,"winnerId":"eric-duncan","winnerPartyId":"CPC","runnerUpId":"sarah-good","runnerUpPartyId":"LIB","margin":51.908396946564885,"top":[{"id":"eric-duncan","name":"Eric Duncan","shortName":"Duncan","partyId":"CPC","votes":96,"share":73.2824427480916},{"id":"sarah-good","name":"Sarah Good","shortName":"Good","partyId":"LIB","votes":28,"share":21.374045801526716},{"id":"mario-leclerc","name":"Mario Leclerc","shortName":"Leclerc","partyId":"NDP","votes":6,"share":4.580152671755725},{"id":"karl-ivan-mackinnon","name":"Karl Ivan MacKinnon","shortName":"MacKinnon","partyId":"OTH","votes":1,"share":0.7633587786259541}],"partyVotes":{"LIB":28,"CPC":96,"BQ":0,"NDP":6,"GRN":0,"PPC":0,"OTH":1}}},"geometry":{"type":"Polygon","coordinates":[[[636.12,99.37],[636.31,99.22],[636.37,99.16],[636.38,99.17],[636.39,99.15],[636.45,99.1],[636.61,98.96],[636.81,99.16],[636.82,99.18],[636.82,99.21],[636.82,99.22],[636.84,99.25],[636.85,99.27],[636.84,99.28],[636.86,99.31],[636.81,99.36],[636.67,99.47],[636.67,99.46],[636.64,99.49],[636.64,99.49],[636.67,99.5],[636.68,99.51],[636.6,99.59],[636.51,99.51],[636.43,99.58],[636.42,99.59],[636.41,99.59],[636.35,99.52],[636.32,99.55],[636.31,99.55],[636.29,99.52],[636.23,99.47],[636.12,99.37]]]}},{"type":"Feature","id":"35102-212","properties":{"ridingCode":"35102","pollNumber":"212","pollType":"N","advancePollNumber":"624","sourceCode":"212-0","geometryPollNumbers":["212"],"code":"35102-212","resultPollNumbers":["212"],"resultStatus":"exact","result":{"electors":443,"voters":151,"totalVotes":149,"rejected":2,"turnout":34.08577878103837,"winnerId":"eric-duncan","winnerPartyId":"CPC","runnerUpId":"sarah-good","runnerUpPartyId":"LIB","margin":34.899328859060404,"top":[{"id":"eric-duncan","name":"Eric Duncan","shortName":"Duncan","partyId":"CPC","votes":98,"share":65.77181208053692},{"id":"sarah-good","name":"Sarah Good","shortName":"Good","partyId":"LIB","votes":46,"share":30.87248322147651},{"id":"mario-leclerc","name":"Mario Leclerc","shortName":"Leclerc","partyId":"NDP","votes":4,"share":2.684563758389262},{"id":"gordon-kubanek","name":"Gordon Kubanek","shortName":"Kubanek","partyId":"GRN","votes":1,"share":0.6711409395973155}],"partyVotes":{"LIB":46,"CPC":98,"BQ":0,"NDP":4,"GRN":1,"PPC":0,"OTH":0}}},"geometry":{"type":"Polygon","coordinates":[[[636.81,99.36],[636.86,99.31],[636.84,99.28],[636.85,99.27],[636.84,99.25],[636.82,99.22],[636.85,99.21],[636.86,99.21],[636.97,99.1],[637.07,99.2],[637.24,99.38],[637.13,99.47],[637.08,99.51],[637.06,99.49],[637,99.54],[636.95,99.5],[636.81,99.36]]]}},{"type":"Feature","id":"35102-213","properties":{"ridingCode":"35102","pollNumber":"213","pollType":"N","advancePollNumber":"624","sourceCode":"213-0","geometryPollNumbers":["213"],"code":"35102-213","resultPollNumbers":["213"],"resultStatus":"exact","result":{"electors":429,"voters":189,"totalVotes":189,"rejected":0,"turnout":44.05594405594406,"winnerId":"eric-duncan","winnerPartyId":"CPC","runnerUpId":"sarah-good","runnerUpPartyId":"LIB","margin":51.32275132275132,"top":[{"id":"eric-duncan","name":"Eric Duncan","shortName":"Duncan","partyId":"CPC","votes":140,"share":74.07407407407408},{"id":"sarah-good","name":"Sarah Good","shortName":"Good","partyId":"LIB","votes":43,"share":22.75132275132275},{"id":"gordon-kubanek","name":"Gordon Kubanek","shortName":"Kubanek","partyId":"GRN","votes":3,"share":1.5873015873015872},{"id":"mario-leclerc","name":"Mario Leclerc","shortName":"Leclerc","partyId":"NDP","votes":3,"share":1.5873015873015872}],"partyVotes":{"LIB":43,"CPC":140,"BQ":0,"NDP":3,"GRN":3,"PPC":0,"OTH":0}}},"geometry":{"type":"Polygon","coordinates":[[[636.72,98.85],[636.75,98.83],[636.88,98.7],[637.04,98.56],[637.19,98.41],[637.39,98.63],[637.45,98.71],[637.43,98.73],[637.42,98.73],[637.43,98.76],[637.45,98.79],[637.45,98.8],[637.45,98.83],[637.45,98.85],[637.46,98.87],[637.38,98.94],[637.38,98.96],[637.25,99.08],[637.23,99.07],[637.22,99.09],[637.09,99.21],[637.07,99.2],[636.97,99.1],[636.86,99.21],[636.85,99.21],[636.82,99.22],[636.82,99.21],[636.82,99.18],[636.81,99.16],[636.61,98.96],[636.72,98.85]]]}},{"type":"Feature","id":"35102-214","properties":{"ridingCode":"35102","pollNumber":"214","pollType":"N","advancePollNumber":"620","sourceCode":"214-0","geometryPollNumbers":["214"],"code":"35102-214","resultPollNumbers":["214"],"resultStatus":"exact","result":{"electors":307,"voters":100,"totalVotes":100,"rejected":0,"turnout":32.57328990228013,"winnerId":"eric-duncan","winnerPartyId":"CPC","runnerUpId":"sarah-good","runnerUpPartyId":"LIB","margin":41,"top":[{"id":"eric-duncan","name":"Eric Duncan","shortName":"Duncan","partyId":"CPC","votes":68,"share":68},{"id":"sarah-good","name":"Sarah Good","shortName":"Good","partyId":"LIB","votes":27,"share":27},{"id":"mario-leclerc","name":"Mario Leclerc","shortName":"Leclerc","partyId":"NDP","votes":3,"share":3},{"id":"gordon-kubanek","name":"Gordon Kubanek","shortName":"Kubanek","partyId":"GRN","votes":2,"share":2}],"partyVotes":{"LIB":27,"CPC":68,"BQ":0,"NDP":3,"GRN":2,"PPC":0,"OTH":0}}},"geometry":{"type":"Polygon","coordinates":[[[638.91,99.45],[638.76,99.29],[638.92,99.15],[639.03,99.27],[639.18,99.45],[639.41,99.71],[639.42,99.72],[639.43,99.72],[639.44,99.74],[639.56,99.88],[639.58,99.91],[639.58,99.93],[639.58,99.94],[639.57,99.93],[639.56,99.91],[639.41,100.04],[639.4,100.05],[639.34,100.1],[639.27,100.03],[639.21,100.09],[639.02,99.88],[639.03,99.85],[639.07,99.82],[639.08,99.8],[639.1,99.75],[639.1,99.7],[639.1,99.67],[638.99,99.54],[638.91,99.45]]]}},{"type":"Feature","id":"35102-215","properties":{"ridingCode":"35102","pollNumber":"215","pollType":"N","advancePollNumber":"620","sourceCode":"215-0","geometryPollNumbers":["215"],"code":"35102-215","resultPollNumbers":["215"],"resultStatus":"exact","result":{"electors":270,"voters":90,"totalVotes":90,"rejected":0,"turnout":33.33333333333333,"winnerId":"eric-duncan","winnerPartyId":"CPC","runnerUpId":"sarah-good","runnerUpPartyId":"LIB","margin":36.666666666666664,"top":[{"id":"eric-duncan","name":"Eric Duncan","shortName":"Duncan","partyId":"CPC","votes":59,"share":65.55555555555556},{"id":"sarah-good","name":"Sarah Good","shortName":"Good","partyId":"LIB","votes":26,"share":28.888888888888886},{"id":"mario-leclerc","name":"Mario Leclerc","shortName":"Leclerc","partyId":"NDP","votes":3,"share":3.3333333333333335},{"id":"gordon-kubanek","name":"Gordon Kubanek","shortName":"Kubanek","partyId":"GRN","votes":1,"share":1.1111111111111112}],"partyVotes":{"LIB":26,"CPC":59,"BQ":0,"NDP":3,"GRN":1,"PPC":0,"OTH":1}}},"geometry":{"type":"Polygon","coordinates":[[[639.03,99.27],[638.92,99.15],[638.98,99.08],[639,99.09],[639.07,99.03],[639.07,99.01],[639.07,99.01],[639.1,99.05],[639.11,99.04],[639.13,99.06],[639.16,99.03],[639.17,99.01],[639.19,99.03],[639.2,99.04],[639.24,98.99],[639.4,99.08],[639.38,99.28],[639.48,99.38],[639.58,99.4],[639.61,99.49],[639.83,99.6],[639.85,99.66],[639.87,99.69],[639.8,99.74],[639.82,99.87],[639.66,100],[639.66,100],[639.6,99.95],[639.58,99.94],[639.58,99.93],[639.58,99.91],[639.56,99.88],[639.44,99.74],[639.43,99.72],[639.42,99.72],[639.41,99.71],[639.18,99.45],[639.03,99.27]]]}},{"type":"Feature","id":"35102-216","properties":{"ridingCode":"35102","pollNumber":"216","pollType":"N","advancePollNumber":"625","sourceCode":"216-0","geometryPollNumbers":["216"],"code":"35102-216","resultPollNumbers":["216"],"resultStatus":"exact","result":{"electors":348,"voters":119,"totalVotes":118,"rejected":1,"turnout":34.195402298850574,"winnerId":"eric-duncan","winnerPartyId":"CPC","runnerUpId":"sarah-good","runnerUpPartyId":"LIB","margin":44.06779661016949,"top":[{"id":"eric-duncan","name":"Eric Duncan","shortName":"Duncan","partyId":"CPC","votes":82,"share":69.49152542372882},{"id":"sarah-good","name":"Sarah Good","shortName":"Good","partyId":"LIB","votes":30,"share":25.423728813559322},{"id":"mario-leclerc","name":"Mario Leclerc","shortName":"Leclerc","partyId":"NDP","votes":4,"share":3.389830508474576},{"id":"gordon-kubanek","name":"Gordon Kubanek","shortName":"Kubanek","partyId":"GRN","votes":2,"share":1.694915254237288}],"partyVotes":{"LIB":30,"CPC":82,"BQ":0,"NDP":4,"GRN":2,"PPC":0,"OTH":0}}},"geometry":{"type":"Polygon","coordinates":[[[638.65,99.01],[638.66,99.01],[638.73,98.94],[638.74,98.94],[638.75,98.94],[638.75,98.92],[638.88,98.8],[638.99,98.93],[639.01,98.94],[639.07,99.01],[639.07,99.01],[639.07,99.03],[639,99.09],[638.98,99.08],[638.92,99.15],[638.76,99.29],[638.58,99.09],[638.58,99.08],[638.58,99.08],[638.65,99.01]]]}},{"type":"Feature","id":"35102-217","properties":{"ridingCode":"35102","pollNumber":"217","pollType":"N","advancePollNumber":"620","sourceCode":"217-0","geometryPollNumbers":["217"],"code":"35102-217","resultPollNumbers":["217"],"resultStatus":"exact","result":{"electors":511,"voters":118,"totalVotes":117,"rejected":1,"turnout":23.09197651663405,"winnerId":"eric-duncan","winnerPartyId":"CPC","runnerUpId":"sarah-good","runnerUpPartyId":"LIB","margin":34.18803418803419,"top":[{"id":"eric-duncan","name":"Eric Duncan","shortName":"Duncan","partyId":"CPC","votes":76,"share":64.95726495726495},{"id":"sarah-good","name":"Sarah Good","shortName":"Good","partyId":"LIB","votes":36,"share":30.76923076923077},{"id":"mario-leclerc","name":"Mario Leclerc","shortName":"Leclerc","partyId":"NDP","votes":4,"share":3.418803418803419},{"id":"karl-ivan-mackinnon","name":"Karl Ivan MacKinnon","shortName":"MacKinnon","partyId":"OTH","votes":1,"share":0.8547008547008548}],"partyVotes":{"LIB":36,"CPC":76,"BQ":0,"NDP":4,"GRN":0,"PPC":0,"OTH":1}}},"geometry":{"type":"Polygon","coordinates":[[[639.01,98.94],[639.02,98.93],[639.04,98.96],[639.05,98.95],[639.06,98.96],[639.07,98.96],[639.08,98.97],[639.09,98.96],[639.1,98.98],[639.1,98.98],[639.11,98.99],[639.1,99],[639.09,99],[639.09,99],[639.09,99],[639.09,99.01],[639.09,99.01],[639.11,99.04],[639.1,99.05],[639.07,99.01],[639.01,98.94]],[[639.06,98.99],[639.08,99],[639.08,99],[639.07,98.99],[639.06,98.99]]]}},{"type":"Feature","id":"35102-218","properties":{"ridingCode":"35102","pollNumber":"218","pollType":"N","advancePollNumber":"624","sourceCode":"218-0","geometryPollNumbers":["218"],"code":"35102-218","resultPollNumbers":["218"],"resultStatus":"exact","result":{"electors":354,"voters":184,"totalVotes":181,"rejected":3,"turnout":51.9774011299435,"winnerId":"eric-duncan","winnerPartyId":"CPC","runnerUpId":"sarah-good","runnerUpPartyId":"LIB","margin":69.61325966850829,"top":[{"id":"eric-duncan","name":"Eric Duncan","shortName":"Duncan","partyId":"CPC","votes":152,"share":83.97790055248619},{"id":"sarah-good","name":"Sarah Good","shortName":"Good","partyId":"LIB","votes":26,"share":14.3646408839779},{"id":"mario-leclerc","name":"Mario Leclerc","shortName":"Leclerc","partyId":"NDP","votes":2,"share":1.1049723756906076},{"id":"gordon-kubanek","name":"Gordon Kubanek","shortName":"Kubanek","partyId":"GRN","votes":1,"share":0.5524861878453038}],"partyVotes":{"LIB":26,"CPC":152,"BQ":0,"NDP":2,"GRN":1,"PPC":0,"OTH":0}}},"geometry":{"type":"Polygon","coordinates":[[[637.65,99.28],[637.53,99.12],[637.68,98.98],[637.74,99.05],[637.85,98.95],[637.85,98.95],[637.84,98.94],[637.84,98.94],[637.87,98.91],[637.83,98.85],[637.91,98.78],[637.95,98.74],[637.98,98.71],[638.43,99.22],[638.27,99.37],[638.27,99.37],[638.27,99.38],[638.2,99.45],[638.13,99.5],[638.13,99.51],[638.12,99.51],[638.11,99.51],[638.12,99.5],[638.12,99.5],[637.97,99.33],[637.81,99.47],[637.71,99.35],[637.65,99.28]]]}},{"type":"Feature","id":"35102-219","properties":{"ridingCode":"35102","pollNumber":"219","pollType":"N","advancePollNumber":"624","sourceCode":"219-0","geometryPollNumbers":["219"],"code":"35102-219","resultPollNumbers":["219"],"resultStatus":"exact","result":{"electors":406,"voters":225,"totalVotes":223,"rejected":2,"turnout":55.41871921182266,"winnerId":"eric-duncan","winnerPartyId":"CPC","runnerUpId":"sarah-good","runnerUpPartyId":"LIB","margin":64.12556053811659,"top":[{"id":"eric-duncan","name":"Eric Duncan","shortName":"Duncan","partyId":"CPC","votes":178,"share":79.82062780269058},{"id":"sarah-good","name":"Sarah Good","shortName":"Good","partyId":"LIB","votes":35,"share":15.695067264573993},{"id":"mario-leclerc","name":"Mario Leclerc","shortName":"Leclerc","partyId":"NDP","votes":5,"share":2.242152466367713},{"id":"gordon-kubanek","name":"Gordon Kubanek","shortName":"Kubanek","partyId":"GRN","votes":4,"share":1.7937219730941705}],"partyVotes":{"LIB":35,"CPC":178,"BQ":0,"NDP":5,"GRN":4,"PPC":0,"OTH":1}}},"geometry":{"type":"Polygon","coordinates":[[[637.39,98.63],[637.48,98.55],[637.48,98.52],[637.44,98.44],[637.43,98.41],[637.44,98.4],[637.44,98.4],[637.53,98.51],[637.54,98.5],[637.67,98.38],[637.69,98.37],[637.77,98.47],[637.98,98.71],[637.95,98.74],[637.91,98.78],[637.83,98.85],[637.87,98.91],[637.84,98.94],[637.84,98.94],[637.85,98.95],[637.85,98.95],[637.74,99.05],[637.68,98.98],[637.53,99.12],[637.53,99.11],[637.51,99.11],[637.5,99.09],[637.49,99.07],[637.45,99.02],[637.38,98.94],[637.46,98.87],[637.45,98.85],[637.45,98.83],[637.45,98.8],[637.45,98.79],[637.43,98.76],[637.42,98.73],[637.43,98.73],[637.45,98.71],[637.39,98.63]]]}},{"type":"Feature","id":"35102-220","properties":{"ridingCode":"35102","pollNumber":"220","pollType":"N","advancePollNumber":"624","sourceCode":"220-0","geometryPollNumbers":["220"],"code":"35102-220","resultPollNumbers":["220"],"resultStatus":"exact","result":{"electors":389,"voters":211,"totalVotes":208,"rejected":3,"turnout":54.24164524421594,"winnerId":"eric-duncan","winnerPartyId":"CPC","runnerUpId":"sarah-good","runnerUpPartyId":"LIB","margin":65.86538461538461,"top":[{"id":"eric-duncan","name":"Eric Duncan","shortName":"Duncan","partyId":"CPC","votes":169,"share":81.25},{"id":"sarah-good","name":"Sarah Good","shortName":"Good","partyId":"LIB","votes":32,"share":15.384615384615385},{"id":"mario-leclerc","name":"Mario Leclerc","shortName":"Leclerc","partyId":"NDP","votes":4,"share":1.9230769230769231},{"id":"karl-ivan-mackinnon","name":"Karl Ivan MacKinnon","shortName":"MacKinnon","partyId":"OTH","votes":2,"share":0.9615384615384616}],"partyVotes":{"LIB":32,"CPC":169,"BQ":0,"NDP":4,"GRN":1,"PPC":0,"OTH":2}}},"geometry":{"type":"Polygon","coordinates":[[[637.2,98.41],[637.52,98.12],[637.57,98.07],[637.61,98.02],[637.81,98.24],[637.84,98.24],[637.83,98.26],[637.96,98.4],[637.98,98.4],[638.04,98.35],[638.18,98.5],[638.38,98.71],[638.47,98.83],[638.65,99.01],[638.58,99.08],[638.58,99.08],[638.58,99.09],[638.52,99.14],[638.43,99.22],[637.98,98.71],[637.77,98.47],[637.69,98.37],[637.67,98.38],[637.54,98.5],[637.53,98.51],[637.44,98.4],[637.44,98.4],[637.43,98.41],[637.44,98.44],[637.48,98.52],[637.48,98.55],[637.39,98.63],[637.19,98.41],[637.2,98.41]]]}},{"type":"Feature","id":"35102-221","properties":{"ridingCode":"35102","pollNumber":"221","pollType":"N","advancePollNumber":"620","sourceCode":"221-0","geometryPollNumbers":["221"],"code":"35102-221","resultPollNumbers":["221"],"resultStatus":"exact","result":{"electors":570,"voters":196,"totalVotes":195,"rejected":1,"turnout":34.385964912280706,"winnerId":"eric-duncan","winnerPartyId":"CPC","runnerUpId":"sarah-good","runnerUpPartyId":"LIB","margin":61.53846153846154,"top":[{"id":"eric-duncan","name":"Eric Duncan","shortName":"Duncan","partyId":"CPC","votes":154,"share":78.97435897435898},{"id":"sarah-good","name":"Sarah Good","shortName":"Good","partyId":"LIB","votes":34,"share":17.435897435897434},{"id":"mario-leclerc","name":"Mario Leclerc","shortName":"Leclerc","partyId":"NDP","votes":4,"share":2.051282051282051},{"id":"gordon-kubanek","name":"Gordon Kubanek","shortName":"Kubanek","partyId":"GRN","votes":3,"share":1.5384615384615385}],"partyVotes":{"LIB":34,"CPC":154,"BQ":0,"NDP":4,"GRN":3,"PPC":0,"OTH":0}}},"geometry":{"type":"Polygon","coordinates":[[[639.09,99.01],[639.09,99.01],[639.09,99],[639.09,99],[639.09,99],[639.1,99],[639.11,98.99],[639.1,98.98],[639.1,98.98],[639.11,98.97],[639.13,98.99],[639.11,99],[639.13,99.01],[639.15,99.02],[639.16,99.03],[639.13,99.06],[639.11,99.04],[639.09,99.01]]]}},{"type":"Feature","id":"35102-222","properties":{"ridingCode":"35102","pollNumber":"222","pollType":"N","advancePollNumber":"620","sourceCode":"222-0","geometryPollNumbers":["222"],"code":"35102-222","resultPollNumbers":["222"],"resultStatus":"exact","result":{"electors":390,"voters":126,"totalVotes":125,"rejected":1,"turnout":32.30769230769231,"winnerId":"eric-duncan","winnerPartyId":"CPC","runnerUpId":"sarah-good","runnerUpPartyId":"LIB","margin":16,"top":[{"id":"eric-duncan","name":"Eric Duncan","shortName":"Duncan","partyId":"CPC","votes":72,"share":57.599999999999994},{"id":"sarah-good","name":"Sarah Good","shortName":"Good","partyId":"LIB","votes":52,"share":41.6},{"id":"mario-leclerc","name":"Mario Leclerc","shortName":"Leclerc","partyId":"NDP","votes":1,"share":0.8},{"id":"gordon-kubanek","name":"Gordon Kubanek","shortName":"Kubanek","partyId":"GRN","votes":0,"share":0}],"partyVotes":{"LIB":52,"CPC":72,"BQ":0,"NDP":1,"GRN":0,"PPC":0,"OTH":0}}},"geometry":{"type":"Polygon","coordinates":[[[639.06,98.96],[639.05,98.95],[639.08,98.92],[639.07,98.91],[639.06,98.9],[639.12,98.85],[639.24,98.99],[639.2,99.04],[639.19,99.03],[639.17,99.01],[639.16,99.03],[639.15,99.02],[639.13,99.01],[639.11,99],[639.13,98.99],[639.11,98.97],[639.1,98.98],[639.09,98.96],[639.08,98.97],[639.07,98.96],[639.06,98.96]]]}},{"type":"Feature","id":"35102-223","properties":{"ridingCode":"35102","pollNumber":"223","pollType":"N","advancePollNumber":"620","sourceCode":"223-0","geometryPollNumbers":["223"],"code":"35102-223","resultPollNumbers":["223"],"resultStatus":"exact","result":{"electors":422,"voters":143,"totalVotes":141,"rejected":2,"turnout":33.88625592417062,"winnerId":"eric-duncan","winnerPartyId":"CPC","runnerUpId":"sarah-good","runnerUpPartyId":"LIB","margin":48.93617021276596,"top":[{"id":"eric-duncan","name":"Eric Duncan","shortName":"Duncan","partyId":"CPC","votes":101,"share":71.63120567375887},{"id":"sarah-good","name":"Sarah Good","shortName":"Good","partyId":"LIB","votes":32,"share":22.69503546099291},{"id":"mario-leclerc","name":"Mario Leclerc","shortName":"Leclerc","partyId":"NDP","votes":5,"share":3.546099290780142},{"id":"gordon-kubanek","name":"Gordon Kubanek","shortName":"Kubanek","partyId":"GRN","votes":2,"share":1.4184397163120568}],"partyVotes":{"LIB":32,"CPC":101,"BQ":0,"NDP":5,"GRN":2,"PPC":0,"OTH":1}}},"geometry":{"type":"Polygon","coordinates":[[[639.01,98.94],[638.99,98.93],[639.02,98.9],[639.05,98.88],[639.06,98.9],[639.07,98.91],[639.08,98.92],[639.05,98.95],[639.04,98.96],[639.02,98.93],[639.01,98.94]]]}},{"type":"Feature","id":"35102-224","properties":{"ridingCode":"35102","pollNumber":"224","pollType":"N","advancePollNumber":"620","sourceCode":"224-0","geometryPollNumbers":["224"],"code":"35102-224","resultPollNumbers":["224"],"resultStatus":"exact","result":{"electors":365,"voters":130,"totalVotes":129,"rejected":1,"turnout":35.61643835616438,"winnerId":"eric-duncan","winnerPartyId":"CPC","runnerUpId":"sarah-good","runnerUpPartyId":"LIB","margin":37.2093023255814,"top":[{"id":"eric-duncan","name":"Eric Duncan","shortName":"Duncan","partyId":"CPC","votes":85,"share":65.89147286821705},{"id":"sarah-good","name":"Sarah Good","shortName":"Good","partyId":"LIB","votes":37,"share":28.68217054263566},{"id":"mario-leclerc","name":"Mario Leclerc","shortName":"Leclerc","partyId":"NDP","votes":4,"share":3.10077519379845},{"id":"karl-ivan-mackinnon","name":"Karl Ivan MacKinnon","shortName":"MacKinnon","partyId":"OTH","votes":2,"share":1.550387596899225}],"partyVotes":{"LIB":37,"CPC":85,"BQ":0,"NDP":4,"GRN":1,"PPC":0,"OTH":2}}},"geometry":{"type":"Polygon","coordinates":[[[638.88,98.8],[638.91,98.77],[638.92,98.77],[638.98,98.72],[639.02,98.74],[639.06,98.81],[639.1,98.82],[639.12,98.85],[639.06,98.9],[639.05,98.88],[639.02,98.9],[638.99,98.93],[638.88,98.8]]]}},{"type":"Feature","id":"35102-225","properties":{"ridingCode":"35102","pollNumber":"225","pollType":"N","advancePollNumber":"625","sourceCode":"225-0","geometryPollNumbers":["225"],"code":"35102-225","resultPollNumbers":["225"],"resultStatus":"exact","result":{"electors":235,"voters":68,"totalVotes":68,"rejected":0,"turnout":28.936170212765955,"winnerId":"eric-duncan","winnerPartyId":"CPC","runnerUpId":"sarah-good","runnerUpPartyId":"LIB","margin":38.23529411764706,"top":[{"id":"eric-duncan","name":"Eric Duncan","shortName":"Duncan","partyId":"CPC","votes":46,"share":67.64705882352942},{"id":"sarah-good","name":"Sarah Good","shortName":"Good","partyId":"LIB","votes":20,"share":29.411764705882355},{"id":"gordon-kubanek","name":"Gordon Kubanek","shortName":"Kubanek","partyId":"GRN","votes":1,"share":1.4705882352941175},{"id":"karl-ivan-mackinnon","name":"Karl Ivan MacKinnon","shortName":"MacKinnon","partyId":"OTH","votes":1,"share":1.4705882352941175}],"partyVotes":{"LIB":20,"CPC":46,"BQ":0,"NDP":0,"GRN":1,"PPC":0,"OTH":1}}},"geometry":{"type":"Polygon","coordinates":[[[638.47,98.83],[638.57,98.74],[638.57,98.73],[638.59,98.7],[638.59,98.7],[638.59,98.69],[638.59,98.68],[638.6,98.67],[638.61,98.67],[638.62,98.66],[638.64,98.66],[638.64,98.66],[638.66,98.65],[638.67,98.65],[638.67,98.65],[638.68,98.65],[638.68,98.65],[638.68,98.65],[638.69,98.65],[638.69,98.64],[638.69,98.65],[638.69,98.64],[638.7,98.64],[638.69,98.64],[638.7,98.64],[638.73,98.63],[638.73,98.63],[638.73,98.62],[638.74,98.61],[638.75,98.61],[638.76,98.6],[638.77,98.6],[638.82,98.55],[638.87,98.58],[638.91,98.7],[638.98,98.72],[638.92,98.77],[638.91,98.77],[638.88,98.8],[638.75,98.92],[638.75,98.94],[638.74,98.94],[638.73,98.94],[638.66,99.01],[638.65,99.01],[638.47,98.83]]]}},{"type":"Feature","id":"35102-226","properties":{"ridingCode":"35102","pollNumber":"226","pollType":"N","advancePollNumber":"625","sourceCode":"226-0","geometryPollNumbers":["226"],"code":"35102-226","resultPollNumbers":["226"],"resultStatus":"exact","result":{"electors":461,"voters":186,"totalVotes":186,"rejected":0,"turnout":40.3470715835141,"winnerId":"eric-duncan","winnerPartyId":"CPC","runnerUpId":"sarah-good","runnerUpPartyId":"LIB","margin":45.16129032258064,"top":[{"id":"eric-duncan","name":"Eric Duncan","shortName":"Duncan","partyId":"CPC","votes":132,"share":70.96774193548387},{"id":"sarah-good","name":"Sarah Good","shortName":"Good","partyId":"LIB","votes":48,"share":25.806451612903224},{"id":"gordon-kubanek","name":"Gordon Kubanek","shortName":"Kubanek","partyId":"GRN","votes":2,"share":1.0752688172043012},{"id":"mario-leclerc","name":"Mario Leclerc","shortName":"Leclerc","partyId":"NDP","votes":2,"share":1.0752688172043012}],"partyVotes":{"LIB":48,"CPC":132,"BQ":0,"NDP":2,"GRN":2,"PPC":0,"OTH":2}}},"geometry":{"type":"Polygon","coordinates":[[[637.82,98.22],[637.97,98.09],[638.08,98.21],[638.12,98.25],[638.14,98.25],[638.15,98.24],[638.16,98.24],[638.18,98.24],[638.18,98.24],[638.26,98.35],[638.26,98.34],[638.34,98.27],[638.38,98.24],[638.41,98.21],[638.38,98.29],[638.44,98.3],[638.46,98.31],[638.48,98.32],[638.49,98.34],[638.53,98.4],[638.55,98.43],[638.73,98.63],[638.73,98.63],[638.7,98.64],[638.69,98.64],[638.7,98.64],[638.69,98.64],[638.69,98.65],[638.69,98.64],[638.69,98.65],[638.68,98.65],[638.68,98.65],[638.68,98.65],[638.67,98.65],[638.67,98.65],[638.66,98.65],[638.64,98.66],[638.64,98.66],[638.62,98.66],[638.61,98.67],[638.6,98.67],[638.59,98.68],[638.59,98.69],[638.59,98.7],[638.59,98.7],[638.57,98.73],[638.57,98.74],[638.47,98.83],[638.38,98.71],[638.18,98.5],[638.04,98.35],[637.98,98.4],[637.96,98.4],[637.83,98.26],[637.84,98.24],[637.82,98.22]]]}},{"type":"Feature","id":"35102-227","properties":{"ridingCode":"35102","pollNumber":"227","pollType":"N","advancePollNumber":"625","sourceCode":"227-0","geometryPollNumbers":["227"],"code":"35102-227","resultPollNumbers":["227"],"resultStatus":"exact","result":{"electors":334,"voters":124,"totalVotes":124,"rejected":0,"turnout":37.12574850299401,"winnerId":"eric-duncan","winnerPartyId":"CPC","runnerUpId":"sarah-good","runnerUpPartyId":"LIB","margin":24.193548387096776,"top":[{"id":"eric-duncan","name":"Eric Duncan","shortName":"Duncan","partyId":"CPC","votes":75,"share":60.483870967741936},{"id":"sarah-good","name":"Sarah Good","shortName":"Good","partyId":"LIB","votes":45,"share":36.29032258064516},{"id":"gordon-kubanek","name":"Gordon Kubanek","shortName":"Kubanek","partyId":"GRN","votes":3,"share":2.4193548387096775},{"id":"mario-leclerc","name":"Mario Leclerc","shortName":"Leclerc","partyId":"NDP","votes":1,"share":0.8064516129032258}],"partyVotes":{"LIB":45,"CPC":75,"BQ":0,"NDP":1,"GRN":3,"PPC":0,"OTH":0}}},"geometry":{"type":"Polygon","coordinates":[[[638.41,98.21],[638.41,98.2],[638.42,98.2],[638.43,98.2],[638.43,98.19],[638.42,98.19],[638.47,98.15],[638.53,98.24],[638.63,98.35],[638.71,98.4],[638.78,98.54],[638.82,98.55],[638.77,98.6],[638.76,98.6],[638.75,98.61],[638.74,98.61],[638.73,98.62],[638.73,98.63],[638.55,98.43],[638.53,98.4],[638.49,98.34],[638.48,98.32],[638.46,98.31],[638.44,98.3],[638.38,98.29],[638.41,98.21]]]}},{"type":"Feature","id":"35102-228","properties":{"ridingCode":"35102","pollNumber":"228","pollType":"N","advancePollNumber":"625","sourceCode":"228-0","geometryPollNumbers":["228"],"code":"35102-228","resultPollNumbers":["228"],"resultStatus":"exact","result":{"electors":400,"voters":146,"totalVotes":146,"rejected":0,"turnout":36.5,"winnerId":"eric-duncan","winnerPartyId":"CPC","runnerUpId":"sarah-good","runnerUpPartyId":"LIB","margin":45.89041095890411,"top":[{"id":"eric-duncan","name":"Eric Duncan","shortName":"Duncan","partyId":"CPC","votes":102,"share":69.86301369863014},{"id":"sarah-good","name":"Sarah Good","shortName":"Good","partyId":"LIB","votes":35,"share":23.972602739726025},{"id":"mario-leclerc","name":"Mario Leclerc","shortName":"Leclerc","partyId":"NDP","votes":7,"share":4.794520547945205},{"id":"gordon-kubanek","name":"Gordon Kubanek","shortName":"Kubanek","partyId":"GRN","votes":2,"share":1.36986301369863}],"partyVotes":{"LIB":35,"CPC":102,"BQ":0,"NDP":7,"GRN":2,"PPC":0,"OTH":0}}},"geometry":{"type":"Polygon","coordinates":[[[638.15,98.24],[638.27,98.13],[638.27,98.14],[638.29,98.17],[638.29,98.17],[638.29,98.15],[638.3,98.15],[638.29,98.13],[638.33,98.1],[638.33,98.11],[638.34,98.13],[638.33,98.13],[638.33,98.14],[638.33,98.16],[638.34,98.17],[638.32,98.18],[638.31,98.17],[638.31,98.17],[638.31,98.17],[638.29,98.18],[638.34,98.27],[638.26,98.34],[638.26,98.35],[638.18,98.24],[638.18,98.24],[638.16,98.24],[638.15,98.24]]]}},{"type":"Feature","id":"35102-229","properties":{"ridingCode":"35102","pollNumber":"229","pollType":"N","advancePollNumber":"625","sourceCode":"229-0","geometryPollNumbers":["229"],"code":"35102-229","resultPollNumbers":["229"],"resultStatus":"exact","result":{"electors":412,"voters":128,"totalVotes":127,"rejected":1,"turnout":31.06796116504854,"winnerId":"eric-duncan","winnerPartyId":"CPC","runnerUpId":"sarah-good","runnerUpPartyId":"LIB","margin":20.47244094488189,"top":[{"id":"eric-duncan","name":"Eric Duncan","shortName":"Duncan","partyId":"CPC","votes":72,"share":56.69291338582677},{"id":"sarah-good","name":"Sarah Good","shortName":"Good","partyId":"LIB","votes":46,"share":36.22047244094488},{"id":"mario-leclerc","name":"Mario Leclerc","shortName":"Leclerc","partyId":"NDP","votes":8,"share":6.299212598425196},{"id":"gordon-kubanek","name":"Gordon Kubanek","shortName":"Kubanek","partyId":"GRN","votes":1,"share":0.7874015748031495}],"partyVotes":{"LIB":46,"CPC":72,"BQ":0,"NDP":8,"GRN":1,"PPC":0,"OTH":0}}},"geometry":{"type":"Polygon","coordinates":[[[638.29,98.18],[638.31,98.17],[638.31,98.17],[638.31,98.17],[638.32,98.18],[638.34,98.17],[638.33,98.16],[638.33,98.14],[638.33,98.13],[638.34,98.13],[638.33,98.11],[638.33,98.1],[638.32,98.09],[638.36,98.05],[638.37,98.06],[638.37,98.07],[638.39,98.06],[638.41,98.07],[638.47,98.15],[638.42,98.19],[638.43,98.19],[638.43,98.2],[638.42,98.2],[638.41,98.2],[638.41,98.21],[638.38,98.24],[638.34,98.27],[638.29,98.18]]]}},{"type":"Feature","id":"35102-230","properties":{"ridingCode":"35102","pollNumber":"230","pollType":"N","advancePollNumber":"625","sourceCode":"230-0","geometryPollNumbers":["230"],"code":"35102-230","resultPollNumbers":["230"],"resultStatus":"exact","result":{"electors":387,"voters":116,"totalVotes":115,"rejected":1,"turnout":29.97416020671835,"winnerId":"eric-duncan","winnerPartyId":"CPC","runnerUpId":"sarah-good","runnerUpPartyId":"LIB","margin":49.56521739130435,"top":[{"id":"eric-duncan","name":"Eric Duncan","shortName":"Duncan","partyId":"CPC","votes":84,"share":73.04347826086956},{"id":"sarah-good","name":"Sarah Good","shortName":"Good","partyId":"LIB","votes":27,"share":23.47826086956522},{"id":"gordon-kubanek","name":"Gordon Kubanek","shortName":"Kubanek","partyId":"GRN","votes":2,"share":1.7391304347826086},{"id":"mario-leclerc","name":"Mario Leclerc","shortName":"Leclerc","partyId":"NDP","votes":2,"share":1.7391304347826086}],"partyVotes":{"LIB":27,"CPC":84,"BQ":0,"NDP":2,"GRN":2,"PPC":0,"OTH":0}}},"geometry":{"type":"Polygon","coordinates":[[[638.27,98.13],[638.28,98.12],[638.27,98.11],[638.29,97.86],[638.29,97.84],[638.28,97.82],[638.28,97.82],[638.3,97.83],[638.32,97.84],[638.33,97.86],[638.34,97.89],[638.35,97.89],[638.35,97.89],[638.42,97.86],[638.48,97.98],[638.41,98.07],[638.39,98.06],[638.37,98.07],[638.37,98.06],[638.36,98.05],[638.32,98.09],[638.33,98.1],[638.29,98.13],[638.3,98.15],[638.29,98.15],[638.29,98.17],[638.29,98.17],[638.27,98.14],[638.27,98.13]]]}},{"type":"Feature","id":"35102-231","properties":{"ridingCode":"35102","pollNumber":"231","pollType":"N","advancePollNumber":"625","sourceCode":"231-0","geometryPollNumbers":["231"],"code":"35102-231","resultPollNumbers":["231"],"resultStatus":"exact","result":{"electors":387,"voters":132,"totalVotes":132,"rejected":0,"turnout":34.10852713178294,"winnerId":"eric-duncan","winnerPartyId":"CPC","runnerUpId":"sarah-good","runnerUpPartyId":"LIB","margin":55.3030303030303,"top":[{"id":"eric-duncan","name":"Eric Duncan","shortName":"Duncan","partyId":"CPC","votes":97,"share":73.48484848484848},{"id":"sarah-good","name":"Sarah Good","shortName":"Good","partyId":"LIB","votes":24,"share":18.181818181818183},{"id":"mario-leclerc","name":"Mario Leclerc","shortName":"Leclerc","partyId":"NDP","votes":6,"share":4.545454545454546},{"id":"gordon-kubanek","name":"Gordon Kubanek","shortName":"Kubanek","partyId":"GRN","votes":4,"share":3.0303030303030303}],"partyVotes":{"LIB":24,"CPC":97,"BQ":0,"NDP":6,"GRN":4,"PPC":0,"OTH":1}}},"geometry":{"type":"Polygon","coordinates":[[[637.65,98],[637.81,97.85],[637.91,97.77],[638.18,97.55],[638.18,97.55],[638.24,97.7],[638.33,97.69],[638.42,97.86],[638.35,97.89],[638.35,97.89],[638.34,97.89],[638.33,97.86],[638.32,97.84],[638.3,97.83],[638.28,97.82],[638.28,97.82],[638.29,97.84],[638.29,97.86],[638.27,98.11],[638.28,98.12],[638.27,98.13],[638.15,98.24],[638.14,98.25],[638.12,98.25],[638.08,98.21],[637.97,98.09],[637.82,98.22],[637.84,98.24],[637.81,98.24],[637.61,98.02],[637.65,98]]]}},{"type":"Feature","id":"35102-400","properties":{"ridingCode":"35102","pollNumber":"400","pollType":"S","advancePollNumber":"607","sourceCode":"400-0","geometryPollNumbers":["400","401"],"code":"35102-400","resultPollNumbers":["400"],"resultStatus":"resolved-combination","result":{"electors":139,"voters":83,"totalVotes":82,"rejected":1,"turnout":59.71223021582733,"winnerId":"sarah-good","winnerPartyId":"LIB","runnerUpId":"eric-duncan","runnerUpPartyId":"CPC","margin":7.317073170731707,"top":[{"id":"sarah-good","name":"Sarah Good","shortName":"Good","partyId":"LIB","votes":39,"share":47.5609756097561},{"id":"eric-duncan","name":"Eric Duncan","shortName":"Duncan","partyId":"CPC","votes":33,"share":40.243902439024396},{"id":"mario-leclerc","name":"Mario Leclerc","shortName":"Leclerc","partyId":"NDP","votes":5,"share":6.097560975609756},{"id":"gordon-kubanek","name":"Gordon Kubanek","shortName":"Kubanek","partyId":"GRN","votes":3,"share":3.6585365853658534}],"partyVotes":{"LIB":39,"CPC":33,"BQ":0,"NDP":5,"GRN":3,"PPC":0,"OTH":2}}},"geometry":{"type":"MultiPolygon","coordinates":[[[[642.12,101.5],[642.12,101.5],[642.12,101.5],[642.12,101.5]]],[[[642.12,101.5],[642.12,101.5],[642.12,101.49],[642.12,101.5]]]]}},{"type":"Feature","id":"35102-402","properties":{"ridingCode":"35102","pollNumber":"402","pollType":"S","advancePollNumber":"613","sourceCode":"402-0","geometryPollNumbers":["402"],"code":"35102-402","resultPollNumbers":["402"],"resultStatus":"exact","result":{"electors":161,"voters":96,"totalVotes":96,"rejected":0,"turnout":59.62732919254658,"winnerId":"eric-duncan","winnerPartyId":"CPC","runnerUpId":"sarah-good","runnerUpPartyId":"LIB","margin":12.5,"top":[{"id":"eric-duncan","name":"Eric Duncan","shortName":"Duncan","partyId":"CPC","votes":50,"share":52.083333333333336},{"id":"sarah-good","name":"Sarah Good","shortName":"Good","partyId":"LIB","votes":38,"share":39.58333333333333},{"id":"mario-leclerc","name":"Mario Leclerc","shortName":"Leclerc","partyId":"NDP","votes":7,"share":7.291666666666667},{"id":"gordon-kubanek","name":"Gordon Kubanek","shortName":"Kubanek","partyId":"GRN","votes":1,"share":1.0416666666666665}],"partyVotes":{"LIB":38,"CPC":50,"BQ":0,"NDP":7,"GRN":1,"PPC":0,"OTH":0}}},"geometry":{"type":"Polygon","coordinates":[[[641.92,101.3],[641.92,101.3],[641.92,101.3],[641.92,101.3]]]}},{"type":"Feature","id":"35102-403","properties":{"ridingCode":"35102","pollNumber":"403","pollType":"S","advancePollNumber":"613","sourceCode":"403-0","geometryPollNumbers":["403"],"code":"35102-403","resultPollNumbers":["403"],"resultStatus":"exact","result":{"electors":150,"voters":88,"totalVotes":88,"rejected":0,"turnout":58.666666666666664,"winnerId":"sarah-good","winnerPartyId":"LIB","runnerUpId":"eric-duncan","runnerUpPartyId":"CPC","margin":2.272727272727273,"top":[{"id":"sarah-good","name":"Sarah Good","shortName":"Good","partyId":"LIB","votes":40,"share":45.45454545454545},{"id":"eric-duncan","name":"Eric Duncan","shortName":"Duncan","partyId":"CPC","votes":38,"share":43.18181818181818},{"id":"mario-leclerc","name":"Mario Leclerc","shortName":"Leclerc","partyId":"NDP","votes":8,"share":9.090909090909092},{"id":"gordon-kubanek","name":"Gordon Kubanek","shortName":"Kubanek","partyId":"GRN","votes":1,"share":1.1363636363636365}],"partyVotes":{"LIB":40,"CPC":38,"BQ":0,"NDP":8,"GRN":1,"PPC":0,"OTH":1}}},"geometry":{"type":"Polygon","coordinates":[[[641.92,101.29],[641.92,101.3],[641.92,101.29],[641.92,101.29]]]}},{"type":"Feature","id":"35102-501","properties":{"ridingCode":"35102","pollNumber":"501","pollType":"M","advancePollNumber":"600","sourceCode":"501-0","geometryPollNumbers":["500","501"],"code":"35102-501","resultPollNumbers":["501"],"resultStatus":"resolved-combination","result":{"electors":42,"voters":44,"totalVotes":43,"rejected":1,"turnout":104.76190476190477,"winnerId":"sarah-good","winnerPartyId":"LIB","runnerUpId":"eric-duncan","runnerUpPartyId":"CPC","margin":34.883720930232556,"top":[{"id":"sarah-good","name":"Sarah Good","shortName":"Good","partyId":"LIB","votes":27,"share":62.7906976744186},{"id":"eric-duncan","name":"Eric Duncan","shortName":"Duncan","partyId":"CPC","votes":12,"share":27.906976744186046},{"id":"gordon-kubanek","name":"Gordon Kubanek","shortName":"Kubanek","partyId":"GRN","votes":3,"share":6.976744186046512},{"id":"mario-leclerc","name":"Mario Leclerc","shortName":"Leclerc","partyId":"NDP","votes":1,"share":2.3255813953488373}],"partyVotes":{"LIB":27,"CPC":12,"BQ":0,"NDP":1,"GRN":3,"PPC":0,"OTH":0}}},"geometry":{"type":"MultiPolygon","coordinates":[[[[641.59,104.51],[641.58,104.51],[641.58,104.51],[641.59,104.51]]],[[[641.57,104.51],[641.57,104.51],[641.57,104.51],[641.57,104.51]]]]}},{"type":"Feature","id":"35102-503","properties":{"ridingCode":"35102","pollNumber":"503","pollType":"M","advancePollNumber":"603","sourceCode":"505-0","geometryPollNumbers":["503","505"],"code":"35102-503","resultPollNumbers":["503"],"resultStatus":"resolved-combination","result":{"electors":32,"voters":42,"totalVotes":39,"rejected":3,"turnout":131.25,"winnerId":"sarah-good","winnerPartyId":"LIB","runnerUpId":"eric-duncan","runnerUpPartyId":"CPC","margin":2.564102564102564,"top":[{"id":"sarah-good","name":"Sarah Good","shortName":"Good","partyId":"LIB","votes":16,"share":41.02564102564102},{"id":"eric-duncan","name":"Eric Duncan","shortName":"Duncan","partyId":"CPC","votes":15,"share":38.46153846153847},{"id":"gordon-kubanek","name":"Gordon Kubanek","shortName":"Kubanek","partyId":"GRN","votes":3,"share":7.6923076923076925},{"id":"mario-leclerc","name":"Mario Leclerc","shortName":"Leclerc","partyId":"NDP","votes":3,"share":7.6923076923076925}],"partyVotes":{"LIB":16,"CPC":15,"BQ":0,"NDP":3,"GRN":3,"PPC":0,"OTH":2}}},"geometry":{"type":"MultiPolygon","coordinates":[[[[643.07,103.16],[643.06,103.17],[643.07,103.16],[643.07,103.16]]],[[[642.01,104.07],[642.01,104.07],[642.01,104.07],[642.01,104.07]]]]}},{"type":"Feature","id":"35102-504","properties":{"ridingCode":"35102","pollNumber":"504","pollType":"M","advancePollNumber":"601","sourceCode":"504-0","geometryPollNumbers":["502","504"],"code":"35102-504","resultPollNumbers":["504"],"resultStatus":"resolved-combination","result":{"electors":37,"voters":40,"totalVotes":38,"rejected":2,"turnout":108.10810810810811,"winnerId":"sarah-good","winnerPartyId":"LIB","runnerUpId":"eric-duncan","runnerUpPartyId":"CPC","margin":15.789473684210526,"top":[{"id":"sarah-good","name":"Sarah Good","shortName":"Good","partyId":"LIB","votes":19,"share":50},{"id":"eric-duncan","name":"Eric Duncan","shortName":"Duncan","partyId":"CPC","votes":13,"share":34.21052631578947},{"id":"gordon-kubanek","name":"Gordon Kubanek","shortName":"Kubanek","partyId":"GRN","votes":3,"share":7.894736842105263},{"id":"mario-leclerc","name":"Mario Leclerc","shortName":"Leclerc","partyId":"NDP","votes":2,"share":5.263157894736842}],"partyVotes":{"LIB":19,"CPC":13,"BQ":0,"NDP":2,"GRN":3,"PPC":0,"OTH":1}}},"geometry":{"type":"MultiPolygon","coordinates":[[[[640.02,103.67],[640.03,103.68],[640.03,103.68],[640.02,103.67],[640.02,103.67]]],[[[641.58,104.51],[641.58,104.51],[641.58,104.51],[641.58,104.51]]]]}},{"type":"Feature","id":"35102-506","properties":{"ridingCode":"35102","pollNumber":"506","pollType":"M","advancePollNumber":"618","sourceCode":"506-0","geometryPollNumbers":["506","530"],"code":"35102-506","resultPollNumbers":["506"],"resultStatus":"resolved-combination","result":{"electors":45,"voters":42,"totalVotes":42,"rejected":0,"turnout":93.33333333333333,"winnerId":"eric-duncan","winnerPartyId":"CPC","runnerUpId":"sarah-good","runnerUpPartyId":"LIB","margin":35.714285714285715,"top":[{"id":"eric-duncan","name":"Eric Duncan","shortName":"Duncan","partyId":"CPC","votes":27,"share":64.28571428571429},{"id":"sarah-good","name":"Sarah Good","shortName":"Good","partyId":"LIB","votes":12,"share":28.57142857142857},{"id":"mario-leclerc","name":"Mario Leclerc","shortName":"Leclerc","partyId":"NDP","votes":2,"share":4.761904761904762},{"id":"gordon-kubanek","name":"Gordon Kubanek","shortName":"Kubanek","partyId":"GRN","votes":1,"share":2.380952380952381}],"partyVotes":{"LIB":12,"CPC":27,"BQ":0,"NDP":2,"GRN":1,"PPC":0,"OTH":0}}},"geometry":{"type":"MultiPolygon","coordinates":[[[[638.24,102.29],[638.24,102.3],[638.24,102.3],[638.24,102.29]]],[[[637.19,100.5],[637.21,100.51],[637.21,100.51],[637.19,100.5]]]]}},{"type":"Feature","id":"35102-507","properties":{"ridingCode":"35102","pollNumber":"507","pollType":"M","advancePollNumber":"608","sourceCode":"507-0","geometryPollNumbers":["507","511"],"code":"35102-507","resultPollNumbers":["507"],"resultStatus":"resolved-combination","result":{"electors":149,"voters":72,"totalVotes":71,"rejected":1,"turnout":48.322147651006716,"winnerId":"sarah-good","winnerPartyId":"LIB","runnerUpId":"eric-duncan","runnerUpPartyId":"CPC","margin":5.633802816901409,"top":[{"id":"sarah-good","name":"Sarah Good","shortName":"Good","partyId":"LIB","votes":36,"share":50.70422535211267},{"id":"eric-duncan","name":"Eric Duncan","shortName":"Duncan","partyId":"CPC","votes":32,"share":45.07042253521127},{"id":"mario-leclerc","name":"Mario Leclerc","shortName":"Leclerc","partyId":"NDP","votes":3,"share":4.225352112676056},{"id":"gordon-kubanek","name":"Gordon Kubanek","shortName":"Kubanek","partyId":"GRN","votes":0,"share":0}],"partyVotes":{"LIB":36,"CPC":32,"BQ":0,"NDP":3,"GRN":0,"PPC":0,"OTH":0}}},"geometry":{"type":"MultiPolygon","coordinates":[[[[642.03,101.53],[642.03,101.53],[642.04,101.53],[642.03,101.53]]],[[[641.85,101.46],[641.85,101.46],[641.85,101.46],[641.85,101.46]]]]}},{"type":"Feature","id":"35102-508","properties":{"ridingCode":"35102","pollNumber":"508","pollType":"M","advancePollNumber":"605","sourceCode":"508-0","geometryPollNumbers":["508","510"],"code":"35102-508","resultPollNumbers":["508"],"resultStatus":"resolved-combination","result":{"electors":72,"voters":85,"totalVotes":83,"rejected":2,"turnout":118.05555555555556,"winnerId":"sarah-good","winnerPartyId":"LIB","runnerUpId":"eric-duncan","runnerUpPartyId":"CPC","margin":9.63855421686747,"top":[{"id":"sarah-good","name":"Sarah Good","shortName":"Good","partyId":"LIB","votes":43,"share":51.80722891566265},{"id":"eric-duncan","name":"Eric Duncan","shortName":"Duncan","partyId":"CPC","votes":35,"share":42.168674698795186},{"id":"karl-ivan-mackinnon","name":"Karl Ivan MacKinnon","shortName":"MacKinnon","partyId":"OTH","votes":3,"share":3.614457831325301},{"id":"mario-leclerc","name":"Mario Leclerc","shortName":"Leclerc","partyId":"NDP","votes":2,"share":2.4096385542168677}],"partyVotes":{"LIB":43,"CPC":35,"BQ":0,"NDP":2,"GRN":0,"PPC":0,"OTH":3}}},"geometry":{"type":"MultiPolygon","coordinates":[[[[642.22,101.51],[642.22,101.51],[642.22,101.5],[642.22,101.51]]],[[[642.21,101.48],[642.21,101.48],[642.21,101.48],[642.21,101.48]]]]}},{"type":"Feature","id":"35102-512","properties":{"ridingCode":"35102","pollNumber":"512","pollType":"M","advancePollNumber":"608","sourceCode":"512-0","geometryPollNumbers":["512","522"],"code":"35102-512","resultPollNumbers":["512"],"resultStatus":"resolved-combination","result":{"electors":194,"voters":198,"totalVotes":196,"rejected":2,"turnout":102.06185567010309,"winnerId":"sarah-good","winnerPartyId":"LIB","runnerUpId":"eric-duncan","runnerUpPartyId":"CPC","margin":30.102040816326532,"top":[{"id":"sarah-good","name":"Sarah Good","shortName":"Good","partyId":"LIB","votes":121,"share":61.73469387755102},{"id":"eric-duncan","name":"Eric Duncan","shortName":"Duncan","partyId":"CPC","votes":62,"share":31.63265306122449},{"id":"mario-leclerc","name":"Mario Leclerc","shortName":"Leclerc","partyId":"NDP","votes":7,"share":3.571428571428571},{"id":"gordon-kubanek","name":"Gordon Kubanek","shortName":"Kubanek","partyId":"GRN","votes":3,"share":1.530612244897959}],"partyVotes":{"LIB":121,"CPC":62,"BQ":0,"NDP":7,"GRN":3,"PPC":0,"OTH":3}}},"geometry":{"type":"MultiPolygon","coordinates":[[[[641.99,101.43],[641.99,101.43],[641.99,101.43],[641.99,101.43]]],[[[641.96,101.33],[641.96,101.33],[641.96,101.33],[641.96,101.33]]]]}},{"type":"Feature","id":"35102-515","properties":{"ridingCode":"35102","pollNumber":"515","pollType":"M","advancePollNumber":"612","sourceCode":"515-0","geometryPollNumbers":["515","523"],"code":"35102-515","resultPollNumbers":["515"],"resultStatus":"resolved-combination","result":{"electors":104,"voters":90,"totalVotes":90,"rejected":0,"turnout":86.53846153846155,"winnerId":"eric-duncan","winnerPartyId":"CPC","runnerUpId":"sarah-good","runnerUpPartyId":"LIB","margin":5.555555555555555,"top":[{"id":"eric-duncan","name":"Eric Duncan","shortName":"Duncan","partyId":"CPC","votes":44,"share":48.888888888888886},{"id":"sarah-good","name":"Sarah Good","shortName":"Good","partyId":"LIB","votes":39,"share":43.333333333333336},{"id":"mario-leclerc","name":"Mario Leclerc","shortName":"Leclerc","partyId":"NDP","votes":4,"share":4.444444444444445},{"id":"gordon-kubanek","name":"Gordon Kubanek","shortName":"Kubanek","partyId":"GRN","votes":2,"share":2.2222222222222223}],"partyVotes":{"LIB":39,"CPC":44,"BQ":0,"NDP":4,"GRN":2,"PPC":0,"OTH":1}}},"geometry":{"type":"MultiPolygon","coordinates":[[[[641.92,101.4],[641.92,101.41],[641.92,101.4],[641.92,101.4]]],[[[641.91,101.31],[641.91,101.31],[641.91,101.31],[641.91,101.31]]]]}},{"type":"Feature","id":"35102-517","properties":{"ridingCode":"35102","pollNumber":"517","pollType":"M","advancePollNumber":"611","sourceCode":"509-0","geometryPollNumbers":["509","517","525"],"code":"35102-517","resultPollNumbers":["517"],"resultStatus":"resolved-combination","result":{"electors":94,"voters":69,"totalVotes":66,"rejected":3,"turnout":73.40425531914893,"winnerId":"sarah-good","winnerPartyId":"LIB","runnerUpId":"eric-duncan","runnerUpPartyId":"CPC","margin":16.666666666666664,"top":[{"id":"sarah-good","name":"Sarah Good","shortName":"Good","partyId":"LIB","votes":36,"share":54.54545454545454},{"id":"eric-duncan","name":"Eric Duncan","shortName":"Duncan","partyId":"CPC","votes":25,"share":37.878787878787875},{"id":"gordon-kubanek","name":"Gordon Kubanek","shortName":"Kubanek","partyId":"GRN","votes":3,"share":4.545454545454546},{"id":"mario-leclerc","name":"Mario Leclerc","shortName":"Leclerc","partyId":"NDP","votes":1,"share":1.5151515151515151}],"partyVotes":{"LIB":36,"CPC":25,"BQ":0,"NDP":1,"GRN":3,"PPC":0,"OTH":1}}},"geometry":{"type":"MultiPolygon","coordinates":[[[[641.69,101.46],[641.69,101.46],[641.68,101.46],[641.69,101.46]]],[[[641.59,101.35],[641.59,101.35],[641.58,101.35],[641.59,101.35]]],[[[642.28,101.28],[642.27,101.28],[642.27,101.28],[642.28,101.28]]]]}},{"type":"Feature","id":"35102-520","properties":{"ridingCode":"35102","pollNumber":"520","pollType":"M","advancePollNumber":"613","sourceCode":"520-0","geometryPollNumbers":["518","519","520"],"code":"35102-520","resultPollNumbers":["520"],"resultStatus":"resolved-combination","result":{"electors":26,"voters":30,"totalVotes":27,"rejected":3,"turnout":115.38461538461537,"winnerId":"eric-duncan","winnerPartyId":"CPC","runnerUpId":"sarah-good","runnerUpPartyId":"LIB","margin":37.03703703703704,"top":[{"id":"eric-duncan","name":"Eric Duncan","shortName":"Duncan","partyId":"CPC","votes":17,"share":62.96296296296296},{"id":"sarah-good","name":"Sarah Good","shortName":"Good","partyId":"LIB","votes":7,"share":25.925925925925924},{"id":"mario-leclerc","name":"Mario Leclerc","shortName":"Leclerc","partyId":"NDP","votes":2,"share":7.4074074074074066},{"id":"karl-ivan-mackinnon","name":"Karl Ivan MacKinnon","shortName":"MacKinnon","partyId":"OTH","votes":1,"share":3.7037037037037033}],"partyVotes":{"LIB":7,"CPC":17,"BQ":0,"NDP":2,"GRN":0,"PPC":0,"OTH":1}}},"geometry":{"type":"MultiPolygon","coordinates":[[[[642,101.37],[642,101.37],[641.99,101.37],[642,101.37]]],[[[641.98,101.37],[641.98,101.37],[641.98,101.37],[641.98,101.37]]],[[[641.99,101.37],[641.99,101.37],[641.99,101.37],[641.99,101.37]]]]}},{"type":"Feature","id":"35102-521","properties":{"ridingCode":"35102","pollNumber":"521","pollType":"M","advancePollNumber":"613","sourceCode":"521-0","geometryPollNumbers":["514","521"],"code":"35102-521","resultPollNumbers":["521"],"resultStatus":"resolved-combination","result":{"electors":114,"voters":92,"totalVotes":88,"rejected":4,"turnout":80.7017543859649,"winnerId":"eric-duncan","winnerPartyId":"CPC","runnerUpId":"sarah-good","runnerUpPartyId":"LIB","margin":6.8181818181818175,"top":[{"id":"eric-duncan","name":"Eric Duncan","shortName":"Duncan","partyId":"CPC","votes":44,"share":50},{"id":"sarah-good","name":"Sarah Good","shortName":"Good","partyId":"LIB","votes":38,"share":43.18181818181818},{"id":"mario-leclerc","name":"Mario Leclerc","shortName":"Leclerc","partyId":"NDP","votes":3,"share":3.4090909090909087},{"id":"karl-ivan-mackinnon","name":"Karl Ivan MacKinnon","shortName":"MacKinnon","partyId":"OTH","votes":2,"share":2.272727272727273}],"partyVotes":{"LIB":38,"CPC":44,"BQ":0,"NDP":3,"GRN":1,"PPC":0,"OTH":2}}},"geometry":{"type":"MultiPolygon","coordinates":[[[[642.04,101.36],[642.04,101.36],[642.04,101.36],[642.04,101.36]]],[[[642.16,101.43],[642.16,101.43],[642.16,101.43],[642.16,101.43]]]]}},{"type":"Feature","id":"35102-524","properties":{"ridingCode":"35102","pollNumber":"524","pollType":"M","advancePollNumber":"613","sourceCode":"524-0","geometryPollNumbers":["524"],"code":"35102-524","resultPollNumbers":["524"],"resultStatus":"exact","result":{"electors":160,"voters":93,"totalVotes":90,"rejected":3,"turnout":58.12500000000001,"winnerId":"sarah-good","winnerPartyId":"LIB","runnerUpId":"eric-duncan","runnerUpPartyId":"CPC","margin":1.1111111111111112,"top":[{"id":"sarah-good","name":"Sarah Good","shortName":"Good","partyId":"LIB","votes":42,"share":46.666666666666664},{"id":"eric-duncan","name":"Eric Duncan","shortName":"Duncan","partyId":"CPC","votes":41,"share":45.55555555555556},{"id":"mario-leclerc","name":"Mario Leclerc","shortName":"Leclerc","partyId":"NDP","votes":5,"share":5.555555555555555},{"id":"gordon-kubanek","name":"Gordon Kubanek","shortName":"Kubanek","partyId":"GRN","votes":2,"share":2.2222222222222223}],"partyVotes":{"LIB":42,"CPC":41,"BQ":0,"NDP":5,"GRN":2,"PPC":0,"OTH":0}}},"geometry":{"type":"Polygon","coordinates":[[[641.92,101.28],[641.92,101.28],[641.91,101.28],[641.92,101.28]]]}},{"type":"Feature","id":"35102-527","properties":{"ridingCode":"35102","pollNumber":"527","pollType":"M","advancePollNumber":"615","sourceCode":"527-0","geometryPollNumbers":["527","528","529"],"code":"35102-527","resultPollNumbers":["527"],"resultStatus":"resolved-combination","result":{"electors":78,"voters":93,"totalVotes":88,"rejected":5,"turnout":119.23076923076923,"winnerId":"eric-duncan","winnerPartyId":"CPC","runnerUpId":"sarah-good","runnerUpPartyId":"LIB","margin":15.909090909090908,"top":[{"id":"eric-duncan","name":"Eric Duncan","shortName":"Duncan","partyId":"CPC","votes":49,"share":55.68181818181818},{"id":"sarah-good","name":"Sarah Good","shortName":"Good","partyId":"LIB","votes":35,"share":39.77272727272727},{"id":"mario-leclerc","name":"Mario Leclerc","shortName":"Leclerc","partyId":"NDP","votes":2,"share":2.272727272727273},{"id":"gordon-kubanek","name":"Gordon Kubanek","shortName":"Kubanek","partyId":"GRN","votes":1,"share":1.1363636363636365}],"partyVotes":{"LIB":35,"CPC":49,"BQ":0,"NDP":2,"GRN":1,"PPC":0,"OTH":1}}},"geometry":{"type":"MultiPolygon","coordinates":[[[[640.73,101.07],[640.73,101.07],[640.73,101.07],[640.73,101.07]]],[[[640.71,101.02],[640.71,101.02],[640.71,101.02],[640.71,101.02],[640.71,101.02]]],[[[640.7,101.07],[640.7,101.06],[640.7,101.06],[640.7,101.07]]]]}},{"type":"Feature","id":"35102-531","properties":{"ridingCode":"35102","pollNumber":"531","pollType":"M","advancePollNumber":"621","sourceCode":"526-0","geometryPollNumbers":["526","531"],"code":"35102-531","resultPollNumbers":["531"],"resultStatus":"resolved-combination","result":{"electors":67,"voters":85,"totalVotes":84,"rejected":1,"turnout":126.86567164179105,"winnerId":"eric-duncan","winnerPartyId":"CPC","runnerUpId":"sarah-good","runnerUpPartyId":"LIB","margin":9.523809523809524,"top":[{"id":"eric-duncan","name":"Eric Duncan","shortName":"Duncan","partyId":"CPC","votes":45,"share":53.57142857142857},{"id":"sarah-good","name":"Sarah Good","shortName":"Good","partyId":"LIB","votes":37,"share":44.047619047619044},{"id":"mario-leclerc","name":"Mario Leclerc","shortName":"Leclerc","partyId":"NDP","votes":1,"share":1.1904761904761905},{"id":"karl-ivan-mackinnon","name":"Karl Ivan MacKinnon","shortName":"MacKinnon","partyId":"OTH","votes":1,"share":1.1904761904761905}],"partyVotes":{"LIB":37,"CPC":45,"BQ":0,"NDP":1,"GRN":0,"PPC":0,"OTH":1}}},"geometry":{"type":"MultiPolygon","coordinates":[[[[638.08,100.92],[638.08,100.92],[638.08,100.92],[638.08,100.92]]],[[[639.07,98.99],[639.08,99],[639.08,99],[639.06,98.99],[639.07,98.99]]]]}},{"type":"Feature","id":"35102-532","properties":{"ridingCode":"35102","pollNumber":"532","pollType":"M","advancePollNumber":"614","sourceCode":"532-0","geometryPollNumbers":["513","532"],"code":"35102-532","resultPollNumbers":["532"],"resultStatus":"resolved-combination","result":{"electors":102,"voters":129,"totalVotes":127,"rejected":2,"turnout":126.47058823529412,"winnerId":"sarah-good","winnerPartyId":"LIB","runnerUpId":"eric-duncan","runnerUpPartyId":"CPC","margin":21.25984251968504,"top":[{"id":"sarah-good","name":"Sarah Good","shortName":"Good","partyId":"LIB","votes":72,"share":56.69291338582677},{"id":"eric-duncan","name":"Eric Duncan","shortName":"Duncan","partyId":"CPC","votes":45,"share":35.43307086614173},{"id":"karl-ivan-mackinnon","name":"Karl Ivan MacKinnon","shortName":"MacKinnon","partyId":"OTH","votes":7,"share":5.511811023622047},{"id":"gordon-kubanek","name":"Gordon Kubanek","shortName":"Kubanek","partyId":"GRN","votes":2,"share":1.574803149606299}],"partyVotes":{"LIB":72,"CPC":45,"BQ":0,"NDP":1,"GRN":2,"PPC":0,"OTH":7}}},"geometry":{"type":"MultiPolygon","coordinates":[[[[641.73,101.18],[641.73,101.18],[641.73,101.18],[641.73,101.18]]],[[[641.72,101.41],[641.72,101.41],[641.72,101.41],[641.72,101.41]]]]}}]}