{"type":"FeatureCollection","ridingCode":"35110","ridingName":"Toronto--Danforth","result":{"electors":82673,"voters":59231,"totalVotes":58881,"rejected":350,"turnout":71.64491430092049,"winnerId":"julie-dabrusin","winnerPartyId":"LIB","runnerUpId":"ashik-hussain","runnerUpPartyId":"CPC","margin":47.560333554117626,"top":[{"id":"julie-dabrusin","name":"Julie Dabrusin","shortName":"Dabrusin","partyId":"LIB","votes":39191,"share":66.5596712012364},{"id":"ashik-hussain","name":"Ashik Hussain","shortName":"Hussain","partyId":"CPC","votes":11187,"share":18.999337647118764},{"id":"clare-hacksel","name":"Clare Hacksel","shortName":"Hacksel","partyId":"NDP","votes":7626,"share":12.951546339226574},{"id":"silvia-stardust","name":"Silvia Stardust","shortName":"Stardust","partyId":"GRN","votes":626,"share":1.0631612914182842},{"id":"liz-white","name":"Liz White","shortName":"White","partyId":"OTH","votes":251,"share":0.42628352099998307}],"partyVotes":{"LIB":39191,"CPC":11187,"BQ":0,"NDP":7626,"GRN":626,"PPC":0,"OTH":251}},"buckets":[{"kind":"advance","polls":12,"electors":0,"voters":20118,"totalVotes":20063,"rejected":55,"turnout":0,"winnerId":"julie-dabrusin","winnerPartyId":"LIB","runnerUpId":"ashik-hussain","runnerUpPartyId":"CPC","margin":56.37741115486219,"top":[{"id":"julie-dabrusin","name":"Julie Dabrusin","shortName":"Dabrusin","partyId":"LIB","votes":14403,"share":71.7888650750137},{"id":"ashik-hussain","name":"Ashik Hussain","shortName":"Hussain","partyId":"CPC","votes":3092,"share":15.411453920151521},{"id":"clare-hacksel","name":"Clare Hacksel","shortName":"Hacksel","partyId":"NDP","votes":2338,"share":11.653292129791158},{"id":"silvia-stardust","name":"Silvia Stardust","shortName":"Stardust","partyId":"GRN","votes":168,"share":0.8373623087275083},{"id":"liz-white","name":"Liz White","shortName":"White","partyId":"OTH","votes":62,"share":0.30902656631610426}],"partyVotes":{"LIB":14403,"CPC":3092,"BQ":0,"NDP":2338,"GRN":168,"PPC":0,"OTH":62}},{"kind":"special","polls":16,"electors":4077,"voters":7415,"totalVotes":7257,"rejected":158,"turnout":181.8739269070395,"winnerId":"julie-dabrusin","winnerPartyId":"LIB","runnerUpId":"clare-hacksel","runnerUpPartyId":"NDP","margin":56.938128703320935,"top":[{"id":"julie-dabrusin","name":"Julie Dabrusin","shortName":"Dabrusin","partyId":"LIB","votes":5204,"share":71.71007303293372},{"id":"clare-hacksel","name":"Clare Hacksel","shortName":"Hacksel","partyId":"NDP","votes":1072,"share":14.771944329612788},{"id":"ashik-hussain","name":"Ashik Hussain","shortName":"Hussain","partyId":"CPC","votes":887,"share":12.222681548849387},{"id":"silvia-stardust","name":"Silvia Stardust","shortName":"Stardust","partyId":"GRN","votes":60,"share":0.8267879288962381},{"id":"liz-white","name":"Liz White","shortName":"White","partyId":"OTH","votes":34,"share":0.4685131597078683}],"partyVotes":{"LIB":5204,"CPC":887,"BQ":0,"NDP":1072,"GRN":60,"PPC":0,"OTH":34}}],"features":[{"type":"Feature","id":"35110-1","properties":{"ridingCode":"35110","pollNumber":"1","pollType":"N","advancePollNumber":"600","sourceCode":"1-0","geometryPollNumbers":["1"],"code":"35110-1","resultPollNumbers":["1"],"resultStatus":"exact","result":{"electors":395,"voters":170,"totalVotes":170,"rejected":0,"turnout":43.037974683544306,"winnerId":"julie-dabrusin","winnerPartyId":"LIB","runnerUpId":"ashik-hussain","runnerUpPartyId":"CPC","margin":0.5882352941176471,"top":[{"id":"julie-dabrusin","name":"Julie Dabrusin","shortName":"Dabrusin","partyId":"LIB","votes":81,"share":47.647058823529406},{"id":"ashik-hussain","name":"Ashik Hussain","shortName":"Hussain","partyId":"CPC","votes":80,"share":47.05882352941176},{"id":"clare-hacksel","name":"Clare Hacksel","shortName":"Hacksel","partyId":"NDP","votes":7,"share":4.117647058823529},{"id":"silvia-stardust","name":"Silvia Stardust","shortName":"Stardust","partyId":"GRN","votes":2,"share":1.1764705882352942}],"partyVotes":{"LIB":81,"CPC":80,"BQ":0,"NDP":7,"GRN":2,"PPC":0,"OTH":0}}},"geometry":{"type":"Polygon","coordinates":[[[612.31,77.42],[612.32,77.4],[612.32,77.41],[612.33,77.41],[612.33,77.42],[612.32,77.41],[612.32,77.42],[612.33,77.43],[612.34,77.43],[612.34,77.42],[612.34,77.42],[612.35,77.42],[612.36,77.43],[612.37,77.44],[612.38,77.43],[612.38,77.43],[612.39,77.44],[612.38,77.44],[612.39,77.45],[612.39,77.45],[612.4,77.49],[612.4,77.49],[612.4,77.49],[612.38,77.49],[612.36,77.48],[612.36,77.5],[612.35,77.5],[612.34,77.49],[612.34,77.49],[612.32,77.47],[612.32,77.46],[612.32,77.44],[612.32,77.44],[612.31,77.42]]]}},{"type":"Feature","id":"35110-2","properties":{"ridingCode":"35110","pollNumber":"2","pollType":"N","advancePollNumber":"600","sourceCode":"2-0","geometryPollNumbers":["2"],"code":"35110-2","resultPollNumbers":["2"],"resultStatus":"exact","result":{"electors":426,"voters":208,"totalVotes":206,"rejected":2,"turnout":48.82629107981221,"winnerId":"julie-dabrusin","winnerPartyId":"LIB","runnerUpId":"ashik-hussain","runnerUpPartyId":"CPC","margin":4.854368932038835,"top":[{"id":"julie-dabrusin","name":"Julie Dabrusin","shortName":"Dabrusin","partyId":"LIB","votes":100,"share":48.54368932038835},{"id":"ashik-hussain","name":"Ashik Hussain","shortName":"Hussain","partyId":"CPC","votes":90,"share":43.689320388349515},{"id":"clare-hacksel","name":"Clare Hacksel","shortName":"Hacksel","partyId":"NDP","votes":12,"share":5.825242718446602},{"id":"silvia-stardust","name":"Silvia Stardust","shortName":"Stardust","partyId":"GRN","votes":2,"share":0.9708737864077669}],"partyVotes":{"LIB":100,"CPC":90,"BQ":0,"NDP":12,"GRN":2,"PPC":0,"OTH":2}}},"geometry":{"type":"Polygon","coordinates":[[[612.36,77.43],[612.37,77.41],[612.39,77.42],[612.4,77.4],[612.4,77.4],[612.41,77.41],[612.4,77.43],[612.39,77.45],[612.38,77.44],[612.39,77.44],[612.38,77.43],[612.38,77.43],[612.37,77.44],[612.36,77.43]]]}},{"type":"Feature","id":"35110-3","properties":{"ridingCode":"35110","pollNumber":"3","pollType":"N","advancePollNumber":"600","sourceCode":"3-0","geometryPollNumbers":["3"],"code":"35110-3","resultPollNumbers":["3"],"resultStatus":"exact","result":{"electors":443,"voters":178,"totalVotes":175,"rejected":3,"turnout":40.18058690744921,"winnerId":"ashik-hussain","winnerPartyId":"CPC","runnerUpId":"julie-dabrusin","runnerUpPartyId":"LIB","margin":7.428571428571429,"top":[{"id":"ashik-hussain","name":"Ashik Hussain","shortName":"Hussain","partyId":"CPC","votes":88,"share":50.28571428571429},{"id":"julie-dabrusin","name":"Julie Dabrusin","shortName":"Dabrusin","partyId":"LIB","votes":75,"share":42.857142857142854},{"id":"clare-hacksel","name":"Clare Hacksel","shortName":"Hacksel","partyId":"NDP","votes":8,"share":4.571428571428571},{"id":"silvia-stardust","name":"Silvia Stardust","shortName":"Stardust","partyId":"GRN","votes":4,"share":2.2857142857142856}],"partyVotes":{"LIB":75,"CPC":88,"BQ":0,"NDP":8,"GRN":4,"PPC":0,"OTH":0}}},"geometry":{"type":"Polygon","coordinates":[[[612.33,77.41],[612.32,77.41],[612.34,77.37],[612.36,77.38],[612.34,77.41],[612.34,77.42],[612.34,77.42],[612.34,77.43],[612.33,77.43],[612.32,77.42],[612.32,77.41],[612.33,77.42],[612.33,77.41]]]}},{"type":"Feature","id":"35110-4","properties":{"ridingCode":"35110","pollNumber":"4","pollType":"N","advancePollNumber":"600","sourceCode":"4-0","geometryPollNumbers":["4"],"code":"35110-4","resultPollNumbers":["4"],"resultStatus":"exact","result":{"electors":443,"voters":175,"totalVotes":175,"rejected":0,"turnout":39.503386004514674,"winnerId":"julie-dabrusin","winnerPartyId":"LIB","runnerUpId":"ashik-hussain","runnerUpPartyId":"CPC","margin":22.857142857142858,"top":[{"id":"julie-dabrusin","name":"Julie Dabrusin","shortName":"Dabrusin","partyId":"LIB","votes":101,"share":57.714285714285715},{"id":"ashik-hussain","name":"Ashik Hussain","shortName":"Hussain","partyId":"CPC","votes":61,"share":34.85714285714286},{"id":"clare-hacksel","name":"Clare Hacksel","shortName":"Hacksel","partyId":"NDP","votes":10,"share":5.714285714285714},{"id":"liz-white","name":"Liz White","shortName":"White","partyId":"OTH","votes":2,"share":1.1428571428571428}],"partyVotes":{"LIB":101,"CPC":61,"BQ":0,"NDP":10,"GRN":1,"PPC":0,"OTH":2}}},"geometry":{"type":"Polygon","coordinates":[[[612.35,77.42],[612.37,77.39],[612.37,77.39],[612.38,77.37],[612.39,77.37],[612.39,77.38],[612.38,77.4],[612.4,77.4],[612.39,77.42],[612.37,77.41],[612.36,77.43],[612.35,77.42]]]}},{"type":"Feature","id":"35110-5","properties":{"ridingCode":"35110","pollNumber":"5","pollType":"N","advancePollNumber":"600","sourceCode":"5-0","geometryPollNumbers":["5"],"code":"35110-5","resultPollNumbers":["5"],"resultStatus":"exact","result":{"electors":465,"voters":208,"totalVotes":208,"rejected":0,"turnout":44.73118279569893,"winnerId":"julie-dabrusin","winnerPartyId":"LIB","runnerUpId":"ashik-hussain","runnerUpPartyId":"CPC","margin":1.4423076923076923,"top":[{"id":"julie-dabrusin","name":"Julie Dabrusin","shortName":"Dabrusin","partyId":"LIB","votes":99,"share":47.59615384615385},{"id":"ashik-hussain","name":"Ashik Hussain","shortName":"Hussain","partyId":"CPC","votes":96,"share":46.15384615384615},{"id":"clare-hacksel","name":"Clare Hacksel","shortName":"Hacksel","partyId":"NDP","votes":10,"share":4.807692307692308},{"id":"silvia-stardust","name":"Silvia Stardust","shortName":"Stardust","partyId":"GRN","votes":2,"share":0.9615384615384616}],"partyVotes":{"LIB":99,"CPC":96,"BQ":0,"NDP":10,"GRN":2,"PPC":0,"OTH":1}}},"geometry":{"type":"Polygon","coordinates":[[[612.35,77.42],[612.34,77.42],[612.34,77.41],[612.36,77.38],[612.34,77.37],[612.36,77.36],[612.38,77.37],[612.37,77.39],[612.37,77.39],[612.35,77.42]]]}},{"type":"Feature","id":"35110-6","properties":{"ridingCode":"35110","pollNumber":"6","pollType":"N","advancePollNumber":"600","sourceCode":"6-0","geometryPollNumbers":["6"],"code":"35110-6","resultPollNumbers":["6"],"resultStatus":"exact","result":{"electors":461,"voters":175,"totalVotes":175,"rejected":0,"turnout":37.960954446854664,"winnerId":"julie-dabrusin","winnerPartyId":"LIB","runnerUpId":"ashik-hussain","runnerUpPartyId":"CPC","margin":25.142857142857146,"top":[{"id":"julie-dabrusin","name":"Julie Dabrusin","shortName":"Dabrusin","partyId":"LIB","votes":103,"share":58.857142857142854},{"id":"ashik-hussain","name":"Ashik Hussain","shortName":"Hussain","partyId":"CPC","votes":59,"share":33.714285714285715},{"id":"clare-hacksel","name":"Clare Hacksel","shortName":"Hacksel","partyId":"NDP","votes":11,"share":6.2857142857142865},{"id":"silvia-stardust","name":"Silvia Stardust","shortName":"Stardust","partyId":"GRN","votes":2,"share":1.1428571428571428}],"partyVotes":{"LIB":103,"CPC":59,"BQ":0,"NDP":11,"GRN":2,"PPC":0,"OTH":0}}},"geometry":{"type":"Polygon","coordinates":[[[612.27,77.42],[612.28,77.41],[612.31,77.37],[612.31,77.38],[612.33,77.38],[612.32,77.4],[612.32,77.4],[612.31,77.42],[612.32,77.44],[612.32,77.44],[612.32,77.46],[612.32,77.47],[612.34,77.49],[612.33,77.49],[612.33,77.49],[612.32,77.48],[612.31,77.46],[612.3,77.45],[612.3,77.44],[612.28,77.43],[612.28,77.42],[612.27,77.42]]]}},{"type":"Feature","id":"35110-7","properties":{"ridingCode":"35110","pollNumber":"7","pollType":"N","advancePollNumber":"601","sourceCode":"7-0","geometryPollNumbers":["7"],"code":"35110-7","resultPollNumbers":["7"],"resultStatus":"exact","result":{"electors":440,"voters":173,"totalVotes":172,"rejected":1,"turnout":39.31818181818182,"winnerId":"julie-dabrusin","winnerPartyId":"LIB","runnerUpId":"ashik-hussain","runnerUpPartyId":"CPC","margin":22.674418604651162,"top":[{"id":"julie-dabrusin","name":"Julie Dabrusin","shortName":"Dabrusin","partyId":"LIB","votes":98,"share":56.97674418604651},{"id":"ashik-hussain","name":"Ashik Hussain","shortName":"Hussain","partyId":"CPC","votes":59,"share":34.30232558139535},{"id":"clare-hacksel","name":"Clare Hacksel","shortName":"Hacksel","partyId":"NDP","votes":14,"share":8.13953488372093},{"id":"silvia-stardust","name":"Silvia Stardust","shortName":"Stardust","partyId":"GRN","votes":1,"share":0.5813953488372093}],"partyVotes":{"LIB":98,"CPC":59,"BQ":0,"NDP":14,"GRN":1,"PPC":0,"OTH":0}}},"geometry":{"type":"Polygon","coordinates":[[[612.28,77.4],[612.25,77.4],[612.27,77.37],[612.28,77.37],[612.28,77.37],[612.29,77.37],[612.28,77.4]]]}},{"type":"Feature","id":"35110-8","properties":{"ridingCode":"35110","pollNumber":"8","pollType":"N","advancePollNumber":"601","sourceCode":"8-0","geometryPollNumbers":["8"],"code":"35110-8","resultPollNumbers":["8"],"resultStatus":"exact","result":{"electors":427,"voters":126,"totalVotes":126,"rejected":0,"turnout":29.508196721311474,"winnerId":"julie-dabrusin","winnerPartyId":"LIB","runnerUpId":"ashik-hussain","runnerUpPartyId":"CPC","margin":30.952380952380953,"top":[{"id":"julie-dabrusin","name":"Julie Dabrusin","shortName":"Dabrusin","partyId":"LIB","votes":74,"share":58.730158730158735},{"id":"ashik-hussain","name":"Ashik Hussain","shortName":"Hussain","partyId":"CPC","votes":35,"share":27.77777777777778},{"id":"clare-hacksel","name":"Clare Hacksel","shortName":"Hacksel","partyId":"NDP","votes":14,"share":11.11111111111111},{"id":"silvia-stardust","name":"Silvia Stardust","shortName":"Stardust","partyId":"GRN","votes":2,"share":1.5873015873015872}],"partyVotes":{"LIB":74,"CPC":35,"BQ":0,"NDP":14,"GRN":2,"PPC":0,"OTH":1}}},"geometry":{"type":"Polygon","coordinates":[[[612.24,77.4],[612.24,77.39],[612.25,77.36],[612.26,77.37],[612.27,77.36],[612.28,77.37],[612.28,77.37],[612.27,77.37],[612.25,77.4],[612.24,77.4]]]}},{"type":"Feature","id":"35110-9","properties":{"ridingCode":"35110","pollNumber":"9","pollType":"N","advancePollNumber":"601","sourceCode":"9-0","geometryPollNumbers":["9"],"code":"35110-9","resultPollNumbers":["9"],"resultStatus":"exact","result":{"electors":357,"voters":125,"totalVotes":125,"rejected":0,"turnout":35.01400560224089,"winnerId":"julie-dabrusin","winnerPartyId":"LIB","runnerUpId":"ashik-hussain","runnerUpPartyId":"CPC","margin":16.8,"top":[{"id":"julie-dabrusin","name":"Julie Dabrusin","shortName":"Dabrusin","partyId":"LIB","votes":66,"share":52.800000000000004},{"id":"ashik-hussain","name":"Ashik Hussain","shortName":"Hussain","partyId":"CPC","votes":45,"share":36},{"id":"clare-hacksel","name":"Clare Hacksel","shortName":"Hacksel","partyId":"NDP","votes":14,"share":11.200000000000001},{"id":"silvia-stardust","name":"Silvia Stardust","shortName":"Stardust","partyId":"GRN","votes":0,"share":0}],"partyVotes":{"LIB":66,"CPC":45,"BQ":0,"NDP":14,"GRN":0,"PPC":0,"OTH":0}}},"geometry":{"type":"Polygon","coordinates":[[[612.21,77.39],[612.22,77.38],[612.21,77.37],[612.22,77.36],[612.22,77.35],[612.21,77.34],[612.21,77.34],[612.24,77.35],[612.24,77.36],[612.22,77.38],[612.23,77.39],[612.24,77.4],[612.24,77.4],[612.24,77.41],[612.24,77.41],[612.22,77.4],[612.21,77.39]]]}},{"type":"Feature","id":"35110-10","properties":{"ridingCode":"35110","pollNumber":"10","pollType":"N","advancePollNumber":"601","sourceCode":"10-0","geometryPollNumbers":["10"],"code":"35110-10","resultPollNumbers":["10"],"resultStatus":"exact","result":{"electors":467,"voters":157,"totalVotes":157,"rejected":0,"turnout":33.61884368308351,"winnerId":"julie-dabrusin","winnerPartyId":"LIB","runnerUpId":"ashik-hussain","runnerUpPartyId":"CPC","margin":25.477707006369428,"top":[{"id":"julie-dabrusin","name":"Julie Dabrusin","shortName":"Dabrusin","partyId":"LIB","votes":92,"share":58.59872611464968},{"id":"ashik-hussain","name":"Ashik Hussain","shortName":"Hussain","partyId":"CPC","votes":52,"share":33.12101910828025},{"id":"clare-hacksel","name":"Clare Hacksel","shortName":"Hacksel","partyId":"NDP","votes":13,"share":8.280254777070063},{"id":"silvia-stardust","name":"Silvia Stardust","shortName":"Stardust","partyId":"GRN","votes":0,"share":0}],"partyVotes":{"LIB":92,"CPC":52,"BQ":0,"NDP":13,"GRN":0,"PPC":0,"OTH":0}}},"geometry":{"type":"Polygon","coordinates":[[[612.17,77.29],[612.18,77.28],[612.18,77.27],[612.18,77.3],[612.19,77.32],[612.21,77.39],[612.22,77.4],[612.24,77.41],[612.24,77.41],[612.24,77.4],[612.24,77.4],[612.25,77.4],[612.28,77.4],[612.29,77.37],[612.28,77.37],[612.27,77.36],[612.25,77.35],[612.26,77.34],[612.31,77.37],[612.31,77.37],[612.28,77.41],[612.27,77.42],[612.25,77.43],[612.24,77.43],[612.23,77.43],[612.23,77.43],[612.23,77.42],[612.22,77.41],[612.21,77.41],[612.21,77.4],[612.2,77.4],[612.19,77.39],[612.19,77.37],[612.19,77.37],[612.18,77.37],[612.17,77.36],[612.16,77.34],[612.16,77.33],[612.18,77.32],[612.18,77.3],[612.17,77.29],[612.17,77.29]]]}},{"type":"Feature","id":"35110-11","properties":{"ridingCode":"35110","pollNumber":"11","pollType":"N","advancePollNumber":"600","sourceCode":"11-0","geometryPollNumbers":["11"],"code":"35110-11","resultPollNumbers":["11"],"resultStatus":"exact","result":{"electors":431,"voters":158,"totalVotes":158,"rejected":0,"turnout":36.65893271461717,"winnerId":"julie-dabrusin","winnerPartyId":"LIB","runnerUpId":"ashik-hussain","runnerUpPartyId":"CPC","margin":13.924050632911392,"top":[{"id":"julie-dabrusin","name":"Julie Dabrusin","shortName":"Dabrusin","partyId":"LIB","votes":83,"share":52.53164556962025},{"id":"ashik-hussain","name":"Ashik Hussain","shortName":"Hussain","partyId":"CPC","votes":61,"share":38.607594936708864},{"id":"clare-hacksel","name":"Clare Hacksel","shortName":"Hacksel","partyId":"NDP","votes":14,"share":8.860759493670885},{"id":"silvia-stardust","name":"Silvia Stardust","shortName":"Stardust","partyId":"GRN","votes":0,"share":0}],"partyVotes":{"LIB":83,"CPC":61,"BQ":0,"NDP":14,"GRN":0,"PPC":0,"OTH":0}}},"geometry":{"type":"Polygon","coordinates":[[[612.33,77.38],[612.31,77.38],[612.33,77.34],[612.34,77.34],[612.34,77.35],[612.33,77.36],[612.34,77.37],[612.34,77.37],[612.32,77.41],[612.32,77.4],[612.32,77.4],[612.33,77.38]]]}},{"type":"Feature","id":"35110-12","properties":{"ridingCode":"35110","pollNumber":"12","pollType":"N","advancePollNumber":"601","sourceCode":"12-0","geometryPollNumbers":["12"],"code":"35110-12","resultPollNumbers":["12"],"resultStatus":"exact","result":{"electors":440,"voters":164,"totalVotes":162,"rejected":2,"turnout":37.27272727272727,"winnerId":"julie-dabrusin","winnerPartyId":"LIB","runnerUpId":"ashik-hussain","runnerUpPartyId":"CPC","margin":9.876543209876543,"top":[{"id":"julie-dabrusin","name":"Julie Dabrusin","shortName":"Dabrusin","partyId":"LIB","votes":81,"share":50},{"id":"ashik-hussain","name":"Ashik Hussain","shortName":"Hussain","partyId":"CPC","votes":65,"share":40.123456790123456},{"id":"clare-hacksel","name":"Clare Hacksel","shortName":"Hacksel","partyId":"NDP","votes":11,"share":6.790123456790123},{"id":"silvia-stardust","name":"Silvia Stardust","shortName":"Stardust","partyId":"GRN","votes":4,"share":2.4691358024691357}],"partyVotes":{"LIB":81,"CPC":65,"BQ":0,"NDP":11,"GRN":4,"PPC":0,"OTH":1}}},"geometry":{"type":"Polygon","coordinates":[[[612.23,77.39],[612.22,77.38],[612.24,77.36],[612.24,77.35],[612.24,77.34],[612.25,77.35],[612.27,77.36],[612.26,77.37],[612.25,77.36],[612.24,77.39],[612.24,77.4],[612.23,77.39]]]}},{"type":"Feature","id":"35110-13","properties":{"ridingCode":"35110","pollNumber":"13","pollType":"N","advancePollNumber":"601","sourceCode":"13-0","geometryPollNumbers":["13"],"code":"35110-13","resultPollNumbers":["13"],"resultStatus":"exact","result":{"electors":385,"voters":128,"totalVotes":127,"rejected":1,"turnout":33.246753246753244,"winnerId":"julie-dabrusin","winnerPartyId":"LIB","runnerUpId":"ashik-hussain","runnerUpPartyId":"CPC","margin":22.04724409448819,"top":[{"id":"julie-dabrusin","name":"Julie Dabrusin","shortName":"Dabrusin","partyId":"LIB","votes":69,"share":54.330708661417326},{"id":"ashik-hussain","name":"Ashik Hussain","shortName":"Hussain","partyId":"CPC","votes":41,"share":32.28346456692913},{"id":"clare-hacksel","name":"Clare Hacksel","shortName":"Hacksel","partyId":"NDP","votes":17,"share":13.385826771653544},{"id":"silvia-stardust","name":"Silvia Stardust","shortName":"Stardust","partyId":"GRN","votes":0,"share":0}],"partyVotes":{"LIB":69,"CPC":41,"BQ":0,"NDP":17,"GRN":0,"PPC":0,"OTH":0}}},"geometry":{"type":"Polygon","coordinates":[[[612.29,77.34],[612.31,77.36],[612.31,77.37],[612.26,77.34],[612.26,77.33],[612.29,77.34]]]}},{"type":"Feature","id":"35110-14","properties":{"ridingCode":"35110","pollNumber":"14","pollType":"N","advancePollNumber":"601","sourceCode":"14-0","geometryPollNumbers":["14"],"code":"35110-14","resultPollNumbers":["14"],"resultStatus":"exact","result":{"electors":456,"voters":167,"totalVotes":167,"rejected":0,"turnout":36.622807017543856,"winnerId":"julie-dabrusin","winnerPartyId":"LIB","runnerUpId":"ashik-hussain","runnerUpPartyId":"CPC","margin":17.365269461077844,"top":[{"id":"julie-dabrusin","name":"Julie Dabrusin","shortName":"Dabrusin","partyId":"LIB","votes":90,"share":53.89221556886228},{"id":"ashik-hussain","name":"Ashik Hussain","shortName":"Hussain","partyId":"CPC","votes":61,"share":36.52694610778443},{"id":"clare-hacksel","name":"Clare Hacksel","shortName":"Hacksel","partyId":"NDP","votes":14,"share":8.383233532934131},{"id":"liz-white","name":"Liz White","shortName":"White","partyId":"OTH","votes":2,"share":1.1976047904191618}],"partyVotes":{"LIB":90,"CPC":61,"BQ":0,"NDP":14,"GRN":0,"PPC":0,"OTH":2}}},"geometry":{"type":"Polygon","coordinates":[[[612.21,77.33],[612.22,77.32],[612.26,77.34],[612.25,77.35],[612.24,77.34],[612.24,77.35],[612.21,77.34],[612.21,77.34],[612.21,77.34],[612.21,77.34],[612.21,77.33]]]}},{"type":"Feature","id":"35110-15","properties":{"ridingCode":"35110","pollNumber":"15","pollType":"N","advancePollNumber":"600","sourceCode":"15-0","geometryPollNumbers":["15"],"code":"35110-15","resultPollNumbers":["15"],"resultStatus":"exact","result":{"electors":430,"voters":197,"totalVotes":197,"rejected":0,"turnout":45.81395348837209,"winnerId":"julie-dabrusin","winnerPartyId":"LIB","runnerUpId":"ashik-hussain","runnerUpPartyId":"CPC","margin":16.751269035532996,"top":[{"id":"julie-dabrusin","name":"Julie Dabrusin","shortName":"Dabrusin","partyId":"LIB","votes":95,"share":48.223350253807105},{"id":"ashik-hussain","name":"Ashik Hussain","shortName":"Hussain","partyId":"CPC","votes":62,"share":31.472081218274113},{"id":"clare-hacksel","name":"Clare Hacksel","shortName":"Hacksel","partyId":"NDP","votes":33,"share":16.751269035532996},{"id":"silvia-stardust","name":"Silvia Stardust","shortName":"Stardust","partyId":"GRN","votes":6,"share":3.0456852791878175}],"partyVotes":{"LIB":95,"CPC":62,"BQ":0,"NDP":33,"GRN":6,"PPC":0,"OTH":1}}},"geometry":{"type":"Polygon","coordinates":[[[612.34,77.37],[612.35,77.35],[612.35,77.35],[612.36,77.34],[612.36,77.33],[612.37,77.32],[612.38,77.32],[612.37,77.34],[612.36,77.36],[612.34,77.37],[612.34,77.37]]]}},{"type":"Feature","id":"35110-16","properties":{"ridingCode":"35110","pollNumber":"16","pollType":"N","advancePollNumber":"600","sourceCode":"16-0","geometryPollNumbers":["16"],"code":"35110-16","resultPollNumbers":["16"],"resultStatus":"exact","result":{"electors":432,"voters":185,"totalVotes":185,"rejected":0,"turnout":42.824074074074076,"winnerId":"julie-dabrusin","winnerPartyId":"LIB","runnerUpId":"ashik-hussain","runnerUpPartyId":"CPC","margin":18.91891891891892,"top":[{"id":"julie-dabrusin","name":"Julie Dabrusin","shortName":"Dabrusin","partyId":"LIB","votes":97,"share":52.43243243243243},{"id":"ashik-hussain","name":"Ashik Hussain","shortName":"Hussain","partyId":"CPC","votes":62,"share":33.513513513513516},{"id":"clare-hacksel","name":"Clare Hacksel","shortName":"Hacksel","partyId":"NDP","votes":20,"share":10.81081081081081},{"id":"silvia-stardust","name":"Silvia Stardust","shortName":"Stardust","partyId":"GRN","votes":5,"share":2.7027027027027026}],"partyVotes":{"LIB":97,"CPC":62,"BQ":0,"NDP":20,"GRN":5,"PPC":0,"OTH":1}}},"geometry":{"type":"Polygon","coordinates":[[[612.34,77.35],[612.34,77.34],[612.35,77.33],[612.35,77.33],[612.36,77.31],[612.37,77.32],[612.36,77.33],[612.36,77.34],[612.35,77.35],[612.35,77.35],[612.34,77.37],[612.33,77.36],[612.34,77.35]]]}},{"type":"Feature","id":"35110-17","properties":{"ridingCode":"35110","pollNumber":"17","pollType":"N","advancePollNumber":"600","sourceCode":"17-0","geometryPollNumbers":["17"],"code":"35110-17","resultPollNumbers":["17"],"resultStatus":"exact","result":{"electors":484,"voters":214,"totalVotes":214,"rejected":0,"turnout":44.214876033057855,"winnerId":"julie-dabrusin","winnerPartyId":"LIB","runnerUpId":"ashik-hussain","runnerUpPartyId":"CPC","margin":28.037383177570092,"top":[{"id":"julie-dabrusin","name":"Julie Dabrusin","shortName":"Dabrusin","partyId":"LIB","votes":112,"share":52.336448598130836},{"id":"ashik-hussain","name":"Ashik Hussain","shortName":"Hussain","partyId":"CPC","votes":52,"share":24.299065420560748},{"id":"clare-hacksel","name":"Clare Hacksel","shortName":"Hacksel","partyId":"NDP","votes":47,"share":21.962616822429908},{"id":"liz-white","name":"Liz White","shortName":"White","partyId":"OTH","votes":2,"share":0.9345794392523363}],"partyVotes":{"LIB":112,"CPC":52,"BQ":0,"NDP":47,"GRN":1,"PPC":0,"OTH":2}}},"geometry":{"type":"Polygon","coordinates":[[[612.31,77.36],[612.32,77.35],[612.33,77.34],[612.33,77.34],[612.33,77.33],[612.34,77.32],[612.35,77.3],[612.36,77.31],[612.35,77.33],[612.35,77.33],[612.34,77.34],[612.33,77.34],[612.31,77.38],[612.31,77.37],[612.31,77.37],[612.31,77.36]]]}},{"type":"Feature","id":"35110-18","properties":{"ridingCode":"35110","pollNumber":"18","pollType":"N","advancePollNumber":"601","sourceCode":"18-0","geometryPollNumbers":["18"],"code":"35110-18","resultPollNumbers":["18"],"resultStatus":"exact","result":{"electors":477,"voters":149,"totalVotes":147,"rejected":2,"turnout":31.236897274633122,"winnerId":"julie-dabrusin","winnerPartyId":"LIB","runnerUpId":"ashik-hussain","runnerUpPartyId":"CPC","margin":12.244897959183673,"top":[{"id":"julie-dabrusin","name":"Julie Dabrusin","shortName":"Dabrusin","partyId":"LIB","votes":73,"share":49.65986394557823},{"id":"ashik-hussain","name":"Ashik Hussain","shortName":"Hussain","partyId":"CPC","votes":55,"share":37.41496598639456},{"id":"clare-hacksel","name":"Clare Hacksel","shortName":"Hacksel","partyId":"NDP","votes":13,"share":8.843537414965986},{"id":"silvia-stardust","name":"Silvia Stardust","shortName":"Stardust","partyId":"GRN","votes":5,"share":3.4013605442176873}],"partyVotes":{"LIB":73,"CPC":55,"BQ":0,"NDP":13,"GRN":5,"PPC":0,"OTH":1}}},"geometry":{"type":"Polygon","coordinates":[[[612.26,77.34],[612.22,77.32],[612.22,77.31],[612.23,77.31],[612.23,77.32],[612.26,77.33],[612.26,77.33],[612.26,77.34]]]}},{"type":"Feature","id":"35110-19","properties":{"ridingCode":"35110","pollNumber":"19","pollType":"N","advancePollNumber":"600","sourceCode":"19-0","geometryPollNumbers":["19"],"code":"35110-19","resultPollNumbers":["19"],"resultStatus":"exact","result":{"electors":334,"voters":112,"totalVotes":111,"rejected":1,"turnout":33.532934131736525,"winnerId":"julie-dabrusin","winnerPartyId":"LIB","runnerUpId":"ashik-hussain","runnerUpPartyId":"CPC","margin":6.306306306306306,"top":[{"id":"julie-dabrusin","name":"Julie Dabrusin","shortName":"Dabrusin","partyId":"LIB","votes":54,"share":48.64864864864865},{"id":"ashik-hussain","name":"Ashik Hussain","shortName":"Hussain","partyId":"CPC","votes":47,"share":42.34234234234234},{"id":"clare-hacksel","name":"Clare Hacksel","shortName":"Hacksel","partyId":"NDP","votes":10,"share":9.00900900900901},{"id":"silvia-stardust","name":"Silvia Stardust","shortName":"Stardust","partyId":"GRN","votes":0,"share":0}],"partyVotes":{"LIB":54,"CPC":47,"BQ":0,"NDP":10,"GRN":0,"PPC":0,"OTH":0}}},"geometry":{"type":"Polygon","coordinates":[[[612.39,77.38],[612.39,77.37],[612.4,77.36],[612.41,77.36],[612.42,77.37],[612.4,77.4],[612.4,77.4],[612.38,77.4],[612.39,77.38]]]}},{"type":"Feature","id":"35110-20","properties":{"ridingCode":"35110","pollNumber":"20","pollType":"N","advancePollNumber":"600","sourceCode":"20-0","geometryPollNumbers":["20"],"code":"35110-20","resultPollNumbers":["20"],"resultStatus":"exact","result":{"electors":400,"voters":133,"totalVotes":132,"rejected":1,"turnout":33.25,"winnerId":"julie-dabrusin","winnerPartyId":"LIB","runnerUpId":"ashik-hussain","runnerUpPartyId":"CPC","margin":4.545454545454546,"top":[{"id":"julie-dabrusin","name":"Julie Dabrusin","shortName":"Dabrusin","partyId":"LIB","votes":62,"share":46.96969696969697},{"id":"ashik-hussain","name":"Ashik Hussain","shortName":"Hussain","partyId":"CPC","votes":56,"share":42.42424242424242},{"id":"clare-hacksel","name":"Clare Hacksel","shortName":"Hacksel","partyId":"NDP","votes":13,"share":9.848484848484848},{"id":"silvia-stardust","name":"Silvia Stardust","shortName":"Stardust","partyId":"GRN","votes":1,"share":0.7575757575757576}],"partyVotes":{"LIB":62,"CPC":56,"BQ":0,"NDP":13,"GRN":1,"PPC":0,"OTH":0}}},"geometry":{"type":"Polygon","coordinates":[[[612.41,77.41],[612.4,77.4],[612.42,77.37],[612.41,77.36],[612.42,77.35],[612.44,77.36],[612.42,77.39],[612.41,77.41]]]}},{"type":"Feature","id":"35110-21","properties":{"ridingCode":"35110","pollNumber":"21","pollType":"N","advancePollNumber":"600","sourceCode":"21-0","geometryPollNumbers":["21"],"code":"35110-21","resultPollNumbers":["21"],"resultStatus":"exact","result":{"electors":379,"voters":123,"totalVotes":123,"rejected":0,"turnout":32.45382585751979,"winnerId":"julie-dabrusin","winnerPartyId":"LIB","runnerUpId":"ashik-hussain","runnerUpPartyId":"CPC","margin":30.081300813008134,"top":[{"id":"julie-dabrusin","name":"Julie Dabrusin","shortName":"Dabrusin","partyId":"LIB","votes":72,"share":58.536585365853654},{"id":"ashik-hussain","name":"Ashik Hussain","shortName":"Hussain","partyId":"CPC","votes":35,"share":28.455284552845526},{"id":"clare-hacksel","name":"Clare Hacksel","shortName":"Hacksel","partyId":"NDP","votes":15,"share":12.195121951219512},{"id":"liz-white","name":"Liz White","shortName":"White","partyId":"OTH","votes":1,"share":0.8130081300813009}],"partyVotes":{"LIB":72,"CPC":35,"BQ":0,"NDP":15,"GRN":0,"PPC":0,"OTH":1}}},"geometry":{"type":"Polygon","coordinates":[[[612.38,77.37],[612.36,77.36],[612.37,77.34],[612.39,77.35],[612.4,77.36],[612.39,77.37],[612.38,77.37]]]}},{"type":"Feature","id":"35110-22","properties":{"ridingCode":"35110","pollNumber":"22","pollType":"N","advancePollNumber":"600","sourceCode":"22-0","geometryPollNumbers":["22"],"code":"35110-22","resultPollNumbers":["22"],"resultStatus":"exact","result":{"electors":409,"voters":142,"totalVotes":142,"rejected":0,"turnout":34.71882640586797,"winnerId":"julie-dabrusin","winnerPartyId":"LIB","runnerUpId":"ashik-hussain","runnerUpPartyId":"CPC","margin":50.70422535211267,"top":[{"id":"julie-dabrusin","name":"Julie Dabrusin","shortName":"Dabrusin","partyId":"LIB","votes":98,"share":69.01408450704226},{"id":"ashik-hussain","name":"Ashik Hussain","shortName":"Hussain","partyId":"CPC","votes":26,"share":18.30985915492958},{"id":"clare-hacksel","name":"Clare Hacksel","shortName":"Hacksel","partyId":"NDP","votes":18,"share":12.676056338028168},{"id":"silvia-stardust","name":"Silvia Stardust","shortName":"Stardust","partyId":"GRN","votes":0,"share":0}],"partyVotes":{"LIB":98,"CPC":26,"BQ":0,"NDP":18,"GRN":0,"PPC":0,"OTH":0}}},"geometry":{"type":"Polygon","coordinates":[[[612.4,77.36],[612.39,77.35],[612.4,77.34],[612.4,77.33],[612.4,77.33],[612.42,77.34],[612.42,77.35],[612.41,77.36],[612.4,77.36]]]}},{"type":"Feature","id":"35110-23","properties":{"ridingCode":"35110","pollNumber":"23","pollType":"N","advancePollNumber":"600","sourceCode":"23-0","geometryPollNumbers":["23"],"code":"35110-23","resultPollNumbers":["23"],"resultStatus":"exact","result":{"electors":355,"voters":138,"totalVotes":138,"rejected":0,"turnout":38.87323943661972,"winnerId":"julie-dabrusin","winnerPartyId":"LIB","runnerUpId":"ashik-hussain","runnerUpPartyId":"CPC","margin":34.78260869565217,"top":[{"id":"julie-dabrusin","name":"Julie Dabrusin","shortName":"Dabrusin","partyId":"LIB","votes":86,"share":62.31884057971014},{"id":"ashik-hussain","name":"Ashik Hussain","shortName":"Hussain","partyId":"CPC","votes":38,"share":27.536231884057973},{"id":"clare-hacksel","name":"Clare Hacksel","shortName":"Hacksel","partyId":"NDP","votes":14,"share":10.144927536231885},{"id":"silvia-stardust","name":"Silvia Stardust","shortName":"Stardust","partyId":"GRN","votes":0,"share":0}],"partyVotes":{"LIB":86,"CPC":38,"BQ":0,"NDP":14,"GRN":0,"PPC":0,"OTH":0}}},"geometry":{"type":"Polygon","coordinates":[[[612.39,77.35],[612.37,77.34],[612.38,77.32],[612.4,77.33],[612.4,77.34],[612.39,77.35]]]}},{"type":"Feature","id":"35110-24","properties":{"ridingCode":"35110","pollNumber":"24","pollType":"N","advancePollNumber":"602","sourceCode":"24-0","geometryPollNumbers":["24"],"code":"35110-24","resultPollNumbers":["24"],"resultStatus":"exact","result":{"electors":478,"voters":182,"totalVotes":181,"rejected":1,"turnout":38.07531380753138,"winnerId":"julie-dabrusin","winnerPartyId":"LIB","runnerUpId":"ashik-hussain","runnerUpPartyId":"CPC","margin":29.2817679558011,"top":[{"id":"julie-dabrusin","name":"Julie Dabrusin","shortName":"Dabrusin","partyId":"LIB","votes":101,"share":55.80110497237569},{"id":"ashik-hussain","name":"Ashik Hussain","shortName":"Hussain","partyId":"CPC","votes":48,"share":26.519337016574585},{"id":"clare-hacksel","name":"Clare Hacksel","shortName":"Hacksel","partyId":"NDP","votes":27,"share":14.917127071823206},{"id":"liz-white","name":"Liz White","shortName":"White","partyId":"OTH","votes":3,"share":1.6574585635359116}],"partyVotes":{"LIB":101,"CPC":48,"BQ":0,"NDP":27,"GRN":2,"PPC":0,"OTH":3}}},"geometry":{"type":"Polygon","coordinates":[[[612.3,77.34],[612.31,77.35],[612.32,77.35],[612.32,77.35],[612.31,77.36],[612.29,77.34],[612.29,77.34],[612.3,77.34]]]}},{"type":"Feature","id":"35110-25","properties":{"ridingCode":"35110","pollNumber":"25","pollType":"N","advancePollNumber":"602","sourceCode":"25-0","geometryPollNumbers":["25"],"code":"35110-25","resultPollNumbers":["25"],"resultStatus":"exact","result":{"electors":434,"voters":166,"totalVotes":164,"rejected":2,"turnout":38.24884792626728,"winnerId":"julie-dabrusin","winnerPartyId":"LIB","runnerUpId":"ashik-hussain","runnerUpPartyId":"CPC","margin":10.365853658536585,"top":[{"id":"julie-dabrusin","name":"Julie Dabrusin","shortName":"Dabrusin","partyId":"LIB","votes":82,"share":50},{"id":"ashik-hussain","name":"Ashik Hussain","shortName":"Hussain","partyId":"CPC","votes":65,"share":39.63414634146341},{"id":"clare-hacksel","name":"Clare Hacksel","shortName":"Hacksel","partyId":"NDP","votes":15,"share":9.146341463414634},{"id":"silvia-stardust","name":"Silvia Stardust","shortName":"Stardust","partyId":"GRN","votes":2,"share":1.2195121951219512}],"partyVotes":{"LIB":82,"CPC":65,"BQ":0,"NDP":15,"GRN":2,"PPC":0,"OTH":0}}},"geometry":{"type":"Polygon","coordinates":[[[612.29,77.33],[612.31,77.35],[612.3,77.34],[612.29,77.34],[612.29,77.33]]]}},{"type":"Feature","id":"35110-26","properties":{"ridingCode":"35110","pollNumber":"26","pollType":"N","advancePollNumber":"602","sourceCode":"26-0","geometryPollNumbers":["26"],"code":"35110-26","resultPollNumbers":["26"],"resultStatus":"exact","result":{"electors":445,"voters":202,"totalVotes":201,"rejected":1,"turnout":45.39325842696629,"winnerId":"julie-dabrusin","winnerPartyId":"LIB","runnerUpId":"ashik-hussain","runnerUpPartyId":"CPC","margin":20.8955223880597,"top":[{"id":"julie-dabrusin","name":"Julie Dabrusin","shortName":"Dabrusin","partyId":"LIB","votes":106,"share":52.736318407960205},{"id":"ashik-hussain","name":"Ashik Hussain","shortName":"Hussain","partyId":"CPC","votes":64,"share":31.8407960199005},{"id":"clare-hacksel","name":"Clare Hacksel","shortName":"Hacksel","partyId":"NDP","votes":22,"share":10.945273631840797},{"id":"silvia-stardust","name":"Silvia Stardust","shortName":"Stardust","partyId":"GRN","votes":6,"share":2.9850746268656714}],"partyVotes":{"LIB":106,"CPC":64,"BQ":0,"NDP":22,"GRN":6,"PPC":0,"OTH":3}}},"geometry":{"type":"Polygon","coordinates":[[[612.29,77.34],[612.29,77.34],[612.26,77.33],[612.27,77.32],[612.29,77.34]]]}},{"type":"Feature","id":"35110-27","properties":{"ridingCode":"35110","pollNumber":"27","pollType":"N","advancePollNumber":"602","sourceCode":"27-0","geometryPollNumbers":["27"],"code":"35110-27","resultPollNumbers":["27"],"resultStatus":"exact","result":{"electors":605,"voters":240,"totalVotes":240,"rejected":0,"turnout":39.66942148760331,"winnerId":"julie-dabrusin","winnerPartyId":"LIB","runnerUpId":"ashik-hussain","runnerUpPartyId":"CPC","margin":12.5,"top":[{"id":"julie-dabrusin","name":"Julie Dabrusin","shortName":"Dabrusin","partyId":"LIB","votes":120,"share":50},{"id":"ashik-hussain","name":"Ashik Hussain","shortName":"Hussain","partyId":"CPC","votes":90,"share":37.5},{"id":"clare-hacksel","name":"Clare Hacksel","shortName":"Hacksel","partyId":"NDP","votes":27,"share":11.25},{"id":"silvia-stardust","name":"Silvia Stardust","shortName":"Stardust","partyId":"GRN","votes":2,"share":0.8333333333333334}],"partyVotes":{"LIB":120,"CPC":90,"BQ":0,"NDP":27,"GRN":2,"PPC":0,"OTH":1}}},"geometry":{"type":"Polygon","coordinates":[[[612.27,77.32],[612.26,77.32],[612.27,77.31],[612.32,77.34],[612.33,77.34],[612.33,77.34],[612.33,77.34],[612.32,77.35],[612.32,77.35],[612.31,77.35],[612.29,77.33],[612.29,77.34],[612.29,77.33],[612.27,77.32],[612.27,77.32]]]}},{"type":"Feature","id":"35110-28","properties":{"ridingCode":"35110","pollNumber":"28","pollType":"N","advancePollNumber":"602","sourceCode":"28-0","geometryPollNumbers":["28"],"code":"35110-28","resultPollNumbers":["28"],"resultStatus":"exact","result":{"electors":323,"voters":131,"totalVotes":131,"rejected":0,"turnout":40.55727554179567,"winnerId":"julie-dabrusin","winnerPartyId":"LIB","runnerUpId":"ashik-hussain","runnerUpPartyId":"CPC","margin":14.50381679389313,"top":[{"id":"julie-dabrusin","name":"Julie Dabrusin","shortName":"Dabrusin","partyId":"LIB","votes":64,"share":48.854961832061065},{"id":"ashik-hussain","name":"Ashik Hussain","shortName":"Hussain","partyId":"CPC","votes":45,"share":34.35114503816794},{"id":"clare-hacksel","name":"Clare Hacksel","shortName":"Hacksel","partyId":"NDP","votes":20,"share":15.267175572519085},{"id":"liz-white","name":"Liz White","shortName":"White","partyId":"OTH","votes":2,"share":1.5267175572519083}],"partyVotes":{"LIB":64,"CPC":45,"BQ":0,"NDP":20,"GRN":0,"PPC":0,"OTH":2}}},"geometry":{"type":"Polygon","coordinates":[[[612.29,77.33],[612.29,77.34],[612.27,77.32],[612.27,77.32],[612.29,77.33]]]}},{"type":"Feature","id":"35110-29","properties":{"ridingCode":"35110","pollNumber":"29","pollType":"N","advancePollNumber":"602","sourceCode":"29-0","geometryPollNumbers":["29"],"code":"35110-29","resultPollNumbers":["29"],"resultStatus":"exact","result":{"electors":490,"voters":167,"totalVotes":162,"rejected":5,"turnout":34.08163265306122,"winnerId":"julie-dabrusin","winnerPartyId":"LIB","runnerUpId":"ashik-hussain","runnerUpPartyId":"CPC","margin":24.074074074074073,"top":[{"id":"julie-dabrusin","name":"Julie Dabrusin","shortName":"Dabrusin","partyId":"LIB","votes":95,"share":58.64197530864198},{"id":"ashik-hussain","name":"Ashik Hussain","shortName":"Hussain","partyId":"CPC","votes":56,"share":34.5679012345679},{"id":"clare-hacksel","name":"Clare Hacksel","shortName":"Hacksel","partyId":"NDP","votes":8,"share":4.938271604938271},{"id":"silvia-stardust","name":"Silvia Stardust","shortName":"Stardust","partyId":"GRN","votes":2,"share":1.2345679012345678}],"partyVotes":{"LIB":95,"CPC":56,"BQ":0,"NDP":8,"GRN":2,"PPC":0,"OTH":1}}},"geometry":{"type":"Polygon","coordinates":[[[612.25,77.32],[612.26,77.33],[612.26,77.33],[612.23,77.32],[612.23,77.31],[612.25,77.32]]]}},{"type":"Feature","id":"35110-30","properties":{"ridingCode":"35110","pollNumber":"30","pollType":"N","advancePollNumber":"602","sourceCode":"30-0","geometryPollNumbers":["30"],"code":"35110-30","resultPollNumbers":["30"],"resultStatus":"exact","result":{"electors":559,"voters":217,"totalVotes":217,"rejected":0,"turnout":38.81932021466905,"winnerId":"julie-dabrusin","winnerPartyId":"LIB","runnerUpId":"ashik-hussain","runnerUpPartyId":"CPC","margin":12.903225806451612,"top":[{"id":"julie-dabrusin","name":"Julie Dabrusin","shortName":"Dabrusin","partyId":"LIB","votes":108,"share":49.76958525345622},{"id":"ashik-hussain","name":"Ashik Hussain","shortName":"Hussain","partyId":"CPC","votes":80,"share":36.86635944700461},{"id":"clare-hacksel","name":"Clare Hacksel","shortName":"Hacksel","partyId":"NDP","votes":26,"share":11.981566820276496},{"id":"liz-white","name":"Liz White","shortName":"White","partyId":"OTH","votes":2,"share":0.9216589861751152}],"partyVotes":{"LIB":108,"CPC":80,"BQ":0,"NDP":26,"GRN":1,"PPC":0,"OTH":2}}},"geometry":{"type":"Polygon","coordinates":[[[612.24,77.3],[612.24,77.31],[612.25,77.32],[612.26,77.32],[612.27,77.32],[612.26,77.33],[612.25,77.32],[612.23,77.31],[612.24,77.3]]]}},{"type":"Feature","id":"35110-31","properties":{"ridingCode":"35110","pollNumber":"31","pollType":"N","advancePollNumber":"602","sourceCode":"31-0","geometryPollNumbers":["31"],"code":"35110-31","resultPollNumbers":["31"],"resultStatus":"exact","result":{"electors":472,"voters":176,"totalVotes":176,"rejected":0,"turnout":37.28813559322034,"winnerId":"julie-dabrusin","winnerPartyId":"LIB","runnerUpId":"ashik-hussain","runnerUpPartyId":"CPC","margin":19.886363636363637,"top":[{"id":"julie-dabrusin","name":"Julie Dabrusin","shortName":"Dabrusin","partyId":"LIB","votes":98,"share":55.68181818181818},{"id":"ashik-hussain","name":"Ashik Hussain","shortName":"Hussain","partyId":"CPC","votes":63,"share":35.79545454545455},{"id":"clare-hacksel","name":"Clare Hacksel","shortName":"Hacksel","partyId":"NDP","votes":14,"share":7.954545454545454},{"id":"liz-white","name":"Liz White","shortName":"White","partyId":"OTH","votes":1,"share":0.5681818181818182}],"partyVotes":{"LIB":98,"CPC":63,"BQ":0,"NDP":14,"GRN":0,"PPC":0,"OTH":1}}},"geometry":{"type":"Polygon","coordinates":[[[612.24,77.3],[612.26,77.32],[612.27,77.32],[612.26,77.32],[612.25,77.32],[612.24,77.31],[612.24,77.3]]]}},{"type":"Feature","id":"35110-32","properties":{"ridingCode":"35110","pollNumber":"32","pollType":"N","advancePollNumber":"602","sourceCode":"32-0","geometryPollNumbers":["32"],"code":"35110-32","resultPollNumbers":["32"],"resultStatus":"exact","result":{"electors":566,"voters":196,"totalVotes":195,"rejected":1,"turnout":34.62897526501767,"winnerId":"ashik-hussain","winnerPartyId":"CPC","runnerUpId":"julie-dabrusin","runnerUpPartyId":"LIB","margin":2.564102564102564,"top":[{"id":"ashik-hussain","name":"Ashik Hussain","shortName":"Hussain","partyId":"CPC","votes":85,"share":43.58974358974359},{"id":"julie-dabrusin","name":"Julie Dabrusin","shortName":"Dabrusin","partyId":"LIB","votes":80,"share":41.02564102564102},{"id":"clare-hacksel","name":"Clare Hacksel","shortName":"Hacksel","partyId":"NDP","votes":25,"share":12.82051282051282},{"id":"silvia-stardust","name":"Silvia Stardust","shortName":"Stardust","partyId":"GRN","votes":4,"share":2.051282051282051}],"partyVotes":{"LIB":80,"CPC":85,"BQ":0,"NDP":25,"GRN":4,"PPC":0,"OTH":1}}},"geometry":{"type":"Polygon","coordinates":[[[612.26,77.32],[612.24,77.3],[612.26,77.32],[612.27,77.32],[612.26,77.32]]]}},{"type":"Feature","id":"35110-33","properties":{"ridingCode":"35110","pollNumber":"33","pollType":"N","advancePollNumber":"602","sourceCode":"33-0","geometryPollNumbers":["33"],"code":"35110-33","resultPollNumbers":["33"],"resultStatus":"exact","result":{"electors":464,"voters":174,"totalVotes":173,"rejected":1,"turnout":37.5,"winnerId":"julie-dabrusin","winnerPartyId":"LIB","runnerUpId":"ashik-hussain","runnerUpPartyId":"CPC","margin":22.54335260115607,"top":[{"id":"julie-dabrusin","name":"Julie Dabrusin","shortName":"Dabrusin","partyId":"LIB","votes":101,"share":58.38150289017341},{"id":"ashik-hussain","name":"Ashik Hussain","shortName":"Hussain","partyId":"CPC","votes":62,"share":35.83815028901734},{"id":"clare-hacksel","name":"Clare Hacksel","shortName":"Hacksel","partyId":"NDP","votes":10,"share":5.780346820809249},{"id":"silvia-stardust","name":"Silvia Stardust","shortName":"Stardust","partyId":"GRN","votes":0,"share":0}],"partyVotes":{"LIB":101,"CPC":62,"BQ":0,"NDP":10,"GRN":0,"PPC":0,"OTH":0}}},"geometry":{"type":"Polygon","coordinates":[[[612.31,77.31],[612.28,77.29],[612.29,77.29],[612.31,77.3],[612.33,77.31],[612.34,77.32],[612.33,77.33],[612.3,77.32],[612.31,77.31]]]}},{"type":"Feature","id":"35110-34","properties":{"ridingCode":"35110","pollNumber":"34","pollType":"N","advancePollNumber":"602","sourceCode":"34-0","geometryPollNumbers":["34"],"code":"35110-34","resultPollNumbers":["34"],"resultStatus":"exact","result":{"electors":436,"voters":166,"totalVotes":164,"rejected":2,"turnout":38.07339449541284,"winnerId":"julie-dabrusin","winnerPartyId":"LIB","runnerUpId":"ashik-hussain","runnerUpPartyId":"CPC","margin":11.585365853658537,"top":[{"id":"julie-dabrusin","name":"Julie Dabrusin","shortName":"Dabrusin","partyId":"LIB","votes":84,"share":51.21951219512195},{"id":"ashik-hussain","name":"Ashik Hussain","shortName":"Hussain","partyId":"CPC","votes":65,"share":39.63414634146341},{"id":"clare-hacksel","name":"Clare Hacksel","shortName":"Hacksel","partyId":"NDP","votes":14,"share":8.536585365853659},{"id":"silvia-stardust","name":"Silvia Stardust","shortName":"Stardust","partyId":"GRN","votes":1,"share":0.6097560975609756}],"partyVotes":{"LIB":84,"CPC":65,"BQ":0,"NDP":14,"GRN":1,"PPC":0,"OTH":0}}},"geometry":{"type":"Polygon","coordinates":[[[612.27,77.31],[612.24,77.29],[612.25,77.28],[612.25,77.28],[612.27,77.29],[612.26,77.29],[612.3,77.32],[612.33,77.33],[612.33,77.34],[612.32,77.34],[612.27,77.31]]]}},{"type":"Feature","id":"35110-35","properties":{"ridingCode":"35110","pollNumber":"35","pollType":"N","advancePollNumber":"602","sourceCode":"35-0","geometryPollNumbers":["35"],"code":"35110-35","resultPollNumbers":["35"],"resultStatus":"exact","result":{"electors":499,"voters":186,"totalVotes":186,"rejected":0,"turnout":37.27454909819639,"winnerId":"julie-dabrusin","winnerPartyId":"LIB","runnerUpId":"ashik-hussain","runnerUpPartyId":"CPC","margin":0.5376344086021506,"top":[{"id":"julie-dabrusin","name":"Julie Dabrusin","shortName":"Dabrusin","partyId":"LIB","votes":81,"share":43.54838709677419},{"id":"ashik-hussain","name":"Ashik Hussain","shortName":"Hussain","partyId":"CPC","votes":80,"share":43.01075268817204},{"id":"clare-hacksel","name":"Clare Hacksel","shortName":"Hacksel","partyId":"NDP","votes":21,"share":11.29032258064516},{"id":"silvia-stardust","name":"Silvia Stardust","shortName":"Stardust","partyId":"GRN","votes":2,"share":1.0752688172043012}],"partyVotes":{"LIB":81,"CPC":80,"BQ":0,"NDP":21,"GRN":2,"PPC":0,"OTH":2}}},"geometry":{"type":"Polygon","coordinates":[[[612.26,77.32],[612.24,77.3],[612.24,77.29],[612.27,77.31],[612.26,77.32]]]}},{"type":"Feature","id":"35110-36","properties":{"ridingCode":"35110","pollNumber":"36","pollType":"N","advancePollNumber":"602","sourceCode":"36-0","geometryPollNumbers":["36"],"code":"35110-36","resultPollNumbers":["36"],"resultStatus":"exact","result":{"electors":501,"voters":207,"totalVotes":207,"rejected":0,"turnout":41.31736526946108,"winnerId":"julie-dabrusin","winnerPartyId":"LIB","runnerUpId":"ashik-hussain","runnerUpPartyId":"CPC","margin":37.19806763285024,"top":[{"id":"julie-dabrusin","name":"Julie Dabrusin","shortName":"Dabrusin","partyId":"LIB","votes":127,"share":61.35265700483091},{"id":"ashik-hussain","name":"Ashik Hussain","shortName":"Hussain","partyId":"CPC","votes":50,"share":24.154589371980677},{"id":"clare-hacksel","name":"Clare Hacksel","shortName":"Hacksel","partyId":"NDP","votes":24,"share":11.594202898550725},{"id":"silvia-stardust","name":"Silvia Stardust","shortName":"Stardust","partyId":"GRN","votes":6,"share":2.898550724637681}],"partyVotes":{"LIB":127,"CPC":50,"BQ":0,"NDP":24,"GRN":6,"PPC":0,"OTH":0}}},"geometry":{"type":"Polygon","coordinates":[[[612.27,77.29],[612.25,77.28],[612.26,77.27],[612.28,77.28],[612.29,77.29],[612.28,77.29],[612.31,77.31],[612.3,77.32],[612.26,77.29],[612.27,77.29]]]}},{"type":"Feature","id":"35110-37","properties":{"ridingCode":"35110","pollNumber":"37","pollType":"N","advancePollNumber":"606","sourceCode":"37-0","geometryPollNumbers":["37"],"code":"35110-37","resultPollNumbers":["37"],"resultStatus":"exact","result":{"electors":428,"voters":210,"totalVotes":209,"rejected":1,"turnout":49.06542056074766,"winnerId":"julie-dabrusin","winnerPartyId":"LIB","runnerUpId":"ashik-hussain","runnerUpPartyId":"CPC","margin":62.67942583732058,"top":[{"id":"julie-dabrusin","name":"Julie Dabrusin","shortName":"Dabrusin","partyId":"LIB","votes":159,"share":76.07655502392345},{"id":"ashik-hussain","name":"Ashik Hussain","shortName":"Hussain","partyId":"CPC","votes":28,"share":13.397129186602871},{"id":"clare-hacksel","name":"Clare Hacksel","shortName":"Hacksel","partyId":"NDP","votes":16,"share":7.655502392344498},{"id":"silvia-stardust","name":"Silvia Stardust","shortName":"Stardust","partyId":"GRN","votes":5,"share":2.3923444976076556}],"partyVotes":{"LIB":159,"CPC":28,"BQ":0,"NDP":16,"GRN":5,"PPC":0,"OTH":1}}},"geometry":{"type":"Polygon","coordinates":[[[612.27,77.26],[612.26,77.25],[612.26,77.25],[612.3,77.27],[612.3,77.27],[612.29,77.28],[612.29,77.27],[612.28,77.28],[612.26,77.27],[612.27,77.26]]]}},{"type":"Feature","id":"35110-38","properties":{"ridingCode":"35110","pollNumber":"38","pollType":"N","advancePollNumber":"601","sourceCode":"38-0","geometryPollNumbers":["38"],"code":"35110-38","resultPollNumbers":["38"],"resultStatus":"exact","result":{"electors":589,"voters":226,"totalVotes":225,"rejected":1,"turnout":38.37011884550085,"winnerId":"julie-dabrusin","winnerPartyId":"LIB","runnerUpId":"ashik-hussain","runnerUpPartyId":"CPC","margin":30.22222222222222,"top":[{"id":"julie-dabrusin","name":"Julie Dabrusin","shortName":"Dabrusin","partyId":"LIB","votes":133,"share":59.111111111111114},{"id":"ashik-hussain","name":"Ashik Hussain","shortName":"Hussain","partyId":"CPC","votes":65,"share":28.888888888888886},{"id":"clare-hacksel","name":"Clare Hacksel","shortName":"Hacksel","partyId":"NDP","votes":22,"share":9.777777777777779},{"id":"silvia-stardust","name":"Silvia Stardust","shortName":"Stardust","partyId":"GRN","votes":3,"share":1.3333333333333335}],"partyVotes":{"LIB":133,"CPC":65,"BQ":0,"NDP":22,"GRN":3,"PPC":0,"OTH":2}}},"geometry":{"type":"Polygon","coordinates":[[[612.22,77.25],[612.22,77.23],[612.26,77.25],[612.27,77.26],[612.26,77.27],[612.25,77.28],[612.25,77.28],[612.23,77.27],[612.23,77.26],[612.24,77.27],[612.24,77.26],[612.22,77.25]]]}},{"type":"Feature","id":"35110-39","properties":{"ridingCode":"35110","pollNumber":"39","pollType":"N","advancePollNumber":"606","sourceCode":"39-0","geometryPollNumbers":["39"],"code":"35110-39","resultPollNumbers":["39"],"resultStatus":"exact","result":{"electors":418,"voters":184,"totalVotes":184,"rejected":0,"turnout":44.01913875598086,"winnerId":"julie-dabrusin","winnerPartyId":"LIB","runnerUpId":"ashik-hussain","runnerUpPartyId":"CPC","margin":57.065217391304344,"top":[{"id":"julie-dabrusin","name":"Julie Dabrusin","shortName":"Dabrusin","partyId":"LIB","votes":133,"share":72.28260869565217},{"id":"ashik-hussain","name":"Ashik Hussain","shortName":"Hussain","partyId":"CPC","votes":28,"share":15.217391304347828},{"id":"clare-hacksel","name":"Clare Hacksel","shortName":"Hacksel","partyId":"NDP","votes":20,"share":10.869565217391305},{"id":"silvia-stardust","name":"Silvia Stardust","shortName":"Stardust","partyId":"GRN","votes":3,"share":1.6304347826086956}],"partyVotes":{"LIB":133,"CPC":28,"BQ":0,"NDP":20,"GRN":3,"PPC":0,"OTH":0}}},"geometry":{"type":"Polygon","coordinates":[[[612.3,77.27],[612.26,77.25],[612.26,77.24],[612.27,77.24],[612.28,77.25],[612.29,77.25],[612.29,77.25],[612.3,77.25],[612.31,77.26],[612.3,77.27]]]}},{"type":"Feature","id":"35110-40","properties":{"ridingCode":"35110","pollNumber":"40","pollType":"N","advancePollNumber":"600","sourceCode":"40-0","geometryPollNumbers":["40"],"code":"35110-40","resultPollNumbers":["40"],"resultStatus":"exact","result":{"electors":427,"voters":179,"totalVotes":178,"rejected":1,"turnout":41.92037470725995,"winnerId":"julie-dabrusin","winnerPartyId":"LIB","runnerUpId":"ashik-hussain","runnerUpPartyId":"CPC","margin":43.82022471910113,"top":[{"id":"julie-dabrusin","name":"Julie Dabrusin","shortName":"Dabrusin","partyId":"LIB","votes":114,"share":64.04494382022472},{"id":"ashik-hussain","name":"Ashik Hussain","shortName":"Hussain","partyId":"CPC","votes":36,"share":20.224719101123593},{"id":"clare-hacksel","name":"Clare Hacksel","shortName":"Hacksel","partyId":"NDP","votes":24,"share":13.48314606741573},{"id":"silvia-stardust","name":"Silvia Stardust","shortName":"Stardust","partyId":"GRN","votes":3,"share":1.6853932584269662}],"partyVotes":{"LIB":114,"CPC":36,"BQ":0,"NDP":24,"GRN":3,"PPC":0,"OTH":1}}},"geometry":{"type":"Polygon","coordinates":[[[612.42,77.34],[612.43,77.33],[612.43,77.33],[612.45,77.34],[612.45,77.35],[612.44,77.36],[612.42,77.35],[612.42,77.34]]]}},{"type":"Feature","id":"35110-41","properties":{"ridingCode":"35110","pollNumber":"41","pollType":"N","advancePollNumber":"600","sourceCode":"41-0","geometryPollNumbers":["41"],"code":"35110-41","resultPollNumbers":["41"],"resultStatus":"exact","result":{"electors":428,"voters":168,"totalVotes":168,"rejected":0,"turnout":39.25233644859813,"winnerId":"julie-dabrusin","winnerPartyId":"LIB","runnerUpId":"ashik-hussain","runnerUpPartyId":"CPC","margin":47.023809523809526,"top":[{"id":"julie-dabrusin","name":"Julie Dabrusin","shortName":"Dabrusin","partyId":"LIB","votes":112,"share":66.66666666666666},{"id":"ashik-hussain","name":"Ashik Hussain","shortName":"Hussain","partyId":"CPC","votes":33,"share":19.642857142857142},{"id":"clare-hacksel","name":"Clare Hacksel","shortName":"Hacksel","partyId":"NDP","votes":17,"share":10.119047619047619},{"id":"silvia-stardust","name":"Silvia Stardust","shortName":"Stardust","partyId":"GRN","votes":4,"share":2.380952380952381}],"partyVotes":{"LIB":112,"CPC":33,"BQ":0,"NDP":17,"GRN":4,"PPC":0,"OTH":2}}},"geometry":{"type":"Polygon","coordinates":[[[612.41,77.32],[612.41,77.31],[612.43,77.33],[612.44,77.32],[612.46,77.33],[612.46,77.34],[612.45,77.34],[612.43,77.33],[612.43,77.33],[612.41,77.32]]]}},{"type":"Feature","id":"35110-42","properties":{"ridingCode":"35110","pollNumber":"42","pollType":"N","advancePollNumber":"603","sourceCode":"42-0","geometryPollNumbers":["42"],"code":"35110-42","resultPollNumbers":["42"],"resultStatus":"exact","result":{"electors":383,"voters":186,"totalVotes":184,"rejected":2,"turnout":48.56396866840731,"winnerId":"julie-dabrusin","winnerPartyId":"LIB","runnerUpId":"clare-hacksel","runnerUpPartyId":"NDP","margin":51.63043478260869,"top":[{"id":"julie-dabrusin","name":"Julie Dabrusin","shortName":"Dabrusin","partyId":"LIB","votes":127,"share":69.02173913043478},{"id":"clare-hacksel","name":"Clare Hacksel","shortName":"Hacksel","partyId":"NDP","votes":32,"share":17.391304347826086},{"id":"ashik-hussain","name":"Ashik Hussain","shortName":"Hussain","partyId":"CPC","votes":24,"share":13.043478260869565},{"id":"silvia-stardust","name":"Silvia Stardust","shortName":"Stardust","partyId":"GRN","votes":1,"share":0.5434782608695652}],"partyVotes":{"LIB":127,"CPC":24,"BQ":0,"NDP":32,"GRN":1,"PPC":0,"OTH":0}}},"geometry":{"type":"Polygon","coordinates":[[[612.38,77.32],[612.39,77.31],[612.41,77.32],[612.43,77.33],[612.42,77.34],[612.4,77.33],[612.4,77.33],[612.38,77.32]]]}},{"type":"Feature","id":"35110-43","properties":{"ridingCode":"35110","pollNumber":"43","pollType":"N","advancePollNumber":"604","sourceCode":"43-0","geometryPollNumbers":["43"],"code":"35110-43","resultPollNumbers":["43"],"resultStatus":"exact","result":{"electors":350,"voters":151,"totalVotes":150,"rejected":1,"turnout":43.142857142857146,"winnerId":"julie-dabrusin","winnerPartyId":"LIB","runnerUpId":"ashik-hussain","runnerUpPartyId":"CPC","margin":42,"top":[{"id":"julie-dabrusin","name":"Julie Dabrusin","shortName":"Dabrusin","partyId":"LIB","votes":91,"share":60.66666666666667},{"id":"ashik-hussain","name":"Ashik Hussain","shortName":"Hussain","partyId":"CPC","votes":28,"share":18.666666666666668},{"id":"clare-hacksel","name":"Clare Hacksel","shortName":"Hacksel","partyId":"NDP","votes":25,"share":16.666666666666664},{"id":"silvia-stardust","name":"Silvia Stardust","shortName":"Stardust","partyId":"GRN","votes":3,"share":2}],"partyVotes":{"LIB":91,"CPC":28,"BQ":0,"NDP":25,"GRN":3,"PPC":0,"OTH":3}}},"geometry":{"type":"Polygon","coordinates":[[[612.44,77.31],[612.45,77.3],[612.47,77.32],[612.46,77.33],[612.44,77.32],[612.44,77.31]]]}},{"type":"Feature","id":"35110-44","properties":{"ridingCode":"35110","pollNumber":"44","pollType":"N","advancePollNumber":"603","sourceCode":"44-0","geometryPollNumbers":["44"],"code":"35110-44","resultPollNumbers":["44"],"resultStatus":"exact","result":{"electors":388,"voters":142,"totalVotes":141,"rejected":1,"turnout":36.597938144329895,"winnerId":"julie-dabrusin","winnerPartyId":"LIB","runnerUpId":"ashik-hussain","runnerUpPartyId":"CPC","margin":46.808510638297875,"top":[{"id":"julie-dabrusin","name":"Julie Dabrusin","shortName":"Dabrusin","partyId":"LIB","votes":95,"share":67.37588652482269},{"id":"ashik-hussain","name":"Ashik Hussain","shortName":"Hussain","partyId":"CPC","votes":29,"share":20.56737588652482},{"id":"clare-hacksel","name":"Clare Hacksel","shortName":"Hacksel","partyId":"NDP","votes":16,"share":11.347517730496454},{"id":"silvia-stardust","name":"Silvia Stardust","shortName":"Stardust","partyId":"GRN","votes":1,"share":0.7092198581560284}],"partyVotes":{"LIB":95,"CPC":29,"BQ":0,"NDP":16,"GRN":1,"PPC":0,"OTH":0}}},"geometry":{"type":"Polygon","coordinates":[[[612.42,77.31],[612.41,77.3],[612.41,77.29],[612.42,77.29],[612.43,77.29],[612.42,77.3],[612.44,77.31],[612.44,77.32],[612.43,77.33],[612.41,77.31],[612.42,77.31]]]}},{"type":"Feature","id":"35110-45","properties":{"ridingCode":"35110","pollNumber":"45","pollType":"N","advancePollNumber":"603","sourceCode":"45-0","geometryPollNumbers":["45"],"code":"35110-45","resultPollNumbers":["45"],"resultStatus":"exact","result":{"electors":387,"voters":153,"totalVotes":153,"rejected":0,"turnout":39.53488372093023,"winnerId":"julie-dabrusin","winnerPartyId":"LIB","runnerUpId":"clare-hacksel","runnerUpPartyId":"NDP","margin":52.94117647058824,"top":[{"id":"julie-dabrusin","name":"Julie Dabrusin","shortName":"Dabrusin","partyId":"LIB","votes":107,"share":69.93464052287581},{"id":"clare-hacksel","name":"Clare Hacksel","shortName":"Hacksel","partyId":"NDP","votes":26,"share":16.99346405228758},{"id":"ashik-hussain","name":"Ashik Hussain","shortName":"Hussain","partyId":"CPC","votes":18,"share":11.76470588235294},{"id":"silvia-stardust","name":"Silvia Stardust","shortName":"Stardust","partyId":"GRN","votes":2,"share":1.3071895424836601}],"partyVotes":{"LIB":107,"CPC":18,"BQ":0,"NDP":26,"GRN":2,"PPC":0,"OTH":0}}},"geometry":{"type":"Polygon","coordinates":[[[612.39,77.31],[612.41,77.28],[612.42,77.29],[612.41,77.29],[612.41,77.3],[612.42,77.31],[612.41,77.31],[612.41,77.32],[612.39,77.31],[612.39,77.31]]]}},{"type":"Feature","id":"35110-46","properties":{"ridingCode":"35110","pollNumber":"46","pollType":"N","advancePollNumber":"604","sourceCode":"46-0","geometryPollNumbers":["46"],"code":"35110-46","resultPollNumbers":["46"],"resultStatus":"exact","result":{"electors":414,"voters":188,"totalVotes":187,"rejected":1,"turnout":45.410628019323674,"winnerId":"julie-dabrusin","winnerPartyId":"LIB","runnerUpId":"ashik-hussain","runnerUpPartyId":"CPC","margin":34.75935828877005,"top":[{"id":"julie-dabrusin","name":"Julie Dabrusin","shortName":"Dabrusin","partyId":"LIB","votes":106,"share":56.68449197860963},{"id":"ashik-hussain","name":"Ashik Hussain","shortName":"Hussain","partyId":"CPC","votes":41,"share":21.92513368983957},{"id":"clare-hacksel","name":"Clare Hacksel","shortName":"Hacksel","partyId":"NDP","votes":35,"share":18.71657754010695},{"id":"silvia-stardust","name":"Silvia Stardust","shortName":"Stardust","partyId":"GRN","votes":5,"share":2.6737967914438503}],"partyVotes":{"LIB":106,"CPC":41,"BQ":0,"NDP":35,"GRN":5,"PPC":0,"OTH":0}}},"geometry":{"type":"Polygon","coordinates":[[[612.43,77.29],[612.43,77.28],[612.44,77.29],[612.46,77.3],[612.47,77.31],[612.47,77.32],[612.45,77.3],[612.44,77.31],[612.42,77.3],[612.43,77.29]]]}},{"type":"Feature","id":"35110-47","properties":{"ridingCode":"35110","pollNumber":"47","pollType":"N","advancePollNumber":"604","sourceCode":"47-0","geometryPollNumbers":["47"],"code":"35110-47","resultPollNumbers":["47"],"resultStatus":"exact","result":{"electors":362,"voters":208,"totalVotes":206,"rejected":2,"turnout":57.4585635359116,"winnerId":"julie-dabrusin","winnerPartyId":"LIB","runnerUpId":"ashik-hussain","runnerUpPartyId":"CPC","margin":51.94174757281553,"top":[{"id":"julie-dabrusin","name":"Julie Dabrusin","shortName":"Dabrusin","partyId":"LIB","votes":141,"share":68.44660194174757},{"id":"ashik-hussain","name":"Ashik Hussain","shortName":"Hussain","partyId":"CPC","votes":34,"share":16.50485436893204},{"id":"clare-hacksel","name":"Clare Hacksel","shortName":"Hacksel","partyId":"NDP","votes":29,"share":14.077669902912621},{"id":"silvia-stardust","name":"Silvia Stardust","shortName":"Stardust","partyId":"GRN","votes":1,"share":0.48543689320388345}],"partyVotes":{"LIB":141,"CPC":34,"BQ":0,"NDP":29,"GRN":1,"PPC":0,"OTH":1}}},"geometry":{"type":"Polygon","coordinates":[[[612.47,77.31],[612.46,77.3],[612.47,77.28],[612.47,77.29],[612.46,77.3],[612.47,77.3],[612.49,77.27],[612.5,77.28],[612.49,77.28],[612.47,77.31]]]}},{"type":"Feature","id":"35110-48","properties":{"ridingCode":"35110","pollNumber":"48","pollType":"N","advancePollNumber":"604","sourceCode":"48-0","geometryPollNumbers":["48"],"code":"35110-48","resultPollNumbers":["48"],"resultStatus":"exact","result":{"electors":357,"voters":152,"totalVotes":152,"rejected":0,"turnout":42.57703081232493,"winnerId":"julie-dabrusin","winnerPartyId":"LIB","runnerUpId":"clare-hacksel","runnerUpPartyId":"NDP","margin":50,"top":[{"id":"julie-dabrusin","name":"Julie Dabrusin","shortName":"Dabrusin","partyId":"LIB","votes":102,"share":67.10526315789474},{"id":"clare-hacksel","name":"Clare Hacksel","shortName":"Hacksel","partyId":"NDP","votes":26,"share":17.105263157894736},{"id":"ashik-hussain","name":"Ashik Hussain","shortName":"Hussain","partyId":"CPC","votes":20,"share":13.157894736842104},{"id":"silvia-stardust","name":"Silvia Stardust","shortName":"Stardust","partyId":"GRN","votes":3,"share":1.9736842105263157}],"partyVotes":{"LIB":102,"CPC":20,"BQ":0,"NDP":26,"GRN":3,"PPC":0,"OTH":1}}},"geometry":{"type":"Polygon","coordinates":[[[612.46,77.3],[612.44,77.29],[612.44,77.27],[612.45,77.27],[612.47,77.28],[612.47,77.28],[612.46,77.3]]]}},{"type":"Feature","id":"35110-49","properties":{"ridingCode":"35110","pollNumber":"49","pollType":"N","advancePollNumber":"604","sourceCode":"49-0","geometryPollNumbers":["49"],"code":"35110-49","resultPollNumbers":["49"],"resultStatus":"exact","result":{"electors":359,"voters":141,"totalVotes":140,"rejected":1,"turnout":39.27576601671309,"winnerId":"julie-dabrusin","winnerPartyId":"LIB","runnerUpId":"clare-hacksel","runnerUpPartyId":"NDP","margin":22.857142857142858,"top":[{"id":"julie-dabrusin","name":"Julie Dabrusin","shortName":"Dabrusin","partyId":"LIB","votes":72,"share":51.42857142857142},{"id":"clare-hacksel","name":"Clare Hacksel","shortName":"Hacksel","partyId":"NDP","votes":40,"share":28.57142857142857},{"id":"ashik-hussain","name":"Ashik Hussain","shortName":"Hussain","partyId":"CPC","votes":27,"share":19.28571428571429},{"id":"liz-white","name":"Liz White","shortName":"White","partyId":"OTH","votes":1,"share":0.7142857142857143}],"partyVotes":{"LIB":72,"CPC":27,"BQ":0,"NDP":40,"GRN":0,"PPC":0,"OTH":1}}},"geometry":{"type":"Polygon","coordinates":[[[612.42,77.28],[612.43,77.26],[612.44,77.27],[612.44,77.29],[612.43,77.28],[612.43,77.29],[612.42,77.29],[612.41,77.28],[612.41,77.27],[612.42,77.28]]]}},{"type":"Feature","id":"35110-50","properties":{"ridingCode":"35110","pollNumber":"50","pollType":"N","advancePollNumber":"604","sourceCode":"50-0","geometryPollNumbers":["50"],"code":"35110-50","resultPollNumbers":["50"],"resultStatus":"exact","result":{"electors":400,"voters":217,"totalVotes":217,"rejected":0,"turnout":54.25,"winnerId":"julie-dabrusin","winnerPartyId":"LIB","runnerUpId":"clare-hacksel","runnerUpPartyId":"NDP","margin":55.29953917050692,"top":[{"id":"julie-dabrusin","name":"Julie Dabrusin","shortName":"Dabrusin","partyId":"LIB","votes":154,"share":70.96774193548387},{"id":"clare-hacksel","name":"Clare Hacksel","shortName":"Hacksel","partyId":"NDP","votes":34,"share":15.668202764976957},{"id":"ashik-hussain","name":"Ashik Hussain","shortName":"Hussain","partyId":"CPC","votes":24,"share":11.059907834101383},{"id":"silvia-stardust","name":"Silvia Stardust","shortName":"Stardust","partyId":"GRN","votes":4,"share":1.8433179723502304}],"partyVotes":{"LIB":154,"CPC":24,"BQ":0,"NDP":34,"GRN":4,"PPC":0,"OTH":1}}},"geometry":{"type":"Polygon","coordinates":[[[612.47,77.28],[612.45,77.27],[612.46,77.26],[612.48,77.27],[612.47,77.29],[612.47,77.28],[612.47,77.28]]]}},{"type":"Feature","id":"35110-51","properties":{"ridingCode":"35110","pollNumber":"51","pollType":"N","advancePollNumber":"604","sourceCode":"51-0","geometryPollNumbers":["51"],"code":"35110-51","resultPollNumbers":["51"],"resultStatus":"exact","result":{"electors":396,"voters":226,"totalVotes":225,"rejected":1,"turnout":57.07070707070707,"winnerId":"julie-dabrusin","winnerPartyId":"LIB","runnerUpId":"clare-hacksel","runnerUpPartyId":"NDP","margin":56.00000000000001,"top":[{"id":"julie-dabrusin","name":"Julie Dabrusin","shortName":"Dabrusin","partyId":"LIB","votes":162,"share":72},{"id":"clare-hacksel","name":"Clare Hacksel","shortName":"Hacksel","partyId":"NDP","votes":36,"share":16},{"id":"ashik-hussain","name":"Ashik Hussain","shortName":"Hussain","partyId":"CPC","votes":25,"share":11.11111111111111},{"id":"silvia-stardust","name":"Silvia Stardust","shortName":"Stardust","partyId":"GRN","votes":1,"share":0.4444444444444444}],"partyVotes":{"LIB":162,"CPC":25,"BQ":0,"NDP":36,"GRN":1,"PPC":0,"OTH":1}}},"geometry":{"type":"Polygon","coordinates":[[[612.46,77.25],[612.46,77.24],[612.47,77.24],[612.47,77.24],[612.48,77.23],[612.49,77.24],[612.51,77.26],[612.5,77.28],[612.49,77.27],[612.47,77.3],[612.46,77.3],[612.47,77.29],[612.48,77.27],[612.46,77.26],[612.45,77.27],[612.44,77.27],[612.46,77.25]]]}},{"type":"Feature","id":"35110-52","properties":{"ridingCode":"35110","pollNumber":"52","pollType":"N","advancePollNumber":"604","sourceCode":"52-0","geometryPollNumbers":["52"],"code":"35110-52","resultPollNumbers":["52"],"resultStatus":"exact","result":{"electors":413,"voters":211,"totalVotes":209,"rejected":2,"turnout":51.08958837772397,"winnerId":"julie-dabrusin","winnerPartyId":"LIB","runnerUpId":"clare-hacksel","runnerUpPartyId":"NDP","margin":44.01913875598086,"top":[{"id":"julie-dabrusin","name":"Julie Dabrusin","shortName":"Dabrusin","partyId":"LIB","votes":132,"share":63.1578947368421},{"id":"clare-hacksel","name":"Clare Hacksel","shortName":"Hacksel","partyId":"NDP","votes":40,"share":19.138755980861244},{"id":"ashik-hussain","name":"Ashik Hussain","shortName":"Hussain","partyId":"CPC","votes":35,"share":16.74641148325359},{"id":"silvia-stardust","name":"Silvia Stardust","shortName":"Stardust","partyId":"GRN","votes":2,"share":0.9569377990430622}],"partyVotes":{"LIB":132,"CPC":35,"BQ":0,"NDP":40,"GRN":2,"PPC":0,"OTH":0}}},"geometry":{"type":"Polygon","coordinates":[[[612.42,77.26],[612.43,77.24],[612.46,77.25],[612.44,77.27],[612.43,77.26],[612.42,77.28],[612.41,77.27],[612.42,77.26]]]}},{"type":"Feature","id":"35110-53","properties":{"ridingCode":"35110","pollNumber":"53","pollType":"N","advancePollNumber":"601","sourceCode":"53-0","geometryPollNumbers":["53"],"code":"35110-53","resultPollNumbers":["53"],"resultStatus":"exact","result":{"electors":403,"voters":104,"totalVotes":104,"rejected":0,"turnout":25.806451612903224,"winnerId":"ashik-hussain","winnerPartyId":"CPC","runnerUpId":"julie-dabrusin","runnerUpPartyId":"LIB","margin":4.807692307692308,"top":[{"id":"ashik-hussain","name":"Ashik Hussain","shortName":"Hussain","partyId":"CPC","votes":48,"share":46.15384615384615},{"id":"julie-dabrusin","name":"Julie Dabrusin","shortName":"Dabrusin","partyId":"LIB","votes":43,"share":41.34615384615385},{"id":"clare-hacksel","name":"Clare Hacksel","shortName":"Hacksel","partyId":"NDP","votes":10,"share":9.615384615384617},{"id":"silvia-stardust","name":"Silvia Stardust","shortName":"Stardust","partyId":"GRN","votes":2,"share":1.9230769230769231}],"partyVotes":{"LIB":43,"CPC":48,"BQ":0,"NDP":10,"GRN":2,"PPC":0,"OTH":1}}},"geometry":{"type":"Polygon","coordinates":[[[612.21,77.3],[612.22,77.31],[612.22,77.32],[612.21,77.33],[612.21,77.34],[612.21,77.34],[612.21,77.34],[612.21,77.34],[612.21,77.34],[612.22,77.35],[612.22,77.36],[612.21,77.37],[612.22,77.38],[612.21,77.39],[612.19,77.32],[612.18,77.3],[612.18,77.27],[612.22,77.3],[612.21,77.3]]]}},{"type":"Feature","id":"35110-54","properties":{"ridingCode":"35110","pollNumber":"54","pollType":"N","advancePollNumber":"601","sourceCode":"54-0","geometryPollNumbers":["54"],"code":"35110-54","resultPollNumbers":["54"],"resultStatus":"exact","result":{"electors":564,"voters":182,"totalVotes":181,"rejected":1,"turnout":32.269503546099294,"winnerId":"julie-dabrusin","winnerPartyId":"LIB","runnerUpId":"ashik-hussain","runnerUpPartyId":"CPC","margin":27.624309392265197,"top":[{"id":"julie-dabrusin","name":"Julie Dabrusin","shortName":"Dabrusin","partyId":"LIB","votes":98,"share":54.14364640883977},{"id":"ashik-hussain","name":"Ashik Hussain","shortName":"Hussain","partyId":"CPC","votes":48,"share":26.519337016574585},{"id":"clare-hacksel","name":"Clare Hacksel","shortName":"Hacksel","partyId":"NDP","votes":30,"share":16.574585635359114},{"id":"silvia-stardust","name":"Silvia Stardust","shortName":"Stardust","partyId":"GRN","votes":4,"share":2.209944751381215}],"partyVotes":{"LIB":98,"CPC":48,"BQ":0,"NDP":30,"GRN":4,"PPC":0,"OTH":1}}},"geometry":{"type":"Polygon","coordinates":[[[612.22,77.31],[612.22,77.29],[612.24,77.29],[612.24,77.29],[612.24,77.3],[612.23,77.31],[612.22,77.31]]]}},{"type":"Feature","id":"35110-55","properties":{"ridingCode":"35110","pollNumber":"55","pollType":"N","advancePollNumber":"601","sourceCode":"55-0","geometryPollNumbers":["55"],"code":"35110-55","resultPollNumbers":["55"],"resultStatus":"exact","result":{"electors":442,"voters":158,"totalVotes":158,"rejected":0,"turnout":35.74660633484163,"winnerId":"julie-dabrusin","winnerPartyId":"LIB","runnerUpId":"ashik-hussain","runnerUpPartyId":"CPC","margin":18.9873417721519,"top":[{"id":"julie-dabrusin","name":"Julie Dabrusin","shortName":"Dabrusin","partyId":"LIB","votes":81,"share":51.26582278481012},{"id":"ashik-hussain","name":"Ashik Hussain","shortName":"Hussain","partyId":"CPC","votes":51,"share":32.278481012658226},{"id":"clare-hacksel","name":"Clare Hacksel","shortName":"Hacksel","partyId":"NDP","votes":23,"share":14.556962025316455},{"id":"silvia-stardust","name":"Silvia Stardust","shortName":"Stardust","partyId":"GRN","votes":2,"share":1.2658227848101267}],"partyVotes":{"LIB":81,"CPC":51,"BQ":0,"NDP":23,"GRN":2,"PPC":0,"OTH":1}}},"geometry":{"type":"Polygon","coordinates":[[[612.22,77.26],[612.22,77.26],[612.22,77.25],[612.24,77.26],[612.24,77.27],[612.23,77.26],[612.23,77.27],[612.25,77.28],[612.24,77.29],[612.24,77.29],[612.22,77.29],[612.22,77.26]]]}},{"type":"Feature","id":"35110-56","properties":{"ridingCode":"35110","pollNumber":"56","pollType":"N","advancePollNumber":"601","sourceCode":"56-0","geometryPollNumbers":["56"],"code":"35110-56","resultPollNumbers":["56"],"resultStatus":"exact","result":{"electors":595,"voters":214,"totalVotes":214,"rejected":0,"turnout":35.96638655462185,"winnerId":"julie-dabrusin","winnerPartyId":"LIB","runnerUpId":"ashik-hussain","runnerUpPartyId":"CPC","margin":27.102803738317753,"top":[{"id":"julie-dabrusin","name":"Julie Dabrusin","shortName":"Dabrusin","partyId":"LIB","votes":122,"share":57.009345794392516},{"id":"ashik-hussain","name":"Ashik Hussain","shortName":"Hussain","partyId":"CPC","votes":64,"share":29.906542056074763},{"id":"clare-hacksel","name":"Clare Hacksel","shortName":"Hacksel","partyId":"NDP","votes":26,"share":12.149532710280374},{"id":"silvia-stardust","name":"Silvia Stardust","shortName":"Stardust","partyId":"GRN","votes":1,"share":0.46728971962616817}],"partyVotes":{"LIB":122,"CPC":64,"BQ":0,"NDP":26,"GRN":1,"PPC":0,"OTH":1}}},"geometry":{"type":"Polygon","coordinates":[[[612.17,77.19],[612.17,77.19],[612.18,77.18],[612.2,77.19],[612.2,77.19],[612.19,77.22],[612.22,77.23],[612.22,77.25],[612.22,77.26],[612.22,77.26],[612.22,77.26],[612.22,77.29],[612.22,77.31],[612.21,77.3],[612.22,77.3],[612.18,77.27],[612.18,77.28],[612.17,77.29],[612.17,77.28],[612.17,77.28],[612.18,77.26],[612.18,77.25],[612.18,77.23],[612.17,77.22],[612.16,77.21],[612.16,77.2],[612.17,77.19]]]}},{"type":"Feature","id":"35110-57","properties":{"ridingCode":"35110","pollNumber":"57","pollType":"N","advancePollNumber":"603","sourceCode":"57-0","geometryPollNumbers":["57"],"code":"35110-57","resultPollNumbers":["57"],"resultStatus":"exact","result":{"electors":424,"voters":192,"totalVotes":192,"rejected":0,"turnout":45.28301886792453,"winnerId":"julie-dabrusin","winnerPartyId":"LIB","runnerUpId":"ashik-hussain","runnerUpPartyId":"CPC","margin":37.5,"top":[{"id":"julie-dabrusin","name":"Julie Dabrusin","shortName":"Dabrusin","partyId":"LIB","votes":115,"share":59.895833333333336},{"id":"ashik-hussain","name":"Ashik Hussain","shortName":"Hussain","partyId":"CPC","votes":43,"share":22.395833333333336},{"id":"clare-hacksel","name":"Clare Hacksel","shortName":"Hacksel","partyId":"NDP","votes":32,"share":16.666666666666664},{"id":"silvia-stardust","name":"Silvia Stardust","shortName":"Stardust","partyId":"GRN","votes":2,"share":1.0416666666666665}],"partyVotes":{"LIB":115,"CPC":43,"BQ":0,"NDP":32,"GRN":2,"PPC":0,"OTH":0}}},"geometry":{"type":"Polygon","coordinates":[[[612.37,77.32],[612.36,77.31],[612.37,77.29],[612.39,77.31],[612.39,77.31],[612.38,77.32],[612.37,77.32]]]}},{"type":"Feature","id":"35110-58","properties":{"ridingCode":"35110","pollNumber":"58","pollType":"N","advancePollNumber":"603","sourceCode":"58-0","geometryPollNumbers":["58"],"code":"35110-58","resultPollNumbers":["58"],"resultStatus":"exact","result":{"electors":404,"voters":160,"totalVotes":159,"rejected":1,"turnout":39.603960396039604,"winnerId":"julie-dabrusin","winnerPartyId":"LIB","runnerUpId":"ashik-hussain","runnerUpPartyId":"CPC","margin":29.559748427672954,"top":[{"id":"julie-dabrusin","name":"Julie Dabrusin","shortName":"Dabrusin","partyId":"LIB","votes":93,"share":58.490566037735846},{"id":"ashik-hussain","name":"Ashik Hussain","shortName":"Hussain","partyId":"CPC","votes":46,"share":28.930817610062892},{"id":"clare-hacksel","name":"Clare Hacksel","shortName":"Hacksel","partyId":"NDP","votes":17,"share":10.69182389937107},{"id":"silvia-stardust","name":"Silvia Stardust","shortName":"Stardust","partyId":"GRN","votes":2,"share":1.257861635220126}],"partyVotes":{"LIB":93,"CPC":46,"BQ":0,"NDP":17,"GRN":2,"PPC":0,"OTH":1}}},"geometry":{"type":"Polygon","coordinates":[[[612.31,77.3],[612.32,77.29],[612.35,77.3],[612.34,77.32],[612.33,77.31],[612.31,77.3]]]}},{"type":"Feature","id":"35110-59","properties":{"ridingCode":"35110","pollNumber":"59","pollType":"N","advancePollNumber":"603","sourceCode":"59-0","geometryPollNumbers":["59"],"code":"35110-59","resultPollNumbers":["59"],"resultStatus":"exact","result":{"electors":428,"voters":222,"totalVotes":221,"rejected":1,"turnout":51.86915887850467,"winnerId":"julie-dabrusin","winnerPartyId":"LIB","runnerUpId":"clare-hacksel","runnerUpPartyId":"NDP","margin":30.316742081447963,"top":[{"id":"julie-dabrusin","name":"Julie Dabrusin","shortName":"Dabrusin","partyId":"LIB","votes":122,"share":55.203619909502265},{"id":"clare-hacksel","name":"Clare Hacksel","shortName":"Hacksel","partyId":"NDP","votes":55,"share":24.8868778280543},{"id":"ashik-hussain","name":"Ashik Hussain","shortName":"Hussain","partyId":"CPC","votes":37,"share":16.7420814479638},{"id":"silvia-stardust","name":"Silvia Stardust","shortName":"Stardust","partyId":"GRN","votes":6,"share":2.7149321266968327}],"partyVotes":{"LIB":122,"CPC":37,"BQ":0,"NDP":55,"GRN":6,"PPC":0,"OTH":1}}},"geometry":{"type":"Polygon","coordinates":[[[612.34,77.28],[612.35,77.27],[612.36,77.28],[612.38,77.29],[612.37,77.29],[612.36,77.31],[612.35,77.3],[612.36,77.29],[612.34,77.28]]]}},{"type":"Feature","id":"35110-60","properties":{"ridingCode":"35110","pollNumber":"60","pollType":"N","advancePollNumber":"603","sourceCode":"60-0","geometryPollNumbers":["60"],"code":"35110-60","resultPollNumbers":["60"],"resultStatus":"exact","result":{"electors":352,"voters":112,"totalVotes":112,"rejected":0,"turnout":31.818181818181817,"winnerId":"julie-dabrusin","winnerPartyId":"LIB","runnerUpId":"ashik-hussain","runnerUpPartyId":"CPC","margin":20.535714285714285,"top":[{"id":"julie-dabrusin","name":"Julie Dabrusin","shortName":"Dabrusin","partyId":"LIB","votes":60,"share":53.57142857142857},{"id":"ashik-hussain","name":"Ashik Hussain","shortName":"Hussain","partyId":"CPC","votes":37,"share":33.035714285714285},{"id":"clare-hacksel","name":"Clare Hacksel","shortName":"Hacksel","partyId":"NDP","votes":15,"share":13.392857142857142},{"id":"silvia-stardust","name":"Silvia Stardust","shortName":"Stardust","partyId":"GRN","votes":0,"share":0}],"partyVotes":{"LIB":60,"CPC":37,"BQ":0,"NDP":15,"GRN":0,"PPC":0,"OTH":0}}},"geometry":{"type":"Polygon","coordinates":[[[612.29,77.29],[612.28,77.28],[612.29,77.27],[612.29,77.28],[612.3,77.27],[612.32,77.29],[612.31,77.3],[612.29,77.29]]]}},{"type":"Feature","id":"35110-61","properties":{"ridingCode":"35110","pollNumber":"61","pollType":"N","advancePollNumber":"603","sourceCode":"61-0","geometryPollNumbers":["61"],"code":"35110-61","resultPollNumbers":["61"],"resultStatus":"exact","result":{"electors":432,"voters":215,"totalVotes":214,"rejected":1,"turnout":49.76851851851852,"winnerId":"julie-dabrusin","winnerPartyId":"LIB","runnerUpId":"ashik-hussain","runnerUpPartyId":"CPC","margin":41.58878504672897,"top":[{"id":"julie-dabrusin","name":"Julie Dabrusin","shortName":"Dabrusin","partyId":"LIB","votes":131,"share":61.21495327102804},{"id":"ashik-hussain","name":"Ashik Hussain","shortName":"Hussain","partyId":"CPC","votes":42,"share":19.626168224299064},{"id":"clare-hacksel","name":"Clare Hacksel","shortName":"Hacksel","partyId":"NDP","votes":39,"share":18.22429906542056},{"id":"silvia-stardust","name":"Silvia Stardust","shortName":"Stardust","partyId":"GRN","votes":1,"share":0.46728971962616817}],"partyVotes":{"LIB":131,"CPC":42,"BQ":0,"NDP":39,"GRN":1,"PPC":0,"OTH":1}}},"geometry":{"type":"Polygon","coordinates":[[[612.33,77.28],[612.34,77.27],[612.34,77.28],[612.36,77.29],[612.35,77.3],[612.32,77.29],[612.32,77.28],[612.33,77.28]]]}},{"type":"Feature","id":"35110-62","properties":{"ridingCode":"35110","pollNumber":"62","pollType":"N","advancePollNumber":"603","sourceCode":"62-0","geometryPollNumbers":["62"],"code":"35110-62","resultPollNumbers":["62"],"resultStatus":"exact","result":{"electors":581,"voters":267,"totalVotes":267,"rejected":0,"turnout":45.955249569707405,"winnerId":"julie-dabrusin","winnerPartyId":"LIB","runnerUpId":"clare-hacksel","runnerUpPartyId":"NDP","margin":35.95505617977528,"top":[{"id":"julie-dabrusin","name":"Julie Dabrusin","shortName":"Dabrusin","partyId":"LIB","votes":156,"share":58.42696629213483},{"id":"clare-hacksel","name":"Clare Hacksel","shortName":"Hacksel","partyId":"NDP","votes":60,"share":22.47191011235955},{"id":"ashik-hussain","name":"Ashik Hussain","shortName":"Hussain","partyId":"CPC","votes":45,"share":16.853932584269664},{"id":"silvia-stardust","name":"Silvia Stardust","shortName":"Stardust","partyId":"GRN","votes":3,"share":1.1235955056179776}],"partyVotes":{"LIB":156,"CPC":45,"BQ":0,"NDP":60,"GRN":3,"PPC":0,"OTH":3}}},"geometry":{"type":"Polygon","coordinates":[[[612.36,77.28],[612.38,77.26],[612.39,77.27],[612.4,77.26],[612.41,77.27],[612.41,77.28],[612.41,77.28],[612.41,77.28],[612.41,77.28],[612.39,77.31],[612.37,77.29],[612.38,77.29],[612.36,77.28]]]}},{"type":"Feature","id":"35110-63","properties":{"ridingCode":"35110","pollNumber":"63","pollType":"N","advancePollNumber":"603","sourceCode":"63-0","geometryPollNumbers":["63"],"code":"35110-63","resultPollNumbers":["63"],"resultStatus":"exact","result":{"electors":511,"voters":196,"totalVotes":196,"rejected":0,"turnout":38.35616438356164,"winnerId":"julie-dabrusin","winnerPartyId":"LIB","runnerUpId":"ashik-hussain","runnerUpPartyId":"CPC","margin":44.89795918367347,"top":[{"id":"julie-dabrusin","name":"Julie Dabrusin","shortName":"Dabrusin","partyId":"LIB","votes":126,"share":64.28571428571429},{"id":"ashik-hussain","name":"Ashik Hussain","shortName":"Hussain","partyId":"CPC","votes":38,"share":19.387755102040817},{"id":"clare-hacksel","name":"Clare Hacksel","shortName":"Hacksel","partyId":"NDP","votes":32,"share":16.3265306122449},{"id":"silvia-stardust","name":"Silvia Stardust","shortName":"Stardust","partyId":"GRN","votes":0,"share":0}],"partyVotes":{"LIB":126,"CPC":38,"BQ":0,"NDP":32,"GRN":0,"PPC":0,"OTH":0}}},"geometry":{"type":"Polygon","coordinates":[[[612.3,77.25],[612.3,77.25],[612.31,77.25],[612.31,77.25],[612.32,77.26],[612.31,77.26],[612.34,77.27],[612.33,77.28],[612.32,77.28],[612.32,77.29],[612.3,77.27],[612.3,77.27],[612.31,77.26],[612.3,77.25]]]}},{"type":"Feature","id":"35110-64","properties":{"ridingCode":"35110","pollNumber":"64","pollType":"N","advancePollNumber":"603","sourceCode":"64-0","geometryPollNumbers":["64"],"code":"35110-64","resultPollNumbers":["64"],"resultStatus":"exact","result":{"electors":375,"voters":208,"totalVotes":208,"rejected":0,"turnout":55.46666666666666,"winnerId":"julie-dabrusin","winnerPartyId":"LIB","runnerUpId":"clare-hacksel","runnerUpPartyId":"NDP","margin":37.5,"top":[{"id":"julie-dabrusin","name":"Julie Dabrusin","shortName":"Dabrusin","partyId":"LIB","votes":123,"share":59.13461538461539},{"id":"clare-hacksel","name":"Clare Hacksel","shortName":"Hacksel","partyId":"NDP","votes":45,"share":21.634615384615387},{"id":"ashik-hussain","name":"Ashik Hussain","shortName":"Hussain","partyId":"CPC","votes":37,"share":17.78846153846154},{"id":"silvia-stardust","name":"Silvia Stardust","shortName":"Stardust","partyId":"GRN","votes":2,"share":0.9615384615384616}],"partyVotes":{"LIB":123,"CPC":37,"BQ":0,"NDP":45,"GRN":2,"PPC":0,"OTH":1}}},"geometry":{"type":"Polygon","coordinates":[[[612.35,77.27],[612.36,77.25],[612.38,77.26],[612.36,77.28],[612.35,77.27]]]}},{"type":"Feature","id":"35110-65","properties":{"ridingCode":"35110","pollNumber":"65","pollType":"N","advancePollNumber":"603","sourceCode":"65-0","geometryPollNumbers":["65"],"code":"35110-65","resultPollNumbers":["65"],"resultStatus":"exact","result":{"electors":606,"voters":274,"totalVotes":274,"rejected":0,"turnout":45.21452145214521,"winnerId":"julie-dabrusin","winnerPartyId":"LIB","runnerUpId":"clare-hacksel","runnerUpPartyId":"NDP","margin":32.11678832116788,"top":[{"id":"julie-dabrusin","name":"Julie Dabrusin","shortName":"Dabrusin","partyId":"LIB","votes":149,"share":54.379562043795616},{"id":"clare-hacksel","name":"Clare Hacksel","shortName":"Hacksel","partyId":"NDP","votes":61,"share":22.26277372262774},{"id":"ashik-hussain","name":"Ashik Hussain","shortName":"Hussain","partyId":"CPC","votes":53,"share":19.34306569343066},{"id":"silvia-stardust","name":"Silvia Stardust","shortName":"Stardust","partyId":"GRN","votes":9,"share":3.2846715328467155}],"partyVotes":{"LIB":149,"CPC":53,"BQ":0,"NDP":61,"GRN":9,"PPC":0,"OTH":2}}},"geometry":{"type":"Polygon","coordinates":[[[612.34,77.27],[612.36,77.24],[612.36,77.24],[612.4,77.26],[612.39,77.27],[612.38,77.26],[612.36,77.25],[612.35,77.27],[612.34,77.28],[612.34,77.27]]]}},{"type":"Feature","id":"35110-66","properties":{"ridingCode":"35110","pollNumber":"66","pollType":"N","advancePollNumber":"603","sourceCode":"66-0","geometryPollNumbers":["66"],"code":"35110-66","resultPollNumbers":["66"],"resultStatus":"exact","result":{"electors":583,"voters":222,"totalVotes":221,"rejected":1,"turnout":38.078902229845625,"winnerId":"julie-dabrusin","winnerPartyId":"LIB","runnerUpId":"ashik-hussain","runnerUpPartyId":"CPC","margin":52.488687782805435,"top":[{"id":"julie-dabrusin","name":"Julie Dabrusin","shortName":"Dabrusin","partyId":"LIB","votes":157,"share":71.04072398190046},{"id":"ashik-hussain","name":"Ashik Hussain","shortName":"Hussain","partyId":"CPC","votes":41,"share":18.552036199095024},{"id":"clare-hacksel","name":"Clare Hacksel","shortName":"Hacksel","partyId":"NDP","votes":18,"share":8.144796380090497},{"id":"silvia-stardust","name":"Silvia Stardust","shortName":"Stardust","partyId":"GRN","votes":4,"share":1.809954751131222}],"partyVotes":{"LIB":157,"CPC":41,"BQ":0,"NDP":18,"GRN":4,"PPC":0,"OTH":1}}},"geometry":{"type":"Polygon","coordinates":[[[612.34,77.27],[612.31,77.26],[612.32,77.26],[612.32,77.26],[612.34,77.23],[612.36,77.24],[612.34,77.27]]]}},{"type":"Feature","id":"35110-67","properties":{"ridingCode":"35110","pollNumber":"67","pollType":"N","advancePollNumber":"603","sourceCode":"67-0","geometryPollNumbers":["67"],"code":"35110-67","resultPollNumbers":["67"],"resultStatus":"exact","result":{"electors":323,"voters":144,"totalVotes":143,"rejected":1,"turnout":44.58204334365325,"winnerId":"julie-dabrusin","winnerPartyId":"LIB","runnerUpId":"ashik-hussain","runnerUpPartyId":"CPC","margin":42.65734265734265,"top":[{"id":"julie-dabrusin","name":"Julie Dabrusin","shortName":"Dabrusin","partyId":"LIB","votes":92,"share":64.33566433566433},{"id":"ashik-hussain","name":"Ashik Hussain","shortName":"Hussain","partyId":"CPC","votes":31,"share":21.678321678321677},{"id":"clare-hacksel","name":"Clare Hacksel","shortName":"Hacksel","partyId":"NDP","votes":18,"share":12.587412587412588},{"id":"silvia-stardust","name":"Silvia Stardust","shortName":"Stardust","partyId":"GRN","votes":1,"share":0.6993006993006993}],"partyVotes":{"LIB":92,"CPC":31,"BQ":0,"NDP":18,"GRN":1,"PPC":0,"OTH":1}}},"geometry":{"type":"Polygon","coordinates":[[[612.32,77.26],[612.31,77.25],[612.32,77.24],[612.32,77.24],[612.33,77.22],[612.34,77.23],[612.32,77.26],[612.32,77.26]]]}},{"type":"Feature","id":"35110-68","properties":{"ridingCode":"35110","pollNumber":"68","pollType":"N","advancePollNumber":"605","sourceCode":"68-0","geometryPollNumbers":["68"],"code":"35110-68","resultPollNumbers":["68"],"resultStatus":"exact","result":{"electors":604,"voters":228,"totalVotes":227,"rejected":1,"turnout":37.74834437086093,"winnerId":"julie-dabrusin","winnerPartyId":"LIB","runnerUpId":"clare-hacksel","runnerUpPartyId":"NDP","margin":31.718061674008812,"top":[{"id":"julie-dabrusin","name":"Julie Dabrusin","shortName":"Dabrusin","partyId":"LIB","votes":126,"share":55.50660792951542},{"id":"clare-hacksel","name":"Clare Hacksel","shortName":"Hacksel","partyId":"NDP","votes":54,"share":23.788546255506606},{"id":"ashik-hussain","name":"Ashik Hussain","shortName":"Hussain","partyId":"CPC","votes":44,"share":19.383259911894275},{"id":"silvia-stardust","name":"Silvia Stardust","shortName":"Stardust","partyId":"GRN","votes":3,"share":1.3215859030837005}],"partyVotes":{"LIB":126,"CPC":44,"BQ":0,"NDP":54,"GRN":3,"PPC":0,"OTH":0}}},"geometry":{"type":"Polygon","coordinates":[[[612.33,77.22],[612.34,77.21],[612.37,77.23],[612.37,77.23],[612.36,77.23],[612.36,77.24],[612.36,77.24],[612.34,77.23],[612.33,77.22]]]}},{"type":"Feature","id":"35110-69","properties":{"ridingCode":"35110","pollNumber":"69","pollType":"N","advancePollNumber":"605","sourceCode":"69-0","geometryPollNumbers":["69"],"code":"35110-69","resultPollNumbers":["69"],"resultStatus":"exact","result":{"electors":369,"voters":121,"totalVotes":120,"rejected":1,"turnout":32.79132791327913,"winnerId":"julie-dabrusin","winnerPartyId":"LIB","runnerUpId":"ashik-hussain","runnerUpPartyId":"CPC","margin":56.666666666666664,"top":[{"id":"julie-dabrusin","name":"Julie Dabrusin","shortName":"Dabrusin","partyId":"LIB","votes":85,"share":70.83333333333334},{"id":"ashik-hussain","name":"Ashik Hussain","shortName":"Hussain","partyId":"CPC","votes":17,"share":14.166666666666666},{"id":"clare-hacksel","name":"Clare Hacksel","shortName":"Hacksel","partyId":"NDP","votes":16,"share":13.333333333333334},{"id":"silvia-stardust","name":"Silvia Stardust","shortName":"Stardust","partyId":"GRN","votes":2,"share":1.6666666666666667}],"partyVotes":{"LIB":85,"CPC":17,"BQ":0,"NDP":16,"GRN":2,"PPC":0,"OTH":0}}},"geometry":{"type":"Polygon","coordinates":[[[612.38,77.21],[612.37,77.23],[612.34,77.21],[612.35,77.19],[612.37,77.21],[612.38,77.21]]]}},{"type":"Feature","id":"35110-70","properties":{"ridingCode":"35110","pollNumber":"70","pollType":"N","advancePollNumber":"605","sourceCode":"70-0","geometryPollNumbers":["70"],"code":"35110-70","resultPollNumbers":["70"],"resultStatus":"exact","result":{"electors":563,"voters":226,"totalVotes":226,"rejected":0,"turnout":40.142095914742455,"winnerId":"julie-dabrusin","winnerPartyId":"LIB","runnerUpId":"ashik-hussain","runnerUpPartyId":"CPC","margin":36.283185840707965,"top":[{"id":"julie-dabrusin","name":"Julie Dabrusin","shortName":"Dabrusin","partyId":"LIB","votes":136,"share":60.17699115044248},{"id":"ashik-hussain","name":"Ashik Hussain","shortName":"Hussain","partyId":"CPC","votes":54,"share":23.893805309734514},{"id":"clare-hacksel","name":"Clare Hacksel","shortName":"Hacksel","partyId":"NDP","votes":35,"share":15.486725663716813},{"id":"silvia-stardust","name":"Silvia Stardust","shortName":"Stardust","partyId":"GRN","votes":1,"share":0.4424778761061947}],"partyVotes":{"LIB":136,"CPC":54,"BQ":0,"NDP":35,"GRN":1,"PPC":0,"OTH":0}}},"geometry":{"type":"Polygon","coordinates":[[[612.33,77.22],[612.31,77.21],[612.33,77.18],[612.35,77.19],[612.34,77.21],[612.33,77.22]]]}},{"type":"Feature","id":"35110-71","properties":{"ridingCode":"35110","pollNumber":"71","pollType":"N","advancePollNumber":"604","sourceCode":"71-0","geometryPollNumbers":["71"],"code":"35110-71","resultPollNumbers":["71"],"resultStatus":"exact","result":{"electors":482,"voters":207,"totalVotes":206,"rejected":1,"turnout":42.946058091286304,"winnerId":"julie-dabrusin","winnerPartyId":"LIB","runnerUpId":"clare-hacksel","runnerUpPartyId":"NDP","margin":50,"top":[{"id":"julie-dabrusin","name":"Julie Dabrusin","shortName":"Dabrusin","partyId":"LIB","votes":135,"share":65.53398058252428},{"id":"clare-hacksel","name":"Clare Hacksel","shortName":"Hacksel","partyId":"NDP","votes":32,"share":15.53398058252427},{"id":"ashik-hussain","name":"Ashik Hussain","shortName":"Hussain","partyId":"CPC","votes":32,"share":15.53398058252427},{"id":"silvia-stardust","name":"Silvia Stardust","shortName":"Stardust","partyId":"GRN","votes":4,"share":1.9417475728155338}],"partyVotes":{"LIB":135,"CPC":32,"BQ":0,"NDP":32,"GRN":4,"PPC":0,"OTH":3}}},"geometry":{"type":"Polygon","coordinates":[[[612.46,77.25],[612.43,77.24],[612.44,77.22],[612.47,77.24],[612.47,77.24],[612.46,77.24],[612.46,77.25]]]}},{"type":"Feature","id":"35110-72","properties":{"ridingCode":"35110","pollNumber":"72","pollType":"N","advancePollNumber":"604","sourceCode":"72-0","geometryPollNumbers":["72"],"code":"35110-72","resultPollNumbers":["72"],"resultStatus":"exact","result":{"electors":364,"voters":151,"totalVotes":150,"rejected":1,"turnout":41.48351648351649,"winnerId":"julie-dabrusin","winnerPartyId":"LIB","runnerUpId":"clare-hacksel","runnerUpPartyId":"NDP","margin":43.333333333333336,"top":[{"id":"julie-dabrusin","name":"Julie Dabrusin","shortName":"Dabrusin","partyId":"LIB","votes":94,"share":62.66666666666667},{"id":"clare-hacksel","name":"Clare Hacksel","shortName":"Hacksel","partyId":"NDP","votes":29,"share":19.333333333333332},{"id":"ashik-hussain","name":"Ashik Hussain","shortName":"Hussain","partyId":"CPC","votes":27,"share":18},{"id":"silvia-stardust","name":"Silvia Stardust","shortName":"Stardust","partyId":"GRN","votes":0,"share":0}],"partyVotes":{"LIB":94,"CPC":27,"BQ":0,"NDP":29,"GRN":0,"PPC":0,"OTH":0}}},"geometry":{"type":"Polygon","coordinates":[[[612.47,77.24],[612.44,77.22],[612.45,77.21],[612.48,77.23],[612.48,77.23],[612.47,77.24],[612.47,77.24],[612.47,77.24]]]}},{"type":"Feature","id":"35110-73","properties":{"ridingCode":"35110","pollNumber":"73","pollType":"N","advancePollNumber":"606","sourceCode":"73-0","geometryPollNumbers":["73"],"code":"35110-73","resultPollNumbers":["73"],"resultStatus":"exact","result":{"electors":436,"voters":197,"totalVotes":194,"rejected":3,"turnout":45.18348623853211,"winnerId":"julie-dabrusin","winnerPartyId":"LIB","runnerUpId":"ashik-hussain","runnerUpPartyId":"CPC","margin":55.154639175257735,"top":[{"id":"julie-dabrusin","name":"Julie Dabrusin","shortName":"Dabrusin","partyId":"LIB","votes":138,"share":71.1340206185567},{"id":"ashik-hussain","name":"Ashik Hussain","shortName":"Hussain","partyId":"CPC","votes":31,"share":15.979381443298967},{"id":"clare-hacksel","name":"Clare Hacksel","shortName":"Hacksel","partyId":"NDP","votes":22,"share":11.34020618556701},{"id":"silvia-stardust","name":"Silvia Stardust","shortName":"Stardust","partyId":"GRN","votes":2,"share":1.0309278350515463}],"partyVotes":{"LIB":138,"CPC":31,"BQ":0,"NDP":22,"GRN":2,"PPC":0,"OTH":1}}},"geometry":{"type":"Polygon","coordinates":[[[612.22,77.23],[612.23,77.22],[612.23,77.22],[612.23,77.21],[612.24,77.22],[612.25,77.22],[612.24,77.24],[612.26,77.25],[612.26,77.25],[612.22,77.23],[612.22,77.23],[612.22,77.23]]]}},{"type":"Feature","id":"35110-74","properties":{"ridingCode":"35110","pollNumber":"74","pollType":"N","advancePollNumber":"606","sourceCode":"74-0","geometryPollNumbers":["74"],"code":"35110-74","resultPollNumbers":["74"],"resultStatus":"exact","result":{"electors":607,"voters":277,"totalVotes":277,"rejected":0,"turnout":45.634266886326195,"winnerId":"julie-dabrusin","winnerPartyId":"LIB","runnerUpId":"ashik-hussain","runnerUpPartyId":"CPC","margin":47.65342960288809,"top":[{"id":"julie-dabrusin","name":"Julie Dabrusin","shortName":"Dabrusin","partyId":"LIB","votes":187,"share":67.50902527075813},{"id":"ashik-hussain","name":"Ashik Hussain","shortName":"Hussain","partyId":"CPC","votes":55,"share":19.855595667870034},{"id":"clare-hacksel","name":"Clare Hacksel","shortName":"Hacksel","partyId":"NDP","votes":31,"share":11.191335740072201},{"id":"silvia-stardust","name":"Silvia Stardust","shortName":"Stardust","partyId":"GRN","votes":3,"share":1.083032490974729}],"partyVotes":{"LIB":187,"CPC":55,"BQ":0,"NDP":31,"GRN":3,"PPC":0,"OTH":1}}},"geometry":{"type":"Polygon","coordinates":[[[612.26,77.24],[612.25,77.23],[612.28,77.19],[612.29,77.2],[612.28,77.21],[612.29,77.22],[612.27,77.24],[612.26,77.24]]]}},{"type":"Feature","id":"35110-75","properties":{"ridingCode":"35110","pollNumber":"75","pollType":"N","advancePollNumber":"606","sourceCode":"75-0","geometryPollNumbers":["75"],"code":"35110-75","resultPollNumbers":["75"],"resultStatus":"exact","result":{"electors":399,"voters":164,"totalVotes":164,"rejected":0,"turnout":41.10275689223057,"winnerId":"julie-dabrusin","winnerPartyId":"LIB","runnerUpId":"ashik-hussain","runnerUpPartyId":"CPC","margin":35.97560975609756,"top":[{"id":"julie-dabrusin","name":"Julie Dabrusin","shortName":"Dabrusin","partyId":"LIB","votes":99,"share":60.36585365853659},{"id":"ashik-hussain","name":"Ashik Hussain","shortName":"Hussain","partyId":"CPC","votes":40,"share":24.390243902439025},{"id":"clare-hacksel","name":"Clare Hacksel","shortName":"Hacksel","partyId":"NDP","votes":23,"share":14.02439024390244},{"id":"silvia-stardust","name":"Silvia Stardust","shortName":"Stardust","partyId":"GRN","votes":2,"share":1.2195121951219512}],"partyVotes":{"LIB":99,"CPC":40,"BQ":0,"NDP":23,"GRN":2,"PPC":0,"OTH":0}}},"geometry":{"type":"Polygon","coordinates":[[[612.29,77.22],[612.28,77.21],[612.29,77.2],[612.29,77.2],[612.3,77.21],[612.28,77.25],[612.27,77.24],[612.29,77.22]]]}},{"type":"Feature","id":"35110-76","properties":{"ridingCode":"35110","pollNumber":"76","pollType":"N","advancePollNumber":"606","sourceCode":"76-0","geometryPollNumbers":["76"],"code":"35110-76","resultPollNumbers":["76"],"resultStatus":"exact","result":{"electors":436,"voters":201,"totalVotes":200,"rejected":1,"turnout":46.10091743119266,"winnerId":"julie-dabrusin","winnerPartyId":"LIB","runnerUpId":"ashik-hussain","runnerUpPartyId":"CPC","margin":48,"top":[{"id":"julie-dabrusin","name":"Julie Dabrusin","shortName":"Dabrusin","partyId":"LIB","votes":136,"share":68},{"id":"ashik-hussain","name":"Ashik Hussain","shortName":"Hussain","partyId":"CPC","votes":40,"share":20},{"id":"clare-hacksel","name":"Clare Hacksel","shortName":"Hacksel","partyId":"NDP","votes":17,"share":8.5},{"id":"silvia-stardust","name":"Silvia Stardust","shortName":"Stardust","partyId":"GRN","votes":6,"share":3}],"partyVotes":{"LIB":136,"CPC":40,"BQ":0,"NDP":17,"GRN":6,"PPC":0,"OTH":1}}},"geometry":{"type":"Polygon","coordinates":[[[612.24,77.24],[612.25,77.22],[612.24,77.22],[612.25,77.2],[612.26,77.2],[612.27,77.19],[612.27,77.19],[612.28,77.19],[612.25,77.23],[612.26,77.24],[612.26,77.25],[612.24,77.24]]]}},{"type":"Feature","id":"35110-77","properties":{"ridingCode":"35110","pollNumber":"77","pollType":"N","advancePollNumber":"606","sourceCode":"77-0","geometryPollNumbers":["77"],"code":"35110-77","resultPollNumbers":["77"],"resultStatus":"exact","result":{"electors":547,"voters":235,"totalVotes":235,"rejected":0,"turnout":42.96160877513711,"winnerId":"julie-dabrusin","winnerPartyId":"LIB","runnerUpId":"ashik-hussain","runnerUpPartyId":"CPC","margin":45.95744680851064,"top":[{"id":"julie-dabrusin","name":"Julie Dabrusin","shortName":"Dabrusin","partyId":"LIB","votes":152,"share":64.68085106382979},{"id":"ashik-hussain","name":"Ashik Hussain","shortName":"Hussain","partyId":"CPC","votes":44,"share":18.72340425531915},{"id":"clare-hacksel","name":"Clare Hacksel","shortName":"Hacksel","partyId":"NDP","votes":34,"share":14.468085106382977},{"id":"silvia-stardust","name":"Silvia Stardust","shortName":"Stardust","partyId":"GRN","votes":4,"share":1.702127659574468}],"partyVotes":{"LIB":152,"CPC":44,"BQ":0,"NDP":34,"GRN":4,"PPC":0,"OTH":1}}},"geometry":{"type":"Polygon","coordinates":[[[612.2,77.19],[612.2,77.19],[612.22,77.2],[612.22,77.19],[612.23,77.19],[612.23,77.22],[612.22,77.23],[612.22,77.23],[612.22,77.23],[612.22,77.23],[612.19,77.22],[612.2,77.19],[612.2,77.19]]]}},{"type":"Feature","id":"35110-78","properties":{"ridingCode":"35110","pollNumber":"78","pollType":"N","advancePollNumber":"606","sourceCode":"78-0","geometryPollNumbers":["78"],"code":"35110-78","resultPollNumbers":["78"],"resultStatus":"exact","result":{"electors":476,"voters":215,"totalVotes":214,"rejected":1,"turnout":45.168067226890756,"winnerId":"julie-dabrusin","winnerPartyId":"LIB","runnerUpId":"ashik-hussain","runnerUpPartyId":"CPC","margin":43.925233644859816,"top":[{"id":"julie-dabrusin","name":"Julie Dabrusin","shortName":"Dabrusin","partyId":"LIB","votes":147,"share":68.69158878504673},{"id":"ashik-hussain","name":"Ashik Hussain","shortName":"Hussain","partyId":"CPC","votes":53,"share":24.766355140186917},{"id":"clare-hacksel","name":"Clare Hacksel","shortName":"Hacksel","partyId":"NDP","votes":10,"share":4.672897196261682},{"id":"silvia-stardust","name":"Silvia Stardust","shortName":"Stardust","partyId":"GRN","votes":4,"share":1.8691588785046727}],"partyVotes":{"LIB":147,"CPC":53,"BQ":0,"NDP":10,"GRN":4,"PPC":0,"OTH":0}}},"geometry":{"type":"Polygon","coordinates":[[[612.23,77.22],[612.23,77.19],[612.24,77.19],[612.25,77.19],[612.25,77.19],[612.26,77.18],[612.27,77.19],[612.26,77.2],[612.25,77.2],[612.24,77.22],[612.23,77.21],[612.23,77.22],[612.23,77.22]]]}},{"type":"Feature","id":"35110-79","properties":{"ridingCode":"35110","pollNumber":"79","pollType":"N","advancePollNumber":"604","sourceCode":"79-0","geometryPollNumbers":["79"],"code":"35110-79","resultPollNumbers":["79"],"resultStatus":"exact","result":{"electors":521,"voters":258,"totalVotes":258,"rejected":0,"turnout":49.520153550863725,"winnerId":"julie-dabrusin","winnerPartyId":"LIB","runnerUpId":"ashik-hussain","runnerUpPartyId":"CPC","margin":46.89922480620155,"top":[{"id":"julie-dabrusin","name":"Julie Dabrusin","shortName":"Dabrusin","partyId":"LIB","votes":169,"share":65.50387596899225},{"id":"ashik-hussain","name":"Ashik Hussain","shortName":"Hussain","partyId":"CPC","votes":48,"share":18.6046511627907},{"id":"clare-hacksel","name":"Clare Hacksel","shortName":"Hacksel","partyId":"NDP","votes":35,"share":13.565891472868216},{"id":"silvia-stardust","name":"Silvia Stardust","shortName":"Stardust","partyId":"GRN","votes":4,"share":1.550387596899225}],"partyVotes":{"LIB":169,"CPC":48,"BQ":0,"NDP":35,"GRN":4,"PPC":0,"OTH":2}}},"geometry":{"type":"Polygon","coordinates":[[[612.51,77.22],[612.52,77.23],[612.52,77.23],[612.51,77.26],[612.49,77.24],[612.51,77.22]]]}},{"type":"Feature","id":"35110-80","properties":{"ridingCode":"35110","pollNumber":"80","pollType":"N","advancePollNumber":"604","sourceCode":"80-0","geometryPollNumbers":["80"],"code":"35110-80","resultPollNumbers":["80"],"resultStatus":"exact","result":{"electors":355,"voters":158,"totalVotes":158,"rejected":0,"turnout":44.50704225352113,"winnerId":"julie-dabrusin","winnerPartyId":"LIB","runnerUpId":"ashik-hussain","runnerUpPartyId":"CPC","margin":53.79746835443038,"top":[{"id":"julie-dabrusin","name":"Julie Dabrusin","shortName":"Dabrusin","partyId":"LIB","votes":110,"share":69.62025316455697},{"id":"ashik-hussain","name":"Ashik Hussain","shortName":"Hussain","partyId":"CPC","votes":25,"share":15.822784810126583},{"id":"clare-hacksel","name":"Clare Hacksel","shortName":"Hacksel","partyId":"NDP","votes":21,"share":13.291139240506327},{"id":"silvia-stardust","name":"Silvia Stardust","shortName":"Stardust","partyId":"GRN","votes":2,"share":1.2658227848101267}],"partyVotes":{"LIB":110,"CPC":25,"BQ":0,"NDP":21,"GRN":2,"PPC":0,"OTH":0}}},"geometry":{"type":"Polygon","coordinates":[[[612.49,77.22],[612.49,77.21],[612.51,77.22],[612.49,77.24],[612.48,77.23],[612.48,77.23],[612.49,77.22]]]}},{"type":"Feature","id":"35110-81","properties":{"ridingCode":"35110","pollNumber":"81","pollType":"N","advancePollNumber":"604","sourceCode":"81-0","geometryPollNumbers":["81"],"code":"35110-81","resultPollNumbers":["81"],"resultStatus":"exact","result":{"electors":447,"voters":212,"totalVotes":211,"rejected":1,"turnout":47.427293064876956,"winnerId":"julie-dabrusin","winnerPartyId":"LIB","runnerUpId":"ashik-hussain","runnerUpPartyId":"CPC","margin":40.758293838862556,"top":[{"id":"julie-dabrusin","name":"Julie Dabrusin","shortName":"Dabrusin","partyId":"LIB","votes":131,"share":62.08530805687204},{"id":"ashik-hussain","name":"Ashik Hussain","shortName":"Hussain","partyId":"CPC","votes":45,"share":21.32701421800948},{"id":"clare-hacksel","name":"Clare Hacksel","shortName":"Hacksel","partyId":"NDP","votes":32,"share":15.165876777251185},{"id":"silvia-stardust","name":"Silvia Stardust","shortName":"Stardust","partyId":"GRN","votes":2,"share":0.9478672985781991}],"partyVotes":{"LIB":131,"CPC":45,"BQ":0,"NDP":32,"GRN":2,"PPC":0,"OTH":1}}},"geometry":{"type":"Polygon","coordinates":[[[612.52,77.23],[612.51,77.22],[612.52,77.2],[612.53,77.2],[612.54,77.21],[612.52,77.23]]]}},{"type":"Feature","id":"35110-82","properties":{"ridingCode":"35110","pollNumber":"82","pollType":"N","advancePollNumber":"604","sourceCode":"82-0","geometryPollNumbers":["82"],"code":"35110-82","resultPollNumbers":["82"],"resultStatus":"exact","result":{"electors":586,"voters":232,"totalVotes":232,"rejected":0,"turnout":39.59044368600683,"winnerId":"julie-dabrusin","winnerPartyId":"LIB","runnerUpId":"ashik-hussain","runnerUpPartyId":"CPC","margin":40.94827586206897,"top":[{"id":"julie-dabrusin","name":"Julie Dabrusin","shortName":"Dabrusin","partyId":"LIB","votes":142,"share":61.206896551724135},{"id":"ashik-hussain","name":"Ashik Hussain","shortName":"Hussain","partyId":"CPC","votes":47,"share":20.25862068965517},{"id":"clare-hacksel","name":"Clare Hacksel","shortName":"Hacksel","partyId":"NDP","votes":37,"share":15.948275862068966},{"id":"silvia-stardust","name":"Silvia Stardust","shortName":"Stardust","partyId":"GRN","votes":3,"share":1.293103448275862}],"partyVotes":{"LIB":142,"CPC":47,"BQ":0,"NDP":37,"GRN":3,"PPC":0,"OTH":3}}},"geometry":{"type":"Polygon","coordinates":[[[612.45,77.21],[612.47,77.19],[612.48,77.17],[612.48,77.18],[612.47,77.21],[612.48,77.21],[612.49,77.22],[612.48,77.23],[612.45,77.21]]]}},{"type":"Feature","id":"35110-83","properties":{"ridingCode":"35110","pollNumber":"83","pollType":"N","advancePollNumber":"605","sourceCode":"83-0","geometryPollNumbers":["83"],"code":"35110-83","resultPollNumbers":["83"],"resultStatus":"exact","result":{"electors":409,"voters":177,"totalVotes":175,"rejected":2,"turnout":43.27628361858191,"winnerId":"julie-dabrusin","winnerPartyId":"LIB","runnerUpId":"clare-hacksel","runnerUpPartyId":"NDP","margin":28.000000000000004,"top":[{"id":"julie-dabrusin","name":"Julie Dabrusin","shortName":"Dabrusin","partyId":"LIB","votes":90,"share":51.42857142857142},{"id":"clare-hacksel","name":"Clare Hacksel","shortName":"Hacksel","partyId":"NDP","votes":41,"share":23.42857142857143},{"id":"ashik-hussain","name":"Ashik Hussain","shortName":"Hussain","partyId":"CPC","votes":38,"share":21.714285714285715},{"id":"silvia-stardust","name":"Silvia Stardust","shortName":"Stardust","partyId":"GRN","votes":5,"share":2.857142857142857}],"partyVotes":{"LIB":90,"CPC":38,"BQ":0,"NDP":41,"GRN":5,"PPC":0,"OTH":1}}},"geometry":{"type":"Polygon","coordinates":[[[612.36,77.24],[612.36,77.23],[612.4,77.25],[612.42,77.26],[612.41,77.27],[612.4,77.26],[612.36,77.24]]]}},{"type":"Feature","id":"35110-84","properties":{"ridingCode":"35110","pollNumber":"84","pollType":"N","advancePollNumber":"605","sourceCode":"84-0","geometryPollNumbers":["84"],"code":"35110-84","resultPollNumbers":["84"],"resultStatus":"exact","result":{"electors":349,"voters":133,"totalVotes":132,"rejected":1,"turnout":38.108882521489974,"winnerId":"julie-dabrusin","winnerPartyId":"LIB","runnerUpId":"clare-hacksel","runnerUpPartyId":"NDP","margin":43.18181818181818,"top":[{"id":"julie-dabrusin","name":"Julie Dabrusin","shortName":"Dabrusin","partyId":"LIB","votes":83,"share":62.878787878787875},{"id":"clare-hacksel","name":"Clare Hacksel","shortName":"Hacksel","partyId":"NDP","votes":26,"share":19.696969696969695},{"id":"ashik-hussain","name":"Ashik Hussain","shortName":"Hussain","partyId":"CPC","votes":20,"share":15.151515151515152},{"id":"silvia-stardust","name":"Silvia Stardust","shortName":"Stardust","partyId":"GRN","votes":3,"share":2.272727272727273}],"partyVotes":{"LIB":83,"CPC":20,"BQ":0,"NDP":26,"GRN":3,"PPC":0,"OTH":0}}},"geometry":{"type":"Polygon","coordinates":[[[612.4,77.25],[612.36,77.23],[612.37,77.23],[612.38,77.23],[612.39,77.22],[612.39,77.22],[612.4,77.22],[612.4,77.22],[612.41,77.22],[612.41,77.23],[612.4,77.25]]]}},{"type":"Feature","id":"35110-85","properties":{"ridingCode":"35110","pollNumber":"85","pollType":"N","advancePollNumber":"605","sourceCode":"85-0","geometryPollNumbers":["85"],"code":"35110-85","resultPollNumbers":["85"],"resultStatus":"exact","result":{"electors":369,"voters":147,"totalVotes":147,"rejected":0,"turnout":39.83739837398374,"winnerId":"julie-dabrusin","winnerPartyId":"LIB","runnerUpId":"clare-hacksel","runnerUpPartyId":"NDP","margin":42.857142857142854,"top":[{"id":"julie-dabrusin","name":"Julie Dabrusin","shortName":"Dabrusin","partyId":"LIB","votes":95,"share":64.62585034013605},{"id":"clare-hacksel","name":"Clare Hacksel","shortName":"Hacksel","partyId":"NDP","votes":32,"share":21.768707482993197},{"id":"ashik-hussain","name":"Ashik Hussain","shortName":"Hussain","partyId":"CPC","votes":19,"share":12.925170068027212},{"id":"silvia-stardust","name":"Silvia Stardust","shortName":"Stardust","partyId":"GRN","votes":1,"share":0.6802721088435374}],"partyVotes":{"LIB":95,"CPC":19,"BQ":0,"NDP":32,"GRN":1,"PPC":0,"OTH":0}}},"geometry":{"type":"Polygon","coordinates":[[[612.43,77.24],[612.42,77.26],[612.4,77.25],[612.41,77.23],[612.41,77.22],[612.43,77.19],[612.42,77.19],[612.41,77.18],[612.41,77.18],[612.4,77.17],[612.4,77.17],[612.41,77.16],[612.45,77.21],[612.44,77.22],[612.43,77.24]]]}},{"type":"Feature","id":"35110-86","properties":{"ridingCode":"35110","pollNumber":"86","pollType":"N","advancePollNumber":"605","sourceCode":"86-0","geometryPollNumbers":["86"],"code":"35110-86","resultPollNumbers":["86"],"resultStatus":"exact","result":{"electors":365,"voters":178,"totalVotes":177,"rejected":1,"turnout":48.76712328767123,"winnerId":"julie-dabrusin","winnerPartyId":"LIB","runnerUpId":"clare-hacksel","runnerUpPartyId":"NDP","margin":50.847457627118644,"top":[{"id":"julie-dabrusin","name":"Julie Dabrusin","shortName":"Dabrusin","partyId":"LIB","votes":119,"share":67.2316384180791},{"id":"clare-hacksel","name":"Clare Hacksel","shortName":"Hacksel","partyId":"NDP","votes":29,"share":16.38418079096045},{"id":"ashik-hussain","name":"Ashik Hussain","shortName":"Hussain","partyId":"CPC","votes":27,"share":15.254237288135593},{"id":"silvia-stardust","name":"Silvia Stardust","shortName":"Stardust","partyId":"GRN","votes":2,"share":1.1299435028248588}],"partyVotes":{"LIB":119,"CPC":27,"BQ":0,"NDP":29,"GRN":2,"PPC":0,"OTH":0}}},"geometry":{"type":"Polygon","coordinates":[[[612.38,77.21],[612.39,77.19],[612.4,77.2],[612.39,77.21],[612.39,77.22],[612.39,77.22],[612.38,77.23],[612.37,77.23],[612.37,77.23],[612.38,77.21]]]}},{"type":"Feature","id":"35110-87","properties":{"ridingCode":"35110","pollNumber":"87","pollType":"N","advancePollNumber":"605","sourceCode":"87-0","geometryPollNumbers":["87"],"code":"35110-87","resultPollNumbers":["87"],"resultStatus":"exact","result":{"electors":412,"voters":174,"totalVotes":174,"rejected":0,"turnout":42.23300970873786,"winnerId":"julie-dabrusin","winnerPartyId":"LIB","runnerUpId":"clare-hacksel","runnerUpPartyId":"NDP","margin":62.06896551724138,"top":[{"id":"julie-dabrusin","name":"Julie Dabrusin","shortName":"Dabrusin","partyId":"LIB","votes":130,"share":74.71264367816092},{"id":"clare-hacksel","name":"Clare Hacksel","shortName":"Hacksel","partyId":"NDP","votes":22,"share":12.643678160919542},{"id":"ashik-hussain","name":"Ashik Hussain","shortName":"Hussain","partyId":"CPC","votes":20,"share":11.494252873563218},{"id":"silvia-stardust","name":"Silvia Stardust","shortName":"Stardust","partyId":"GRN","votes":1,"share":0.5747126436781609}],"partyVotes":{"LIB":130,"CPC":20,"BQ":0,"NDP":22,"GRN":1,"PPC":0,"OTH":1}}},"geometry":{"type":"Polygon","coordinates":[[[612.39,77.21],[612.4,77.2],[612.41,77.21],[612.42,77.19],[612.43,77.19],[612.41,77.22],[612.4,77.22],[612.4,77.22],[612.39,77.22],[612.39,77.21]]]}},{"type":"Feature","id":"35110-88","properties":{"ridingCode":"35110","pollNumber":"88","pollType":"N","advancePollNumber":"605","sourceCode":"88-0","geometryPollNumbers":["88"],"code":"35110-88","resultPollNumbers":["88"],"resultStatus":"exact","result":{"electors":368,"voters":162,"totalVotes":161,"rejected":1,"turnout":44.02173913043478,"winnerId":"julie-dabrusin","winnerPartyId":"LIB","runnerUpId":"clare-hacksel","runnerUpPartyId":"NDP","margin":63.35403726708074,"top":[{"id":"julie-dabrusin","name":"Julie Dabrusin","shortName":"Dabrusin","partyId":"LIB","votes":121,"share":75.15527950310559},{"id":"clare-hacksel","name":"Clare Hacksel","shortName":"Hacksel","partyId":"NDP","votes":19,"share":11.801242236024844},{"id":"ashik-hussain","name":"Ashik Hussain","shortName":"Hussain","partyId":"CPC","votes":19,"share":11.801242236024844},{"id":"liz-white","name":"Liz White","shortName":"White","partyId":"OTH","votes":2,"share":1.2422360248447204}],"partyVotes":{"LIB":121,"CPC":19,"BQ":0,"NDP":19,"GRN":0,"PPC":0,"OTH":2}}},"geometry":{"type":"Polygon","coordinates":[[[612.39,77.19],[612.4,77.19],[612.41,77.18],[612.41,77.18],[612.42,77.19],[612.41,77.21],[612.4,77.2],[612.39,77.19],[612.39,77.19]]]}},{"type":"Feature","id":"35110-89","properties":{"ridingCode":"35110","pollNumber":"89","pollType":"N","advancePollNumber":"605","sourceCode":"89-0","geometryPollNumbers":["89"],"code":"35110-89","resultPollNumbers":["89"],"resultStatus":"exact","result":{"electors":473,"voters":230,"totalVotes":229,"rejected":1,"turnout":48.625792811839325,"winnerId":"julie-dabrusin","winnerPartyId":"LIB","runnerUpId":"ashik-hussain","runnerUpPartyId":"CPC","margin":34.06113537117904,"top":[{"id":"julie-dabrusin","name":"Julie Dabrusin","shortName":"Dabrusin","partyId":"LIB","votes":133,"share":58.07860262008734},{"id":"ashik-hussain","name":"Ashik Hussain","shortName":"Hussain","partyId":"CPC","votes":55,"share":24.017467248908297},{"id":"clare-hacksel","name":"Clare Hacksel","shortName":"Hacksel","partyId":"NDP","votes":35,"share":15.283842794759824},{"id":"liz-white","name":"Liz White","shortName":"White","partyId":"OTH","votes":4,"share":1.7467248908296942}],"partyVotes":{"LIB":133,"CPC":55,"BQ":0,"NDP":35,"GRN":2,"PPC":0,"OTH":4}}},"geometry":{"type":"Polygon","coordinates":[[[612.35,77.18],[612.36,77.17],[612.38,77.18],[612.38,77.19],[612.38,77.19],[612.37,77.21],[612.35,77.19],[612.35,77.18]]]}},{"type":"Feature","id":"35110-90","properties":{"ridingCode":"35110","pollNumber":"90","pollType":"N","advancePollNumber":"605","sourceCode":"90-0","geometryPollNumbers":["90"],"code":"35110-90","resultPollNumbers":["90"],"resultStatus":"exact","result":{"electors":395,"voters":187,"totalVotes":185,"rejected":2,"turnout":47.34177215189874,"winnerId":"julie-dabrusin","winnerPartyId":"LIB","runnerUpId":"clare-hacksel","runnerUpPartyId":"NDP","margin":44.86486486486487,"top":[{"id":"julie-dabrusin","name":"Julie Dabrusin","shortName":"Dabrusin","partyId":"LIB","votes":116,"share":62.70270270270271},{"id":"clare-hacksel","name":"Clare Hacksel","shortName":"Hacksel","partyId":"NDP","votes":33,"share":17.83783783783784},{"id":"ashik-hussain","name":"Ashik Hussain","shortName":"Hussain","partyId":"CPC","votes":32,"share":17.2972972972973},{"id":"silvia-stardust","name":"Silvia Stardust","shortName":"Stardust","partyId":"GRN","votes":3,"share":1.6216216216216217}],"partyVotes":{"LIB":116,"CPC":32,"BQ":0,"NDP":33,"GRN":3,"PPC":0,"OTH":1}}},"geometry":{"type":"Polygon","coordinates":[[[612.39,77.19],[612.38,77.21],[612.37,77.21],[612.38,77.19],[612.4,77.17],[612.4,77.17],[612.4,77.17],[612.41,77.18],[612.4,77.19],[612.39,77.19],[612.39,77.19]]]}},{"type":"Feature","id":"35110-91","properties":{"ridingCode":"35110","pollNumber":"91","pollType":"N","advancePollNumber":"605","sourceCode":"91-0","geometryPollNumbers":["91"],"code":"35110-91","resultPollNumbers":["91"],"resultStatus":"exact","result":{"electors":539,"voters":216,"totalVotes":213,"rejected":3,"turnout":40.07421150278293,"winnerId":"julie-dabrusin","winnerPartyId":"LIB","runnerUpId":"clare-hacksel","runnerUpPartyId":"NDP","margin":26.291079812206576,"top":[{"id":"julie-dabrusin","name":"Julie Dabrusin","shortName":"Dabrusin","partyId":"LIB","votes":112,"share":52.58215962441315},{"id":"clare-hacksel","name":"Clare Hacksel","shortName":"Hacksel","partyId":"NDP","votes":56,"share":26.291079812206576},{"id":"ashik-hussain","name":"Ashik Hussain","shortName":"Hussain","partyId":"CPC","votes":43,"share":20.187793427230048},{"id":"silvia-stardust","name":"Silvia Stardust","shortName":"Stardust","partyId":"GRN","votes":1,"share":0.4694835680751174}],"partyVotes":{"LIB":112,"CPC":43,"BQ":0,"NDP":56,"GRN":1,"PPC":0,"OTH":1}}},"geometry":{"type":"Polygon","coordinates":[[[612.38,77.19],[612.38,77.18],[612.39,77.17],[612.4,77.17],[612.38,77.19],[612.38,77.19]]]}},{"type":"Feature","id":"35110-92","properties":{"ridingCode":"35110","pollNumber":"92","pollType":"N","advancePollNumber":"605","sourceCode":"92-0","geometryPollNumbers":["92"],"code":"35110-92","resultPollNumbers":["92"],"resultStatus":"exact","result":{"electors":495,"voters":179,"totalVotes":176,"rejected":3,"turnout":36.16161616161616,"winnerId":"julie-dabrusin","winnerPartyId":"LIB","runnerUpId":"ashik-hussain","runnerUpPartyId":"CPC","margin":41.47727272727273,"top":[{"id":"julie-dabrusin","name":"Julie Dabrusin","shortName":"Dabrusin","partyId":"LIB","votes":108,"share":61.36363636363637},{"id":"ashik-hussain","name":"Ashik Hussain","shortName":"Hussain","partyId":"CPC","votes":35,"share":19.886363636363637},{"id":"clare-hacksel","name":"Clare Hacksel","shortName":"Hacksel","partyId":"NDP","votes":30,"share":17.045454545454543},{"id":"silvia-stardust","name":"Silvia Stardust","shortName":"Stardust","partyId":"GRN","votes":3,"share":1.7045454545454544}],"partyVotes":{"LIB":108,"CPC":35,"BQ":0,"NDP":30,"GRN":3,"PPC":0,"OTH":0}}},"geometry":{"type":"Polygon","coordinates":[[[612.39,77.16],[612.4,77.17],[612.39,77.17],[612.38,77.18],[612.36,77.17],[612.36,77.16],[612.38,77.16],[612.39,77.16]]]}},{"type":"Feature","id":"35110-93","properties":{"ridingCode":"35110","pollNumber":"93","pollType":"N","advancePollNumber":"606","sourceCode":"93-0","geometryPollNumbers":["93"],"code":"35110-93","resultPollNumbers":["93"],"resultStatus":"exact","result":{"electors":483,"voters":175,"totalVotes":173,"rejected":2,"turnout":36.231884057971016,"winnerId":"julie-dabrusin","winnerPartyId":"LIB","runnerUpId":"ashik-hussain","runnerUpPartyId":"CPC","margin":51.445086705202314,"top":[{"id":"julie-dabrusin","name":"Julie Dabrusin","shortName":"Dabrusin","partyId":"LIB","votes":123,"share":71.09826589595376},{"id":"ashik-hussain","name":"Ashik Hussain","shortName":"Hussain","partyId":"CPC","votes":34,"share":19.653179190751445},{"id":"clare-hacksel","name":"Clare Hacksel","shortName":"Hacksel","partyId":"NDP","votes":15,"share":8.670520231213873},{"id":"silvia-stardust","name":"Silvia Stardust","shortName":"Stardust","partyId":"GRN","votes":1,"share":0.5780346820809248}],"partyVotes":{"LIB":123,"CPC":34,"BQ":0,"NDP":15,"GRN":1,"PPC":0,"OTH":0}}},"geometry":{"type":"Polygon","coordinates":[[[612.29,77.25],[612.28,77.25],[612.3,77.21],[612.31,77.21],[612.3,77.23],[612.31,77.24],[612.3,77.25],[612.3,77.25],[612.29,77.25],[612.29,77.25]]]}},{"type":"Feature","id":"35110-94A+94B","properties":{"ridingCode":"35110","pollNumber":"94A+94B","pollType":"M","advancePollNumber":"606","sourceCode":"501-0","geometryPollNumbers":["94","501"],"code":"35110-94A+94B","resultPollNumbers":["94A","94B"],"resultStatus":"resolved-combination","result":{"electors":436,"voters":199,"totalVotes":192,"rejected":7,"turnout":45.642201834862384,"winnerId":"julie-dabrusin","winnerPartyId":"LIB","runnerUpId":"ashik-hussain","runnerUpPartyId":"CPC","margin":33.85416666666667,"top":[{"id":"julie-dabrusin","name":"Julie Dabrusin","shortName":"Dabrusin","partyId":"LIB","votes":111,"share":57.8125},{"id":"ashik-hussain","name":"Ashik Hussain","shortName":"Hussain","partyId":"CPC","votes":46,"share":23.958333333333336},{"id":"clare-hacksel","name":"Clare Hacksel","shortName":"Hacksel","partyId":"NDP","votes":25,"share":13.020833333333334},{"id":"silvia-stardust","name":"Silvia Stardust","shortName":"Stardust","partyId":"GRN","votes":7,"share":3.6458333333333335}],"partyVotes":{"LIB":111,"CPC":46,"BQ":0,"NDP":25,"GRN":7,"PPC":0,"OTH":3}}},"geometry":{"type":"MultiPolygon","coordinates":[[[[612.32,77.24],[612.32,77.24],[612.32,77.24],[612.32,77.24]]],[[[612.31,77.24],[612.3,77.23],[612.31,77.21],[612.33,77.22],[612.32,77.24],[612.32,77.24],[612.32,77.24],[612.31,77.25],[612.31,77.25],[612.3,77.25],[612.31,77.24]]]]}},{"type":"Feature","id":"35110-95","properties":{"ridingCode":"35110","pollNumber":"95","pollType":"N","advancePollNumber":"607","sourceCode":"95-0","geometryPollNumbers":["95"],"code":"35110-95","resultPollNumbers":["95"],"resultStatus":"exact","result":{"electors":489,"voters":248,"totalVotes":248,"rejected":0,"turnout":50.715746421267895,"winnerId":"julie-dabrusin","winnerPartyId":"LIB","runnerUpId":"ashik-hussain","runnerUpPartyId":"CPC","margin":51.61290322580645,"top":[{"id":"julie-dabrusin","name":"Julie Dabrusin","shortName":"Dabrusin","partyId":"LIB","votes":176,"share":70.96774193548387},{"id":"ashik-hussain","name":"Ashik Hussain","shortName":"Hussain","partyId":"CPC","votes":48,"share":19.35483870967742},{"id":"clare-hacksel","name":"Clare Hacksel","shortName":"Hacksel","partyId":"NDP","votes":21,"share":8.46774193548387},{"id":"silvia-stardust","name":"Silvia Stardust","shortName":"Stardust","partyId":"GRN","votes":2,"share":0.8064516129032258}],"partyVotes":{"LIB":176,"CPC":48,"BQ":0,"NDP":21,"GRN":2,"PPC":0,"OTH":1}}},"geometry":{"type":"Polygon","coordinates":[[[612.27,77.19],[612.29,77.16],[612.31,77.17],[612.29,77.2],[612.29,77.2],[612.28,77.19],[612.27,77.19]]]}},{"type":"Feature","id":"35110-96","properties":{"ridingCode":"35110","pollNumber":"96","pollType":"N","advancePollNumber":"607","sourceCode":"96-0","geometryPollNumbers":["96"],"code":"35110-96","resultPollNumbers":["96"],"resultStatus":"exact","result":{"electors":397,"voters":177,"totalVotes":177,"rejected":0,"turnout":44.584382871536526,"winnerId":"julie-dabrusin","winnerPartyId":"LIB","runnerUpId":"ashik-hussain","runnerUpPartyId":"CPC","margin":46.32768361581921,"top":[{"id":"julie-dabrusin","name":"Julie Dabrusin","shortName":"Dabrusin","partyId":"LIB","votes":122,"share":68.92655367231639},{"id":"ashik-hussain","name":"Ashik Hussain","shortName":"Hussain","partyId":"CPC","votes":40,"share":22.598870056497177},{"id":"clare-hacksel","name":"Clare Hacksel","shortName":"Hacksel","partyId":"NDP","votes":12,"share":6.779661016949152},{"id":"silvia-stardust","name":"Silvia Stardust","shortName":"Stardust","partyId":"GRN","votes":3,"share":1.694915254237288}],"partyVotes":{"LIB":122,"CPC":40,"BQ":0,"NDP":12,"GRN":3,"PPC":0,"OTH":0}}},"geometry":{"type":"Polygon","coordinates":[[[612.3,77.21],[612.29,77.2],[612.31,77.17],[612.33,77.15],[612.33,77.14],[612.35,77.15],[612.33,77.17],[612.35,77.18],[612.35,77.19],[612.33,77.18],[612.31,77.21],[612.3,77.21]]]}},{"type":"Feature","id":"35110-97","properties":{"ridingCode":"35110","pollNumber":"97","pollType":"N","advancePollNumber":"607","sourceCode":"97-0","geometryPollNumbers":["97"],"code":"35110-97","resultPollNumbers":["97"],"resultStatus":"exact","result":{"electors":547,"voters":223,"totalVotes":223,"rejected":0,"turnout":40.76782449725777,"winnerId":"julie-dabrusin","winnerPartyId":"LIB","runnerUpId":"ashik-hussain","runnerUpPartyId":"CPC","margin":46.18834080717489,"top":[{"id":"julie-dabrusin","name":"Julie Dabrusin","shortName":"Dabrusin","partyId":"LIB","votes":142,"share":63.67713004484305},{"id":"ashik-hussain","name":"Ashik Hussain","shortName":"Hussain","partyId":"CPC","votes":39,"share":17.48878923766816},{"id":"clare-hacksel","name":"Clare Hacksel","shortName":"Hacksel","partyId":"NDP","votes":38,"share":17.040358744394617},{"id":"silvia-stardust","name":"Silvia Stardust","shortName":"Stardust","partyId":"GRN","votes":4,"share":1.7937219730941705}],"partyVotes":{"LIB":142,"CPC":39,"BQ":0,"NDP":38,"GRN":4,"PPC":0,"OTH":0}}},"geometry":{"type":"Polygon","coordinates":[[[612.25,77.17],[612.27,77.18],[612.27,77.17],[612.24,77.15],[612.25,77.15],[612.26,77.16],[612.28,77.16],[612.28,77.15],[612.29,77.16],[612.27,77.19],[612.27,77.19],[612.26,77.18],[612.25,77.17],[612.25,77.17]]]}},{"type":"Feature","id":"35110-98","properties":{"ridingCode":"35110","pollNumber":"98","pollType":"N","advancePollNumber":"607","sourceCode":"98-0","geometryPollNumbers":["98"],"code":"35110-98","resultPollNumbers":["98"],"resultStatus":"exact","result":{"electors":453,"voters":180,"totalVotes":178,"rejected":2,"turnout":39.735099337748345,"winnerId":"julie-dabrusin","winnerPartyId":"LIB","runnerUpId":"clare-hacksel","runnerUpPartyId":"NDP","margin":55.0561797752809,"top":[{"id":"julie-dabrusin","name":"Julie Dabrusin","shortName":"Dabrusin","partyId":"LIB","votes":125,"share":70.2247191011236},{"id":"clare-hacksel","name":"Clare Hacksel","shortName":"Hacksel","partyId":"NDP","votes":27,"share":15.168539325842698},{"id":"ashik-hussain","name":"Ashik Hussain","shortName":"Hussain","partyId":"CPC","votes":24,"share":13.48314606741573},{"id":"silvia-stardust","name":"Silvia Stardust","shortName":"Stardust","partyId":"GRN","votes":2,"share":1.1235955056179776}],"partyVotes":{"LIB":125,"CPC":24,"BQ":0,"NDP":27,"GRN":2,"PPC":0,"OTH":0}}},"geometry":{"type":"Polygon","coordinates":[[[612.29,77.16],[612.3,77.14],[612.33,77.15],[612.31,77.17],[612.29,77.16]]]}},{"type":"Feature","id":"35110-99","properties":{"ridingCode":"35110","pollNumber":"99","pollType":"N","advancePollNumber":"607","sourceCode":"99-0","geometryPollNumbers":["99"],"code":"35110-99","resultPollNumbers":["99"],"resultStatus":"exact","result":{"electors":356,"voters":127,"totalVotes":127,"rejected":0,"turnout":35.674157303370784,"winnerId":"julie-dabrusin","winnerPartyId":"LIB","runnerUpId":"ashik-hussain","runnerUpPartyId":"CPC","margin":77.95275590551181,"top":[{"id":"julie-dabrusin","name":"Julie Dabrusin","shortName":"Dabrusin","partyId":"LIB","votes":109,"share":85.8267716535433},{"id":"ashik-hussain","name":"Ashik Hussain","shortName":"Hussain","partyId":"CPC","votes":10,"share":7.874015748031496},{"id":"clare-hacksel","name":"Clare Hacksel","shortName":"Hacksel","partyId":"NDP","votes":4,"share":3.149606299212598},{"id":"silvia-stardust","name":"Silvia Stardust","shortName":"Stardust","partyId":"GRN","votes":4,"share":3.149606299212598}],"partyVotes":{"LIB":109,"CPC":10,"BQ":0,"NDP":4,"GRN":4,"PPC":0,"OTH":0}}},"geometry":{"type":"Polygon","coordinates":[[[612.28,77.15],[612.28,77.14],[612.29,77.14],[612.29,77.13],[612.3,77.13],[612.3,77.13],[612.31,77.13],[612.3,77.14],[612.29,77.16],[612.28,77.15],[612.28,77.16],[612.26,77.16],[612.27,77.15],[612.28,77.15]]]}},{"type":"Feature","id":"35110-100","properties":{"ridingCode":"35110","pollNumber":"100","pollType":"N","advancePollNumber":"607","sourceCode":"100-0","geometryPollNumbers":["100"],"code":"35110-100","resultPollNumbers":["100"],"resultStatus":"exact","result":{"electors":477,"voters":163,"totalVotes":163,"rejected":0,"turnout":34.17190775681342,"winnerId":"julie-dabrusin","winnerPartyId":"LIB","runnerUpId":"clare-hacksel","runnerUpPartyId":"NDP","margin":49.693251533742334,"top":[{"id":"julie-dabrusin","name":"Julie Dabrusin","shortName":"Dabrusin","partyId":"LIB","votes":108,"share":66.25766871165644},{"id":"clare-hacksel","name":"Clare Hacksel","shortName":"Hacksel","partyId":"NDP","votes":27,"share":16.56441717791411},{"id":"ashik-hussain","name":"Ashik Hussain","shortName":"Hussain","partyId":"CPC","votes":26,"share":15.950920245398773},{"id":"silvia-stardust","name":"Silvia Stardust","shortName":"Stardust","partyId":"GRN","votes":1,"share":0.6134969325153374}],"partyVotes":{"LIB":108,"CPC":26,"BQ":0,"NDP":27,"GRN":1,"PPC":0,"OTH":1}}},"geometry":{"type":"Polygon","coordinates":[[[612.26,77.14],[612.28,77.12],[612.29,77.13],[612.29,77.14],[612.28,77.14],[612.28,77.15],[612.27,77.15],[612.26,77.14]]]}},{"type":"Feature","id":"35110-101","properties":{"ridingCode":"35110","pollNumber":"101","pollType":"N","advancePollNumber":"605","sourceCode":"101-0","geometryPollNumbers":["101"],"code":"35110-101","resultPollNumbers":["101"],"resultStatus":"exact","result":{"electors":365,"voters":117,"totalVotes":116,"rejected":1,"turnout":32.054794520547944,"winnerId":"julie-dabrusin","winnerPartyId":"LIB","runnerUpId":"ashik-hussain","runnerUpPartyId":"CPC","margin":48.275862068965516,"top":[{"id":"julie-dabrusin","name":"Julie Dabrusin","shortName":"Dabrusin","partyId":"LIB","votes":84,"share":72.41379310344827},{"id":"ashik-hussain","name":"Ashik Hussain","shortName":"Hussain","partyId":"CPC","votes":28,"share":24.137931034482758},{"id":"clare-hacksel","name":"Clare Hacksel","shortName":"Hacksel","partyId":"NDP","votes":2,"share":1.7241379310344827},{"id":"silvia-stardust","name":"Silvia Stardust","shortName":"Stardust","partyId":"GRN","votes":2,"share":1.7241379310344827}],"partyVotes":{"LIB":84,"CPC":28,"BQ":0,"NDP":2,"GRN":2,"PPC":0,"OTH":0}}},"geometry":{"type":"Polygon","coordinates":[[[612.33,77.17],[612.35,77.15],[612.36,77.16],[612.36,77.17],[612.35,77.18],[612.33,77.17]]]}},{"type":"Feature","id":"35110-102","properties":{"ridingCode":"35110","pollNumber":"102","pollType":"N","advancePollNumber":"607","sourceCode":"102-0","geometryPollNumbers":["102"],"code":"35110-102","resultPollNumbers":["102"],"resultStatus":"exact","result":{"electors":430,"voters":209,"totalVotes":208,"rejected":1,"turnout":48.604651162790695,"winnerId":"julie-dabrusin","winnerPartyId":"LIB","runnerUpId":"clare-hacksel","runnerUpPartyId":"NDP","margin":26.442307692307693,"top":[{"id":"julie-dabrusin","name":"Julie Dabrusin","shortName":"Dabrusin","partyId":"LIB","votes":115,"share":55.28846153846154},{"id":"clare-hacksel","name":"Clare Hacksel","shortName":"Hacksel","partyId":"NDP","votes":60,"share":28.846153846153843},{"id":"ashik-hussain","name":"Ashik Hussain","shortName":"Hussain","partyId":"CPC","votes":26,"share":12.5},{"id":"silvia-stardust","name":"Silvia Stardust","shortName":"Stardust","partyId":"GRN","votes":5,"share":2.403846153846154}],"partyVotes":{"LIB":115,"CPC":26,"BQ":0,"NDP":60,"GRN":5,"PPC":0,"OTH":2}}},"geometry":{"type":"Polygon","coordinates":[[[612.31,77.13],[612.31,77.13],[612.33,77.14],[612.33,77.14],[612.33,77.15],[612.3,77.14],[612.31,77.13],[612.31,77.13]]]}},{"type":"Feature","id":"35110-103","properties":{"ridingCode":"35110","pollNumber":"103","pollType":"N","advancePollNumber":"607","sourceCode":"103-0","geometryPollNumbers":["103"],"code":"35110-103","resultPollNumbers":["103"],"resultStatus":"exact","result":{"electors":324,"voters":220,"totalVotes":220,"rejected":0,"turnout":67.90123456790124,"winnerId":"julie-dabrusin","winnerPartyId":"LIB","runnerUpId":"clare-hacksel","runnerUpPartyId":"NDP","margin":56.81818181818182,"top":[{"id":"julie-dabrusin","name":"Julie Dabrusin","shortName":"Dabrusin","partyId":"LIB","votes":157,"share":71.36363636363636},{"id":"clare-hacksel","name":"Clare Hacksel","shortName":"Hacksel","partyId":"NDP","votes":32,"share":14.545454545454545},{"id":"ashik-hussain","name":"Ashik Hussain","shortName":"Hussain","partyId":"CPC","votes":29,"share":13.18181818181818},{"id":"silvia-stardust","name":"Silvia Stardust","shortName":"Stardust","partyId":"GRN","votes":2,"share":0.9090909090909091}],"partyVotes":{"LIB":157,"CPC":29,"BQ":0,"NDP":32,"GRN":2,"PPC":0,"OTH":0}}},"geometry":{"type":"Polygon","coordinates":[[[612.26,77.16],[612.25,77.15],[612.26,77.14],[612.26,77.16]]]}},{"type":"Feature","id":"35110-104","properties":{"ridingCode":"35110","pollNumber":"104","pollType":"N","advancePollNumber":"607","sourceCode":"104-0","geometryPollNumbers":["104"],"code":"35110-104","resultPollNumbers":["104"],"resultStatus":"exact","result":{"electors":324,"voters":233,"totalVotes":233,"rejected":0,"turnout":71.91358024691358,"winnerId":"julie-dabrusin","winnerPartyId":"LIB","runnerUpId":"clare-hacksel","runnerUpPartyId":"NDP","margin":45.493562231759654,"top":[{"id":"julie-dabrusin","name":"Julie Dabrusin","shortName":"Dabrusin","partyId":"LIB","votes":152,"share":65.23605150214593},{"id":"clare-hacksel","name":"Clare Hacksel","shortName":"Hacksel","partyId":"NDP","votes":46,"share":19.742489270386265},{"id":"ashik-hussain","name":"Ashik Hussain","shortName":"Hussain","partyId":"CPC","votes":31,"share":13.304721030042918},{"id":"silvia-stardust","name":"Silvia Stardust","shortName":"Stardust","partyId":"GRN","votes":2,"share":0.8583690987124464}],"partyVotes":{"LIB":152,"CPC":31,"BQ":0,"NDP":46,"GRN":2,"PPC":0,"OTH":2}}},"geometry":{"type":"Polygon","coordinates":[[[612.26,77.14],[612.27,77.15],[612.26,77.16],[612.26,77.14]]]}},{"type":"Feature","id":"35110-105","properties":{"ridingCode":"35110","pollNumber":"105","pollType":"N","advancePollNumber":"608","sourceCode":"105-0","geometryPollNumbers":["105"],"code":"35110-105","resultPollNumbers":["105"],"resultStatus":"exact","result":{"electors":434,"voters":167,"totalVotes":167,"rejected":0,"turnout":38.47926267281106,"winnerId":"julie-dabrusin","winnerPartyId":"LIB","runnerUpId":"clare-hacksel","runnerUpPartyId":"NDP","margin":38.92215568862276,"top":[{"id":"julie-dabrusin","name":"Julie Dabrusin","shortName":"Dabrusin","partyId":"LIB","votes":101,"share":60.47904191616767},{"id":"clare-hacksel","name":"Clare Hacksel","shortName":"Hacksel","partyId":"NDP","votes":36,"share":21.55688622754491},{"id":"ashik-hussain","name":"Ashik Hussain","shortName":"Hussain","partyId":"CPC","votes":28,"share":16.766467065868262},{"id":"silvia-stardust","name":"Silvia Stardust","shortName":"Stardust","partyId":"GRN","votes":2,"share":1.1976047904191618}],"partyVotes":{"LIB":101,"CPC":28,"BQ":0,"NDP":36,"GRN":2,"PPC":0,"OTH":0}}},"geometry":{"type":"Polygon","coordinates":[[[612.44,77.18],[612.45,77.18],[612.47,77.19],[612.45,77.21],[612.41,77.16],[612.41,77.16],[612.43,77.17],[612.43,77.17],[612.44,77.18]]]}},{"type":"Feature","id":"35110-106","properties":{"ridingCode":"35110","pollNumber":"106","pollType":"N","advancePollNumber":"608","sourceCode":"106-0","geometryPollNumbers":["106"],"code":"35110-106","resultPollNumbers":["106"],"resultStatus":"exact","result":{"electors":358,"voters":138,"totalVotes":136,"rejected":2,"turnout":38.547486033519554,"winnerId":"julie-dabrusin","winnerPartyId":"LIB","runnerUpId":"ashik-hussain","runnerUpPartyId":"CPC","margin":52.20588235294118,"top":[{"id":"julie-dabrusin","name":"Julie Dabrusin","shortName":"Dabrusin","partyId":"LIB","votes":95,"share":69.85294117647058},{"id":"ashik-hussain","name":"Ashik Hussain","shortName":"Hussain","partyId":"CPC","votes":24,"share":17.647058823529413},{"id":"clare-hacksel","name":"Clare Hacksel","shortName":"Hacksel","partyId":"NDP","votes":15,"share":11.029411764705882},{"id":"silvia-stardust","name":"Silvia Stardust","shortName":"Stardust","partyId":"GRN","votes":2,"share":1.4705882352941175}],"partyVotes":{"LIB":95,"CPC":24,"BQ":0,"NDP":15,"GRN":2,"PPC":0,"OTH":0}}},"geometry":{"type":"Polygon","coordinates":[[[612.45,77.18],[612.46,77.16],[612.48,77.17],[612.47,77.19],[612.45,77.18]]]}},{"type":"Feature","id":"35110-107","properties":{"ridingCode":"35110","pollNumber":"107","pollType":"N","advancePollNumber":"608","sourceCode":"107-0","geometryPollNumbers":["107"],"code":"35110-107","resultPollNumbers":["107"],"resultStatus":"exact","result":{"electors":437,"voters":181,"totalVotes":181,"rejected":0,"turnout":41.41876430205949,"winnerId":"julie-dabrusin","winnerPartyId":"LIB","runnerUpId":"ashik-hussain","runnerUpPartyId":"CPC","margin":46.408839779005525,"top":[{"id":"julie-dabrusin","name":"Julie Dabrusin","shortName":"Dabrusin","partyId":"LIB","votes":121,"share":66.85082872928176},{"id":"ashik-hussain","name":"Ashik Hussain","shortName":"Hussain","partyId":"CPC","votes":37,"share":20.441988950276244},{"id":"clare-hacksel","name":"Clare Hacksel","shortName":"Hacksel","partyId":"NDP","votes":21,"share":11.602209944751381},{"id":"silvia-stardust","name":"Silvia Stardust","shortName":"Stardust","partyId":"GRN","votes":1,"share":0.5524861878453038}],"partyVotes":{"LIB":121,"CPC":37,"BQ":0,"NDP":21,"GRN":1,"PPC":0,"OTH":1}}},"geometry":{"type":"Polygon","coordinates":[[[612.45,77.18],[612.44,77.18],[612.43,77.17],[612.43,77.17],[612.43,77.17],[612.44,77.17],[612.45,77.16],[612.45,77.15],[612.46,77.14],[612.47,77.15],[612.46,77.16],[612.45,77.18]]]}},{"type":"Feature","id":"35110-108","properties":{"ridingCode":"35110","pollNumber":"108","pollType":"N","advancePollNumber":"608","sourceCode":"108-0","geometryPollNumbers":["108"],"code":"35110-108","resultPollNumbers":["108"],"resultStatus":"exact","result":{"electors":385,"voters":166,"totalVotes":166,"rejected":0,"turnout":43.116883116883116,"winnerId":"julie-dabrusin","winnerPartyId":"LIB","runnerUpId":"ashik-hussain","runnerUpPartyId":"CPC","margin":38.55421686746988,"top":[{"id":"julie-dabrusin","name":"Julie Dabrusin","shortName":"Dabrusin","partyId":"LIB","votes":99,"share":59.63855421686747},{"id":"ashik-hussain","name":"Ashik Hussain","shortName":"Hussain","partyId":"CPC","votes":35,"share":21.084337349397593},{"id":"clare-hacksel","name":"Clare Hacksel","shortName":"Hacksel","partyId":"NDP","votes":28,"share":16.867469879518072},{"id":"silvia-stardust","name":"Silvia Stardust","shortName":"Stardust","partyId":"GRN","votes":4,"share":2.4096385542168677}],"partyVotes":{"LIB":99,"CPC":35,"BQ":0,"NDP":28,"GRN":4,"PPC":0,"OTH":0}}},"geometry":{"type":"Polygon","coordinates":[[[612.43,77.17],[612.43,77.17],[612.41,77.16],[612.42,77.14],[612.44,77.15],[612.45,77.15],[612.45,77.16],[612.44,77.17],[612.43,77.17]]]}},{"type":"Feature","id":"35110-109","properties":{"ridingCode":"35110","pollNumber":"109","pollType":"N","advancePollNumber":"609","sourceCode":"109-0","geometryPollNumbers":["109"],"code":"35110-109","resultPollNumbers":["109"],"resultStatus":"exact","result":{"electors":338,"voters":115,"totalVotes":115,"rejected":0,"turnout":34.023668639053255,"winnerId":"julie-dabrusin","winnerPartyId":"LIB","runnerUpId":"clare-hacksel","runnerUpPartyId":"NDP","margin":41.73913043478261,"top":[{"id":"julie-dabrusin","name":"Julie Dabrusin","shortName":"Dabrusin","partyId":"LIB","votes":72,"share":62.60869565217392},{"id":"clare-hacksel","name":"Clare Hacksel","shortName":"Hacksel","partyId":"NDP","votes":24,"share":20.869565217391305},{"id":"ashik-hussain","name":"Ashik Hussain","shortName":"Hussain","partyId":"CPC","votes":16,"share":13.91304347826087},{"id":"liz-white","name":"Liz White","shortName":"White","partyId":"OTH","votes":2,"share":1.7391304347826086}],"partyVotes":{"LIB":72,"CPC":16,"BQ":0,"NDP":24,"GRN":1,"PPC":0,"OTH":2}}},"geometry":{"type":"Polygon","coordinates":[[[612.48,77.13],[612.49,77.14],[612.51,77.1],[612.51,77.11],[612.5,77.13],[612.49,77.16],[612.48,77.16],[612.48,77.17],[612.46,77.16],[612.47,77.15],[612.48,77.13]]]}},{"type":"Feature","id":"35110-110","properties":{"ridingCode":"35110","pollNumber":"110","pollType":"N","advancePollNumber":"608","sourceCode":"110-0","geometryPollNumbers":["110"],"code":"35110-110","resultPollNumbers":["110"],"resultStatus":"exact","result":{"electors":332,"voters":107,"totalVotes":106,"rejected":1,"turnout":32.22891566265061,"winnerId":"julie-dabrusin","winnerPartyId":"LIB","runnerUpId":"clare-hacksel","runnerUpPartyId":"NDP","margin":33.9622641509434,"top":[{"id":"julie-dabrusin","name":"Julie Dabrusin","shortName":"Dabrusin","partyId":"LIB","votes":59,"share":55.660377358490564},{"id":"clare-hacksel","name":"Clare Hacksel","shortName":"Hacksel","partyId":"NDP","votes":23,"share":21.69811320754717},{"id":"ashik-hussain","name":"Ashik Hussain","shortName":"Hussain","partyId":"CPC","votes":21,"share":19.81132075471698},{"id":"liz-white","name":"Liz White","shortName":"White","partyId":"OTH","votes":3,"share":2.8301886792452833}],"partyVotes":{"LIB":59,"CPC":21,"BQ":0,"NDP":23,"GRN":0,"PPC":0,"OTH":3}}},"geometry":{"type":"Polygon","coordinates":[[[612.42,77.14],[612.43,77.13],[612.45,77.14],[612.44,77.15],[612.42,77.14]]]}},{"type":"Feature","id":"35110-111","properties":{"ridingCode":"35110","pollNumber":"111","pollType":"N","advancePollNumber":"608","sourceCode":"111-0","geometryPollNumbers":["111"],"code":"35110-111","resultPollNumbers":["111"],"resultStatus":"exact","result":{"electors":423,"voters":175,"totalVotes":173,"rejected":2,"turnout":41.371158392434985,"winnerId":"julie-dabrusin","winnerPartyId":"LIB","runnerUpId":"ashik-hussain","runnerUpPartyId":"CPC","margin":41.040462427745666,"top":[{"id":"julie-dabrusin","name":"Julie Dabrusin","shortName":"Dabrusin","partyId":"LIB","votes":111,"share":64.16184971098265},{"id":"ashik-hussain","name":"Ashik Hussain","shortName":"Hussain","partyId":"CPC","votes":40,"share":23.121387283236995},{"id":"clare-hacksel","name":"Clare Hacksel","shortName":"Hacksel","partyId":"NDP","votes":21,"share":12.138728323699421},{"id":"silvia-stardust","name":"Silvia Stardust","shortName":"Stardust","partyId":"GRN","votes":1,"share":0.5780346820809248}],"partyVotes":{"LIB":111,"CPC":40,"BQ":0,"NDP":21,"GRN":1,"PPC":0,"OTH":0}}},"geometry":{"type":"Polygon","coordinates":[[[612.46,77.14],[612.45,77.15],[612.44,77.15],[612.45,77.14],[612.46,77.12],[612.48,77.13],[612.47,77.15],[612.46,77.14]]]}},{"type":"Feature","id":"35110-112","properties":{"ridingCode":"35110","pollNumber":"112","pollType":"N","advancePollNumber":"605","sourceCode":"112-0","geometryPollNumbers":["112"],"code":"35110-112","resultPollNumbers":["112"],"resultStatus":"exact","result":{"electors":403,"voters":151,"totalVotes":151,"rejected":0,"turnout":37.468982630272954,"winnerId":"julie-dabrusin","winnerPartyId":"LIB","runnerUpId":"ashik-hussain","runnerUpPartyId":"CPC","margin":41.72185430463576,"top":[{"id":"julie-dabrusin","name":"Julie Dabrusin","shortName":"Dabrusin","partyId":"LIB","votes":94,"share":62.251655629139066},{"id":"ashik-hussain","name":"Ashik Hussain","shortName":"Hussain","partyId":"CPC","votes":31,"share":20.52980132450331},{"id":"clare-hacksel","name":"Clare Hacksel","shortName":"Hacksel","partyId":"NDP","votes":22,"share":14.56953642384106},{"id":"silvia-stardust","name":"Silvia Stardust","shortName":"Stardust","partyId":"GRN","votes":3,"share":1.9867549668874174}],"partyVotes":{"LIB":94,"CPC":31,"BQ":0,"NDP":22,"GRN":3,"PPC":0,"OTH":1}}},"geometry":{"type":"Polygon","coordinates":[[[612.37,77.16],[612.38,77.13],[612.38,77.13],[612.38,77.13],[612.38,77.13],[612.41,77.16],[612.4,77.17],[612.4,77.17],[612.39,77.16],[612.38,77.16],[612.37,77.16]]]}},{"type":"Feature","id":"35110-113","properties":{"ridingCode":"35110","pollNumber":"113","pollType":"N","advancePollNumber":"606","sourceCode":"113-0","geometryPollNumbers":["113"],"code":"35110-113","resultPollNumbers":["113"],"resultStatus":"exact","result":{"electors":395,"voters":177,"totalVotes":177,"rejected":0,"turnout":44.81012658227848,"winnerId":"julie-dabrusin","winnerPartyId":"LIB","runnerUpId":"ashik-hussain","runnerUpPartyId":"CPC","margin":58.19209039548022,"top":[{"id":"julie-dabrusin","name":"Julie Dabrusin","shortName":"Dabrusin","partyId":"LIB","votes":127,"share":71.75141242937853},{"id":"ashik-hussain","name":"Ashik Hussain","shortName":"Hussain","partyId":"CPC","votes":24,"share":13.559322033898304},{"id":"clare-hacksel","name":"Clare Hacksel","shortName":"Hacksel","partyId":"NDP","votes":21,"share":11.864406779661017},{"id":"silvia-stardust","name":"Silvia Stardust","shortName":"Stardust","partyId":"GRN","votes":3,"share":1.694915254237288}],"partyVotes":{"LIB":127,"CPC":24,"BQ":0,"NDP":21,"GRN":3,"PPC":0,"OTH":2}}},"geometry":{"type":"Polygon","coordinates":[[[612.23,77.19],[612.22,77.19],[612.22,77.18],[612.22,77.18],[612.22,77.17],[612.22,77.16],[612.23,77.16],[612.23,77.16],[612.23,77.16],[612.25,77.17],[612.26,77.18],[612.25,77.19],[612.25,77.19],[612.24,77.19],[612.23,77.19]]]}},{"type":"Feature","id":"35110-114","properties":{"ridingCode":"35110","pollNumber":"114","pollType":"N","advancePollNumber":"606","sourceCode":"114-0","geometryPollNumbers":["114"],"code":"35110-114","resultPollNumbers":["114"],"resultStatus":"exact","result":{"electors":407,"voters":150,"totalVotes":149,"rejected":1,"turnout":36.85503685503686,"winnerId":"julie-dabrusin","winnerPartyId":"LIB","runnerUpId":"ashik-hussain","runnerUpPartyId":"CPC","margin":40.26845637583892,"top":[{"id":"julie-dabrusin","name":"Julie Dabrusin","shortName":"Dabrusin","partyId":"LIB","votes":90,"share":60.40268456375839},{"id":"ashik-hussain","name":"Ashik Hussain","shortName":"Hussain","partyId":"CPC","votes":30,"share":20.13422818791946},{"id":"clare-hacksel","name":"Clare Hacksel","shortName":"Hacksel","partyId":"NDP","votes":24,"share":16.10738255033557},{"id":"silvia-stardust","name":"Silvia Stardust","shortName":"Stardust","partyId":"GRN","votes":3,"share":2.013422818791946}],"partyVotes":{"LIB":90,"CPC":30,"BQ":0,"NDP":24,"GRN":3,"PPC":0,"OTH":2}}},"geometry":{"type":"Polygon","coordinates":[[[612.2,77.19],[612.18,77.18],[612.19,77.18],[612.19,77.17],[612.18,77.16],[612.2,77.15],[612.22,77.16],[612.22,77.17],[612.22,77.18],[612.22,77.18],[612.22,77.18],[612.22,77.18],[612.22,77.19],[612.22,77.2],[612.2,77.19],[612.2,77.19]]]}},{"type":"Feature","id":"35110-115A","properties":{"ridingCode":"35110","pollNumber":"115A","pollType":"N","advancePollNumber":"607","sourceCode":"115-0","geometryPollNumbers":["115"],"code":"35110-115A","resultPollNumbers":["115A"],"resultStatus":"resolved-combination","result":{"electors":443,"voters":145,"totalVotes":144,"rejected":1,"turnout":32.731376975169304,"winnerId":"julie-dabrusin","winnerPartyId":"LIB","runnerUpId":"clare-hacksel","runnerUpPartyId":"NDP","margin":39.58333333333333,"top":[{"id":"julie-dabrusin","name":"Julie Dabrusin","shortName":"Dabrusin","partyId":"LIB","votes":87,"share":60.416666666666664},{"id":"clare-hacksel","name":"Clare Hacksel","shortName":"Hacksel","partyId":"NDP","votes":30,"share":20.833333333333336},{"id":"ashik-hussain","name":"Ashik Hussain","shortName":"Hussain","partyId":"CPC","votes":24,"share":16.666666666666664},{"id":"liz-white","name":"Liz White","shortName":"White","partyId":"OTH","votes":2,"share":1.3888888888888888}],"partyVotes":{"LIB":87,"CPC":24,"BQ":0,"NDP":30,"GRN":1,"PPC":0,"OTH":2}}},"geometry":{"type":"Polygon","coordinates":[[[612.2,77.15],[612.2,77.14],[612.21,77.13],[612.23,77.12],[612.24,77.1],[612.26,77.09],[612.26,77.09],[612.28,77.05],[612.31,77.07],[612.3,77.07],[612.3,77.08],[612.29,77.09],[612.29,77.1],[612.29,77.11],[612.28,77.12],[612.26,77.14],[612.25,77.15],[612.24,77.15],[612.27,77.17],[612.27,77.18],[612.25,77.17],[612.25,77.17],[612.23,77.16],[612.23,77.16],[612.22,77.16],[612.2,77.15]]]}},{"type":"Feature","id":"35110-116","properties":{"ridingCode":"35110","pollNumber":"116","pollType":"N","advancePollNumber":"604","sourceCode":"116-0","geometryPollNumbers":["116"],"code":"35110-116","resultPollNumbers":["116"],"resultStatus":"exact","result":{"electors":454,"voters":208,"totalVotes":208,"rejected":0,"turnout":45.81497797356828,"winnerId":"julie-dabrusin","winnerPartyId":"LIB","runnerUpId":"clare-hacksel","runnerUpPartyId":"NDP","margin":30.76923076923077,"top":[{"id":"julie-dabrusin","name":"Julie Dabrusin","shortName":"Dabrusin","partyId":"LIB","votes":116,"share":55.769230769230774},{"id":"clare-hacksel","name":"Clare Hacksel","shortName":"Hacksel","partyId":"NDP","votes":52,"share":25},{"id":"ashik-hussain","name":"Ashik Hussain","shortName":"Hussain","partyId":"CPC","votes":33,"share":15.865384615384615},{"id":"silvia-stardust","name":"Silvia Stardust","shortName":"Stardust","partyId":"GRN","votes":5,"share":2.403846153846154}],"partyVotes":{"LIB":116,"CPC":33,"BQ":0,"NDP":52,"GRN":5,"PPC":0,"OTH":2}}},"geometry":{"type":"Polygon","coordinates":[[[612.49,77.21],[612.49,77.22],[612.48,77.21],[612.5,77.18],[612.5,77.19],[612.52,77.2],[612.51,77.22],[612.49,77.21]]]}},{"type":"Feature","id":"35110-117","properties":{"ridingCode":"35110","pollNumber":"117","pollType":"N","advancePollNumber":"604","sourceCode":"117-0","geometryPollNumbers":["117"],"code":"35110-117","resultPollNumbers":["117"],"resultStatus":"exact","result":{"electors":487,"voters":199,"totalVotes":197,"rejected":2,"turnout":40.86242299794661,"winnerId":"julie-dabrusin","winnerPartyId":"LIB","runnerUpId":"clare-hacksel","runnerUpPartyId":"NDP","margin":35.025380710659896,"top":[{"id":"julie-dabrusin","name":"Julie Dabrusin","shortName":"Dabrusin","partyId":"LIB","votes":110,"share":55.83756345177665},{"id":"clare-hacksel","name":"Clare Hacksel","shortName":"Hacksel","partyId":"NDP","votes":41,"share":20.812182741116754},{"id":"ashik-hussain","name":"Ashik Hussain","shortName":"Hussain","partyId":"CPC","votes":39,"share":19.796954314720814},{"id":"silvia-stardust","name":"Silvia Stardust","shortName":"Stardust","partyId":"GRN","votes":6,"share":3.0456852791878175}],"partyVotes":{"LIB":110,"CPC":39,"BQ":0,"NDP":41,"GRN":6,"PPC":0,"OTH":1}}},"geometry":{"type":"Polygon","coordinates":[[[612.48,77.21],[612.47,77.21],[612.48,77.18],[612.5,77.18],[612.48,77.21]]]}},{"type":"Feature","id":"35110-118","properties":{"ridingCode":"35110","pollNumber":"118","pollType":"N","advancePollNumber":"609","sourceCode":"118-0","geometryPollNumbers":["118"],"code":"35110-118","resultPollNumbers":["118"],"resultStatus":"exact","result":{"electors":422,"voters":158,"totalVotes":156,"rejected":2,"turnout":37.44075829383886,"winnerId":"julie-dabrusin","winnerPartyId":"LIB","runnerUpId":"clare-hacksel","runnerUpPartyId":"NDP","margin":41.66666666666667,"top":[{"id":"julie-dabrusin","name":"Julie Dabrusin","shortName":"Dabrusin","partyId":"LIB","votes":95,"share":60.89743589743589},{"id":"clare-hacksel","name":"Clare Hacksel","shortName":"Hacksel","partyId":"NDP","votes":30,"share":19.230769230769234},{"id":"ashik-hussain","name":"Ashik Hussain","shortName":"Hussain","partyId":"CPC","votes":29,"share":18.58974358974359},{"id":"silvia-stardust","name":"Silvia Stardust","shortName":"Stardust","partyId":"GRN","votes":2,"share":1.282051282051282}],"partyVotes":{"LIB":95,"CPC":29,"BQ":0,"NDP":30,"GRN":2,"PPC":0,"OTH":0}}},"geometry":{"type":"Polygon","coordinates":[[[612.56,77.17],[612.54,77.21],[612.53,77.2],[612.55,77.17],[612.56,77.17]]]}},{"type":"Feature","id":"35110-119","properties":{"ridingCode":"35110","pollNumber":"119","pollType":"N","advancePollNumber":"609","sourceCode":"119-0","geometryPollNumbers":["119"],"code":"35110-119","resultPollNumbers":["119"],"resultStatus":"exact","result":{"electors":519,"voters":218,"totalVotes":217,"rejected":1,"turnout":42.00385356454721,"winnerId":"julie-dabrusin","winnerPartyId":"LIB","runnerUpId":"clare-hacksel","runnerUpPartyId":"NDP","margin":38.24884792626728,"top":[{"id":"julie-dabrusin","name":"Julie Dabrusin","shortName":"Dabrusin","partyId":"LIB","votes":129,"share":59.44700460829493},{"id":"clare-hacksel","name":"Clare Hacksel","shortName":"Hacksel","partyId":"NDP","votes":46,"share":21.19815668202765},{"id":"ashik-hussain","name":"Ashik Hussain","shortName":"Hussain","partyId":"CPC","votes":36,"share":16.589861751152075},{"id":"silvia-stardust","name":"Silvia Stardust","shortName":"Stardust","partyId":"GRN","votes":6,"share":2.7649769585253456}],"partyVotes":{"LIB":129,"CPC":36,"BQ":0,"NDP":46,"GRN":6,"PPC":0,"OTH":0}}},"geometry":{"type":"Polygon","coordinates":[[[612.52,77.2],[612.52,77.2],[612.54,77.16],[612.54,77.16],[612.55,77.17],[612.53,77.2],[612.52,77.2]]]}},{"type":"Feature","id":"35110-120","properties":{"ridingCode":"35110","pollNumber":"120","pollType":"N","advancePollNumber":"609","sourceCode":"120-0","geometryPollNumbers":["120"],"code":"35110-120","resultPollNumbers":["120"],"resultStatus":"exact","result":{"electors":423,"voters":161,"totalVotes":159,"rejected":2,"turnout":38.061465721040186,"winnerId":"julie-dabrusin","winnerPartyId":"LIB","runnerUpId":"ashik-hussain","runnerUpPartyId":"CPC","margin":35.22012578616352,"top":[{"id":"julie-dabrusin","name":"Julie Dabrusin","shortName":"Dabrusin","partyId":"LIB","votes":98,"share":61.63522012578616},{"id":"ashik-hussain","name":"Ashik Hussain","shortName":"Hussain","partyId":"CPC","votes":42,"share":26.41509433962264},{"id":"clare-hacksel","name":"Clare Hacksel","shortName":"Hacksel","partyId":"NDP","votes":15,"share":9.433962264150944},{"id":"silvia-stardust","name":"Silvia Stardust","shortName":"Stardust","partyId":"GRN","votes":2,"share":1.257861635220126}],"partyVotes":{"LIB":98,"CPC":42,"BQ":0,"NDP":15,"GRN":2,"PPC":0,"OTH":2}}},"geometry":{"type":"Polygon","coordinates":[[[612.52,77.2],[612.5,77.19],[612.53,77.15],[612.54,77.16],[612.54,77.16],[612.52,77.2],[612.52,77.2]]]}},{"type":"Feature","id":"35110-121","properties":{"ridingCode":"35110","pollNumber":"121","pollType":"N","advancePollNumber":"609","sourceCode":"121-0","geometryPollNumbers":["121"],"code":"35110-121","resultPollNumbers":["121"],"resultStatus":"exact","result":{"electors":389,"voters":125,"totalVotes":125,"rejected":0,"turnout":32.13367609254499,"winnerId":"julie-dabrusin","winnerPartyId":"LIB","runnerUpId":"ashik-hussain","runnerUpPartyId":"CPC","margin":51.2,"top":[{"id":"julie-dabrusin","name":"Julie Dabrusin","shortName":"Dabrusin","partyId":"LIB","votes":84,"share":67.2},{"id":"ashik-hussain","name":"Ashik Hussain","shortName":"Hussain","partyId":"CPC","votes":20,"share":16},{"id":"clare-hacksel","name":"Clare Hacksel","shortName":"Hacksel","partyId":"NDP","votes":18,"share":14.399999999999999},{"id":"silvia-stardust","name":"Silvia Stardust","shortName":"Stardust","partyId":"GRN","votes":3,"share":2.4}],"partyVotes":{"LIB":84,"CPC":20,"BQ":0,"NDP":18,"GRN":3,"PPC":0,"OTH":0}}},"geometry":{"type":"Polygon","coordinates":[[[612.5,77.18],[612.48,77.18],[612.48,77.17],[612.48,77.16],[612.5,77.18],[612.52,77.15],[612.53,77.15],[612.5,77.19],[612.5,77.18]]]}},{"type":"Feature","id":"35110-122","properties":{"ridingCode":"35110","pollNumber":"122","pollType":"N","advancePollNumber":"609","sourceCode":"122-0","geometryPollNumbers":["122"],"code":"35110-122","resultPollNumbers":["122"],"resultStatus":"exact","result":{"electors":452,"voters":167,"totalVotes":164,"rejected":3,"turnout":36.94690265486726,"winnerId":"julie-dabrusin","winnerPartyId":"LIB","runnerUpId":"ashik-hussain","runnerUpPartyId":"CPC","margin":31.097560975609756,"top":[{"id":"julie-dabrusin","name":"Julie Dabrusin","shortName":"Dabrusin","partyId":"LIB","votes":95,"share":57.92682926829268},{"id":"ashik-hussain","name":"Ashik Hussain","shortName":"Hussain","partyId":"CPC","votes":44,"share":26.82926829268293},{"id":"clare-hacksel","name":"Clare Hacksel","shortName":"Hacksel","partyId":"NDP","votes":23,"share":14.02439024390244},{"id":"silvia-stardust","name":"Silvia Stardust","shortName":"Stardust","partyId":"GRN","votes":1,"share":0.6097560975609756}],"partyVotes":{"LIB":95,"CPC":44,"BQ":0,"NDP":23,"GRN":1,"PPC":0,"OTH":1}}},"geometry":{"type":"Polygon","coordinates":[[[612.52,77.15],[612.5,77.18],[612.48,77.16],[612.49,77.16],[612.49,77.16],[612.5,77.14],[612.52,77.15]]]}},{"type":"Feature","id":"35110-123","properties":{"ridingCode":"35110","pollNumber":"123","pollType":"N","advancePollNumber":"609","sourceCode":"123-0","geometryPollNumbers":["123"],"code":"35110-123","resultPollNumbers":["123"],"resultStatus":"exact","result":{"electors":430,"voters":151,"totalVotes":151,"rejected":0,"turnout":35.116279069767444,"winnerId":"julie-dabrusin","winnerPartyId":"LIB","runnerUpId":"ashik-hussain","runnerUpPartyId":"CPC","margin":34.437086092715234,"top":[{"id":"julie-dabrusin","name":"Julie Dabrusin","shortName":"Dabrusin","partyId":"LIB","votes":95,"share":62.913907284768214},{"id":"ashik-hussain","name":"Ashik Hussain","shortName":"Hussain","partyId":"CPC","votes":43,"share":28.47682119205298},{"id":"clare-hacksel","name":"Clare Hacksel","shortName":"Hacksel","partyId":"NDP","votes":10,"share":6.622516556291391},{"id":"silvia-stardust","name":"Silvia Stardust","shortName":"Stardust","partyId":"GRN","votes":2,"share":1.3245033112582782}],"partyVotes":{"LIB":95,"CPC":43,"BQ":0,"NDP":10,"GRN":2,"PPC":0,"OTH":1}}},"geometry":{"type":"Polygon","coordinates":[[[612.55,77.17],[612.54,77.16],[612.56,77.14],[612.57,77.15],[612.57,77.15],[612.56,77.17],[612.55,77.17]]]}},{"type":"Feature","id":"35110-124","properties":{"ridingCode":"35110","pollNumber":"124","pollType":"N","advancePollNumber":"609","sourceCode":"124-0","geometryPollNumbers":["124"],"code":"35110-124","resultPollNumbers":["124"],"resultStatus":"exact","result":{"electors":403,"voters":136,"totalVotes":136,"rejected":0,"turnout":33.7468982630273,"winnerId":"julie-dabrusin","winnerPartyId":"LIB","runnerUpId":"ashik-hussain","runnerUpPartyId":"CPC","margin":37.5,"top":[{"id":"julie-dabrusin","name":"Julie Dabrusin","shortName":"Dabrusin","partyId":"LIB","votes":82,"share":60.29411764705882},{"id":"ashik-hussain","name":"Ashik Hussain","shortName":"Hussain","partyId":"CPC","votes":31,"share":22.794117647058822},{"id":"clare-hacksel","name":"Clare Hacksel","shortName":"Hacksel","partyId":"NDP","votes":18,"share":13.23529411764706},{"id":"silvia-stardust","name":"Silvia Stardust","shortName":"Stardust","partyId":"GRN","votes":4,"share":2.941176470588235}],"partyVotes":{"LIB":82,"CPC":31,"BQ":0,"NDP":18,"GRN":4,"PPC":0,"OTH":1}}},"geometry":{"type":"Polygon","coordinates":[[[612.49,77.16],[612.5,77.13],[612.52,77.14],[612.52,77.15],[612.5,77.14],[612.49,77.16],[612.49,77.16]]]}},{"type":"Feature","id":"35110-125","properties":{"ridingCode":"35110","pollNumber":"125","pollType":"N","advancePollNumber":"609","sourceCode":"125-0","geometryPollNumbers":["125"],"code":"35110-125","resultPollNumbers":["125"],"resultStatus":"exact","result":{"electors":471,"voters":177,"totalVotes":177,"rejected":0,"turnout":37.57961783439491,"winnerId":"julie-dabrusin","winnerPartyId":"LIB","runnerUpId":"ashik-hussain","runnerUpPartyId":"CPC","margin":46.32768361581921,"top":[{"id":"julie-dabrusin","name":"Julie Dabrusin","shortName":"Dabrusin","partyId":"LIB","votes":121,"share":68.36158192090396},{"id":"ashik-hussain","name":"Ashik Hussain","shortName":"Hussain","partyId":"CPC","votes":39,"share":22.033898305084744},{"id":"clare-hacksel","name":"Clare Hacksel","shortName":"Hacksel","partyId":"NDP","votes":15,"share":8.47457627118644},{"id":"liz-white","name":"Liz White","shortName":"White","partyId":"OTH","votes":2,"share":1.1299435028248588}],"partyVotes":{"LIB":121,"CPC":39,"BQ":0,"NDP":15,"GRN":0,"PPC":0,"OTH":2}}},"geometry":{"type":"Polygon","coordinates":[[[612.54,77.16],[612.53,77.15],[612.54,77.13],[612.56,77.14],[612.54,77.16]]]}},{"type":"Feature","id":"35110-126","properties":{"ridingCode":"35110","pollNumber":"126","pollType":"N","advancePollNumber":"609","sourceCode":"126-0","geometryPollNumbers":["126"],"code":"35110-126","resultPollNumbers":["126"],"resultStatus":"exact","result":{"electors":380,"voters":117,"totalVotes":117,"rejected":0,"turnout":30.789473684210527,"winnerId":"julie-dabrusin","winnerPartyId":"LIB","runnerUpId":"ashik-hussain","runnerUpPartyId":"CPC","margin":50.427350427350426,"top":[{"id":"julie-dabrusin","name":"Julie Dabrusin","shortName":"Dabrusin","partyId":"LIB","votes":79,"share":67.52136752136752},{"id":"ashik-hussain","name":"Ashik Hussain","shortName":"Hussain","partyId":"CPC","votes":20,"share":17.094017094017094},{"id":"clare-hacksel","name":"Clare Hacksel","shortName":"Hacksel","partyId":"NDP","votes":17,"share":14.529914529914532},{"id":"silvia-stardust","name":"Silvia Stardust","shortName":"Stardust","partyId":"GRN","votes":1,"share":0.8547008547008548}],"partyVotes":{"LIB":79,"CPC":20,"BQ":0,"NDP":17,"GRN":1,"PPC":0,"OTH":0}}},"geometry":{"type":"Polygon","coordinates":[[[612.5,77.13],[612.51,77.11],[612.53,77.12],[612.54,77.13],[612.53,77.15],[612.52,77.15],[612.52,77.14],[612.5,77.13]]]}},{"type":"Feature","id":"35110-127","properties":{"ridingCode":"35110","pollNumber":"127","pollType":"N","advancePollNumber":"609","sourceCode":"127-0","geometryPollNumbers":["127"],"code":"35110-127","resultPollNumbers":["127"],"resultStatus":"exact","result":{"electors":581,"voters":177,"totalVotes":177,"rejected":0,"turnout":30.46471600688468,"winnerId":"julie-dabrusin","winnerPartyId":"LIB","runnerUpId":"ashik-hussain","runnerUpPartyId":"CPC","margin":48.58757062146893,"top":[{"id":"julie-dabrusin","name":"Julie Dabrusin","shortName":"Dabrusin","partyId":"LIB","votes":119,"share":67.2316384180791},{"id":"ashik-hussain","name":"Ashik Hussain","shortName":"Hussain","partyId":"CPC","votes":33,"share":18.64406779661017},{"id":"clare-hacksel","name":"Clare Hacksel","shortName":"Hacksel","partyId":"NDP","votes":21,"share":11.864406779661017},{"id":"silvia-stardust","name":"Silvia Stardust","shortName":"Stardust","partyId":"GRN","votes":3,"share":1.694915254237288}],"partyVotes":{"LIB":119,"CPC":33,"BQ":0,"NDP":21,"GRN":3,"PPC":0,"OTH":1}}},"geometry":{"type":"Polygon","coordinates":[[[612.48,77.13],[612.48,77.13],[612.49,77.11],[612.49,77.11],[612.5,77.1],[612.51,77.1],[612.49,77.14],[612.48,77.13]]]}},{"type":"Feature","id":"35110-128","properties":{"ridingCode":"35110","pollNumber":"128","pollType":"N","advancePollNumber":"609","sourceCode":"128-0","geometryPollNumbers":["128"],"code":"35110-128","resultPollNumbers":["128"],"resultStatus":"exact","result":{"electors":468,"voters":199,"totalVotes":197,"rejected":2,"turnout":42.52136752136752,"winnerId":"julie-dabrusin","winnerPartyId":"LIB","runnerUpId":"ashik-hussain","runnerUpPartyId":"CPC","margin":49.746192893401016,"top":[{"id":"julie-dabrusin","name":"Julie Dabrusin","shortName":"Dabrusin","partyId":"LIB","votes":140,"share":71.06598984771574},{"id":"ashik-hussain","name":"Ashik Hussain","shortName":"Hussain","partyId":"CPC","votes":42,"share":21.31979695431472},{"id":"clare-hacksel","name":"Clare Hacksel","shortName":"Hacksel","partyId":"NDP","votes":14,"share":7.1065989847715745},{"id":"silvia-stardust","name":"Silvia Stardust","shortName":"Stardust","partyId":"GRN","votes":1,"share":0.5076142131979695}],"partyVotes":{"LIB":140,"CPC":42,"BQ":0,"NDP":14,"GRN":1,"PPC":0,"OTH":0}}},"geometry":{"type":"Polygon","coordinates":[[[612.48,77.13],[612.46,77.12],[612.48,77.09],[612.48,77.09],[612.48,77.09],[612.49,77.09],[612.5,77.1],[612.49,77.11],[612.49,77.11],[612.48,77.13],[612.48,77.13]]]}},{"type":"Feature","id":"35110-129","properties":{"ridingCode":"35110","pollNumber":"129","pollType":"N","advancePollNumber":"609","sourceCode":"129-0","geometryPollNumbers":["129"],"code":"35110-129","resultPollNumbers":["129"],"resultStatus":"exact","result":{"electors":469,"voters":153,"totalVotes":153,"rejected":0,"turnout":32.6226012793177,"winnerId":"julie-dabrusin","winnerPartyId":"LIB","runnerUpId":"ashik-hussain","runnerUpPartyId":"CPC","margin":35.947712418300654,"top":[{"id":"julie-dabrusin","name":"Julie Dabrusin","shortName":"Dabrusin","partyId":"LIB","votes":91,"share":59.47712418300654},{"id":"ashik-hussain","name":"Ashik Hussain","shortName":"Hussain","partyId":"CPC","votes":36,"share":23.52941176470588},{"id":"clare-hacksel","name":"Clare Hacksel","shortName":"Hacksel","partyId":"NDP","votes":24,"share":15.686274509803921},{"id":"silvia-stardust","name":"Silvia Stardust","shortName":"Stardust","partyId":"GRN","votes":1,"share":0.6535947712418301}],"partyVotes":{"LIB":91,"CPC":36,"BQ":0,"NDP":24,"GRN":1,"PPC":0,"OTH":1}}},"geometry":{"type":"Polygon","coordinates":[[[612.48,77.09],[612.49,77.08],[612.49,77.08],[612.49,77.09],[612.51,77.1],[612.52,77.1],[612.53,77.1],[612.53,77.1],[612.55,77.11],[612.53,77.12],[612.51,77.11],[612.51,77.1],[612.5,77.1],[612.49,77.09],[612.48,77.09],[612.48,77.09]]]}},{"type":"Feature","id":"35110-130","properties":{"ridingCode":"35110","pollNumber":"130","pollType":"N","advancePollNumber":"609","sourceCode":"130-0","geometryPollNumbers":["130"],"code":"35110-130","resultPollNumbers":["130"],"resultStatus":"exact","result":{"electors":447,"voters":169,"totalVotes":169,"rejected":0,"turnout":37.8076062639821,"winnerId":"julie-dabrusin","winnerPartyId":"LIB","runnerUpId":"ashik-hussain","runnerUpPartyId":"CPC","margin":44.37869822485207,"top":[{"id":"julie-dabrusin","name":"Julie Dabrusin","shortName":"Dabrusin","partyId":"LIB","votes":107,"share":63.31360946745562},{"id":"ashik-hussain","name":"Ashik Hussain","shortName":"Hussain","partyId":"CPC","votes":32,"share":18.93491124260355},{"id":"clare-hacksel","name":"Clare Hacksel","shortName":"Hacksel","partyId":"NDP","votes":30,"share":17.75147928994083},{"id":"silvia-stardust","name":"Silvia Stardust","shortName":"Stardust","partyId":"GRN","votes":0,"share":0}],"partyVotes":{"LIB":107,"CPC":32,"BQ":0,"NDP":30,"GRN":0,"PPC":0,"OTH":0}}},"geometry":{"type":"Polygon","coordinates":[[[612.49,77.08],[612.5,77.06],[612.51,77.05],[612.52,77.03],[612.52,77.04],[612.52,77.05],[612.51,77.05],[612.55,77.08],[612.6,77.11],[612.58,77.14],[612.57,77.15],[612.56,77.14],[612.54,77.13],[612.53,77.12],[612.55,77.11],[612.53,77.1],[612.53,77.1],[612.52,77.1],[612.51,77.1],[612.49,77.09],[612.49,77.08],[612.49,77.08]]]}},{"type":"Feature","id":"35110-131","properties":{"ridingCode":"35110","pollNumber":"131","pollType":"N","advancePollNumber":"605","sourceCode":"131-0","geometryPollNumbers":["131"],"code":"35110-131","resultPollNumbers":["131"],"resultStatus":"exact","result":{"electors":452,"voters":146,"totalVotes":146,"rejected":0,"turnout":32.30088495575221,"winnerId":"julie-dabrusin","winnerPartyId":"LIB","runnerUpId":"ashik-hussain","runnerUpPartyId":"CPC","margin":39.04109589041096,"top":[{"id":"julie-dabrusin","name":"Julie Dabrusin","shortName":"Dabrusin","partyId":"LIB","votes":93,"share":63.6986301369863},{"id":"ashik-hussain","name":"Ashik Hussain","shortName":"Hussain","partyId":"CPC","votes":36,"share":24.65753424657534},{"id":"clare-hacksel","name":"Clare Hacksel","shortName":"Hacksel","partyId":"NDP","votes":17,"share":11.643835616438356},{"id":"silvia-stardust","name":"Silvia Stardust","shortName":"Stardust","partyId":"GRN","votes":0,"share":0}],"partyVotes":{"LIB":93,"CPC":36,"BQ":0,"NDP":17,"GRN":0,"PPC":0,"OTH":0}}},"geometry":{"type":"Polygon","coordinates":[[[612.35,77.15],[612.36,77.14],[612.37,77.12],[612.37,77.11],[612.38,77.11],[612.38,77.13],[612.38,77.13],[612.38,77.13],[612.37,77.16],[612.38,77.16],[612.36,77.16],[612.35,77.15],[612.35,77.15]]]}},{"type":"Feature","id":"35110-132","properties":{"ridingCode":"35110","pollNumber":"132","pollType":"N","advancePollNumber":"607","sourceCode":"132-0","geometryPollNumbers":["132"],"code":"35110-132","resultPollNumbers":["132"],"resultStatus":"exact","result":{"electors":478,"voters":196,"totalVotes":196,"rejected":0,"turnout":41.00418410041841,"winnerId":"julie-dabrusin","winnerPartyId":"LIB","runnerUpId":"ashik-hussain","runnerUpPartyId":"CPC","margin":48.46938775510204,"top":[{"id":"julie-dabrusin","name":"Julie Dabrusin","shortName":"Dabrusin","partyId":"LIB","votes":135,"share":68.87755102040816},{"id":"ashik-hussain","name":"Ashik Hussain","shortName":"Hussain","partyId":"CPC","votes":40,"share":20.408163265306122},{"id":"clare-hacksel","name":"Clare Hacksel","shortName":"Hacksel","partyId":"NDP","votes":21,"share":10.714285714285714},{"id":"silvia-stardust","name":"Silvia Stardust","shortName":"Stardust","partyId":"GRN","votes":0,"share":0}],"partyVotes":{"LIB":135,"CPC":40,"BQ":0,"NDP":21,"GRN":0,"PPC":0,"OTH":0}}},"geometry":{"type":"Polygon","coordinates":[[[612.28,77.12],[612.29,77.11],[612.35,77.15],[612.35,77.15],[612.33,77.14],[612.33,77.14],[612.31,77.13],[612.31,77.13],[612.31,77.13],[612.3,77.13],[612.3,77.13],[612.29,77.13],[612.28,77.12]]]}},{"type":"Feature","id":"35110-133","properties":{"ridingCode":"35110","pollNumber":"133","pollType":"N","advancePollNumber":"607","sourceCode":"133-0","geometryPollNumbers":["133"],"code":"35110-133","resultPollNumbers":["133"],"resultStatus":"exact","result":{"electors":574,"voters":195,"totalVotes":195,"rejected":0,"turnout":33.972125435540065,"winnerId":"julie-dabrusin","winnerPartyId":"LIB","runnerUpId":"ashik-hussain","runnerUpPartyId":"CPC","margin":41.53846153846154,"top":[{"id":"julie-dabrusin","name":"Julie Dabrusin","shortName":"Dabrusin","partyId":"LIB","votes":128,"share":65.64102564102564},{"id":"ashik-hussain","name":"Ashik Hussain","shortName":"Hussain","partyId":"CPC","votes":47,"share":24.102564102564102},{"id":"clare-hacksel","name":"Clare Hacksel","shortName":"Hacksel","partyId":"NDP","votes":17,"share":8.717948717948717},{"id":"liz-white","name":"Liz White","shortName":"White","partyId":"OTH","votes":2,"share":1.0256410256410255}],"partyVotes":{"LIB":128,"CPC":47,"BQ":0,"NDP":17,"GRN":1,"PPC":0,"OTH":2}}},"geometry":{"type":"Polygon","coordinates":[[[612.35,77.15],[612.29,77.11],[612.29,77.1],[612.34,77.13],[612.36,77.14],[612.35,77.15]]]}},{"type":"Feature","id":"35110-134","properties":{"ridingCode":"35110","pollNumber":"134","pollType":"N","advancePollNumber":"607","sourceCode":"134-0","geometryPollNumbers":["134"],"code":"35110-134","resultPollNumbers":["134"],"resultStatus":"exact","result":{"electors":485,"voters":153,"totalVotes":153,"rejected":0,"turnout":31.546391752577318,"winnerId":"julie-dabrusin","winnerPartyId":"LIB","runnerUpId":"ashik-hussain","runnerUpPartyId":"CPC","margin":41.830065359477125,"top":[{"id":"julie-dabrusin","name":"Julie Dabrusin","shortName":"Dabrusin","partyId":"LIB","votes":101,"share":66.01307189542483},{"id":"ashik-hussain","name":"Ashik Hussain","shortName":"Hussain","partyId":"CPC","votes":37,"share":24.18300653594771},{"id":"clare-hacksel","name":"Clare Hacksel","shortName":"Hacksel","partyId":"NDP","votes":13,"share":8.49673202614379},{"id":"silvia-stardust","name":"Silvia Stardust","shortName":"Stardust","partyId":"GRN","votes":2,"share":1.3071895424836601}],"partyVotes":{"LIB":101,"CPC":37,"BQ":0,"NDP":13,"GRN":2,"PPC":0,"OTH":0}}},"geometry":{"type":"Polygon","coordinates":[[[612.34,77.12],[612.35,77.11],[612.35,77.1],[612.37,77.12],[612.36,77.14],[612.34,77.13],[612.34,77.12]]]}},{"type":"Feature","id":"35110-135","properties":{"ridingCode":"35110","pollNumber":"135","pollType":"N","advancePollNumber":"607","sourceCode":"135-0","geometryPollNumbers":["135"],"code":"35110-135","resultPollNumbers":["135"],"resultStatus":"exact","result":{"electors":387,"voters":109,"totalVotes":109,"rejected":0,"turnout":28.165374677002585,"winnerId":"julie-dabrusin","winnerPartyId":"LIB","runnerUpId":"ashik-hussain","runnerUpPartyId":"CPC","margin":41.284403669724774,"top":[{"id":"julie-dabrusin","name":"Julie Dabrusin","shortName":"Dabrusin","partyId":"LIB","votes":69,"share":63.30275229357798},{"id":"ashik-hussain","name":"Ashik Hussain","shortName":"Hussain","partyId":"CPC","votes":24,"share":22.018348623853214},{"id":"clare-hacksel","name":"Clare Hacksel","shortName":"Hacksel","partyId":"NDP","votes":10,"share":9.174311926605505},{"id":"silvia-stardust","name":"Silvia Stardust","shortName":"Stardust","partyId":"GRN","votes":6,"share":5.5045871559633035}],"partyVotes":{"LIB":69,"CPC":24,"BQ":0,"NDP":10,"GRN":6,"PPC":0,"OTH":0}}},"geometry":{"type":"Polygon","coordinates":[[[612.34,77.12],[612.34,77.13],[612.29,77.1],[612.29,77.09],[612.34,77.12]]]}},{"type":"Feature","id":"35110-136","properties":{"ridingCode":"35110","pollNumber":"136","pollType":"N","advancePollNumber":"607","sourceCode":"136-0","geometryPollNumbers":["136"],"code":"35110-136","resultPollNumbers":["136"],"resultStatus":"exact","result":{"electors":417,"voters":105,"totalVotes":105,"rejected":0,"turnout":25.179856115107913,"winnerId":"julie-dabrusin","winnerPartyId":"LIB","runnerUpId":"clare-hacksel","runnerUpPartyId":"NDP","margin":52.38095238095239,"top":[{"id":"julie-dabrusin","name":"Julie Dabrusin","shortName":"Dabrusin","partyId":"LIB","votes":73,"share":69.52380952380952},{"id":"clare-hacksel","name":"Clare Hacksel","shortName":"Hacksel","partyId":"NDP","votes":18,"share":17.142857142857142},{"id":"ashik-hussain","name":"Ashik Hussain","shortName":"Hussain","partyId":"CPC","votes":13,"share":12.380952380952381},{"id":"silvia-stardust","name":"Silvia Stardust","shortName":"Stardust","partyId":"GRN","votes":1,"share":0.9523809523809524}],"partyVotes":{"LIB":73,"CPC":13,"BQ":0,"NDP":18,"GRN":1,"PPC":0,"OTH":0}}},"geometry":{"type":"Polygon","coordinates":[[[612.34,77.12],[612.29,77.09],[612.3,77.08],[612.35,77.11],[612.34,77.12]]]}},{"type":"Feature","id":"35110-137","properties":{"ridingCode":"35110","pollNumber":"137","pollType":"N","advancePollNumber":"607","sourceCode":"137-0","geometryPollNumbers":["137"],"code":"35110-137","resultPollNumbers":["137"],"resultStatus":"exact","result":{"electors":412,"voters":154,"totalVotes":154,"rejected":0,"turnout":37.37864077669903,"winnerId":"julie-dabrusin","winnerPartyId":"LIB","runnerUpId":"ashik-hussain","runnerUpPartyId":"CPC","margin":42.2077922077922,"top":[{"id":"julie-dabrusin","name":"Julie Dabrusin","shortName":"Dabrusin","partyId":"LIB","votes":99,"share":64.28571428571429},{"id":"ashik-hussain","name":"Ashik Hussain","shortName":"Hussain","partyId":"CPC","votes":34,"share":22.07792207792208},{"id":"clare-hacksel","name":"Clare Hacksel","shortName":"Hacksel","partyId":"NDP","votes":15,"share":9.740259740259742},{"id":"silvia-stardust","name":"Silvia Stardust","shortName":"Stardust","partyId":"GRN","votes":5,"share":3.2467532467532463}],"partyVotes":{"LIB":99,"CPC":34,"BQ":0,"NDP":15,"GRN":5,"PPC":0,"OTH":1}}},"geometry":{"type":"Polygon","coordinates":[[[612.3,77.07],[612.35,77.1],[612.35,77.11],[612.3,77.08],[612.3,77.07]]]}},{"type":"Feature","id":"35110-138","properties":{"ridingCode":"35110","pollNumber":"138","pollType":"N","advancePollNumber":"607","sourceCode":"138-0","geometryPollNumbers":["138"],"code":"35110-138","resultPollNumbers":["138"],"resultStatus":"exact","result":{"electors":423,"voters":165,"totalVotes":165,"rejected":0,"turnout":39.00709219858156,"winnerId":"julie-dabrusin","winnerPartyId":"LIB","runnerUpId":"ashik-hussain","runnerUpPartyId":"CPC","margin":30.909090909090907,"top":[{"id":"julie-dabrusin","name":"Julie Dabrusin","shortName":"Dabrusin","partyId":"LIB","votes":90,"share":54.54545454545454},{"id":"ashik-hussain","name":"Ashik Hussain","shortName":"Hussain","partyId":"CPC","votes":39,"share":23.636363636363637},{"id":"clare-hacksel","name":"Clare Hacksel","shortName":"Hacksel","partyId":"NDP","votes":32,"share":19.393939393939394},{"id":"silvia-stardust","name":"Silvia Stardust","shortName":"Stardust","partyId":"GRN","votes":3,"share":1.8181818181818181}],"partyVotes":{"LIB":90,"CPC":39,"BQ":0,"NDP":32,"GRN":3,"PPC":0,"OTH":1}}},"geometry":{"type":"Polygon","coordinates":[[[612.35,77.1],[612.3,77.07],[612.31,77.07],[612.33,77.08],[612.36,77.1],[612.35,77.1]]]}},{"type":"Feature","id":"35110-139","properties":{"ridingCode":"35110","pollNumber":"139","pollType":"N","advancePollNumber":"608","sourceCode":"139-0","geometryPollNumbers":["139"],"code":"35110-139","resultPollNumbers":["139"],"resultStatus":"exact","result":{"electors":397,"voters":111,"totalVotes":111,"rejected":0,"turnout":27.95969773299748,"winnerId":"julie-dabrusin","winnerPartyId":"LIB","runnerUpId":"ashik-hussain","runnerUpPartyId":"CPC","margin":29.72972972972973,"top":[{"id":"julie-dabrusin","name":"Julie Dabrusin","shortName":"Dabrusin","partyId":"LIB","votes":61,"share":54.95495495495496},{"id":"ashik-hussain","name":"Ashik Hussain","shortName":"Hussain","partyId":"CPC","votes":28,"share":25.225225225225223},{"id":"clare-hacksel","name":"Clare Hacksel","shortName":"Hacksel","partyId":"NDP","votes":20,"share":18.01801801801802},{"id":"silvia-stardust","name":"Silvia Stardust","shortName":"Stardust","partyId":"GRN","votes":2,"share":1.8018018018018018}],"partyVotes":{"LIB":61,"CPC":28,"BQ":0,"NDP":20,"GRN":2,"PPC":0,"OTH":0}}},"geometry":{"type":"Polygon","coordinates":[[[612.38,77.11],[612.41,77.13],[612.42,77.14],[612.41,77.16],[612.41,77.16],[612.38,77.13],[612.38,77.11]]]}},{"type":"Feature","id":"35110-140","properties":{"ridingCode":"35110","pollNumber":"140","pollType":"N","advancePollNumber":"608","sourceCode":"140-0","geometryPollNumbers":["140"],"code":"35110-140","resultPollNumbers":["140"],"resultStatus":"exact","result":{"electors":480,"voters":152,"totalVotes":151,"rejected":1,"turnout":31.666666666666664,"winnerId":"julie-dabrusin","winnerPartyId":"LIB","runnerUpId":"ashik-hussain","runnerUpPartyId":"CPC","margin":54.3046357615894,"top":[{"id":"julie-dabrusin","name":"Julie Dabrusin","shortName":"Dabrusin","partyId":"LIB","votes":106,"share":70.19867549668875},{"id":"ashik-hussain","name":"Ashik Hussain","shortName":"Hussain","partyId":"CPC","votes":24,"share":15.894039735099339},{"id":"clare-hacksel","name":"Clare Hacksel","shortName":"Hacksel","partyId":"NDP","votes":15,"share":9.933774834437086},{"id":"silvia-stardust","name":"Silvia Stardust","shortName":"Stardust","partyId":"GRN","votes":4,"share":2.6490066225165565}],"partyVotes":{"LIB":106,"CPC":24,"BQ":0,"NDP":15,"GRN":4,"PPC":0,"OTH":2}}},"geometry":{"type":"Polygon","coordinates":[[[612.42,77.14],[612.41,77.13],[612.42,77.12],[612.43,77.11],[612.42,77.1],[612.42,77.1],[612.43,77.1],[612.44,77.11],[612.43,77.13],[612.42,77.14]]]}},{"type":"Feature","id":"35110-141","properties":{"ridingCode":"35110","pollNumber":"141","pollType":"N","advancePollNumber":"608","sourceCode":"141-0","geometryPollNumbers":["141"],"code":"35110-141","resultPollNumbers":["141"],"resultStatus":"exact","result":{"electors":394,"voters":126,"totalVotes":126,"rejected":0,"turnout":31.979695431472084,"winnerId":"julie-dabrusin","winnerPartyId":"LIB","runnerUpId":"ashik-hussain","runnerUpPartyId":"CPC","margin":50,"top":[{"id":"julie-dabrusin","name":"Julie Dabrusin","shortName":"Dabrusin","partyId":"LIB","votes":87,"share":69.04761904761905},{"id":"ashik-hussain","name":"Ashik Hussain","shortName":"Hussain","partyId":"CPC","votes":24,"share":19.047619047619047},{"id":"clare-hacksel","name":"Clare Hacksel","shortName":"Hacksel","partyId":"NDP","votes":12,"share":9.523809523809524},{"id":"silvia-stardust","name":"Silvia Stardust","shortName":"Stardust","partyId":"GRN","votes":3,"share":2.380952380952381}],"partyVotes":{"LIB":87,"CPC":24,"BQ":0,"NDP":12,"GRN":3,"PPC":0,"OTH":0}}},"geometry":{"type":"Polygon","coordinates":[[[612.38,77.1],[612.38,77.09],[612.4,77.1],[612.4,77.1],[612.4,77.11],[612.42,77.12],[612.41,77.13],[612.38,77.11],[612.37,77.11],[612.38,77.1]]]}},{"type":"Feature","id":"35110-142","properties":{"ridingCode":"35110","pollNumber":"142","pollType":"N","advancePollNumber":"608","sourceCode":"142-0","geometryPollNumbers":["142"],"code":"35110-142","resultPollNumbers":["142"],"resultStatus":"exact","result":{"electors":354,"voters":130,"totalVotes":129,"rejected":1,"turnout":36.72316384180791,"winnerId":"julie-dabrusin","winnerPartyId":"LIB","runnerUpId":"ashik-hussain","runnerUpPartyId":"CPC","margin":42.63565891472868,"top":[{"id":"julie-dabrusin","name":"Julie Dabrusin","shortName":"Dabrusin","partyId":"LIB","votes":80,"share":62.01550387596899},{"id":"ashik-hussain","name":"Ashik Hussain","shortName":"Hussain","partyId":"CPC","votes":25,"share":19.379844961240313},{"id":"clare-hacksel","name":"Clare Hacksel","shortName":"Hacksel","partyId":"NDP","votes":21,"share":16.27906976744186},{"id":"silvia-stardust","name":"Silvia Stardust","shortName":"Stardust","partyId":"GRN","votes":2,"share":1.550387596899225}],"partyVotes":{"LIB":80,"CPC":25,"BQ":0,"NDP":21,"GRN":2,"PPC":0,"OTH":1}}},"geometry":{"type":"Polygon","coordinates":[[[612.41,77.09],[612.42,77.1],[612.42,77.1],[612.43,77.11],[612.42,77.12],[612.4,77.11],[612.4,77.1],[612.41,77.09]]]}},{"type":"Feature","id":"35110-143","properties":{"ridingCode":"35110","pollNumber":"143","pollType":"N","advancePollNumber":"608","sourceCode":"143-0","geometryPollNumbers":["143"],"code":"35110-143","resultPollNumbers":["143"],"resultStatus":"exact","result":{"electors":505,"voters":231,"totalVotes":229,"rejected":2,"turnout":45.742574257425744,"winnerId":"julie-dabrusin","winnerPartyId":"LIB","runnerUpId":"ashik-hussain","runnerUpPartyId":"CPC","margin":37.117903930131,"top":[{"id":"julie-dabrusin","name":"Julie Dabrusin","shortName":"Dabrusin","partyId":"LIB","votes":140,"share":61.135371179039296},{"id":"ashik-hussain","name":"Ashik Hussain","shortName":"Hussain","partyId":"CPC","votes":55,"share":24.017467248908297},{"id":"clare-hacksel","name":"Clare Hacksel","shortName":"Hacksel","partyId":"NDP","votes":29,"share":12.663755458515283},{"id":"silvia-stardust","name":"Silvia Stardust","shortName":"Stardust","partyId":"GRN","votes":4,"share":1.7467248908296942}],"partyVotes":{"LIB":140,"CPC":55,"BQ":0,"NDP":29,"GRN":4,"PPC":0,"OTH":1}}},"geometry":{"type":"Polygon","coordinates":[[[612.47,77.08],[612.47,77.08],[612.47,77.08],[612.47,77.08],[612.46,77.1],[612.46,77.1],[612.45,77.12],[612.44,77.11],[612.44,77.11],[612.46,77.08],[612.47,77.08]]]}},{"type":"Feature","id":"35110-144","properties":{"ridingCode":"35110","pollNumber":"144","pollType":"N","advancePollNumber":"608","sourceCode":"144-0","geometryPollNumbers":["144"],"code":"35110-144","resultPollNumbers":["144"],"resultStatus":"exact","result":{"electors":585,"voters":213,"totalVotes":213,"rejected":0,"turnout":36.41025641025641,"winnerId":"julie-dabrusin","winnerPartyId":"LIB","runnerUpId":"ashik-hussain","runnerUpPartyId":"CPC","margin":46.948356807511736,"top":[{"id":"julie-dabrusin","name":"Julie Dabrusin","shortName":"Dabrusin","partyId":"LIB","votes":145,"share":68.07511737089203},{"id":"ashik-hussain","name":"Ashik Hussain","shortName":"Hussain","partyId":"CPC","votes":45,"share":21.12676056338028},{"id":"clare-hacksel","name":"Clare Hacksel","shortName":"Hacksel","partyId":"NDP","votes":21,"share":9.859154929577464},{"id":"silvia-stardust","name":"Silvia Stardust","shortName":"Stardust","partyId":"GRN","votes":2,"share":0.9389671361502347}],"partyVotes":{"LIB":145,"CPC":45,"BQ":0,"NDP":21,"GRN":2,"PPC":0,"OTH":0}}},"geometry":{"type":"Polygon","coordinates":[[[612.4,77.09],[612.4,77.1],[612.38,77.09],[612.39,77.08],[612.4,77.09],[612.4,77.09]]]}},{"type":"Feature","id":"35110-145","properties":{"ridingCode":"35110","pollNumber":"145","pollType":"N","advancePollNumber":"611","sourceCode":"145-0","geometryPollNumbers":["145"],"code":"35110-145","resultPollNumbers":["145"],"resultStatus":"exact","result":{"electors":455,"voters":196,"totalVotes":196,"rejected":0,"turnout":43.07692307692308,"winnerId":"julie-dabrusin","winnerPartyId":"LIB","runnerUpId":"ashik-hussain","runnerUpPartyId":"CPC","margin":42.3469387755102,"top":[{"id":"julie-dabrusin","name":"Julie Dabrusin","shortName":"Dabrusin","partyId":"LIB","votes":131,"share":66.83673469387756},{"id":"ashik-hussain","name":"Ashik Hussain","shortName":"Hussain","partyId":"CPC","votes":48,"share":24.489795918367346},{"id":"clare-hacksel","name":"Clare Hacksel","shortName":"Hacksel","partyId":"NDP","votes":14,"share":7.142857142857142},{"id":"liz-white","name":"Liz White","shortName":"White","partyId":"OTH","votes":2,"share":1.0204081632653061}],"partyVotes":{"LIB":131,"CPC":48,"BQ":0,"NDP":14,"GRN":1,"PPC":0,"OTH":2}}},"geometry":{"type":"Polygon","coordinates":[[[612.42,77.1],[612.41,77.09],[612.41,77.09],[612.42,77.09],[612.44,77.06],[612.45,77.07],[612.43,77.1],[612.42,77.1]]]}},{"type":"Feature","id":"35110-146","properties":{"ridingCode":"35110","pollNumber":"146","pollType":"N","advancePollNumber":"608","sourceCode":"146-0","geometryPollNumbers":["146"],"code":"35110-146","resultPollNumbers":["146"],"resultStatus":"exact","result":{"electors":433,"voters":180,"totalVotes":180,"rejected":0,"turnout":41.570438799076214,"winnerId":"julie-dabrusin","winnerPartyId":"LIB","runnerUpId":"ashik-hussain","runnerUpPartyId":"CPC","margin":52.77777777777778,"top":[{"id":"julie-dabrusin","name":"Julie Dabrusin","shortName":"Dabrusin","partyId":"LIB","votes":124,"share":68.88888888888889},{"id":"ashik-hussain","name":"Ashik Hussain","shortName":"Hussain","partyId":"CPC","votes":29,"share":16.11111111111111},{"id":"clare-hacksel","name":"Clare Hacksel","shortName":"Hacksel","partyId":"NDP","votes":24,"share":13.333333333333334},{"id":"silvia-stardust","name":"Silvia Stardust","shortName":"Stardust","partyId":"GRN","votes":3,"share":1.6666666666666667}],"partyVotes":{"LIB":124,"CPC":29,"BQ":0,"NDP":24,"GRN":3,"PPC":0,"OTH":0}}},"geometry":{"type":"Polygon","coordinates":[[[612.44,77.11],[612.45,77.12],[612.46,77.1],[612.46,77.1],[612.46,77.1],[612.47,77.08],[612.48,77.09],[612.46,77.12],[612.45,77.14],[612.43,77.13],[612.44,77.11]]]}},{"type":"Feature","id":"35110-147","properties":{"ridingCode":"35110","pollNumber":"147","pollType":"N","advancePollNumber":"611","sourceCode":"147-0","geometryPollNumbers":["147"],"code":"35110-147","resultPollNumbers":["147"],"resultStatus":"exact","result":{"electors":321,"voters":115,"totalVotes":115,"rejected":0,"turnout":35.82554517133956,"winnerId":"julie-dabrusin","winnerPartyId":"LIB","runnerUpId":"ashik-hussain","runnerUpPartyId":"CPC","margin":51.30434782608696,"top":[{"id":"julie-dabrusin","name":"Julie Dabrusin","shortName":"Dabrusin","partyId":"LIB","votes":78,"share":67.82608695652173},{"id":"ashik-hussain","name":"Ashik Hussain","shortName":"Hussain","partyId":"CPC","votes":19,"share":16.52173913043478},{"id":"clare-hacksel","name":"Clare Hacksel","shortName":"Hacksel","partyId":"NDP","votes":15,"share":13.043478260869565},{"id":"silvia-stardust","name":"Silvia Stardust","shortName":"Stardust","partyId":"GRN","votes":2,"share":1.7391304347826086}],"partyVotes":{"LIB":78,"CPC":19,"BQ":0,"NDP":15,"GRN":2,"PPC":0,"OTH":1}}},"geometry":{"type":"Polygon","coordinates":[[[612.44,77.06],[612.42,77.09],[612.41,77.09],[612.43,77.05],[612.44,77.06],[612.43,77.06],[612.44,77.06],[612.44,77.06]]]}},{"type":"Feature","id":"35110-148","properties":{"ridingCode":"35110","pollNumber":"148","pollType":"N","advancePollNumber":"611","sourceCode":"148-0","geometryPollNumbers":["148"],"code":"35110-148","resultPollNumbers":["148"],"resultStatus":"exact","result":{"electors":537,"voters":217,"totalVotes":213,"rejected":4,"turnout":40.4096834264432,"winnerId":"julie-dabrusin","winnerPartyId":"LIB","runnerUpId":"ashik-hussain","runnerUpPartyId":"CPC","margin":34.74178403755869,"top":[{"id":"julie-dabrusin","name":"Julie Dabrusin","shortName":"Dabrusin","partyId":"LIB","votes":125,"share":58.68544600938967},{"id":"ashik-hussain","name":"Ashik Hussain","shortName":"Hussain","partyId":"CPC","votes":51,"share":23.943661971830984},{"id":"clare-hacksel","name":"Clare Hacksel","shortName":"Hacksel","partyId":"NDP","votes":34,"share":15.96244131455399},{"id":"silvia-stardust","name":"Silvia Stardust","shortName":"Stardust","partyId":"GRN","votes":3,"share":1.4084507042253522}],"partyVotes":{"LIB":125,"CPC":51,"BQ":0,"NDP":34,"GRN":3,"PPC":0,"OTH":0}}},"geometry":{"type":"Polygon","coordinates":[[[612.46,77.08],[612.44,77.11],[612.44,77.1],[612.45,77.07],[612.46,77.07],[612.48,77.05],[612.48,77.05],[612.47,77.08],[612.46,77.08]]]}},{"type":"Feature","id":"35110-149","properties":{"ridingCode":"35110","pollNumber":"149","pollType":"N","advancePollNumber":"611","sourceCode":"149-0","geometryPollNumbers":["149"],"code":"35110-149","resultPollNumbers":["149"],"resultStatus":"exact","result":{"electors":471,"voters":210,"totalVotes":210,"rejected":0,"turnout":44.5859872611465,"winnerId":"julie-dabrusin","winnerPartyId":"LIB","runnerUpId":"ashik-hussain","runnerUpPartyId":"CPC","margin":52.85714285714286,"top":[{"id":"julie-dabrusin","name":"Julie Dabrusin","shortName":"Dabrusin","partyId":"LIB","votes":146,"share":69.52380952380952},{"id":"ashik-hussain","name":"Ashik Hussain","shortName":"Hussain","partyId":"CPC","votes":35,"share":16.666666666666664},{"id":"clare-hacksel","name":"Clare Hacksel","shortName":"Hacksel","partyId":"NDP","votes":23,"share":10.952380952380953},{"id":"silvia-stardust","name":"Silvia Stardust","shortName":"Stardust","partyId":"GRN","votes":4,"share":1.9047619047619049}],"partyVotes":{"LIB":146,"CPC":35,"BQ":0,"NDP":23,"GRN":4,"PPC":0,"OTH":2}}},"geometry":{"type":"Polygon","coordinates":[[[612.43,77.1],[612.45,77.07],[612.45,77.07],[612.47,77.04],[612.48,77.05],[612.46,77.07],[612.45,77.07],[612.44,77.1],[612.44,77.11],[612.44,77.11],[612.43,77.1]]]}},{"type":"Feature","id":"35110-150","properties":{"ridingCode":"35110","pollNumber":"150","pollType":"N","advancePollNumber":"611","sourceCode":"150-0","geometryPollNumbers":["150"],"code":"35110-150","resultPollNumbers":["150"],"resultStatus":"exact","result":{"electors":569,"voters":242,"totalVotes":242,"rejected":0,"turnout":42.53075571177504,"winnerId":"julie-dabrusin","winnerPartyId":"LIB","runnerUpId":"ashik-hussain","runnerUpPartyId":"CPC","margin":52.47933884297521,"top":[{"id":"julie-dabrusin","name":"Julie Dabrusin","shortName":"Dabrusin","partyId":"LIB","votes":169,"share":69.83471074380165},{"id":"ashik-hussain","name":"Ashik Hussain","shortName":"Hussain","partyId":"CPC","votes":42,"share":17.355371900826448},{"id":"clare-hacksel","name":"Clare Hacksel","shortName":"Hacksel","partyId":"NDP","votes":30,"share":12.396694214876034},{"id":"silvia-stardust","name":"Silvia Stardust","shortName":"Stardust","partyId":"GRN","votes":1,"share":0.4132231404958678}],"partyVotes":{"LIB":169,"CPC":42,"BQ":0,"NDP":30,"GRN":1,"PPC":0,"OTH":0}}},"geometry":{"type":"Polygon","coordinates":[[[612.47,77.08],[612.48,77.05],[612.5,77.06],[612.49,77.08],[612.48,77.09],[612.47,77.08],[612.47,77.08],[612.47,77.08],[612.47,77.08],[612.47,77.08]]]}},{"type":"Feature","id":"35110-151","properties":{"ridingCode":"35110","pollNumber":"151","pollType":"N","advancePollNumber":"611","sourceCode":"151-0","geometryPollNumbers":["151"],"code":"35110-151","resultPollNumbers":["151"],"resultStatus":"exact","result":{"electors":433,"voters":208,"totalVotes":208,"rejected":0,"turnout":48.03695150115473,"winnerId":"julie-dabrusin","winnerPartyId":"LIB","runnerUpId":"ashik-hussain","runnerUpPartyId":"CPC","margin":54.807692307692314,"top":[{"id":"julie-dabrusin","name":"Julie Dabrusin","shortName":"Dabrusin","partyId":"LIB","votes":148,"share":71.15384615384616},{"id":"ashik-hussain","name":"Ashik Hussain","shortName":"Hussain","partyId":"CPC","votes":34,"share":16.346153846153847},{"id":"clare-hacksel","name":"Clare Hacksel","shortName":"Hacksel","partyId":"NDP","votes":22,"share":10.576923076923077},{"id":"silvia-stardust","name":"Silvia Stardust","shortName":"Stardust","partyId":"GRN","votes":2,"share":0.9615384615384616}],"partyVotes":{"LIB":148,"CPC":34,"BQ":0,"NDP":22,"GRN":2,"PPC":0,"OTH":2}}},"geometry":{"type":"Polygon","coordinates":[[[612.45,77.07],[612.44,77.06],[612.46,77.04],[612.47,77.04],[612.45,77.07],[612.45,77.07]]]}},{"type":"Feature","id":"35110-152","properties":{"ridingCode":"35110","pollNumber":"152","pollType":"N","advancePollNumber":"611","sourceCode":"152-0","geometryPollNumbers":["152"],"code":"35110-152","resultPollNumbers":["152"],"resultStatus":"exact","result":{"electors":502,"voters":189,"totalVotes":187,"rejected":2,"turnout":37.64940239043825,"winnerId":"julie-dabrusin","winnerPartyId":"LIB","runnerUpId":"ashik-hussain","runnerUpPartyId":"CPC","margin":45.45454545454545,"top":[{"id":"julie-dabrusin","name":"Julie Dabrusin","shortName":"Dabrusin","partyId":"LIB","votes":124,"share":66.31016042780749},{"id":"ashik-hussain","name":"Ashik Hussain","shortName":"Hussain","partyId":"CPC","votes":39,"share":20.855614973262032},{"id":"clare-hacksel","name":"Clare Hacksel","shortName":"Hacksel","partyId":"NDP","votes":20,"share":10.695187165775401},{"id":"silvia-stardust","name":"Silvia Stardust","shortName":"Stardust","partyId":"GRN","votes":3,"share":1.6042780748663104}],"partyVotes":{"LIB":124,"CPC":39,"BQ":0,"NDP":20,"GRN":3,"PPC":0,"OTH":1}}},"geometry":{"type":"Polygon","coordinates":[[[612.37,77.06],[612.38,77.07],[612.38,77.06],[612.39,77.06],[612.39,77.05],[612.4,77.05],[612.41,77.06],[612.4,77.06],[612.39,77.08],[612.38,77.09],[612.38,77.1],[612.37,77.08],[612.37,77.06]]]}},{"type":"Feature","id":"35110-153","properties":{"ridingCode":"35110","pollNumber":"153","pollType":"N","advancePollNumber":"608","sourceCode":"153-0","geometryPollNumbers":["153"],"code":"35110-153","resultPollNumbers":["153"],"resultStatus":"exact","result":{"electors":352,"voters":108,"totalVotes":108,"rejected":0,"turnout":30.681818181818183,"winnerId":"julie-dabrusin","winnerPartyId":"LIB","runnerUpId":"ashik-hussain","runnerUpPartyId":"CPC","margin":43.51851851851852,"top":[{"id":"julie-dabrusin","name":"Julie Dabrusin","shortName":"Dabrusin","partyId":"LIB","votes":70,"share":64.81481481481481},{"id":"ashik-hussain","name":"Ashik Hussain","shortName":"Hussain","partyId":"CPC","votes":23,"share":21.296296296296298},{"id":"clare-hacksel","name":"Clare Hacksel","shortName":"Hacksel","partyId":"NDP","votes":14,"share":12.962962962962962},{"id":"silvia-stardust","name":"Silvia Stardust","shortName":"Stardust","partyId":"GRN","votes":1,"share":0.9259259259259258}],"partyVotes":{"LIB":70,"CPC":23,"BQ":0,"NDP":14,"GRN":1,"PPC":0,"OTH":0}}},"geometry":{"type":"Polygon","coordinates":[[[612.41,77.09],[612.4,77.1],[612.4,77.1],[612.4,77.09],[612.4,77.09],[612.42,77.05],[612.43,77.05],[612.41,77.09],[612.41,77.09]]]}},{"type":"Feature","id":"35110-154","properties":{"ridingCode":"35110","pollNumber":"154","pollType":"N","advancePollNumber":"608","sourceCode":"154-0","geometryPollNumbers":["154"],"code":"35110-154","resultPollNumbers":["154"],"resultStatus":"exact","result":{"electors":413,"voters":161,"totalVotes":161,"rejected":0,"turnout":38.983050847457626,"winnerId":"julie-dabrusin","winnerPartyId":"LIB","runnerUpId":"ashik-hussain","runnerUpPartyId":"CPC","margin":49.06832298136646,"top":[{"id":"julie-dabrusin","name":"Julie Dabrusin","shortName":"Dabrusin","partyId":"LIB","votes":112,"share":69.56521739130434},{"id":"ashik-hussain","name":"Ashik Hussain","shortName":"Hussain","partyId":"CPC","votes":33,"share":20.496894409937887},{"id":"clare-hacksel","name":"Clare Hacksel","shortName":"Hacksel","partyId":"NDP","votes":16,"share":9.937888198757763},{"id":"silvia-stardust","name":"Silvia Stardust","shortName":"Stardust","partyId":"GRN","votes":0,"share":0}],"partyVotes":{"LIB":112,"CPC":33,"BQ":0,"NDP":16,"GRN":0,"PPC":0,"OTH":0}}},"geometry":{"type":"Polygon","coordinates":[[[612.4,77.09],[612.39,77.08],[612.4,77.06],[612.41,77.06],[612.41,77.04],[612.42,77.05],[612.42,77.05],[612.4,77.09]]]}},{"type":"Feature","id":"35110-155","properties":{"ridingCode":"35110","pollNumber":"155","pollType":"N","advancePollNumber":"611","sourceCode":"155-0","geometryPollNumbers":["155"],"code":"35110-155","resultPollNumbers":["155"],"resultStatus":"exact","result":{"electors":460,"voters":153,"totalVotes":151,"rejected":2,"turnout":33.26086956521739,"winnerId":"julie-dabrusin","winnerPartyId":"LIB","runnerUpId":"ashik-hussain","runnerUpPartyId":"CPC","margin":37.086092715231786,"top":[{"id":"julie-dabrusin","name":"Julie Dabrusin","shortName":"Dabrusin","partyId":"LIB","votes":93,"share":61.58940397350994},{"id":"ashik-hussain","name":"Ashik Hussain","shortName":"Hussain","partyId":"CPC","votes":37,"share":24.503311258278146},{"id":"clare-hacksel","name":"Clare Hacksel","shortName":"Hacksel","partyId":"NDP","votes":21,"share":13.90728476821192},{"id":"silvia-stardust","name":"Silvia Stardust","shortName":"Stardust","partyId":"GRN","votes":0,"share":0}],"partyVotes":{"LIB":93,"CPC":37,"BQ":0,"NDP":21,"GRN":0,"PPC":0,"OTH":0}}},"geometry":{"type":"Polygon","coordinates":[[[612.41,77.06],[612.4,77.05],[612.41,77.04],[612.41,77.04],[612.41,77.06],[612.4,77.06],[612.41,77.06]]]}},{"type":"Feature","id":"35110-156","properties":{"ridingCode":"35110","pollNumber":"156","pollType":"N","advancePollNumber":"611","sourceCode":"156-0","geometryPollNumbers":["156"],"code":"35110-156","resultPollNumbers":["156"],"resultStatus":"exact","result":{"electors":527,"voters":182,"totalVotes":182,"rejected":0,"turnout":34.53510436432637,"winnerId":"julie-dabrusin","winnerPartyId":"LIB","runnerUpId":"ashik-hussain","runnerUpPartyId":"CPC","margin":46.15384615384615,"top":[{"id":"julie-dabrusin","name":"Julie Dabrusin","shortName":"Dabrusin","partyId":"LIB","votes":120,"share":65.93406593406593},{"id":"ashik-hussain","name":"Ashik Hussain","shortName":"Hussain","partyId":"CPC","votes":36,"share":19.78021978021978},{"id":"clare-hacksel","name":"Clare Hacksel","shortName":"Hacksel","partyId":"NDP","votes":25,"share":13.736263736263737},{"id":"silvia-stardust","name":"Silvia Stardust","shortName":"Stardust","partyId":"GRN","votes":1,"share":0.5494505494505495}],"partyVotes":{"LIB":120,"CPC":36,"BQ":0,"NDP":25,"GRN":1,"PPC":0,"OTH":0}}},"geometry":{"type":"Polygon","coordinates":[[[612.38,77.06],[612.38,77.07],[612.37,77.06],[612.37,77.02],[612.38,77.02],[612.39,77.03],[612.4,77.04],[612.41,77.04],[612.4,77.05],[612.39,77.05],[612.39,77.06],[612.38,77.06]]]}},{"type":"Feature","id":"35110-157","properties":{"ridingCode":"35110","pollNumber":"157","pollType":"N","advancePollNumber":"610","sourceCode":"157-0","geometryPollNumbers":["157"],"code":"35110-157","resultPollNumbers":["157"],"resultStatus":"exact","result":{"electors":500,"voters":181,"totalVotes":181,"rejected":0,"turnout":36.199999999999996,"winnerId":"julie-dabrusin","winnerPartyId":"LIB","runnerUpId":"ashik-hussain","runnerUpPartyId":"CPC","margin":46.96132596685083,"top":[{"id":"julie-dabrusin","name":"Julie Dabrusin","shortName":"Dabrusin","partyId":"LIB","votes":119,"share":65.74585635359117},{"id":"ashik-hussain","name":"Ashik Hussain","shortName":"Hussain","partyId":"CPC","votes":34,"share":18.784530386740332},{"id":"clare-hacksel","name":"Clare Hacksel","shortName":"Hacksel","partyId":"NDP","votes":23,"share":12.70718232044199},{"id":"silvia-stardust","name":"Silvia Stardust","shortName":"Stardust","partyId":"GRN","votes":4,"share":2.209944751381215}],"partyVotes":{"LIB":119,"CPC":34,"BQ":0,"NDP":23,"GRN":4,"PPC":0,"OTH":1}}},"geometry":{"type":"Polygon","coordinates":[[[612.35,77.05],[612.37,77.02],[612.37,77.02],[612.37,77.06],[612.37,77.06],[612.35,77.05],[612.35,77.05]]]}},{"type":"Feature","id":"35110-158","properties":{"ridingCode":"35110","pollNumber":"158","pollType":"N","advancePollNumber":"611","sourceCode":"158-0","geometryPollNumbers":["158"],"code":"35110-158","resultPollNumbers":["158"],"resultStatus":"exact","result":{"electors":541,"voters":186,"totalVotes":184,"rejected":2,"turnout":34.380776340110906,"winnerId":"julie-dabrusin","winnerPartyId":"LIB","runnerUpId":"ashik-hussain","runnerUpPartyId":"CPC","margin":42.391304347826086,"top":[{"id":"julie-dabrusin","name":"Julie Dabrusin","shortName":"Dabrusin","partyId":"LIB","votes":114,"share":61.95652173913043},{"id":"ashik-hussain","name":"Ashik Hussain","shortName":"Hussain","partyId":"CPC","votes":36,"share":19.565217391304348},{"id":"clare-hacksel","name":"Clare Hacksel","shortName":"Hacksel","partyId":"NDP","votes":32,"share":17.391304347826086},{"id":"liz-white","name":"Liz White","shortName":"White","partyId":"OTH","votes":2,"share":1.0869565217391304}],"partyVotes":{"LIB":114,"CPC":36,"BQ":0,"NDP":32,"GRN":0,"PPC":0,"OTH":2}}},"geometry":{"type":"Polygon","coordinates":[[[612.43,77.05],[612.45,77.03],[612.46,77.04],[612.44,77.06],[612.44,77.06],[612.44,77.06],[612.43,77.05]]]}},{"type":"Feature","id":"35110-159","properties":{"ridingCode":"35110","pollNumber":"159","pollType":"N","advancePollNumber":"610","sourceCode":"159-0","geometryPollNumbers":["159"],"code":"35110-159","resultPollNumbers":["159"],"resultStatus":"exact","result":{"electors":684,"voters":285,"totalVotes":283,"rejected":2,"turnout":41.66666666666667,"winnerId":"julie-dabrusin","winnerPartyId":"LIB","runnerUpId":"ashik-hussain","runnerUpPartyId":"CPC","margin":38.869257950530034,"top":[{"id":"julie-dabrusin","name":"Julie Dabrusin","shortName":"Dabrusin","partyId":"LIB","votes":180,"share":63.60424028268551},{"id":"ashik-hussain","name":"Ashik Hussain","shortName":"Hussain","partyId":"CPC","votes":70,"share":24.73498233215548},{"id":"clare-hacksel","name":"Clare Hacksel","shortName":"Hacksel","partyId":"NDP","votes":26,"share":9.187279151943462},{"id":"silvia-stardust","name":"Silvia Stardust","shortName":"Stardust","partyId":"GRN","votes":5,"share":1.76678445229682}],"partyVotes":{"LIB":180,"CPC":70,"BQ":0,"NDP":26,"GRN":5,"PPC":0,"OTH":2}}},"geometry":{"type":"Polygon","coordinates":[[[612.34,77.07],[612.36,77.08],[612.37,77.06],[612.37,77.06],[612.37,77.08],[612.37,77.08],[612.36,77.09],[612.37,77.08],[612.38,77.1],[612.37,77.11],[612.37,77.12],[612.35,77.1],[612.36,77.1],[612.33,77.08],[612.34,77.07]]]}},{"type":"Feature","id":"35110-160","properties":{"ridingCode":"35110","pollNumber":"160","pollType":"N","advancePollNumber":"610","sourceCode":"160-0","geometryPollNumbers":["160"],"code":"35110-160","resultPollNumbers":["160"],"resultStatus":"exact","result":{"electors":444,"voters":214,"totalVotes":212,"rejected":2,"turnout":48.1981981981982,"winnerId":"julie-dabrusin","winnerPartyId":"LIB","runnerUpId":"ashik-hussain","runnerUpPartyId":"CPC","margin":53.77358490566038,"top":[{"id":"julie-dabrusin","name":"Julie Dabrusin","shortName":"Dabrusin","partyId":"LIB","votes":149,"share":70.28301886792453},{"id":"ashik-hussain","name":"Ashik Hussain","shortName":"Hussain","partyId":"CPC","votes":35,"share":16.50943396226415},{"id":"clare-hacksel","name":"Clare Hacksel","shortName":"Hacksel","partyId":"NDP","votes":25,"share":11.79245283018868},{"id":"silvia-stardust","name":"Silvia Stardust","shortName":"Stardust","partyId":"GRN","votes":3,"share":1.4150943396226416}],"partyVotes":{"LIB":149,"CPC":35,"BQ":0,"NDP":25,"GRN":3,"PPC":0,"OTH":0}}},"geometry":{"type":"Polygon","coordinates":[[[612.36,77.08],[612.34,77.07],[612.35,77.05],[612.37,77.06],[612.36,77.08]]]}},{"type":"Feature","id":"35110-161","properties":{"ridingCode":"35110","pollNumber":"161","pollType":"N","advancePollNumber":"610","sourceCode":"161-0","geometryPollNumbers":["161"],"code":"35110-161","resultPollNumbers":["161"],"resultStatus":"exact","result":{"electors":515,"voters":233,"totalVotes":232,"rejected":1,"turnout":45.24271844660194,"winnerId":"julie-dabrusin","winnerPartyId":"LIB","runnerUpId":"clare-hacksel","runnerUpPartyId":"NDP","margin":63.36206896551724,"top":[{"id":"julie-dabrusin","name":"Julie Dabrusin","shortName":"Dabrusin","partyId":"LIB","votes":175,"share":75.43103448275862},{"id":"clare-hacksel","name":"Clare Hacksel","shortName":"Hacksel","partyId":"NDP","votes":28,"share":12.068965517241379},{"id":"ashik-hussain","name":"Ashik Hussain","shortName":"Hussain","partyId":"CPC","votes":23,"share":9.913793103448276},{"id":"silvia-stardust","name":"Silvia Stardust","shortName":"Stardust","partyId":"GRN","votes":4,"share":1.7241379310344827}],"partyVotes":{"LIB":175,"CPC":23,"BQ":0,"NDP":28,"GRN":4,"PPC":0,"OTH":2}}},"geometry":{"type":"Polygon","coordinates":[[[612.31,77.07],[612.31,77.05],[612.33,77.06],[612.33,77.05],[612.34,77.06],[612.35,77.05],[612.35,77.05],[612.34,77.07],[612.33,77.08],[612.31,77.07]]]}},{"type":"Feature","id":"35110-162","properties":{"ridingCode":"35110","pollNumber":"162","pollType":"N","advancePollNumber":"610","sourceCode":"162-0","geometryPollNumbers":["162"],"code":"35110-162","resultPollNumbers":["162"],"resultStatus":"exact","result":{"electors":417,"voters":127,"totalVotes":126,"rejected":1,"turnout":30.455635491606714,"winnerId":"julie-dabrusin","winnerPartyId":"LIB","runnerUpId":"clare-hacksel","runnerUpPartyId":"NDP","margin":46.03174603174603,"top":[{"id":"julie-dabrusin","name":"Julie Dabrusin","shortName":"Dabrusin","partyId":"LIB","votes":82,"share":65.07936507936508},{"id":"clare-hacksel","name":"Clare Hacksel","shortName":"Hacksel","partyId":"NDP","votes":24,"share":19.047619047619047},{"id":"ashik-hussain","name":"Ashik Hussain","shortName":"Hussain","partyId":"CPC","votes":20,"share":15.873015873015872},{"id":"silvia-stardust","name":"Silvia Stardust","shortName":"Stardust","partyId":"GRN","votes":0,"share":0}],"partyVotes":{"LIB":82,"CPC":20,"BQ":0,"NDP":24,"GRN":0,"PPC":0,"OTH":0}}},"geometry":{"type":"Polygon","coordinates":[[[612.32,77.04],[612.33,77.05],[612.33,77.06],[612.31,77.05],[612.32,77.04]]]}},{"type":"Feature","id":"35110-163","properties":{"ridingCode":"35110","pollNumber":"163","pollType":"N","advancePollNumber":"610","sourceCode":"163-0","geometryPollNumbers":["163"],"code":"35110-163","resultPollNumbers":["163"],"resultStatus":"exact","result":{"electors":279,"voters":113,"totalVotes":112,"rejected":1,"turnout":40.50179211469534,"winnerId":"julie-dabrusin","winnerPartyId":"LIB","runnerUpId":"ashik-hussain","runnerUpPartyId":"CPC","margin":51.78571428571429,"top":[{"id":"julie-dabrusin","name":"Julie Dabrusin","shortName":"Dabrusin","partyId":"LIB","votes":79,"share":70.53571428571429},{"id":"ashik-hussain","name":"Ashik Hussain","shortName":"Hussain","partyId":"CPC","votes":21,"share":18.75},{"id":"clare-hacksel","name":"Clare Hacksel","shortName":"Hacksel","partyId":"NDP","votes":10,"share":8.928571428571429},{"id":"silvia-stardust","name":"Silvia Stardust","shortName":"Stardust","partyId":"GRN","votes":1,"share":0.8928571428571428}],"partyVotes":{"LIB":79,"CPC":21,"BQ":0,"NDP":10,"GRN":1,"PPC":0,"OTH":1}}},"geometry":{"type":"Polygon","coordinates":[[[612.32,77.04],[612.32,77.04],[612.35,77.05],[612.34,77.06],[612.33,77.05],[612.32,77.04]]]}},{"type":"Feature","id":"35110-164","properties":{"ridingCode":"35110","pollNumber":"164","pollType":"N","advancePollNumber":"610","sourceCode":"164-0","geometryPollNumbers":["164"],"code":"35110-164","resultPollNumbers":["164"],"resultStatus":"exact","result":{"electors":404,"voters":171,"totalVotes":170,"rejected":1,"turnout":42.32673267326732,"winnerId":"julie-dabrusin","winnerPartyId":"LIB","runnerUpId":"ashik-hussain","runnerUpPartyId":"CPC","margin":47.647058823529406,"top":[{"id":"julie-dabrusin","name":"Julie Dabrusin","shortName":"Dabrusin","partyId":"LIB","votes":112,"share":65.88235294117646},{"id":"ashik-hussain","name":"Ashik Hussain","shortName":"Hussain","partyId":"CPC","votes":31,"share":18.235294117647058},{"id":"clare-hacksel","name":"Clare Hacksel","shortName":"Hacksel","partyId":"NDP","votes":25,"share":14.705882352941178},{"id":"silvia-stardust","name":"Silvia Stardust","shortName":"Stardust","partyId":"GRN","votes":2,"share":1.1764705882352942}],"partyVotes":{"LIB":112,"CPC":31,"BQ":0,"NDP":25,"GRN":2,"PPC":0,"OTH":0}}},"geometry":{"type":"Polygon","coordinates":[[[612.31,77.07],[612.28,77.05],[612.3,77.02],[612.32,77.03],[612.31,77.05],[612.31,77.05],[612.31,77.07]]]}},{"type":"Feature","id":"35110-165","properties":{"ridingCode":"35110","pollNumber":"165","pollType":"N","advancePollNumber":"610","sourceCode":"165-0","geometryPollNumbers":["165"],"code":"35110-165","resultPollNumbers":["165"],"resultStatus":"exact","result":{"electors":558,"voters":166,"totalVotes":166,"rejected":0,"turnout":29.749103942652326,"winnerId":"julie-dabrusin","winnerPartyId":"LIB","runnerUpId":"ashik-hussain","runnerUpPartyId":"CPC","margin":41.566265060240966,"top":[{"id":"julie-dabrusin","name":"Julie Dabrusin","shortName":"Dabrusin","partyId":"LIB","votes":103,"share":62.048192771084345},{"id":"ashik-hussain","name":"Ashik Hussain","shortName":"Hussain","partyId":"CPC","votes":34,"share":20.481927710843372},{"id":"clare-hacksel","name":"Clare Hacksel","shortName":"Hacksel","partyId":"NDP","votes":25,"share":15.060240963855422},{"id":"silvia-stardust","name":"Silvia Stardust","shortName":"Stardust","partyId":"GRN","votes":2,"share":1.2048192771084338}],"partyVotes":{"LIB":103,"CPC":34,"BQ":0,"NDP":25,"GRN":2,"PPC":0,"OTH":2}}},"geometry":{"type":"Polygon","coordinates":[[[612.32,77.04],[612.35,77],[612.37,77.02],[612.35,77.05],[612.32,77.04]]]}},{"type":"Feature","id":"35110-166","properties":{"ridingCode":"35110","pollNumber":"166","pollType":"N","advancePollNumber":"610","sourceCode":"166-0","geometryPollNumbers":["166"],"code":"35110-166","resultPollNumbers":["166"],"resultStatus":"exact","result":{"electors":484,"voters":184,"totalVotes":184,"rejected":0,"turnout":38.01652892561984,"winnerId":"julie-dabrusin","winnerPartyId":"LIB","runnerUpId":"ashik-hussain","runnerUpPartyId":"CPC","margin":33.15217391304348,"top":[{"id":"julie-dabrusin","name":"Julie Dabrusin","shortName":"Dabrusin","partyId":"LIB","votes":108,"share":58.69565217391305},{"id":"ashik-hussain","name":"Ashik Hussain","shortName":"Hussain","partyId":"CPC","votes":47,"share":25.543478260869566},{"id":"clare-hacksel","name":"Clare Hacksel","shortName":"Hacksel","partyId":"NDP","votes":24,"share":13.043478260869565},{"id":"silvia-stardust","name":"Silvia Stardust","shortName":"Stardust","partyId":"GRN","votes":3,"share":1.6304347826086956}],"partyVotes":{"LIB":108,"CPC":47,"BQ":0,"NDP":24,"GRN":3,"PPC":0,"OTH":2}}},"geometry":{"type":"Polygon","coordinates":[[[612.32,77.03],[612.33,77.01],[612.34,77],[612.35,77],[612.32,77.04],[612.32,77.04],[612.31,77.05],[612.31,77.05],[612.32,77.03]]]}},{"type":"Feature","id":"35110-167","properties":{"ridingCode":"35110","pollNumber":"167","pollType":"N","advancePollNumber":"610","sourceCode":"167-0","geometryPollNumbers":["167"],"code":"35110-167","resultPollNumbers":["167"],"resultStatus":"exact","result":{"electors":509,"voters":159,"totalVotes":158,"rejected":1,"turnout":31.237721021611005,"winnerId":"julie-dabrusin","winnerPartyId":"LIB","runnerUpId":"ashik-hussain","runnerUpPartyId":"CPC","margin":43.67088607594937,"top":[{"id":"julie-dabrusin","name":"Julie Dabrusin","shortName":"Dabrusin","partyId":"LIB","votes":100,"share":63.29113924050633},{"id":"ashik-hussain","name":"Ashik Hussain","shortName":"Hussain","partyId":"CPC","votes":31,"share":19.62025316455696},{"id":"clare-hacksel","name":"Clare Hacksel","shortName":"Hacksel","partyId":"NDP","votes":26,"share":16.455696202531644},{"id":"liz-white","name":"Liz White","shortName":"White","partyId":"OTH","votes":1,"share":0.6329113924050633}],"partyVotes":{"LIB":100,"CPC":31,"BQ":0,"NDP":26,"GRN":0,"PPC":0,"OTH":1}}},"geometry":{"type":"Polygon","coordinates":[[[612.32,77.03],[612.3,77.02],[612.32,76.98],[612.33,76.97],[612.33,76.98],[612.32,76.99],[612.32,76.99],[612.32,76.99],[612.33,77],[612.31,77.01],[612.32,77.02],[612.31,77.02],[612.32,77.02],[612.32,77.01],[612.33,77.01],[612.32,77.03]]]}},{"type":"Feature","id":"35110-168","properties":{"ridingCode":"35110","pollNumber":"168","pollType":"N","advancePollNumber":"610","sourceCode":"168-0","geometryPollNumbers":["168"],"code":"35110-168","resultPollNumbers":["168"],"resultStatus":"exact","result":{"electors":523,"voters":161,"totalVotes":160,"rejected":1,"turnout":30.78393881453155,"winnerId":"julie-dabrusin","winnerPartyId":"LIB","runnerUpId":"ashik-hussain","runnerUpPartyId":"CPC","margin":33.125,"top":[{"id":"julie-dabrusin","name":"Julie Dabrusin","shortName":"Dabrusin","partyId":"LIB","votes":90,"share":56.25},{"id":"ashik-hussain","name":"Ashik Hussain","shortName":"Hussain","partyId":"CPC","votes":37,"share":23.125},{"id":"clare-hacksel","name":"Clare Hacksel","shortName":"Hacksel","partyId":"NDP","votes":32,"share":20},{"id":"liz-white","name":"Liz White","shortName":"White","partyId":"OTH","votes":1,"share":0.625}],"partyVotes":{"LIB":90,"CPC":37,"BQ":0,"NDP":32,"GRN":0,"PPC":0,"OTH":1}}},"geometry":{"type":"Polygon","coordinates":[[[612.31,77.01],[612.33,77],[612.32,76.99],[612.32,76.99],[612.34,77],[612.33,77.01],[612.32,77.01],[612.32,77.02],[612.31,77.02],[612.32,77.02],[612.31,77.01]]]}},{"type":"Feature","id":"35110-169","properties":{"ridingCode":"35110","pollNumber":"169","pollType":"N","advancePollNumber":"610","sourceCode":"169-0","geometryPollNumbers":["169"],"code":"35110-169","resultPollNumbers":["169"],"resultStatus":"exact","result":{"electors":372,"voters":157,"totalVotes":156,"rejected":1,"turnout":42.204301075268816,"winnerId":"julie-dabrusin","winnerPartyId":"LIB","runnerUpId":"ashik-hussain","runnerUpPartyId":"CPC","margin":58.97435897435898,"top":[{"id":"julie-dabrusin","name":"Julie Dabrusin","shortName":"Dabrusin","partyId":"LIB","votes":115,"share":73.71794871794873},{"id":"ashik-hussain","name":"Ashik Hussain","shortName":"Hussain","partyId":"CPC","votes":23,"share":14.743589743589745},{"id":"clare-hacksel","name":"Clare Hacksel","shortName":"Hacksel","partyId":"NDP","votes":17,"share":10.897435897435898},{"id":"silvia-stardust","name":"Silvia Stardust","shortName":"Stardust","partyId":"GRN","votes":1,"share":0.641025641025641}],"partyVotes":{"LIB":115,"CPC":23,"BQ":0,"NDP":17,"GRN":1,"PPC":0,"OTH":0}}},"geometry":{"type":"Polygon","coordinates":[[[612.37,77.02],[612.35,77],[612.36,76.98],[612.37,76.98],[612.39,77],[612.38,77.02],[612.37,77.02],[612.37,77.02]]]}},{"type":"Feature","id":"35110-170A+170B","properties":{"ridingCode":"35110","pollNumber":"170A+170B","pollType":"N","advancePollNumber":"611","sourceCode":"171-0","geometryPollNumbers":["170","171","411","412","413"],"code":"35110-170A+170B","resultPollNumbers":["170A","170B"],"resultStatus":"resolved-combination","result":{"electors":795,"voters":675,"totalVotes":675,"rejected":0,"turnout":84.90566037735849,"winnerId":"julie-dabrusin","winnerPartyId":"LIB","runnerUpId":"ashik-hussain","runnerUpPartyId":"CPC","margin":40,"top":[{"id":"julie-dabrusin","name":"Julie Dabrusin","shortName":"Dabrusin","partyId":"LIB","votes":443,"share":65.62962962962963},{"id":"ashik-hussain","name":"Ashik Hussain","shortName":"Hussain","partyId":"CPC","votes":173,"share":25.62962962962963},{"id":"clare-hacksel","name":"Clare Hacksel","shortName":"Hacksel","partyId":"NDP","votes":50,"share":7.4074074074074066},{"id":"silvia-stardust","name":"Silvia Stardust","shortName":"Stardust","partyId":"GRN","votes":6,"share":0.8888888888888888}],"partyVotes":{"LIB":443,"CPC":173,"BQ":0,"NDP":50,"GRN":6,"PPC":0,"OTH":3}}},"geometry":{"type":"MultiPolygon","coordinates":[[[[612.29,76.87],[612.31,76.84],[612.31,76.84],[612.34,76.88],[612.33,76.89],[612.31,76.88],[612.29,76.87]]],[[[612.33,76.98],[612.33,76.98],[612.33,76.98],[612.33,76.98]]],[[[612.33,76.98],[612.33,76.98],[612.33,76.98],[612.33,76.98]]],[[[612.33,76.98],[612.33,76.98],[612.33,76.98],[612.33,76.98]]],[[[612.32,76.99],[612.32,76.99],[612.33,76.98],[612.33,76.97],[612.33,76.97],[612.34,76.96],[612.34,76.97],[612.37,76.98],[612.36,76.98],[612.35,77],[612.34,77],[612.32,76.99]],[[612.33,76.98],[612.33,76.98],[612.33,76.98],[612.33,76.98],[612.33,76.98]],[[612.33,76.98],[612.33,76.98],[612.33,76.98],[612.33,76.98]]]]}},{"type":"Feature","id":"35110-172A+172B","properties":{"ridingCode":"35110","pollNumber":"172A+172B","pollType":"N","advancePollNumber":"611","sourceCode":"172-0","geometryPollNumbers":["172"],"code":"35110-172A+172B","resultPollNumbers":["172A","172B"],"resultStatus":"resolved-suffix","result":{"electors":848,"voters":397,"totalVotes":394,"rejected":3,"turnout":46.81603773584906,"winnerId":"julie-dabrusin","winnerPartyId":"LIB","runnerUpId":"ashik-hussain","runnerUpPartyId":"CPC","margin":39.08629441624365,"top":[{"id":"julie-dabrusin","name":"Julie Dabrusin","shortName":"Dabrusin","partyId":"LIB","votes":255,"share":64.72081218274111},{"id":"ashik-hussain","name":"Ashik Hussain","shortName":"Hussain","partyId":"CPC","votes":101,"share":25.63451776649746},{"id":"clare-hacksel","name":"Clare Hacksel","shortName":"Hacksel","partyId":"NDP","votes":36,"share":9.137055837563452},{"id":"silvia-stardust","name":"Silvia Stardust","shortName":"Stardust","partyId":"GRN","votes":1,"share":0.25380710659898476}],"partyVotes":{"LIB":255,"CPC":101,"BQ":0,"NDP":36,"GRN":1,"PPC":0,"OTH":1}}},"geometry":{"type":"Polygon","coordinates":[[[612.4,77.04],[612.39,77.03],[612.4,77],[612.41,77.01],[612.42,77.01],[612.4,77.04]]]}},{"type":"Feature","id":"35110-173","properties":{"ridingCode":"35110","pollNumber":"173","pollType":"N","advancePollNumber":"611","sourceCode":"173-0","geometryPollNumbers":["173"],"code":"35110-173","resultPollNumbers":["173"],"resultStatus":"exact","result":{"electors":452,"voters":136,"totalVotes":136,"rejected":0,"turnout":30.08849557522124,"winnerId":"julie-dabrusin","winnerPartyId":"LIB","runnerUpId":"ashik-hussain","runnerUpPartyId":"CPC","margin":55.14705882352941,"top":[{"id":"julie-dabrusin","name":"Julie Dabrusin","shortName":"Dabrusin","partyId":"LIB","votes":100,"share":73.52941176470588},{"id":"ashik-hussain","name":"Ashik Hussain","shortName":"Hussain","partyId":"CPC","votes":25,"share":18.38235294117647},{"id":"clare-hacksel","name":"Clare Hacksel","shortName":"Hacksel","partyId":"NDP","votes":11,"share":8.088235294117647},{"id":"silvia-stardust","name":"Silvia Stardust","shortName":"Stardust","partyId":"GRN","votes":0,"share":0}],"partyVotes":{"LIB":100,"CPC":25,"BQ":0,"NDP":11,"GRN":0,"PPC":0,"OTH":0}}},"geometry":{"type":"Polygon","coordinates":[[[612.38,77.02],[612.39,77],[612.4,77],[612.39,77.03],[612.38,77.02]]]}},{"type":"Feature","id":"35110-174","properties":{"ridingCode":"35110","pollNumber":"174","pollType":"N","advancePollNumber":"611","sourceCode":"174-0","geometryPollNumbers":["174"],"code":"35110-174","resultPollNumbers":["174"],"resultStatus":"exact","result":{"electors":574,"voters":246,"totalVotes":244,"rejected":2,"turnout":42.857142857142854,"winnerId":"julie-dabrusin","winnerPartyId":"LIB","runnerUpId":"ashik-hussain","runnerUpPartyId":"CPC","margin":43.0327868852459,"top":[{"id":"julie-dabrusin","name":"Julie Dabrusin","shortName":"Dabrusin","partyId":"LIB","votes":160,"share":65.57377049180327},{"id":"ashik-hussain","name":"Ashik Hussain","shortName":"Hussain","partyId":"CPC","votes":55,"share":22.540983606557376},{"id":"clare-hacksel","name":"Clare Hacksel","shortName":"Hacksel","partyId":"NDP","votes":27,"share":11.065573770491802},{"id":"silvia-stardust","name":"Silvia Stardust","shortName":"Stardust","partyId":"GRN","votes":1,"share":0.4098360655737705}],"partyVotes":{"LIB":160,"CPC":55,"BQ":0,"NDP":27,"GRN":1,"PPC":0,"OTH":1}}},"geometry":{"type":"Polygon","coordinates":[[[612.41,77.04],[612.41,77.04],[612.4,77.04],[612.42,77.01],[612.41,77.01],[612.43,76.97],[612.45,76.99],[612.43,77.02],[612.44,77.02],[612.42,77.05],[612.41,77.04]]]}},{"type":"Feature","id":"35110-175","properties":{"ridingCode":"35110","pollNumber":"175","pollType":"N","advancePollNumber":"611","sourceCode":"175-0","geometryPollNumbers":["175"],"code":"35110-175","resultPollNumbers":["175"],"resultStatus":"exact","result":{"electors":411,"voters":161,"totalVotes":160,"rejected":1,"turnout":39.17274939172749,"winnerId":"julie-dabrusin","winnerPartyId":"LIB","runnerUpId":"ashik-hussain","runnerUpPartyId":"CPC","margin":43.125,"top":[{"id":"julie-dabrusin","name":"Julie Dabrusin","shortName":"Dabrusin","partyId":"LIB","votes":106,"share":66.25},{"id":"ashik-hussain","name":"Ashik Hussain","shortName":"Hussain","partyId":"CPC","votes":37,"share":23.125},{"id":"clare-hacksel","name":"Clare Hacksel","shortName":"Hacksel","partyId":"NDP","votes":13,"share":8.125},{"id":"silvia-stardust","name":"Silvia Stardust","shortName":"Stardust","partyId":"GRN","votes":3,"share":1.875}],"partyVotes":{"LIB":106,"CPC":37,"BQ":0,"NDP":13,"GRN":3,"PPC":0,"OTH":1}}},"geometry":{"type":"Polygon","coordinates":[[[612.33,76.89],[612.34,76.88],[612.31,76.84],[612.43,76.72],[612.52,76.53],[612.53,76.52],[612.55,76.55],[612.6,76.66],[612.61,76.71],[612.69,76.73],[612.61,76.94],[612.64,76.96],[612.63,77.06],[612.63,77.07],[612.6,77.09],[612.6,77.09],[612.6,77.1],[612.6,77.11],[612.55,77.08],[612.51,77.05],[612.52,77.05],[612.52,77.04],[612.52,77.03],[612.51,77.05],[612.5,77.06],[612.48,77.05],[612.48,77.05],[612.47,77.04],[612.46,77.04],[612.45,77.03],[612.43,77.05],[612.42,77.05],[612.42,77.05],[612.44,77.02],[612.43,77.02],[612.45,76.99],[612.43,76.97],[612.41,77.01],[612.4,77],[612.39,77],[612.37,76.98],[612.34,76.97],[612.34,76.96],[612.37,76.94],[612.38,76.93],[612.38,76.92],[612.37,76.91],[612.35,76.89],[612.33,76.89]]]}},{"type":"Feature","id":"35110-400","properties":{"ridingCode":"35110","pollNumber":"400","pollType":"S","advancePollNumber":"602","sourceCode":"400-0","geometryPollNumbers":["400"],"code":"35110-400","resultPollNumbers":["400"],"resultStatus":"exact","result":{"electors":284,"voters":168,"totalVotes":167,"rejected":1,"turnout":59.154929577464785,"winnerId":"julie-dabrusin","winnerPartyId":"LIB","runnerUpId":"clare-hacksel","runnerUpPartyId":"NDP","margin":32.93413173652694,"top":[{"id":"julie-dabrusin","name":"Julie Dabrusin","shortName":"Dabrusin","partyId":"LIB","votes":92,"share":55.08982035928144},{"id":"clare-hacksel","name":"Clare Hacksel","shortName":"Hacksel","partyId":"NDP","votes":37,"share":22.15568862275449},{"id":"ashik-hussain","name":"Ashik Hussain","shortName":"Hussain","partyId":"CPC","votes":33,"share":19.760479041916167},{"id":"silvia-stardust","name":"Silvia Stardust","shortName":"Stardust","partyId":"GRN","votes":4,"share":2.3952095808383236}],"partyVotes":{"LIB":92,"CPC":33,"BQ":0,"NDP":37,"GRN":4,"PPC":0,"OTH":1}}},"geometry":{"type":"Polygon","coordinates":[[[612.33,77.34],[612.33,77.34],[612.33,77.34],[612.33,77.34]]]}},{"type":"Feature","id":"35110-401","properties":{"ridingCode":"35110","pollNumber":"401","pollType":"S","advancePollNumber":"601","sourceCode":"401-0","geometryPollNumbers":["401"],"code":"35110-401","resultPollNumbers":["401"],"resultStatus":"exact","result":{"electors":258,"voters":173,"totalVotes":171,"rejected":2,"turnout":67.05426356589147,"winnerId":"julie-dabrusin","winnerPartyId":"LIB","runnerUpId":"ashik-hussain","runnerUpPartyId":"CPC","margin":42.10526315789473,"top":[{"id":"julie-dabrusin","name":"Julie Dabrusin","shortName":"Dabrusin","partyId":"LIB","votes":114,"share":66.66666666666666},{"id":"ashik-hussain","name":"Ashik Hussain","shortName":"Hussain","partyId":"CPC","votes":42,"share":24.561403508771928},{"id":"clare-hacksel","name":"Clare Hacksel","shortName":"Hacksel","partyId":"NDP","votes":12,"share":7.017543859649122},{"id":"silvia-stardust","name":"Silvia Stardust","shortName":"Stardust","partyId":"GRN","votes":2,"share":1.1695906432748537}],"partyVotes":{"LIB":114,"CPC":42,"BQ":0,"NDP":12,"GRN":2,"PPC":0,"OTH":1}}},"geometry":{"type":"Polygon","coordinates":[[[612.22,77.26],[612.22,77.26],[612.22,77.26],[612.22,77.26]]]}},{"type":"Feature","id":"35110-402","properties":{"ridingCode":"35110","pollNumber":"402","pollType":"S","advancePollNumber":"603","sourceCode":"402-0","geometryPollNumbers":["402"],"code":"35110-402","resultPollNumbers":["402"],"resultStatus":"exact","result":{"electors":325,"voters":179,"totalVotes":176,"rejected":3,"turnout":55.07692307692308,"winnerId":"julie-dabrusin","winnerPartyId":"LIB","runnerUpId":"clare-hacksel","runnerUpPartyId":"NDP","margin":29.545454545454547,"top":[{"id":"julie-dabrusin","name":"Julie Dabrusin","shortName":"Dabrusin","partyId":"LIB","votes":96,"share":54.54545454545454},{"id":"clare-hacksel","name":"Clare Hacksel","shortName":"Hacksel","partyId":"NDP","votes":44,"share":25},{"id":"ashik-hussain","name":"Ashik Hussain","shortName":"Hussain","partyId":"CPC","votes":32,"share":18.181818181818183},{"id":"silvia-stardust","name":"Silvia Stardust","shortName":"Stardust","partyId":"GRN","votes":3,"share":1.7045454545454544}],"partyVotes":{"LIB":96,"CPC":32,"BQ":0,"NDP":44,"GRN":3,"PPC":0,"OTH":1}}},"geometry":{"type":"Polygon","coordinates":[[[612.41,77.28],[612.41,77.28],[612.41,77.28],[612.41,77.28]]]}},{"type":"Feature","id":"35110-403","properties":{"ridingCode":"35110","pollNumber":"403","pollType":"S","advancePollNumber":"606","sourceCode":"403-0","geometryPollNumbers":["403"],"code":"35110-403","resultPollNumbers":["403"],"resultStatus":"exact","result":{"electors":276,"voters":184,"totalVotes":183,"rejected":1,"turnout":66.66666666666666,"winnerId":"julie-dabrusin","winnerPartyId":"LIB","runnerUpId":"clare-hacksel","runnerUpPartyId":"NDP","margin":62.295081967213115,"top":[{"id":"julie-dabrusin","name":"Julie Dabrusin","shortName":"Dabrusin","partyId":"LIB","votes":137,"share":74.86338797814209},{"id":"clare-hacksel","name":"Clare Hacksel","shortName":"Hacksel","partyId":"NDP","votes":23,"share":12.568306010928962},{"id":"ashik-hussain","name":"Ashik Hussain","shortName":"Hussain","partyId":"CPC","votes":15,"share":8.19672131147541},{"id":"silvia-stardust","name":"Silvia Stardust","shortName":"Stardust","partyId":"GRN","votes":6,"share":3.278688524590164}],"partyVotes":{"LIB":137,"CPC":15,"BQ":0,"NDP":23,"GRN":6,"PPC":0,"OTH":2}}},"geometry":{"type":"Polygon","coordinates":[[[612.22,77.23],[612.22,77.23],[612.22,77.23],[612.22,77.23]]]}},{"type":"Feature","id":"35110-404","properties":{"ridingCode":"35110","pollNumber":"404","pollType":"S","advancePollNumber":"605","sourceCode":"404-0","geometryPollNumbers":["404"],"code":"35110-404","resultPollNumbers":["404"],"resultStatus":"exact","result":{"electors":129,"voters":71,"totalVotes":69,"rejected":2,"turnout":55.03875968992248,"winnerId":"julie-dabrusin","winnerPartyId":"LIB","runnerUpId":"clare-hacksel","runnerUpPartyId":"NDP","margin":21.73913043478261,"top":[{"id":"julie-dabrusin","name":"Julie Dabrusin","shortName":"Dabrusin","partyId":"LIB","votes":36,"share":52.17391304347826},{"id":"clare-hacksel","name":"Clare Hacksel","shortName":"Hacksel","partyId":"NDP","votes":21,"share":30.434782608695656},{"id":"ashik-hussain","name":"Ashik Hussain","shortName":"Hussain","partyId":"CPC","votes":8,"share":11.594202898550725},{"id":"silvia-stardust","name":"Silvia Stardust","shortName":"Stardust","partyId":"GRN","votes":2,"share":2.898550724637681}],"partyVotes":{"LIB":36,"CPC":8,"BQ":0,"NDP":21,"GRN":2,"PPC":0,"OTH":2}}},"geometry":{"type":"Polygon","coordinates":[[[612.38,77.13],[612.38,77.13],[612.38,77.13],[612.38,77.13]]]}},{"type":"Feature","id":"35110-405","properties":{"ridingCode":"35110","pollNumber":"405","pollType":"S","advancePollNumber":"606","sourceCode":"405-0","geometryPollNumbers":["405"],"code":"35110-405","resultPollNumbers":["405"],"resultStatus":"exact","result":{"electors":333,"voters":112,"totalVotes":112,"rejected":0,"turnout":33.633633633633636,"winnerId":"julie-dabrusin","winnerPartyId":"LIB","runnerUpId":"ashik-hussain","runnerUpPartyId":"CPC","margin":44.642857142857146,"top":[{"id":"julie-dabrusin","name":"Julie Dabrusin","shortName":"Dabrusin","partyId":"LIB","votes":72,"share":64.28571428571429},{"id":"ashik-hussain","name":"Ashik Hussain","shortName":"Hussain","partyId":"CPC","votes":22,"share":19.642857142857142},{"id":"clare-hacksel","name":"Clare Hacksel","shortName":"Hacksel","partyId":"NDP","votes":15,"share":13.392857142857142},{"id":"liz-white","name":"Liz White","shortName":"White","partyId":"OTH","votes":2,"share":1.7857142857142856}],"partyVotes":{"LIB":72,"CPC":22,"BQ":0,"NDP":15,"GRN":1,"PPC":0,"OTH":2}}},"geometry":{"type":"Polygon","coordinates":[[[612.22,77.18],[612.22,77.18],[612.22,77.18],[612.22,77.18]]]}},{"type":"Feature","id":"35110-406","properties":{"ridingCode":"35110","pollNumber":"406","pollType":"S","advancePollNumber":"606","sourceCode":"406-0","geometryPollNumbers":["406"],"code":"35110-406","resultPollNumbers":["406"],"resultStatus":"exact","result":{"electors":313,"voters":142,"totalVotes":142,"rejected":0,"turnout":45.367412140575084,"winnerId":"julie-dabrusin","winnerPartyId":"LIB","runnerUpId":"clare-hacksel","runnerUpPartyId":"NDP","margin":47.183098591549296,"top":[{"id":"julie-dabrusin","name":"Julie Dabrusin","shortName":"Dabrusin","partyId":"LIB","votes":95,"share":66.90140845070422},{"id":"clare-hacksel","name":"Clare Hacksel","shortName":"Hacksel","partyId":"NDP","votes":28,"share":19.718309859154928},{"id":"ashik-hussain","name":"Ashik Hussain","shortName":"Hussain","partyId":"CPC","votes":16,"share":11.267605633802818},{"id":"liz-white","name":"Liz White","shortName":"White","partyId":"OTH","votes":2,"share":1.4084507042253522}],"partyVotes":{"LIB":95,"CPC":16,"BQ":0,"NDP":28,"GRN":1,"PPC":0,"OTH":2}}},"geometry":{"type":"Polygon","coordinates":[[[612.22,77.18],[612.22,77.18],[612.22,77.17],[612.22,77.18]]]}},{"type":"Feature","id":"35110-407","properties":{"ridingCode":"35110","pollNumber":"407","pollType":"S","advancePollNumber":"606","sourceCode":"407-0","geometryPollNumbers":["407"],"code":"35110-407","resultPollNumbers":["407"],"resultStatus":"exact","result":{"electors":111,"voters":64,"totalVotes":64,"rejected":0,"turnout":57.65765765765766,"winnerId":"julie-dabrusin","winnerPartyId":"LIB","runnerUpId":"clare-hacksel","runnerUpPartyId":"NDP","margin":23.4375,"top":[{"id":"julie-dabrusin","name":"Julie Dabrusin","shortName":"Dabrusin","partyId":"LIB","votes":32,"share":50},{"id":"clare-hacksel","name":"Clare Hacksel","shortName":"Hacksel","partyId":"NDP","votes":17,"share":26.5625},{"id":"ashik-hussain","name":"Ashik Hussain","shortName":"Hussain","partyId":"CPC","votes":12,"share":18.75},{"id":"liz-white","name":"Liz White","shortName":"White","partyId":"OTH","votes":2,"share":3.125}],"partyVotes":{"LIB":32,"CPC":12,"BQ":0,"NDP":17,"GRN":1,"PPC":0,"OTH":2}}},"geometry":{"type":"Polygon","coordinates":[[[612.23,77.16],[612.23,77.16],[612.23,77.16],[612.23,77.16]]]}},{"type":"Feature","id":"35110-408","properties":{"ridingCode":"35110","pollNumber":"408","pollType":"S","advancePollNumber":"608","sourceCode":"408-0","geometryPollNumbers":["408"],"code":"35110-408","resultPollNumbers":["408"],"resultStatus":"exact","result":{"electors":107,"voters":64,"totalVotes":63,"rejected":1,"turnout":59.813084112149525,"winnerId":"julie-dabrusin","winnerPartyId":"LIB","runnerUpId":"ashik-hussain","runnerUpPartyId":"CPC","margin":38.095238095238095,"top":[{"id":"julie-dabrusin","name":"Julie Dabrusin","shortName":"Dabrusin","partyId":"LIB","votes":38,"share":60.317460317460316},{"id":"ashik-hussain","name":"Ashik Hussain","shortName":"Hussain","partyId":"CPC","votes":14,"share":22.22222222222222},{"id":"clare-hacksel","name":"Clare Hacksel","shortName":"Hacksel","partyId":"NDP","votes":7,"share":11.11111111111111},{"id":"silvia-stardust","name":"Silvia Stardust","shortName":"Stardust","partyId":"GRN","votes":3,"share":4.761904761904762}],"partyVotes":{"LIB":38,"CPC":14,"BQ":0,"NDP":7,"GRN":3,"PPC":0,"OTH":1}}},"geometry":{"type":"Polygon","coordinates":[[[612.46,77.1],[612.46,77.1],[612.46,77.1],[612.46,77.1]]]}},{"type":"Feature","id":"35110-409","properties":{"ridingCode":"35110","pollNumber":"409","pollType":"S","advancePollNumber":"611","sourceCode":"409-0","geometryPollNumbers":["409"],"code":"35110-409","resultPollNumbers":["409"],"resultStatus":"exact","result":{"electors":171,"voters":85,"totalVotes":83,"rejected":2,"turnout":49.707602339181285,"winnerId":"julie-dabrusin","winnerPartyId":"LIB","runnerUpId":"clare-hacksel","runnerUpPartyId":"NDP","margin":54.21686746987952,"top":[{"id":"julie-dabrusin","name":"Julie Dabrusin","shortName":"Dabrusin","partyId":"LIB","votes":59,"share":71.08433734939759},{"id":"clare-hacksel","name":"Clare Hacksel","shortName":"Hacksel","partyId":"NDP","votes":14,"share":16.867469879518072},{"id":"ashik-hussain","name":"Ashik Hussain","shortName":"Hussain","partyId":"CPC","votes":10,"share":12.048192771084338},{"id":"silvia-stardust","name":"Silvia Stardust","shortName":"Stardust","partyId":"GRN","votes":0,"share":0}],"partyVotes":{"LIB":59,"CPC":10,"BQ":0,"NDP":14,"GRN":0,"PPC":0,"OTH":0}}},"geometry":{"type":"Polygon","coordinates":[[[612.44,77.06],[612.43,77.06],[612.44,77.06],[612.44,77.06]]]}},{"type":"Feature","id":"35110-410","properties":{"ridingCode":"35110","pollNumber":"410","pollType":"S","advancePollNumber":"610","sourceCode":"410-0","geometryPollNumbers":["410"],"code":"35110-410","resultPollNumbers":["410"],"resultStatus":"exact","result":{"electors":147,"voters":83,"totalVotes":83,"rejected":0,"turnout":56.4625850340136,"winnerId":"julie-dabrusin","winnerPartyId":"LIB","runnerUpId":"ashik-hussain","runnerUpPartyId":"CPC","margin":43.373493975903614,"top":[{"id":"julie-dabrusin","name":"Julie Dabrusin","shortName":"Dabrusin","partyId":"LIB","votes":53,"share":63.85542168674698},{"id":"ashik-hussain","name":"Ashik Hussain","shortName":"Hussain","partyId":"CPC","votes":17,"share":20.481927710843372},{"id":"clare-hacksel","name":"Clare Hacksel","shortName":"Hacksel","partyId":"NDP","votes":11,"share":13.253012048192772},{"id":"liz-white","name":"Liz White","shortName":"White","partyId":"OTH","votes":2,"share":2.4096385542168677}],"partyVotes":{"LIB":53,"CPC":17,"BQ":0,"NDP":11,"GRN":0,"PPC":0,"OTH":2}}},"geometry":{"type":"Polygon","coordinates":[[[612.36,77.09],[612.37,77.08],[612.37,77.08],[612.36,77.09]]]}},{"type":"Feature","id":"35110-500","properties":{"ridingCode":"35110","pollNumber":"500","pollType":"M","advancePollNumber":"601","sourceCode":"500-0","geometryPollNumbers":["500"],"code":"35110-500","resultPollNumbers":["500"],"resultStatus":"exact","result":{"electors":31,"voters":66,"totalVotes":66,"rejected":0,"turnout":212.9032258064516,"winnerId":"julie-dabrusin","winnerPartyId":"LIB","runnerUpId":"clare-hacksel","runnerUpPartyId":"NDP","margin":45.45454545454545,"top":[{"id":"julie-dabrusin","name":"Julie Dabrusin","shortName":"Dabrusin","partyId":"LIB","votes":44,"share":66.66666666666666},{"id":"clare-hacksel","name":"Clare Hacksel","shortName":"Hacksel","partyId":"NDP","votes":14,"share":21.21212121212121},{"id":"ashik-hussain","name":"Ashik Hussain","shortName":"Hussain","partyId":"CPC","votes":6,"share":9.090909090909092},{"id":"silvia-stardust","name":"Silvia Stardust","shortName":"Stardust","partyId":"GRN","votes":2,"share":3.0303030303030303}],"partyVotes":{"LIB":44,"CPC":6,"BQ":0,"NDP":14,"GRN":2,"PPC":0,"OTH":0}}},"geometry":{"type":"Polygon","coordinates":[[[612.21,77.34],[612.21,77.34],[612.21,77.34],[612.21,77.34],[612.21,77.34]]]}},{"type":"Feature","id":"35110-503","properties":{"ridingCode":"35110","pollNumber":"503","pollType":"M","advancePollNumber":"611","sourceCode":"503-0","geometryPollNumbers":["502","503"],"code":"35110-503","resultPollNumbers":["503"],"resultStatus":"resolved-combination","result":{"electors":116,"voters":83,"totalVotes":79,"rejected":4,"turnout":71.55172413793103,"winnerId":"julie-dabrusin","winnerPartyId":"LIB","runnerUpId":"ashik-hussain","runnerUpPartyId":"CPC","margin":44.303797468354425,"top":[{"id":"julie-dabrusin","name":"Julie Dabrusin","shortName":"Dabrusin","partyId":"LIB","votes":52,"share":65.82278481012658},{"id":"ashik-hussain","name":"Ashik Hussain","shortName":"Hussain","partyId":"CPC","votes":17,"share":21.518987341772153},{"id":"clare-hacksel","name":"Clare Hacksel","shortName":"Hacksel","partyId":"NDP","votes":6,"share":7.59493670886076},{"id":"silvia-stardust","name":"Silvia Stardust","shortName":"Stardust","partyId":"GRN","votes":2,"share":2.5316455696202533}],"partyVotes":{"LIB":52,"CPC":17,"BQ":0,"NDP":6,"GRN":2,"PPC":0,"OTH":2}}},"geometry":{"type":"MultiPolygon","coordinates":[[[[612.47,77.08],[612.47,77.08],[612.47,77.08],[612.47,77.08]]],[[[612.49,77.09],[612.48,77.09],[612.48,77.09],[612.49,77.09]]]]}}]}