{"type":"FeatureCollection","ridingCode":"48037","ridingName":"Yellowhead","result":{"electors":94098,"voters":69774,"totalVotes":69290,"rejected":484,"turnout":74.15035388637378,"winnerId":"william-stevenson","winnerPartyId":"CPC","runnerUpId":"michael-fark","runnerUpPartyId":"LIB","margin":43.86491557223265,"top":[{"id":"william-stevenson","name":"William Stevenson","shortName":"Stevenson","partyId":"CPC","votes":47863,"share":69.07634579304373},{"id":"michael-fark","name":"Michael Fark","shortName":"Fark","partyId":"LIB","votes":17469,"share":25.21143022081108},{"id":"avni-soma","name":"Avni Soma","shortName":"Soma","partyId":"NDP","votes":2753,"share":3.973156299610334},{"id":"vicky-bayford","name":"Vicky Bayford","shortName":"Bayford","partyId":"PPC","votes":952,"share":1.3739356328474526},{"id":"dale-heath","name":"Dale Heath","shortName":"Heath","partyId":"OTH","votes":253,"share":0.3651320536874008}],"partyVotes":{"LIB":17469,"CPC":47863,"BQ":0,"NDP":2753,"GRN":0,"PPC":952,"OTH":253}},"buckets":[{"kind":"advance","polls":38,"electors":0,"voters":29009,"totalVotes":28865,"rejected":144,"turnout":0,"winnerId":"william-stevenson","winnerPartyId":"CPC","runnerUpId":"michael-fark","runnerUpPartyId":"LIB","margin":42.33847219816387,"top":[{"id":"william-stevenson","name":"William Stevenson","shortName":"Stevenson","partyId":"CPC","votes":19782,"share":68.53282522085571},{"id":"michael-fark","name":"Michael Fark","shortName":"Fark","partyId":"LIB","votes":7561,"share":26.194353022691843},{"id":"avni-soma","name":"Avni Soma","shortName":"Soma","partyId":"NDP","votes":1081,"share":3.745019920318725},{"id":"vicky-bayford","name":"Vicky Bayford","shortName":"Bayford","partyId":"PPC","votes":359,"share":1.243720769097523},{"id":"dale-heath","name":"Dale Heath","shortName":"Heath","partyId":"OTH","votes":82,"share":0.284081067036203}],"partyVotes":{"LIB":7561,"CPC":19782,"BQ":0,"NDP":1081,"GRN":0,"PPC":359,"OTH":82}},{"kind":"special","polls":2,"electors":367,"voters":6252,"totalVotes":6055,"rejected":197,"turnout":1703.5422343324249,"winnerId":"william-stevenson","winnerPartyId":"CPC","runnerUpId":"michael-fark","runnerUpPartyId":"LIB","margin":32.38645747316268,"top":[{"id":"william-stevenson","name":"William Stevenson","shortName":"Stevenson","partyId":"CPC","votes":3848,"share":63.550784475639965},{"id":"michael-fark","name":"Michael Fark","shortName":"Fark","partyId":"LIB","votes":1887,"share":31.164327002477293},{"id":"avni-soma","name":"Avni Soma","shortName":"Soma","partyId":"NDP","votes":249,"share":4.112303881090009},{"id":"vicky-bayford","name":"Vicky Bayford","shortName":"Bayford","partyId":"PPC","votes":62,"share":1.023947151114781},{"id":"dale-heath","name":"Dale Heath","shortName":"Heath","partyId":"OTH","votes":9,"share":0.1486374896779521}],"partyVotes":{"LIB":1887,"CPC":3848,"BQ":0,"NDP":249,"GRN":0,"PPC":62,"OTH":9}}],"features":[{"type":"Feature","id":"48037-1","properties":{"ridingCode":"48037","pollNumber":"1","pollType":"N","advancePollNumber":"600","sourceCode":"1-0","geometryPollNumbers":["1"],"code":"48037-1","resultPollNumbers":["1"],"resultStatus":"exact","result":{"electors":380,"voters":150,"totalVotes":150,"rejected":0,"turnout":39.473684210526315,"winnerId":"william-stevenson","winnerPartyId":"CPC","runnerUpId":"michael-fark","runnerUpPartyId":"LIB","margin":58.666666666666664,"top":[{"id":"william-stevenson","name":"William Stevenson","shortName":"Stevenson","partyId":"CPC","votes":113,"share":75.33333333333333},{"id":"michael-fark","name":"Michael Fark","shortName":"Fark","partyId":"LIB","votes":25,"share":16.666666666666664},{"id":"avni-soma","name":"Avni Soma","shortName":"Soma","partyId":"NDP","votes":8,"share":5.333333333333334},{"id":"vicky-bayford","name":"Vicky Bayford","shortName":"Bayford","partyId":"PPC","votes":3,"share":2}],"partyVotes":{"LIB":25,"CPC":113,"BQ":0,"NDP":8,"GRN":0,"PPC":3,"OTH":1}}},"geometry":{"type":"Polygon","coordinates":[[[341.8,195.47],[341.84,195.46],[341.9,195.47],[341.96,195.48],[342.02,195.48],[342.04,195.47],[342.07,195.45],[342.16,195.43],[342.23,195.4],[342.28,195.34],[342.31,195.17],[342.33,195.15],[342.47,195.04],[342.49,194.99],[342.47,194.96],[342.47,194.9],[342.49,194.87],[342.56,194.85],[342.66,194.7],[342.69,194.64],[342.77,194.61],[342.82,194.6],[342.87,194.57],[342.9,194.55],[342.99,194.58],[343.04,194.61],[343.07,194.63],[343.18,194.67],[343.3,194.74],[343.36,194.72],[343.43,194.69],[343.47,194.69],[343.5,194.68],[343.59,194.68],[343.74,194.8],[343.78,194.81],[343.83,194.82],[343.86,194.84],[343.89,194.86],[344.02,195.02],[344.11,195.08],[344.38,195.18],[344.59,195.27],[344.62,195.27],[344.74,195.16],[344.79,195.17],[344.87,195.2],[345.05,195.16],[344.96,194.92],[344.77,194.45],[344.38,193.45],[344.47,193.42],[346.02,192.8],[346.13,192.75],[346.32,192.68],[347.14,192.37],[346.99,191.99],[347.15,191.93],[347.57,191.78],[349.75,190.98],[350.06,190.86],[352.71,189.89],[352.98,190.58],[353.11,190.95],[353.13,191],[353.15,191.01],[353.17,191.01],[353.18,191.01],[353.19,191],[353.19,191],[353.21,191.01],[353.22,191.03],[353.24,191.05],[353.25,191.05],[353.26,191.05],[353.27,191.04],[353.27,191.03],[353.26,191.02],[353.26,191.01],[353.26,190.99],[353.28,190.99],[353.29,190.99],[353.34,191.02],[353.35,191.02],[353.36,191.02],[353.36,191.02],[353.37,191],[353.39,190.99],[353.41,190.98],[353.46,190.98],[353.51,190.98],[353.52,190.98],[353.52,190.98],[353.53,191],[353.53,191.01],[353.54,191.01],[353.55,191],[353.57,191.01],[353.6,191.01],[353.61,191.01],[353.62,191],[353.63,190.98],[353.63,190.96],[353.64,190.96],[353.66,190.95],[353.67,190.95],[353.68,190.95],[353.7,190.95],[353.73,190.96],[353.74,190.95],[353.76,190.95],[353.77,190.96],[353.79,190.96],[353.79,190.97],[353.8,190.99],[353.8,190.99],[353.81,190.99],[353.81,190.98],[353.81,190.98],[353.82,190.97],[353.83,190.97],[353.85,190.98],[353.85,190.98],[353.86,190.97],[353.86,190.98],[353.87,190.98],[353.86,190.99],[353.86,191],[353.89,191.03],[353.89,191.04],[353.9,191.05],[353.9,191.05],[353.91,191.06],[353.91,191.06],[353.91,191.09],[353.93,191.11],[353.95,191.13],[353.96,191.13],[353.96,191.14],[353.97,191.15],[353.99,191.15],[354,191.15],[354.01,191.15],[354.02,191.15],[354.04,191.15],[354.04,191.15],[354.04,191.14],[354.04,191.13],[354.04,191.13],[354.07,191.13],[354.08,191.14],[354.09,191.14],[354.09,191.14],[354.11,191.13],[354.11,191.13],[354.13,191.1],[354.15,191.09],[354.17,191.1],[354.19,191.1],[354.22,191.1],[354.23,191.1],[354.24,191.09],[354.25,191.07],[354.25,191.04],[354.25,191.02],[354.27,190.99],[354.3,190.98],[354.32,190.97],[354.32,190.97],[354.32,190.96],[354.32,190.96],[354.34,190.95],[354.34,190.93],[354.35,190.93],[354.36,190.92],[354.38,190.91],[354.38,190.91],[354.39,190.92],[354.43,190.95],[354.44,190.95],[354.45,190.95],[354.45,190.95],[354.45,190.92],[354.46,190.91],[354.47,190.91],[354.48,190.92],[354.49,190.92],[354.5,190.93],[354.51,190.95],[354.53,190.95],[354.55,190.97],[354.56,190.99],[354.56,190.99],[354.55,191],[354.55,191.01],[354.56,191.02],[354.58,191.02],[354.6,191.02],[354.61,191.01],[354.62,191.02],[354.63,191.02],[354.65,191.03],[354.66,191.05],[354.67,191.06],[354.68,191.06],[354.7,191.08],[354.76,191.05],[355.59,190.76],[355.62,190.73],[355.7,190.69],[355.72,190.67],[355.76,190.7],[355.78,190.69],[355.84,190.89],[355.94,191.17],[355.92,191.17],[355.91,191.17],[355.89,191.17],[355.87,191.18],[355.88,191.19],[355.9,191.19],[355.91,191.19],[355.92,191.19],[355.93,191.18],[355.93,191.18],[355.95,191.2],[355.96,191.21],[355.97,191.25],[355.99,191.25],[356,191.25],[356.01,191.25],[356.03,191.26],[356.03,191.27],[356.02,191.28],[356.02,191.29],[356.02,191.3],[356.03,191.3],[356.04,191.31],[356.05,191.3],[356.05,191.29],[356.06,191.28],[356.06,191.27],[356.05,191.26],[356.05,191.25],[356.06,191.25],[356.08,191.25],[356.11,191.27],[356.15,191.3],[356.16,191.3],[356.17,191.29],[356.18,191.28],[356.18,191.27],[356.19,191.27],[356.21,191.28],[356.23,191.3],[356.23,191.3],[356.24,191.31],[356.23,191.32],[356.23,191.33],[356.24,191.33],[356.25,191.33],[356.26,191.32],[356.28,191.28],[356.28,191.27],[356.28,191.26],[356.27,191.26],[356.26,191.26],[356.25,191.25],[356.25,191.25],[356.25,191.24],[356.26,191.23],[356.27,191.24],[356.29,191.24],[356.31,191.24],[356.31,191.23],[356.32,191.21],[356.33,191.2],[356.55,191.8],[357.32,194],[358.21,196.51],[357.67,196.7],[357.53,196.74],[357.34,196.81],[356.4,197.14],[355.53,197.45],[355.19,197.57],[354.78,197.74],[354.53,197.83],[354.3,197.92],[353.2,198.31],[352.98,198.39],[352.3,198.63],[351.63,198.88],[351.26,199.02],[351.25,199.02],[349.11,199.84],[348.97,199.89],[348.96,199.9],[348.9,199.92],[348.53,200.05],[346.85,200.7],[345.47,201.23],[344.69,201.53],[344.27,201.7],[341.8,195.47]],[[346.32,193.13],[346.32,193.14],[346.34,193.15],[346.35,193.18],[346.36,193.18],[346.41,193.18],[346.42,193.19],[346.43,193.22],[346.45,193.23],[346.47,193.24],[346.47,193.25],[346.48,193.26],[346.48,193.28],[346.5,193.28],[346.89,193.1],[346.98,193.06],[346.86,192.74],[346.8,192.6],[346.79,192.6],[346.77,192.61],[346.77,192.62],[346.77,192.65],[346.77,192.65],[346.76,192.65],[346.76,192.65],[346.76,192.67],[346.76,192.67],[346.74,192.67],[346.75,192.69],[346.74,192.7],[346.73,192.7],[346.72,192.7],[346.72,192.7],[346.71,192.71],[346.71,192.71],[346.69,192.7],[346.69,192.7],[346.68,192.71],[346.68,192.72],[346.68,192.74],[346.67,192.74],[346.67,192.74],[346.65,192.74],[346.65,192.75],[346.65,192.75],[346.65,192.77],[346.65,192.77],[346.64,192.77],[346.63,192.77],[346.62,192.76],[346.61,192.77],[346.62,192.77],[346.61,192.79],[346.61,192.8],[346.59,192.8],[346.59,192.81],[346.59,192.84],[346.58,192.84],[346.57,192.84],[346.57,192.84],[346.56,192.85],[346.56,192.85],[346.55,192.85],[346.54,192.83],[346.54,192.83],[346.53,192.82],[346.54,192.86],[346.58,192.98],[346.58,193.01],[346.55,193.02],[346.52,193.01],[346.52,193],[346.5,193],[346.5,193],[346.48,192.99],[346.48,192.99],[346.48,192.99],[346.47,193],[346.45,192.97],[346.43,192.94],[346.42,192.94],[346.4,192.96],[346.38,192.96],[346.37,192.98],[346.37,193],[346.39,193.01],[346.41,193.02],[346.42,193.03],[346.43,193.06],[346.44,193.07],[346.32,193.13]]]}},{"type":"Feature","id":"48037-2","properties":{"ridingCode":"48037","pollNumber":"2","pollType":"N","advancePollNumber":"600","sourceCode":"2-0","geometryPollNumbers":["2","3"],"code":"48037-2","resultPollNumbers":["2"],"resultStatus":"resolved-combination","result":{"electors":416,"voters":240,"totalVotes":237,"rejected":3,"turnout":57.692307692307686,"winnerId":"william-stevenson","winnerPartyId":"CPC","runnerUpId":"michael-fark","runnerUpPartyId":"LIB","margin":53.58649789029536,"top":[{"id":"william-stevenson","name":"William Stevenson","shortName":"Stevenson","partyId":"CPC","votes":175,"share":73.83966244725738},{"id":"michael-fark","name":"Michael Fark","shortName":"Fark","partyId":"LIB","votes":48,"share":20.253164556962027},{"id":"avni-soma","name":"Avni Soma","shortName":"Soma","partyId":"NDP","votes":7,"share":2.9535864978902953},{"id":"vicky-bayford","name":"Vicky Bayford","shortName":"Bayford","partyId":"PPC","votes":5,"share":2.109704641350211}],"partyVotes":{"LIB":48,"CPC":175,"BQ":0,"NDP":7,"GRN":0,"PPC":5,"OTH":2}}},"geometry":{"type":"MultiPolygon","coordinates":[[[[346.36,193.18],[346.35,193.18],[346.34,193.15],[346.32,193.14],[346.32,193.13],[346.44,193.07],[346.46,193.05],[346.43,193.04],[346.43,193.02],[346.45,193],[346.45,193],[346.48,193.01],[346.49,193.03],[346.49,193.03],[346.5,193.04],[346.51,193.05],[346.51,193.06],[346.52,193.06],[346.52,193.07],[346.53,193.08],[346.54,193.08],[346.55,193.09],[346.56,193.1],[346.48,193.28],[346.48,193.26],[346.47,193.25],[346.47,193.24],[346.45,193.23],[346.43,193.22],[346.42,193.19],[346.41,193.18],[346.36,193.18]]],[[[346.53,193.08],[346.54,193.06],[346.54,193.05],[346.54,193.04],[346.58,193.04],[346.61,193.04],[346.6,193.05],[346.61,193.05],[346.61,193.06],[346.6,193.06],[346.6,193.06],[346.61,193.06],[346.6,193.07],[346.6,193.07],[346.61,193.08],[346.57,193.08],[346.56,193.1],[346.55,193.09],[346.54,193.08],[346.53,193.08]]]]}},{"type":"Feature","id":"48037-4","properties":{"ridingCode":"48037","pollNumber":"4","pollType":"N","advancePollNumber":"600","sourceCode":"4-0","geometryPollNumbers":["4"],"code":"48037-4","resultPollNumbers":["4"],"resultStatus":"exact","result":{"electors":310,"voters":109,"totalVotes":109,"rejected":0,"turnout":35.16129032258065,"winnerId":"william-stevenson","winnerPartyId":"CPC","runnerUpId":"michael-fark","runnerUpPartyId":"LIB","margin":60.550458715596335,"top":[{"id":"william-stevenson","name":"William Stevenson","shortName":"Stevenson","partyId":"CPC","votes":82,"share":75.22935779816514},{"id":"michael-fark","name":"Michael Fark","shortName":"Fark","partyId":"LIB","votes":16,"share":14.678899082568808},{"id":"vicky-bayford","name":"Vicky Bayford","shortName":"Bayford","partyId":"PPC","votes":6,"share":5.5045871559633035},{"id":"avni-soma","name":"Avni Soma","shortName":"Soma","partyId":"NDP","votes":5,"share":4.587155963302752}],"partyVotes":{"LIB":16,"CPC":82,"BQ":0,"NDP":5,"GRN":0,"PPC":6,"OTH":0}}},"geometry":{"type":"Polygon","coordinates":[[[346.49,193.03],[346.5,193.03],[346.5,193.03],[346.51,193.02],[346.51,193.02],[346.53,193.02],[346.53,193.03],[346.54,193.03],[346.56,193.03],[346.58,193.03],[346.58,193.04],[346.54,193.04],[346.54,193.05],[346.54,193.06],[346.53,193.08],[346.52,193.07],[346.52,193.06],[346.51,193.06],[346.51,193.05],[346.5,193.04],[346.49,193.03]]]}},{"type":"Feature","id":"48037-6","properties":{"ridingCode":"48037","pollNumber":"6","pollType":"N","advancePollNumber":"600","sourceCode":"6-0","geometryPollNumbers":["6"],"code":"48037-6","resultPollNumbers":["6"],"resultStatus":"exact","result":{"electors":444,"voters":150,"totalVotes":148,"rejected":2,"turnout":33.78378378378378,"winnerId":"william-stevenson","winnerPartyId":"CPC","runnerUpId":"michael-fark","runnerUpPartyId":"LIB","margin":65.54054054054053,"top":[{"id":"william-stevenson","name":"William Stevenson","shortName":"Stevenson","partyId":"CPC","votes":119,"share":80.4054054054054},{"id":"michael-fark","name":"Michael Fark","shortName":"Fark","partyId":"LIB","votes":22,"share":14.864864864864865},{"id":"avni-soma","name":"Avni Soma","shortName":"Soma","partyId":"NDP","votes":4,"share":2.7027027027027026},{"id":"vicky-bayford","name":"Vicky Bayford","shortName":"Bayford","partyId":"PPC","votes":2,"share":1.3513513513513513}],"partyVotes":{"LIB":22,"CPC":119,"BQ":0,"NDP":4,"GRN":0,"PPC":2,"OTH":1}}},"geometry":{"type":"Polygon","coordinates":[[[346.43,192.94],[346.45,192.97],[346.47,193],[346.48,192.99],[346.48,192.99],[346.48,192.99],[346.5,193],[346.5,193],[346.52,193],[346.52,193.01],[346.51,193.01],[346.5,193.01],[346.49,193.03],[346.48,193.01],[346.45,193],[346.45,193],[346.43,193.02],[346.43,193.04],[346.46,193.05],[346.44,193.07],[346.43,193.06],[346.42,193.03],[346.41,193.02],[346.39,193.01],[346.37,193],[346.37,192.98],[346.38,192.96],[346.4,192.96],[346.42,192.94],[346.43,192.94]]]}},{"type":"Feature","id":"48037-7A+7B","properties":{"ridingCode":"48037","pollNumber":"7A+7B","pollType":"N","advancePollNumber":"600","sourceCode":"7-0","geometryPollNumbers":["7"],"code":"48037-7A+7B","resultPollNumbers":["7A","7B"],"resultStatus":"resolved-suffix","result":{"electors":364,"voters":120,"totalVotes":119,"rejected":1,"turnout":32.967032967032964,"winnerId":"william-stevenson","winnerPartyId":"CPC","runnerUpId":"michael-fark","runnerUpPartyId":"LIB","margin":43.69747899159664,"top":[{"id":"william-stevenson","name":"William Stevenson","shortName":"Stevenson","partyId":"CPC","votes":82,"share":68.90756302521008},{"id":"michael-fark","name":"Michael Fark","shortName":"Fark","partyId":"LIB","votes":30,"share":25.210084033613445},{"id":"avni-soma","name":"Avni Soma","shortName":"Soma","partyId":"NDP","votes":4,"share":3.361344537815126},{"id":"vicky-bayford","name":"Vicky Bayford","shortName":"Bayford","partyId":"PPC","votes":2,"share":1.680672268907563}],"partyVotes":{"LIB":30,"CPC":82,"BQ":0,"NDP":4,"GRN":0,"PPC":2,"OTH":1}}},"geometry":{"type":"Polygon","coordinates":[[[346.48,193.28],[346.56,193.1],[346.57,193.08],[346.61,193.08],[346.6,193.07],[346.6,193.07],[346.61,193.06],[346.6,193.06],[346.6,193.06],[346.61,193.06],[346.61,193.05],[346.6,193.05],[346.61,193.04],[346.64,193.05],[346.64,193.02],[346.66,193],[346.68,192.99],[346.69,192.98],[346.7,192.98],[346.64,192.94],[346.62,192.77],[346.61,192.77],[346.62,192.76],[346.63,192.77],[346.64,192.77],[346.65,192.77],[346.65,192.77],[346.65,192.75],[346.65,192.75],[346.65,192.74],[346.67,192.74],[346.67,192.74],[346.68,192.74],[346.68,192.72],[346.68,192.71],[346.69,192.7],[346.69,192.7],[346.71,192.71],[346.71,192.71],[346.72,192.7],[346.72,192.7],[346.73,192.7],[346.74,192.7],[346.75,192.69],[346.74,192.67],[346.76,192.67],[346.76,192.67],[346.76,192.65],[346.76,192.65],[346.77,192.65],[346.77,192.65],[346.77,192.62],[346.77,192.61],[346.79,192.6],[346.8,192.6],[346.86,192.74],[346.98,193.06],[346.89,193.1],[346.5,193.28],[346.48,193.28]]]}},{"type":"Feature","id":"48037-8","properties":{"ridingCode":"48037","pollNumber":"8","pollType":"N","advancePollNumber":"600","sourceCode":"5-0","geometryPollNumbers":["5","8"],"code":"48037-8","resultPollNumbers":["8"],"resultStatus":"resolved-combination","result":{"electors":352,"voters":177,"totalVotes":177,"rejected":0,"turnout":50.28409090909091,"winnerId":"william-stevenson","winnerPartyId":"CPC","runnerUpId":"michael-fark","runnerUpPartyId":"LIB","margin":71.1864406779661,"top":[{"id":"william-stevenson","name":"William Stevenson","shortName":"Stevenson","partyId":"CPC","votes":148,"share":83.61581920903954},{"id":"michael-fark","name":"Michael Fark","shortName":"Fark","partyId":"LIB","votes":22,"share":12.429378531073446},{"id":"avni-soma","name":"Avni Soma","shortName":"Soma","partyId":"NDP","votes":4,"share":2.2598870056497176},{"id":"vicky-bayford","name":"Vicky Bayford","shortName":"Bayford","partyId":"PPC","votes":3,"share":1.694915254237288}],"partyVotes":{"LIB":22,"CPC":148,"BQ":0,"NDP":4,"GRN":0,"PPC":3,"OTH":0}}},"geometry":{"type":"MultiPolygon","coordinates":[[[[346.49,193.03],[346.5,193.01],[346.51,193.01],[346.52,193.01],[346.55,193.02],[346.58,193.01],[346.58,193.03],[346.56,193.03],[346.54,193.03],[346.53,193.03],[346.53,193.02],[346.51,193.02],[346.51,193.02],[346.5,193.03],[346.5,193.03],[346.49,193.03],[346.49,193.03]]],[[[346.58,192.98],[346.54,192.86],[346.53,192.82],[346.54,192.83],[346.54,192.83],[346.55,192.85],[346.56,192.85],[346.56,192.85],[346.57,192.84],[346.57,192.84],[346.58,192.84],[346.59,192.84],[346.59,192.81],[346.59,192.8],[346.61,192.8],[346.61,192.79],[346.62,192.77],[346.64,192.94],[346.7,192.98],[346.69,192.98],[346.68,192.99],[346.66,193],[346.64,193.02],[346.64,193.05],[346.61,193.04],[346.58,193.04],[346.58,193.03],[346.58,193.01],[346.58,192.98]]]]}},{"type":"Feature","id":"48037-9","properties":{"ridingCode":"48037","pollNumber":"9","pollType":"N","advancePollNumber":"601","sourceCode":"9-0","geometryPollNumbers":["9"],"code":"48037-9","resultPollNumbers":["9"],"resultStatus":"exact","result":{"electors":640,"voters":267,"totalVotes":266,"rejected":1,"turnout":41.71875,"winnerId":"william-stevenson","winnerPartyId":"CPC","runnerUpId":"michael-fark","runnerUpPartyId":"LIB","margin":59.02255639097744,"top":[{"id":"william-stevenson","name":"William Stevenson","shortName":"Stevenson","partyId":"CPC","votes":203,"share":76.31578947368422},{"id":"michael-fark","name":"Michael Fark","shortName":"Fark","partyId":"LIB","votes":46,"share":17.293233082706767},{"id":"avni-soma","name":"Avni Soma","shortName":"Soma","partyId":"NDP","votes":12,"share":4.511278195488721},{"id":"vicky-bayford","name":"Vicky Bayford","shortName":"Bayford","partyId":"PPC","votes":4,"share":1.5037593984962405}],"partyVotes":{"LIB":46,"CPC":203,"BQ":0,"NDP":12,"GRN":0,"PPC":4,"OTH":1}}},"geometry":{"type":"Polygon","coordinates":[[[343.02,188.85],[343.02,188.92],[343,188.98],[342.8,189.17],[342.77,189.18],[342.69,189.32],[342.57,189.45],[342.51,189.59],[342.55,189.62],[342.66,189.58],[342.73,189.6],[342.76,189.65],[342.81,189.66],[342.82,189.69],[342.95,189.66],[343.04,189.72],[343.04,189.78],[343.07,189.83],[343.11,189.83],[343.17,189.81],[343.25,189.74],[343.32,189.63],[343.35,189.61],[343.39,189.64],[343.45,189.7],[343.57,189.58],[343.66,189.47],[343.73,189.5],[343.84,189.51],[343.98,189.46],[344.15,189.36],[344.21,189.42],[344.41,189.31],[344.49,189.14],[344.58,189.03],[344.7,188.92],[344.71,188.86],[344.74,188.76],[344.83,188.73],[345.08,188.75],[345.14,188.67],[345.27,188.63],[345.34,188.56],[345.31,188.43],[345.34,188.37],[345.49,188.36],[345.56,188.4],[345.6,188.5],[345.67,188.5],[345.71,188.63],[345.65,188.7],[345.65,188.8],[345.7,188.78],[345.77,188.8],[345.8,188.85],[345.89,188.83],[346,188.77],[346.08,188.67],[346.24,188.38],[346.34,188.24],[346.38,188.21],[346.49,188.21],[346.68,187.99],[346.76,187.78],[346.88,187.84],[346.94,187.93],[347.03,187.79],[347.06,187.86],[347.06,188.04],[347.16,188.11],[347.21,188.05],[347.33,188.1],[347.4,188.19],[347.56,188.17],[347.5,188.08],[347.55,187.99],[347.67,188.02],[348.05,187.51],[348.5,187.74],[348.5,187.63],[348.63,187.6],[348.6,187.54],[348.71,187.42],[348.85,187.48],[348.92,187.44],[349.01,187.29],[349.06,187.24],[349.18,187.26],[349.4,187.25],[349.46,187.14],[349.56,186.82],[349.63,186.76],[349.77,186.58],[349.87,186.36],[349.94,186.34],[350,186.22],[350,186.12],[349.94,186.1],[349.86,185.98],[349.73,185.97],[349.72,185.85],[349.82,185.65],[349.91,185.66],[350.01,185.7],[350.12,185.67],[350.22,185.73],[350.48,185.77],[350.64,185.83],[350.73,185.79],[350.75,185.68],[350.79,185.66],[350.88,185.69],[351.08,185.49],[351.28,185.17],[351.3,184.98],[351.33,184.8],[351.45,184.68],[351.5,184.46],[351.43,184.3],[351.44,184.12],[351.47,184.01],[351.48,184],[351.49,183.99],[351.51,184],[351.52,184],[351.52,183.99],[351.52,183.98],[351.52,183.98],[351.52,183.97],[351.52,183.97],[351.53,183.96],[351.68,183.9],[351.82,183.83],[351.84,183.56],[351.99,183.34],[352.02,183.26],[352.18,183.24],[352.23,183.27],[352.3,183.2],[352.28,182.92],[352.26,182.72],[352.25,182.58],[352.34,182.44],[352.48,182.1],[352.45,181.94],[352.49,181.85],[352.83,181.53],[353.02,181.35],[352.74,181.15],[352.64,181.22],[352.48,181.02],[352.48,180.94],[352.45,180.8],[352.61,180.52],[352.71,180.53],[352.78,180.46],[352.86,180.4],[352.96,180.2],[353.03,180.16],[353.04,180.12],[352.98,179.91],[353.09,179.7],[353.23,179.6],[353.61,179.03],[353.64,178.92],[353.75,178.87],[353.8,178.69],[353.99,178.52],[353.9,178.34],[354.1,178.02],[354.15,177.73],[354.33,177.36],[354.61,177.31],[354.78,177.2],[354.92,177.15],[354.93,176.93],[355.17,176.39],[355.19,176.37],[355.2,176.36],[355.22,176.36],[355.23,176.36],[355.25,176.39],[355.25,176.39],[355.26,176.4],[355.28,176.41],[355.29,176.41],[355.32,176.41],[355.34,176.44],[355.35,176.45],[355.37,176.44],[355.39,176.46],[355.4,176.47],[355.4,176.48],[355.4,176.49],[355.27,176.53],[356.46,180.01],[356.29,180.07],[356.56,180.87],[354.32,181.61],[354.26,181.62],[353.98,181.72],[354.4,182.97],[354.46,183.14],[354.46,183.14],[354.46,183.14],[354.51,183.28],[354.57,183.45],[354.19,183.58],[353.86,183.71],[353.76,183.73],[353.65,183.77],[353.78,184.12],[353.9,184.49],[353.91,184.53],[353.94,184.61],[355.72,184.01],[355.82,183.97],[356.4,183.78],[356.68,184.63],[356.62,184.65],[356.43,184.7],[356.37,184.72],[356.4,184.79],[356.66,185.56],[356.66,185.58],[356.79,185.53],[356.89,185.49],[356.97,185.47],[356.97,185.48],[357,185.56],[357.38,186.62],[357.58,187.18],[357.43,187.23],[357.46,187.33],[357.47,187.34],[357.98,188.76],[358.35,189.79],[358.4,189.92],[358.4,189.94],[358.39,189.93],[358.38,189.92],[358.36,189.89],[358.33,189.87],[358.32,189.87],[358.3,189.87],[358.28,189.88],[358.25,189.9],[358.23,189.9],[358.2,189.91],[358.15,189.91],[358.1,189.92],[358.09,189.93],[358.09,189.93],[358.09,189.96],[358.09,189.96],[358.1,189.98],[358.13,190],[358.16,190.01],[358.18,190.03],[358.18,190.04],[358.16,190.08],[358.14,190.09],[358.13,190.1],[358.12,190.1],[358.11,190.11],[358.1,190.1],[358.07,190.09],[358.03,190.06],[358,190.04],[357.97,190.05],[357.96,190.05],[357.96,190.06],[357.94,190.07],[357.92,190.09],[357.9,190.12],[357.88,190.13],[357.87,190.15],[357.86,190.16],[357.87,190.17],[357.88,190.18],[357.9,190.18],[357.91,190.18],[357.95,190.21],[357.96,190.22],[357.98,190.22],[357.99,190.21],[358.01,190.2],[358.02,190.2],[358.04,190.21],[358.05,190.22],[358.05,190.23],[358.02,190.25],[358.01,190.26],[357.99,190.27],[357.95,190.28],[357.91,190.29],[357.88,190.3],[357.87,190.3],[357.84,190.29],[357.84,190.28],[357.81,190.26],[357.8,190.24],[357.78,190.22],[357.78,190.22],[357.76,190.22],[357.75,190.22],[357.74,190.23],[357.73,190.24],[357.72,190.24],[357.71,190.24],[357.71,190.24],[357.7,190.23],[357.7,190.22],[357.71,190.19],[357.7,190.18],[357.69,190.14],[357.69,190.13],[357.66,190.11],[357.65,190.11],[357.64,190.11],[357.63,190.11],[357.61,190.12],[357.6,190.17],[357.59,190.18],[357.57,190.19],[357.56,190.18],[357.55,190.16],[357.53,190.15],[357.52,190.15],[357.51,190.15],[357.5,190.16],[357.49,190.19],[357.49,190.21],[357.5,190.23],[357.51,190.25],[357.52,190.28],[357.53,190.29],[357.54,190.31],[357.53,190.32],[357.52,190.34],[357.49,190.38],[357.48,190.39],[357.48,190.41],[357.49,190.42],[357.5,190.42],[357.52,190.43],[357.53,190.43],[357.54,190.44],[357.54,190.45],[357.53,190.47],[357.52,190.48],[357.53,190.49],[357.54,190.49],[357.55,190.5],[357.55,190.52],[357.57,190.55],[357.57,190.56],[357.59,190.57],[357.61,190.57],[357.62,190.58],[357.63,190.6],[357.64,190.62],[357.64,190.62],[357.65,190.62],[357.67,190.61],[357.67,190.6],[357.67,190.58],[357.67,190.56],[357.67,190.54],[357.68,190.54],[357.69,190.54],[357.69,190.55],[357.7,190.58],[357.71,190.6],[357.71,190.6],[357.71,190.59],[357.71,190.58],[357.71,190.58],[357.73,190.58],[357.76,190.57],[357.78,190.57],[357.79,190.57],[357.81,190.59],[357.82,190.59],[357.83,190.6],[357.81,190.62],[357.82,190.64],[357.84,190.67],[357.83,190.67],[357.83,190.68],[357.82,190.68],[357.81,190.67],[357.8,190.67],[357.77,190.68],[357.77,190.69],[357.77,190.7],[357.77,190.7],[357.79,190.69],[357.8,190.69],[357.81,190.7],[357.81,190.71],[357.82,190.72],[357.82,190.74],[357.81,190.75],[357.79,190.76],[357.79,190.77],[357.78,190.79],[357.76,190.8],[357.73,190.8],[357.72,190.8],[357.72,190.8],[357.72,190.81],[357.73,190.83],[357.73,190.84],[357.74,190.86],[357.74,190.87],[357.73,190.87],[357.72,190.86],[357.69,190.83],[357.67,190.82],[357.66,190.82],[357.65,190.82],[357.64,190.83],[357.63,190.85],[357.63,190.85],[357.62,190.85],[357.61,190.84],[357.58,190.82],[357.57,190.82],[357.57,190.82],[357.57,190.83],[357.56,190.84],[357.54,190.84],[357.52,190.84],[357.47,190.85],[357.45,190.86],[357.44,190.87],[357.42,190.89],[357.41,190.91],[357.4,190.92],[357.39,190.91],[357.38,190.91],[357.38,190.9],[357.38,190.88],[357.38,190.87],[357.38,190.86],[357.37,190.86],[357.36,190.87],[357.35,190.88],[357.34,190.89],[357.34,190.9],[357.33,190.93],[357.33,190.93],[357.32,190.94],[357.31,190.94],[357.3,190.93],[357.29,190.92],[357.27,190.88],[357.27,190.88],[357.25,190.88],[357.23,190.88],[357.22,190.88],[357.21,190.87],[357.21,190.86],[357.21,190.85],[357.21,190.83],[357.21,190.83],[357.22,190.83],[357.26,190.82],[357.29,190.83],[357.3,190.83],[357.3,190.82],[357.31,190.8],[357.33,190.79],[357.34,190.78],[357.33,190.77],[357.32,190.76],[357.31,190.75],[357.31,190.7],[357.3,190.68],[357.28,190.66],[357.28,190.65],[357.27,190.65],[357.26,190.66],[357.24,190.67],[357.23,190.68],[357.22,190.7],[357.2,190.71],[357.19,190.71],[357.16,190.72],[357.15,190.72],[357.15,190.71],[357.16,190.7],[357.17,190.69],[357.18,190.69],[357.18,190.68],[357.17,190.68],[357.16,190.68],[357.13,190.69],[357.12,190.7],[357.12,190.7],[357.13,190.71],[357.13,190.71],[357.12,190.73],[357.1,190.75],[357.1,190.75],[357.1,190.75],[357.1,190.73],[357.09,190.73],[357.07,190.74],[357.06,190.74],[357.06,190.74],[357.06,190.74],[357.06,190.75],[357.06,190.76],[357.05,190.77],[357.03,190.78],[357.02,190.78],[357.02,190.78],[357.02,190.76],[357.02,190.76],[357.01,190.75],[357.01,190.76],[356.99,190.78],[356.97,190.79],[356.97,190.79],[356.96,190.78],[356.96,190.77],[356.95,190.77],[356.94,190.77],[356.93,190.79],[356.94,190.8],[356.93,190.82],[356.93,190.84],[356.91,190.87],[356.91,190.87],[356.89,190.85],[356.87,190.84],[356.87,190.83],[356.86,190.82],[356.85,190.82],[356.84,190.84],[356.82,190.85],[356.81,190.86],[356.81,190.86],[356.82,190.88],[356.81,190.88],[356.81,190.89],[356.79,190.88],[356.78,190.89],[356.78,190.9],[356.78,190.92],[356.78,190.92],[356.8,190.93],[356.8,190.95],[356.79,190.95],[356.78,190.95],[356.77,190.95],[356.76,190.95],[356.75,190.93],[356.74,190.92],[356.73,190.93],[356.72,190.93],[356.74,190.94],[356.73,190.95],[356.73,190.96],[356.72,190.96],[356.71,190.95],[356.7,190.95],[356.68,190.94],[356.66,190.94],[356.66,190.95],[356.64,190.97],[356.64,190.98],[356.63,190.98],[356.62,190.99],[356.57,190.98],[356.56,190.99],[356.53,191.01],[356.52,191.02],[356.52,191.03],[356.5,191.03],[356.5,191.04],[356.5,191.06],[356.5,191.06],[356.5,191.06],[356.49,191.06],[356.48,191.05],[356.47,191.05],[356.47,191.06],[356.47,191.07],[356.47,191.09],[356.46,191.11],[356.45,191.11],[356.44,191.12],[356.43,191.14],[356.42,191.15],[356.42,191.16],[356.41,191.19],[356.41,191.2],[356.39,191.2],[356.39,191.21],[356.38,191.21],[356.37,191.21],[356.37,191.2],[356.35,191.2],[356.35,191.2],[356.34,191.2],[356.33,191.2],[356.32,191.21],[356.31,191.23],[356.31,191.24],[356.29,191.24],[356.27,191.24],[356.26,191.23],[356.25,191.24],[356.25,191.25],[356.25,191.25],[356.26,191.26],[356.27,191.26],[356.28,191.26],[356.28,191.27],[356.28,191.28],[356.26,191.32],[356.25,191.33],[356.24,191.33],[356.23,191.33],[356.23,191.32],[356.24,191.31],[356.23,191.3],[356.23,191.3],[356.21,191.28],[356.19,191.27],[356.18,191.27],[356.18,191.28],[356.17,191.29],[356.16,191.3],[356.15,191.3],[356.11,191.27],[356.08,191.25],[356.06,191.25],[356.05,191.25],[356.05,191.26],[356.06,191.27],[356.06,191.28],[356.05,191.29],[356.05,191.3],[356.04,191.31],[356.03,191.3],[356.02,191.3],[356.02,191.29],[356.02,191.28],[356.03,191.27],[356.03,191.26],[356.01,191.25],[356,191.25],[355.99,191.25],[355.97,191.25],[355.96,191.21],[355.95,191.2],[355.93,191.18],[355.93,191.18],[355.92,191.19],[355.91,191.19],[355.9,191.19],[355.88,191.19],[355.87,191.18],[355.89,191.17],[355.91,191.17],[355.92,191.17],[355.94,191.17],[355.84,190.89],[355.78,190.69],[355.76,190.7],[355.72,190.67],[355.7,190.69],[355.62,190.73],[355.59,190.76],[354.76,191.05],[354.7,191.08],[354.68,191.06],[354.67,191.06],[354.66,191.05],[354.65,191.03],[354.63,191.02],[354.62,191.02],[354.61,191.01],[354.6,191.02],[354.58,191.02],[354.56,191.02],[354.55,191.01],[354.55,191],[354.56,190.99],[354.56,190.99],[354.55,190.97],[354.53,190.95],[354.51,190.95],[354.5,190.93],[354.49,190.92],[354.48,190.92],[354.47,190.91],[354.46,190.91],[354.45,190.92],[354.45,190.95],[354.45,190.95],[354.44,190.95],[354.43,190.95],[354.39,190.92],[354.38,190.91],[354.38,190.91],[354.36,190.92],[354.35,190.93],[354.34,190.93],[354.34,190.95],[354.32,190.96],[354.32,190.96],[354.32,190.97],[354.32,190.97],[354.3,190.98],[354.27,190.99],[354.25,191.02],[354.25,191.04],[354.25,191.07],[354.24,191.09],[354.23,191.1],[354.22,191.1],[354.19,191.1],[354.17,191.1],[354.15,191.09],[354.13,191.1],[354.11,191.13],[354.11,191.13],[354.09,191.14],[354.09,191.14],[354.08,191.14],[354.07,191.13],[354.04,191.13],[354.04,191.13],[354.04,191.14],[354.04,191.15],[354.04,191.15],[354.02,191.15],[354.01,191.15],[354,191.15],[353.99,191.15],[353.97,191.15],[353.96,191.14],[353.96,191.13],[353.95,191.13],[353.93,191.11],[353.91,191.09],[353.91,191.06],[353.91,191.06],[353.9,191.05],[353.9,191.05],[353.89,191.04],[353.89,191.03],[353.86,191],[353.86,190.99],[353.87,190.98],[353.86,190.98],[353.86,190.97],[353.85,190.98],[353.85,190.98],[353.83,190.97],[353.82,190.97],[353.81,190.98],[353.81,190.98],[353.81,190.99],[353.8,190.99],[353.8,190.99],[353.79,190.97],[353.79,190.96],[353.77,190.96],[353.76,190.95],[353.74,190.95],[353.73,190.96],[353.7,190.95],[353.68,190.95],[353.67,190.95],[353.66,190.95],[353.64,190.96],[353.63,190.96],[353.63,190.98],[353.62,191],[353.61,191.01],[353.6,191.01],[353.57,191.01],[353.55,191],[353.54,191.01],[353.53,191.01],[353.53,191],[353.52,190.98],[353.52,190.98],[353.51,190.98],[353.46,190.98],[353.41,190.98],[353.39,190.99],[353.37,191],[353.36,191.02],[353.36,191.02],[353.35,191.02],[353.34,191.02],[353.29,190.99],[353.28,190.99],[353.26,190.99],[353.26,191.01],[353.26,191.02],[353.27,191.03],[353.27,191.04],[353.26,191.05],[353.25,191.05],[353.24,191.05],[353.22,191.03],[353.21,191.01],[353.19,191],[353.19,191],[353.18,191.01],[353.17,191.01],[353.15,191.01],[353.13,191],[353.11,190.95],[352.98,190.58],[352.71,189.89],[350.06,190.86],[349.75,190.98],[347.57,191.78],[347.15,191.93],[346.99,191.99],[347.14,192.37],[346.32,192.68],[346.13,192.75],[346.02,192.8],[344.47,193.42],[344.38,193.45],[344.77,194.45],[344.96,194.92],[345.05,195.16],[344.87,195.2],[344.79,195.17],[344.74,195.16],[344.62,195.27],[344.59,195.27],[344.38,195.18],[344.11,195.08],[344.02,195.02],[343.89,194.86],[343.86,194.84],[343.83,194.82],[343.78,194.81],[343.74,194.8],[343.59,194.68],[343.5,194.68],[343.47,194.69],[343.43,194.69],[343.36,194.72],[343.3,194.74],[343.18,194.67],[343.07,194.63],[343.04,194.61],[342.99,194.58],[342.9,194.55],[342.87,194.57],[342.82,194.6],[342.77,194.61],[342.69,194.64],[342.66,194.7],[342.56,194.85],[342.49,194.87],[342.47,194.9],[342.47,194.96],[342.49,194.99],[342.47,195.04],[342.33,195.15],[342.31,195.17],[342.28,195.34],[342.23,195.4],[342.16,195.43],[342.07,195.45],[342.04,195.47],[342.02,195.48],[341.96,195.48],[341.9,195.47],[341.84,195.46],[341.8,195.47],[341.3,194.21],[341.42,194.15],[341.44,194.12],[341.44,194.1],[341.36,194.08],[341.39,193.97],[341.44,193.87],[341.51,193.78],[341.83,193.7],[341.83,193.65],[341.8,193.59],[341.76,193.53],[341.72,193.5],[341.73,193.41],[341.66,193.38],[341.6,193.33],[341.59,193.25],[341.57,193.21],[341.55,193.18],[341.47,193.19],[341.44,193.16],[341.46,193.08],[341.48,193.06],[341.56,193.04],[341.69,193.04],[341.74,193.02],[341.78,192.99],[341.84,192.98],[341.82,192.91],[341.79,192.86],[341.8,192.8],[341.83,192.79],[341.91,192.79],[341.97,192.81],[342.03,192.81],[342.08,192.81],[342.1,192.78],[342.11,192.75],[342.11,192.72],[342.11,192.7],[342.11,192.65],[342.12,192.62],[342.13,192.59],[342.13,192.54],[342.11,192.52],[342.11,192.48],[342.12,192.42],[342.15,192.38],[342.16,192.34],[342.15,192.3],[342.27,192.24],[342.24,192.17],[342.21,192.12],[342.18,192.06],[342.15,191.99],[342.16,191.93],[342.18,191.88],[342.19,191.82],[342.2,191.77],[342.21,191.72],[342.19,191.7],[342.13,191.68],[342.05,191.67],[342.01,191.66],[341.97,191.62],[341.92,191.6],[341.85,191.6],[341.76,191.64],[341.72,191.68],[341.72,191.74],[341.7,191.78],[341.66,191.82],[341.58,191.85],[341.52,191.93],[341.48,191.94],[341.42,191.95],[341.38,191.97],[341.35,192],[341.31,192.06],[341.27,192.11],[341.24,192.13],[341.19,192.17],[341.15,192.2],[341.1,192.19],[341.05,192.2],[340.99,192.2],[340.95,192.17],[340.97,192.1],[341,192.07],[341.03,192.03],[341.04,191.98],[341.03,191.91],[341.04,191.86],[341.04,191.81],[341.05,191.76],[341.07,191.74],[341.13,191.66],[341.14,191.61],[341.15,191.55],[341.14,191.49],[341.11,191.42],[341.04,191.4],[340.97,191.39],[340.89,191.36],[340.83,191.35],[340.78,191.22],[340.81,191.13],[340.84,191.1],[340.87,191.04],[340.88,190.97],[340.97,190.93],[341.02,191],[341.06,191.03],[341.1,191.05],[341.16,191.07],[341.16,191.02],[341.21,190.84],[341.28,190.81],[341.32,190.74],[341.36,190.69],[341.35,190.66],[341.32,190.63],[341.28,190.61],[341.25,190.59],[341.24,190.55],[341.24,190.52],[341.26,190.49],[341.26,190.45],[341.25,190.39],[341.25,190.33],[341.25,190.3],[341.24,190.26],[341.24,190.23],[341.27,190.16],[341.29,190.14],[341.29,190.11],[341.27,190.09],[341.25,190.06],[341.24,190.01],[341.26,189.94],[341.29,189.83],[341.3,189.79],[341.3,189.71],[341.29,189.6],[341.29,189.57],[341.32,189.56],[341.38,189.53],[341.43,189.52],[341.46,189.52],[341.51,189.43],[341.52,189.4],[341.5,189.37],[341.5,189.33],[341.5,189.29],[341.53,189.24],[341.56,189.24],[341.67,189.2],[341.72,189.19],[341.74,189.16],[341.76,189.13],[341.77,189.1],[341.76,189.06],[341.8,189.09],[341.85,189.09],[341.9,189.07],[341.93,189.07],[341.94,189.08],[341.95,189.16],[341.96,189.21],[341.96,189.25],[342,189.24],[342.03,189.2],[342.06,189.16],[342.08,189.11],[342.14,189.06],[342.18,189.01],[342.22,188.97],[342.26,188.95],[342.3,188.92],[342.35,188.93],[342.41,188.93],[342.5,188.85],[342.48,188.81],[342.56,188.8],[342.59,188.78],[342.62,188.74],[342.66,188.71],[342.7,188.67],[342.74,188.65],[342.78,188.64],[342.83,188.63],[342.92,188.64],[342.97,188.65],[343.01,188.64],[343.05,188.66],[343.04,188.66],[343.02,188.85]],[[352.88,185.09],[352.92,185.09],[352.96,185.1],[352.97,185.12],[352.98,185.13],[353.02,185.13],[353.02,185.13],[353.03,185.13],[353.05,185.13],[353.08,185.11],[353.1,185.11],[353.11,185.11],[353.16,185.07],[353.17,185.07],[353.19,185.07],[353.2,185.07],[353.21,185.06],[353.23,185.05],[353.23,185.07],[353.25,185.08],[353.26,185.09],[353.27,185.09],[353.28,185.1],[353.31,185.1],[353.44,185.23],[353.52,185.26],[353.53,185.27],[353.55,185.28],[353.56,185.29],[353.59,185.29],[353.61,185.3],[353.65,185.31],[353.68,185.3],[353.74,185.31],[353.77,185.32],[353.79,185.32],[353.79,185.32],[353.85,185.35],[353.89,185.37],[353.9,185.37],[353.92,185.37],[353.94,185.37],[353.97,185.35],[353.97,185.35],[353.96,185.33],[353.96,185.33],[353.95,185.31],[353.93,185.31],[353.92,185.29],[353.95,185.29],[353.98,185.3],[354.03,185.31],[354.05,185.32],[354.07,185.32],[354.08,185.32],[354.09,185.32],[354.11,185.32],[354.13,185.33],[354.18,185.35],[354.14,185.23],[354.13,185.21],[354.12,185.18],[354.18,185.2],[354.28,185.23],[354.31,185.23],[354.17,185.17],[354.22,185.16],[354.22,185.14],[354.21,185.13],[354.17,185.09],[354.07,185.02],[353.99,185],[353.96,184.99],[353.93,184.99],[353.75,184.95],[353.72,184.94],[353.71,184.94],[353.31,184.84],[353.31,184.87],[353.29,184.9],[353.29,184.9],[353.3,184.91],[353.33,185],[353.34,185.02],[353.32,185.01],[353.29,185],[353.25,184.98],[353.24,184.99],[353.23,185],[353.23,185.01],[353.22,185.01],[353.08,185.08],[353.06,185.08],[353.04,185.08],[353.02,185.09],[353,185.09],[352.93,185.09],[352.9,185.08],[352.88,185.09]]]}},{"type":"Feature","id":"48037-10","properties":{"ridingCode":"48037","pollNumber":"10","pollType":"N","advancePollNumber":"602","sourceCode":"10-0","geometryPollNumbers":["10"],"code":"48037-10","resultPollNumbers":["10"],"resultStatus":"exact","result":{"electors":544,"voters":179,"totalVotes":176,"rejected":3,"turnout":32.904411764705884,"winnerId":"william-stevenson","winnerPartyId":"CPC","runnerUpId":"michael-fark","runnerUpPartyId":"LIB","margin":61.93181818181818,"top":[{"id":"william-stevenson","name":"William Stevenson","shortName":"Stevenson","partyId":"CPC","votes":135,"share":76.70454545454545},{"id":"michael-fark","name":"Michael Fark","shortName":"Fark","partyId":"LIB","votes":26,"share":14.772727272727273},{"id":"avni-soma","name":"Avni Soma","shortName":"Soma","partyId":"NDP","votes":7,"share":3.977272727272727},{"id":"vicky-bayford","name":"Vicky Bayford","shortName":"Bayford","partyId":"PPC","votes":4,"share":2.272727272727273}],"partyVotes":{"LIB":26,"CPC":135,"BQ":0,"NDP":7,"GRN":0,"PPC":4,"OTH":4}}},"geometry":{"type":"Polygon","coordinates":[[[353.92,185.29],[353.92,185.28],[353.92,185.28],[353.93,185.27],[353.96,185.27],[353.98,185.28],[354,185.29],[354.01,185.29],[354.02,185.29],[354.03,185.28],[354.05,185.28],[354.06,185.27],[354.05,185.27],[354.06,185.25],[354.08,185.24],[354.09,185.24],[354.09,185.22],[354.11,185.23],[354.11,185.23],[354.11,185.22],[354.11,185.22],[354.13,185.22],[354.13,185.24],[354.14,185.23],[354.18,185.35],[354.13,185.33],[354.11,185.32],[354.09,185.32],[354.08,185.32],[354.07,185.32],[354.05,185.32],[354.03,185.31],[353.98,185.3],[353.95,185.29],[353.92,185.29]]]}},{"type":"Feature","id":"48037-11","properties":{"ridingCode":"48037","pollNumber":"11","pollType":"N","advancePollNumber":"602","sourceCode":"11-0","geometryPollNumbers":["11"],"code":"48037-11","resultPollNumbers":["11"],"resultStatus":"exact","result":{"electors":381,"voters":122,"totalVotes":122,"rejected":0,"turnout":32.020997375328086,"winnerId":"william-stevenson","winnerPartyId":"CPC","runnerUpId":"michael-fark","runnerUpPartyId":"LIB","margin":48.36065573770492,"top":[{"id":"william-stevenson","name":"William Stevenson","shortName":"Stevenson","partyId":"CPC","votes":85,"share":69.67213114754098},{"id":"michael-fark","name":"Michael Fark","shortName":"Fark","partyId":"LIB","votes":26,"share":21.311475409836063},{"id":"avni-soma","name":"Avni Soma","shortName":"Soma","partyId":"NDP","votes":8,"share":6.557377049180328},{"id":"dale-heath","name":"Dale Heath","shortName":"Heath","partyId":"OTH","votes":2,"share":1.639344262295082}],"partyVotes":{"LIB":26,"CPC":85,"BQ":0,"NDP":8,"GRN":0,"PPC":1,"OTH":2}}},"geometry":{"type":"Polygon","coordinates":[[[353.93,185.21],[353.94,185.21],[353.94,185.21],[353.95,185.22],[353.96,185.22],[353.96,185.22],[353.96,185.23],[353.97,185.23],[353.98,185.23],[353.99,185.21],[353.98,185.21],[353.99,185.2],[354,185.2],[354,185.21],[354,185.21],[354.01,185.2],[353.99,185.19],[353.99,185.19],[353.98,185.18],[353.97,185.18],[353.98,185.18],[353.99,185.18],[354.01,185.19],[354.01,185.19],[354.01,185.2],[354.01,185.22],[354.01,185.22],[354.01,185.23],[354,185.24],[354.02,185.25],[354.05,185.27],[354.06,185.27],[354.05,185.28],[354.03,185.28],[354.02,185.29],[354.01,185.29],[354,185.29],[353.98,185.28],[353.96,185.27],[353.93,185.27],[353.92,185.28],[353.92,185.28],[353.9,185.28],[353.89,185.28],[353.88,185.26],[353.88,185.25],[353.88,185.25],[353.91,185.23],[353.91,185.23],[353.92,185.23],[353.93,185.22],[353.93,185.22],[353.93,185.21]]]}},{"type":"Feature","id":"48037-12","properties":{"ridingCode":"48037","pollNumber":"12","pollType":"N","advancePollNumber":"602","sourceCode":"12-0","geometryPollNumbers":["12"],"code":"48037-12","resultPollNumbers":["12"],"resultStatus":"exact","result":{"electors":477,"voters":159,"totalVotes":158,"rejected":1,"turnout":33.33333333333333,"winnerId":"william-stevenson","winnerPartyId":"CPC","runnerUpId":"michael-fark","runnerUpPartyId":"LIB","margin":69.62025316455697,"top":[{"id":"william-stevenson","name":"William Stevenson","shortName":"Stevenson","partyId":"CPC","votes":128,"share":81.0126582278481},{"id":"michael-fark","name":"Michael Fark","shortName":"Fark","partyId":"LIB","votes":18,"share":11.39240506329114},{"id":"avni-soma","name":"Avni Soma","shortName":"Soma","partyId":"NDP","votes":10,"share":6.329113924050633},{"id":"vicky-bayford","name":"Vicky Bayford","shortName":"Bayford","partyId":"PPC","votes":1,"share":0.6329113924050633}],"partyVotes":{"LIB":18,"CPC":128,"BQ":0,"NDP":10,"GRN":0,"PPC":1,"OTH":1}}},"geometry":{"type":"Polygon","coordinates":[[[354.06,185.23],[354.06,185.21],[354.09,185.22],[354.13,185.21],[354.14,185.23],[354.13,185.24],[354.13,185.22],[354.11,185.22],[354.11,185.22],[354.11,185.23],[354.11,185.23],[354.09,185.22],[354.09,185.24],[354.08,185.24],[354.06,185.25],[354.06,185.23]]]}},{"type":"Feature","id":"48037-13","properties":{"ridingCode":"48037","pollNumber":"13","pollType":"N","advancePollNumber":"602","sourceCode":"13-0","geometryPollNumbers":["13"],"code":"48037-13","resultPollNumbers":["13"],"resultStatus":"exact","result":{"electors":387,"voters":122,"totalVotes":122,"rejected":0,"turnout":31.52454780361757,"winnerId":"william-stevenson","winnerPartyId":"CPC","runnerUpId":"michael-fark","runnerUpPartyId":"LIB","margin":67.21311475409836,"top":[{"id":"william-stevenson","name":"William Stevenson","shortName":"Stevenson","partyId":"CPC","votes":97,"share":79.50819672131148},{"id":"michael-fark","name":"Michael Fark","shortName":"Fark","partyId":"LIB","votes":15,"share":12.295081967213115},{"id":"avni-soma","name":"Avni Soma","shortName":"Soma","partyId":"NDP","votes":7,"share":5.737704918032787},{"id":"vicky-bayford","name":"Vicky Bayford","shortName":"Bayford","partyId":"PPC","votes":3,"share":2.459016393442623}],"partyVotes":{"LIB":15,"CPC":97,"BQ":0,"NDP":7,"GRN":0,"PPC":3,"OTH":0}}},"geometry":{"type":"Polygon","coordinates":[[[353.92,185.18],[353.92,185.16],[353.94,185.16],[353.94,185.16],[353.95,185.18],[353.96,185.18],[353.98,185.21],[353.99,185.21],[353.98,185.23],[353.97,185.23],[353.96,185.23],[353.96,185.22],[353.96,185.22],[353.95,185.22],[353.94,185.21],[353.92,185.2],[353.93,185.19],[353.92,185.18]]]}},{"type":"Feature","id":"48037-14","properties":{"ridingCode":"48037","pollNumber":"14","pollType":"N","advancePollNumber":"601","sourceCode":"14-0","geometryPollNumbers":["14"],"code":"48037-14","resultPollNumbers":["14"],"resultStatus":"exact","result":{"electors":432,"voters":141,"totalVotes":137,"rejected":4,"turnout":32.63888888888889,"winnerId":"william-stevenson","winnerPartyId":"CPC","runnerUpId":"michael-fark","runnerUpPartyId":"LIB","margin":63.503649635036496,"top":[{"id":"william-stevenson","name":"William Stevenson","shortName":"Stevenson","partyId":"CPC","votes":109,"share":79.56204379562044},{"id":"michael-fark","name":"Michael Fark","shortName":"Fark","partyId":"LIB","votes":22,"share":16.05839416058394},{"id":"avni-soma","name":"Avni Soma","shortName":"Soma","partyId":"NDP","votes":4,"share":2.9197080291970803},{"id":"vicky-bayford","name":"Vicky Bayford","shortName":"Bayford","partyId":"PPC","votes":1,"share":0.7299270072992701}],"partyVotes":{"LIB":22,"CPC":109,"BQ":0,"NDP":4,"GRN":0,"PPC":1,"OTH":1}}},"geometry":{"type":"Polygon","coordinates":[[[353.23,185.01],[353.23,185],[353.24,184.99],[353.25,184.98],[353.29,185],[353.32,185.01],[353.34,185.02],[353.33,185],[353.3,184.91],[353.29,184.9],[353.29,184.9],[353.47,185.02],[353.49,185.04],[353.51,185.04],[353.53,185.05],[353.58,185.07],[353.63,185.08],[353.66,185.09],[353.66,185.07],[353.68,185.07],[353.68,185.07],[353.68,185.07],[353.68,185.06],[353.69,185.05],[353.7,185.05],[353.73,185.06],[353.75,185.07],[353.76,185.08],[353.78,185.11],[353.79,185.12],[353.79,185.12],[353.79,185.13],[353.81,185.14],[353.86,185.15],[353.87,185.16],[353.87,185.17],[353.87,185.17],[353.88,185.17],[353.9,185.19],[353.9,185.19],[353.92,185.2],[353.94,185.21],[353.94,185.21],[353.93,185.21],[353.93,185.22],[353.93,185.22],[353.92,185.23],[353.91,185.23],[353.91,185.23],[353.88,185.25],[353.88,185.25],[353.88,185.26],[353.89,185.28],[353.9,185.28],[353.92,185.28],[353.92,185.29],[353.93,185.31],[353.95,185.31],[353.96,185.33],[353.96,185.33],[353.97,185.35],[353.97,185.35],[353.94,185.37],[353.92,185.37],[353.9,185.37],[353.89,185.37],[353.85,185.35],[353.79,185.32],[353.79,185.32],[353.77,185.32],[353.74,185.31],[353.68,185.3],[353.65,185.31],[353.61,185.3],[353.59,185.29],[353.56,185.29],[353.55,185.28],[353.53,185.27],[353.52,185.26],[353.44,185.23],[353.31,185.1],[353.28,185.1],[353.27,185.09],[353.26,185.09],[353.25,185.08],[353.23,185.07],[353.23,185.05],[353.21,185.06],[353.2,185.07],[353.19,185.07],[353.17,185.07],[353.16,185.07],[353.11,185.11],[353.1,185.11],[353.08,185.11],[353.05,185.13],[353.03,185.13],[353.02,185.13],[353.02,185.13],[352.98,185.13],[352.97,185.12],[352.96,185.1],[352.92,185.09],[352.88,185.09],[352.9,185.08],[352.93,185.09],[353,185.09],[353.02,185.09],[353.04,185.08],[353.06,185.08],[353.08,185.08],[353.22,185.01],[353.23,185.01]]]}},{"type":"Feature","id":"48037-15","properties":{"ridingCode":"48037","pollNumber":"15","pollType":"N","advancePollNumber":"602","sourceCode":"15-0","geometryPollNumbers":["15"],"code":"48037-15","resultPollNumbers":["15"],"resultStatus":"exact","result":{"electors":500,"voters":142,"totalVotes":140,"rejected":2,"turnout":28.4,"winnerId":"william-stevenson","winnerPartyId":"CPC","runnerUpId":"michael-fark","runnerUpPartyId":"LIB","margin":45,"top":[{"id":"william-stevenson","name":"William Stevenson","shortName":"Stevenson","partyId":"CPC","votes":94,"share":67.14285714285714},{"id":"michael-fark","name":"Michael Fark","shortName":"Fark","partyId":"LIB","votes":31,"share":22.142857142857142},{"id":"avni-soma","name":"Avni Soma","shortName":"Soma","partyId":"NDP","votes":14,"share":10},{"id":"dale-heath","name":"Dale Heath","shortName":"Heath","partyId":"OTH","votes":1,"share":0.7142857142857143}],"partyVotes":{"LIB":31,"CPC":94,"BQ":0,"NDP":14,"GRN":0,"PPC":0,"OTH":1}}},"geometry":{"type":"Polygon","coordinates":[[[353.94,185.11],[353.94,185.1],[354,185.12],[354.03,185.13],[354.04,185.17],[354.04,185.18],[354.04,185.19],[354.03,185.2],[354.02,185.2],[354.02,185.2],[354.01,185.2],[354.01,185.19],[354.01,185.19],[353.99,185.18],[353.98,185.18],[353.97,185.18],[353.98,185.18],[353.99,185.19],[353.99,185.19],[354.01,185.2],[354,185.21],[354,185.21],[354,185.2],[353.99,185.2],[353.98,185.21],[353.96,185.18],[353.95,185.18],[353.94,185.16],[353.94,185.16],[353.95,185.16],[353.95,185.14],[353.96,185.13],[353.95,185.12],[353.95,185.11],[353.95,185.11],[353.94,185.11]]]}},{"type":"Feature","id":"48037-16","properties":{"ridingCode":"48037","pollNumber":"16","pollType":"N","advancePollNumber":"602","sourceCode":"16-0","geometryPollNumbers":["16"],"code":"48037-16","resultPollNumbers":["16"],"resultStatus":"exact","result":{"electors":398,"voters":135,"totalVotes":133,"rejected":2,"turnout":33.91959798994975,"winnerId":"william-stevenson","winnerPartyId":"CPC","runnerUpId":"michael-fark","runnerUpPartyId":"LIB","margin":65.41353383458647,"top":[{"id":"william-stevenson","name":"William Stevenson","shortName":"Stevenson","partyId":"CPC","votes":103,"share":77.44360902255639},{"id":"michael-fark","name":"Michael Fark","shortName":"Fark","partyId":"LIB","votes":16,"share":12.030075187969924},{"id":"avni-soma","name":"Avni Soma","shortName":"Soma","partyId":"NDP","votes":9,"share":6.7669172932330826},{"id":"vicky-bayford","name":"Vicky Bayford","shortName":"Bayford","partyId":"PPC","votes":5,"share":3.7593984962406015}],"partyVotes":{"LIB":16,"CPC":103,"BQ":0,"NDP":9,"GRN":0,"PPC":5,"OTH":0}}},"geometry":{"type":"Polygon","coordinates":[[[354,185.24],[354.01,185.23],[354.01,185.22],[354.01,185.22],[354.01,185.2],[354.02,185.2],[354.02,185.2],[354.03,185.2],[354.04,185.19],[354.05,185.19],[354.08,185.19],[354.09,185.19],[354.1,185.17],[354.11,185.16],[354.11,185.16],[354.07,185.02],[354.17,185.09],[354.21,185.13],[354.22,185.14],[354.22,185.16],[354.17,185.17],[354.31,185.23],[354.28,185.23],[354.18,185.2],[354.12,185.18],[354.13,185.21],[354.09,185.22],[354.06,185.21],[354.06,185.21],[354.06,185.21],[354.06,185.21],[354.06,185.23],[354.06,185.25],[354.05,185.27],[354.02,185.25],[354,185.24]]]}},{"type":"Feature","id":"48037-17","properties":{"ridingCode":"48037","pollNumber":"17","pollType":"N","advancePollNumber":"603","sourceCode":"17-0","geometryPollNumbers":["17"],"code":"48037-17","resultPollNumbers":["17"],"resultStatus":"exact","result":{"electors":394,"voters":137,"totalVotes":137,"rejected":0,"turnout":34.77157360406091,"winnerId":"william-stevenson","winnerPartyId":"CPC","runnerUpId":"michael-fark","runnerUpPartyId":"LIB","margin":54.01459854014598,"top":[{"id":"william-stevenson","name":"William Stevenson","shortName":"Stevenson","partyId":"CPC","votes":101,"share":73.72262773722628},{"id":"michael-fark","name":"Michael Fark","shortName":"Fark","partyId":"LIB","votes":27,"share":19.708029197080293},{"id":"avni-soma","name":"Avni Soma","shortName":"Soma","partyId":"NDP","votes":5,"share":3.64963503649635},{"id":"vicky-bayford","name":"Vicky Bayford","shortName":"Bayford","partyId":"PPC","votes":4,"share":2.9197080291970803}],"partyVotes":{"LIB":27,"CPC":101,"BQ":0,"NDP":5,"GRN":0,"PPC":4,"OTH":0}}},"geometry":{"type":"Polygon","coordinates":[[[353.76,185.08],[353.8,185.06],[353.81,185.06],[353.84,185.06],[353.86,185.06],[353.86,185.05],[353.85,185.04],[353.84,185.02],[353.85,185.02],[353.85,185.03],[353.87,185.04],[353.87,185.04],[353.88,185.05],[353.89,185.04],[353.9,185.05],[353.89,185.06],[353.9,185.07],[353.9,185.07],[353.9,185.08],[353.9,185.08],[353.94,185.1],[353.94,185.11],[353.95,185.11],[353.95,185.11],[353.95,185.12],[353.96,185.13],[353.95,185.14],[353.95,185.16],[353.94,185.16],[353.92,185.16],[353.92,185.18],[353.93,185.19],[353.92,185.2],[353.9,185.19],[353.9,185.19],[353.88,185.17],[353.87,185.17],[353.87,185.17],[353.87,185.16],[353.86,185.15],[353.81,185.14],[353.79,185.13],[353.79,185.12],[353.79,185.12],[353.78,185.11],[353.76,185.08]]]}},{"type":"Feature","id":"48037-18","properties":{"ridingCode":"48037","pollNumber":"18","pollType":"N","advancePollNumber":"603","sourceCode":"18-0","geometryPollNumbers":["18"],"code":"48037-18","resultPollNumbers":["18"],"resultStatus":"exact","result":{"electors":315,"voters":91,"totalVotes":91,"rejected":0,"turnout":28.888888888888886,"winnerId":"william-stevenson","winnerPartyId":"CPC","runnerUpId":"michael-fark","runnerUpPartyId":"LIB","margin":48.35164835164835,"top":[{"id":"william-stevenson","name":"William Stevenson","shortName":"Stevenson","partyId":"CPC","votes":62,"share":68.13186813186813},{"id":"michael-fark","name":"Michael Fark","shortName":"Fark","partyId":"LIB","votes":18,"share":19.78021978021978},{"id":"avni-soma","name":"Avni Soma","shortName":"Soma","partyId":"NDP","votes":9,"share":9.89010989010989},{"id":"vicky-bayford","name":"Vicky Bayford","shortName":"Bayford","partyId":"PPC","votes":2,"share":2.197802197802198}],"partyVotes":{"LIB":18,"CPC":62,"BQ":0,"NDP":9,"GRN":0,"PPC":2,"OTH":0}}},"geometry":{"type":"Polygon","coordinates":[[[353.58,185.07],[353.59,185.04],[353.6,185.04],[353.6,185.03],[353.61,185.03],[353.62,185.04],[353.62,185.05],[353.64,185.06],[353.66,185.07],[353.66,185.09],[353.63,185.08],[353.58,185.07]]]}},{"type":"Feature","id":"48037-19","properties":{"ridingCode":"48037","pollNumber":"19","pollType":"N","advancePollNumber":"602","sourceCode":"19-0","geometryPollNumbers":["19"],"code":"48037-19","resultPollNumbers":["19"],"resultStatus":"exact","result":{"electors":349,"voters":147,"totalVotes":146,"rejected":1,"turnout":42.12034383954155,"winnerId":"william-stevenson","winnerPartyId":"CPC","runnerUpId":"michael-fark","runnerUpPartyId":"LIB","margin":68.4931506849315,"top":[{"id":"william-stevenson","name":"William Stevenson","shortName":"Stevenson","partyId":"CPC","votes":120,"share":82.1917808219178},{"id":"michael-fark","name":"Michael Fark","shortName":"Fark","partyId":"LIB","votes":20,"share":13.698630136986301},{"id":"avni-soma","name":"Avni Soma","shortName":"Soma","partyId":"NDP","votes":6,"share":4.10958904109589},{"id":"vicky-bayford","name":"Vicky Bayford","shortName":"Bayford","partyId":"PPC","votes":0,"share":0}],"partyVotes":{"LIB":20,"CPC":120,"BQ":0,"NDP":6,"GRN":0,"PPC":0,"OTH":0}}},"geometry":{"type":"Polygon","coordinates":[[[353.9,185.08],[353.9,185.08],[353.9,185.07],[353.9,185.07],[353.89,185.06],[353.9,185.05],[353.89,185.04],[353.9,185.03],[353.91,185.04],[353.94,185.03],[353.97,185.03],[353.99,185.03],[353.99,185.01],[354,185.01],[353.99,185],[354.07,185.02],[354.11,185.16],[354.11,185.16],[354.1,185.17],[354.09,185.19],[354.08,185.19],[354.05,185.19],[354.04,185.19],[354.04,185.18],[354.04,185.17],[354.03,185.13],[354,185.12],[353.94,185.1],[353.9,185.08]]]}},{"type":"Feature","id":"48037-20","properties":{"ridingCode":"48037","pollNumber":"20","pollType":"N","advancePollNumber":"603","sourceCode":"20-0","geometryPollNumbers":["20"],"code":"48037-20","resultPollNumbers":["20"],"resultStatus":"exact","result":{"electors":404,"voters":145,"totalVotes":142,"rejected":3,"turnout":35.89108910891089,"winnerId":"william-stevenson","winnerPartyId":"CPC","runnerUpId":"michael-fark","runnerUpPartyId":"LIB","margin":50.70422535211267,"top":[{"id":"william-stevenson","name":"William Stevenson","shortName":"Stevenson","partyId":"CPC","votes":104,"share":73.23943661971832},{"id":"michael-fark","name":"Michael Fark","shortName":"Fark","partyId":"LIB","votes":32,"share":22.535211267605636},{"id":"avni-soma","name":"Avni Soma","shortName":"Soma","partyId":"NDP","votes":5,"share":3.5211267605633805},{"id":"vicky-bayford","name":"Vicky Bayford","shortName":"Bayford","partyId":"PPC","votes":1,"share":0.7042253521126761}],"partyVotes":{"LIB":32,"CPC":104,"BQ":0,"NDP":5,"GRN":0,"PPC":1,"OTH":0}}},"geometry":{"type":"Polygon","coordinates":[[[353.64,185.06],[353.62,185.05],[353.62,185.04],[353.61,185.03],[353.6,185.03],[353.6,185.04],[353.59,185.04],[353.6,185.03],[353.6,185.02],[353.61,185.02],[353.63,185.03],[353.63,185.02],[353.64,185.01],[353.64,185.01],[353.64,185.01],[353.65,185.01],[353.64,185.02],[353.69,185.04],[353.69,185.05],[353.68,185.06],[353.68,185.07],[353.68,185.07],[353.66,185.07],[353.64,185.06]]]}},{"type":"Feature","id":"48037-21","properties":{"ridingCode":"48037","pollNumber":"21","pollType":"N","advancePollNumber":"601","sourceCode":"21-0","geometryPollNumbers":["21"],"code":"48037-21","resultPollNumbers":["21"],"resultStatus":"exact","result":{"electors":455,"voters":129,"totalVotes":129,"rejected":0,"turnout":28.35164835164835,"winnerId":"william-stevenson","winnerPartyId":"CPC","runnerUpId":"michael-fark","runnerUpPartyId":"LIB","margin":76.74418604651163,"top":[{"id":"william-stevenson","name":"William Stevenson","shortName":"Stevenson","partyId":"CPC","votes":109,"share":84.49612403100775},{"id":"michael-fark","name":"Michael Fark","shortName":"Fark","partyId":"LIB","votes":10,"share":7.751937984496124},{"id":"avni-soma","name":"Avni Soma","shortName":"Soma","partyId":"NDP","votes":6,"share":4.651162790697675},{"id":"vicky-bayford","name":"Vicky Bayford","shortName":"Bayford","partyId":"PPC","votes":3,"share":2.3255813953488373}],"partyVotes":{"LIB":10,"CPC":109,"BQ":0,"NDP":6,"GRN":0,"PPC":3,"OTH":1}}},"geometry":{"type":"Polygon","coordinates":[[[353.5,185.03],[353.51,185.03],[353.51,185.03],[353.51,185.02],[353.53,185.02],[353.53,185.01],[353.54,185.02],[353.54,185.03],[353.53,185.05],[353.51,185.04],[353.5,185.03],[353.5,185.03]]]}},{"type":"Feature","id":"48037-22","properties":{"ridingCode":"48037","pollNumber":"22","pollType":"N","advancePollNumber":"601","sourceCode":"22-0","geometryPollNumbers":["22"],"code":"48037-22","resultPollNumbers":["22"],"resultStatus":"exact","result":{"electors":468,"voters":139,"totalVotes":139,"rejected":0,"turnout":29.700854700854702,"winnerId":"william-stevenson","winnerPartyId":"CPC","runnerUpId":"michael-fark","runnerUpPartyId":"LIB","margin":35.97122302158273,"top":[{"id":"william-stevenson","name":"William Stevenson","shortName":"Stevenson","partyId":"CPC","votes":90,"share":64.74820143884892},{"id":"michael-fark","name":"Michael Fark","shortName":"Fark","partyId":"LIB","votes":40,"share":28.776978417266186},{"id":"avni-soma","name":"Avni Soma","shortName":"Soma","partyId":"NDP","votes":8,"share":5.755395683453238},{"id":"vicky-bayford","name":"Vicky Bayford","shortName":"Bayford","partyId":"PPC","votes":1,"share":0.7194244604316548}],"partyVotes":{"LIB":40,"CPC":90,"BQ":0,"NDP":8,"GRN":0,"PPC":1,"OTH":0}}},"geometry":{"type":"Polygon","coordinates":[[[353.53,185.05],[353.54,185.03],[353.54,185.02],[353.54,185.01],[353.54,185.01],[353.59,184.99],[353.6,184.98],[353.59,184.98],[353.58,184.97],[353.59,184.97],[353.6,184.97],[353.61,184.99],[353.61,185],[353.62,185.01],[353.64,185.01],[353.63,185.02],[353.63,185.03],[353.61,185.02],[353.6,185.02],[353.6,185.03],[353.59,185.04],[353.58,185.07],[353.53,185.05]]]}},{"type":"Feature","id":"48037-23","properties":{"ridingCode":"48037","pollNumber":"23","pollType":"N","advancePollNumber":"603","sourceCode":"23-0","geometryPollNumbers":["23"],"code":"48037-23","resultPollNumbers":["23"],"resultStatus":"exact","result":{"electors":406,"voters":173,"totalVotes":170,"rejected":3,"turnout":42.610837438423644,"winnerId":"william-stevenson","winnerPartyId":"CPC","runnerUpId":"michael-fark","runnerUpPartyId":"LIB","margin":43.529411764705884,"top":[{"id":"william-stevenson","name":"William Stevenson","shortName":"Stevenson","partyId":"CPC","votes":114,"share":67.05882352941175},{"id":"michael-fark","name":"Michael Fark","shortName":"Fark","partyId":"LIB","votes":40,"share":23.52941176470588},{"id":"avni-soma","name":"Avni Soma","shortName":"Soma","partyId":"NDP","votes":10,"share":5.88235294117647},{"id":"vicky-bayford","name":"Vicky Bayford","shortName":"Bayford","partyId":"PPC","votes":5,"share":2.941176470588235}],"partyVotes":{"LIB":40,"CPC":114,"BQ":0,"NDP":10,"GRN":0,"PPC":5,"OTH":1}}},"geometry":{"type":"Polygon","coordinates":[[[353.68,184.99],[353.7,185],[353.71,185.01],[353.7,185.02],[353.7,185.03],[353.7,185.03],[353.71,185.03],[353.72,185.02],[353.74,185.03],[353.73,185.06],[353.7,185.05],[353.69,185.05],[353.69,185.04],[353.64,185.02],[353.65,185.01],[353.64,185.01],[353.64,185.01],[353.64,184.99],[353.64,184.98],[353.65,184.99],[353.65,184.99],[353.65,184.99],[353.65,185],[353.67,185.01],[353.68,184.99]]]}},{"type":"Feature","id":"48037-24","properties":{"ridingCode":"48037","pollNumber":"24","pollType":"N","advancePollNumber":"603","sourceCode":"24-0","geometryPollNumbers":["24"],"code":"48037-24","resultPollNumbers":["24"],"resultStatus":"exact","result":{"electors":332,"voters":149,"totalVotes":149,"rejected":0,"turnout":44.87951807228915,"winnerId":"william-stevenson","winnerPartyId":"CPC","runnerUpId":"michael-fark","runnerUpPartyId":"LIB","margin":53.691275167785236,"top":[{"id":"william-stevenson","name":"William Stevenson","shortName":"Stevenson","partyId":"CPC","votes":109,"share":73.15436241610739},{"id":"michael-fark","name":"Michael Fark","shortName":"Fark","partyId":"LIB","votes":29,"share":19.463087248322147},{"id":"avni-soma","name":"Avni Soma","shortName":"Soma","partyId":"NDP","votes":11,"share":7.38255033557047},{"id":"vicky-bayford","name":"Vicky Bayford","shortName":"Bayford","partyId":"PPC","votes":0,"share":0}],"partyVotes":{"LIB":29,"CPC":109,"BQ":0,"NDP":11,"GRN":0,"PPC":0,"OTH":0}}},"geometry":{"type":"Polygon","coordinates":[[[353.74,185],[353.72,184.96],[353.72,184.95],[353.72,184.94],[353.75,184.95],[353.93,184.99],[353.96,184.99],[353.99,185],[354,185.01],[353.99,185.01],[353.99,185.03],[353.97,185.03],[353.94,185.03],[353.91,185.04],[353.9,185.03],[353.89,185.04],[353.88,185.05],[353.87,185.04],[353.87,185.04],[353.85,185.03],[353.85,185.02],[353.84,185.02],[353.85,185.04],[353.86,185.05],[353.86,185.06],[353.84,185.06],[353.81,185.06],[353.8,185.06],[353.76,185.08],[353.75,185.07],[353.73,185.06],[353.74,185.03],[353.74,185.02],[353.74,185]]]}},{"type":"Feature","id":"48037-25","properties":{"ridingCode":"48037","pollNumber":"25","pollType":"N","advancePollNumber":"603","sourceCode":"25-0","geometryPollNumbers":["25"],"code":"48037-25","resultPollNumbers":["25"],"resultStatus":"exact","result":{"electors":566,"voters":184,"totalVotes":181,"rejected":3,"turnout":32.50883392226148,"winnerId":"william-stevenson","winnerPartyId":"CPC","runnerUpId":"michael-fark","runnerUpPartyId":"LIB","margin":30.386740331491712,"top":[{"id":"william-stevenson","name":"William Stevenson","shortName":"Stevenson","partyId":"CPC","votes":108,"share":59.66850828729282},{"id":"michael-fark","name":"Michael Fark","shortName":"Fark","partyId":"LIB","votes":53,"share":29.2817679558011},{"id":"avni-soma","name":"Avni Soma","shortName":"Soma","partyId":"NDP","votes":16,"share":8.83977900552486},{"id":"vicky-bayford","name":"Vicky Bayford","shortName":"Bayford","partyId":"PPC","votes":2,"share":1.1049723756906076}],"partyVotes":{"LIB":53,"CPC":108,"BQ":0,"NDP":16,"GRN":0,"PPC":2,"OTH":2}}},"geometry":{"type":"Polygon","coordinates":[[[353.61,184.99],[353.6,184.97],[353.6,184.96],[353.62,184.96],[353.63,184.97],[353.64,184.98],[353.64,184.98],[353.65,184.98],[353.68,184.99],[353.67,185.01],[353.65,185],[353.65,184.99],[353.65,184.99],[353.65,184.99],[353.64,184.98],[353.64,184.99],[353.64,185.01],[353.64,185.01],[353.62,185.01],[353.61,185],[353.61,184.99]]]}},{"type":"Feature","id":"48037-26","properties":{"ridingCode":"48037","pollNumber":"26","pollType":"N","advancePollNumber":"603","sourceCode":"26-0","geometryPollNumbers":["26"],"code":"48037-26","resultPollNumbers":["26"],"resultStatus":"exact","result":{"electors":378,"voters":156,"totalVotes":156,"rejected":0,"turnout":41.269841269841265,"winnerId":"william-stevenson","winnerPartyId":"CPC","runnerUpId":"michael-fark","runnerUpPartyId":"LIB","margin":46.794871794871796,"top":[{"id":"william-stevenson","name":"William Stevenson","shortName":"Stevenson","partyId":"CPC","votes":108,"share":69.23076923076923},{"id":"michael-fark","name":"Michael Fark","shortName":"Fark","partyId":"LIB","votes":35,"share":22.435897435897438},{"id":"avni-soma","name":"Avni Soma","shortName":"Soma","partyId":"NDP","votes":9,"share":5.769230769230769},{"id":"dale-heath","name":"Dale Heath","shortName":"Heath","partyId":"OTH","votes":3,"share":1.9230769230769231}],"partyVotes":{"LIB":35,"CPC":108,"BQ":0,"NDP":9,"GRN":0,"PPC":1,"OTH":3}}},"geometry":{"type":"Polygon","coordinates":[[[353.68,184.99],[353.65,184.98],[353.64,184.98],[353.64,184.98],[353.63,184.97],[353.71,184.95],[353.71,184.94],[353.72,184.94],[353.72,184.95],[353.72,184.96],[353.74,185],[353.74,185.02],[353.74,185.03],[353.72,185.02],[353.71,185.03],[353.7,185.03],[353.7,185.03],[353.7,185.02],[353.71,185.01],[353.7,185],[353.68,184.99]]]}},{"type":"Feature","id":"48037-27","properties":{"ridingCode":"48037","pollNumber":"27","pollType":"N","advancePollNumber":"601","sourceCode":"27-0","geometryPollNumbers":["27"],"code":"48037-27","resultPollNumbers":["27"],"resultStatus":"exact","result":{"electors":446,"voters":173,"totalVotes":173,"rejected":0,"turnout":38.789237668161434,"winnerId":"william-stevenson","winnerPartyId":"CPC","runnerUpId":"michael-fark","runnerUpPartyId":"LIB","margin":71.09826589595376,"top":[{"id":"william-stevenson","name":"William Stevenson","shortName":"Stevenson","partyId":"CPC","votes":141,"share":81.5028901734104},{"id":"michael-fark","name":"Michael Fark","shortName":"Fark","partyId":"LIB","votes":18,"share":10.404624277456648},{"id":"avni-soma","name":"Avni Soma","shortName":"Soma","partyId":"NDP","votes":9,"share":5.202312138728324},{"id":"dale-heath","name":"Dale Heath","shortName":"Heath","partyId":"OTH","votes":3,"share":1.7341040462427744}],"partyVotes":{"LIB":18,"CPC":141,"BQ":0,"NDP":9,"GRN":0,"PPC":2,"OTH":3}}},"geometry":{"type":"Polygon","coordinates":[[[353.47,185.02],[353.29,184.9],[353.31,184.87],[353.31,184.84],[353.71,184.94],[353.71,184.95],[353.63,184.97],[353.62,184.96],[353.6,184.96],[353.6,184.97],[353.59,184.97],[353.58,184.97],[353.59,184.98],[353.6,184.98],[353.59,184.99],[353.54,185.01],[353.54,185.01],[353.54,185.02],[353.53,185.01],[353.53,185.02],[353.51,185.02],[353.51,185.03],[353.51,185.03],[353.5,185.03],[353.5,185.03],[353.51,185.04],[353.49,185.04],[353.47,185.02]]]}},{"type":"Feature","id":"48037-29","properties":{"ridingCode":"48037","pollNumber":"29","pollType":"N","advancePollNumber":"606","sourceCode":"29-0","geometryPollNumbers":["29","31"],"code":"48037-29","resultPollNumbers":["29"],"resultStatus":"resolved-combination","result":{"electors":321,"voters":223,"totalVotes":223,"rejected":0,"turnout":69.47040498442367,"winnerId":"william-stevenson","winnerPartyId":"CPC","runnerUpId":"michael-fark","runnerUpPartyId":"LIB","margin":84.75336322869956,"top":[{"id":"william-stevenson","name":"William Stevenson","shortName":"Stevenson","partyId":"CPC","votes":203,"share":91.03139013452915},{"id":"michael-fark","name":"Michael Fark","shortName":"Fark","partyId":"LIB","votes":14,"share":6.278026905829597},{"id":"vicky-bayford","name":"Vicky Bayford","shortName":"Bayford","partyId":"PPC","votes":3,"share":1.345291479820628},{"id":"avni-soma","name":"Avni Soma","shortName":"Soma","partyId":"NDP","votes":3,"share":1.345291479820628}],"partyVotes":{"LIB":14,"CPC":203,"BQ":0,"NDP":3,"GRN":0,"PPC":3,"OTH":0}}},"geometry":{"type":"MultiPolygon","coordinates":[[[[361.92,185.4],[361.77,184.93],[361.76,184.89],[361.76,184.87],[361.77,184.86],[361.93,184.95],[362.07,184.99],[362.09,185],[362.1,185.01],[362.1,185.02],[362.13,185.12],[362.13,185.13],[362.15,185.13],[362.33,185.15],[362.46,185.11],[362.47,185.11],[362.65,185.16],[362.62,185.07],[362.65,185.07],[362.67,185.07],[362.67,185.07],[362.7,185.09],[362.73,185.12],[362.73,185.12],[362.75,185.12],[362.78,185.11],[362.79,185.11],[362.79,185.1],[362.8,185.09],[362.82,185.05],[362.83,185.03],[362.84,185.03],[362.85,185.03],[362.86,185.03],[362.87,185.05],[362.88,185.08],[362.89,185.09],[362.89,185.12],[362.89,185.13],[362.9,185.14],[362.92,185.16],[362.93,185.16],[362.94,185.16],[362.97,185.16],[362.97,185.2],[363.02,185.19],[363.09,185.17],[363.1,185.17],[363.11,185.18],[363.12,185.19],[363.17,185.34],[363.17,185.34],[363.23,185.41],[363.28,185.54],[363.29,185.56],[363.31,185.57],[363.3,185.59],[363.3,185.6],[363.44,186.04],[363.44,186.06],[363.44,186.07],[363.43,186.09],[363.42,186.09],[363.38,186.11],[363.32,186.17],[363.28,186.22],[363.27,186.23],[363.18,186.25],[362.92,186.34],[362.96,186.5],[362.96,186.53],[362.97,186.55],[362.98,186.56],[363,186.62],[362.99,186.65],[362.97,186.67],[362.97,186.68],[362.97,186.69],[362.97,186.71],[362.97,186.72],[362.97,186.74],[362.98,186.75],[362.99,186.74],[363.01,186.75],[363.04,186.76],[363.04,186.76],[363.2,187.24],[363.47,188.05],[362.67,188.32],[362.68,188.31],[362.44,187.61],[362.48,187.54],[362.48,187.52],[362.48,187.48],[362.47,187.43],[362.47,187.39],[362.47,187.37],[362.48,187.33],[362.49,187.3],[362.51,187.27],[362.52,187.26],[362.51,187.24],[362.51,187.22],[362.53,187.14],[362.53,187.12],[362.51,187.07],[362.4,186.74],[362.33,186.53],[362.13,186.6],[362.12,186.61],[362.11,186.62],[361.83,185.76],[361.92,185.73],[361.82,185.43],[361.92,185.4]]],[[[360.91,186.05],[360.92,186.04],[360.93,186.03],[360.93,186.02],[360.94,186.01],[360.94,186],[360.92,185.92],[360.92,185.91],[360.93,185.89],[360.94,185.89],[360.98,185.87],[360.93,185.75],[360.95,185.75],[360.96,185.75],[360.96,185.74],[360.99,185.73],[361.05,185.72],[361.06,185.72],[361.07,185.71],[361.09,185.71],[361.1,185.68],[361.11,185.67],[361.11,185.67],[361.32,185.6],[361.34,185.58],[361.34,185.57],[361.34,185.56],[361.27,185.34],[361.27,185.33],[361.27,185.3],[361.68,185.16],[361.67,185.11],[361.64,185.08],[361.62,185.03],[361.61,185.02],[361.6,185.02],[361.59,185.02],[361.56,185.04],[361.49,185.06],[361.45,184.92],[361.52,184.9],[361.52,184.9],[361.62,184.86],[361.72,184.83],[361.77,184.86],[361.76,184.87],[361.76,184.89],[361.77,184.93],[361.92,185.4],[361.82,185.43],[361.92,185.73],[361.83,185.76],[361.16,185.97],[361.12,185.98],[360.91,186.05]]]]}},{"type":"Feature","id":"48037-30","properties":{"ridingCode":"48037","pollNumber":"30","pollType":"N","advancePollNumber":"606","sourceCode":"28-0","geometryPollNumbers":["28","30"],"code":"48037-30","resultPollNumbers":["30"],"resultStatus":"resolved-combination","result":{"electors":365,"voters":223,"totalVotes":223,"rejected":0,"turnout":61.09589041095891,"winnerId":"william-stevenson","winnerPartyId":"CPC","runnerUpId":"michael-fark","runnerUpPartyId":"LIB","margin":72.6457399103139,"top":[{"id":"william-stevenson","name":"William Stevenson","shortName":"Stevenson","partyId":"CPC","votes":186,"share":83.40807174887892},{"id":"michael-fark","name":"Michael Fark","shortName":"Fark","partyId":"LIB","votes":24,"share":10.762331838565023},{"id":"avni-soma","name":"Avni Soma","shortName":"Soma","partyId":"NDP","votes":7,"share":3.1390134529147984},{"id":"vicky-bayford","name":"Vicky Bayford","shortName":"Bayford","partyId":"PPC","votes":6,"share":2.690582959641256}],"partyVotes":{"LIB":24,"CPC":186,"BQ":0,"NDP":7,"GRN":0,"PPC":6,"OTH":0}}},"geometry":{"type":"MultiPolygon","coordinates":[[[[357.43,187.23],[357.58,187.18],[359.63,186.5],[359.77,186.45],[359.25,184.98],[359.28,184.98],[359.46,184.96],[359.62,184.95],[359.64,184.94],[359.66,184.93],[359.69,184.91],[359.7,184.89],[359.73,184.85],[359.74,184.84],[359.76,184.83],[359.78,184.82],[359.8,184.81],[359.9,184.8],[359.92,184.8],[359.94,184.79],[359.99,184.74],[360.01,184.73],[360.02,184.73],[360.04,184.72],[360.1,184.73],[360.11,184.73],[360.14,184.82],[360.15,184.82],[360.14,184.79],[360.15,184.79],[360.16,184.79],[360.17,184.78],[360.16,184.77],[360.16,184.77],[360.16,184.77],[360.15,184.73],[360.17,184.72],[360.17,184.71],[360.31,184.67],[360.31,184.68],[360.31,184.69],[360.31,184.73],[360.29,184.77],[360.29,184.78],[360.29,184.79],[360.34,184.94],[360.35,184.96],[360.34,184.97],[360.36,184.96],[360.62,184.88],[360.64,184.87],[360.62,184.81],[360.76,184.76],[360.78,184.83],[360.64,184.88],[360.79,185.32],[360.93,185.75],[360.98,185.87],[360.94,185.89],[360.93,185.89],[360.92,185.91],[360.92,185.92],[360.94,186],[360.94,186.01],[360.93,186.02],[360.93,186.03],[360.92,186.04],[360.91,186.05],[361.12,185.98],[361.16,185.97],[361.83,185.76],[362.11,186.62],[362.12,186.61],[362.13,186.6],[362.33,186.53],[362.4,186.74],[362.51,187.07],[362.53,187.12],[362.53,187.14],[362.51,187.22],[362.51,187.24],[362.52,187.26],[362.51,187.27],[362.49,187.3],[362.48,187.33],[362.47,187.37],[362.47,187.39],[362.47,187.43],[362.48,187.48],[362.48,187.52],[362.48,187.54],[362.44,187.61],[362.68,188.31],[362.67,188.32],[362.31,188.43],[361.76,188.62],[362.04,189.48],[361.05,189.83],[361.25,190.36],[361.23,190.37],[361.2,190.37],[361.19,190.38],[361.18,190.38],[361.12,190.36],[361.11,190.36],[361.03,190.35],[361.01,190.35],[360.98,190.31],[360.95,190.29],[360.92,190.27],[360.9,190.26],[360.89,190.25],[360.88,190.23],[360.84,190.17],[360.82,190.16],[360.8,190.15],[360.78,190.14],[360.77,190.12],[360.75,190.11],[360.75,190.1],[360.72,190.06],[360.7,190.04],[360.7,190.03],[360.68,190.01],[360.68,190],[360.67,189.99],[360.64,189.95],[360.64,189.92],[360.63,189.88],[360.61,189.83],[360.6,189.83],[360.59,189.8],[360.58,189.78],[360.57,189.76],[360.55,189.73],[360.53,189.72],[360.51,189.71],[360.49,189.71],[360.46,189.72],[360.45,189.72],[360.42,189.73],[360.4,189.74],[360.36,189.74],[360.35,189.74],[360.34,189.73],[360.31,189.7],[360.3,189.69],[360.24,189.67],[360.21,189.67],[360.18,189.65],[360.17,189.65],[360.15,189.65],[360.13,189.63],[360.11,189.6],[360.1,189.59],[360.1,189.57],[360.08,189.54],[360.08,189.5],[360.06,189.49],[360.04,189.48],[360.01,189.5],[359.98,189.52],[359.97,189.51],[359.94,189.5],[359.91,189.5],[359.88,189.52],[359.84,189.53],[359.83,189.53],[359.82,189.52],[359.81,189.52],[359.8,189.53],[359.77,189.55],[359.76,189.57],[359.75,189.57],[359.71,189.59],[359.7,189.6],[359.69,189.61],[359.69,189.65],[359.68,189.66],[359.68,189.66],[359.66,189.66],[359.65,189.66],[359.63,189.64],[359.62,189.64],[359.61,189.65],[359.6,189.66],[359.57,189.72],[359.54,189.75],[359.53,189.78],[359.53,189.79],[359.52,189.8],[359.51,189.8],[359.5,189.8],[359.48,189.77],[359.48,189.77],[359.47,189.77],[359.46,189.78],[359.45,189.8],[359.44,189.83],[359.43,189.84],[359.42,189.84],[359.4,189.84],[359.37,189.82],[359.35,189.81],[359.33,189.8],[359.3,189.81],[359.29,189.81],[359.27,189.8],[359.22,189.8],[359.18,189.79],[359.16,189.79],[359.13,189.79],[359.12,189.79],[359.11,189.8],[359.11,189.83],[359.11,189.84],[359.09,189.85],[359.06,189.85],[359.05,189.85],[359.04,189.86],[359.01,189.88],[358.98,189.88],[358.96,189.87],[358.96,189.86],[358.95,189.86],[358.95,189.82],[358.95,189.82],[358.95,189.81],[358.95,189.8],[358.94,189.78],[358.93,189.77],[358.92,189.76],[358.91,189.76],[358.9,189.76],[358.88,189.78],[358.87,189.79],[358.84,189.79],[358.8,189.79],[358.79,189.78],[358.78,189.76],[358.78,189.76],[358.78,189.75],[358.78,189.73],[358.76,189.7],[358.73,189.67],[358.71,189.65],[358.7,189.65],[358.69,189.66],[358.68,189.67],[358.68,189.68],[358.66,189.7],[358.65,189.71],[358.62,189.71],[358.62,189.72],[358.61,189.75],[358.61,189.76],[358.6,189.78],[358.58,189.8],[358.57,189.81],[358.55,189.81],[358.54,189.8],[358.54,189.79],[358.55,189.76],[358.56,189.75],[358.55,189.74],[358.49,189.71],[358.48,189.7],[358.47,189.69],[358.45,189.69],[358.44,189.69],[358.44,189.7],[358.43,189.7],[358.42,189.71],[358.41,189.72],[358.4,189.73],[358.38,189.74],[358.38,189.75],[358.38,189.77],[358.39,189.79],[358.4,189.8],[358.41,189.81],[358.41,189.82],[358.42,189.84],[358.42,189.84],[358.45,189.84],[358.46,189.85],[358.47,189.86],[358.48,189.87],[358.48,189.9],[358.48,189.92],[358.47,189.93],[358.46,189.94],[358.44,189.95],[358.44,189.95],[358.43,189.95],[358.4,189.94],[358.4,189.92],[358.35,189.79],[357.98,188.76],[357.47,187.34],[357.46,187.33],[357.43,187.23]]],[[[356.4,183.78],[356.73,183.67],[357.26,183.49],[357.53,184.33],[358.51,184],[358.78,183.9],[358.86,183.88],[359.01,184.33],[359.15,184.68],[359.25,184.98],[359.77,186.45],[359.63,186.5],[357.58,187.18],[357.38,186.62],[357,185.56],[356.97,185.48],[356.97,185.47],[356.89,185.49],[356.79,185.53],[356.66,185.58],[356.66,185.56],[356.4,184.79],[356.37,184.72],[356.43,184.7],[356.62,184.65],[356.68,184.63],[356.4,183.78]]]]}},{"type":"Feature","id":"48037-33","properties":{"ridingCode":"48037","pollNumber":"33","pollType":"N","advancePollNumber":"606","sourceCode":"33-0","geometryPollNumbers":["33"],"code":"48037-33","resultPollNumbers":["33"],"resultStatus":"exact","result":{"electors":317,"voters":112,"totalVotes":112,"rejected":0,"turnout":35.33123028391167,"winnerId":"william-stevenson","winnerPartyId":"CPC","runnerUpId":"michael-fark","runnerUpPartyId":"LIB","margin":79.46428571428571,"top":[{"id":"william-stevenson","name":"William Stevenson","shortName":"Stevenson","partyId":"CPC","votes":98,"share":87.5},{"id":"michael-fark","name":"Michael Fark","shortName":"Fark","partyId":"LIB","votes":9,"share":8.035714285714286},{"id":"vicky-bayford","name":"Vicky Bayford","shortName":"Bayford","partyId":"PPC","votes":3,"share":2.6785714285714284},{"id":"dale-heath","name":"Dale Heath","shortName":"Heath","partyId":"OTH","votes":1,"share":0.8928571428571428}],"partyVotes":{"LIB":9,"CPC":98,"BQ":0,"NDP":1,"GRN":0,"PPC":3,"OTH":1}}},"geometry":{"type":"Polygon","coordinates":[[[361.08,184.77],[361.36,184.67],[361.44,184.64],[361.43,184.61],[361.38,184.46],[361.38,184.46],[361.38,184.45],[361.42,184.4],[361.43,184.4],[361.46,184.41],[361.62,184.86],[361.52,184.9],[361.52,184.9],[361.45,184.92],[361.49,185.06],[361.56,185.04],[361.59,185.02],[361.6,185.02],[361.61,185.02],[361.62,185.03],[361.64,185.08],[361.67,185.11],[361.68,185.16],[361.27,185.3],[361.26,185.28],[361.24,185.24],[361.23,185.23],[361.08,184.77]]]}},{"type":"Feature","id":"48037-35","properties":{"ridingCode":"48037","pollNumber":"35","pollType":"N","advancePollNumber":"606","sourceCode":"35-0","geometryPollNumbers":["35","46"],"code":"48037-35","resultPollNumbers":["35"],"resultStatus":"resolved-combination","result":{"electors":319,"voters":207,"totalVotes":207,"rejected":0,"turnout":64.89028213166145,"winnerId":"william-stevenson","winnerPartyId":"CPC","runnerUpId":"michael-fark","runnerUpPartyId":"LIB","margin":75.36231884057972,"top":[{"id":"william-stevenson","name":"William Stevenson","shortName":"Stevenson","partyId":"CPC","votes":177,"share":85.5072463768116},{"id":"michael-fark","name":"Michael Fark","shortName":"Fark","partyId":"LIB","votes":21,"share":10.144927536231885},{"id":"avni-soma","name":"Avni Soma","shortName":"Soma","partyId":"NDP","votes":6,"share":2.898550724637681},{"id":"vicky-bayford","name":"Vicky Bayford","shortName":"Bayford","partyId":"PPC","votes":3,"share":1.4492753623188406}],"partyVotes":{"LIB":21,"CPC":177,"BQ":0,"NDP":6,"GRN":0,"PPC":3,"OTH":0}}},"geometry":{"type":"MultiPolygon","coordinates":[[[[361.46,184.41],[361.48,184.41],[361.49,184.4],[361.5,184.4],[361.51,184.39],[361.51,184.37],[361.5,184.34],[361.49,184.28],[361.49,184.26],[361.5,184.26],[361.51,184.26],[361.52,184.26],[361.54,184.27],[361.56,184.28],[361.56,184.29],[361.58,184.32],[361.59,184.38],[361.61,184.41],[361.62,184.46],[361.63,184.47],[361.63,184.48],[361.64,184.48],[361.66,184.47],[361.68,184.46],[361.69,184.43],[361.69,184.42],[361.68,184.4],[361.67,184.37],[361.66,184.36],[361.65,184.35],[361.66,184.33],[361.66,184.33],[361.67,184.33],[361.68,184.33],[361.68,184.33],[361.69,184.34],[361.7,184.37],[361.72,184.39],[361.74,184.42],[361.75,184.42],[361.75,184.43],[361.73,184.46],[361.73,184.48],[361.74,184.5],[361.76,184.54],[361.79,184.56],[361.82,184.58],[361.87,184.6],[361.92,184.62],[361.94,184.62],[361.96,184.64],[361.97,184.65],[361.97,184.66],[361.98,184.69],[362,184.74],[362,184.77],[362,184.8],[361.99,184.86],[362,184.89],[362.01,184.9],[362.02,184.91],[362.03,184.91],[362.04,184.91],[362.06,184.9],[362.06,184.88],[362.05,184.85],[362.05,184.84],[362.06,184.82],[362.06,184.81],[362.07,184.8],[362.09,184.81],[362.1,184.81],[362.13,184.84],[362.16,184.85],[362.17,184.88],[362.17,184.9],[362.15,184.92],[362.13,184.95],[362.12,184.96],[362.12,184.99],[362.12,185.01],[362.12,185.02],[362.13,185.03],[362.14,185.04],[362.16,185.05],[362.17,185.05],[362.2,185.06],[362.22,185.05],[362.23,185.04],[362.23,185.04],[362.25,185.01],[362.27,184.98],[362.27,184.97],[362.29,184.96],[362.31,184.96],[362.32,184.96],[362.33,184.96],[362.34,184.98],[362.35,185.01],[362.36,185.03],[362.37,185.05],[362.37,185.07],[362.39,185.08],[362.4,185.08],[362.41,185.08],[362.43,185.07],[362.46,185.03],[362.54,184.97],[362.58,184.96],[362.59,184.95],[362.61,184.96],[362.62,184.98],[362.62,184.99],[362.62,185.01],[362.6,185.03],[362.59,185.04],[362.59,185.06],[362.59,185.07],[362.6,185.07],[362.61,185.07],[362.62,185.07],[362.65,185.16],[362.47,185.11],[362.46,185.11],[362.33,185.15],[362.15,185.13],[362.13,185.13],[362.13,185.12],[362.1,185.02],[362.1,185.01],[362.09,185],[362.07,184.99],[361.93,184.95],[361.77,184.86],[361.72,184.83],[361.62,184.86],[361.46,184.41]]],[[[360.99,184.61],[360.99,184.59],[361.07,184.6],[361.07,184.6],[361.07,184.61],[361.04,184.6],[361.03,184.62],[361,184.62],[361,184.61],[360.99,184.61]]]]}},{"type":"Feature","id":"48037-36","properties":{"ridingCode":"48037","pollNumber":"36","pollType":"N","advancePollNumber":"604","sourceCode":"36-0","geometryPollNumbers":["36"],"code":"48037-36","resultPollNumbers":["36"],"resultStatus":"exact","result":{"electors":361,"voters":96,"totalVotes":95,"rejected":1,"turnout":26.59279778393352,"winnerId":"william-stevenson","winnerPartyId":"CPC","runnerUpId":"michael-fark","runnerUpPartyId":"LIB","margin":66.3157894736842,"top":[{"id":"william-stevenson","name":"William Stevenson","shortName":"Stevenson","partyId":"CPC","votes":76,"share":80},{"id":"michael-fark","name":"Michael Fark","shortName":"Fark","partyId":"LIB","votes":13,"share":13.684210526315791},{"id":"avni-soma","name":"Avni Soma","shortName":"Soma","partyId":"NDP","votes":5,"share":5.263157894736842},{"id":"vicky-bayford","name":"Vicky Bayford","shortName":"Bayford","partyId":"PPC","votes":1,"share":1.0526315789473684}],"partyVotes":{"LIB":13,"CPC":76,"BQ":0,"NDP":5,"GRN":0,"PPC":1,"OTH":0}}},"geometry":{"type":"Polygon","coordinates":[[[360.99,184.69],[360.98,184.68],[360.98,184.67],[360.99,184.66],[360.99,184.68],[361,184.68],[361,184.68],[361.01,184.68],[361.03,184.69],[361.04,184.69],[361.03,184.68],[361.05,184.68],[361.05,184.69],[361.05,184.69],[361.06,184.7],[361.03,184.71],[361.01,184.7],[361.01,184.7],[361,184.71],[360.99,184.7],[360.99,184.69],[360.99,184.69]]]}},{"type":"Feature","id":"48037-37","properties":{"ridingCode":"48037","pollNumber":"37","pollType":"N","advancePollNumber":"604","sourceCode":"37-0","geometryPollNumbers":["37"],"code":"48037-37","resultPollNumbers":["37"],"resultStatus":"exact","result":{"electors":383,"voters":151,"totalVotes":150,"rejected":1,"turnout":39.425587467362924,"winnerId":"william-stevenson","winnerPartyId":"CPC","runnerUpId":"michael-fark","runnerUpPartyId":"LIB","margin":73.33333333333333,"top":[{"id":"william-stevenson","name":"William Stevenson","shortName":"Stevenson","partyId":"CPC","votes":123,"share":82},{"id":"michael-fark","name":"Michael Fark","shortName":"Fark","partyId":"LIB","votes":13,"share":8.666666666666668},{"id":"avni-soma","name":"Avni Soma","shortName":"Soma","partyId":"NDP","votes":7,"share":4.666666666666667},{"id":"vicky-bayford","name":"Vicky Bayford","shortName":"Bayford","partyId":"PPC","votes":6,"share":4}],"partyVotes":{"LIB":13,"CPC":123,"BQ":0,"NDP":7,"GRN":0,"PPC":6,"OTH":1}}},"geometry":{"type":"Polygon","coordinates":[[[360.89,184.69],[360.95,184.67],[360.97,184.66],[360.98,184.71],[360.99,184.73],[361.03,184.71],[361.06,184.7],[361.07,184.73],[361.21,184.68],[361.19,184.61],[361.2,184.61],[361.23,184.6],[361.26,184.6],[361.27,184.6],[361.28,184.61],[361.28,184.61],[361.29,184.61],[361.29,184.6],[361.32,184.61],[361.33,184.62],[361.34,184.62],[361.35,184.64],[361.43,184.61],[361.44,184.64],[361.36,184.67],[361.08,184.77],[360.94,184.82],[360.89,184.69]]]}},{"type":"Feature","id":"48037-38","properties":{"ridingCode":"48037","pollNumber":"38","pollType":"N","advancePollNumber":"604","sourceCode":"38-0","geometryPollNumbers":["38"],"code":"48037-38","resultPollNumbers":["38"],"resultStatus":"exact","result":{"electors":371,"voters":114,"totalVotes":114,"rejected":0,"turnout":30.727762803234505,"winnerId":"william-stevenson","winnerPartyId":"CPC","runnerUpId":"michael-fark","runnerUpPartyId":"LIB","margin":78.94736842105263,"top":[{"id":"william-stevenson","name":"William Stevenson","shortName":"Stevenson","partyId":"CPC","votes":100,"share":87.71929824561403},{"id":"michael-fark","name":"Michael Fark","shortName":"Fark","partyId":"LIB","votes":10,"share":8.771929824561402},{"id":"avni-soma","name":"Avni Soma","shortName":"Soma","partyId":"NDP","votes":3,"share":2.631578947368421},{"id":"dale-heath","name":"Dale Heath","shortName":"Heath","partyId":"OTH","votes":1,"share":0.8771929824561403}],"partyVotes":{"LIB":10,"CPC":100,"BQ":0,"NDP":3,"GRN":0,"PPC":0,"OTH":1}}},"geometry":{"type":"Polygon","coordinates":[[[360.97,184.66],[360.96,184.63],[360.97,184.64],[360.97,184.65],[360.98,184.65],[360.99,184.65],[360.98,184.66],[360.98,184.67],[360.98,184.68],[360.99,184.69],[360.99,184.69],[360.99,184.7],[361,184.71],[361.01,184.7],[361.01,184.7],[361.03,184.71],[360.99,184.73],[360.98,184.71],[360.97,184.66]]]}},{"type":"Feature","id":"48037-39","properties":{"ridingCode":"48037","pollNumber":"39","pollType":"N","advancePollNumber":"606","sourceCode":"39-0","geometryPollNumbers":["32","39"],"code":"48037-39","resultPollNumbers":["39"],"resultStatus":"resolved-combination","result":{"electors":346,"voters":236,"totalVotes":235,"rejected":1,"turnout":68.20809248554913,"winnerId":"william-stevenson","winnerPartyId":"CPC","runnerUpId":"michael-fark","runnerUpPartyId":"LIB","margin":60.851063829787236,"top":[{"id":"william-stevenson","name":"William Stevenson","shortName":"Stevenson","partyId":"CPC","votes":183,"share":77.87234042553192},{"id":"michael-fark","name":"Michael Fark","shortName":"Fark","partyId":"LIB","votes":40,"share":17.02127659574468},{"id":"avni-soma","name":"Avni Soma","shortName":"Soma","partyId":"NDP","votes":9,"share":3.829787234042553},{"id":"vicky-bayford","name":"Vicky Bayford","shortName":"Bayford","partyId":"PPC","votes":2,"share":0.851063829787234}],"partyVotes":{"LIB":40,"CPC":183,"BQ":0,"NDP":9,"GRN":0,"PPC":2,"OTH":1}}},"geometry":{"type":"MultiPolygon","coordinates":[[[[360.89,184.65],[360.9,184.64],[360.89,184.64],[360.9,184.63],[360.9,184.64],[360.92,184.64],[360.93,184.66],[360.93,184.66],[360.94,184.65],[360.94,184.66],[360.95,184.67],[360.89,184.69],[360.88,184.64],[360.88,184.64],[360.89,184.65]]],[[[360.64,184.88],[360.78,184.83],[360.8,184.87],[360.94,184.82],[361.08,184.77],[361.23,185.23],[361.24,185.24],[361.26,185.28],[361.27,185.3],[361.27,185.33],[361.27,185.34],[361.34,185.56],[361.34,185.57],[361.34,185.58],[361.32,185.6],[361.11,185.67],[361.11,185.67],[361.1,185.68],[361.09,185.71],[361.07,185.71],[361.06,185.72],[361.05,185.72],[360.99,185.73],[360.96,185.74],[360.96,185.75],[360.95,185.75],[360.93,185.75],[360.79,185.32],[360.64,184.88]]]]}},{"type":"Feature","id":"48037-40","properties":{"ridingCode":"48037","pollNumber":"40","pollType":"N","advancePollNumber":"604","sourceCode":"40-0","geometryPollNumbers":["40"],"code":"48037-40","resultPollNumbers":["40"],"resultStatus":"exact","result":{"electors":484,"voters":174,"totalVotes":174,"rejected":0,"turnout":35.9504132231405,"winnerId":"william-stevenson","winnerPartyId":"CPC","runnerUpId":"michael-fark","runnerUpPartyId":"LIB","margin":71.83908045977012,"top":[{"id":"william-stevenson","name":"William Stevenson","shortName":"Stevenson","partyId":"CPC","votes":146,"share":83.9080459770115},{"id":"michael-fark","name":"Michael Fark","shortName":"Fark","partyId":"LIB","votes":21,"share":12.068965517241379},{"id":"avni-soma","name":"Avni Soma","shortName":"Soma","partyId":"NDP","votes":7,"share":4.022988505747127},{"id":"vicky-bayford","name":"Vicky Bayford","shortName":"Bayford","partyId":"PPC","votes":0,"share":0}],"partyVotes":{"LIB":21,"CPC":146,"BQ":0,"NDP":7,"GRN":0,"PPC":0,"OTH":0}}},"geometry":{"type":"Polygon","coordinates":[[[361.05,184.66],[361.05,184.63],[361.07,184.63],[361.08,184.63],[361.08,184.62],[361.1,184.62],[361.09,184.62],[361.08,184.63],[361.09,184.63],[361.1,184.65],[361.13,184.65],[361.13,184.65],[361.13,184.63],[361.13,184.63],[361.14,184.63],[361.15,184.62],[361.15,184.61],[361.19,184.61],[361.21,184.68],[361.07,184.73],[361.06,184.7],[361.05,184.69],[361.05,184.69],[361.05,184.68],[361.05,184.66]]]}},{"type":"Feature","id":"48037-41","properties":{"ridingCode":"48037","pollNumber":"41","pollType":"N","advancePollNumber":"604","sourceCode":"41-0","geometryPollNumbers":["41"],"code":"48037-41","resultPollNumbers":["41"],"resultStatus":"exact","result":{"electors":362,"voters":121,"totalVotes":121,"rejected":0,"turnout":33.42541436464088,"winnerId":"william-stevenson","winnerPartyId":"CPC","runnerUpId":"michael-fark","runnerUpPartyId":"LIB","margin":61.98347107438017,"top":[{"id":"william-stevenson","name":"William Stevenson","shortName":"Stevenson","partyId":"CPC","votes":94,"share":77.68595041322314},{"id":"michael-fark","name":"Michael Fark","shortName":"Fark","partyId":"LIB","votes":19,"share":15.702479338842975},{"id":"avni-soma","name":"Avni Soma","shortName":"Soma","partyId":"NDP","votes":6,"share":4.958677685950414},{"id":"vicky-bayford","name":"Vicky Bayford","shortName":"Bayford","partyId":"PPC","votes":2,"share":1.6528925619834711}],"partyVotes":{"LIB":19,"CPC":94,"BQ":0,"NDP":6,"GRN":0,"PPC":2,"OTH":0}}},"geometry":{"type":"Polygon","coordinates":[[[360.96,184.62],[361,184.63],[361,184.64],[361.01,184.64],[361.01,184.68],[361,184.68],[361,184.68],[360.99,184.68],[360.99,184.66],[360.98,184.67],[360.98,184.66],[360.99,184.65],[360.98,184.65],[360.97,184.65],[360.97,184.64],[360.96,184.63],[360.95,184.63],[360.96,184.62]]]}},{"type":"Feature","id":"48037-42","properties":{"ridingCode":"48037","pollNumber":"42","pollType":"N","advancePollNumber":"606","sourceCode":"34-0","geometryPollNumbers":["34","42"],"code":"48037-42","resultPollNumbers":["42"],"resultStatus":"resolved-combination","result":{"electors":388,"voters":191,"totalVotes":188,"rejected":3,"turnout":49.22680412371135,"winnerId":"william-stevenson","winnerPartyId":"CPC","runnerUpId":"michael-fark","runnerUpPartyId":"LIB","margin":63.297872340425535,"top":[{"id":"william-stevenson","name":"William Stevenson","shortName":"Stevenson","partyId":"CPC","votes":151,"share":80.31914893617021},{"id":"michael-fark","name":"Michael Fark","shortName":"Fark","partyId":"LIB","votes":32,"share":17.02127659574468},{"id":"vicky-bayford","name":"Vicky Bayford","shortName":"Bayford","partyId":"PPC","votes":2,"share":1.0638297872340425},{"id":"avni-soma","name":"Avni Soma","shortName":"Soma","partyId":"NDP","votes":2,"share":1.0638297872340425}],"partyVotes":{"LIB":32,"CPC":151,"BQ":0,"NDP":2,"GRN":0,"PPC":2,"OTH":1}}},"geometry":{"type":"MultiPolygon","coordinates":[[[[360.75,184.6],[360.78,184.57],[360.82,184.56],[360.82,184.58],[360.78,184.59],[360.8,184.66],[360.88,184.63],[360.88,184.64],[360.89,184.69],[360.94,184.82],[360.8,184.87],[360.78,184.83],[360.76,184.76],[360.62,184.81],[360.57,184.66],[360.73,184.61],[360.75,184.6]]],[[[360.92,184.64],[360.92,184.63],[360.94,184.62],[360.94,184.63],[360.94,184.62],[360.95,184.62],[360.95,184.63],[360.96,184.63],[360.97,184.66],[360.95,184.67],[360.94,184.66],[360.94,184.65],[360.93,184.66],[360.93,184.66],[360.92,184.64]]]]}},{"type":"Feature","id":"48037-43","properties":{"ridingCode":"48037","pollNumber":"43","pollType":"N","advancePollNumber":"604","sourceCode":"43-0","geometryPollNumbers":["43"],"code":"48037-43","resultPollNumbers":["43"],"resultStatus":"exact","result":{"electors":371,"voters":129,"totalVotes":128,"rejected":1,"turnout":34.77088948787062,"winnerId":"william-stevenson","winnerPartyId":"CPC","runnerUpId":"michael-fark","runnerUpPartyId":"LIB","margin":70.3125,"top":[{"id":"william-stevenson","name":"William Stevenson","shortName":"Stevenson","partyId":"CPC","votes":106,"share":82.8125},{"id":"michael-fark","name":"Michael Fark","shortName":"Fark","partyId":"LIB","votes":16,"share":12.5},{"id":"vicky-bayford","name":"Vicky Bayford","shortName":"Bayford","partyId":"PPC","votes":3,"share":2.34375},{"id":"avni-soma","name":"Avni Soma","shortName":"Soma","partyId":"NDP","votes":2,"share":1.5625}],"partyVotes":{"LIB":16,"CPC":106,"BQ":0,"NDP":2,"GRN":0,"PPC":3,"OTH":1}}},"geometry":{"type":"Polygon","coordinates":[[[361,184.64],[361,184.63],[361,184.62],[361.03,184.62],[361.04,184.6],[361.07,184.61],[361.08,184.61],[361.08,184.62],[361.08,184.63],[361.08,184.63],[361.07,184.63],[361.05,184.63],[361.05,184.66],[361.05,184.68],[361.03,184.68],[361.04,184.69],[361.03,184.69],[361.01,184.68],[361.01,184.64],[361,184.64]]]}},{"type":"Feature","id":"48037-44","properties":{"ridingCode":"48037","pollNumber":"44","pollType":"N","advancePollNumber":"606","sourceCode":"44-0","geometryPollNumbers":["44"],"code":"48037-44","resultPollNumbers":["44"],"resultStatus":"exact","result":{"electors":483,"voters":163,"totalVotes":162,"rejected":1,"turnout":33.74741200828157,"winnerId":"william-stevenson","winnerPartyId":"CPC","runnerUpId":"michael-fark","runnerUpPartyId":"LIB","margin":69.1358024691358,"top":[{"id":"william-stevenson","name":"William Stevenson","shortName":"Stevenson","partyId":"CPC","votes":132,"share":81.48148148148148},{"id":"michael-fark","name":"Michael Fark","shortName":"Fark","partyId":"LIB","votes":20,"share":12.345679012345679},{"id":"avni-soma","name":"Avni Soma","shortName":"Soma","partyId":"NDP","votes":8,"share":4.938271604938271},{"id":"vicky-bayford","name":"Vicky Bayford","shortName":"Bayford","partyId":"PPC","votes":2,"share":1.2345679012345678}],"partyVotes":{"LIB":20,"CPC":132,"BQ":0,"NDP":8,"GRN":0,"PPC":2,"OTH":0}}},"geometry":{"type":"Polygon","coordinates":[[[360.87,184.6],[360.87,184.6],[360.88,184.61],[360.88,184.6],[360.88,184.61],[360.89,184.61],[360.9,184.61],[360.9,184.6],[360.91,184.61],[360.92,184.6],[360.92,184.6],[360.93,184.59],[360.94,184.59],[360.94,184.59],[360.94,184.58],[360.94,184.58],[360.94,184.6],[360.95,184.63],[360.95,184.62],[360.94,184.62],[360.94,184.63],[360.94,184.62],[360.92,184.63],[360.92,184.64],[360.9,184.64],[360.9,184.63],[360.89,184.64],[360.9,184.64],[360.89,184.65],[360.88,184.64],[360.88,184.64],[360.88,184.63],[360.87,184.6]]]}},{"type":"Feature","id":"48037-47","properties":{"ridingCode":"48037","pollNumber":"47","pollType":"N","advancePollNumber":"604","sourceCode":"47-0","geometryPollNumbers":["47"],"code":"48037-47","resultPollNumbers":["47"],"resultStatus":"exact","result":{"electors":404,"voters":153,"totalVotes":153,"rejected":0,"turnout":37.87128712871287,"winnerId":"william-stevenson","winnerPartyId":"CPC","runnerUpId":"michael-fark","runnerUpPartyId":"LIB","margin":67.3202614379085,"top":[{"id":"william-stevenson","name":"William Stevenson","shortName":"Stevenson","partyId":"CPC","votes":124,"share":81.04575163398692},{"id":"michael-fark","name":"Michael Fark","shortName":"Fark","partyId":"LIB","votes":21,"share":13.725490196078432},{"id":"avni-soma","name":"Avni Soma","shortName":"Soma","partyId":"NDP","votes":6,"share":3.9215686274509802},{"id":"vicky-bayford","name":"Vicky Bayford","shortName":"Bayford","partyId":"PPC","votes":1,"share":0.6535947712418301}],"partyVotes":{"LIB":21,"CPC":124,"BQ":0,"NDP":6,"GRN":0,"PPC":1,"OTH":1}}},"geometry":{"type":"Polygon","coordinates":[[[361.07,184.6],[361.07,184.59],[361.07,184.58],[361.07,184.56],[361.11,184.56],[361.1,184.6],[361.12,184.6],[361.12,184.61],[361.15,184.62],[361.14,184.63],[361.13,184.63],[361.13,184.63],[361.13,184.65],[361.13,184.65],[361.1,184.65],[361.09,184.63],[361.08,184.63],[361.09,184.62],[361.1,184.62],[361.08,184.62],[361.08,184.61],[361.07,184.61],[361.07,184.6],[361.07,184.6]]]}},{"type":"Feature","id":"48037-48","properties":{"ridingCode":"48037","pollNumber":"48","pollType":"N","advancePollNumber":"606","sourceCode":"45-0","geometryPollNumbers":["45","48"],"code":"48037-48","resultPollNumbers":["48"],"resultStatus":"resolved-combination","result":{"electors":268,"voters":138,"totalVotes":138,"rejected":0,"turnout":51.49253731343284,"winnerId":"william-stevenson","winnerPartyId":"CPC","runnerUpId":"michael-fark","runnerUpPartyId":"LIB","margin":59.42028985507246,"top":[{"id":"william-stevenson","name":"William Stevenson","shortName":"Stevenson","partyId":"CPC","votes":106,"share":76.81159420289855},{"id":"michael-fark","name":"Michael Fark","shortName":"Fark","partyId":"LIB","votes":24,"share":17.391304347826086},{"id":"avni-soma","name":"Avni Soma","shortName":"Soma","partyId":"NDP","votes":4,"share":2.898550724637681},{"id":"dale-heath","name":"Dale Heath","shortName":"Heath","partyId":"OTH","votes":3,"share":2.1739130434782608}],"partyVotes":{"LIB":24,"CPC":106,"BQ":0,"NDP":4,"GRN":0,"PPC":1,"OTH":3}}},"geometry":{"type":"MultiPolygon","coordinates":[[[[360.8,184.66],[360.78,184.59],[360.82,184.58],[360.82,184.56],[360.84,184.55],[360.84,184.55],[360.95,184.56],[360.94,184.58],[360.94,184.58],[360.94,184.59],[360.94,184.59],[360.93,184.59],[360.92,184.6],[360.92,184.6],[360.91,184.61],[360.9,184.6],[360.9,184.61],[360.89,184.61],[360.88,184.61],[360.88,184.6],[360.88,184.61],[360.87,184.6],[360.87,184.6],[360.88,184.63],[360.8,184.66]]],[[[360.94,184.58],[360.95,184.56],[360.98,184.56],[360.97,184.58],[360.99,184.59],[360.99,184.61],[361,184.61],[361,184.62],[361,184.63],[360.96,184.62],[360.95,184.63],[360.94,184.6],[360.94,184.58]]]]}},{"type":"Feature","id":"48037-49","properties":{"ridingCode":"48037","pollNumber":"49","pollType":"N","advancePollNumber":"604","sourceCode":"49-0","geometryPollNumbers":["49"],"code":"48037-49","resultPollNumbers":["49"],"resultStatus":"exact","result":{"electors":269,"voters":63,"totalVotes":63,"rejected":0,"turnout":23.42007434944238,"winnerId":"william-stevenson","winnerPartyId":"CPC","runnerUpId":"michael-fark","runnerUpPartyId":"LIB","margin":74.60317460317461,"top":[{"id":"william-stevenson","name":"William Stevenson","shortName":"Stevenson","partyId":"CPC","votes":54,"share":85.71428571428571},{"id":"michael-fark","name":"Michael Fark","shortName":"Fark","partyId":"LIB","votes":7,"share":11.11111111111111},{"id":"vicky-bayford","name":"Vicky Bayford","shortName":"Bayford","partyId":"PPC","votes":1,"share":1.5873015873015872},{"id":"avni-soma","name":"Avni Soma","shortName":"Soma","partyId":"NDP","votes":1,"share":1.5873015873015872}],"partyVotes":{"LIB":7,"CPC":54,"BQ":0,"NDP":1,"GRN":0,"PPC":1,"OTH":0}}},"geometry":{"type":"Polygon","coordinates":[[[360.97,184.58],[360.98,184.56],[361.02,184.57],[361.07,184.58],[361.07,184.59],[361.05,184.59],[361.07,184.59],[361.07,184.59],[361.07,184.6],[360.99,184.59],[360.97,184.58]]]}},{"type":"Feature","id":"48037-50","properties":{"ridingCode":"48037","pollNumber":"50","pollType":"N","advancePollNumber":"606","sourceCode":"50-0","geometryPollNumbers":["50"],"code":"48037-50","resultPollNumbers":["50"],"resultStatus":"exact","result":{"electors":353,"voters":112,"totalVotes":112,"rejected":0,"turnout":31.728045325779036,"winnerId":"william-stevenson","winnerPartyId":"CPC","runnerUpId":"michael-fark","runnerUpPartyId":"LIB","margin":66.07142857142857,"top":[{"id":"william-stevenson","name":"William Stevenson","shortName":"Stevenson","partyId":"CPC","votes":91,"share":81.25},{"id":"michael-fark","name":"Michael Fark","shortName":"Fark","partyId":"LIB","votes":17,"share":15.178571428571427},{"id":"vicky-bayford","name":"Vicky Bayford","shortName":"Bayford","partyId":"PPC","votes":2,"share":1.7857142857142856},{"id":"avni-soma","name":"Avni Soma","shortName":"Soma","partyId":"NDP","votes":2,"share":1.7857142857142856}],"partyVotes":{"LIB":17,"CPC":91,"BQ":0,"NDP":2,"GRN":0,"PPC":2,"OTH":0}}},"geometry":{"type":"Polygon","coordinates":[[[360.57,184.66],[360.51,184.49],[360.67,184.49],[360.73,184.49],[360.74,184.48],[360.77,184.46],[360.81,184.44],[360.83,184.42],[360.86,184.41],[360.88,184.41],[360.9,184.47],[360.97,184.44],[360.98,184.48],[360.97,184.5],[360.97,184.53],[361.03,184.54],[361.02,184.57],[360.98,184.56],[360.95,184.56],[360.84,184.55],[360.84,184.55],[360.82,184.56],[360.78,184.57],[360.75,184.6],[360.73,184.61],[360.57,184.66]]]}},{"type":"Feature","id":"48037-51","properties":{"ridingCode":"48037","pollNumber":"51","pollType":"N","advancePollNumber":"604","sourceCode":"51-0","geometryPollNumbers":["51"],"code":"48037-51","resultPollNumbers":["51"],"resultStatus":"exact","result":{"electors":365,"voters":121,"totalVotes":121,"rejected":0,"turnout":33.15068493150685,"winnerId":"william-stevenson","winnerPartyId":"CPC","runnerUpId":"michael-fark","runnerUpPartyId":"LIB","margin":60.33057851239669,"top":[{"id":"william-stevenson","name":"William Stevenson","shortName":"Stevenson","partyId":"CPC","votes":91,"share":75.20661157024794},{"id":"michael-fark","name":"Michael Fark","shortName":"Fark","partyId":"LIB","votes":18,"share":14.87603305785124},{"id":"avni-soma","name":"Avni Soma","shortName":"Soma","partyId":"NDP","votes":7,"share":5.785123966942149},{"id":"vicky-bayford","name":"Vicky Bayford","shortName":"Bayford","partyId":"PPC","votes":3,"share":2.479338842975207}],"partyVotes":{"LIB":18,"CPC":91,"BQ":0,"NDP":7,"GRN":0,"PPC":3,"OTH":2}}},"geometry":{"type":"Polygon","coordinates":[[[361.02,184.57],[361.03,184.54],[360.97,184.53],[360.97,184.5],[360.98,184.48],[361,184.52],[361.23,184.44],[361.25,184.5],[361.3,184.48],[361.38,184.45],[361.38,184.45],[361.38,184.45],[361.38,184.46],[361.38,184.46],[361.43,184.61],[361.35,184.64],[361.34,184.62],[361.33,184.62],[361.32,184.61],[361.29,184.6],[361.29,184.61],[361.28,184.61],[361.28,184.61],[361.27,184.6],[361.26,184.6],[361.23,184.6],[361.2,184.61],[361.19,184.61],[361.15,184.61],[361.15,184.62],[361.12,184.61],[361.12,184.6],[361.1,184.6],[361.11,184.56],[361.07,184.56],[361.07,184.58],[361.02,184.57]]]}},{"type":"Feature","id":"48037-52","properties":{"ridingCode":"48037","pollNumber":"52","pollType":"N","advancePollNumber":"606","sourceCode":"52-0","geometryPollNumbers":["52"],"code":"48037-52","resultPollNumbers":["52"],"resultStatus":"exact","result":{"electors":305,"voters":84,"totalVotes":83,"rejected":1,"turnout":27.54098360655738,"winnerId":"william-stevenson","winnerPartyId":"CPC","runnerUpId":"avni-soma","runnerUpPartyId":"NDP","margin":90.36144578313254,"top":[{"id":"william-stevenson","name":"William Stevenson","shortName":"Stevenson","partyId":"CPC","votes":78,"share":93.97590361445783},{"id":"avni-soma","name":"Avni Soma","shortName":"Soma","partyId":"NDP","votes":3,"share":3.614457831325301},{"id":"vicky-bayford","name":"Vicky Bayford","shortName":"Bayford","partyId":"PPC","votes":1,"share":1.2048192771084338},{"id":"michael-fark","name":"Michael Fark","shortName":"Fark","partyId":"LIB","votes":1,"share":1.2048192771084338}],"partyVotes":{"LIB":1,"CPC":78,"BQ":0,"NDP":3,"GRN":0,"PPC":1,"OTH":0}}},"geometry":{"type":"Polygon","coordinates":[[[357.53,184.33],[357.26,183.49],[358.25,183.16],[357.97,182.28],[357.69,181.44],[358.33,181.23],[358.54,181.17],[358.56,181.18],[358.6,181.15],[358.68,181.12],[359.41,180.87],[359.46,181.02],[359.68,181.71],[359.94,182.54],[359.87,182.57],[360.1,183.19],[360.32,183.89],[360.44,184.27],[360.45,184.31],[360.45,184.32],[360.51,184.49],[360.57,184.66],[360.62,184.81],[360.64,184.87],[360.62,184.88],[360.36,184.96],[360.34,184.97],[360.35,184.96],[360.34,184.94],[360.29,184.79],[360.29,184.78],[360.29,184.77],[360.31,184.73],[360.31,184.69],[360.31,184.68],[360.31,184.67],[360.17,184.71],[360.17,184.72],[360.15,184.73],[360.16,184.77],[360.16,184.77],[360.16,184.77],[360.17,184.78],[360.16,184.79],[360.15,184.79],[360.14,184.79],[360.15,184.82],[360.14,184.82],[360.11,184.73],[360.1,184.73],[360.04,184.72],[360.02,184.73],[360.01,184.73],[359.99,184.74],[359.94,184.79],[359.92,184.8],[359.9,184.8],[359.8,184.81],[359.78,184.82],[359.76,184.83],[359.74,184.84],[359.73,184.85],[359.7,184.89],[359.69,184.91],[359.66,184.93],[359.64,184.94],[359.62,184.95],[359.46,184.96],[359.28,184.98],[359.25,184.98],[359.15,184.68],[359.01,184.33],[358.86,183.88],[358.78,183.9],[358.51,184],[357.53,184.33]]]}},{"type":"Feature","id":"48037-53","properties":{"ridingCode":"48037","pollNumber":"53","pollType":"N","advancePollNumber":"606","sourceCode":"53-0","geometryPollNumbers":["53"],"code":"48037-53","resultPollNumbers":["53"],"resultStatus":"exact","result":{"electors":326,"voters":125,"totalVotes":125,"rejected":0,"turnout":38.34355828220859,"winnerId":"william-stevenson","winnerPartyId":"CPC","runnerUpId":"michael-fark","runnerUpPartyId":"LIB","margin":79.2,"top":[{"id":"william-stevenson","name":"William Stevenson","shortName":"Stevenson","partyId":"CPC","votes":108,"share":86.4},{"id":"michael-fark","name":"Michael Fark","shortName":"Fark","partyId":"LIB","votes":9,"share":7.199999999999999},{"id":"avni-soma","name":"Avni Soma","shortName":"Soma","partyId":"NDP","votes":5,"share":4},{"id":"vicky-bayford","name":"Vicky Bayford","shortName":"Bayford","partyId":"PPC","votes":3,"share":2.4}],"partyVotes":{"LIB":9,"CPC":108,"BQ":0,"NDP":5,"GRN":0,"PPC":3,"OTH":0}}},"geometry":{"type":"Polygon","coordinates":[[[361.78,184.49],[361.79,184.49],[361.8,184.49],[361.94,184.44],[361.99,184.42],[362.07,184.4],[362.36,184.3],[362.39,184.32],[362.45,184.59],[362.73,184.5],[362.93,185.11],[362.94,185.12],[362.96,185.14],[362.97,185.15],[362.97,185.16],[362.94,185.16],[362.93,185.16],[362.92,185.16],[362.9,185.14],[362.89,185.13],[362.89,185.12],[362.89,185.09],[362.88,185.08],[362.87,185.05],[362.86,185.03],[362.85,185.03],[362.84,185.03],[362.83,185.03],[362.82,185.05],[362.8,185.09],[362.79,185.1],[362.79,185.11],[362.78,185.11],[362.75,185.12],[362.73,185.12],[362.73,185.12],[362.7,185.09],[362.67,185.07],[362.67,185.07],[362.65,185.07],[362.62,185.07],[362.61,185.07],[362.6,185.07],[362.59,185.07],[362.59,185.06],[362.59,185.04],[362.6,185.03],[362.62,185.01],[362.62,184.99],[362.62,184.98],[362.61,184.96],[362.59,184.95],[362.58,184.96],[362.54,184.97],[362.46,185.03],[362.43,185.07],[362.41,185.08],[362.4,185.08],[362.39,185.08],[362.37,185.07],[362.37,185.05],[362.36,185.03],[362.35,185.01],[362.34,184.98],[362.33,184.96],[362.32,184.96],[362.31,184.96],[362.29,184.96],[362.27,184.97],[362.27,184.98],[362.25,185.01],[362.23,185.04],[362.23,185.04],[362.22,185.05],[362.2,185.06],[362.17,185.05],[362.16,185.05],[362.14,185.04],[362.13,185.03],[362.12,185.02],[362.12,185.01],[362.12,184.99],[362.12,184.96],[362.13,184.95],[362.15,184.92],[362.17,184.9],[362.17,184.88],[362.16,184.85],[362.13,184.84],[362.1,184.81],[362.09,184.81],[362.07,184.8],[362.06,184.81],[362.06,184.82],[362.05,184.84],[362.05,184.85],[362.06,184.88],[362.06,184.9],[362.04,184.91],[362.03,184.91],[362.02,184.91],[362.01,184.9],[362,184.89],[361.99,184.86],[362,184.8],[362,184.77],[362,184.74],[361.98,184.69],[361.97,184.66],[361.97,184.65],[361.96,184.64],[361.94,184.62],[361.92,184.62],[361.87,184.6],[361.82,184.58],[361.79,184.56],[361.76,184.54],[361.74,184.5],[361.73,184.48],[361.73,184.46],[361.78,184.49]]]}},{"type":"Feature","id":"48037-54","properties":{"ridingCode":"48037","pollNumber":"54","pollType":"N","advancePollNumber":"605","sourceCode":"54-0","geometryPollNumbers":["54"],"code":"48037-54","resultPollNumbers":["54"],"resultStatus":"exact","result":{"electors":257,"voters":115,"totalVotes":115,"rejected":0,"turnout":44.74708171206226,"winnerId":"william-stevenson","winnerPartyId":"CPC","runnerUpId":"michael-fark","runnerUpPartyId":"LIB","margin":77.39130434782608,"top":[{"id":"william-stevenson","name":"William Stevenson","shortName":"Stevenson","partyId":"CPC","votes":100,"share":86.95652173913044},{"id":"michael-fark","name":"Michael Fark","shortName":"Fark","partyId":"LIB","votes":11,"share":9.565217391304348},{"id":"vicky-bayford","name":"Vicky Bayford","shortName":"Bayford","partyId":"PPC","votes":3,"share":2.608695652173913},{"id":"avni-soma","name":"Avni Soma","shortName":"Soma","partyId":"NDP","votes":1,"share":0.8695652173913043}],"partyVotes":{"LIB":11,"CPC":100,"BQ":0,"NDP":1,"GRN":0,"PPC":3,"OTH":0}}},"geometry":{"type":"Polygon","coordinates":[[[362.29,184.13],[362.29,184.11],[362.37,184.1],[362.44,184.09],[362.47,184.08],[362.49,184.07],[362.57,184.01],[362.58,184],[362.59,183.98],[362.64,183.96],[362.69,183.94],[362.7,183.94],[362.71,183.94],[362.72,183.95],[362.73,183.96],[362.73,183.97],[362.74,183.99],[362.75,184],[362.76,184.02],[362.77,184.05],[362.78,184.07],[362.78,184.09],[362.77,184.12],[362.78,184.16],[363.21,184.02],[363.14,183.8],[363.19,183.79],[363.24,183.78],[363.31,183.79],[363.34,183.79],[363.39,183.81],[363.42,183.82],[363.79,183.84],[363.83,183.97],[363.84,183.99],[363.84,184],[363.83,184.02],[363.83,184.04],[363.76,184.14],[363.76,184.15],[363.76,184.17],[362.88,184.45],[362.73,184.5],[362.45,184.59],[362.39,184.32],[362.36,184.3],[362.32,184.12],[362.29,184.13]]]}},{"type":"Feature","id":"48037-55","properties":{"ridingCode":"48037","pollNumber":"55","pollType":"N","advancePollNumber":"605","sourceCode":"55-0","geometryPollNumbers":["55"],"code":"48037-55","resultPollNumbers":["55"],"resultStatus":"exact","result":{"electors":310,"voters":125,"totalVotes":125,"rejected":0,"turnout":40.32258064516129,"winnerId":"william-stevenson","winnerPartyId":"CPC","runnerUpId":"michael-fark","runnerUpPartyId":"LIB","margin":79.2,"top":[{"id":"william-stevenson","name":"William Stevenson","shortName":"Stevenson","partyId":"CPC","votes":110,"share":88},{"id":"michael-fark","name":"Michael Fark","shortName":"Fark","partyId":"LIB","votes":11,"share":8.799999999999999},{"id":"vicky-bayford","name":"Vicky Bayford","shortName":"Bayford","partyId":"PPC","votes":2,"share":1.6},{"id":"avni-soma","name":"Avni Soma","shortName":"Soma","partyId":"NDP","votes":2,"share":1.6}],"partyVotes":{"LIB":11,"CPC":110,"BQ":0,"NDP":2,"GRN":0,"PPC":2,"OTH":0}}},"geometry":{"type":"Polygon","coordinates":[[[362.22,183.9],[361.56,181.96],[361.68,181.92],[362.44,181.7],[362.51,181.66],[362.54,181.65],[362.73,181.6],[363.27,181.45],[363.28,181.48],[363.32,181.46],[363.34,181.47],[363.89,183.17],[363.89,183.17],[363.6,183.27],[363.79,183.84],[363.42,183.82],[363.39,183.81],[363.34,183.79],[363.31,183.79],[363.24,183.78],[363.19,183.79],[363.14,183.8],[363.21,184.02],[362.78,184.16],[362.77,184.12],[362.78,184.09],[362.78,184.07],[362.77,184.05],[362.76,184.02],[362.75,184],[362.74,183.99],[362.73,183.97],[362.73,183.96],[362.72,183.95],[362.71,183.94],[362.7,183.94],[362.69,183.94],[362.64,183.96],[362.59,183.98],[362.58,184],[362.57,184.01],[362.49,184.07],[362.47,184.08],[362.44,184.09],[362.37,184.1],[362.29,184.11],[362.22,183.9],[362.22,183.9]]]}},{"type":"Feature","id":"48037-56","properties":{"ridingCode":"48037","pollNumber":"56","pollType":"N","advancePollNumber":"606","sourceCode":"56-0","geometryPollNumbers":["56"],"code":"48037-56","resultPollNumbers":["56"],"resultStatus":"exact","result":{"electors":276,"voters":93,"totalVotes":93,"rejected":0,"turnout":33.69565217391305,"winnerId":"william-stevenson","winnerPartyId":"CPC","runnerUpId":"michael-fark","runnerUpPartyId":"LIB","margin":81.72043010752688,"top":[{"id":"william-stevenson","name":"William Stevenson","shortName":"Stevenson","partyId":"CPC","votes":82,"share":88.17204301075269},{"id":"michael-fark","name":"Michael Fark","shortName":"Fark","partyId":"LIB","votes":6,"share":6.451612903225806},{"id":"vicky-bayford","name":"Vicky Bayford","shortName":"Bayford","partyId":"PPC","votes":4,"share":4.301075268817205},{"id":"avni-soma","name":"Avni Soma","shortName":"Soma","partyId":"NDP","votes":1,"share":1.0752688172043012}],"partyVotes":{"LIB":6,"CPC":82,"BQ":0,"NDP":1,"GRN":0,"PPC":4,"OTH":0}}},"geometry":{"type":"Polygon","coordinates":[[[359.41,180.87],[361.16,180.29],[361.23,180.52],[361.51,181.37],[361.5,181.38],[361.68,181.92],[361.56,181.96],[362.22,183.9],[362.22,183.9],[362.29,184.11],[362.29,184.13],[362.32,184.12],[362.36,184.3],[362.07,184.4],[361.99,184.42],[361.94,184.44],[361.8,184.49],[361.79,184.49],[361.78,184.49],[361.73,184.46],[361.75,184.43],[361.75,184.42],[361.74,184.42],[361.72,184.39],[361.7,184.37],[361.69,184.34],[361.68,184.33],[361.68,184.33],[361.67,184.33],[361.66,184.33],[361.66,184.33],[361.65,184.35],[361.66,184.36],[361.67,184.37],[361.68,184.4],[361.69,184.42],[361.69,184.43],[361.68,184.46],[361.66,184.47],[361.64,184.48],[361.63,184.48],[361.63,184.47],[361.62,184.46],[361.61,184.41],[361.59,184.38],[361.58,184.32],[361.56,184.29],[361.56,184.28],[361.54,184.27],[361.52,184.26],[361.51,184.26],[361.5,184.26],[361.49,184.26],[361.49,184.28],[361.5,184.34],[361.51,184.37],[361.51,184.39],[361.5,184.4],[361.49,184.4],[361.48,184.41],[361.46,184.41],[361.43,184.4],[361.42,184.4],[361.38,184.45],[361.38,184.45],[361.38,184.45],[361.3,184.48],[361.25,184.5],[361.23,184.44],[361,184.52],[360.98,184.48],[360.97,184.44],[360.9,184.47],[360.88,184.41],[360.86,184.41],[360.83,184.42],[360.81,184.44],[360.77,184.46],[360.74,184.48],[360.73,184.49],[360.67,184.49],[360.51,184.49],[360.45,184.32],[360.45,184.31],[360.44,184.27],[360.32,183.89],[360.1,183.19],[359.87,182.57],[359.94,182.54],[359.68,181.71],[359.46,181.02],[359.41,180.87]]]}},{"type":"Feature","id":"48037-57","properties":{"ridingCode":"48037","pollNumber":"57","pollType":"N","advancePollNumber":"607","sourceCode":"57-0","geometryPollNumbers":["57"],"code":"48037-57","resultPollNumbers":["57"],"resultStatus":"exact","result":{"electors":489,"voters":170,"totalVotes":170,"rejected":0,"turnout":34.76482617586912,"winnerId":"michael-fark","winnerPartyId":"LIB","runnerUpId":"william-stevenson","runnerUpPartyId":"CPC","margin":9.411764705882353,"top":[{"id":"michael-fark","name":"Michael Fark","shortName":"Fark","partyId":"LIB","votes":86,"share":50.588235294117645},{"id":"william-stevenson","name":"William Stevenson","shortName":"Stevenson","partyId":"CPC","votes":70,"share":41.17647058823529},{"id":"avni-soma","name":"Avni Soma","shortName":"Soma","partyId":"NDP","votes":13,"share":7.647058823529412},{"id":"vicky-bayford","name":"Vicky Bayford","shortName":"Bayford","partyId":"PPC","votes":1,"share":0.5882352941176471}],"partyVotes":{"LIB":86,"CPC":70,"BQ":0,"NDP":13,"GRN":0,"PPC":1,"OTH":0}}},"geometry":{"type":"Polygon","coordinates":[[[343.05,188.66],[343.11,188.56],[343.17,188.42],[343.23,188.28],[343.23,188.13],[343.13,188.01],[343.22,187.8],[343.12,187.73],[343.13,187.66],[343.15,187.53],[343.24,187.35],[343.21,187.29],[343.27,187.27],[343.25,187.16],[343.3,186.84],[343.31,186.68],[343.25,186.55],[343.2,186.48],[343.29,186.47],[343.36,186.48],[343.4,186.59],[343.48,186.56],[343.58,186.43],[343.7,186.38],[343.89,186.37],[343.88,186.27],[343.9,186.16],[343.94,186.03],[344.13,186],[344.22,185.88],[344.3,185.71],[344.22,185.54],[344.36,185.48],[344.39,185.56],[344.58,185.64],[344.47,185.86],[344.55,185.89],[344.67,186.02],[344.75,186.07],[344.82,186.26],[344.74,186.37],[344.72,186.45],[344.75,186.5],[344.82,186.49],[345.01,186.48],[345.07,186.49],[345.11,186.42],[345.16,186.4],[345.22,186.4],[345.25,186.33],[345.31,186.22],[345.3,186.07],[345.33,186.03],[345.49,185.93],[345.54,185.75],[345.6,185.67],[345.69,185.61],[345.7,185.49],[345.73,185.47],[345.77,185.38],[345.83,185.33],[345.86,185.28],[345.87,185.18],[345.86,185.15],[345.82,185.13],[345.83,185.06],[345.85,184.99],[346.03,184.77],[346.04,184.73],[345.96,184.66],[345.86,184.59],[345.83,184.51],[345.77,184.47],[345.65,184.42],[345.68,184.31],[345.51,184.15],[345.58,184.04],[345.62,184.09],[345.71,184.15],[345.85,184.19],[345.92,184.07],[345.95,183.98],[345.93,183.85],[346,183.85],[346.06,183.9],[346.13,183.89],[346.18,183.79],[346.17,183.68],[346.13,183.62],[346.14,183.54],[346.13,183.41],[346.09,183.44],[346.05,183.35],[345.97,183.34],[345.91,183.32],[345.88,183.27],[345.92,183.19],[345.89,183.11],[345.91,183.01],[345.97,182.94],[346.06,182.74],[345.95,182.56],[345.94,182.53],[345.99,182.41],[345.93,182.39],[345.87,182.23],[345.89,182.18],[346.02,182.16],[346.1,182.16],[346.15,182.18],[346.2,182.24],[346.24,182.29],[346.31,182.31],[346.37,182.32],[346.4,182.25],[346.43,182.21],[346.46,182.17],[346.55,182.21],[346.62,182.2],[346.69,182.13],[346.74,182.1],[346.76,182.05],[346.76,182.03],[346.78,182.01],[346.8,181.99],[346.82,181.99],[346.84,181.99],[346.85,181.98],[346.89,181.89],[346.91,181.88],[346.93,181.86],[346.97,181.86],[347,181.85],[347.03,181.84],[347.06,181.83],[347.16,181.78],[347.25,181.76],[347.31,181.74],[347.38,181.73],[347.41,181.71],[347.43,181.7],[347.52,181.63],[347.58,181.55],[347.6,181.54],[347.65,181.52],[347.69,181.5],[347.73,181.48],[347.78,181.47],[347.79,181.46],[347.81,181.45],[347.86,181.39],[347.91,181.33],[347.93,181.3],[347.95,181.29],[347.96,181.28],[348.14,181.17],[348.36,181.06],[348.44,181],[348.56,180.97],[348.66,180.94],[348.68,180.94],[348.79,180.96],[348.84,180.96],[348.84,180.96],[348.8,180.97],[348.79,180.99],[348.78,180.99],[348.77,181.01],[348.75,181.04],[348.75,181.05],[348.77,181.05],[348.77,181.06],[348.76,181.07],[348.74,181.08],[348.73,181.1],[348.63,181.17],[348.71,181.31],[348.75,181.47],[348.76,181.47],[348.77,181.47],[348.79,181.48],[348.81,181.47],[348.82,181.47],[348.84,181.48],[348.86,181.49],[348.91,181.51],[349,182.21],[349.11,182.21],[349.12,182.19],[349.13,182.17],[349.15,182.11],[349.16,182.09],[349.17,182.07],[349.17,182.06],[349.19,182.04],[349.21,182],[349.2,181.99],[349.19,181.99],[349.19,181.99],[349.19,181.97],[349.19,181.95],[349.2,181.94],[349.2,181.91],[349.23,181.86],[349.23,181.86],[349.23,181.86],[349.21,181.86],[349.2,181.85],[349.19,181.83],[349.2,181.8],[349.2,181.79],[349.2,181.77],[349.18,181.76],[349.18,181.75],[349.19,181.74],[349.2,181.73],[349.2,181.72],[349.2,181.69],[349.2,181.66],[349.22,181.61],[349.22,181.59],[349.21,181.56],[349.2,181.55],[349.19,181.53],[349.18,181.51],[349.18,181.5],[349.16,181.48],[349.15,181.48],[349.14,181.48],[349.12,181.49],[349.1,181.51],[349.09,181.53],[349.08,181.53],[349.07,181.52],[349.06,181.51],[349.06,181.5],[349.06,181.49],[349.05,181.48],[349.05,181.47],[349.05,181.46],[349.05,181.44],[349.06,181.42],[349.07,181.41],[349.06,181.41],[349.04,181.4],[349.03,181.4],[349.03,181.39],[349.04,181.38],[349.03,181.37],[349.03,181.36],[349.01,181.34],[349.02,181.32],[349.01,181.3],[349.01,181.28],[349.01,181.27],[349.02,181.26],[349.02,181.25],[349.01,181.23],[348.99,181.22],[348.99,181.21],[348.98,181.2],[348.97,181.2],[348.97,181.19],[348.98,181.17],[348.99,181.16],[349,181.16],[349.02,181.16],[349.02,181.16],[349.02,181.13],[349.01,181.12],[348.98,181.1],[348.99,181.08],[349.01,181.09],[349.02,181.11],[349.04,181.09],[349.01,181.03],[348.98,180.98],[348.96,180.97],[348.96,180.97],[348.98,180.93],[348.93,180.91],[348.92,180.83],[348.93,180.82],[348.95,180.8],[348.95,180.56],[348.98,180.39],[348.94,180.34],[348.94,180.34],[348.95,180.33],[348.97,180.32],[349.09,180.32],[349.21,180.04],[349.35,179.63],[349.78,178.99],[349.61,178.58],[349.42,178.56],[349.45,178.55],[350.02,177.56],[351.08,176.3],[351.9,174.63],[351.89,173.26],[352.07,172.74],[352.17,172.62],[352.18,172.58],[352.34,172.63],[352.1,173.16],[352.16,173.21],[352.36,173.08],[352.5,172.81],[352.6,172.81],[352.74,172.57],[352.71,172.49],[352.86,172.25],[352.97,172.29],[353.02,172.62],[352.74,172.79],[352.73,172.9],[352.92,172.96],[353.24,173.2],[353.35,173.33],[353.5,173.55],[353.58,173.79],[353.72,173.86],[353.73,173.87],[353.74,173.88],[353.75,173.89],[353.76,173.89],[353.77,173.89],[353.78,173.9],[353.78,173.9],[353.8,173.92],[353.82,173.94],[353.82,173.95],[353.81,173.96],[353.81,173.96],[353.82,173.97],[353.83,173.98],[353.83,173.99],[353.82,174],[353.84,174.01],[353.86,174.03],[353.86,174.04],[353.87,174.05],[353.88,174.05],[353.9,174.07],[353.92,174.08],[353.92,174.09],[353.93,174.1],[353.94,174.1],[353.95,174.11],[353.95,174.11],[353.97,174.11],[353.97,174.12],[353.98,174.13],[353.98,174.14],[353.99,174.14],[354,174.14],[354.01,174.14],[354.01,174.15],[354.02,174.15],[354.02,174.17],[354.04,174.19],[354.04,174.2],[354.03,174.2],[354.03,174.21],[354.05,174.21],[354.07,174.21],[354.08,174.21],[354.1,174.22],[354.11,174.23],[354.13,174.25],[354.13,174.25],[354.15,174.25],[354.18,174.27],[354.19,174.27],[354.19,174.27],[354.2,174.26],[354.21,174.26],[354.21,174.26],[354.2,174.27],[354.2,174.27],[354.21,174.3],[354.22,174.31],[354.25,174.34],[354.26,174.34],[354.26,174.34],[354.27,174.34],[354.28,174.34],[354.29,174.35],[354.31,174.37],[354.31,174.37],[354.33,174.37],[354.34,174.38],[354.35,174.4],[354.36,174.41],[354.36,174.42],[354.37,174.42],[354.38,174.42],[354.38,174.42],[354.39,174.43],[354.41,174.44],[354.43,174.43],[354.45,174.45],[354.47,174.44],[354.48,174.44],[354.51,174.46],[354.53,174.48],[354.53,174.48],[354.53,174.5],[354.53,174.51],[354.53,174.51],[354.52,174.53],[354.52,174.54],[354.52,174.55],[354.53,174.56],[354.55,174.55],[354.56,174.56],[354.57,174.57],[354.58,174.58],[354.61,174.6],[354.61,174.61],[354.62,174.61],[354.65,174.63],[354.66,174.65],[354.67,174.65],[354.68,174.65],[354.69,174.66],[354.7,174.66],[354.71,174.66],[354.73,174.66],[354.75,174.67],[354.75,174.67],[354.76,174.67],[354.78,174.68],[354.79,174.68],[354.79,174.66],[354.8,174.66],[354.8,174.66],[354.81,174.68],[354.81,174.68],[354.82,174.68],[354.82,174.68],[354.81,174.72],[354.81,174.73],[354.83,174.73],[354.84,174.72],[354.84,174.73],[354.85,174.74],[354.85,174.75],[354.84,174.77],[354.84,174.79],[354.84,174.8],[354.84,174.82],[354.85,174.83],[354.85,174.85],[354.86,174.86],[354.87,174.87],[354.88,174.91],[354.88,174.92],[354.88,174.94],[354.88,174.95],[354.86,174.97],[354.86,175],[354.85,175.02],[354.85,175.03],[354.85,175.04],[354.85,175.05],[354.84,175.06],[354.84,175.09],[354.83,175.09],[354.83,175.1],[354.83,175.11],[354.83,175.11],[354.82,175.11],[354.82,175.12],[354.81,175.12],[354.8,175.13],[354.81,175.15],[354.81,175.16],[354.8,175.16],[354.8,175.16],[354.81,175.18],[354.81,175.19],[354.82,175.21],[354.83,175.21],[354.82,175.23],[354.82,175.23],[354.81,175.23],[354.81,175.23],[354.79,175.23],[354.79,175.23],[354.8,175.25],[354.82,175.26],[354.82,175.27],[354.82,175.28],[354.84,175.29],[354.84,175.29],[354.86,175.32],[354.86,175.34],[354.87,175.36],[354.88,175.36],[354.89,175.36],[354.91,175.35],[354.92,175.35],[354.93,175.38],[354.94,175.39],[354.95,175.39],[354.96,175.4],[354.97,175.43],[354.98,175.45],[354.99,175.45],[355.01,175.46],[355.01,175.46],[355,175.47],[354.99,175.48],[354.98,175.48],[354.98,175.5],[354.98,175.51],[354.99,175.51],[355.01,175.52],[355.03,175.55],[355.05,175.56],[355.06,175.57],[355.06,175.58],[355.09,175.59],[355.12,175.6],[355.14,175.6],[355.15,175.6],[355.16,175.6],[355.17,175.59],[355.17,175.59],[355.18,175.6],[355.18,175.63],[355.18,175.63],[355.19,175.64],[355.2,175.64],[355.2,175.65],[355.2,175.66],[355.2,175.66],[355.21,175.68],[355.22,175.69],[355.23,175.69],[355.22,175.71],[355.23,175.72],[355.24,175.72],[355.25,175.71],[355.26,175.72],[355.26,175.73],[355.27,175.73],[355.28,175.73],[355.29,175.73],[355.29,175.74],[355.29,175.75],[355.3,175.77],[355.31,175.77],[355.32,175.77],[355.33,175.77],[355.33,175.78],[355.32,175.79],[355.31,175.8],[355.32,175.8],[355.32,175.81],[355.33,175.81],[355.36,175.81],[355.37,175.82],[355.37,175.83],[355.37,175.84],[355.38,175.85],[355.39,175.87],[355.39,175.88],[355.39,175.89],[355.39,175.9],[355.4,175.91],[355.4,175.91],[355.41,175.91],[355.43,175.89],[355.46,175.88],[355.48,175.89],[355.48,175.89],[355.49,175.89],[355.49,175.88],[355.5,175.87],[355.51,175.87],[355.52,175.88],[355.53,175.88],[355.53,175.88],[355.54,175.88],[355.54,175.86],[355.55,175.86],[355.55,175.86],[355.55,175.87],[355.55,175.89],[355.55,175.89],[355.57,175.9],[355.57,175.91],[355.57,175.92],[355.58,175.93],[355.59,175.93],[355.6,175.94],[355.6,175.94],[355.6,175.95],[355.59,175.96],[355.58,175.96],[355.58,175.96],[355.57,175.97],[355.58,175.98],[355.58,175.98],[355.6,175.99],[355.61,176],[355.61,176.02],[355.6,176.02],[355.59,176.03],[355.6,176.05],[355.61,176.06],[355.62,176.07],[355.63,176.08],[355.64,176.09],[355.66,176.11],[355.69,176.1],[355.71,176.12],[355.72,176.14],[355.72,176.16],[355.72,176.17],[355.7,176.18],[355.7,176.19],[355.7,176.19],[355.72,176.21],[355.72,176.21],[355.74,176.2],[355.74,176.21],[355.75,176.22],[355.75,176.22],[355.74,176.23],[355.73,176.25],[355.72,176.26],[355.7,176.28],[355.7,176.3],[355.7,176.31],[355.71,176.31],[355.72,176.31],[355.73,176.3],[355.74,176.29],[355.76,176.29],[355.8,176.31],[355.81,176.33],[355.82,176.34],[355.82,176.33],[355.84,176.33],[355.86,176.34],[355.87,176.35],[355.88,176.37],[355.89,176.4],[355.88,176.4],[355.88,176.41],[355.88,176.43],[355.89,176.44],[355.88,176.44],[355.87,176.44],[355.86,176.43],[355.86,176.43],[355.85,176.44],[355.85,176.45],[355.85,176.46],[355.87,176.48],[355.88,176.48],[355.88,176.48],[355.89,176.48],[355.9,176.48],[355.91,176.49],[355.9,176.5],[355.88,176.52],[355.88,176.53],[355.87,176.55],[355.84,176.56],[355.84,176.57],[355.84,176.58],[355.84,176.59],[355.85,176.6],[355.85,176.62],[355.86,176.62],[355.9,176.65],[355.92,176.68],[355.93,176.71],[355.93,176.71],[355.93,176.71],[355.91,176.71],[355.89,176.71],[355.89,176.72],[355.89,176.73],[355.89,176.76],[355.9,176.77],[355.91,176.8],[355.92,176.81],[355.93,176.82],[355.93,176.82],[355.94,176.82],[355.93,176.84],[355.94,176.86],[355.94,176.86],[355.93,176.87],[355.91,176.86],[355.91,176.86],[355.9,176.87],[355.89,176.87],[355.88,176.87],[355.87,176.86],[355.86,176.87],[355.85,176.87],[355.82,176.87],[355.81,176.86],[355.8,176.86],[355.79,176.85],[355.78,176.85],[355.77,176.85],[355.74,176.82],[355.72,176.82],[355.69,176.8],[355.68,176.78],[355.68,176.77],[355.67,176.77],[355.66,176.75],[355.66,176.75],[355.65,176.73],[355.65,176.71],[355.65,176.71],[355.64,176.7],[355.64,176.7],[355.63,176.7],[355.62,176.71],[355.61,176.71],[355.6,176.72],[355.59,176.72],[355.59,176.72],[355.59,176.71],[355.59,176.7],[355.56,176.69],[355.56,176.68],[355.54,176.67],[355.53,176.66],[355.52,176.65],[355.51,176.64],[355.5,176.64],[355.51,176.62],[355.51,176.62],[355.5,176.62],[355.5,176.62],[355.49,176.6],[355.48,176.59],[355.46,176.58],[355.45,176.57],[355.44,176.57],[355.44,176.57],[355.43,176.55],[355.43,176.54],[355.43,176.52],[355.43,176.51],[355.41,176.49],[355.4,176.49],[355.4,176.48],[355.4,176.47],[355.39,176.46],[355.37,176.44],[355.35,176.45],[355.34,176.44],[355.32,176.41],[355.29,176.41],[355.28,176.41],[355.26,176.4],[355.25,176.39],[355.25,176.39],[355.23,176.36],[355.22,176.36],[355.2,176.36],[355.19,176.37],[355.17,176.39],[354.93,176.93],[354.92,177.15],[354.78,177.2],[354.61,177.31],[354.33,177.36],[354.15,177.73],[354.1,178.02],[353.9,178.34],[353.99,178.52],[353.8,178.69],[353.75,178.87],[353.64,178.92],[353.61,179.03],[353.23,179.6],[353.09,179.7],[352.98,179.91],[353.04,180.12],[353.03,180.16],[352.96,180.2],[352.86,180.4],[352.78,180.46],[352.71,180.53],[352.61,180.52],[352.45,180.8],[352.48,180.94],[352.48,181.02],[352.64,181.22],[352.74,181.15],[353.02,181.35],[352.83,181.53],[352.49,181.85],[352.45,181.94],[352.48,182.1],[352.34,182.44],[352.25,182.58],[352.26,182.72],[352.28,182.92],[352.3,183.2],[352.23,183.27],[352.18,183.24],[352.02,183.26],[351.99,183.34],[351.84,183.56],[351.82,183.83],[351.68,183.9],[351.53,183.96],[351.52,183.97],[351.52,183.97],[351.52,183.98],[351.52,183.98],[351.52,183.99],[351.52,184],[351.51,184],[351.49,183.99],[351.48,184],[351.47,184.01],[351.44,184.12],[351.43,184.3],[351.5,184.46],[351.45,184.68],[351.33,184.8],[351.3,184.98],[351.28,185.17],[351.08,185.49],[350.88,185.69],[350.79,185.66],[350.75,185.68],[350.73,185.79],[350.64,185.83],[350.48,185.77],[350.22,185.73],[350.12,185.67],[350.01,185.7],[349.91,185.66],[349.82,185.65],[349.72,185.85],[349.73,185.97],[349.86,185.98],[349.94,186.1],[350,186.12],[350,186.22],[349.94,186.34],[349.87,186.36],[349.77,186.58],[349.63,186.76],[349.56,186.82],[349.46,187.14],[349.4,187.25],[349.18,187.26],[349.06,187.24],[349.01,187.29],[348.92,187.44],[348.85,187.48],[348.71,187.42],[348.6,187.54],[348.63,187.6],[348.5,187.63],[348.5,187.74],[348.05,187.51],[347.67,188.02],[347.55,187.99],[347.5,188.08],[347.56,188.17],[347.4,188.19],[347.33,188.1],[347.21,188.05],[347.16,188.11],[347.06,188.04],[347.06,187.86],[347.03,187.79],[346.94,187.93],[346.88,187.84],[346.76,187.78],[346.68,187.99],[346.49,188.21],[346.38,188.21],[346.34,188.24],[346.24,188.38],[346.08,188.67],[346,188.77],[345.89,188.83],[345.8,188.85],[345.77,188.8],[345.7,188.78],[345.65,188.8],[345.65,188.7],[345.71,188.63],[345.67,188.5],[345.6,188.5],[345.56,188.4],[345.49,188.36],[345.34,188.37],[345.31,188.43],[345.34,188.56],[345.27,188.63],[345.14,188.67],[345.08,188.75],[344.83,188.73],[344.74,188.76],[344.71,188.86],[344.7,188.92],[344.58,189.03],[344.49,189.14],[344.41,189.31],[344.21,189.42],[344.15,189.36],[343.98,189.46],[343.84,189.51],[343.73,189.5],[343.66,189.47],[343.57,189.58],[343.45,189.7],[343.39,189.64],[343.35,189.61],[343.32,189.63],[343.25,189.74],[343.17,189.81],[343.11,189.83],[343.07,189.83],[343.04,189.78],[343.04,189.72],[342.95,189.66],[342.82,189.69],[342.81,189.66],[342.76,189.65],[342.73,189.6],[342.66,189.58],[342.55,189.62],[342.51,189.59],[342.57,189.45],[342.69,189.32],[342.77,189.18],[342.8,189.17],[343,188.98],[343.02,188.92],[343.02,188.85],[343.04,188.66],[343.05,188.66]]]}},{"type":"Feature","id":"48037-58","properties":{"ridingCode":"48037","pollNumber":"58","pollType":"N","advancePollNumber":"607","sourceCode":"58-0","geometryPollNumbers":["58"],"code":"48037-58","resultPollNumbers":["58"],"resultStatus":"exact","result":{"electors":692,"voters":265,"totalVotes":264,"rejected":1,"turnout":38.29479768786127,"winnerId":"michael-fark","winnerPartyId":"LIB","runnerUpId":"william-stevenson","runnerUpPartyId":"CPC","margin":34.090909090909086,"top":[{"id":"michael-fark","name":"Michael Fark","shortName":"Fark","partyId":"LIB","votes":161,"share":60.984848484848484},{"id":"william-stevenson","name":"William Stevenson","shortName":"Stevenson","partyId":"CPC","votes":71,"share":26.89393939393939},{"id":"avni-soma","name":"Avni Soma","shortName":"Soma","partyId":"NDP","votes":31,"share":11.742424242424242},{"id":"vicky-bayford","name":"Vicky Bayford","shortName":"Bayford","partyId":"PPC","votes":1,"share":0.3787878787878788}],"partyVotes":{"LIB":161,"CPC":71,"BQ":0,"NDP":31,"GRN":0,"PPC":1,"OTH":0}}},"geometry":{"type":"Polygon","coordinates":[[[348.84,181],[348.84,180.99],[348.83,180.98],[348.84,180.98],[348.85,180.98],[348.86,180.98],[348.87,180.98],[348.89,180.98],[348.89,181.01],[348.89,181.02],[348.91,181.02],[348.91,181.02],[348.95,181.01],[348.95,181.01],[348.95,181.01],[348.95,181.01],[348.96,181.01],[348.98,181.04],[348.97,181.05],[348.96,181.07],[348.96,181.07],[348.97,181.09],[348.98,181.1],[349.01,181.12],[349.02,181.13],[349.02,181.16],[349.02,181.16],[349,181.16],[348.99,181.16],[348.98,181.17],[348.97,181.19],[348.97,181.2],[348.98,181.2],[348.99,181.21],[348.99,181.22],[349.01,181.23],[349.02,181.25],[349.02,181.26],[349.01,181.27],[349.01,181.28],[349.01,181.3],[349.02,181.32],[349.01,181.34],[349.03,181.36],[349.03,181.37],[349.04,181.38],[349.03,181.39],[349.03,181.4],[349.04,181.4],[349.06,181.41],[349.07,181.41],[349.06,181.42],[349.05,181.44],[349.05,181.46],[349.05,181.47],[349.05,181.48],[349.06,181.49],[349.06,181.5],[349.06,181.51],[349.07,181.52],[349.08,181.53],[349.09,181.53],[349.1,181.51],[349.12,181.49],[349.14,181.48],[349.15,181.48],[349.16,181.48],[349.18,181.5],[349.18,181.51],[349.19,181.53],[349.2,181.55],[349.21,181.56],[349.22,181.59],[349.22,181.61],[349.2,181.66],[349.2,181.69],[349.2,181.72],[349.2,181.73],[349.19,181.74],[349.18,181.75],[349.18,181.76],[349.2,181.77],[349.2,181.79],[349.2,181.8],[349.19,181.83],[349.2,181.85],[349.21,181.86],[349.23,181.86],[349.23,181.86],[349.23,181.86],[349.2,181.91],[349.2,181.94],[349.19,181.95],[349.19,181.97],[349.19,181.99],[349.19,181.99],[349.2,181.99],[349.21,182],[349.19,182.04],[349.17,182.06],[349.17,182.07],[349.16,182.09],[349.15,182.11],[349.13,182.17],[349.12,182.19],[349.11,182.21],[349,182.21],[348.91,181.51],[348.86,181.49],[348.84,181.48],[348.82,181.47],[348.81,181.47],[348.79,181.48],[348.77,181.47],[348.76,181.47],[348.75,181.47],[348.71,181.31],[348.63,181.17],[348.73,181.1],[348.74,181.08],[348.76,181.07],[348.77,181.06],[348.77,181.05],[348.75,181.05],[348.75,181.04],[348.77,181.01],[348.78,180.99],[348.79,180.99],[348.81,181],[348.84,181.01],[348.84,181.01],[348.84,181]]]}},{"type":"Feature","id":"48037-59","properties":{"ridingCode":"48037","pollNumber":"59","pollType":"N","advancePollNumber":"607","sourceCode":"59-0","geometryPollNumbers":["59"],"code":"48037-59","resultPollNumbers":["59"],"resultStatus":"exact","result":{"electors":342,"voters":127,"totalVotes":127,"rejected":0,"turnout":37.13450292397661,"winnerId":"michael-fark","winnerPartyId":"LIB","runnerUpId":"william-stevenson","runnerUpPartyId":"CPC","margin":47.24409448818898,"top":[{"id":"michael-fark","name":"Michael Fark","shortName":"Fark","partyId":"LIB","votes":87,"share":68.50393700787401},{"id":"william-stevenson","name":"William Stevenson","shortName":"Stevenson","partyId":"CPC","votes":27,"share":21.25984251968504},{"id":"avni-soma","name":"Avni Soma","shortName":"Soma","partyId":"NDP","votes":11,"share":8.661417322834646},{"id":"vicky-bayford","name":"Vicky Bayford","shortName":"Bayford","partyId":"PPC","votes":1,"share":0.7874015748031495}],"partyVotes":{"LIB":87,"CPC":27,"BQ":0,"NDP":11,"GRN":0,"PPC":1,"OTH":1}}},"geometry":{"type":"Polygon","coordinates":[[[348.96,181.07],[348.97,181.05],[348.98,181.04],[349.01,181.09],[348.99,181.08],[348.98,181.1],[348.97,181.09],[348.96,181.07],[348.96,181.07]]]}},{"type":"Feature","id":"48037-61","properties":{"ridingCode":"48037","pollNumber":"61","pollType":"N","advancePollNumber":"607","sourceCode":"61-0","geometryPollNumbers":["61","505"],"code":"48037-61","resultPollNumbers":["61"],"resultStatus":"resolved-combination","result":{"electors":267,"voters":125,"totalVotes":125,"rejected":0,"turnout":46.81647940074906,"winnerId":"michael-fark","winnerPartyId":"LIB","runnerUpId":"william-stevenson","runnerUpPartyId":"CPC","margin":20,"top":[{"id":"michael-fark","name":"Michael Fark","shortName":"Fark","partyId":"LIB","votes":70,"share":56.00000000000001},{"id":"william-stevenson","name":"William Stevenson","shortName":"Stevenson","partyId":"CPC","votes":45,"share":36},{"id":"avni-soma","name":"Avni Soma","shortName":"Soma","partyId":"NDP","votes":8,"share":6.4},{"id":"vicky-bayford","name":"Vicky Bayford","shortName":"Bayford","partyId":"PPC","votes":2,"share":1.6}],"partyVotes":{"LIB":70,"CPC":45,"BQ":0,"NDP":8,"GRN":0,"PPC":2,"OTH":0}}},"geometry":{"type":"MultiPolygon","coordinates":[[[[348.9,181],[348.9,180.99],[348.93,180.99],[348.92,180.98],[348.93,180.98],[348.94,180.99],[348.96,180.99],[348.95,181],[348.94,180.99],[348.93,180.99],[348.95,181],[348.96,181.01],[348.95,181.01],[348.91,181.02],[348.9,181]]],[[[348.94,180.99],[348.95,181],[348.93,180.99],[348.94,180.99]]]]}},{"type":"Feature","id":"48037-62","properties":{"ridingCode":"48037","pollNumber":"62","pollType":"N","advancePollNumber":"607","sourceCode":"62-0","geometryPollNumbers":["60","62"],"code":"48037-62","resultPollNumbers":["62"],"resultStatus":"resolved-combination","result":{"electors":333,"voters":233,"totalVotes":233,"rejected":0,"turnout":69.96996996996997,"winnerId":"michael-fark","winnerPartyId":"LIB","runnerUpId":"william-stevenson","runnerUpPartyId":"CPC","margin":30.042918454935624,"top":[{"id":"michael-fark","name":"Michael Fark","shortName":"Fark","partyId":"LIB","votes":137,"share":58.798283261802574},{"id":"william-stevenson","name":"William Stevenson","shortName":"Stevenson","partyId":"CPC","votes":67,"share":28.75536480686695},{"id":"avni-soma","name":"Avni Soma","shortName":"Soma","partyId":"NDP","votes":22,"share":9.44206008583691},{"id":"vicky-bayford","name":"Vicky Bayford","shortName":"Bayford","partyId":"PPC","votes":6,"share":2.575107296137339}],"partyVotes":{"LIB":137,"CPC":67,"BQ":0,"NDP":22,"GRN":0,"PPC":6,"OTH":1}}},"geometry":{"type":"MultiPolygon","coordinates":[[[[348.84,181],[348.84,181.01],[348.84,181.01],[348.81,181],[348.81,180.98],[348.82,180.97],[348.85,180.97],[348.85,180.98],[348.85,180.98],[348.84,180.98],[348.83,180.98],[348.84,180.99],[348.84,181]]],[[[348.98,181.04],[349.01,181.03],[349.04,181.09],[349.02,181.11],[349.01,181.09],[348.98,181.04]]]]}},{"type":"Feature","id":"48037-63","properties":{"ridingCode":"48037","pollNumber":"63","pollType":"N","advancePollNumber":"607","sourceCode":"63-0","geometryPollNumbers":["63"],"code":"48037-63","resultPollNumbers":["63"],"resultStatus":"exact","result":{"electors":399,"voters":172,"totalVotes":171,"rejected":1,"turnout":43.10776942355889,"winnerId":"michael-fark","winnerPartyId":"LIB","runnerUpId":"william-stevenson","runnerUpPartyId":"CPC","margin":31.57894736842105,"top":[{"id":"michael-fark","name":"Michael Fark","shortName":"Fark","partyId":"LIB","votes":104,"share":60.81871345029239},{"id":"william-stevenson","name":"William Stevenson","shortName":"Stevenson","partyId":"CPC","votes":50,"share":29.239766081871345},{"id":"avni-soma","name":"Avni Soma","shortName":"Soma","partyId":"NDP","votes":14,"share":8.187134502923977},{"id":"vicky-bayford","name":"Vicky Bayford","shortName":"Bayford","partyId":"PPC","votes":2,"share":1.1695906432748537}],"partyVotes":{"LIB":104,"CPC":50,"BQ":0,"NDP":14,"GRN":0,"PPC":2,"OTH":1}}},"geometry":{"type":"Polygon","coordinates":[[[348.82,180.97],[348.81,180.98],[348.81,181],[348.79,180.99],[348.8,180.97],[348.84,180.96],[348.84,180.96],[348.87,180.97],[348.89,180.96],[348.91,180.96],[348.9,180.99],[348.9,181],[348.91,181.02],[348.91,181.02],[348.89,181.02],[348.89,181.01],[348.89,180.98],[348.87,180.98],[348.86,180.98],[348.85,180.98],[348.85,180.98],[348.85,180.97],[348.82,180.97]]]}},{"type":"Feature","id":"48037-64","properties":{"ridingCode":"48037","pollNumber":"64","pollType":"N","advancePollNumber":"607","sourceCode":"64-0","geometryPollNumbers":["64"],"code":"48037-64","resultPollNumbers":["64"],"resultStatus":"exact","result":{"electors":308,"voters":131,"totalVotes":130,"rejected":1,"turnout":42.532467532467535,"winnerId":"michael-fark","winnerPartyId":"LIB","runnerUpId":"william-stevenson","runnerUpPartyId":"CPC","margin":25.384615384615383,"top":[{"id":"michael-fark","name":"Michael Fark","shortName":"Fark","partyId":"LIB","votes":75,"share":57.692307692307686},{"id":"william-stevenson","name":"William Stevenson","shortName":"Stevenson","partyId":"CPC","votes":42,"share":32.30769230769231},{"id":"avni-soma","name":"Avni Soma","shortName":"Soma","partyId":"NDP","votes":9,"share":6.923076923076923},{"id":"vicky-bayford","name":"Vicky Bayford","shortName":"Bayford","partyId":"PPC","votes":2,"share":1.5384615384615385}],"partyVotes":{"LIB":75,"CPC":42,"BQ":0,"NDP":9,"GRN":0,"PPC":2,"OTH":2}}},"geometry":{"type":"Polygon","coordinates":[[[346.7,181.66],[346.72,181.6],[346.75,181.55],[346.83,181.52],[346.89,181.5],[346.99,181.45],[347.03,181.42],[347.07,181.4],[347.07,181.38],[347.04,181.37],[347,181.38],[346.97,181.37],[346.96,181.35],[346.97,181.35],[346.92,181.19],[346.77,181.04],[346.61,180.76],[346.74,180.55],[346.95,180.23],[346.84,179.94],[347.04,179.52],[346.98,179.44],[346.89,179.32],[346.5,179.23],[346.43,179.01],[346.53,178.92],[346.48,178.79],[346.44,178.67],[346.74,178.4],[346.55,178.17],[346.59,177.99],[346.7,177.58],[346.9,177.37],[346.43,177.23],[346.42,177.17],[346.42,177.12],[346.45,177.03],[346.45,176.97],[346.41,176.88],[346.37,176.84],[346.35,176.8],[346.35,176.74],[346.4,176.73],[346.43,176.67],[346.45,176.64],[346.44,176.59],[346.41,176.52],[346.36,176.49],[346.38,176.41],[346.41,176.36],[346.49,176.36],[346.61,176.31],[346.63,176.34],[346.64,176.38],[346.63,176.42],[346.67,176.44],[346.78,176.48],[346.84,176.49],[346.94,176.52],[346.98,176.56],[347.51,176.27],[347.6,176.46],[347.73,176.63],[347.71,176.67],[347.64,176.79],[347.68,176.86],[347.73,176.86],[347.85,176.78],[347.88,176.81],[347.88,176.87],[347.9,176.94],[347.99,177.04],[348.08,177.1],[348.13,177.12],[348.2,177.14],[348.22,176.8],[348.54,176.2],[348.81,176.06],[349.23,175.87],[349.26,175.77],[349.33,175.44],[349.41,175.23],[349.39,175.15],[349.27,175.17],[348.96,174.85],[348.82,174.93],[348.62,174.71],[348.29,174.62],[348.3,174.31],[348.25,174.11],[348.63,173.71],[348.59,173.63],[349.08,173.5],[349.21,173.2],[349.21,172.86],[349.79,172.81],[349.87,172.78],[349.88,172.63],[350.57,172.31],[350.89,172.32],[351.07,172.71],[351.15,172.73],[351.24,172.36],[351.83,172.35],[351.9,172.53],[352.08,172.55],[352.18,172.58],[352.17,172.62],[352.07,172.74],[351.89,173.26],[351.9,174.63],[351.08,176.3],[350.02,177.56],[349.45,178.55],[349.42,178.56],[349.61,178.58],[349.78,178.99],[349.35,179.63],[349.21,180.04],[349.09,180.32],[348.97,180.32],[348.95,180.33],[348.94,180.34],[348.94,180.34],[348.98,180.39],[348.95,180.56],[348.95,180.8],[348.93,180.82],[348.92,180.83],[348.93,180.91],[348.98,180.93],[348.96,180.97],[348.96,180.97],[348.98,180.98],[349.01,181.03],[348.98,181.04],[348.96,181.01],[348.95,181],[348.96,180.99],[348.94,180.99],[348.93,180.98],[348.92,180.98],[348.93,180.99],[348.9,180.99],[348.91,180.96],[348.89,180.96],[348.87,180.97],[348.84,180.96],[348.79,180.96],[348.68,180.94],[348.66,180.94],[348.56,180.97],[348.44,181],[348.36,181.06],[348.14,181.17],[347.96,181.28],[347.95,181.29],[347.93,181.3],[347.91,181.33],[347.86,181.39],[347.81,181.45],[347.79,181.46],[347.78,181.47],[347.73,181.48],[347.69,181.5],[347.65,181.52],[347.6,181.54],[347.58,181.55],[347.52,181.63],[347.43,181.7],[347.41,181.71],[347.38,181.73],[347.31,181.74],[347.25,181.76],[347.16,181.78],[347.06,181.83],[347.03,181.84],[347,181.85],[346.97,181.86],[346.93,181.86],[346.91,181.88],[346.89,181.89],[346.85,181.98],[346.84,181.99],[346.82,181.99],[346.8,181.99],[346.85,181.88],[346.83,181.84],[346.82,181.83],[346.76,181.77],[346.72,181.76],[346.71,181.73],[346.7,181.66]]]}},{"type":"Feature","id":"48037-65","properties":{"ridingCode":"48037","pollNumber":"65","pollType":"N","advancePollNumber":"606","sourceCode":"65-0","geometryPollNumbers":["65"],"code":"48037-65","resultPollNumbers":["65"],"resultStatus":"exact","result":{"electors":165,"voters":88,"totalVotes":87,"rejected":1,"turnout":53.333333333333336,"winnerId":"william-stevenson","winnerPartyId":"CPC","runnerUpId":"michael-fark","runnerUpPartyId":"LIB","margin":81.60919540229885,"top":[{"id":"william-stevenson","name":"William Stevenson","shortName":"Stevenson","partyId":"CPC","votes":78,"share":89.65517241379311},{"id":"michael-fark","name":"Michael Fark","shortName":"Fark","partyId":"LIB","votes":7,"share":8.045977011494253},{"id":"avni-soma","name":"Avni Soma","shortName":"Soma","partyId":"NDP","votes":2,"share":2.2988505747126435},{"id":"vicky-bayford","name":"Vicky Bayford","shortName":"Bayford","partyId":"PPC","votes":0,"share":0}],"partyVotes":{"LIB":7,"CPC":78,"BQ":0,"NDP":2,"GRN":0,"PPC":0,"OTH":0}}},"geometry":{"type":"Polygon","coordinates":[[[353.65,183.77],[353.76,183.73],[353.86,183.71],[354.19,183.58],[354.57,183.45],[354.51,183.28],[354.46,183.14],[354.46,183.14],[354.46,183.14],[354.4,182.97],[353.98,181.72],[354.26,181.62],[354.32,181.61],[356.56,180.87],[356.29,180.07],[356.46,180.01],[355.27,176.53],[355.4,176.49],[355.41,176.49],[355.43,176.51],[355.43,176.52],[355.43,176.54],[355.43,176.55],[355.44,176.57],[355.44,176.57],[355.45,176.57],[355.46,176.58],[355.48,176.59],[355.49,176.6],[355.5,176.62],[355.5,176.62],[355.51,176.62],[355.51,176.62],[355.5,176.64],[355.51,176.64],[355.52,176.65],[355.53,176.66],[355.54,176.67],[355.56,176.68],[355.56,176.69],[355.59,176.7],[355.59,176.71],[355.59,176.72],[355.59,176.72],[355.6,176.72],[355.61,176.71],[355.62,176.71],[355.63,176.7],[355.64,176.7],[355.64,176.7],[355.65,176.71],[355.65,176.71],[355.65,176.73],[355.66,176.75],[355.66,176.75],[355.67,176.77],[355.68,176.77],[355.68,176.78],[355.69,176.8],[355.72,176.82],[355.74,176.82],[355.77,176.85],[355.78,176.85],[355.79,176.85],[355.8,176.86],[355.81,176.86],[355.82,176.87],[355.85,176.87],[355.86,176.87],[355.87,176.86],[355.88,176.87],[355.89,176.87],[355.9,176.87],[355.91,176.86],[355.91,176.86],[355.93,176.87],[355.94,176.86],[355.94,176.86],[355.93,176.84],[355.94,176.82],[355.93,176.82],[355.93,176.82],[355.92,176.81],[355.91,176.8],[355.9,176.77],[355.89,176.76],[355.89,176.73],[355.89,176.72],[355.89,176.71],[355.91,176.71],[355.93,176.71],[355.93,176.71],[355.93,176.71],[355.92,176.68],[355.9,176.65],[355.86,176.62],[355.85,176.62],[355.85,176.6],[355.84,176.59],[355.84,176.58],[355.84,176.57],[355.84,176.56],[355.87,176.55],[355.88,176.53],[355.88,176.52],[355.9,176.5],[355.91,176.49],[355.9,176.48],[355.89,176.48],[355.88,176.48],[355.88,176.48],[355.87,176.48],[355.85,176.46],[355.85,176.45],[355.85,176.44],[355.86,176.43],[355.86,176.43],[355.87,176.44],[355.88,176.44],[355.89,176.44],[355.88,176.43],[355.88,176.41],[355.88,176.4],[355.89,176.4],[355.88,176.37],[355.87,176.35],[355.86,176.34],[355.84,176.33],[355.82,176.33],[355.82,176.34],[355.81,176.33],[355.8,176.31],[355.76,176.29],[355.74,176.29],[355.73,176.3],[355.72,176.31],[355.71,176.31],[355.7,176.31],[355.7,176.3],[355.7,176.28],[355.72,176.26],[355.73,176.25],[355.74,176.23],[355.75,176.22],[355.75,176.22],[355.74,176.21],[355.74,176.2],[355.72,176.21],[355.72,176.21],[355.7,176.19],[355.7,176.19],[355.7,176.18],[355.72,176.17],[355.72,176.16],[355.72,176.14],[355.71,176.12],[355.69,176.1],[355.66,176.11],[355.64,176.09],[355.63,176.08],[355.62,176.07],[355.61,176.06],[355.6,176.05],[355.59,176.03],[355.6,176.02],[355.61,176.02],[355.61,176],[355.6,175.99],[355.58,175.98],[355.58,175.98],[355.57,175.97],[355.58,175.96],[355.58,175.96],[355.59,175.96],[355.6,175.95],[355.6,175.94],[355.6,175.94],[355.59,175.93],[355.58,175.93],[355.57,175.92],[355.57,175.91],[355.57,175.9],[355.55,175.89],[355.55,175.89],[355.55,175.87],[355.55,175.86],[355.55,175.86],[355.54,175.86],[355.54,175.88],[355.53,175.88],[355.53,175.88],[355.52,175.88],[355.51,175.87],[355.5,175.87],[355.49,175.88],[355.49,175.89],[355.48,175.89],[355.48,175.89],[355.46,175.88],[355.43,175.89],[355.41,175.91],[355.4,175.91],[355.4,175.91],[355.39,175.9],[355.39,175.89],[355.39,175.88],[355.39,175.87],[355.38,175.85],[355.37,175.84],[355.37,175.83],[355.37,175.82],[355.36,175.81],[355.33,175.81],[355.32,175.81],[355.32,175.8],[355.31,175.8],[355.32,175.79],[355.33,175.78],[355.33,175.77],[355.32,175.77],[355.31,175.77],[355.3,175.77],[355.29,175.75],[355.29,175.74],[355.29,175.73],[355.28,175.73],[355.27,175.73],[355.26,175.73],[355.26,175.72],[355.25,175.71],[355.24,175.72],[355.23,175.72],[355.22,175.71],[355.23,175.69],[355.22,175.69],[355.21,175.68],[355.2,175.66],[355.2,175.66],[355.2,175.65],[355.2,175.64],[355.19,175.64],[355.18,175.63],[355.18,175.63],[355.18,175.6],[355.17,175.59],[355.17,175.59],[355.16,175.6],[355.15,175.6],[355.14,175.6],[355.12,175.6],[355.09,175.59],[355.06,175.58],[355.06,175.57],[355.05,175.56],[355.03,175.55],[355.01,175.52],[354.99,175.51],[356.55,175.03],[358.54,174.42],[358.87,174.3],[360.06,173.94],[360.18,173.89],[360.25,174.09],[360.61,175.1],[361,176.37],[361.01,176.35],[361.02,176.34],[361.03,176.33],[361.04,176.32],[361.05,176.31],[361.06,176.3],[361.06,176.29],[361.07,176.28],[361.1,176.25],[361.11,176.24],[361.1,176.23],[361.11,176.22],[361.11,176.21],[361.11,176.19],[361.13,176.17],[361.13,176.16],[361.14,176.16],[361.14,176.13],[361.16,176.11],[361.16,176.09],[361.18,176.09],[361.25,176.03],[361.27,176.01],[361.31,175.98],[361.35,175.97],[361.37,175.97],[361.41,175.97],[361.44,175.97],[361.46,175.99],[361.5,175.98],[361.51,175.98],[361.53,175.98],[361.55,175.95],[361.57,175.93],[361.58,175.92],[361.59,175.91],[361.61,175.9],[361.63,175.9],[361.65,175.91],[361.66,175.91],[361.67,175.91],[361.69,175.89],[361.71,175.88],[361.72,175.87],[361.75,175.86],[361.75,175.85],[361.77,175.84],[361.78,175.84],[361.78,175.83],[361.78,175.81],[361.78,175.81],[361.84,175.78],[361.86,175.78],[361.9,175.79],[361.92,175.79],[361.93,175.78],[361.94,175.78],[361.97,175.76],[361.98,175.74],[361.98,175.72],[361.99,175.72],[362,175.71],[362.02,175.71],[362.04,175.72],[362.04,175.72],[362.06,175.76],[362.05,175.8],[362.06,175.81],[362.07,175.83],[362.07,175.84],[362.08,175.84],[362.11,175.82],[362.11,175.82],[362.12,175.8],[362.13,175.8],[362.16,175.79],[362.19,175.78],[362.2,175.79],[362.2,175.8],[362.21,175.83],[362.22,175.87],[362.23,175.87],[362.23,175.88],[362.25,175.88],[362.28,175.86],[362.3,175.84],[362.3,175.82],[362.31,175.81],[362.33,175.79],[362.34,175.79],[362.35,175.79],[362.37,175.81],[362.38,175.82],[362.39,175.82],[362.4,175.83],[362.4,175.84],[362.42,175.86],[362.43,175.89],[362.46,175.89],[362.49,175.9],[362.5,175.89],[362.51,175.9],[362.52,175.9],[362.53,175.91],[362.54,175.92],[362.55,175.94],[362.56,175.97],[362.57,175.97],[362.58,175.97],[362.59,175.96],[362.61,175.95],[362.63,175.95],[362.64,175.95],[362.65,175.96],[362.65,175.97],[362.65,175.99],[362.65,175.99],[362.66,175.99],[362.68,176.01],[362.68,176.02],[362.69,176.05],[362.7,176.05],[362.72,176.05],[362.73,176.05],[362.74,176.06],[362.75,176.06],[362.76,176.06],[362.77,176.08],[362.77,176.09],[362.78,176.09],[362.78,176.1],[362.8,176.12],[362.83,176.13],[362.84,176.13],[362.85,176.13],[362.86,176.14],[362.88,176.15],[362.89,176.15],[362.92,176.2],[362.92,176.22],[362.93,176.26],[362.95,176.27],[362.96,176.28],[362.97,176.27],[362.97,176.26],[362.99,176.25],[363.01,176.25],[363.03,176.25],[363.03,176.24],[363.04,176.25],[363.05,176.24],[363.07,176.24],[363.08,176.23],[363.11,176.26],[363.13,176.27],[363.13,176.28],[363.16,176.29],[363.18,176.28],[363.19,176.27],[363.19,176.26],[363.19,176.24],[363.2,176.23],[363.21,176.23],[363.23,176.24],[363.27,176.26],[363.26,176.28],[363.26,176.29],[363.28,176.29],[363.3,176.3],[363.3,176.3],[363.29,176.31],[363.3,176.31],[363.32,176.32],[363.34,176.33],[363.35,176.33],[363.35,176.35],[363.36,176.35],[363.38,176.37],[363.39,176.37],[363.41,176.37],[363.43,176.36],[363.45,176.31],[363.46,176.28],[363.46,176.27],[363.46,176.27],[363.48,176.27],[363.49,176.27],[363.51,176.29],[363.51,176.3],[363.51,176.31],[363.5,176.32],[363.46,176.34],[363.45,176.35],[363.44,176.38],[363.45,176.39],[363.46,176.4],[363.47,176.42],[363.49,176.43],[363.52,176.46],[363.52,176.47],[363.51,176.5],[363.51,176.52],[363.5,176.52],[363.5,176.53],[363.51,176.53],[363.51,176.55],[363.52,176.57],[363.55,176.59],[363.56,176.59],[363.58,176.59],[363.6,176.59],[363.62,176.58],[363.64,176.57],[363.65,176.56],[363.71,176.58],[363.73,176.58],[363.77,176.54],[363.78,176.52],[363.79,176.52],[363.79,176.52],[363.8,176.53],[363.79,176.55],[363.78,176.58],[363.79,176.6],[363.79,176.61],[363.81,176.62],[363.82,176.62],[363.84,176.63],[363.87,176.65],[363.85,176.68],[363.82,176.68],[363.81,176.68],[363.8,176.68],[363.79,176.7],[363.79,176.68],[363.78,176.67],[363.78,176.69],[363.77,176.68],[363.75,176.67],[363.75,176.68],[363.76,176.69],[363.77,176.7],[363.75,176.7],[363.74,176.71],[363.74,176.71],[363.73,176.7],[363.73,176.7],[363.72,176.7],[363.72,176.68],[363.72,176.68],[363.71,176.68],[363.71,176.7],[363.7,176.7],[363.69,176.7],[363.69,176.7],[363.67,176.71],[363.66,176.71],[363.65,176.71],[363.66,176.72],[363.65,176.73],[363.64,176.76],[363.63,176.75],[363.64,176.74],[363.63,176.74],[363.63,176.74],[363.62,176.76],[363.6,176.75],[363.6,176.74],[363.6,176.73],[363.6,176.73],[363.58,176.75],[363.56,176.75],[363.54,176.75],[363.54,176.75],[363.55,176.73],[363.55,176.72],[363.54,176.72],[363.53,176.74],[363.53,176.72],[363.51,176.71],[363.51,176.72],[363.52,176.72],[363.52,176.73],[363.52,176.74],[363.52,176.74],[363.52,176.76],[363.54,176.77],[363.52,176.79],[363.51,176.79],[363.5,176.79],[363.48,176.8],[363.47,176.82],[363.46,176.82],[363.45,176.83],[363.44,176.83],[363.44,176.83],[363.44,176.83],[363.44,176.84],[363.44,176.85],[363.43,176.85],[363.41,176.85],[363.4,176.86],[363.39,176.86],[363.39,176.86],[363.39,176.86],[363.39,176.87],[363.4,176.87],[363.4,176.88],[363.4,176.89],[363.38,176.89],[363.38,176.87],[363.37,176.88],[363.37,176.89],[363.37,176.89],[363.36,176.88],[363.36,176.88],[363.34,176.89],[363.33,176.9],[363.33,176.9],[363.33,176.91],[363.32,176.92],[363.33,176.92],[363.34,176.92],[363.33,176.93],[363.32,176.93],[363.31,176.94],[363.31,176.94],[363.3,176.94],[363.28,176.93],[363.28,176.94],[363.26,176.94],[363.25,176.94],[363.25,176.95],[363.25,176.95],[363.27,176.95],[363.27,176.96],[363.26,176.96],[363.23,176.96],[363.21,176.96],[363.21,176.97],[363.21,176.97],[363.2,176.98],[363.19,177],[363.19,177],[363.21,176.99],[363.21,176.98],[363.21,176.97],[363.22,176.97],[363.24,176.98],[363.25,177],[363.26,177.01],[363.27,177.01],[363.28,177],[363.29,177],[363.3,177.01],[363.31,177.01],[363.32,177.01],[363.32,177],[363.34,177],[363.35,176.99],[363.36,177],[363.37,177],[363.37,176.99],[363.38,176.99],[363.38,177],[363.38,177],[363.38,177],[363.38,177],[363.39,177],[363.41,177],[363.42,177],[363.42,177],[363.42,177],[363.43,177],[363.44,177],[363.44,177],[363.45,177],[363.46,176.98],[363.47,176.98],[363.48,176.98],[363.48,176.97],[363.47,176.96],[363.48,176.96],[363.48,176.95],[363.48,176.92],[363.47,176.91],[363.47,176.91],[363.46,176.91],[363.48,176.9],[363.48,176.88],[363.49,176.88],[363.51,176.89],[363.53,176.89],[363.53,176.88],[363.54,176.88],[363.54,176.89],[363.55,176.89],[363.56,176.89],[363.58,176.86],[363.59,176.86],[363.6,176.86],[363.6,176.86],[363.6,176.85],[363.61,176.86],[363.62,176.84],[363.62,176.84],[363.63,176.86],[363.63,176.91],[363.64,176.91],[363.65,176.92],[363.66,176.93],[363.66,176.93],[363.65,176.94],[363.66,176.94],[363.66,176.95],[363.66,176.95],[363.68,176.98],[363.7,176.99],[363.7,177],[363.69,177],[363.67,177.01],[363.66,177.02],[363.65,177.02],[363.65,177.02],[363.65,177.03],[363.65,177.03],[363.65,177.02],[363.66,177.02],[363.71,177.03],[363.71,177.03],[363.72,177.05],[363.73,177.06],[363.72,177.07],[363.7,177.09],[363.69,177.08],[363.68,177.08],[363.66,177.08],[363.65,177.08],[363.65,177.09],[363.63,177.11],[363.63,177.11],[363.64,177.11],[363.65,177.1],[363.66,177.09],[363.67,177.09],[363.68,177.1],[363.68,177.1],[363.68,177.11],[363.67,177.12],[363.67,177.12],[363.65,177.14],[363.66,177.14],[363.66,177.14],[363.68,177.12],[363.69,177.11],[363.69,177.12],[363.69,177.14],[363.69,177.14],[363.7,177.15],[363.7,177.16],[363.69,177.16],[363.7,177.18],[363.71,177.17],[363.71,177.18],[363.71,177.18],[363.72,177.18],[363.71,177.2],[363.71,177.2],[363.7,177.19],[363.7,177.19],[363.68,177.21],[363.67,177.24],[363.67,177.25],[363.66,177.25],[363.65,177.26],[363.64,177.26],[363.65,177.24],[363.65,177.24],[363.64,177.25],[363.64,177.25],[363.64,177.26],[363.64,177.26],[363.63,177.26],[363.63,177.27],[363.63,177.27],[363.63,177.28],[363.62,177.29],[363.62,177.29],[363.64,177.28],[363.64,177.27],[363.65,177.27],[363.65,177.28],[363.65,177.29],[363.65,177.29],[363.65,177.29],[363.66,177.29],[363.65,177.3],[363.64,177.32],[363.64,177.32],[363.65,177.32],[363.65,177.33],[363.65,177.33],[363.64,177.35],[363.64,177.35],[363.64,177.36],[363.63,177.36],[363.63,177.37],[363.63,177.37],[363.66,177.36],[363.66,177.36],[363.66,177.35],[363.66,177.34],[363.67,177.34],[363.67,177.33],[363.68,177.33],[363.68,177.34],[363.69,177.33],[363.69,177.33],[363.69,177.32],[363.7,177.3],[363.71,177.29],[363.72,177.29],[363.73,177.28],[363.73,177.28],[363.73,177.3],[363.73,177.31],[363.72,177.31],[363.72,177.32],[363.73,177.33],[363.73,177.34],[363.83,177.31],[363.83,177.3],[363.85,177.25],[363.88,177.21],[363.89,177.2],[363.91,177.19],[363.92,177.19],[363.93,177.17],[363.94,177.16],[363.94,177.16],[363.95,177.16],[363.96,177.15],[363.97,177.15],[364.02,177.16],[364.03,177.16],[364.04,177.15],[364.12,177.42],[364.05,177.45],[364.93,180.21],[364.95,180.29],[364.96,180.31],[364.96,180.32],[364.99,180.42],[365,180.45],[365.01,180.47],[365.14,180.88],[364.96,180.93],[364.63,181.04],[364.6,181.05],[364.21,181.18],[363.75,181.33],[363.74,181.33],[363.72,181.32],[363.71,181.33],[363.71,181.34],[363.33,181.46],[363.34,181.47],[363.32,181.46],[363.28,181.48],[363.27,181.45],[362.73,181.6],[362.54,181.65],[362.51,181.66],[362.44,181.7],[361.68,181.92],[361.5,181.38],[361.51,181.37],[361.23,180.52],[361.16,180.29],[359.41,180.87],[358.68,181.12],[358.6,181.15],[358.56,181.18],[358.54,181.17],[358.33,181.23],[357.69,181.44],[357.97,182.28],[358.25,183.16],[357.26,183.49],[356.73,183.67],[356.4,183.78],[355.82,183.97],[355.72,184.01],[353.94,184.61],[353.91,184.53],[353.9,184.49],[353.78,184.12],[353.65,183.77]]]}},{"type":"Feature","id":"48037-66","properties":{"ridingCode":"48037","pollNumber":"66","pollType":"N","advancePollNumber":"610","sourceCode":"66-0","geometryPollNumbers":["66"],"code":"48037-66","resultPollNumbers":[],"resultStatus":"zero-result","result":null},"geometry":{"type":"MultiPolygon","coordinates":[[[[364.18,175.61],[364.15,175.53],[364.14,175.51],[364.13,175.5],[364.13,175.47],[364.11,175.42],[364.1,175.36],[364.24,175.31],[364.24,175.31],[364.26,175.3],[364.17,175.02],[364.31,174.97],[364.36,175.12],[364.92,174.94],[364.75,174.39],[364.66,174.07],[364.94,173.98],[364.9,173.84],[365.04,173.8],[365.05,173.79],[365.45,175.09],[365.51,175.25],[364.18,175.66],[364.18,175.63],[364.18,175.61]]],[[[365.03,173.73],[364.91,173.37],[365.04,173.33],[365.12,173.3],[365.35,173.22],[365.36,173.24],[365.39,173.36],[365.25,173.41],[365.29,173.56],[365.14,173.61],[365.19,173.76],[365.05,173.79],[365.03,173.73]]]]}},{"type":"Feature","id":"48037-67","properties":{"ridingCode":"48037","pollNumber":"67","pollType":"N","advancePollNumber":"611","sourceCode":"67-0","geometryPollNumbers":["67"],"code":"48037-67","resultPollNumbers":["67"],"resultStatus":"exact","result":{"electors":264,"voters":30,"totalVotes":30,"rejected":0,"turnout":11.363636363636363,"winnerId":"michael-fark","winnerPartyId":"LIB","runnerUpId":"william-stevenson","runnerUpPartyId":"CPC","margin":53.333333333333336,"top":[{"id":"michael-fark","name":"Michael Fark","shortName":"Fark","partyId":"LIB","votes":21,"share":70},{"id":"william-stevenson","name":"William Stevenson","shortName":"Stevenson","partyId":"CPC","votes":5,"share":16.666666666666664},{"id":"avni-soma","name":"Avni Soma","shortName":"Soma","partyId":"NDP","votes":2,"share":6.666666666666667},{"id":"vicky-bayford","name":"Vicky Bayford","shortName":"Bayford","partyId":"PPC","votes":1,"share":3.3333333333333335}],"partyVotes":{"LIB":21,"CPC":5,"BQ":0,"NDP":2,"GRN":0,"PPC":1,"OTH":1}}},"geometry":{"type":"Polygon","coordinates":[[[364.09,173.15],[364.4,173.05],[364.51,173.33],[364.64,173.29],[364.66,173.34],[364.69,173.43],[364.91,173.37],[365.03,173.73],[365.05,173.79],[365.04,173.8],[364.9,173.84],[364.94,173.98],[364.66,174.07],[364.62,173.93],[364.47,173.98],[364.33,173.55],[364.39,173.53],[364.35,173.39],[364.2,173.43],[364.09,173.15]]]}},{"type":"Feature","id":"48037-68","properties":{"ridingCode":"48037","pollNumber":"68","pollType":"N","advancePollNumber":"609","sourceCode":"69-0","geometryPollNumbers":["68","69"],"code":"48037-68","resultPollNumbers":["68"],"resultStatus":"resolved-combination","result":{"electors":282,"voters":158,"totalVotes":157,"rejected":1,"turnout":56.02836879432624,"winnerId":"william-stevenson","winnerPartyId":"CPC","runnerUpId":"michael-fark","runnerUpPartyId":"LIB","margin":55.4140127388535,"top":[{"id":"william-stevenson","name":"William Stevenson","shortName":"Stevenson","partyId":"CPC","votes":116,"share":73.88535031847134},{"id":"michael-fark","name":"Michael Fark","shortName":"Fark","partyId":"LIB","votes":29,"share":18.471337579617835},{"id":"avni-soma","name":"Avni Soma","shortName":"Soma","partyId":"NDP","votes":6,"share":3.821656050955414},{"id":"vicky-bayford","name":"Vicky Bayford","shortName":"Bayford","partyId":"PPC","votes":5,"share":3.1847133757961785}],"partyVotes":{"LIB":29,"CPC":116,"BQ":0,"NDP":6,"GRN":0,"PPC":5,"OTH":1}}},"geometry":{"type":"MultiPolygon","coordinates":[[[[357.89,172.38],[357.88,172.37],[357.88,172.37],[357.89,172.35],[357.89,172.32],[357.9,172.31],[357.9,172.3],[357.9,172.28],[357.9,172.27],[357.91,172.25],[357.91,172.23],[357.91,172.22],[357.93,172.21],[357.93,172.18],[357.93,172.18],[357.88,172.03],[357.9,172.05],[357.9,172.05],[357.93,172.05],[357.95,172.06],[357.96,172.06],[358,172.08],[358.01,172.08],[358.03,172.07],[358.06,172.08],[358.06,172.07],[358.07,172.06],[358.07,172.06],[358.09,172.06],[358.1,172.07],[358.11,172.08],[358.11,172.09],[358.11,172.11],[358.11,172.12],[358.12,172.14],[358.13,172.15],[358.14,172.17],[358.15,172.18],[358.14,172.19],[358.14,172.2],[358.14,172.2],[358.16,172.22],[358.17,172.23],[358.17,172.26],[358.18,172.28],[358.18,172.3],[358.18,172.31],[358.21,172.32],[358.23,172.33],[358.26,172.34],[358.26,172.35],[358.27,172.34],[358.27,172.35],[358.28,172.34],[358.29,172.34],[358.3,172.34],[358.32,172.36],[358.35,172.36],[358.35,172.36],[358.38,172.37],[358.38,172.37],[358.4,172.36],[358.41,172.37],[358.42,172.37],[358.41,172.36],[358.42,172.36],[358.43,172.37],[358.43,172.38],[358.43,172.39],[358.47,172.4],[358.49,172.44],[358.54,172.56],[358.46,172.59],[358.39,172.62],[358.25,172.66],[358.17,172.6],[358.03,172.51],[358.03,172.51],[358.02,172.49],[358,172.46],[357.99,172.42],[357.97,172.4],[357.94,172.39],[357.89,172.38]]],[[[354.42,169.52],[354.43,169.5],[354.43,169.48],[354.43,169.43],[354.45,169.44],[354.46,169.45],[354.46,169.47],[354.46,169.47],[354.48,169.49],[354.5,169.49],[354.51,169.48],[354.54,169.46],[354.56,169.47],[354.57,169.48],[354.58,169.48],[354.6,169.48],[354.61,169.48],[354.62,169.48],[354.62,169.48],[354.63,169.46],[354.64,169.44],[354.66,169.43],[354.68,169.42],[354.69,169.41],[354.71,169.42],[354.73,169.44],[354.74,169.46],[354.75,169.47],[354.77,169.47],[354.78,169.47],[354.8,169.46],[354.82,169.46],[354.83,169.46],[354.85,169.46],[354.86,169.46],[354.87,169.45],[354.87,169.44],[354.89,169.44],[354.9,169.43],[354.91,169.42],[354.92,169.42],[354.94,169.4],[354.95,169.36],[354.98,169.34],[355.02,169.33],[355.05,169.33],[355.08,169.33],[355.09,169.32],[355.13,169.28],[355.15,169.26],[355.18,169.24],[355.21,169.23],[355.25,169.24],[355.26,169.22],[355.28,169.18],[355.29,169.17],[355.3,169.18],[355.3,169.18],[355.31,169.18],[355.33,169.18],[355.34,169.16],[355.35,169.13],[355.36,169.13],[355.38,169.12],[355.4,169.11],[355.42,169.11],[355.44,169.12],[355.45,169.12],[355.5,169.12],[355.51,169.12],[355.55,169.1],[355.57,169.11],[355.58,169.11],[355.59,169.11],[355.6,169.1],[355.61,169.08],[355.62,169.08],[355.63,169.09],[355.65,169.08],[355.67,169.08],[355.7,169.09],[355.72,169.09],[355.73,169.08],[355.74,169.08],[355.77,169.09],[355.77,169.11],[355.78,169.12],[355.84,169.15],[355.85,169.15],[355.87,169.17],[355.92,169.18],[355.94,169.18],[355.95,169.18],[355.98,169.2],[356.01,169.23],[356.01,169.24],[356.01,169.26],[356.02,169.28],[356.04,169.3],[356.05,169.33],[356.07,169.34],[356.1,169.35],[356.13,169.36],[356.14,169.36],[356.14,169.36],[356.15,169.38],[356.15,169.39],[356.16,169.41],[356.16,169.41],[356.15,169.44],[356.15,169.45],[356.17,169.47],[356.18,169.51],[356.19,169.51],[356.2,169.52],[356.21,169.55],[356.22,169.57],[356.25,169.58],[356.27,169.57],[356.28,169.58],[356.29,169.6],[356.31,169.62],[356.31,169.63],[356.31,169.63],[356.31,169.64],[356.32,169.66],[356.29,169.73],[356.26,169.81],[356.22,169.84],[356.22,169.92],[356.25,170.01],[356.31,170.09],[356.33,170.41],[356.33,170.53],[356.37,170.84],[356.43,171.08],[356.67,171.31],[356.77,171.35],[356.87,171.38],[357.01,171.38],[357.06,171.43],[357.15,171.65],[357.24,171.75],[357.55,171.63],[357.66,171.88],[358.38,171.63],[358.4,171.62],[359.26,171.32],[359.37,171.28],[360.22,171.01],[360.75,170.83],[360.77,170.82],[360.82,170.8],[360.84,170.81],[361.23,170.68],[361.9,170.47],[363.73,169.88],[363.75,169.93],[363.74,169.93],[363.86,170.33],[363.86,170.34],[363.86,170.35],[363.97,170.67],[364.04,170.62],[364.06,170.62],[364.08,170.64],[364.11,170.69],[364.13,170.72],[364.23,170.73],[364.25,170.76],[364.25,170.82],[364.27,170.83],[364.29,170.82],[364.31,170.8],[364.32,170.75],[364.34,170.73],[364.36,170.72],[364.4,170.73],[364.43,170.73],[364.45,170.72],[364.48,170.66],[364.49,170.63],[364.49,170.6],[364.52,170.54],[364.55,170.49],[364.59,170.48],[364.61,170.44],[364.63,170.42],[364.66,170.4],[364.69,170.36],[364.72,170.37],[364.74,170.35],[364.78,170.28],[364.8,170.27],[364.81,170.33],[364.91,170.66],[364.92,170.69],[365.12,171.32],[365.27,171.79],[365.42,172.26],[366.08,172.06],[366.19,172.02],[366.19,172.04],[366.18,172.05],[366.18,172.06],[366.18,172.07],[366.19,172.07],[366.18,172.11],[366.17,172.15],[366.16,172.17],[366.14,172.18],[366.13,172.2],[366.13,172.2],[366.13,172.22],[366.13,172.23],[366.14,172.24],[366.14,172.24],[366.14,172.27],[366.14,172.3],[366.17,172.36],[366.2,172.4],[366.21,172.45],[366.24,172.51],[366.24,172.51],[366.22,172.6],[366.22,172.62],[366.21,172.64],[366.21,172.65],[366.21,172.69],[366.22,172.7],[366.22,172.69],[366.21,172.68],[366.21,172.65],[366.22,172.63],[366.22,172.63],[366.22,172.64],[366.22,172.67],[366.23,172.73],[366.23,172.76],[366.2,172.78],[366.18,172.78],[366.17,172.79],[366.17,172.79],[366.18,172.8],[366.21,172.84],[366.22,172.86],[366.22,172.89],[366.2,172.91],[366.2,172.93],[366.19,172.94],[366.19,172.97],[366.2,172.99],[366.2,173],[366.2,172.99],[366.2,172.98],[366.2,172.97],[366.2,172.97],[366.21,173],[366.22,173.02],[366.22,173.05],[366.22,173.06],[366.21,173.07],[366.21,173.08],[366.21,173.08],[366.22,173.11],[366.24,173.12],[366.24,173.13],[366.25,173.15],[366.25,173.17],[366.25,173.2],[366.25,173.2],[366.24,173.21],[366.25,173.24],[366.26,173.26],[366.26,173.27],[366.27,173.28],[366.27,173.27],[366.27,173.28],[366.28,173.28],[366.27,173.29],[366.3,173.31],[366.3,173.35],[366.31,173.37],[366.33,173.39],[366.34,173.41],[366.34,173.43],[366.34,173.44],[366.36,173.46],[366.36,173.48],[366.35,173.51],[366.33,173.51],[366.31,173.56],[366.29,173.59],[366.3,173.61],[366.3,173.66],[366.3,173.69],[366.31,173.7],[366.33,173.72],[366.31,173.78],[366.3,173.81],[366.28,173.82],[366.27,173.84],[366.26,173.85],[366.26,173.85],[366.25,173.86],[366.25,173.91],[366.24,173.92],[366.23,173.92],[366.21,173.91],[366.19,173.92],[366.19,173.94],[366.19,173.94],[366.19,173.94],[366.19,173.94],[366.19,173.95],[366.17,173.97],[366.18,173.99],[366.19,174],[366.18,174.01],[366.16,174.02],[366.16,174.03],[366.15,174.03],[366.14,174.02],[366.12,174.01],[366.11,174],[366.1,174],[366.09,174.01],[366.09,174.02],[366.08,174.04],[366.07,174.04],[366.05,174.04],[366.03,174.05],[366.02,174.06],[366.02,174.08],[366.01,174.09],[366.01,174.12],[366.01,174.12],[366,174.13],[366,174.13],[366,174.14],[365.99,174.15],[365.98,174.17],[365.97,174.21],[365.97,174.21],[365.96,174.22],[365.96,174.24],[365.98,174.26],[365.99,174.27],[366,174.29],[366.02,174.31],[366.02,174.33],[366.02,174.35],[366.03,174.38],[366.04,174.39],[366.02,174.43],[366.02,174.44],[366.01,174.44],[365.99,174.45],[365.97,174.44],[365.97,174.41],[365.97,174.41],[365.96,174.41],[365.94,174.42],[365.94,174.43],[365.97,174.5],[365.97,174.54],[365.99,174.59],[366,174.6],[366,174.61],[366.01,174.62],[366.02,174.61],[366.03,174.6],[366.05,174.56],[366.06,174.54],[366.09,174.53],[366.1,174.52],[366.11,174.52],[366.14,174.54],[366.16,174.55],[366.18,174.58],[366.18,174.58],[366.22,174.6],[366.23,174.61],[366.23,174.63],[366.23,174.65],[366.23,174.65],[366.22,174.67],[366.19,174.69],[366.19,174.7],[366.19,174.71],[366.2,174.72],[366.22,174.73],[366.23,174.74],[366.23,174.74],[366.26,174.77],[366.27,174.79],[366.28,174.81],[366.28,174.82],[366.27,174.84],[365.45,175.09],[365.05,173.79],[365.19,173.76],[365.14,173.61],[365.29,173.56],[365.25,173.41],[365.39,173.36],[365.36,173.24],[365.35,173.22],[365.12,173.3],[365.04,173.33],[364.91,173.37],[364.69,173.43],[364.66,173.34],[364.64,173.29],[364.51,173.33],[364.4,173.05],[364.09,173.15],[364.2,173.43],[364.35,173.39],[364.39,173.53],[364.33,173.55],[364.47,173.98],[364.62,173.93],[364.66,174.07],[364.75,174.39],[364.92,174.94],[364.36,175.12],[364.31,174.97],[364.17,175.02],[364.26,175.3],[364.24,175.31],[364.24,175.31],[364.1,175.36],[364.11,175.42],[364.13,175.47],[364.13,175.5],[364.14,175.51],[363.57,175.69],[363.58,175.69],[363.59,175.75],[363.83,176.48],[363.84,176.5],[363.83,176.52],[363.81,176.56],[363.81,176.59],[363.82,176.6],[363.83,176.61],[363.87,176.62],[363.89,176.63],[363.9,176.65],[363.89,176.67],[363.87,176.71],[363.88,176.76],[363.89,176.81],[363.94,176.83],[363.96,176.83],[363.97,176.84],[363.97,176.86],[363.97,176.87],[363.95,176.88],[363.92,176.92],[363.91,176.94],[363.93,176.96],[363.95,176.97],[363.97,176.97],[363.98,176.97],[364.04,177.15],[364.04,177.15],[364.03,177.16],[364.02,177.16],[363.97,177.15],[363.96,177.15],[363.95,177.16],[363.94,177.16],[363.94,177.16],[363.93,177.17],[363.92,177.19],[363.91,177.19],[363.89,177.2],[363.88,177.21],[363.85,177.25],[363.83,177.3],[363.83,177.31],[363.73,177.34],[363.73,177.33],[363.72,177.32],[363.72,177.31],[363.73,177.31],[363.73,177.3],[363.73,177.28],[363.73,177.28],[363.72,177.29],[363.71,177.29],[363.7,177.3],[363.69,177.32],[363.69,177.33],[363.69,177.33],[363.68,177.34],[363.68,177.33],[363.67,177.33],[363.67,177.34],[363.66,177.34],[363.66,177.35],[363.66,177.36],[363.66,177.36],[363.63,177.37],[363.63,177.37],[363.63,177.36],[363.64,177.36],[363.64,177.35],[363.64,177.35],[363.65,177.33],[363.65,177.33],[363.65,177.32],[363.64,177.32],[363.64,177.32],[363.65,177.3],[363.66,177.29],[363.65,177.29],[363.65,177.29],[363.65,177.29],[363.65,177.28],[363.65,177.27],[363.64,177.27],[363.64,177.28],[363.62,177.29],[363.62,177.29],[363.63,177.28],[363.63,177.27],[363.63,177.27],[363.63,177.26],[363.64,177.26],[363.64,177.26],[363.64,177.25],[363.64,177.25],[363.65,177.24],[363.65,177.24],[363.64,177.26],[363.65,177.26],[363.66,177.25],[363.67,177.25],[363.67,177.24],[363.68,177.21],[363.7,177.19],[363.7,177.19],[363.71,177.2],[363.71,177.2],[363.72,177.18],[363.71,177.18],[363.71,177.18],[363.71,177.17],[363.7,177.18],[363.69,177.16],[363.7,177.16],[363.7,177.15],[363.69,177.14],[363.69,177.14],[363.69,177.12],[363.69,177.11],[363.68,177.12],[363.66,177.14],[363.66,177.14],[363.65,177.14],[363.67,177.12],[363.67,177.12],[363.68,177.11],[363.68,177.1],[363.68,177.1],[363.67,177.09],[363.66,177.09],[363.65,177.1],[363.64,177.11],[363.63,177.11],[363.63,177.11],[363.65,177.09],[363.65,177.08],[363.66,177.08],[363.68,177.08],[363.69,177.08],[363.7,177.09],[363.72,177.07],[363.73,177.06],[363.72,177.05],[363.71,177.03],[363.71,177.03],[363.66,177.02],[363.65,177.02],[363.65,177.03],[363.65,177.03],[363.65,177.02],[363.65,177.02],[363.66,177.02],[363.67,177.01],[363.69,177],[363.7,177],[363.7,176.99],[363.68,176.98],[363.66,176.95],[363.66,176.95],[363.66,176.94],[363.65,176.94],[363.66,176.93],[363.66,176.93],[363.65,176.92],[363.64,176.91],[363.63,176.91],[363.63,176.86],[363.62,176.84],[363.62,176.84],[363.61,176.86],[363.6,176.85],[363.6,176.86],[363.6,176.86],[363.59,176.86],[363.58,176.86],[363.56,176.89],[363.55,176.89],[363.54,176.89],[363.54,176.88],[363.53,176.88],[363.53,176.89],[363.51,176.89],[363.49,176.88],[363.48,176.88],[363.48,176.9],[363.46,176.91],[363.47,176.91],[363.47,176.91],[363.48,176.92],[363.48,176.95],[363.48,176.96],[363.47,176.96],[363.48,176.97],[363.48,176.98],[363.47,176.98],[363.46,176.98],[363.45,177],[363.44,177],[363.44,177],[363.43,177],[363.42,177],[363.42,177],[363.42,177],[363.41,177],[363.39,177],[363.38,177],[363.38,177],[363.38,177],[363.38,177],[363.38,176.99],[363.37,176.99],[363.37,177],[363.36,177],[363.35,176.99],[363.34,177],[363.32,177],[363.32,177.01],[363.31,177.01],[363.3,177.01],[363.29,177],[363.28,177],[363.27,177.01],[363.26,177.01],[363.25,177],[363.24,176.98],[363.22,176.97],[363.21,176.97],[363.21,176.98],[363.21,176.99],[363.19,177],[363.19,177],[363.2,176.98],[363.21,176.97],[363.21,176.97],[363.21,176.96],[363.23,176.96],[363.26,176.96],[363.27,176.96],[363.27,176.95],[363.25,176.95],[363.25,176.95],[363.25,176.94],[363.26,176.94],[363.28,176.94],[363.28,176.93],[363.3,176.94],[363.31,176.94],[363.31,176.94],[363.32,176.93],[363.33,176.93],[363.34,176.92],[363.33,176.92],[363.32,176.92],[363.33,176.91],[363.33,176.9],[363.33,176.9],[363.34,176.89],[363.36,176.88],[363.36,176.88],[363.37,176.89],[363.37,176.89],[363.37,176.88],[363.38,176.87],[363.38,176.89],[363.4,176.89],[363.4,176.88],[363.4,176.87],[363.39,176.87],[363.39,176.86],[363.39,176.86],[363.39,176.86],[363.4,176.86],[363.41,176.85],[363.43,176.85],[363.44,176.85],[363.44,176.84],[363.44,176.83],[363.44,176.83],[363.44,176.83],[363.45,176.83],[363.46,176.82],[363.47,176.82],[363.48,176.8],[363.5,176.79],[363.51,176.79],[363.52,176.79],[363.54,176.77],[363.52,176.76],[363.52,176.74],[363.52,176.74],[363.52,176.73],[363.52,176.72],[363.51,176.72],[363.51,176.71],[363.53,176.72],[363.53,176.74],[363.54,176.72],[363.55,176.72],[363.55,176.73],[363.54,176.75],[363.54,176.75],[363.56,176.75],[363.58,176.75],[363.6,176.73],[363.6,176.73],[363.6,176.74],[363.6,176.75],[363.62,176.76],[363.63,176.74],[363.63,176.74],[363.64,176.74],[363.63,176.75],[363.64,176.76],[363.65,176.73],[363.66,176.72],[363.65,176.71],[363.66,176.71],[363.67,176.71],[363.69,176.7],[363.69,176.7],[363.7,176.7],[363.71,176.7],[363.71,176.68],[363.72,176.68],[363.72,176.68],[363.72,176.7],[363.73,176.7],[363.73,176.7],[363.74,176.71],[363.74,176.71],[363.75,176.7],[363.77,176.7],[363.76,176.69],[363.75,176.68],[363.75,176.67],[363.77,176.68],[363.78,176.69],[363.78,176.67],[363.79,176.68],[363.79,176.7],[363.8,176.68],[363.81,176.68],[363.82,176.68],[363.85,176.68],[363.87,176.65],[363.84,176.63],[363.82,176.62],[363.81,176.62],[363.79,176.61],[363.79,176.6],[363.78,176.58],[363.79,176.55],[363.8,176.53],[363.79,176.52],[363.79,176.52],[363.78,176.52],[363.77,176.54],[363.73,176.58],[363.71,176.58],[363.65,176.56],[363.64,176.57],[363.62,176.58],[363.6,176.59],[363.58,176.59],[363.56,176.59],[363.55,176.59],[363.52,176.57],[363.51,176.55],[363.51,176.53],[363.5,176.53],[363.5,176.52],[363.51,176.52],[363.51,176.5],[363.52,176.47],[363.52,176.46],[363.49,176.43],[363.47,176.42],[363.46,176.4],[363.45,176.39],[363.44,176.38],[363.45,176.35],[363.46,176.34],[363.5,176.32],[363.51,176.31],[363.51,176.3],[363.51,176.29],[363.49,176.27],[363.48,176.27],[363.46,176.27],[363.46,176.27],[363.46,176.28],[363.45,176.31],[363.43,176.36],[363.41,176.37],[363.39,176.37],[363.38,176.37],[363.36,176.35],[363.35,176.35],[363.35,176.33],[363.34,176.33],[363.32,176.32],[363.3,176.31],[363.29,176.31],[363.3,176.3],[363.3,176.3],[363.28,176.29],[363.26,176.29],[363.26,176.28],[363.27,176.26],[363.23,176.24],[363.21,176.23],[363.2,176.23],[363.19,176.24],[363.19,176.26],[363.19,176.27],[363.18,176.28],[363.16,176.29],[363.13,176.28],[363.13,176.27],[363.11,176.26],[363.08,176.23],[363.07,176.24],[363.05,176.24],[363.04,176.25],[363.03,176.24],[363.03,176.25],[363.01,176.25],[362.99,176.25],[362.97,176.26],[362.97,176.27],[362.96,176.28],[362.95,176.27],[362.93,176.26],[362.92,176.22],[362.92,176.2],[362.89,176.15],[362.88,176.15],[362.86,176.14],[362.85,176.13],[362.84,176.13],[362.83,176.13],[362.8,176.12],[362.78,176.1],[362.78,176.09],[362.77,176.09],[362.77,176.08],[362.76,176.06],[362.75,176.06],[362.74,176.06],[362.73,176.05],[362.72,176.05],[362.7,176.05],[362.69,176.05],[362.68,176.02],[362.68,176.01],[362.66,175.99],[362.65,175.99],[362.65,175.99],[362.65,175.97],[362.65,175.96],[362.64,175.95],[362.63,175.95],[362.61,175.95],[362.59,175.96],[362.58,175.97],[362.57,175.97],[362.56,175.97],[362.55,175.94],[362.54,175.92],[362.53,175.91],[362.52,175.9],[362.51,175.9],[362.5,175.89],[362.49,175.9],[362.46,175.89],[362.43,175.89],[362.42,175.86],[362.4,175.84],[362.4,175.83],[362.39,175.82],[362.38,175.82],[362.37,175.81],[362.35,175.79],[362.34,175.79],[362.33,175.79],[362.31,175.81],[362.3,175.82],[362.3,175.84],[362.28,175.86],[362.25,175.88],[362.23,175.88],[362.23,175.87],[362.22,175.87],[362.21,175.83],[362.2,175.8],[362.2,175.79],[362.19,175.78],[362.16,175.79],[362.13,175.8],[362.12,175.8],[362.11,175.82],[362.11,175.82],[362.08,175.84],[362.07,175.84],[362.07,175.83],[362.06,175.81],[362.05,175.8],[362.06,175.76],[362.04,175.72],[362.04,175.72],[362.02,175.71],[362,175.71],[361.99,175.72],[361.98,175.72],[361.98,175.74],[361.97,175.76],[361.94,175.78],[361.93,175.78],[361.92,175.79],[361.9,175.79],[361.86,175.78],[361.84,175.78],[361.78,175.81],[361.78,175.81],[361.78,175.83],[361.78,175.84],[361.77,175.84],[361.75,175.85],[361.75,175.86],[361.72,175.87],[361.71,175.88],[361.69,175.89],[361.67,175.91],[361.66,175.91],[361.65,175.91],[361.63,175.9],[361.61,175.9],[361.59,175.91],[361.58,175.92],[361.57,175.93],[361.55,175.95],[361.53,175.98],[361.51,175.98],[361.5,175.98],[361.46,175.99],[361.44,175.97],[361.41,175.97],[361.37,175.97],[361.35,175.97],[361.31,175.98],[361.27,176.01],[361.25,176.03],[361.18,176.09],[361.16,176.09],[361.16,176.11],[361.14,176.13],[361.14,176.16],[361.13,176.16],[361.13,176.17],[361.11,176.19],[361.11,176.21],[361.11,176.22],[361.1,176.23],[361.11,176.24],[361.1,176.25],[361.07,176.28],[361.06,176.29],[361.06,176.3],[361.05,176.31],[361.04,176.32],[361.03,176.33],[361.02,176.34],[361.01,176.35],[361,176.37],[360.61,175.1],[360.25,174.09],[360.18,173.89],[360.06,173.94],[358.87,174.3],[358.54,174.42],[356.55,175.03],[354.99,175.51],[354.98,175.51],[354.98,175.5],[354.98,175.48],[354.99,175.48],[355,175.47],[355.01,175.46],[355.01,175.46],[354.99,175.45],[354.98,175.45],[354.97,175.43],[354.96,175.4],[354.95,175.39],[354.94,175.39],[354.93,175.38],[354.92,175.35],[354.91,175.35],[354.89,175.36],[354.88,175.36],[354.87,175.36],[354.86,175.34],[354.86,175.32],[354.84,175.29],[354.84,175.29],[354.82,175.28],[354.82,175.27],[354.82,175.26],[354.8,175.25],[354.79,175.23],[354.79,175.23],[354.81,175.23],[354.81,175.23],[354.82,175.23],[354.82,175.23],[354.83,175.21],[354.82,175.21],[354.81,175.19],[354.81,175.18],[354.8,175.16],[354.8,175.16],[354.81,175.16],[354.81,175.15],[354.8,175.13],[354.81,175.12],[354.82,175.12],[354.82,175.11],[354.83,175.11],[354.83,175.11],[354.83,175.1],[354.83,175.09],[354.84,175.09],[354.84,175.06],[354.85,175.05],[354.85,175.04],[354.85,175.03],[354.85,175.02],[354.86,175],[354.86,174.97],[354.88,174.95],[354.88,174.94],[354.88,174.92],[354.88,174.91],[354.87,174.87],[354.86,174.86],[354.85,174.85],[354.85,174.83],[354.84,174.82],[354.84,174.8],[354.84,174.79],[354.84,174.77],[354.85,174.75],[354.85,174.74],[354.84,174.73],[354.84,174.72],[354.83,174.73],[354.81,174.73],[354.81,174.72],[354.82,174.68],[354.82,174.68],[354.81,174.68],[354.81,174.68],[354.8,174.66],[354.8,174.66],[354.79,174.66],[354.79,174.68],[354.78,174.68],[354.76,174.67],[354.75,174.67],[354.75,174.67],[354.73,174.66],[354.71,174.66],[354.7,174.66],[354.69,174.66],[354.68,174.65],[354.67,174.65],[354.66,174.65],[354.65,174.63],[354.62,174.61],[354.61,174.61],[354.61,174.6],[354.58,174.58],[354.57,174.57],[354.56,174.56],[354.55,174.55],[354.53,174.56],[354.52,174.55],[354.52,174.54],[354.52,174.53],[354.53,174.51],[354.53,174.51],[354.53,174.5],[354.53,174.48],[354.53,174.48],[354.51,174.46],[354.48,174.44],[354.47,174.44],[354.45,174.45],[354.43,174.43],[354.41,174.44],[354.39,174.43],[354.38,174.42],[354.38,174.42],[354.37,174.42],[354.36,174.42],[354.36,174.41],[354.35,174.4],[354.34,174.38],[354.33,174.37],[354.31,174.37],[354.31,174.37],[354.29,174.35],[354.28,174.34],[354.27,174.34],[354.26,174.34],[354.26,174.34],[354.25,174.34],[354.22,174.31],[354.21,174.3],[354.2,174.27],[354.2,174.27],[354.21,174.26],[354.21,174.26],[354.2,174.26],[354.19,174.27],[354.19,174.27],[354.18,174.27],[354.15,174.25],[354.13,174.25],[354.13,174.25],[354.11,174.23],[354.1,174.22],[354.08,174.21],[354.07,174.21],[354.05,174.21],[354.03,174.21],[354.03,174.2],[354.04,174.2],[354.04,174.19],[354.02,174.17],[354.02,174.15],[354.01,174.15],[354.01,174.14],[354,174.14],[353.99,174.14],[353.98,174.14],[353.98,174.13],[353.97,174.12],[353.97,174.11],[353.95,174.11],[353.95,174.11],[353.94,174.1],[353.93,174.1],[353.92,174.09],[353.92,174.08],[353.9,174.07],[353.88,174.05],[353.87,174.05],[353.86,174.04],[353.86,174.03],[353.84,174.01],[353.82,174],[353.83,173.99],[353.83,173.98],[353.82,173.97],[353.81,173.96],[353.81,173.96],[353.82,173.95],[353.82,173.94],[353.8,173.92],[353.78,173.9],[353.78,173.9],[353.77,173.89],[353.76,173.89],[353.75,173.89],[353.74,173.88],[353.73,173.87],[353.72,173.86],[353.58,173.79],[353.5,173.55],[353.35,173.33],[353.24,173.2],[352.92,172.96],[352.73,172.9],[352.74,172.79],[353.02,172.62],[352.97,172.29],[353,172.29],[353.03,172.26],[353.06,172.23],[353.09,172.22],[353.09,172.2],[353.09,172.17],[353.08,172.15],[353.07,172.13],[353.06,172.08],[353.09,172.06],[353.1,172.05],[353.12,172.04],[353.13,172.03],[353.12,172.02],[353.12,171.97],[353.14,171.95],[353.16,171.92],[353.18,171.89],[353.19,171.88],[353.22,171.84],[353.22,171.82],[353.21,171.8],[353.2,171.78],[353.12,171.78],[353.11,171.77],[353.09,171.72],[353.08,171.71],[353.08,171.7],[353.08,171.67],[353.08,171.6],[353.08,171.57],[353.09,171.56],[353.1,171.53],[353.16,171.52],[353.17,171.49],[353.2,171.42],[353.23,171.38],[353.24,171.37],[353.28,171.34],[353.28,171.33],[353.34,171.28],[353.38,171.27],[353.43,171.27],[353.44,171.23],[353.45,171.17],[353.46,171.12],[353.48,171.11],[353.49,171.09],[353.51,171.07],[353.54,171.05],[353.56,171.02],[353.57,170.99],[353.62,170.97],[353.63,170.95],[353.67,170.93],[353.7,170.89],[353.72,170.88],[353.73,170.86],[353.74,170.85],[353.78,170.84],[353.79,170.83],[353.82,170.82],[353.83,170.79],[353.83,170.77],[353.84,170.73],[353.82,170.71],[353.8,170.68],[353.82,170.65],[353.82,170.64],[353.84,170.6],[353.85,170.54],[353.87,170.52],[353.88,170.49],[353.91,170.47],[353.95,170.47],[353.96,170.45],[353.98,170.44],[354,170.44],[354.02,170.44],[354.03,170.43],[354.03,170.35],[354.01,170.33],[354,170.29],[354,170.27],[354.02,170.25],[354.06,170.19],[354.07,170.19],[354.08,170.17],[354.09,170.16],[354.1,170.18],[354.17,170.19],[354.28,170.19],[354.31,170.2],[354.36,170.15],[354.37,170.12],[354.37,170.11],[354.36,170.1],[354.34,170.07],[354.32,170.03],[354.31,170],[354.31,169.96],[354.31,169.94],[354.34,169.92],[354.4,169.86],[354.4,169.84],[354.41,169.82],[354.43,169.81],[354.45,169.79],[354.46,169.76],[354.48,169.74],[354.48,169.72],[354.46,169.7],[354.44,169.67],[354.44,169.62],[354.44,169.59],[354.42,169.55],[354.42,169.52]],[[357.88,172.37],[357.89,172.38],[357.94,172.39],[357.97,172.4],[357.99,172.42],[358,172.46],[358.02,172.49],[358.03,172.51],[358.03,172.51],[358.17,172.6],[358.25,172.66],[358.39,172.62],[358.46,172.59],[358.54,172.56],[358.49,172.44],[358.47,172.4],[358.43,172.39],[358.43,172.38],[358.43,172.37],[358.42,172.36],[358.41,172.36],[358.42,172.37],[358.41,172.37],[358.4,172.36],[358.38,172.37],[358.38,172.37],[358.35,172.36],[358.35,172.36],[358.32,172.36],[358.3,172.34],[358.29,172.34],[358.28,172.34],[358.27,172.35],[358.27,172.34],[358.26,172.35],[358.26,172.34],[358.23,172.33],[358.21,172.32],[358.18,172.31],[358.18,172.3],[358.18,172.28],[358.17,172.26],[358.17,172.23],[358.16,172.22],[358.14,172.2],[358.14,172.2],[358.14,172.19],[358.15,172.18],[358.14,172.17],[358.13,172.15],[358.12,172.14],[358.11,172.12],[358.11,172.11],[358.11,172.09],[358.11,172.08],[358.1,172.07],[358.09,172.06],[358.07,172.06],[358.07,172.06],[358.06,172.07],[358.06,172.08],[358.03,172.07],[358.01,172.08],[358,172.08],[357.96,172.06],[357.95,172.06],[357.93,172.05],[357.9,172.05],[357.9,172.05],[357.88,172.03],[357.93,172.18],[357.93,172.18],[357.93,172.21],[357.91,172.22],[357.91,172.23],[357.91,172.25],[357.9,172.27],[357.9,172.28],[357.9,172.3],[357.9,172.31],[357.89,172.32],[357.89,172.35],[357.88,172.37],[357.88,172.37]]]]}},{"type":"Feature","id":"48037-71","properties":{"ridingCode":"48037","pollNumber":"71","pollType":"N","advancePollNumber":"608","sourceCode":"71-0","geometryPollNumbers":["71"],"code":"48037-71","resultPollNumbers":["71"],"resultStatus":"exact","result":{"electors":407,"voters":221,"totalVotes":221,"rejected":0,"turnout":54.2997542997543,"winnerId":"william-stevenson","winnerPartyId":"CPC","runnerUpId":"michael-fark","runnerUpPartyId":"LIB","margin":75.56561085972851,"top":[{"id":"william-stevenson","name":"William Stevenson","shortName":"Stevenson","partyId":"CPC","votes":188,"share":85.06787330316742},{"id":"michael-fark","name":"Michael Fark","shortName":"Fark","partyId":"LIB","votes":21,"share":9.502262443438914},{"id":"vicky-bayford","name":"Vicky Bayford","shortName":"Bayford","partyId":"PPC","votes":7,"share":3.167420814479638},{"id":"avni-soma","name":"Avni Soma","shortName":"Soma","partyId":"NDP","votes":4,"share":1.809954751131222}],"partyVotes":{"LIB":21,"CPC":188,"BQ":0,"NDP":4,"GRN":0,"PPC":7,"OTH":1}}},"geometry":{"type":"Polygon","coordinates":[[[367.76,170.6],[368.19,170.46],[368.17,170.38],[368.17,170.37],[368.11,170.17],[368.83,169.96],[368.96,170.39],[369.11,170.35],[369.15,170.34],[369.35,170.28],[369.39,170.42],[369.45,170.61],[369.48,170.71],[369.52,170.85],[369.28,170.93],[369.32,171.07],[369.06,171.15],[369.02,171.16],[368.89,171.2],[368.89,171.2],[368.67,171.27],[368.6,171.28],[368.58,171.21],[368.56,171.22],[368.55,171.22],[368.5,171.19],[368.49,171.18],[368.48,171.17],[368.41,171.19],[368.37,171.2],[368.36,171.2],[368.32,171.27],[368.29,171.3],[368.31,171.37],[368.17,171.42],[368.08,171.44],[368.02,171.46],[367.76,170.6]]]}},{"type":"Feature","id":"48037-72","properties":{"ridingCode":"48037","pollNumber":"72","pollType":"N","advancePollNumber":"608","sourceCode":"72-0","geometryPollNumbers":["72"],"code":"48037-72","resultPollNumbers":["72"],"resultStatus":"exact","result":{"electors":386,"voters":217,"totalVotes":216,"rejected":1,"turnout":56.21761658031088,"winnerId":"william-stevenson","winnerPartyId":"CPC","runnerUpId":"michael-fark","runnerUpPartyId":"LIB","margin":84.25925925925925,"top":[{"id":"william-stevenson","name":"William Stevenson","shortName":"Stevenson","partyId":"CPC","votes":193,"share":89.35185185185185},{"id":"michael-fark","name":"Michael Fark","shortName":"Fark","partyId":"LIB","votes":11,"share":5.092592592592593},{"id":"avni-soma","name":"Avni Soma","shortName":"Soma","partyId":"NDP","votes":6,"share":2.7777777777777777},{"id":"vicky-bayford","name":"Vicky Bayford","shortName":"Bayford","partyId":"PPC","votes":4,"share":1.8518518518518516}],"partyVotes":{"LIB":11,"CPC":193,"BQ":0,"NDP":6,"GRN":0,"PPC":4,"OTH":2}}},"geometry":{"type":"Polygon","coordinates":[[[367.5,169.73],[368.22,169.51],[368.18,169.35],[368.2,169.32],[368.21,169.29],[368.21,169.28],[368.3,169.25],[368.37,169.47],[368.71,169.36],[368.79,169.34],[368.88,169.31],[368.92,169.46],[368.95,169.59],[368.89,169.61],[368.88,169.69],[368.88,169.7],[368.89,169.7],[368.92,169.72],[368.93,169.76],[368.78,169.8],[368.83,169.96],[368.11,170.17],[368.17,170.37],[368.17,170.38],[368.19,170.46],[367.76,170.6],[367.67,170.31],[367.5,169.73]]]}},{"type":"Feature","id":"48037-73","properties":{"ridingCode":"48037","pollNumber":"73","pollType":"N","advancePollNumber":"612","sourceCode":"70-0","geometryPollNumbers":["70","73"],"code":"48037-73","resultPollNumbers":["73"],"resultStatus":"resolved-combination","result":{"electors":248,"voters":160,"totalVotes":160,"rejected":0,"turnout":64.51612903225806,"winnerId":"william-stevenson","winnerPartyId":"CPC","runnerUpId":"michael-fark","runnerUpPartyId":"LIB","margin":87.5,"top":[{"id":"william-stevenson","name":"William Stevenson","shortName":"Stevenson","partyId":"CPC","votes":146,"share":91.25},{"id":"michael-fark","name":"Michael Fark","shortName":"Fark","partyId":"LIB","votes":6,"share":3.75},{"id":"avni-soma","name":"Avni Soma","shortName":"Soma","partyId":"NDP","votes":5,"share":3.125},{"id":"vicky-bayford","name":"Vicky Bayford","shortName":"Bayford","partyId":"PPC","votes":2,"share":1.25}],"partyVotes":{"LIB":6,"CPC":146,"BQ":0,"NDP":5,"GRN":0,"PPC":2,"OTH":1}}},"geometry":{"type":"MultiPolygon","coordinates":[[[[366.17,173.97],[366.19,173.95],[366.19,173.94],[366.19,173.94],[366.19,173.94],[366.19,173.94],[366.19,173.92],[366.21,173.91],[366.23,173.92],[366.24,173.92],[366.25,173.91],[366.25,173.86],[366.26,173.85],[366.26,173.85],[366.27,173.84],[366.28,173.82],[366.3,173.81],[366.31,173.78],[366.33,173.72],[366.31,173.7],[366.3,173.69],[366.3,173.66],[366.3,173.61],[366.29,173.59],[366.31,173.56],[366.33,173.51],[366.35,173.51],[366.36,173.48],[366.36,173.46],[366.34,173.44],[366.34,173.43],[366.34,173.41],[366.33,173.39],[366.31,173.37],[366.3,173.35],[366.3,173.31],[366.27,173.29],[366.28,173.28],[366.27,173.28],[366.27,173.27],[366.27,173.28],[366.26,173.27],[366.26,173.26],[366.25,173.24],[366.24,173.21],[366.25,173.2],[366.25,173.2],[366.25,173.17],[366.25,173.15],[366.24,173.13],[366.24,173.12],[366.22,173.11],[366.21,173.08],[366.21,173.08],[366.21,173.07],[366.22,173.06],[366.22,173.05],[366.22,173.02],[366.21,173],[366.2,172.97],[366.2,172.97],[366.2,172.98],[366.2,172.99],[366.2,173],[366.2,172.99],[366.19,172.97],[366.19,172.94],[366.2,172.93],[366.2,172.91],[366.22,172.89],[366.22,172.86],[366.21,172.84],[366.18,172.8],[366.17,172.79],[366.17,172.79],[366.18,172.78],[366.2,172.78],[366.23,172.76],[366.23,172.73],[366.22,172.67],[366.22,172.64],[366.22,172.63],[366.22,172.63],[366.21,172.65],[366.21,172.68],[366.22,172.69],[366.22,172.7],[366.21,172.69],[366.21,172.65],[366.21,172.64],[366.22,172.62],[366.22,172.6],[366.24,172.51],[366.24,172.51],[366.21,172.45],[366.2,172.4],[366.17,172.36],[366.14,172.3],[366.14,172.27],[366.14,172.24],[366.14,172.24],[366.13,172.23],[366.13,172.22],[366.13,172.2],[366.13,172.2],[366.14,172.18],[366.16,172.17],[366.17,172.15],[366.18,172.11],[366.19,172.07],[366.18,172.07],[366.18,172.06],[366.18,172.05],[366.19,172.04],[366.19,172.02],[366.25,172.01],[366.72,171.86],[367.06,171.75],[367.14,171.73],[367.15,171.73],[367.16,171.72],[368.02,171.46],[368.08,171.44],[368.17,171.42],[368.31,171.37],[368.29,171.3],[368.32,171.27],[368.36,171.2],[368.37,171.2],[368.41,171.19],[368.48,171.17],[368.49,171.18],[368.5,171.19],[368.55,171.22],[368.56,171.22],[368.58,171.21],[368.6,171.28],[368.67,171.27],[368.89,171.2],[368.93,171.34],[368.5,171.47],[368.66,172.02],[368.71,172.2],[368.68,172.21],[368.81,172.65],[369.1,172.56],[369.25,172.51],[369.37,172.94],[369.46,173.24],[369.49,173.31],[369.58,173.63],[369.64,173.82],[369.42,173.88],[369.42,173.88],[368.78,174.07],[368.49,174.17],[367.77,174.39],[367.36,174.51],[367.05,174.6],[367.36,175.6],[367.36,175.61],[367.41,175.81],[367.58,176.33],[367.53,176.35],[367.58,176.48],[367.6,176.62],[367.62,176.63],[367.67,176.78],[367.67,176.83],[367.66,176.81],[367.64,176.8],[367.6,176.76],[367.57,176.77],[367.54,176.79],[367.53,176.79],[367.53,176.79],[367.53,176.8],[367.52,176.81],[367.5,176.84],[367.49,176.85],[367.48,176.85],[367.48,176.85],[367.44,176.91],[367.42,176.93],[367.39,176.95],[367.37,176.95],[367.36,176.95],[367.35,176.94],[367.34,176.92],[367.33,176.91],[367.33,176.89],[367.31,176.88],[367.28,176.84],[367.27,176.83],[367.25,176.82],[367.24,176.82],[367.21,176.83],[367.18,176.84],[367.17,176.85],[367.16,176.85],[367.15,176.85],[367.14,176.84],[367.14,176.84],[367.11,176.87],[367.1,176.87],[367.09,176.88],[367.08,176.89],[367.02,176.92],[367.01,176.92],[367.01,176.92],[367,176.91],[367.01,176.9],[367.04,176.89],[367.04,176.88],[366.98,176.93],[366.96,176.94],[366.94,176.95],[366.93,176.95],[366.92,176.95],[366.89,176.95],[366.87,176.95],[366.85,176.94],[366.84,176.94],[366.83,176.94],[366.84,176.93],[366.83,176.93],[366.79,176.94],[366.76,176.95],[366.72,176.96],[366.68,176.99],[366.65,177.01],[366.63,177.02],[366.61,177.03],[366.57,177.03],[366.55,177.03],[366.53,177.01],[366.5,176.97],[366.49,176.95],[366.46,176.92],[366.46,176.91],[366.45,176.91],[366.43,176.91],[366.4,176.89],[366.39,176.88],[366.38,176.87],[366.37,176.83],[366.37,176.81],[366.38,176.78],[366.39,176.72],[366.4,176.71],[366.41,176.7],[366.41,176.7],[366.42,176.66],[366.43,176.62],[366.42,176.59],[366.42,176.56],[366.42,176.55],[366.4,176.53],[366.37,176.51],[366.37,176.5],[366.33,176.47],[366.32,176.46],[366.32,176.44],[366.31,176.43],[366.3,176.4],[366.3,176.38],[366.3,176.36],[366.3,176.35],[366.32,176.32],[366.32,176.32],[366.32,176.31],[366.33,176.3],[366.34,176.28],[366.35,176.27],[366.35,176.22],[366.35,176.21],[366.33,176.14],[366.32,176.13],[366.31,176.12],[366.26,176.09],[366.25,176.07],[366.23,176.05],[366.22,176.02],[366.21,175.98],[366.21,175.96],[366.21,175.92],[366.19,175.89],[366.17,175.87],[366.16,175.86],[366.14,175.85],[366.08,175.82],[366.07,175.8],[366.05,175.78],[366.04,175.75],[366.02,175.74],[366.01,175.73],[366.01,175.73],[366.01,175.71],[366.01,175.68],[366.02,175.65],[366.03,175.64],[366.04,175.61],[366.08,175.55],[366.08,175.53],[366.09,175.52],[366.11,175.5],[366.12,175.49],[366.13,175.49],[366.16,175.5],[366.17,175.5],[366.18,175.48],[366.18,175.47],[366.18,175.45],[366.18,175.43],[366.19,175.43],[366.2,175.44],[366.22,175.44],[366.23,175.43],[366.24,175.42],[366.24,175.37],[366.24,175.34],[366.23,175.31],[366.22,175.3],[366.22,175.28],[366.21,175.27],[366.21,175.28],[366.21,175.28],[366.21,175.29],[366.21,175.3],[366.18,175.27],[366.17,175.24],[366.18,175.21],[366.18,175.2],[366.21,175.18],[366.22,175.18],[366.22,175.15],[366.21,175.15],[366.22,175.14],[366.23,175.13],[366.22,175.12],[366.23,175.1],[366.24,175.09],[366.25,175.08],[366.27,175.08],[366.29,175.07],[366.31,175.02],[366.31,175],[366.31,174.99],[366.3,174.98],[366.29,174.98],[366.26,174.97],[366.26,174.98],[366.25,174.98],[366.24,174.99],[366.23,174.99],[366.21,174.98],[366.2,174.97],[366.2,174.95],[366.21,174.92],[366.24,174.89],[366.25,174.88],[366.27,174.86],[366.27,174.85],[366.27,174.84],[366.28,174.82],[366.28,174.81],[366.27,174.79],[366.26,174.77],[366.23,174.74],[366.23,174.74],[366.22,174.73],[366.2,174.72],[366.19,174.71],[366.19,174.7],[366.19,174.69],[366.22,174.67],[366.23,174.65],[366.23,174.65],[366.23,174.63],[366.23,174.61],[366.22,174.6],[366.18,174.58],[366.18,174.58],[366.16,174.55],[366.14,174.54],[366.11,174.52],[366.1,174.52],[366.09,174.53],[366.06,174.54],[366.05,174.56],[366.03,174.6],[366.02,174.61],[366.01,174.62],[366,174.61],[366,174.6],[365.99,174.59],[365.97,174.54],[365.97,174.5],[365.94,174.43],[365.94,174.42],[365.96,174.41],[365.97,174.41],[365.97,174.41],[365.97,174.44],[365.99,174.45],[366.01,174.44],[366.02,174.44],[366.02,174.43],[366.04,174.39],[366.03,174.38],[366.02,174.35],[366.02,174.33],[366.02,174.31],[366,174.29],[365.99,174.27],[365.98,174.26],[365.96,174.24],[365.96,174.22],[365.97,174.21],[365.97,174.21],[365.98,174.17],[365.99,174.15],[366,174.14],[366,174.13],[366,174.13],[366.01,174.12],[366.01,174.12],[366.01,174.09],[366.02,174.08],[366.02,174.06],[366.03,174.05],[366.05,174.04],[366.07,174.04],[366.08,174.04],[366.09,174.02],[366.09,174.01],[366.1,174],[366.11,174],[366.12,174.01],[366.14,174.02],[366.15,174.03],[366.16,174.03],[366.16,174.02],[366.18,174.01],[366.19,174],[366.18,173.99],[366.17,173.97]]],[[[367.45,169.58],[367.23,168.86],[367.52,168.77],[367.59,168.99],[367.62,168.98],[367.88,168.9],[367.9,168.97],[368.05,168.93],[368.09,169.08],[367.95,169.12],[367.95,169.12],[368.01,169.34],[368.08,169.32],[368.08,169.33],[368.11,169.34],[368.14,169.36],[368.17,169.36],[368.18,169.35],[368.22,169.51],[367.5,169.73],[367.45,169.58]]]]}},{"type":"Feature","id":"48037-74","properties":{"ridingCode":"48037","pollNumber":"74","pollType":"N","advancePollNumber":"615","sourceCode":"74-0","geometryPollNumbers":["74"],"code":"48037-74","resultPollNumbers":["74"],"resultStatus":"exact","result":{"electors":296,"voters":188,"totalVotes":188,"rejected":0,"turnout":63.51351351351351,"winnerId":"william-stevenson","winnerPartyId":"CPC","runnerUpId":"michael-fark","runnerUpPartyId":"LIB","margin":76.59574468085107,"top":[{"id":"william-stevenson","name":"William Stevenson","shortName":"Stevenson","partyId":"CPC","votes":162,"share":86.17021276595744},{"id":"michael-fark","name":"Michael Fark","shortName":"Fark","partyId":"LIB","votes":18,"share":9.574468085106384},{"id":"avni-soma","name":"Avni Soma","shortName":"Soma","partyId":"NDP","votes":4,"share":2.127659574468085},{"id":"vicky-bayford","name":"Vicky Bayford","shortName":"Bayford","partyId":"PPC","votes":2,"share":1.0638297872340425}],"partyVotes":{"LIB":18,"CPC":162,"BQ":0,"NDP":4,"GRN":0,"PPC":2,"OTH":2}}},"geometry":{"type":"Polygon","coordinates":[[[367.52,168.77],[367.7,168.72],[368.11,168.6],[368.3,169.25],[368.21,169.28],[368.21,169.29],[368.2,169.32],[368.18,169.35],[368.17,169.36],[368.14,169.36],[368.11,169.34],[368.08,169.33],[368.08,169.32],[368.01,169.34],[367.95,169.12],[367.95,169.12],[368.09,169.08],[368.05,168.93],[367.9,168.97],[367.88,168.9],[367.62,168.98],[367.59,168.99],[367.52,168.77]]]}},{"type":"Feature","id":"48037-75","properties":{"ridingCode":"48037","pollNumber":"75","pollType":"N","advancePollNumber":"608","sourceCode":"75-0","geometryPollNumbers":["75"],"code":"48037-75","resultPollNumbers":["75"],"resultStatus":"exact","result":{"electors":197,"voters":89,"totalVotes":88,"rejected":1,"turnout":45.17766497461929,"winnerId":"william-stevenson","winnerPartyId":"CPC","runnerUpId":"vicky-bayford","runnerUpPartyId":"PPC","margin":67.04545454545455,"top":[{"id":"william-stevenson","name":"William Stevenson","shortName":"Stevenson","partyId":"CPC","votes":70,"share":79.54545454545455},{"id":"vicky-bayford","name":"Vicky Bayford","shortName":"Bayford","partyId":"PPC","votes":11,"share":12.5},{"id":"avni-soma","name":"Avni Soma","shortName":"Soma","partyId":"NDP","votes":5,"share":5.681818181818182},{"id":"michael-fark","name":"Michael Fark","shortName":"Fark","partyId":"LIB","votes":2,"share":2.272727272727273}],"partyVotes":{"LIB":2,"CPC":70,"BQ":0,"NDP":5,"GRN":0,"PPC":11,"OTH":0}}},"geometry":{"type":"Polygon","coordinates":[[[364.91,170.66],[365.06,170.61],[365.1,170.59],[365.12,170.58],[365.29,170.4],[365.31,170.38],[365.33,170.37],[365.36,170.36],[365.75,170.23],[365.84,170.52],[365.87,170.64],[365.87,170.66],[365.86,170.7],[365.88,170.73],[365.88,170.8],[365.89,170.82],[365.9,170.83],[365.93,170.87],[365.94,170.88],[365.97,170.92],[366.1,171.02],[366.11,171.04],[366.13,171.09],[366.16,171.09],[366.16,171.09],[366.16,171.09],[366.25,171.06],[366.31,171.03],[366.27,170.89],[366.41,170.85],[366.45,170.99],[366.72,171.86],[366.25,172.01],[366.19,172.02],[366.08,172.06],[365.42,172.26],[365.27,171.79],[365.12,171.32],[364.92,170.69],[364.91,170.66]]]}},{"type":"Feature","id":"48037-76","properties":{"ridingCode":"48037","pollNumber":"76","pollType":"N","advancePollNumber":"608","sourceCode":"76-0","geometryPollNumbers":["76"],"code":"48037-76","resultPollNumbers":["76"],"resultStatus":"exact","result":{"electors":445,"voters":162,"totalVotes":162,"rejected":0,"turnout":36.40449438202247,"winnerId":"william-stevenson","winnerPartyId":"CPC","runnerUpId":"vicky-bayford","runnerUpPartyId":"PPC","margin":93.82716049382715,"top":[{"id":"william-stevenson","name":"William Stevenson","shortName":"Stevenson","partyId":"CPC","votes":155,"share":95.67901234567901},{"id":"vicky-bayford","name":"Vicky Bayford","shortName":"Bayford","partyId":"PPC","votes":3,"share":1.8518518518518516},{"id":"michael-fark","name":"Michael Fark","shortName":"Fark","partyId":"LIB","votes":3,"share":1.8518518518518516},{"id":"avni-soma","name":"Avni Soma","shortName":"Soma","partyId":"NDP","votes":1,"share":0.6172839506172839}],"partyVotes":{"LIB":3,"CPC":155,"BQ":0,"NDP":1,"GRN":0,"PPC":3,"OTH":0}}},"geometry":{"type":"Polygon","coordinates":[[[366.45,170.99],[366.89,170.86],[366.8,170.57],[366.95,170.53],[367.67,170.31],[367.76,170.6],[368.02,171.46],[367.16,171.72],[367.15,171.73],[367.14,171.73],[367.06,171.75],[366.72,171.86],[366.45,170.99]]]}},{"type":"Feature","id":"48037-77","properties":{"ridingCode":"48037","pollNumber":"77","pollType":"N","advancePollNumber":"608","sourceCode":"77-0","geometryPollNumbers":["77"],"code":"48037-77","resultPollNumbers":["77"],"resultStatus":"exact","result":{"electors":319,"voters":119,"totalVotes":119,"rejected":0,"turnout":37.30407523510972,"winnerId":"william-stevenson","winnerPartyId":"CPC","runnerUpId":"michael-fark","runnerUpPartyId":"LIB","margin":76.47058823529412,"top":[{"id":"william-stevenson","name":"William Stevenson","shortName":"Stevenson","partyId":"CPC","votes":102,"share":85.71428571428571},{"id":"michael-fark","name":"Michael Fark","shortName":"Fark","partyId":"LIB","votes":11,"share":9.243697478991598},{"id":"avni-soma","name":"Avni Soma","shortName":"Soma","partyId":"NDP","votes":4,"share":3.361344537815126},{"id":"vicky-bayford","name":"Vicky Bayford","shortName":"Bayford","partyId":"PPC","votes":2,"share":1.680672268907563}],"partyVotes":{"LIB":11,"CPC":102,"BQ":0,"NDP":4,"GRN":0,"PPC":2,"OTH":0}}},"geometry":{"type":"Polygon","coordinates":[[[365.84,170.52],[365.75,170.23],[365.89,170.19],[365.92,170.18],[365.95,170.18],[366.1,170.19],[366.1,170.16],[366.13,170.15],[366.14,170.13],[366.14,170.12],[366.19,170.11],[366.2,170.11],[366.2,170.12],[366.2,170.14],[366.2,170.15],[366.41,170.85],[366.27,170.89],[366.31,171.03],[366.25,171.06],[366.16,171.09],[366.16,171.09],[366.16,171.09],[366.13,171.09],[366.11,171.04],[366.1,171.02],[365.97,170.92],[365.94,170.88],[365.93,170.87],[365.9,170.83],[365.89,170.82],[365.88,170.8],[365.88,170.73],[365.86,170.7],[365.87,170.66],[365.87,170.64],[365.84,170.52]]]}},{"type":"Feature","id":"48037-78","properties":{"ridingCode":"48037","pollNumber":"78","pollType":"N","advancePollNumber":"608","sourceCode":"78-0","geometryPollNumbers":["78"],"code":"48037-78","resultPollNumbers":["78"],"resultStatus":"exact","result":{"electors":304,"voters":124,"totalVotes":124,"rejected":0,"turnout":40.78947368421053,"winnerId":"william-stevenson","winnerPartyId":"CPC","runnerUpId":"michael-fark","runnerUpPartyId":"LIB","margin":93.54838709677419,"top":[{"id":"william-stevenson","name":"William Stevenson","shortName":"Stevenson","partyId":"CPC","votes":120,"share":96.7741935483871},{"id":"michael-fark","name":"Michael Fark","shortName":"Fark","partyId":"LIB","votes":4,"share":3.225806451612903},{"id":"vicky-bayford","name":"Vicky Bayford","shortName":"Bayford","partyId":"PPC","votes":0,"share":0},{"id":"dale-heath","name":"Dale Heath","shortName":"Heath","partyId":"OTH","votes":0,"share":0}],"partyVotes":{"LIB":4,"CPC":120,"BQ":0,"NDP":0,"GRN":0,"PPC":0,"OTH":0}}},"geometry":{"type":"Polygon","coordinates":[[[366.19,170.11],[366.19,170.05],[366.24,170.03],[366.22,169.96],[366.29,169.94],[366.27,169.87],[366.38,169.83],[366.41,169.82],[366.57,169.77],[366.6,169.77],[366.69,169.75],[366.7,169.75],[366.71,169.76],[366.95,170.53],[366.8,170.57],[366.89,170.86],[366.45,170.99],[366.41,170.85],[366.2,170.15],[366.2,170.14],[366.2,170.12],[366.2,170.11],[366.19,170.11]]]}},{"type":"Feature","id":"48037-79","properties":{"ridingCode":"48037","pollNumber":"79","pollType":"N","advancePollNumber":"608","sourceCode":"79-0","geometryPollNumbers":["79"],"code":"48037-79","resultPollNumbers":["79"],"resultStatus":"exact","result":{"electors":385,"voters":138,"totalVotes":138,"rejected":0,"turnout":35.84415584415584,"winnerId":"william-stevenson","winnerPartyId":"CPC","runnerUpId":"michael-fark","runnerUpPartyId":"LIB","margin":85.5072463768116,"top":[{"id":"william-stevenson","name":"William Stevenson","shortName":"Stevenson","partyId":"CPC","votes":126,"share":91.30434782608695},{"id":"michael-fark","name":"Michael Fark","shortName":"Fark","partyId":"LIB","votes":8,"share":5.797101449275362},{"id":"avni-soma","name":"Avni Soma","shortName":"Soma","partyId":"NDP","votes":2,"share":1.4492753623188406},{"id":"vicky-bayford","name":"Vicky Bayford","shortName":"Bayford","partyId":"PPC","votes":1,"share":0.7246376811594203}],"partyVotes":{"LIB":8,"CPC":126,"BQ":0,"NDP":2,"GRN":0,"PPC":1,"OTH":1}}},"geometry":{"type":"Polygon","coordinates":[[[364.81,170.33],[364.8,170.27],[364.82,170.26],[364.85,170.23],[364.89,170.15],[364.94,170.15],[365,170.16],[365.02,170.16],[365.04,170.14],[365.05,170.12],[365.06,170.05],[365.05,169.97],[365.07,169.95],[365.11,169.94],[365.19,169.97],[365.21,169.97],[365.24,169.95],[365.26,169.93],[365.27,169.92],[365.27,169.93],[365.29,169.93],[365.32,169.9],[365.32,169.89],[365.32,169.89],[365.33,169.92],[365.45,169.88],[365.52,169.85],[365.56,169.85],[365.6,169.84],[365.62,169.84],[365.75,170.23],[365.36,170.36],[365.33,170.37],[365.31,170.38],[365.29,170.4],[365.12,170.58],[365.1,170.59],[365.06,170.61],[364.91,170.66],[364.81,170.33]]]}},{"type":"Feature","id":"48037-80","properties":{"ridingCode":"48037","pollNumber":"80","pollType":"N","advancePollNumber":"613","sourceCode":"80-0","geometryPollNumbers":["80"],"code":"48037-80","resultPollNumbers":["80"],"resultStatus":"exact","result":{"electors":461,"voters":168,"totalVotes":165,"rejected":3,"turnout":36.44251626898048,"winnerId":"william-stevenson","winnerPartyId":"CPC","runnerUpId":"michael-fark","runnerUpPartyId":"LIB","margin":66.06060606060606,"top":[{"id":"william-stevenson","name":"William Stevenson","shortName":"Stevenson","partyId":"CPC","votes":130,"share":78.78787878787878},{"id":"michael-fark","name":"Michael Fark","shortName":"Fark","partyId":"LIB","votes":21,"share":12.727272727272727},{"id":"avni-soma","name":"Avni Soma","shortName":"Soma","partyId":"NDP","votes":8,"share":4.848484848484849},{"id":"vicky-bayford","name":"Vicky Bayford","shortName":"Bayford","partyId":"PPC","votes":6,"share":3.6363636363636362}],"partyVotes":{"LIB":21,"CPC":130,"BQ":0,"NDP":8,"GRN":0,"PPC":6,"OTH":0}}},"geometry":{"type":"Polygon","coordinates":[[[366.15,169.99],[366.17,169.98],[366.18,169.97],[366.19,169.97],[366.21,169.96],[366.22,169.96],[366.24,170.03],[366.19,170.05],[366.19,170.11],[366.18,170.11],[366.18,170.1],[366.17,170.05],[366.17,170.05],[366.16,170.05],[366.15,169.99]]]}},{"type":"Feature","id":"48037-81","properties":{"ridingCode":"48037","pollNumber":"81","pollType":"N","advancePollNumber":"613","sourceCode":"81-0","geometryPollNumbers":["81"],"code":"48037-81","resultPollNumbers":["81"],"resultStatus":"exact","result":{"electors":402,"voters":118,"totalVotes":118,"rejected":0,"turnout":29.35323383084577,"winnerId":"william-stevenson","winnerPartyId":"CPC","runnerUpId":"michael-fark","runnerUpPartyId":"LIB","margin":60.16949152542372,"top":[{"id":"william-stevenson","name":"William Stevenson","shortName":"Stevenson","partyId":"CPC","votes":90,"share":76.27118644067797},{"id":"michael-fark","name":"Michael Fark","shortName":"Fark","partyId":"LIB","votes":19,"share":16.101694915254235},{"id":"avni-soma","name":"Avni Soma","shortName":"Soma","partyId":"NDP","votes":7,"share":5.932203389830509},{"id":"vicky-bayford","name":"Vicky Bayford","shortName":"Bayford","partyId":"PPC","votes":2,"share":1.694915254237288}],"partyVotes":{"LIB":19,"CPC":90,"BQ":0,"NDP":7,"GRN":0,"PPC":2,"OTH":0}}},"geometry":{"type":"Polygon","coordinates":[[[366.08,169.83],[366.1,169.82],[366.12,169.83],[366.14,169.9],[366.14,169.9],[366.14,169.91],[366.14,169.95],[366.15,169.99],[366.16,170.05],[366.17,170.05],[366.17,170.05],[366.18,170.1],[366.18,170.11],[366.19,170.11],[366.14,170.12],[366.13,170.1],[366.12,170.08],[366.09,170.02],[366.1,169.99],[366.11,169.96],[366.12,169.94],[366.12,169.89],[366.08,169.83]]]}},{"type":"Feature","id":"48037-82","properties":{"ridingCode":"48037","pollNumber":"82","pollType":"N","advancePollNumber":"613","sourceCode":"82-0","geometryPollNumbers":["82"],"code":"48037-82","resultPollNumbers":["82"],"resultStatus":"exact","result":{"electors":372,"voters":122,"totalVotes":121,"rejected":1,"turnout":32.795698924731184,"winnerId":"william-stevenson","winnerPartyId":"CPC","runnerUpId":"michael-fark","runnerUpPartyId":"LIB","margin":70.24793388429752,"top":[{"id":"william-stevenson","name":"William Stevenson","shortName":"Stevenson","partyId":"CPC","votes":100,"share":82.64462809917356},{"id":"michael-fark","name":"Michael Fark","shortName":"Fark","partyId":"LIB","votes":15,"share":12.396694214876034},{"id":"avni-soma","name":"Avni Soma","shortName":"Soma","partyId":"NDP","votes":4,"share":3.3057851239669422},{"id":"vicky-bayford","name":"Vicky Bayford","shortName":"Bayford","partyId":"PPC","votes":2,"share":1.6528925619834711}],"partyVotes":{"LIB":15,"CPC":100,"BQ":0,"NDP":4,"GRN":0,"PPC":2,"OTH":0}}},"geometry":{"type":"Polygon","coordinates":[[[366.14,169.95],[366.15,169.95],[366.15,169.96],[366.17,169.95],[366.16,169.94],[366.18,169.93],[366.2,169.93],[366.2,169.93],[366.2,169.94],[366.2,169.94],[366.21,169.94],[366.19,169.97],[366.18,169.97],[366.17,169.98],[366.15,169.99],[366.14,169.95]]]}},{"type":"Feature","id":"48037-83","properties":{"ridingCode":"48037","pollNumber":"83","pollType":"N","advancePollNumber":"608","sourceCode":"83-0","geometryPollNumbers":["83"],"code":"48037-83","resultPollNumbers":["83"],"resultStatus":"exact","result":{"electors":368,"voters":169,"totalVotes":169,"rejected":0,"turnout":45.92391304347826,"winnerId":"william-stevenson","winnerPartyId":"CPC","runnerUpId":"michael-fark","runnerUpPartyId":"LIB","margin":79.88165680473372,"top":[{"id":"william-stevenson","name":"William Stevenson","shortName":"Stevenson","partyId":"CPC","votes":146,"share":86.3905325443787},{"id":"michael-fark","name":"Michael Fark","shortName":"Fark","partyId":"LIB","votes":11,"share":6.508875739644971},{"id":"avni-soma","name":"Avni Soma","shortName":"Soma","partyId":"NDP","votes":8,"share":4.733727810650888},{"id":"vicky-bayford","name":"Vicky Bayford","shortName":"Bayford","partyId":"PPC","votes":4,"share":2.366863905325444}],"partyVotes":{"LIB":11,"CPC":146,"BQ":0,"NDP":8,"GRN":0,"PPC":4,"OTH":0}}},"geometry":{"type":"Polygon","coordinates":[[[366.49,169.56],[366.6,169.53],[366.66,169.54],[366.7,169.52],[366.73,169.53],[366.78,169.55],[366.8,169.54],[366.83,169.62],[366.97,169.57],[367.02,169.72],[367.45,169.58],[367.5,169.73],[367.67,170.31],[366.95,170.53],[366.71,169.76],[366.7,169.75],[366.69,169.75],[366.6,169.77],[366.57,169.77],[366.53,169.62],[366.49,169.56]]]}},{"type":"Feature","id":"48037-84","properties":{"ridingCode":"48037","pollNumber":"84","pollType":"N","advancePollNumber":"613","sourceCode":"84-0","geometryPollNumbers":["84"],"code":"48037-84","resultPollNumbers":["84"],"resultStatus":"exact","result":{"electors":293,"voters":107,"totalVotes":106,"rejected":1,"turnout":36.51877133105802,"winnerId":"william-stevenson","winnerPartyId":"CPC","runnerUpId":"michael-fark","runnerUpPartyId":"LIB","margin":74.52830188679245,"top":[{"id":"william-stevenson","name":"William Stevenson","shortName":"Stevenson","partyId":"CPC","votes":88,"share":83.01886792452831},{"id":"michael-fark","name":"Michael Fark","shortName":"Fark","partyId":"LIB","votes":9,"share":8.49056603773585},{"id":"vicky-bayford","name":"Vicky Bayford","shortName":"Bayford","partyId":"PPC","votes":5,"share":4.716981132075472},{"id":"avni-soma","name":"Avni Soma","shortName":"Soma","partyId":"NDP","votes":3,"share":2.8301886792452833}],"partyVotes":{"LIB":9,"CPC":88,"BQ":0,"NDP":3,"GRN":0,"PPC":5,"OTH":1}}},"geometry":{"type":"Polygon","coordinates":[[[366.14,169.91],[366.15,169.9],[366.16,169.93],[366.18,169.92],[366.18,169.93],[366.16,169.94],[366.17,169.95],[366.15,169.96],[366.15,169.95],[366.14,169.95],[366.14,169.91]]]}},{"type":"Feature","id":"48037-85","properties":{"ridingCode":"48037","pollNumber":"85","pollType":"N","advancePollNumber":"613","sourceCode":"85-0","geometryPollNumbers":["85"],"code":"48037-85","resultPollNumbers":["85"],"resultStatus":"exact","result":{"electors":391,"voters":128,"totalVotes":128,"rejected":0,"turnout":32.73657289002558,"winnerId":"william-stevenson","winnerPartyId":"CPC","runnerUpId":"michael-fark","runnerUpPartyId":"LIB","margin":56.25,"top":[{"id":"william-stevenson","name":"William Stevenson","shortName":"Stevenson","partyId":"CPC","votes":97,"share":75.78125},{"id":"michael-fark","name":"Michael Fark","shortName":"Fark","partyId":"LIB","votes":25,"share":19.53125},{"id":"avni-soma","name":"Avni Soma","shortName":"Soma","partyId":"NDP","votes":4,"share":3.125},{"id":"vicky-bayford","name":"Vicky Bayford","shortName":"Bayford","partyId":"PPC","votes":1,"share":0.78125}],"partyVotes":{"LIB":25,"CPC":97,"BQ":0,"NDP":4,"GRN":0,"PPC":1,"OTH":1}}},"geometry":{"type":"Polygon","coordinates":[[[366.15,169.9],[366.16,169.9],[366.16,169.91],[366.17,169.9],[366.17,169.9],[366.19,169.89],[366.2,169.91],[366.21,169.91],[366.22,169.91],[366.24,169.88],[366.27,169.87],[366.29,169.94],[366.22,169.96],[366.21,169.96],[366.19,169.97],[366.21,169.94],[366.2,169.94],[366.2,169.94],[366.2,169.93],[366.2,169.93],[366.18,169.93],[366.18,169.92],[366.16,169.93],[366.15,169.9]]]}},{"type":"Feature","id":"48037-86","properties":{"ridingCode":"48037","pollNumber":"86","pollType":"N","advancePollNumber":"608","sourceCode":"86-0","geometryPollNumbers":["86"],"code":"48037-86","resultPollNumbers":["86"],"resultStatus":"exact","result":{"electors":296,"voters":108,"totalVotes":108,"rejected":0,"turnout":36.486486486486484,"winnerId":"william-stevenson","winnerPartyId":"CPC","runnerUpId":"michael-fark","runnerUpPartyId":"LIB","margin":77.77777777777779,"top":[{"id":"william-stevenson","name":"William Stevenson","shortName":"Stevenson","partyId":"CPC","votes":95,"share":87.96296296296296},{"id":"michael-fark","name":"Michael Fark","shortName":"Fark","partyId":"LIB","votes":11,"share":10.185185185185185},{"id":"vicky-bayford","name":"Vicky Bayford","shortName":"Bayford","partyId":"PPC","votes":1,"share":0.9259259259259258},{"id":"dale-heath","name":"Dale Heath","shortName":"Heath","partyId":"OTH","votes":1,"share":0.9259259259259258}],"partyVotes":{"LIB":11,"CPC":95,"BQ":0,"NDP":0,"GRN":0,"PPC":1,"OTH":1}}},"geometry":{"type":"Polygon","coordinates":[[[365.32,169.89],[365.32,169.9],[365.29,169.93],[365.27,169.93],[365.27,169.92],[365.27,169.92],[365.27,169.9],[365.27,169.88],[365.25,169.87],[365.24,169.85],[365.23,169.81],[365.24,169.77],[365.26,169.74],[365.32,169.71],[365.38,169.7],[365.42,169.68],[365.44,169.67],[365.49,169.64],[365.54,169.65],[365.57,169.66],[365.59,169.67],[365.63,169.66],[365.66,169.66],[365.7,169.63],[365.77,169.63],[365.77,169.62],[365.77,169.62],[365.78,169.62],[365.94,169.57],[365.95,169.57],[365.97,169.51],[365.99,169.49],[366.04,169.63],[366.06,169.7],[365.99,169.72],[366,169.74],[366.01,169.75],[366.04,169.79],[366.06,169.81],[366.08,169.82],[366.08,169.83],[366.12,169.89],[366.12,169.94],[366.11,169.96],[366.1,169.99],[366.09,170.02],[366.12,170.08],[366.13,170.1],[366.14,170.12],[366.14,170.13],[366.13,170.15],[366.1,170.16],[366.1,170.19],[365.95,170.18],[365.92,170.18],[365.89,170.19],[365.75,170.23],[365.62,169.84],[365.6,169.84],[365.56,169.85],[365.52,169.85],[365.45,169.88],[365.33,169.92],[365.32,169.89],[365.32,169.89]]]}},{"type":"Feature","id":"48037-87","properties":{"ridingCode":"48037","pollNumber":"87","pollType":"N","advancePollNumber":"613","sourceCode":"87-0","geometryPollNumbers":["87"],"code":"48037-87","resultPollNumbers":["87"],"resultStatus":"exact","result":{"electors":333,"voters":103,"totalVotes":103,"rejected":0,"turnout":30.930930930930934,"winnerId":"william-stevenson","winnerPartyId":"CPC","runnerUpId":"michael-fark","runnerUpPartyId":"LIB","margin":69.90291262135922,"top":[{"id":"william-stevenson","name":"William Stevenson","shortName":"Stevenson","partyId":"CPC","votes":82,"share":79.6116504854369},{"id":"michael-fark","name":"Michael Fark","shortName":"Fark","partyId":"LIB","votes":10,"share":9.70873786407767},{"id":"vicky-bayford","name":"Vicky Bayford","shortName":"Bayford","partyId":"PPC","votes":5,"share":4.854368932038835},{"id":"avni-soma","name":"Avni Soma","shortName":"Soma","partyId":"NDP","votes":4,"share":3.8834951456310676}],"partyVotes":{"LIB":10,"CPC":82,"BQ":0,"NDP":4,"GRN":0,"PPC":5,"OTH":2}}},"geometry":{"type":"Polygon","coordinates":[[[366.12,169.83],[366.13,169.83],[366.15,169.82],[366.15,169.83],[366.16,169.82],[366.16,169.83],[366.16,169.84],[366.15,169.85],[366.17,169.9],[366.17,169.9],[366.17,169.9],[366.16,169.91],[366.16,169.9],[366.15,169.9],[366.14,169.91],[366.14,169.9],[366.14,169.9],[366.14,169.9],[366.12,169.83]]]}},{"type":"Feature","id":"48037-88","properties":{"ridingCode":"48037","pollNumber":"88","pollType":"N","advancePollNumber":"614","sourceCode":"88-0","geometryPollNumbers":["88"],"code":"48037-88","resultPollNumbers":["88"],"resultStatus":"exact","result":{"electors":327,"voters":91,"totalVotes":91,"rejected":0,"turnout":27.82874617737003,"winnerId":"william-stevenson","winnerPartyId":"CPC","runnerUpId":"michael-fark","runnerUpPartyId":"LIB","margin":76.92307692307693,"top":[{"id":"william-stevenson","name":"William Stevenson","shortName":"Stevenson","partyId":"CPC","votes":77,"share":84.61538461538461},{"id":"michael-fark","name":"Michael Fark","shortName":"Fark","partyId":"LIB","votes":7,"share":7.6923076923076925},{"id":"vicky-bayford","name":"Vicky Bayford","shortName":"Bayford","partyId":"PPC","votes":3,"share":3.296703296703297},{"id":"avni-soma","name":"Avni Soma","shortName":"Soma","partyId":"NDP","votes":3,"share":3.296703296703297}],"partyVotes":{"LIB":7,"CPC":77,"BQ":0,"NDP":3,"GRN":0,"PPC":3,"OTH":1}}},"geometry":{"type":"Polygon","coordinates":[[[366.19,169.83],[366.23,169.82],[366.23,169.8],[366.24,169.8],[366.25,169.79],[366.26,169.85],[366.27,169.87],[366.24,169.88],[366.22,169.91],[366.21,169.91],[366.2,169.91],[366.19,169.89],[366.19,169.88],[366.21,169.87],[366.2,169.86],[366.2,169.86],[366.19,169.83]]]}},{"type":"Feature","id":"48037-89","properties":{"ridingCode":"48037","pollNumber":"89","pollType":"N","advancePollNumber":"613","sourceCode":"89-0","geometryPollNumbers":["89"],"code":"48037-89","resultPollNumbers":["89"],"resultStatus":"exact","result":{"electors":343,"voters":100,"totalVotes":98,"rejected":2,"turnout":29.154518950437318,"winnerId":"william-stevenson","winnerPartyId":"CPC","runnerUpId":"michael-fark","runnerUpPartyId":"LIB","margin":67.3469387755102,"top":[{"id":"william-stevenson","name":"William Stevenson","shortName":"Stevenson","partyId":"CPC","votes":79,"share":80.61224489795919},{"id":"michael-fark","name":"Michael Fark","shortName":"Fark","partyId":"LIB","votes":13,"share":13.26530612244898},{"id":"avni-soma","name":"Avni Soma","shortName":"Soma","partyId":"NDP","votes":3,"share":3.061224489795918},{"id":"vicky-bayford","name":"Vicky Bayford","shortName":"Bayford","partyId":"PPC","votes":2,"share":2.0408163265306123}],"partyVotes":{"LIB":13,"CPC":79,"BQ":0,"NDP":3,"GRN":0,"PPC":2,"OTH":1}}},"geometry":{"type":"Polygon","coordinates":[[[366.15,169.82],[366.14,169.81],[366.14,169.8],[366.16,169.8],[366.17,169.8],[366.17,169.82],[366.16,169.82],[366.16,169.82],[366.17,169.82],[366.19,169.88],[366.19,169.89],[366.17,169.9],[366.17,169.9],[366.15,169.85],[366.16,169.84],[366.16,169.83],[366.16,169.82],[366.15,169.83],[366.15,169.82]]]}},{"type":"Feature","id":"48037-90","properties":{"ridingCode":"48037","pollNumber":"90","pollType":"M","advancePollNumber":"614","sourceCode":"508-0","geometryPollNumbers":["90","508"],"code":"48037-90","resultPollNumbers":["90"],"resultStatus":"resolved-combination","result":{"electors":373,"voters":93,"totalVotes":93,"rejected":0,"turnout":24.932975871313673,"winnerId":"william-stevenson","winnerPartyId":"CPC","runnerUpId":"michael-fark","runnerUpPartyId":"LIB","margin":52.68817204301075,"top":[{"id":"william-stevenson","name":"William Stevenson","shortName":"Stevenson","partyId":"CPC","votes":66,"share":70.96774193548387},{"id":"michael-fark","name":"Michael Fark","shortName":"Fark","partyId":"LIB","votes":17,"share":18.27956989247312},{"id":"avni-soma","name":"Avni Soma","shortName":"Soma","partyId":"NDP","votes":8,"share":8.60215053763441},{"id":"dale-heath","name":"Dale Heath","shortName":"Heath","partyId":"OTH","votes":2,"share":2.1505376344086025}],"partyVotes":{"LIB":17,"CPC":66,"BQ":0,"NDP":8,"GRN":0,"PPC":0,"OTH":2}}},"geometry":{"type":"MultiPolygon","coordinates":[[[[366.21,169.81],[366.2,169.81],[366.21,169.81],[366.21,169.81]]],[[[366.17,169.82],[366.17,169.8],[366.19,169.79],[366.2,169.79],[366.2,169.79],[366.22,169.78],[366.23,169.8],[366.23,169.82],[366.19,169.83],[366.2,169.86],[366.2,169.86],[366.21,169.87],[366.19,169.88],[366.17,169.82]],[[366.2,169.81],[366.21,169.81],[366.21,169.81],[366.2,169.81]]]]}},{"type":"Feature","id":"48037-91","properties":{"ridingCode":"48037","pollNumber":"91","pollType":"N","advancePollNumber":"614","sourceCode":"91-0","geometryPollNumbers":["91"],"code":"48037-91","resultPollNumbers":["91"],"resultStatus":"exact","result":{"electors":353,"voters":88,"totalVotes":88,"rejected":0,"turnout":24.929178470254957,"winnerId":"william-stevenson","winnerPartyId":"CPC","runnerUpId":"michael-fark","runnerUpPartyId":"LIB","margin":76.13636363636364,"top":[{"id":"william-stevenson","name":"William Stevenson","shortName":"Stevenson","partyId":"CPC","votes":73,"share":82.95454545454545},{"id":"michael-fark","name":"Michael Fark","shortName":"Fark","partyId":"LIB","votes":6,"share":6.8181818181818175},{"id":"avni-soma","name":"Avni Soma","shortName":"Soma","partyId":"NDP","votes":6,"share":6.8181818181818175},{"id":"vicky-bayford","name":"Vicky Bayford","shortName":"Bayford","partyId":"PPC","votes":3,"share":3.4090909090909087}],"partyVotes":{"LIB":6,"CPC":73,"BQ":0,"NDP":6,"GRN":0,"PPC":3,"OTH":0}}},"geometry":{"type":"Polygon","coordinates":[[[366.2,169.73],[366.21,169.72],[366.21,169.7],[366.21,169.69],[366.22,169.71],[366.24,169.71],[366.24,169.7],[366.26,169.69],[366.26,169.68],[366.28,169.68],[366.29,169.7],[366.28,169.7],[366.3,169.78],[366.36,169.76],[366.37,169.76],[366.39,169.75],[366.41,169.82],[366.38,169.83],[366.27,169.87],[366.26,169.85],[366.25,169.79],[366.24,169.8],[366.24,169.76],[366.22,169.77],[366.21,169.75],[366.22,169.75],[366.22,169.73],[366.2,169.74],[366.2,169.74],[366.2,169.73]]]}},{"type":"Feature","id":"48037-92","properties":{"ridingCode":"48037","pollNumber":"92","pollType":"N","advancePollNumber":"614","sourceCode":"92-0","geometryPollNumbers":["92"],"code":"48037-92","resultPollNumbers":["92"],"resultStatus":"exact","result":{"electors":499,"voters":134,"totalVotes":134,"rejected":0,"turnout":26.853707414829657,"winnerId":"william-stevenson","winnerPartyId":"CPC","runnerUpId":"michael-fark","runnerUpPartyId":"LIB","margin":65.67164179104478,"top":[{"id":"william-stevenson","name":"William Stevenson","shortName":"Stevenson","partyId":"CPC","votes":106,"share":79.1044776119403},{"id":"michael-fark","name":"Michael Fark","shortName":"Fark","partyId":"LIB","votes":18,"share":13.432835820895523},{"id":"avni-soma","name":"Avni Soma","shortName":"Soma","partyId":"NDP","votes":5,"share":3.731343283582089},{"id":"vicky-bayford","name":"Vicky Bayford","shortName":"Bayford","partyId":"PPC","votes":3,"share":2.2388059701492535}],"partyVotes":{"LIB":18,"CPC":106,"BQ":0,"NDP":5,"GRN":0,"PPC":3,"OTH":2}}},"geometry":{"type":"Polygon","coordinates":[[[366.07,169.73],[366.08,169.73],[366.09,169.76],[366.08,169.77],[366.09,169.8],[366.1,169.81],[366.1,169.8],[366.16,169.79],[366.17,169.8],[366.16,169.8],[366.14,169.8],[366.14,169.81],[366.15,169.82],[366.13,169.83],[366.12,169.83],[366.1,169.82],[366.08,169.83],[366.08,169.82],[366.06,169.81],[366.04,169.79],[366.01,169.75],[366,169.74],[365.99,169.72],[366.06,169.7],[366.07,169.73]]]}},{"type":"Feature","id":"48037-93","properties":{"ridingCode":"48037","pollNumber":"93","pollType":"N","advancePollNumber":"614","sourceCode":"93-0","geometryPollNumbers":["93"],"code":"48037-93","resultPollNumbers":["93"],"resultStatus":"exact","result":{"electors":426,"voters":109,"totalVotes":106,"rejected":3,"turnout":25.586854460093893,"winnerId":"william-stevenson","winnerPartyId":"CPC","runnerUpId":"michael-fark","runnerUpPartyId":"LIB","margin":75.47169811320755,"top":[{"id":"william-stevenson","name":"William Stevenson","shortName":"Stevenson","partyId":"CPC","votes":90,"share":84.90566037735849},{"id":"michael-fark","name":"Michael Fark","shortName":"Fark","partyId":"LIB","votes":10,"share":9.433962264150944},{"id":"avni-soma","name":"Avni Soma","shortName":"Soma","partyId":"NDP","votes":3,"share":2.8301886792452833},{"id":"vicky-bayford","name":"Vicky Bayford","shortName":"Bayford","partyId":"PPC","votes":2,"share":1.8867924528301887}],"partyVotes":{"LIB":10,"CPC":90,"BQ":0,"NDP":3,"GRN":0,"PPC":2,"OTH":1}}},"geometry":{"type":"Polygon","coordinates":[[[366.16,169.79],[366.16,169.78],[366.18,169.76],[366.2,169.74],[366.2,169.74],[366.22,169.73],[366.22,169.75],[366.21,169.75],[366.22,169.77],[366.24,169.76],[366.24,169.8],[366.23,169.8],[366.22,169.78],[366.2,169.79],[366.19,169.79],[366.17,169.8],[366.16,169.79]]]}},{"type":"Feature","id":"48037-94A","properties":{"ridingCode":"48037","pollNumber":"94A","pollType":"N","advancePollNumber":"614","sourceCode":"94-0","geometryPollNumbers":["94"],"code":"48037-94A","resultPollNumbers":["94A"],"resultStatus":"resolved-combination","result":{"electors":471,"voters":164,"totalVotes":163,"rejected":1,"turnout":34.81953290870488,"winnerId":"william-stevenson","winnerPartyId":"CPC","runnerUpId":"michael-fark","runnerUpPartyId":"LIB","margin":73.61963190184049,"top":[{"id":"william-stevenson","name":"William Stevenson","shortName":"Stevenson","partyId":"CPC","votes":136,"share":83.43558282208589},{"id":"michael-fark","name":"Michael Fark","shortName":"Fark","partyId":"LIB","votes":16,"share":9.815950920245399},{"id":"avni-soma","name":"Avni Soma","shortName":"Soma","partyId":"NDP","votes":9,"share":5.521472392638037},{"id":"dale-heath","name":"Dale Heath","shortName":"Heath","partyId":"OTH","votes":2,"share":1.2269938650306749}],"partyVotes":{"LIB":16,"CPC":136,"BQ":0,"NDP":9,"GRN":0,"PPC":0,"OTH":2}}},"geometry":{"type":"Polygon","coordinates":[[[366.07,169.73],[366.07,169.71],[366.12,169.7],[366.14,169.76],[366.09,169.77],[366.08,169.77],[366.09,169.76],[366.08,169.73],[366.07,169.73]]]}},{"type":"Feature","id":"48037-95","properties":{"ridingCode":"48037","pollNumber":"95","pollType":"N","advancePollNumber":"614","sourceCode":"95-0","geometryPollNumbers":["95"],"code":"48037-95","resultPollNumbers":["95"],"resultStatus":"exact","result":{"electors":313,"voters":82,"totalVotes":82,"rejected":0,"turnout":26.198083067092654,"winnerId":"william-stevenson","winnerPartyId":"CPC","runnerUpId":"avni-soma","runnerUpPartyId":"NDP","margin":90.2439024390244,"top":[{"id":"william-stevenson","name":"William Stevenson","shortName":"Stevenson","partyId":"CPC","votes":77,"share":93.90243902439023},{"id":"avni-soma","name":"Avni Soma","shortName":"Soma","partyId":"NDP","votes":3,"share":3.6585365853658534},{"id":"vicky-bayford","name":"Vicky Bayford","shortName":"Bayford","partyId":"PPC","votes":1,"share":1.2195121951219512},{"id":"michael-fark","name":"Michael Fark","shortName":"Fark","partyId":"LIB","votes":1,"share":1.2195121951219512}],"partyVotes":{"LIB":1,"CPC":77,"BQ":0,"NDP":3,"GRN":0,"PPC":1,"OTH":0}}},"geometry":{"type":"Polygon","coordinates":[[[366.04,169.63],[366.05,169.63],[366.05,169.62],[366.11,169.6],[366.13,169.67],[366.2,169.65],[366.18,169.58],[366.24,169.56],[366.23,169.48],[366.24,169.48],[366.24,169.52],[366.26,169.59],[366.27,169.63],[366.35,169.6],[366.38,169.68],[366.41,169.67],[366.48,169.73],[366.39,169.75],[366.37,169.76],[366.36,169.76],[366.3,169.78],[366.28,169.7],[366.29,169.7],[366.28,169.68],[366.26,169.68],[366.26,169.69],[366.24,169.7],[366.24,169.71],[366.22,169.71],[366.21,169.69],[366.21,169.7],[366.21,169.72],[366.2,169.73],[366.2,169.74],[366.18,169.76],[366.16,169.78],[366.16,169.79],[366.1,169.8],[366.1,169.81],[366.09,169.8],[366.08,169.77],[366.09,169.77],[366.14,169.76],[366.12,169.7],[366.07,169.71],[366.07,169.73],[366.06,169.7],[366.04,169.63]]]}},{"type":"Feature","id":"48037-96","properties":{"ridingCode":"48037","pollNumber":"96","pollType":"N","advancePollNumber":"615","sourceCode":"96-0","geometryPollNumbers":["96"],"code":"48037-96","resultPollNumbers":["96"],"resultStatus":"exact","result":{"electors":346,"voters":144,"totalVotes":143,"rejected":1,"turnout":41.61849710982659,"winnerId":"william-stevenson","winnerPartyId":"CPC","runnerUpId":"avni-soma","runnerUpPartyId":"NDP","margin":78.32167832167832,"top":[{"id":"william-stevenson","name":"William Stevenson","shortName":"Stevenson","partyId":"CPC","votes":121,"share":84.61538461538461},{"id":"avni-soma","name":"Avni Soma","shortName":"Soma","partyId":"NDP","votes":9,"share":6.293706293706294},{"id":"michael-fark","name":"Michael Fark","shortName":"Fark","partyId":"LIB","votes":8,"share":5.594405594405594},{"id":"vicky-bayford","name":"Vicky Bayford","shortName":"Bayford","partyId":"PPC","votes":5,"share":3.4965034965034967}],"partyVotes":{"LIB":8,"CPC":121,"BQ":0,"NDP":9,"GRN":0,"PPC":5,"OTH":0}}},"geometry":{"type":"Polygon","coordinates":[[[366.36,169.13],[366.4,169.11],[366.83,168.98],[367.23,168.86],[367.45,169.58],[367.02,169.72],[366.97,169.57],[366.83,169.62],[366.8,169.54],[366.78,169.55],[366.73,169.53],[366.7,169.52],[366.66,169.54],[366.6,169.53],[366.49,169.56],[366.36,169.13]]]}},{"type":"Feature","id":"48037-97","properties":{"ridingCode":"48037","pollNumber":"97","pollType":"N","advancePollNumber":"615","sourceCode":"97-0","geometryPollNumbers":["97"],"code":"48037-97","resultPollNumbers":["97"],"resultStatus":"exact","result":{"electors":386,"voters":134,"totalVotes":134,"rejected":0,"turnout":34.715025906735754,"winnerId":"william-stevenson","winnerPartyId":"CPC","runnerUpId":"michael-fark","runnerUpPartyId":"LIB","margin":84.32835820895522,"top":[{"id":"william-stevenson","name":"William Stevenson","shortName":"Stevenson","partyId":"CPC","votes":119,"share":88.80597014925374},{"id":"michael-fark","name":"Michael Fark","shortName":"Fark","partyId":"LIB","votes":6,"share":4.477611940298507},{"id":"vicky-bayford","name":"Vicky Bayford","shortName":"Bayford","partyId":"PPC","votes":5,"share":3.731343283582089},{"id":"avni-soma","name":"Avni Soma","shortName":"Soma","partyId":"NDP","votes":4,"share":2.9850746268656714}],"partyVotes":{"LIB":6,"CPC":119,"BQ":0,"NDP":4,"GRN":0,"PPC":5,"OTH":0}}},"geometry":{"type":"Polygon","coordinates":[[[365.96,169.23],[365.7,168.38],[366.14,168.25],[366.4,169.11],[366.36,169.13],[366.49,169.56],[366.53,169.62],[366.57,169.77],[366.41,169.82],[366.39,169.75],[366.48,169.73],[366.41,169.67],[366.38,169.68],[366.35,169.6],[366.27,169.63],[366.26,169.59],[366.24,169.52],[366.24,169.48],[366.23,169.48],[366.24,169.56],[366.18,169.58],[366.2,169.65],[366.13,169.67],[366.11,169.6],[366.05,169.62],[366.05,169.63],[366.04,169.63],[365.99,169.49],[365.94,169.33],[365.93,169.27],[365.93,169.27],[365.93,169.26],[365.96,169.25],[365.96,169.24],[365.96,169.23]]]}},{"type":"Feature","id":"48037-98","properties":{"ridingCode":"48037","pollNumber":"98","pollType":"N","advancePollNumber":"615","sourceCode":"98-0","geometryPollNumbers":["98"],"code":"48037-98","resultPollNumbers":["98"],"resultStatus":"exact","result":{"electors":376,"voters":138,"totalVotes":138,"rejected":0,"turnout":36.702127659574465,"winnerId":"william-stevenson","winnerPartyId":"CPC","runnerUpId":"michael-fark","runnerUpPartyId":"LIB","margin":86.95652173913044,"top":[{"id":"william-stevenson","name":"William Stevenson","shortName":"Stevenson","partyId":"CPC","votes":128,"share":92.7536231884058},{"id":"michael-fark","name":"Michael Fark","shortName":"Fark","partyId":"LIB","votes":8,"share":5.797101449275362},{"id":"dale-heath","name":"Dale Heath","shortName":"Heath","partyId":"OTH","votes":1,"share":0.7246376811594203},{"id":"avni-soma","name":"Avni Soma","shortName":"Soma","partyId":"NDP","votes":1,"share":0.7246376811594203}],"partyVotes":{"LIB":8,"CPC":128,"BQ":0,"NDP":1,"GRN":0,"PPC":0,"OTH":1}}},"geometry":{"type":"Polygon","coordinates":[[[365.48,168.45],[365.53,168.43],[365.54,168.43],[365.7,168.38],[365.96,169.23],[365.96,169.24],[365.96,169.25],[365.93,169.26],[365.93,169.27],[365.93,169.27],[365.94,169.33],[365.91,169.34],[365.91,169.34],[365.66,169.42],[365.64,169.42],[365.63,169.41],[365.6,169.38],[365.59,169.36],[365.53,169.38],[365.49,169.24],[365.49,169.24],[365.49,169.23],[365.45,169.06],[365.34,168.71],[365.27,168.51],[365.3,168.5],[365.33,168.49],[365.41,168.47],[365.48,168.45]]]}},{"type":"Feature","id":"48037-99","properties":{"ridingCode":"48037","pollNumber":"99","pollType":"N","advancePollNumber":"615","sourceCode":"99-0","geometryPollNumbers":["99"],"code":"48037-99","resultPollNumbers":["99"],"resultStatus":"exact","result":{"electors":353,"voters":200,"totalVotes":199,"rejected":1,"turnout":56.657223796033996,"winnerId":"william-stevenson","winnerPartyId":"CPC","runnerUpId":"michael-fark","runnerUpPartyId":"LIB","margin":77.38693467336684,"top":[{"id":"william-stevenson","name":"William Stevenson","shortName":"Stevenson","partyId":"CPC","votes":173,"share":86.93467336683418},{"id":"michael-fark","name":"Michael Fark","shortName":"Fark","partyId":"LIB","votes":19,"share":9.547738693467336},{"id":"avni-soma","name":"Avni Soma","shortName":"Soma","partyId":"NDP","votes":5,"share":2.512562814070352},{"id":"vicky-bayford","name":"Vicky Bayford","shortName":"Bayford","partyId":"PPC","votes":2,"share":1.0050251256281406}],"partyVotes":{"LIB":19,"CPC":173,"BQ":0,"NDP":5,"GRN":0,"PPC":2,"OTH":0}}},"geometry":{"type":"Polygon","coordinates":[[[364.48,168.76],[364.5,168.75],[364.54,168.73],[364.9,168.62],[364.93,168.61],[365.27,168.51],[365.34,168.71],[365.45,169.06],[365.49,169.23],[365.49,169.24],[365.49,169.24],[365.53,169.38],[365.59,169.36],[365.6,169.38],[365.63,169.41],[365.64,169.42],[365.66,169.42],[365.91,169.34],[365.91,169.34],[365.94,169.33],[365.99,169.49],[365.97,169.51],[365.95,169.57],[365.94,169.57],[365.78,169.62],[365.77,169.62],[365.77,169.62],[365.77,169.63],[365.7,169.63],[365.66,169.66],[365.63,169.66],[365.59,169.67],[365.57,169.66],[365.54,169.65],[365.49,169.64],[365.44,169.67],[365.42,169.68],[365.38,169.7],[365.32,169.71],[365.26,169.74],[365.24,169.77],[365.23,169.81],[365.24,169.85],[365.25,169.87],[365.27,169.88],[365.27,169.9],[365.27,169.92],[365.27,169.92],[365.26,169.93],[365.24,169.95],[365.21,169.97],[365.19,169.97],[365.11,169.94],[365.07,169.95],[365.05,169.97],[365.06,170.05],[365.05,170.12],[365.04,170.14],[365.02,170.16],[365,170.16],[364.94,170.15],[364.89,170.15],[364.85,170.23],[364.82,170.26],[364.8,170.27],[364.75,170.1],[364.66,169.8],[364.61,169.66],[364.66,169.65],[364.58,169.42],[364.57,169.36],[364.39,168.79],[364.48,168.76]]]}},{"type":"Feature","id":"48037-100","properties":{"ridingCode":"48037","pollNumber":"100","pollType":"N","advancePollNumber":"616","sourceCode":"100-0","geometryPollNumbers":["100"],"code":"48037-100","resultPollNumbers":["100"],"resultStatus":"exact","result":{"electors":257,"voters":101,"totalVotes":101,"rejected":0,"turnout":39.29961089494164,"winnerId":"william-stevenson","winnerPartyId":"CPC","runnerUpId":"michael-fark","runnerUpPartyId":"LIB","margin":88.11881188118812,"top":[{"id":"william-stevenson","name":"William Stevenson","shortName":"Stevenson","partyId":"CPC","votes":93,"share":92.07920792079209},{"id":"michael-fark","name":"Michael Fark","shortName":"Fark","partyId":"LIB","votes":4,"share":3.9603960396039604},{"id":"avni-soma","name":"Avni Soma","shortName":"Soma","partyId":"NDP","votes":4,"share":3.9603960396039604},{"id":"vicky-bayford","name":"Vicky Bayford","shortName":"Bayford","partyId":"PPC","votes":0,"share":0}],"partyVotes":{"LIB":4,"CPC":93,"BQ":0,"NDP":4,"GRN":0,"PPC":0,"OTH":0}}},"geometry":{"type":"Polygon","coordinates":[[[363.6,169.28],[363.59,169.27],[363.53,169.09],[363.53,169.06],[363.51,169.05],[363.51,169.04],[363.52,169.02],[363.51,169],[363.54,168.99],[363.51,168.86],[363.29,168.21],[365.01,167.65],[365.01,167.63],[365.29,167.54],[365.4,167.51],[365.87,167.38],[365.96,167.67],[365.81,167.71],[365.9,168],[366.05,167.96],[366.14,168.25],[365.7,168.38],[365.54,168.43],[365.53,168.43],[365.48,168.45],[365.41,168.47],[365.33,168.49],[365.3,168.5],[365.27,168.51],[364.93,168.61],[364.9,168.62],[364.54,168.73],[364.5,168.75],[364.48,168.76],[364.39,168.79],[364.57,169.36],[364.58,169.42],[364.66,169.65],[364.61,169.66],[364.66,169.8],[364.75,170.1],[364.8,170.27],[364.78,170.28],[364.74,170.35],[364.72,170.37],[364.69,170.36],[364.66,170.4],[364.63,170.42],[364.61,170.44],[364.59,170.48],[364.55,170.49],[364.52,170.54],[364.49,170.6],[364.49,170.63],[364.48,170.66],[364.45,170.72],[364.43,170.73],[364.4,170.73],[364.36,170.72],[364.34,170.73],[364.32,170.75],[364.31,170.8],[364.29,170.82],[364.27,170.83],[364.25,170.82],[364.25,170.76],[364.23,170.73],[364.13,170.72],[364.11,170.69],[364.08,170.64],[364.06,170.62],[364.04,170.62],[363.97,170.67],[363.86,170.35],[363.86,170.34],[363.86,170.33],[363.74,169.93],[363.75,169.93],[363.79,169.92],[363.69,169.58],[363.61,169.31],[363.61,169.3],[363.6,169.28],[363.6,169.28]]]}},{"type":"Feature","id":"48037-101","properties":{"ridingCode":"48037","pollNumber":"101","pollType":"N","advancePollNumber":"615","sourceCode":"101-0","geometryPollNumbers":["101"],"code":"48037-101","resultPollNumbers":["101"],"resultStatus":"exact","result":{"electors":231,"voters":109,"totalVotes":108,"rejected":1,"turnout":47.18614718614719,"winnerId":"william-stevenson","winnerPartyId":"CPC","runnerUpId":"michael-fark","runnerUpPartyId":"LIB","margin":80.55555555555556,"top":[{"id":"william-stevenson","name":"William Stevenson","shortName":"Stevenson","partyId":"CPC","votes":93,"share":86.11111111111111},{"id":"michael-fark","name":"Michael Fark","shortName":"Fark","partyId":"LIB","votes":6,"share":5.555555555555555},{"id":"vicky-bayford","name":"Vicky Bayford","shortName":"Bayford","partyId":"PPC","votes":5,"share":4.62962962962963},{"id":"avni-soma","name":"Avni Soma","shortName":"Soma","partyId":"NDP","votes":3,"share":2.7777777777777777}],"partyVotes":{"LIB":6,"CPC":93,"BQ":0,"NDP":3,"GRN":0,"PPC":5,"OTH":1}}},"geometry":{"type":"Polygon","coordinates":[[[366.14,168.25],[366.28,168.2],[366.35,168.18],[366.43,168.16],[366.57,168.11],[366.83,168.98],[366.4,169.11],[366.14,168.25]]]}},{"type":"Feature","id":"48037-102","properties":{"ridingCode":"48037","pollNumber":"102","pollType":"N","advancePollNumber":"615","sourceCode":"102-0","geometryPollNumbers":["102"],"code":"48037-102","resultPollNumbers":["102"],"resultStatus":"exact","result":{"electors":273,"voters":120,"totalVotes":120,"rejected":0,"turnout":43.956043956043956,"winnerId":"william-stevenson","winnerPartyId":"CPC","runnerUpId":"michael-fark","runnerUpPartyId":"LIB","margin":82.5,"top":[{"id":"william-stevenson","name":"William Stevenson","shortName":"Stevenson","partyId":"CPC","votes":105,"share":87.5},{"id":"michael-fark","name":"Michael Fark","shortName":"Fark","partyId":"LIB","votes":6,"share":5},{"id":"vicky-bayford","name":"Vicky Bayford","shortName":"Bayford","partyId":"PPC","votes":4,"share":3.3333333333333335},{"id":"dale-heath","name":"Dale Heath","shortName":"Heath","partyId":"OTH","votes":3,"share":2.5}],"partyVotes":{"LIB":6,"CPC":105,"BQ":0,"NDP":2,"GRN":0,"PPC":4,"OTH":3}}},"geometry":{"type":"Polygon","coordinates":[[[366.83,168.98],[366.57,168.11],[367,167.98],[367.44,167.85],[367.7,168.72],[367.52,168.77],[367.23,168.86],[366.83,168.98]]]}},{"type":"Feature","id":"48037-103","properties":{"ridingCode":"48037","pollNumber":"103","pollType":"N","advancePollNumber":"615","sourceCode":"103-0","geometryPollNumbers":["103"],"code":"48037-103","resultPollNumbers":["103"],"resultStatus":"exact","result":{"electors":330,"voters":167,"totalVotes":166,"rejected":1,"turnout":50.60606060606061,"winnerId":"william-stevenson","winnerPartyId":"CPC","runnerUpId":"vicky-bayford","runnerUpPartyId":"PPC","margin":88.55421686746988,"top":[{"id":"william-stevenson","name":"William Stevenson","shortName":"Stevenson","partyId":"CPC","votes":152,"share":91.56626506024097},{"id":"vicky-bayford","name":"Vicky Bayford","shortName":"Bayford","partyId":"PPC","votes":5,"share":3.0120481927710845},{"id":"michael-fark","name":"Michael Fark","shortName":"Fark","partyId":"LIB","votes":5,"share":3.0120481927710845},{"id":"avni-soma","name":"Avni Soma","shortName":"Soma","partyId":"NDP","votes":4,"share":2.4096385542168677}],"partyVotes":{"LIB":5,"CPC":152,"BQ":0,"NDP":4,"GRN":0,"PPC":5,"OTH":0}}},"geometry":{"type":"Polygon","coordinates":[[[368.3,169.25],[368.11,168.6],[368.83,168.38],[368.92,168.67],[369.01,168.96],[368.92,168.98],[368.91,168.99],[368.86,169],[368.88,169.05],[368.88,169.07],[368.93,169.22],[368.86,169.24],[368.88,169.31],[368.79,169.34],[368.71,169.36],[368.37,169.47],[368.3,169.25]]]}},{"type":"Feature","id":"48037-104","properties":{"ridingCode":"48037","pollNumber":"104","pollType":"N","advancePollNumber":"615","sourceCode":"104-0","geometryPollNumbers":["104"],"code":"48037-104","resultPollNumbers":["104"],"resultStatus":"exact","result":{"electors":390,"voters":230,"totalVotes":229,"rejected":1,"turnout":58.97435897435898,"winnerId":"william-stevenson","winnerPartyId":"CPC","runnerUpId":"michael-fark","runnerUpPartyId":"LIB","margin":80.34934497816593,"top":[{"id":"william-stevenson","name":"William Stevenson","shortName":"Stevenson","partyId":"CPC","votes":198,"share":86.46288209606988},{"id":"michael-fark","name":"Michael Fark","shortName":"Fark","partyId":"LIB","votes":14,"share":6.11353711790393},{"id":"vicky-bayford","name":"Vicky Bayford","shortName":"Bayford","partyId":"PPC","votes":11,"share":4.8034934497816595},{"id":"dale-heath","name":"Dale Heath","shortName":"Heath","partyId":"OTH","votes":4,"share":1.7467248908296942}],"partyVotes":{"LIB":14,"CPC":198,"BQ":0,"NDP":2,"GRN":0,"PPC":11,"OTH":4}}},"geometry":{"type":"Polygon","coordinates":[[[367.44,167.85],[367.73,167.76],[367.74,167.76],[367.76,167.74],[367.77,167.73],[367.78,167.73],[367.8,167.74],[367.81,167.74],[368.74,167.46],[368.83,167.75],[368.87,167.89],[368.8,167.92],[368.86,168.11],[368.93,168.35],[368.83,168.38],[368.11,168.6],[367.7,168.72],[367.44,167.85]]]}},{"type":"Feature","id":"48037-105","properties":{"ridingCode":"48037","pollNumber":"105","pollType":"N","advancePollNumber":"616","sourceCode":"105-0","geometryPollNumbers":["105"],"code":"48037-105","resultPollNumbers":["105"],"resultStatus":"exact","result":{"electors":377,"voters":167,"totalVotes":166,"rejected":1,"turnout":44.297082228116714,"winnerId":"william-stevenson","winnerPartyId":"CPC","runnerUpId":"michael-fark","runnerUpPartyId":"LIB","margin":77.71084337349397,"top":[{"id":"william-stevenson","name":"William Stevenson","shortName":"Stevenson","partyId":"CPC","votes":146,"share":87.95180722891565},{"id":"michael-fark","name":"Michael Fark","shortName":"Fark","partyId":"LIB","votes":17,"share":10.240963855421686},{"id":"vicky-bayford","name":"Vicky Bayford","shortName":"Bayford","partyId":"PPC","votes":2,"share":1.2048192771084338},{"id":"avni-soma","name":"Avni Soma","shortName":"Soma","partyId":"NDP","votes":1,"share":0.6024096385542169}],"partyVotes":{"LIB":17,"CPC":146,"BQ":0,"NDP":1,"GRN":0,"PPC":2,"OTH":0}}},"geometry":{"type":"Polygon","coordinates":[[[358.27,165.98],[358.29,165.95],[358.29,165.94],[358.28,165.93],[358.25,165.9],[358.21,165.88],[358.19,165.83],[358.19,165.81],[358.17,165.8],[358.15,165.78],[358.12,165.77],[358.11,165.75],[358.12,165.7],[358.13,165.69],[358.13,165.68],[358.12,165.67],[358.14,165.64],[358.15,165.63],[358.15,165.62],[358.15,165.6],[358.15,165.55],[358.17,165.53],[358.17,165.51],[358.2,165.48],[358.22,165.47],[358.25,165.46],[358.27,165.46],[358.31,165.46],[358.33,165.45],[358.33,165.41],[358.34,165.4],[358.34,165.41],[358.39,165.36],[358.4,165.37],[358.42,165.36],[358.44,165.39],[358.48,165.39],[358.53,165.39],[358.52,165.41],[358.53,165.43],[358.55,165.45],[358.56,165.45],[358.59,165.43],[358.62,165.45],[358.63,165.45],[358.66,165.45],[358.7,165.46],[358.76,165.44],[358.78,165.44],[358.81,165.43],[358.84,165.42],[358.83,165.39],[358.83,165.35],[358.84,165.33],[358.84,165.32],[358.83,165.3],[358.83,165.29],[358.83,165.27],[358.84,165.21],[358.84,165.19],[358.85,165.18],[358.87,165.18],[358.91,165.15],[358.93,165.12],[358.98,165.11],[359.03,165.11],[359.04,165.1],[359.05,165.09],[359.04,165.08],[359.02,165.04],[359.03,165],[359.04,164.98],[359.06,164.97],[359.07,164.96],[359.1,164.95],[359.1,164.91],[359.1,164.89],[359.1,164.87],[359.1,164.85],[359.11,164.77],[359.12,164.76],[359.15,164.74],[359.31,164.62],[359.48,164.49],[359.49,164.49],[359.52,164.46],[359.5,164.42],[359.5,164.41],[359.5,164.37],[359.51,164.35],[359.53,164.34],[359.56,164.32],[359.56,164.3],[359.57,164.29],[359.62,164.2],[359.64,164.19],[359.66,164.17],[359.68,164.15],[359.68,164.13],[359.68,164.12],[359.66,164.11],[359.65,164.08],[359.65,164.07],[359.68,164.03],[359.69,164.01],[359.71,164],[359.72,163.99],[359.8,163.72],[359.86,163.53],[361.47,163.03],[361.97,162.88],[362.49,162.72],[363,162.56],[363.45,162.43],[363.54,162.76],[363.56,162.74],[363.57,162.72],[363.58,162.71],[363.6,162.72],[363.63,162.73],[363.68,162.74],[363.69,162.75],[363.7,162.77],[363.71,162.83],[363.72,162.86],[363.74,162.87],[363.75,162.88],[363.75,162.91],[363.77,162.95],[363.77,162.96],[363.78,162.98],[363.78,162.98],[363.8,162.98],[363.8,162.99],[363.82,163.03],[363.86,163.07],[363.88,163.07],[363.9,163.06],[363.91,163.05],[363.98,163.02],[363.99,163.01],[364.03,163.01],[364.04,163.01],[364.07,162.98],[364.07,162.95],[364.08,162.95],[364.08,162.94],[364.1,162.94],[364.11,162.95],[364.12,162.95],[364.13,162.93],[364.14,162.9],[364.14,162.89],[364.15,162.88],[364.17,162.87],[364.18,162.87],[364.21,162.89],[364.22,162.89],[364.24,162.89],[364.26,162.88],[364.28,162.88],[364.3,162.89],[364.31,162.91],[364.32,162.91],[364.36,162.91],[364.37,162.9],[364.38,162.89],[364.43,162.9],[364.45,162.92],[364.48,162.95],[364.51,162.95],[364.54,162.97],[364.57,162.99],[364.6,163],[364.63,163],[364.64,163.01],[364.63,163.01],[364.58,163.01],[364.58,163.02],[364.76,163.59],[364.32,163.72],[364.41,164.03],[364.27,164.07],[364.31,164.21],[364.22,164.24],[364.19,164.24],[364.17,164.25],[364.3,164.67],[364.3,164.69],[364.3,164.7],[364.35,164.84],[364.2,164.89],[364.22,164.94],[364.24,165.01],[364.24,165.02],[364.24,165.03],[364.24,165.03],[364.26,165.1],[364.51,165.9],[364.47,165.91],[364.74,166.78],[364.79,166.76],[364.79,166.76],[364.84,166.69],[364.85,166.68],[364.91,166.61],[364.93,166.57],[365.16,166.63],[365.16,166.63],[365.18,166.62],[365.19,166.61],[365.22,166.63],[365.23,166.63],[365.42,166.57],[365.43,166.57],[365.46,166.59],[365.47,166.59],[365.47,166.6],[365.53,166.77],[365.53,166.78],[365.54,166.79],[365.55,166.79],[365.6,166.81],[365.65,166.81],[365.74,166.79],[365.75,166.79],[365.76,166.79],[365.77,166.8],[365.79,166.85],[365.72,166.87],[365.87,167.38],[365.4,167.51],[365.29,167.54],[365.01,167.63],[365.01,167.65],[363.29,168.21],[363.51,168.86],[363.54,168.99],[363.51,169],[363.52,169.02],[363.51,169.04],[363.51,169.05],[363.53,169.06],[363.53,169.09],[363.59,169.27],[363.6,169.28],[363.6,169.28],[363.61,169.3],[363.61,169.31],[363.69,169.58],[363.79,169.92],[363.75,169.93],[363.73,169.88],[361.9,170.47],[361.23,170.68],[360.84,170.81],[360.82,170.8],[360.77,170.82],[360.75,170.83],[360.22,171.01],[359.37,171.28],[359.26,171.32],[358.4,171.62],[358.38,171.63],[357.66,171.88],[357.55,171.63],[357.24,171.75],[357.15,171.65],[357.06,171.43],[357.01,171.38],[356.87,171.38],[356.77,171.35],[356.67,171.31],[356.43,171.08],[356.37,170.84],[356.33,170.53],[356.33,170.41],[356.31,170.09],[356.25,170.01],[356.22,169.92],[356.22,169.84],[356.26,169.81],[356.29,169.73],[356.32,169.66],[356.31,169.64],[356.31,169.63],[356.31,169.63],[356.31,169.62],[356.29,169.6],[356.28,169.58],[356.27,169.57],[356.25,169.58],[356.22,169.57],[356.21,169.55],[356.2,169.52],[356.19,169.51],[356.18,169.51],[356.17,169.47],[356.15,169.45],[356.15,169.44],[356.16,169.41],[356.16,169.41],[356.15,169.39],[356.15,169.38],[356.14,169.36],[356.14,169.36],[356.13,169.36],[356.1,169.35],[356.07,169.34],[356.05,169.33],[356.04,169.3],[356.02,169.28],[356.01,169.26],[356.01,169.24],[356.01,169.23],[355.98,169.2],[355.95,169.18],[355.94,169.18],[355.92,169.18],[355.87,169.17],[355.85,169.15],[355.84,169.15],[355.78,169.12],[355.77,169.11],[355.77,169.09],[355.74,169.08],[355.73,169.08],[355.72,169.09],[355.7,169.09],[355.67,169.08],[355.65,169.08],[355.63,169.09],[355.62,169.08],[355.61,169.08],[355.6,169.1],[355.59,169.11],[355.58,169.11],[355.57,169.11],[355.55,169.1],[355.51,169.12],[355.5,169.12],[355.45,169.12],[355.44,169.12],[355.42,169.11],[355.4,169.11],[355.38,169.12],[355.36,169.13],[355.35,169.13],[355.34,169.16],[355.33,169.18],[355.31,169.18],[355.3,169.18],[355.3,169.18],[355.29,169.17],[355.28,169.18],[355.26,169.22],[355.25,169.24],[355.21,169.23],[355.18,169.24],[355.15,169.26],[355.13,169.28],[355.09,169.32],[355.08,169.33],[355.05,169.33],[355.02,169.33],[354.98,169.34],[354.95,169.36],[354.94,169.4],[354.92,169.42],[354.91,169.42],[354.9,169.43],[354.89,169.44],[354.87,169.44],[354.87,169.45],[354.86,169.46],[354.85,169.46],[354.83,169.46],[354.82,169.46],[354.8,169.46],[354.78,169.47],[354.77,169.47],[354.75,169.47],[354.74,169.46],[354.73,169.44],[354.71,169.42],[354.69,169.41],[354.68,169.42],[354.66,169.43],[354.64,169.44],[354.63,169.46],[354.62,169.48],[354.62,169.48],[354.61,169.48],[354.6,169.48],[354.58,169.48],[354.57,169.48],[354.56,169.47],[354.54,169.46],[354.51,169.48],[354.5,169.49],[354.48,169.49],[354.46,169.47],[354.46,169.47],[354.46,169.45],[354.45,169.44],[354.43,169.43],[354.43,169.37],[354.45,169.35],[354.46,169.34],[354.48,169.29],[354.5,169.26],[354.52,169.25],[354.56,169.25],[354.59,169.25],[354.64,169.24],[354.66,169.22],[354.68,169.2],[354.7,169.16],[354.71,169.12],[354.7,169.09],[354.7,169.05],[354.66,168.99],[354.62,168.93],[354.62,168.92],[354.61,168.88],[354.57,168.86],[354.55,168.82],[354.54,168.79],[354.51,168.72],[354.5,168.69],[354.5,168.65],[354.52,168.62],[354.55,168.6],[354.56,168.57],[354.56,168.54],[354.55,168.5],[354.55,168.44],[354.5,168.41],[354.47,168.4],[354.44,168.38],[354.44,168.35],[354.43,168.31],[354.43,168.24],[354.42,168.22],[354.4,168.2],[354.45,168.14],[354.46,168.09],[354.47,168.08],[354.49,168.1],[354.52,168.1],[354.55,168.1],[354.58,168.09],[354.58,168.08],[354.59,168.06],[354.62,168.03],[354.67,167.96],[354.71,167.92],[354.71,167.89],[354.7,167.86],[354.67,167.83],[354.65,167.83],[354.64,167.83],[354.65,167.77],[354.67,167.72],[354.7,167.69],[354.71,167.59],[354.7,167.55],[354.7,167.52],[354.7,167.48],[354.72,167.44],[354.74,167.38],[354.77,167.33],[354.82,167.31],[354.85,167.29],[354.87,167.29],[354.89,167.3],[354.93,167.31],[354.96,167.29],[354.97,167.29],[354.99,167.3],[354.99,167.31],[355,167.32],[355.03,167.31],[355.04,167.32],[355.05,167.33],[355.06,167.35],[355.09,167.41],[355.11,167.46],[355.12,167.48],[355.12,167.49],[355.17,167.44],[355.19,167.43],[355.18,167.42],[355.21,167.38],[355.27,167.35],[355.32,167.34],[355.41,167.33],[355.43,167.32],[355.52,167.27],[355.53,167.24],[355.54,167.17],[355.57,167.12],[355.62,167.04],[355.66,166.96],[355.68,166.92],[355.69,166.9],[355.69,166.87],[355.68,166.83],[355.73,166.74],[355.78,166.69],[355.8,166.68],[355.82,166.69],[355.84,166.7],[355.85,166.72],[355.86,166.73],[355.91,166.72],[355.93,166.73],[355.95,166.74],[355.98,166.73],[356.01,166.76],[356.06,166.77],[356.09,166.8],[356.1,166.82],[356.1,166.84],[356.07,166.92],[356.06,166.93],[356.07,166.95],[356.15,166.97],[356.18,166.97],[356.22,166.97],[356.25,166.95],[356.29,166.91],[356.33,166.89],[356.36,166.89],[356.38,166.9],[356.4,166.94],[356.41,166.96],[356.45,166.98],[356.47,167.01],[356.49,166.98],[356.53,166.94],[356.57,166.92],[356.6,166.92],[356.62,166.94],[356.62,166.95],[356.64,166.96],[356.66,166.99],[356.68,166.98],[356.73,166.89],[356.75,166.88],[356.77,166.88],[356.79,166.89],[356.8,166.89],[356.83,166.91],[356.86,166.93],[356.87,166.98],[356.89,167],[356.91,167.03],[356.92,167.06],[356.99,167.04],[357,167.04],[357.01,167.06],[357.01,167.08],[357.02,167.11],[357.06,167.15],[357.1,167.15],[357.12,167.16],[357.17,167.16],[357.2,167.17],[357.22,167.21],[357.23,167.24],[357.26,167.29],[357.29,167.3],[357.31,167.29],[357.34,167.27],[357.37,167.27],[357.4,167.28],[357.41,167.3],[357.44,167.29],[357.47,167.29],[357.48,167.31],[357.48,167.33],[357.46,167.36],[357.51,167.39],[357.53,167.41],[357.54,167.44],[357.61,167.44],[357.62,167.46],[357.65,167.49],[357.66,167.51],[357.69,167.52],[357.69,167.5],[357.7,167.47],[357.7,167.44],[357.72,167.42],[357.75,167.4],[357.78,167.39],[357.76,167.38],[357.75,167.36],[357.75,167.34],[357.76,167.32],[357.78,167.3],[357.79,167.28],[357.79,167.27],[357.79,167.24],[357.8,167.21],[357.81,167.2],[357.86,167.2],[357.92,167.17],[357.94,167.17],[357.96,167.18],[357.97,167.19],[357.99,167.17],[358,167.14],[358,167.12],[358,167.1],[357.99,167.09],[357.99,167.07],[357.99,167.06],[358.01,167.05],[358.01,167.03],[358,167],[358.01,166.97],[358.01,166.95],[358,166.93],[357.99,166.92],[357.99,166.9],[357.99,166.88],[358.01,166.78],[358.02,166.75],[358.06,166.57],[358.06,166.57],[358.07,166.58],[358.1,166.59],[358.11,166.61],[358.15,166.61],[358.17,166.61],[358.21,166.61],[358.24,166.6],[358.29,166.6],[358.32,166.59],[358.35,166.58],[358.38,166.58],[358.38,166.57],[358.37,166.55],[358.36,166.54],[358.36,166.53],[358.37,166.52],[358.37,166.52],[358.36,166.5],[358.36,166.49],[358.36,166.48],[358.35,166.48],[358.35,166.47],[358.34,166.46],[358.32,166.45],[358.32,166.45],[358.31,166.42],[358.31,166.41],[358.3,166.39],[358.3,166.39],[358.3,166.38],[358.29,166.37],[358.29,166.35],[358.28,166.35],[358.28,166.33],[358.27,166.33],[358.27,166.33],[358.27,166.31],[358.26,166.3],[358.25,166.3],[358.25,166.29],[358.24,166.29],[358.23,166.28],[358.23,166.23],[358.2,166.17],[358.19,166.16],[358.17,166.13],[358.18,166.11],[358.2,166.07],[358.21,166.06],[358.22,166.04],[358.23,166.04],[358.24,166.03],[358.24,166.02],[358.27,165.98]]]}},{"type":"Feature","id":"48037-107","properties":{"ridingCode":"48037","pollNumber":"107","pollType":"N","advancePollNumber":"616","sourceCode":"107-0","geometryPollNumbers":["106","107"],"code":"48037-107","resultPollNumbers":["107"],"resultStatus":"resolved-combination","result":{"electors":332,"voters":252,"totalVotes":250,"rejected":2,"turnout":75.90361445783132,"winnerId":"william-stevenson","winnerPartyId":"CPC","runnerUpId":"michael-fark","runnerUpPartyId":"LIB","margin":85.6,"top":[{"id":"william-stevenson","name":"William Stevenson","shortName":"Stevenson","partyId":"CPC","votes":227,"share":90.8},{"id":"michael-fark","name":"Michael Fark","shortName":"Fark","partyId":"LIB","votes":13,"share":5.2},{"id":"vicky-bayford","name":"Vicky Bayford","shortName":"Bayford","partyId":"PPC","votes":4,"share":1.6},{"id":"avni-soma","name":"Avni Soma","shortName":"Soma","partyId":"NDP","votes":4,"share":1.6}],"partyVotes":{"LIB":13,"CPC":227,"BQ":0,"NDP":4,"GRN":0,"PPC":4,"OTH":2}}},"geometry":{"type":"MultiPolygon","coordinates":[[[[366.6,167.16],[366.46,166.72],[366.56,166.69],[366.54,166.62],[366.88,166.52],[367.02,166.48],[367.09,166.69],[367.23,166.65],[367.29,166.84],[367.3,166.86],[367.31,166.86],[367.32,166.87],[367.42,166.89],[367.46,166.91],[367.47,166.93],[367.48,166.94],[367.73,167.76],[367.44,167.85],[367,167.98],[366.74,167.11],[366.6,167.16]]],[[[365.81,167.71],[365.96,167.67],[365.87,167.38],[366.02,167.33],[366.23,167.27],[366.26,167.26],[366.6,167.16],[366.74,167.11],[367,167.98],[366.57,168.11],[366.43,168.16],[366.35,168.18],[366.28,168.2],[366.14,168.25],[366.05,167.96],[365.9,168],[365.81,167.71]]]]}},{"type":"Feature","id":"48037-108","properties":{"ridingCode":"48037","pollNumber":"108","pollType":"N","advancePollNumber":"616","sourceCode":"108-0","geometryPollNumbers":["108"],"code":"48037-108","resultPollNumbers":["108"],"resultStatus":"exact","result":{"electors":476,"voters":179,"totalVotes":179,"rejected":0,"turnout":37.60504201680672,"winnerId":"william-stevenson","winnerPartyId":"CPC","runnerUpId":"michael-fark","runnerUpPartyId":"LIB","margin":82.68156424581005,"top":[{"id":"william-stevenson","name":"William Stevenson","shortName":"Stevenson","partyId":"CPC","votes":159,"share":88.8268156424581},{"id":"michael-fark","name":"Michael Fark","shortName":"Fark","partyId":"LIB","votes":11,"share":6.145251396648044},{"id":"vicky-bayford","name":"Vicky Bayford","shortName":"Bayford","partyId":"PPC","votes":6,"share":3.35195530726257},{"id":"avni-soma","name":"Avni Soma","shortName":"Soma","partyId":"NDP","votes":3,"share":1.675977653631285}],"partyVotes":{"LIB":11,"CPC":159,"BQ":0,"NDP":3,"GRN":0,"PPC":6,"OTH":0}}},"geometry":{"type":"Polygon","coordinates":[[[365.87,167.38],[365.72,166.87],[365.79,166.85],[366.44,166.65],[366.45,166.67],[366.46,166.66],[366.46,166.65],[366.5,166.63],[366.54,166.62],[366.56,166.69],[366.46,166.72],[366.6,167.16],[366.26,167.26],[366.23,167.27],[366.02,167.33],[365.87,167.38]]]}},{"type":"Feature","id":"48037-109","properties":{"ridingCode":"48037","pollNumber":"109","pollType":"N","advancePollNumber":"616","sourceCode":"109-0","geometryPollNumbers":["109"],"code":"48037-109","resultPollNumbers":["109"],"resultStatus":"exact","result":{"electors":446,"voters":214,"totalVotes":213,"rejected":1,"turnout":47.98206278026906,"winnerId":"william-stevenson","winnerPartyId":"CPC","runnerUpId":"michael-fark","runnerUpPartyId":"LIB","margin":79.34272300469483,"top":[{"id":"william-stevenson","name":"William Stevenson","shortName":"Stevenson","partyId":"CPC","votes":184,"share":86.3849765258216},{"id":"michael-fark","name":"Michael Fark","shortName":"Fark","partyId":"LIB","votes":15,"share":7.042253521126761},{"id":"vicky-bayford","name":"Vicky Bayford","shortName":"Bayford","partyId":"PPC","votes":9,"share":4.225352112676056},{"id":"avni-soma","name":"Avni Soma","shortName":"Soma","partyId":"NDP","votes":3,"share":1.4084507042253522}],"partyVotes":{"LIB":15,"CPC":184,"BQ":0,"NDP":3,"GRN":0,"PPC":9,"OTH":2}}},"geometry":{"type":"Polygon","coordinates":[[[366.77,166.16],[367.5,165.94],[367.54,166.09],[367.4,166.13],[367.47,166.34],[367.51,166.51],[367.53,166.58],[367.55,166.65],[367.57,166.7],[368,166.58],[368.17,166.53],[368.36,166.47],[368.44,166.44],[368.45,166.48],[368.48,166.59],[368.74,167.46],[367.81,167.74],[367.8,167.74],[367.78,167.73],[367.77,167.73],[367.76,167.74],[367.74,167.76],[367.73,167.76],[367.48,166.94],[367.47,166.93],[367.46,166.91],[367.42,166.89],[367.32,166.87],[367.31,166.86],[367.3,166.86],[367.29,166.84],[367.23,166.65],[367.09,166.69],[367.02,166.48],[366.88,166.52],[366.77,166.16]]]}},{"type":"Feature","id":"48037-110","properties":{"ridingCode":"48037","pollNumber":"110","pollType":"N","advancePollNumber":"616","sourceCode":"110-0","geometryPollNumbers":["110"],"code":"48037-110","resultPollNumbers":["110"],"resultStatus":"exact","result":{"electors":409,"voters":169,"totalVotes":169,"rejected":0,"turnout":41.32029339853301,"winnerId":"william-stevenson","winnerPartyId":"CPC","runnerUpId":"michael-fark","runnerUpPartyId":"LIB","margin":88.16568047337277,"top":[{"id":"william-stevenson","name":"William Stevenson","shortName":"Stevenson","partyId":"CPC","votes":155,"share":91.71597633136095},{"id":"michael-fark","name":"Michael Fark","shortName":"Fark","partyId":"LIB","votes":6,"share":3.5502958579881656},{"id":"vicky-bayford","name":"Vicky Bayford","shortName":"Bayford","partyId":"PPC","votes":3,"share":1.7751479289940828},{"id":"avni-soma","name":"Avni Soma","shortName":"Soma","partyId":"NDP","votes":3,"share":1.7751479289940828}],"partyVotes":{"LIB":6,"CPC":155,"BQ":0,"NDP":3,"GRN":0,"PPC":3,"OTH":2}}},"geometry":{"type":"Polygon","coordinates":[[[365.42,166.57],[365.23,166.63],[365.22,166.63],[365.19,166.61],[365.18,166.62],[365.16,166.63],[365.09,166.4],[365.09,166.38],[365.02,166.17],[365.01,166.15],[365.01,166.14],[365.02,166.14],[365.1,166.11],[365.13,166.03],[365.13,166.02],[365.14,166.02],[365.32,165.97],[365.34,165.96],[365.36,165.96],[365.38,165.96],[365.4,165.97],[365.41,165.97],[365.42,165.97],[365.43,165.95],[365.45,165.94],[365.46,165.93],[365.47,165.93],[365.48,165.92],[365.51,165.89],[365.51,165.88],[365.56,165.88],[365.6,165.88],[365.72,165.85],[365.73,165.85],[365.75,165.86],[365.85,165.93],[365.9,165.94],[365.9,165.94],[365.91,165.94],[366.04,166.38],[366.33,166.29],[366.43,166.61],[366.49,166.6],[366.5,166.63],[366.46,166.65],[366.46,166.66],[366.45,166.67],[366.44,166.65],[365.79,166.85],[365.77,166.8],[365.76,166.79],[365.75,166.79],[365.74,166.79],[365.65,166.81],[365.6,166.81],[365.55,166.79],[365.54,166.79],[365.53,166.78],[365.53,166.77],[365.47,166.6],[365.47,166.59],[365.46,166.59],[365.43,166.57],[365.42,166.57]]]}},{"type":"Feature","id":"48037-111","properties":{"ridingCode":"48037","pollNumber":"111","pollType":"N","advancePollNumber":"616","sourceCode":"111-0","geometryPollNumbers":["111"],"code":"48037-111","resultPollNumbers":["111"],"resultStatus":"exact","result":{"electors":349,"voters":156,"totalVotes":156,"rejected":0,"turnout":44.69914040114613,"winnerId":"william-stevenson","winnerPartyId":"CPC","runnerUpId":"vicky-bayford","runnerUpPartyId":"PPC","margin":75.64102564102564,"top":[{"id":"william-stevenson","name":"William Stevenson","shortName":"Stevenson","partyId":"CPC","votes":130,"share":83.33333333333334},{"id":"vicky-bayford","name":"Vicky Bayford","shortName":"Bayford","partyId":"PPC","votes":12,"share":7.6923076923076925},{"id":"michael-fark","name":"Michael Fark","shortName":"Fark","partyId":"LIB","votes":11,"share":7.051282051282051},{"id":"avni-soma","name":"Avni Soma","shortName":"Soma","partyId":"NDP","votes":2,"share":1.282051282051282}],"partyVotes":{"LIB":11,"CPC":130,"BQ":0,"NDP":2,"GRN":0,"PPC":12,"OTH":1}}},"geometry":{"type":"Polygon","coordinates":[[[364.26,165.1],[364.41,165.05],[364.55,165.01],[364.58,165.01],[364.71,164.97],[365.03,164.86],[365.06,164.88],[365.08,164.92],[365.52,164.8],[365.54,164.87],[365.61,164.85],[365.64,164.92],[365.71,164.9],[365.71,164.9],[365.73,164.97],[365.8,164.95],[365.82,165.02],[366.34,164.86],[366.33,164.83],[366.33,164.79],[366.52,164.73],[366.53,164.73],[366.59,164.93],[366.61,164.94],[366.73,164.9],[366.74,164.91],[366.8,165.09],[366.8,165.1],[366.78,165.14],[366.78,165.15],[366.8,165.2],[366.53,165.28],[366.53,165.33],[366.53,165.35],[366.53,165.37],[366.59,165.57],[366.6,165.59],[366.62,165.62],[366.63,165.64],[366.64,165.66],[366.63,165.7],[366.64,165.72],[366.77,166.16],[366.88,166.52],[366.54,166.62],[366.5,166.63],[366.49,166.6],[366.43,166.61],[366.33,166.29],[366.04,166.38],[365.91,165.94],[365.9,165.94],[365.9,165.94],[365.85,165.93],[365.75,165.86],[365.73,165.85],[365.72,165.85],[365.6,165.88],[365.56,165.88],[365.51,165.88],[365.51,165.89],[365.48,165.92],[365.47,165.93],[365.46,165.93],[365.45,165.94],[365.43,165.95],[365.42,165.97],[365.41,165.97],[365.4,165.97],[365.38,165.96],[365.36,165.96],[365.34,165.96],[365.32,165.97],[365.14,166.02],[365.13,166.02],[365.13,166.03],[365.1,166.11],[365.02,166.14],[365.01,166.14],[365.01,166.15],[365.02,166.17],[365.09,166.38],[365.09,166.4],[365.16,166.63],[365.16,166.63],[364.93,166.57],[364.91,166.61],[364.85,166.68],[364.84,166.69],[364.79,166.76],[364.79,166.76],[364.74,166.78],[364.47,165.91],[364.51,165.9],[364.26,165.1]]]}},{"type":"Feature","id":"48037-112","properties":{"ridingCode":"48037","pollNumber":"112","pollType":"N","advancePollNumber":"616","sourceCode":"112-0","geometryPollNumbers":["112"],"code":"48037-112","resultPollNumbers":["112"],"resultStatus":"exact","result":{"electors":370,"voters":134,"totalVotes":134,"rejected":0,"turnout":36.21621621621622,"winnerId":"william-stevenson","winnerPartyId":"CPC","runnerUpId":"michael-fark","runnerUpPartyId":"LIB","margin":77.61194029850746,"top":[{"id":"william-stevenson","name":"William Stevenson","shortName":"Stevenson","partyId":"CPC","votes":116,"share":86.56716417910447},{"id":"michael-fark","name":"Michael Fark","shortName":"Fark","partyId":"LIB","votes":12,"share":8.955223880597014},{"id":"vicky-bayford","name":"Vicky Bayford","shortName":"Bayford","partyId":"PPC","votes":3,"share":2.2388059701492535},{"id":"avni-soma","name":"Avni Soma","shortName":"Soma","partyId":"NDP","votes":3,"share":2.2388059701492535}],"partyVotes":{"LIB":12,"CPC":116,"BQ":0,"NDP":3,"GRN":0,"PPC":3,"OTH":0}}},"geometry":{"type":"Polygon","coordinates":[[[366.53,165.28],[366.8,165.2],[366.78,165.15],[366.78,165.14],[366.8,165.1],[366.8,165.09],[366.74,164.91],[366.73,164.9],[366.61,164.94],[366.59,164.93],[366.53,164.73],[366.97,164.59],[366.95,164.52],[366.92,164.45],[366.94,164.46],[366.96,164.46],[366.97,164.46],[366.97,164.45],[366.98,164.45],[367.01,164.48],[367.02,164.48],[367.03,164.47],[367.06,164.48],[367.06,164.48],[367.06,164.49],[367.07,164.49],[367.09,164.49],[367.11,164.48],[367.13,164.47],[367.15,164.47],[367.17,164.48],[367.17,164.49],[367.19,164.49],[367.22,164.48],[367.26,164.47],[367.26,164.47],[367.28,164.49],[367.3,164.5],[367.3,164.5],[367.31,164.5],[367.32,164.5],[367.33,164.5],[367.37,164.54],[367.39,164.57],[367.39,164.58],[367.4,164.6],[367.4,164.61],[367.42,164.62],[367.43,164.62],[367.45,164.63],[367.45,164.64],[367.44,164.65],[367.43,164.66],[367.42,164.67],[367.43,164.68],[367.44,164.69],[367.45,164.68],[367.45,164.68],[367.46,164.68],[367.55,164.97],[367.53,164.98],[367.83,166],[367.54,166.09],[367.5,165.94],[366.77,166.16],[366.64,165.72],[366.63,165.7],[366.64,165.66],[366.63,165.64],[366.62,165.62],[366.6,165.59],[366.59,165.57],[366.53,165.37],[366.53,165.35],[366.53,165.33],[366.53,165.28]]]}},{"type":"Feature","id":"48037-113","properties":{"ridingCode":"48037","pollNumber":"113","pollType":"N","advancePollNumber":"617","sourceCode":"114-0","geometryPollNumbers":["113","114"],"code":"48037-113","resultPollNumbers":["113"],"resultStatus":"resolved-combination","result":{"electors":267,"voters":331,"totalVotes":330,"rejected":1,"turnout":123.97003745318351,"winnerId":"michael-fark","winnerPartyId":"LIB","runnerUpId":"william-stevenson","runnerUpPartyId":"CPC","margin":9.090909090909092,"top":[{"id":"michael-fark","name":"Michael Fark","shortName":"Fark","partyId":"LIB","votes":162,"share":49.09090909090909},{"id":"william-stevenson","name":"William Stevenson","shortName":"Stevenson","partyId":"CPC","votes":132,"share":40},{"id":"avni-soma","name":"Avni Soma","shortName":"Soma","partyId":"NDP","votes":34,"share":10.303030303030303},{"id":"vicky-bayford","name":"Vicky Bayford","shortName":"Bayford","partyId":"PPC","votes":2,"share":0.6060606060606061}],"partyVotes":{"LIB":162,"CPC":132,"BQ":0,"NDP":34,"GRN":0,"PPC":2,"OTH":0}}},"geometry":{"type":"MultiPolygon","coordinates":[[[[354.96,163.31],[354.95,163.27],[354.92,163.27],[354.89,163.13],[354.82,163.1],[354.81,163.05],[354.82,162.97],[354.82,162.84],[354.81,162.85],[354.79,162.84],[354.75,162.83],[354.73,162.82],[354.73,162.79],[354.73,162.77],[354.67,162.73],[354.59,162.69],[354.57,162.69],[354.58,162.6],[354.58,162.53],[354.59,162.53],[354.6,162.5],[354.61,162.45],[354.63,162.43],[354.64,162.44],[354.7,162.39],[354.68,162.37],[354.68,162.32],[354.64,162.29],[354.62,162.27],[354.56,162.23],[354.58,162.21],[354.56,162.14],[354.56,162.12],[354.58,162.11],[354.57,162.1],[354.58,162.08],[354.59,162.07],[354.61,162.05],[354.58,161.96],[354.61,161.92],[354.6,161.88],[354.64,161.84],[354.66,161.82],[354.69,161.77],[354.71,161.74],[354.72,161.72],[354.77,161.72],[354.78,161.7],[354.81,161.7],[354.82,161.69],[354.81,161.67],[354.83,161.65],[354.84,161.61],[354.84,161.6],[354.84,161.58],[354.93,161.6],[354.94,161.58],[354.96,161.59],[354.99,161.61],[355.06,161.61],[355.06,161.58],[355.08,161.55],[355.08,161.54],[355.09,161.53],[355.13,161.54],[355.17,161.53],[355.2,161.53],[355.21,161.5],[355.2,161.46],[355.21,161.44],[355.22,161.41],[355.24,161.4],[355.22,161.36],[355.19,161.34],[355.15,161.3],[355.16,161.26],[355.16,161.21],[355.15,161.16],[355.18,161.17],[355.21,161.16],[355.26,161.1],[355.31,161.07],[355.32,161.04],[355.33,161.02],[355.37,161.02],[355.36,161.01],[355.38,160.98],[355.44,160.94],[355.49,160.91],[355.51,160.92],[355.56,160.9],[355.59,160.86],[355.65,160.83],[355.65,160.73],[355.68,160.61],[355.69,160.64],[355.7,160.65],[355.76,160.68],[355.78,160.7],[355.81,160.71],[355.87,160.74],[355.93,160.76],[356,160.74],[356.04,160.75],[356.07,160.74],[356.1,160.76],[356.12,160.76],[356.28,160.77],[356.29,160.77],[356.31,160.8],[356.32,160.8],[356.41,160.77],[356.48,160.73],[356.48,160.74],[356.47,160.74],[356.47,160.75],[356.47,160.75],[356.49,160.76],[356.45,160.79],[356.43,160.81],[356.31,160.99],[356.29,161.01],[356.23,161.06],[356.21,161.08],[356.19,161.11],[356.13,161.26],[356.09,161.35],[356.08,161.4],[356.04,161.49],[356.02,161.55],[355.98,161.6],[355.98,161.65],[355.97,161.67],[355.91,161.81],[355.89,161.84],[355.83,161.92],[355.82,161.97],[355.79,162.01],[355.79,162.04],[355.79,162.07],[355.79,162.09],[355.78,162.15],[355.74,162.25],[355.72,162.3],[355.67,162.43],[355.67,162.44],[355.66,162.45],[355.6,162.49],[355.59,162.51],[355.58,162.53],[355.56,162.6],[355.55,162.63],[355.53,162.63],[355.52,162.66],[355.52,162.67],[355.53,162.72],[355.53,162.75],[355.52,162.79],[355.51,162.8],[355.52,162.81],[355.53,162.81],[355.53,162.82],[355.52,162.84],[355.49,162.86],[355.49,162.87],[355.49,162.88],[355.5,162.89],[355.47,162.92],[355.47,162.93],[355.46,162.95],[355.46,162.98],[355.45,163],[355.43,163.02],[355.42,163.02],[355.42,163.03],[355.41,163.04],[355.4,163.05],[355.29,163.08],[355.27,163.08],[355.22,163.13],[355.17,163.14],[355.15,163.15],[355.15,163.16],[355.14,163.17],[355.12,163.25],[355.12,163.27],[355.09,163.32],[355.08,163.33],[355.07,163.33],[355.06,163.33],[354.99,163.31],[354.97,163.31],[354.96,163.31]]],[[[350.92,171.71],[350.93,171.68],[350.93,171.61],[350.91,171.58],[350.88,171.56],[350.86,171.55],[350.84,171.56],[350.82,171.54],[350.81,171.53],[350.82,171.5],[350.84,171.46],[350.84,171.42],[350.87,171.39],[350.89,171.37],[350.9,171.34],[350.97,171.27],[350.93,171.21],[350.99,171.1],[351.01,171.07],[351.01,171.03],[351.02,171.02],[351.04,171.02],[351.07,171.02],[351.1,171.03],[351.14,171.05],[351.16,171.02],[351.15,170.99],[351.16,170.98],[351.17,170.97],[351.18,170.94],[351.2,170.89],[351.19,170.86],[351.17,170.83],[351.12,170.8],[351.09,170.8],[351.06,170.81],[351.03,170.77],[351.03,170.75],[351.05,170.74],[351.07,170.72],[351.08,170.68],[351.08,170.64],[351.08,170.62],[351.09,170.61],[351.09,170.59],[351.14,170.54],[351.16,170.51],[351.16,170.49],[351.16,170.47],[351.17,170.45],[351.17,170.44],[351.16,170.43],[351.14,170.38],[351.15,170.37],[351.17,170.34],[351.18,170.33],[351.2,170.33],[351.24,170.28],[351.27,170.27],[351.3,170.26],[351.32,170.24],[351.38,170.21],[351.42,170.21],[351.43,170.2],[351.46,170.15],[351.48,170.14],[351.49,170.13],[351.49,170.11],[351.5,170.09],[351.53,169.98],[351.54,169.97],[351.63,169.95],[351.64,169.93],[351.63,169.91],[351.62,169.89],[351.62,169.86],[351.63,169.81],[351.61,169.78],[351.63,169.75],[351.66,169.74],[351.67,169.72],[351.68,169.68],[351.69,169.65],[351.69,169.63],[351.71,169.6],[351.76,169.47],[351.8,169.44],[351.81,169.41],[351.82,169.38],[351.84,169.35],[351.87,169.27],[351.87,169.24],[351.91,169.18],[351.92,169.14],[351.96,169.11],[351.97,169.1],[351.94,169.08],[351.93,169.06],[351.9,169.06],[351.86,169.03],[351.77,168.94],[351.76,168.9],[351.73,168.86],[351.72,168.86],[351.72,168.82],[351.72,168.8],[351.73,168.75],[351.76,168.66],[351.82,168.57],[351.85,168.55],[351.85,168.56],[351.88,168.55],[351.94,168.52],[351.97,168.52],[351.97,168.51],[351.97,168.49],[351.94,168.44],[351.9,168.43],[351.9,168.41],[351.88,168.4],[351.89,168.36],[351.88,168.35],[351.87,168.33],[351.85,168.31],[351.83,168.28],[351.84,168.25],[351.89,168.17],[351.92,168.12],[351.93,168.07],[351.93,168.03],[351.92,168.03],[351.89,168.01],[351.89,167.99],[351.88,167.97],[351.88,167.96],[351.88,167.95],[351.88,167.93],[351.87,167.91],[351.87,167.88],[351.87,167.87],[351.84,167.87],[351.83,167.85],[351.82,167.85],[351.79,167.84],[351.79,167.83],[351.78,167.82],[351.78,167.8],[351.77,167.78],[351.76,167.76],[351.75,167.76],[351.74,167.76],[351.77,167.71],[351.81,167.64],[351.8,167.6],[351.81,167.59],[351.82,167.58],[351.82,167.55],[351.84,167.52],[351.86,167.52],[351.87,167.51],[351.86,167.44],[351.85,167.43],[351.9,167.36],[351.94,167.35],[351.93,167.32],[351.93,167.31],[351.92,167.29],[351.89,167.28],[351.9,167.23],[351.92,167.22],[351.94,167.18],[351.93,167.16],[351.91,167.15],[351.93,167.11],[351.95,167.09],[351.97,167.1],[351.98,167.09],[352,167.05],[352.04,167.03],[352.09,167.01],[352.15,167],[352.15,167.01],[352.16,167.01],[352.17,167],[352.2,166.99],[352.23,166.99],[352.25,166.99],[352.27,167],[352.31,166.99],[352.33,166.95],[352.39,166.93],[352.4,166.91],[352.42,166.9],[352.43,166.9],[352.45,166.9],[352.47,166.89],[352.5,166.89],[352.52,166.91],[352.55,166.88],[352.57,166.87],[352.58,166.89],[352.59,166.92],[352.61,166.94],[352.64,166.96],[352.67,166.97],[352.68,167.01],[352.7,167.03],[352.67,167.06],[352.66,167.09],[352.62,167.19],[352.62,167.21],[352.62,167.22],[352.64,167.23],[352.66,167.22],[352.68,167.22],[352.69,167.24],[352.7,167.26],[352.73,167.28],[352.74,167.31],[352.76,167.32],[352.77,167.33],[352.78,167.34],[352.83,167.36],[352.85,167.39],[352.88,167.41],[352.9,167.4],[352.92,167.4],[352.95,167.44],[352.99,167.47],[353.03,167.48],[353.11,167.56],[353.15,167.58],[353.22,167.69],[353.27,167.73],[353.31,167.73],[353.38,167.7],[353.42,167.68],[353.43,167.66],[353.43,167.63],[353.45,167.6],[353.46,167.6],[353.49,167.61],[353.52,167.62],[353.54,167.6],[353.6,167.6],[353.62,167.62],[353.65,167.63],[353.7,167.66],[353.72,167.66],[353.73,167.64],[353.78,167.57],[353.77,167.55],[353.79,167.56],[353.82,167.54],[353.82,167.52],[353.83,167.51],[353.84,167.5],[353.81,167.46],[353.81,167.43],[353.81,167.41],[353.83,167.4],[353.83,167.4],[353.86,167.33],[353.83,167.3],[353.82,167.25],[353.8,167.24],[353.78,167.19],[353.74,167.15],[353.74,167.13],[353.74,167.11],[353.72,167.08],[353.71,167.05],[353.7,167.02],[353.72,167],[353.76,166.97],[353.77,166.94],[353.81,166.89],[353.8,166.88],[353.8,166.85],[353.78,166.81],[353.75,166.81],[353.74,166.79],[353.75,166.76],[353.78,166.71],[353.78,166.71],[353.8,166.69],[353.81,166.67],[353.85,166.64],[353.88,166.65],[353.92,166.62],[353.93,166.55],[353.96,166.52],[353.96,166.48],[353.95,166.46],[353.94,166.45],[353.94,166.41],[353.94,166.39],[353.93,166.37],[353.94,166.34],[353.94,166.32],[353.88,166.31],[353.91,166.28],[353.91,166.23],[353.87,166.22],[353.85,166.19],[353.81,166.15],[353.82,166.13],[353.82,166.09],[353.8,166.07],[353.79,166.05],[353.75,166.05],[353.74,166.03],[353.74,166],[353.8,165.88],[353.82,165.88],[353.83,165.88],[353.86,165.86],[353.84,165.8],[353.96,165.67],[353.99,165.66],[354.02,165.65],[354.04,165.57],[354.08,165.52],[354.12,165.5],[354.17,165.49],[354.21,165.47],[354.2,165.45],[354.19,165.43],[354.21,165.38],[354.24,165.34],[354.23,165.32],[354.21,165.3],[354.24,165.27],[354.29,165.22],[354.31,165.18],[354.31,165.15],[354.31,165.1],[354.3,165.07],[354.27,165.01],[354.25,165.01],[354.22,164.97],[354.22,164.9],[354.22,164.87],[354.21,164.84],[354.23,164.81],[354.22,164.79],[354.24,164.76],[354.27,164.73],[354.27,164.71],[354.34,164.65],[354.36,164.66],[354.41,164.62],[354.4,164.6],[354.4,164.6],[354.45,164.59],[354.48,164.56],[354.52,164.5],[354.54,164.47],[354.61,164.44],[354.6,164.42],[354.61,164.29],[354.61,164.27],[354.6,164.26],[354.57,164.25],[354.51,164.25],[354.51,164.21],[354.5,164.17],[354.48,164.14],[354.46,164.12],[354.46,164.05],[354.46,164.03],[354.47,163.98],[354.47,163.98],[354.47,163.9],[354.49,163.85],[354.54,163.77],[354.53,163.73],[354.55,163.67],[354.55,163.64],[354.63,163.59],[354.66,163.53],[354.76,163.48],[354.78,163.47],[354.8,163.49],[354.81,163.49],[354.84,163.45],[354.94,163.41],[354.95,163.4],[354.97,163.34],[354.96,163.31],[354.97,163.31],[354.99,163.31],[355.06,163.33],[355.07,163.33],[355.08,163.33],[355.09,163.32],[355.12,163.27],[355.12,163.25],[355.14,163.17],[355.15,163.16],[355.15,163.15],[355.17,163.14],[355.22,163.13],[355.27,163.08],[355.29,163.08],[355.4,163.05],[355.41,163.04],[355.42,163.03],[355.42,163.02],[355.43,163.02],[355.45,163],[355.46,162.98],[355.46,162.95],[355.47,162.93],[355.47,162.92],[355.5,162.89],[355.49,162.88],[355.49,162.87],[355.49,162.86],[355.52,162.84],[355.53,162.82],[355.53,162.81],[355.52,162.81],[355.51,162.8],[355.52,162.79],[355.53,162.75],[355.53,162.72],[355.52,162.67],[355.52,162.66],[355.53,162.63],[355.55,162.63],[355.56,162.6],[355.58,162.53],[355.59,162.51],[355.6,162.49],[355.66,162.45],[355.67,162.44],[355.67,162.43],[355.72,162.3],[355.74,162.25],[355.78,162.15],[355.79,162.09],[355.79,162.07],[355.79,162.04],[355.79,162.01],[355.82,161.97],[355.83,161.92],[355.89,161.84],[355.91,161.81],[355.97,161.67],[355.98,161.65],[355.98,161.6],[356.02,161.55],[356.04,161.49],[356.08,161.4],[356.09,161.35],[356.13,161.26],[356.19,161.11],[356.21,161.08],[356.23,161.06],[356.29,161.01],[356.31,160.99],[356.43,160.81],[356.45,160.79],[356.49,160.76],[356.47,160.75],[356.47,160.75],[356.47,160.74],[356.48,160.74],[356.48,160.73],[356.49,160.72],[356.55,160.73],[356.57,160.74],[356.6,160.74],[356.61,160.74],[356.65,160.66],[356.66,160.65],[356.76,160.58],[356.81,160.53],[356.91,160.46],[356.92,160.44],[356.96,160.35],[356.98,160.31],[356.99,160.29],[357.03,160.26],[357.05,160.24],[357.09,160.15],[357.1,160.13],[357.17,160.08],[357.19,160.07],[357.21,160.08],[357.25,160.05],[357.3,160],[357.31,159.99],[357.33,159.94],[357.37,159.9],[357.38,159.89],[357.45,159.67],[357.55,159.47],[357.58,159.39],[357.66,159.32],[357.68,159.3],[357.7,159.29],[357.71,159.28],[357.74,159.28],[357.75,159.28],[357.77,159.27],[357.78,159.28],[357.8,159.36],[358.53,161.67],[359.19,163.76],[359.06,163.8],[359.31,164.62],[359.15,164.74],[359.12,164.76],[359.11,164.77],[359.1,164.85],[359.1,164.87],[359.1,164.89],[359.1,164.91],[359.1,164.95],[359.07,164.96],[359.06,164.97],[359.04,164.98],[359.03,165],[359.02,165.04],[359.04,165.08],[359.05,165.09],[359.04,165.1],[359.03,165.11],[358.98,165.11],[358.93,165.12],[358.91,165.15],[358.87,165.18],[358.85,165.18],[358.84,165.19],[358.84,165.21],[358.83,165.27],[358.83,165.29],[358.83,165.3],[358.84,165.32],[358.84,165.33],[358.83,165.35],[358.83,165.39],[358.84,165.42],[358.81,165.43],[358.78,165.44],[358.76,165.44],[358.7,165.46],[358.66,165.45],[358.63,165.45],[358.62,165.45],[358.59,165.43],[358.56,165.45],[358.55,165.45],[358.53,165.43],[358.52,165.41],[358.53,165.39],[358.48,165.39],[358.44,165.39],[358.42,165.36],[358.4,165.37],[358.39,165.36],[358.34,165.41],[358.34,165.4],[358.33,165.41],[358.33,165.45],[358.31,165.46],[358.27,165.46],[358.25,165.46],[358.22,165.47],[358.2,165.48],[358.17,165.51],[358.17,165.53],[358.15,165.55],[358.15,165.6],[358.15,165.62],[358.15,165.63],[358.14,165.64],[358.12,165.67],[358.13,165.68],[358.13,165.69],[358.12,165.7],[358.11,165.75],[358.12,165.77],[358.15,165.78],[358.17,165.8],[358.19,165.81],[358.19,165.83],[358.21,165.88],[358.25,165.9],[358.28,165.93],[358.29,165.94],[358.29,165.95],[358.27,165.98],[358.24,166.02],[358.24,166.03],[358.23,166.04],[358.22,166.04],[358.21,166.06],[358.2,166.07],[358.18,166.11],[358.17,166.13],[358.19,166.16],[358.2,166.17],[358.23,166.23],[358.23,166.28],[358.24,166.29],[358.25,166.29],[358.25,166.3],[358.26,166.3],[358.27,166.31],[358.27,166.33],[358.27,166.33],[358.28,166.33],[358.28,166.35],[358.29,166.35],[358.29,166.37],[358.3,166.38],[358.3,166.39],[358.3,166.39],[358.31,166.41],[358.31,166.42],[358.32,166.45],[358.32,166.45],[358.34,166.46],[358.35,166.47],[358.35,166.48],[358.36,166.48],[358.36,166.49],[358.36,166.5],[358.37,166.52],[358.37,166.52],[358.36,166.53],[358.36,166.54],[358.37,166.55],[358.38,166.57],[358.38,166.58],[358.35,166.58],[358.32,166.59],[358.29,166.6],[358.24,166.6],[358.21,166.61],[358.17,166.61],[358.15,166.61],[358.11,166.61],[358.1,166.59],[358.07,166.58],[358.06,166.57],[358.06,166.57],[358.02,166.75],[358.01,166.78],[357.99,166.88],[357.99,166.9],[357.99,166.92],[358,166.93],[358.01,166.95],[358.01,166.97],[358,167],[358.01,167.03],[358.01,167.05],[357.99,167.06],[357.99,167.07],[357.99,167.09],[358,167.1],[358,167.12],[358,167.14],[357.99,167.17],[357.97,167.19],[357.96,167.18],[357.94,167.17],[357.92,167.17],[357.86,167.2],[357.81,167.2],[357.8,167.21],[357.79,167.24],[357.79,167.27],[357.79,167.28],[357.78,167.3],[357.76,167.32],[357.75,167.34],[357.75,167.36],[357.76,167.38],[357.78,167.39],[357.75,167.4],[357.72,167.42],[357.7,167.44],[357.7,167.47],[357.69,167.5],[357.69,167.52],[357.66,167.51],[357.65,167.49],[357.62,167.46],[357.61,167.44],[357.54,167.44],[357.53,167.41],[357.51,167.39],[357.46,167.36],[357.48,167.33],[357.48,167.31],[357.47,167.29],[357.44,167.29],[357.41,167.3],[357.4,167.28],[357.37,167.27],[357.34,167.27],[357.31,167.29],[357.29,167.3],[357.26,167.29],[357.23,167.24],[357.22,167.21],[357.2,167.17],[357.17,167.16],[357.12,167.16],[357.1,167.15],[357.06,167.15],[357.02,167.11],[357.01,167.08],[357.01,167.06],[357,167.04],[356.99,167.04],[356.92,167.06],[356.91,167.03],[356.89,167],[356.87,166.98],[356.86,166.93],[356.83,166.91],[356.8,166.89],[356.79,166.89],[356.77,166.88],[356.75,166.88],[356.73,166.89],[356.68,166.98],[356.66,166.99],[356.64,166.96],[356.62,166.95],[356.62,166.94],[356.6,166.92],[356.57,166.92],[356.53,166.94],[356.49,166.98],[356.47,167.01],[356.45,166.98],[356.41,166.96],[356.4,166.94],[356.38,166.9],[356.36,166.89],[356.33,166.89],[356.29,166.91],[356.25,166.95],[356.22,166.97],[356.18,166.97],[356.15,166.97],[356.07,166.95],[356.06,166.93],[356.07,166.92],[356.1,166.84],[356.1,166.82],[356.09,166.8],[356.06,166.77],[356.01,166.76],[355.98,166.73],[355.95,166.74],[355.93,166.73],[355.91,166.72],[355.86,166.73],[355.85,166.72],[355.84,166.7],[355.82,166.69],[355.8,166.68],[355.78,166.69],[355.73,166.74],[355.68,166.83],[355.69,166.87],[355.69,166.9],[355.68,166.92],[355.66,166.96],[355.62,167.04],[355.57,167.12],[355.54,167.17],[355.53,167.24],[355.52,167.27],[355.43,167.32],[355.41,167.33],[355.32,167.34],[355.27,167.35],[355.21,167.38],[355.18,167.42],[355.19,167.43],[355.17,167.44],[355.12,167.49],[355.12,167.48],[355.11,167.46],[355.09,167.41],[355.06,167.35],[355.05,167.33],[355.04,167.32],[355.03,167.31],[355,167.32],[354.99,167.31],[354.99,167.3],[354.97,167.29],[354.96,167.29],[354.93,167.31],[354.89,167.3],[354.87,167.29],[354.85,167.29],[354.82,167.31],[354.77,167.33],[354.74,167.38],[354.72,167.44],[354.7,167.48],[354.7,167.52],[354.7,167.55],[354.71,167.59],[354.7,167.69],[354.67,167.72],[354.65,167.77],[354.64,167.83],[354.65,167.83],[354.67,167.83],[354.7,167.86],[354.71,167.89],[354.71,167.92],[354.67,167.96],[354.62,168.03],[354.59,168.06],[354.58,168.08],[354.58,168.09],[354.55,168.1],[354.52,168.1],[354.49,168.1],[354.47,168.08],[354.46,168.09],[354.45,168.14],[354.4,168.2],[354.42,168.22],[354.43,168.24],[354.43,168.31],[354.44,168.35],[354.44,168.38],[354.47,168.4],[354.5,168.41],[354.55,168.44],[354.55,168.5],[354.56,168.54],[354.56,168.57],[354.55,168.6],[354.52,168.62],[354.5,168.65],[354.5,168.69],[354.51,168.72],[354.54,168.79],[354.55,168.82],[354.57,168.86],[354.61,168.88],[354.62,168.92],[354.62,168.93],[354.66,168.99],[354.7,169.05],[354.7,169.09],[354.71,169.12],[354.7,169.16],[354.68,169.2],[354.66,169.22],[354.64,169.24],[354.59,169.25],[354.56,169.25],[354.52,169.25],[354.5,169.26],[354.48,169.29],[354.46,169.34],[354.45,169.35],[354.43,169.37],[354.43,169.43],[354.43,169.48],[354.43,169.5],[354.42,169.52],[354.42,169.55],[354.44,169.59],[354.44,169.62],[354.44,169.67],[354.46,169.7],[354.48,169.72],[354.48,169.74],[354.46,169.76],[354.45,169.79],[354.43,169.81],[354.41,169.82],[354.4,169.84],[354.4,169.86],[354.34,169.92],[354.31,169.94],[354.31,169.96],[354.31,170],[354.32,170.03],[354.34,170.07],[354.36,170.1],[354.37,170.11],[354.37,170.12],[354.36,170.15],[354.31,170.2],[354.28,170.19],[354.17,170.19],[354.1,170.18],[354.09,170.16],[354.08,170.17],[354.07,170.19],[354.06,170.19],[354.02,170.25],[354,170.27],[354,170.29],[354.01,170.33],[354.03,170.35],[354.03,170.43],[354.02,170.44],[354,170.44],[353.98,170.44],[353.96,170.45],[353.95,170.47],[353.91,170.47],[353.88,170.49],[353.87,170.52],[353.85,170.54],[353.84,170.6],[353.82,170.64],[353.82,170.65],[353.8,170.68],[353.82,170.71],[353.84,170.73],[353.83,170.77],[353.83,170.79],[353.82,170.82],[353.79,170.83],[353.78,170.84],[353.74,170.85],[353.73,170.86],[353.72,170.88],[353.7,170.89],[353.67,170.93],[353.63,170.95],[353.62,170.97],[353.57,170.99],[353.56,171.02],[353.54,171.05],[353.51,171.07],[353.49,171.09],[353.48,171.11],[353.46,171.12],[353.45,171.17],[353.44,171.23],[353.43,171.27],[353.38,171.27],[353.34,171.28],[353.28,171.33],[353.28,171.34],[353.24,171.37],[353.23,171.38],[353.2,171.42],[353.17,171.49],[353.16,171.52],[353.1,171.53],[353.09,171.56],[353.08,171.57],[353.08,171.6],[353.08,171.67],[353.08,171.7],[353.08,171.71],[353.09,171.72],[353.11,171.77],[353.12,171.78],[353.2,171.78],[353.21,171.8],[353.22,171.82],[353.22,171.84],[353.19,171.88],[353.18,171.89],[353.16,171.92],[353.14,171.95],[353.12,171.97],[353.12,172.02],[353.13,172.03],[353.12,172.04],[353.1,172.05],[353.09,172.06],[353.06,172.08],[353.07,172.13],[353.08,172.15],[353.09,172.17],[353.09,172.2],[353.09,172.22],[353.06,172.23],[353.03,172.26],[353,172.29],[352.97,172.29],[352.86,172.25],[352.71,172.49],[352.74,172.57],[352.6,172.81],[352.5,172.81],[352.36,173.08],[352.16,173.21],[352.1,173.16],[352.34,172.63],[352.18,172.58],[352.08,172.55],[351.9,172.53],[351.83,172.35],[351.24,172.36],[351.15,172.73],[351.03,172.19],[350.92,171.71]]]]}},{"type":"Feature","id":"48037-115","properties":{"ridingCode":"48037","pollNumber":"115","pollType":"N","advancePollNumber":"621","sourceCode":"115-0","geometryPollNumbers":["115"],"code":"48037-115","resultPollNumbers":["115"],"resultStatus":"exact","result":{"electors":435,"voters":171,"totalVotes":170,"rejected":1,"turnout":39.310344827586206,"winnerId":"william-stevenson","winnerPartyId":"CPC","runnerUpId":"michael-fark","runnerUpPartyId":"LIB","margin":68.23529411764706,"top":[{"id":"william-stevenson","name":"William Stevenson","shortName":"Stevenson","partyId":"CPC","votes":136,"share":80},{"id":"michael-fark","name":"Michael Fark","shortName":"Fark","partyId":"LIB","votes":20,"share":11.76470588235294},{"id":"avni-soma","name":"Avni Soma","shortName":"Soma","partyId":"NDP","votes":7,"share":4.117647058823529},{"id":"dale-heath","name":"Dale Heath","shortName":"Heath","partyId":"OTH","votes":4,"share":2.3529411764705883}],"partyVotes":{"LIB":20,"CPC":136,"BQ":0,"NDP":7,"GRN":0,"PPC":3,"OTH":4}}},"geometry":{"type":"Polygon","coordinates":[[[364.27,164.07],[364.41,164.03],[364.73,163.93],[364.74,163.93],[364.75,163.93],[365,163.85],[365.72,163.63],[365.81,163.92],[366.07,164.79],[366.25,164.74],[366.27,164.72],[366.29,164.72],[366.32,164.71],[366.33,164.72],[366.34,164.71],[366.35,164.7],[366.95,164.52],[366.97,164.59],[366.53,164.73],[366.52,164.73],[366.33,164.79],[366.33,164.83],[366.34,164.86],[365.82,165.02],[365.8,164.95],[365.73,164.97],[365.71,164.9],[365.71,164.9],[365.64,164.92],[365.61,164.85],[365.54,164.87],[365.52,164.8],[365.08,164.92],[365.06,164.88],[365.03,164.86],[364.71,164.97],[364.58,165.01],[364.55,165.01],[364.41,165.05],[364.26,165.1],[364.24,165.03],[364.24,165.03],[364.24,165.02],[364.24,165.01],[364.22,164.94],[364.2,164.89],[364.35,164.84],[364.3,164.7],[364.3,164.69],[364.3,164.67],[364.17,164.25],[364.19,164.24],[364.22,164.24],[364.31,164.21],[364.27,164.07]]]}},{"type":"Feature","id":"48037-116","properties":{"ridingCode":"48037","pollNumber":"116","pollType":"N","advancePollNumber":"621","sourceCode":"116-0","geometryPollNumbers":["116"],"code":"48037-116","resultPollNumbers":["116"],"resultStatus":"exact","result":{"electors":672,"voters":242,"totalVotes":242,"rejected":0,"turnout":36.01190476190476,"winnerId":"william-stevenson","winnerPartyId":"CPC","runnerUpId":"michael-fark","runnerUpPartyId":"LIB","margin":77.27272727272727,"top":[{"id":"william-stevenson","name":"William Stevenson","shortName":"Stevenson","partyId":"CPC","votes":208,"share":85.9504132231405},{"id":"michael-fark","name":"Michael Fark","shortName":"Fark","partyId":"LIB","votes":21,"share":8.677685950413224},{"id":"avni-soma","name":"Avni Soma","shortName":"Soma","partyId":"NDP","votes":7,"share":2.8925619834710745},{"id":"vicky-bayford","name":"Vicky Bayford","shortName":"Bayford","partyId":"PPC","votes":6,"share":2.479338842975207}],"partyVotes":{"LIB":21,"CPC":208,"BQ":0,"NDP":7,"GRN":0,"PPC":6,"OTH":0}}},"geometry":{"type":"Polygon","coordinates":[[[366.07,164.79],[365.81,163.92],[366.1,163.83],[366.06,163.68],[366.21,163.64],[366.22,163.68],[366.22,163.7],[366.3,163.68],[366.29,163.65],[366.28,163.63],[366.3,163.63],[366.25,163.49],[366.29,163.48],[366.28,163.46],[366.45,163.41],[366.36,163.12],[366.22,163.16],[366.13,162.87],[365.98,162.92],[365.93,162.73],[365.93,162.72],[365.94,162.69],[365.95,162.67],[365.94,162.65],[365.93,162.62],[365.94,162.61],[366.33,162.5],[366.34,162.52],[366.35,162.56],[366.35,162.58],[366.36,162.59],[366.41,162.77],[366.45,162.86],[366.48,163],[366.59,163.37],[366.88,164.33],[366.88,164.34],[366.92,164.45],[366.95,164.52],[366.35,164.7],[366.34,164.71],[366.33,164.72],[366.32,164.71],[366.29,164.72],[366.27,164.72],[366.25,164.74],[366.07,164.79]]]}},{"type":"Feature","id":"48037-117","properties":{"ridingCode":"48037","pollNumber":"117","pollType":"N","advancePollNumber":"621","sourceCode":"117-0","geometryPollNumbers":["117"],"code":"48037-117","resultPollNumbers":["117"],"resultStatus":"exact","result":{"electors":241,"voters":94,"totalVotes":94,"rejected":0,"turnout":39.004149377593365,"winnerId":"william-stevenson","winnerPartyId":"CPC","runnerUpId":"michael-fark","runnerUpPartyId":"LIB","margin":61.702127659574465,"top":[{"id":"william-stevenson","name":"William Stevenson","shortName":"Stevenson","partyId":"CPC","votes":72,"share":76.59574468085107},{"id":"michael-fark","name":"Michael Fark","shortName":"Fark","partyId":"LIB","votes":14,"share":14.893617021276595},{"id":"avni-soma","name":"Avni Soma","shortName":"Soma","partyId":"NDP","votes":4,"share":4.25531914893617},{"id":"dale-heath","name":"Dale Heath","shortName":"Heath","partyId":"OTH","votes":3,"share":3.1914893617021276}],"partyVotes":{"LIB":14,"CPC":72,"BQ":0,"NDP":4,"GRN":0,"PPC":1,"OTH":3}}},"geometry":{"type":"Polygon","coordinates":[[[366.59,163.37],[366.92,163.27],[366.95,163.25],[366.97,163.23],[366.99,163.22],[367.01,163.18],[367.29,164.1],[367.45,164.63],[367.43,164.62],[367.42,164.62],[367.4,164.61],[367.4,164.6],[367.39,164.58],[367.39,164.57],[367.37,164.54],[367.33,164.5],[367.32,164.5],[367.31,164.5],[367.3,164.5],[367.3,164.5],[367.28,164.49],[367.26,164.47],[367.26,164.47],[367.22,164.48],[367.19,164.49],[367.17,164.49],[367.17,164.48],[367.15,164.47],[367.13,164.47],[367.11,164.48],[367.09,164.49],[367.07,164.49],[367.06,164.49],[367.06,164.48],[367.06,164.48],[367.03,164.47],[367.02,164.48],[367.01,164.48],[366.98,164.45],[366.97,164.45],[366.97,164.46],[366.96,164.46],[366.94,164.46],[366.92,164.45],[366.88,164.34],[366.88,164.33],[366.59,163.37]]]}},{"type":"Feature","id":"48037-118","properties":{"ridingCode":"48037","pollNumber":"118","pollType":"N","advancePollNumber":"621","sourceCode":"118-0","geometryPollNumbers":["118"],"code":"48037-118","resultPollNumbers":["118"],"resultStatus":"exact","result":{"electors":437,"voters":152,"totalVotes":152,"rejected":0,"turnout":34.78260869565217,"winnerId":"william-stevenson","winnerPartyId":"CPC","runnerUpId":"michael-fark","runnerUpPartyId":"LIB","margin":68.42105263157895,"top":[{"id":"william-stevenson","name":"William Stevenson","shortName":"Stevenson","partyId":"CPC","votes":121,"share":79.60526315789474},{"id":"michael-fark","name":"Michael Fark","shortName":"Fark","partyId":"LIB","votes":17,"share":11.18421052631579},{"id":"avni-soma","name":"Avni Soma","shortName":"Soma","partyId":"NDP","votes":10,"share":6.578947368421052},{"id":"vicky-bayford","name":"Vicky Bayford","shortName":"Bayford","partyId":"PPC","votes":3,"share":1.9736842105263157}],"partyVotes":{"LIB":17,"CPC":121,"BQ":0,"NDP":10,"GRN":0,"PPC":3,"OTH":1}}},"geometry":{"type":"Polygon","coordinates":[[[365.86,163.57],[365.86,163.56],[365.92,163.54],[365.92,163.55],[365.95,163.54],[365.94,163.54],[365.93,163.48],[365.96,163.47],[365.97,163.5],[365.99,163.5],[366,163.5],[366.01,163.54],[366.01,163.54],[366.01,163.55],[366.03,163.61],[366.11,163.57],[366.11,163.58],[366.12,163.57],[366.18,163.56],[366.19,163.59],[366.19,163.6],[366.2,163.61],[366.21,163.64],[366.06,163.68],[366.1,163.83],[365.81,163.92],[365.72,163.63],[365.87,163.59],[365.86,163.57]]]}},{"type":"Feature","id":"48037-119","properties":{"ridingCode":"48037","pollNumber":"119","pollType":"M","advancePollNumber":"621","sourceCode":"510-0","geometryPollNumbers":["119","510"],"code":"48037-119","resultPollNumbers":["119"],"resultStatus":"resolved-combination","result":{"electors":481,"voters":185,"totalVotes":185,"rejected":0,"turnout":38.46153846153847,"winnerId":"william-stevenson","winnerPartyId":"CPC","runnerUpId":"michael-fark","runnerUpPartyId":"LIB","margin":71.89189189189189,"top":[{"id":"william-stevenson","name":"William Stevenson","shortName":"Stevenson","partyId":"CPC","votes":154,"share":83.24324324324324},{"id":"michael-fark","name":"Michael Fark","shortName":"Fark","partyId":"LIB","votes":21,"share":11.351351351351353},{"id":"avni-soma","name":"Avni Soma","shortName":"Soma","partyId":"NDP","votes":9,"share":4.864864864864865},{"id":"dale-heath","name":"Dale Heath","shortName":"Heath","partyId":"OTH","votes":1,"share":0.5405405405405406}],"partyVotes":{"LIB":21,"CPC":154,"BQ":0,"NDP":9,"GRN":0,"PPC":0,"OTH":1}}},"geometry":{"type":"MultiPolygon","coordinates":[[[[366.21,163.62],[366.21,163.61],[366.21,163.61],[366.21,163.62]]],[[[366.19,163.6],[366.2,163.6],[366.21,163.6],[366.22,163.6],[366.23,163.62],[366.21,163.63],[366.21,163.64],[366.22,163.64],[366.22,163.64],[366.24,163.64],[366.27,163.67],[366.25,163.68],[366.25,163.68],[366.23,163.68],[366.22,163.68],[366.21,163.64],[366.2,163.61],[366.19,163.6]],[[366.21,163.61],[366.21,163.62],[366.21,163.61],[366.21,163.61]]]]}},{"type":"Feature","id":"48037-120","properties":{"ridingCode":"48037","pollNumber":"120","pollType":"N","advancePollNumber":"621","sourceCode":"120-0","geometryPollNumbers":["120"],"code":"48037-120","resultPollNumbers":["120"],"resultStatus":"exact","result":{"electors":480,"voters":150,"totalVotes":149,"rejected":1,"turnout":31.25,"winnerId":"william-stevenson","winnerPartyId":"CPC","runnerUpId":"michael-fark","runnerUpPartyId":"LIB","margin":47.651006711409394,"top":[{"id":"william-stevenson","name":"William Stevenson","shortName":"Stevenson","partyId":"CPC","votes":104,"share":69.79865771812081},{"id":"michael-fark","name":"Michael Fark","shortName":"Fark","partyId":"LIB","votes":33,"share":22.14765100671141},{"id":"vicky-bayford","name":"Vicky Bayford","shortName":"Bayford","partyId":"PPC","votes":6,"share":4.026845637583892},{"id":"avni-soma","name":"Avni Soma","shortName":"Soma","partyId":"NDP","votes":6,"share":4.026845637583892}],"partyVotes":{"LIB":33,"CPC":104,"BQ":0,"NDP":6,"GRN":0,"PPC":6,"OTH":0}}},"geometry":{"type":"Polygon","coordinates":[[[366.18,163.56],[366.17,163.54],[366.17,163.53],[366.17,163.53],[366.19,163.52],[366.24,163.52],[366.25,163.51],[366.25,163.5],[366.25,163.49],[366.25,163.49],[366.27,163.48],[366.27,163.47],[366.28,163.47],[366.27,163.46],[366.28,163.46],[366.29,163.48],[366.25,163.49],[366.3,163.63],[366.28,163.63],[366.29,163.65],[366.3,163.68],[366.22,163.7],[366.22,163.68],[366.23,163.68],[366.25,163.68],[366.25,163.68],[366.27,163.67],[366.24,163.64],[366.22,163.64],[366.22,163.64],[366.21,163.64],[366.21,163.63],[366.23,163.62],[366.22,163.6],[366.21,163.6],[366.2,163.6],[366.19,163.6],[366.19,163.59],[366.18,163.56]]]}},{"type":"Feature","id":"48037-121","properties":{"ridingCode":"48037","pollNumber":"121","pollType":"N","advancePollNumber":"621","sourceCode":"121-0","geometryPollNumbers":["121"],"code":"48037-121","resultPollNumbers":["121"],"resultStatus":"exact","result":{"electors":393,"voters":108,"totalVotes":108,"rejected":0,"turnout":27.480916030534353,"winnerId":"william-stevenson","winnerPartyId":"CPC","runnerUpId":"michael-fark","runnerUpPartyId":"LIB","margin":77.77777777777779,"top":[{"id":"william-stevenson","name":"William Stevenson","shortName":"Stevenson","partyId":"CPC","votes":95,"share":87.96296296296296},{"id":"michael-fark","name":"Michael Fark","shortName":"Fark","partyId":"LIB","votes":11,"share":10.185185185185185},{"id":"vicky-bayford","name":"Vicky Bayford","shortName":"Bayford","partyId":"PPC","votes":2,"share":1.8518518518518516},{"id":"dale-heath","name":"Dale Heath","shortName":"Heath","partyId":"OTH","votes":0,"share":0}],"partyVotes":{"LIB":11,"CPC":95,"BQ":0,"NDP":0,"GRN":0,"PPC":2,"OTH":0}}},"geometry":{"type":"Polygon","coordinates":[[[366,163.5],[365.97,163.4],[366.01,163.38],[366.01,163.38],[366.04,163.38],[366.06,163.45],[366.07,163.45],[366.07,163.48],[366.08,163.49],[366.07,163.49],[366.07,163.49],[366.07,163.49],[366.07,163.5],[366.08,163.5],[366.09,163.52],[366.09,163.52],[366.14,163.52],[366.14,163.54],[366.16,163.54],[366.16,163.54],[366.17,163.54],[366.18,163.56],[366.12,163.57],[366.11,163.58],[366.11,163.57],[366.03,163.61],[366.01,163.55],[366.01,163.54],[366.01,163.54],[366,163.5]]]}},{"type":"Feature","id":"48037-122","properties":{"ridingCode":"48037","pollNumber":"122","pollType":"N","advancePollNumber":"621","sourceCode":"122-0","geometryPollNumbers":["122"],"code":"48037-122","resultPollNumbers":["122"],"resultStatus":"exact","result":{"electors":505,"voters":152,"totalVotes":151,"rejected":1,"turnout":30.099009900990097,"winnerId":"william-stevenson","winnerPartyId":"CPC","runnerUpId":"michael-fark","runnerUpPartyId":"LIB","margin":54.3046357615894,"top":[{"id":"william-stevenson","name":"William Stevenson","shortName":"Stevenson","partyId":"CPC","votes":111,"share":73.50993377483444},{"id":"michael-fark","name":"Michael Fark","shortName":"Fark","partyId":"LIB","votes":29,"share":19.205298013245034},{"id":"avni-soma","name":"Avni Soma","shortName":"Soma","partyId":"NDP","votes":7,"share":4.635761589403973},{"id":"vicky-bayford","name":"Vicky Bayford","shortName":"Bayford","partyId":"PPC","votes":4,"share":2.6490066225165565}],"partyVotes":{"LIB":29,"CPC":111,"BQ":0,"NDP":7,"GRN":0,"PPC":4,"OTH":0}}},"geometry":{"type":"Polygon","coordinates":[[[366.07,163.49],[366.08,163.49],[366.07,163.48],[366.08,163.48],[366.06,163.45],[366.04,163.38],[366.06,163.37],[366.06,163.38],[366.07,163.39],[366.07,163.4],[366.09,163.41],[366.09,163.42],[366.09,163.43],[366.09,163.43],[366.1,163.43],[366.1,163.44],[366.1,163.44],[366.13,163.45],[366.15,163.48],[366.15,163.48],[366.14,163.43],[366.15,163.42],[366.15,163.42],[366.17,163.41],[366.2,163.45],[366.21,163.48],[366.25,163.47],[366.25,163.48],[366.27,163.47],[366.27,163.48],[366.25,163.49],[366.25,163.49],[366.25,163.5],[366.25,163.51],[366.24,163.52],[366.19,163.52],[366.17,163.53],[366.17,163.53],[366.17,163.54],[366.16,163.54],[366.16,163.54],[366.14,163.54],[366.14,163.52],[366.09,163.52],[366.09,163.52],[366.08,163.5],[366.07,163.5],[366.07,163.49],[366.07,163.49],[366.07,163.49]]]}},{"type":"Feature","id":"48037-123","properties":{"ridingCode":"48037","pollNumber":"123","pollType":"N","advancePollNumber":"621","sourceCode":"123-0","geometryPollNumbers":["123"],"code":"48037-123","resultPollNumbers":["123"],"resultStatus":"exact","result":{"electors":452,"voters":137,"totalVotes":137,"rejected":0,"turnout":30.30973451327434,"winnerId":"william-stevenson","winnerPartyId":"CPC","runnerUpId":"michael-fark","runnerUpPartyId":"LIB","margin":70.07299270072993,"top":[{"id":"william-stevenson","name":"William Stevenson","shortName":"Stevenson","partyId":"CPC","votes":114,"share":83.21167883211679},{"id":"michael-fark","name":"Michael Fark","shortName":"Fark","partyId":"LIB","votes":18,"share":13.138686131386862},{"id":"vicky-bayford","name":"Vicky Bayford","shortName":"Bayford","partyId":"PPC","votes":2,"share":1.4598540145985401},{"id":"avni-soma","name":"Avni Soma","shortName":"Soma","partyId":"NDP","votes":2,"share":1.4598540145985401}],"partyVotes":{"LIB":18,"CPC":114,"BQ":0,"NDP":2,"GRN":0,"PPC":2,"OTH":1}}},"geometry":{"type":"Polygon","coordinates":[[[365.58,163.15],[365.58,163.15],[365.55,163.05],[365.69,163.01],[365.6,162.72],[365.82,162.65],[365.8,162.58],[365.88,162.55],[365.9,162.63],[365.9,162.63],[365.92,162.63],[365.93,162.62],[365.94,162.65],[365.95,162.67],[365.94,162.69],[365.93,162.72],[365.93,162.73],[365.98,162.92],[366.13,162.87],[366.22,163.16],[366.36,163.12],[366.45,163.41],[366.28,163.46],[366.27,163.46],[366.28,163.47],[366.27,163.47],[366.25,163.48],[366.25,163.47],[366.21,163.48],[366.2,163.45],[366.17,163.41],[366.15,163.42],[366.15,163.42],[366.14,163.43],[366.15,163.48],[366.15,163.48],[366.13,163.45],[366.1,163.44],[366.1,163.44],[366.1,163.43],[366.09,163.43],[366.09,163.43],[366.09,163.42],[366.09,163.41],[366.07,163.4],[366.07,163.39],[366.06,163.38],[366.06,163.37],[366.06,163.36],[366.07,163.36],[366.06,163.35],[366.05,163.33],[366.05,163.32],[366.08,163.31],[366.09,163.3],[366.08,163.29],[366.08,163.28],[366.06,163.29],[366.06,163.28],[366.05,163.27],[366.02,163.24],[366.01,163.22],[366.01,163.2],[366,163.18],[365.98,163.19],[365.97,163.18],[365.97,163.17],[365.97,163.16],[365.97,163.15],[365.97,163.14],[365.97,163.13],[365.96,163.13],[365.93,163.13],[365.92,163.13],[365.91,163.13],[365.91,163.13],[365.9,163.14],[365.89,163.16],[365.88,163.16],[365.87,163.15],[365.86,163.14],[365.85,163.13],[365.83,163.12],[365.82,163.12],[365.81,163.13],[365.81,163.13],[365.81,163.14],[365.81,163.14],[365.8,163.14],[365.79,163.14],[365.78,163.15],[365.78,163.16],[365.77,163.16],[365.76,163.17],[365.75,163.17],[365.73,163.17],[365.72,163.17],[365.71,163.19],[365.71,163.19],[365.7,163.2],[365.69,163.21],[365.68,163.22],[365.68,163.23],[365.66,163.25],[365.64,163.27],[365.62,163.28],[365.58,163.15]]]}},{"type":"Feature","id":"48037-124","properties":{"ridingCode":"48037","pollNumber":"124","pollType":"N","advancePollNumber":"621","sourceCode":"124-0","geometryPollNumbers":["124"],"code":"48037-124","resultPollNumbers":["124"],"resultStatus":"exact","result":{"electors":707,"voters":257,"totalVotes":257,"rejected":0,"turnout":36.35077793493635,"winnerId":"william-stevenson","winnerPartyId":"CPC","runnerUpId":"michael-fark","runnerUpPartyId":"LIB","margin":68.48249027237354,"top":[{"id":"william-stevenson","name":"William Stevenson","shortName":"Stevenson","partyId":"CPC","votes":208,"share":80.93385214007782},{"id":"michael-fark","name":"Michael Fark","shortName":"Fark","partyId":"LIB","votes":32,"share":12.45136186770428},{"id":"avni-soma","name":"Avni Soma","shortName":"Soma","partyId":"NDP","votes":9,"share":3.501945525291829},{"id":"vicky-bayford","name":"Vicky Bayford","shortName":"Bayford","partyId":"PPC","votes":5,"share":1.9455252918287937}],"partyVotes":{"LIB":32,"CPC":208,"BQ":0,"NDP":9,"GRN":0,"PPC":5,"OTH":3}}},"geometry":{"type":"Polygon","coordinates":[[[364.58,163.01],[364.63,163.01],[364.64,163.01],[364.67,163],[364.74,162.98],[364.74,162.98],[365.03,162.89],[364.93,162.6],[364.91,162.55],[364.84,162.31],[365.28,162.18],[365.24,162.02],[365.23,161.99],[365.21,161.96],[365.21,161.94],[365.19,161.89],[365.23,161.88],[365.27,161.87],[365.29,161.87],[365.31,161.86],[365.33,161.85],[365.6,161.77],[365.62,161.8],[365.62,161.81],[365.61,161.83],[365.62,161.88],[365.63,161.89],[365.68,161.91],[365.68,161.92],[365.69,161.93],[365.81,162.34],[365.81,162.34],[365.75,162.36],[365.74,162.36],[365.74,162.37],[365.74,162.38],[365.8,162.58],[365.82,162.65],[365.6,162.72],[365.69,163.01],[365.55,163.05],[365.58,163.15],[365.58,163.15],[365.62,163.28],[365.64,163.27],[365.66,163.25],[365.68,163.23],[365.68,163.22],[365.69,163.21],[365.7,163.2],[365.71,163.19],[365.71,163.19],[365.72,163.17],[365.73,163.17],[365.75,163.17],[365.76,163.17],[365.77,163.16],[365.78,163.16],[365.78,163.15],[365.79,163.14],[365.8,163.14],[365.81,163.14],[365.81,163.14],[365.81,163.13],[365.81,163.13],[365.82,163.12],[365.83,163.12],[365.85,163.13],[365.86,163.14],[365.87,163.15],[365.88,163.16],[365.89,163.16],[365.9,163.14],[365.91,163.13],[365.91,163.13],[365.92,163.13],[365.93,163.13],[365.96,163.13],[365.97,163.13],[365.97,163.14],[365.97,163.15],[365.97,163.16],[365.97,163.17],[365.97,163.18],[365.98,163.19],[366,163.18],[366.01,163.2],[366.01,163.22],[366.02,163.24],[366.05,163.27],[366.06,163.28],[366.06,163.29],[366.08,163.28],[366.08,163.29],[366.09,163.3],[366.08,163.31],[366.05,163.32],[366.05,163.33],[366.06,163.35],[366.07,163.36],[366.06,163.36],[366.06,163.37],[366.04,163.38],[366.01,163.38],[366.01,163.38],[365.97,163.4],[366,163.5],[365.99,163.5],[365.97,163.5],[365.96,163.47],[365.93,163.48],[365.94,163.54],[365.95,163.54],[365.92,163.55],[365.92,163.54],[365.86,163.56],[365.86,163.57],[365.87,163.59],[365.72,163.63],[365,163.85],[364.75,163.93],[364.74,163.93],[364.73,163.93],[364.41,164.03],[364.32,163.72],[364.76,163.59],[364.58,163.02],[364.58,163.01]]]}},{"type":"Feature","id":"48037-125","properties":{"ridingCode":"48037","pollNumber":"125","pollType":"N","advancePollNumber":"622","sourceCode":"125-0","geometryPollNumbers":["125"],"code":"48037-125","resultPollNumbers":["125"],"resultStatus":"exact","result":{"electors":559,"voters":215,"totalVotes":213,"rejected":2,"turnout":38.46153846153847,"winnerId":"william-stevenson","winnerPartyId":"CPC","runnerUpId":"michael-fark","runnerUpPartyId":"LIB","margin":83.56807511737088,"top":[{"id":"william-stevenson","name":"William Stevenson","shortName":"Stevenson","partyId":"CPC","votes":189,"share":88.73239436619718},{"id":"michael-fark","name":"Michael Fark","shortName":"Fark","partyId":"LIB","votes":11,"share":5.164319248826291},{"id":"vicky-bayford","name":"Vicky Bayford","shortName":"Bayford","partyId":"PPC","votes":7,"share":3.286384976525822},{"id":"avni-soma","name":"Avni Soma","shortName":"Soma","partyId":"NDP","votes":4,"share":1.8779342723004695}],"partyVotes":{"LIB":11,"CPC":189,"BQ":0,"NDP":4,"GRN":0,"PPC":7,"OTH":2}}},"geometry":{"type":"Polygon","coordinates":[[[366.33,162.5],[365.94,162.61],[365.93,162.62],[365.92,162.63],[365.9,162.63],[365.9,162.63],[365.88,162.55],[365.8,162.58],[365.74,162.38],[365.74,162.37],[365.74,162.36],[365.75,162.36],[365.81,162.34],[365.81,162.34],[365.69,161.93],[365.68,161.92],[365.68,161.91],[365.63,161.89],[365.62,161.88],[365.61,161.83],[365.62,161.81],[365.62,161.8],[365.6,161.77],[365.61,161.76],[365.63,161.74],[365.64,161.74],[365.66,161.74],[365.68,161.74],[365.7,161.74],[366.1,161.62],[366.24,161.58],[366.24,161.57],[366.24,161.56],[366.25,161.56],[366.26,161.56],[366.27,161.56],[366.28,161.56],[366.46,161.51],[366.46,161.5],[366.47,161.5],[366.47,161.51],[366.48,161.51],[366.52,161.49],[366.51,161.51],[366.52,161.53],[366.53,161.58],[366.77,162.36],[366.78,162.4],[366.81,162.44],[366.83,162.47],[366.88,162.53],[366.9,162.55],[366.91,162.58],[366.93,162.63],[367.08,163.14],[367.05,163.15],[367.04,163.16],[367.02,163.17],[367.01,163.18],[366.99,163.22],[366.97,163.23],[366.95,163.25],[366.92,163.27],[366.59,163.37],[366.48,163],[366.45,162.86],[366.41,162.77],[366.36,162.59],[366.35,162.58],[366.35,162.56],[366.34,162.52],[366.33,162.5]]]}},{"type":"Feature","id":"48037-126","properties":{"ridingCode":"48037","pollNumber":"126","pollType":"N","advancePollNumber":"623","sourceCode":"126-0","geometryPollNumbers":["126"],"code":"48037-126","resultPollNumbers":["126"],"resultStatus":"exact","result":{"electors":275,"voters":199,"totalVotes":198,"rejected":1,"turnout":72.36363636363636,"winnerId":"william-stevenson","winnerPartyId":"CPC","runnerUpId":"michael-fark","runnerUpPartyId":"LIB","margin":86.86868686868688,"top":[{"id":"william-stevenson","name":"William Stevenson","shortName":"Stevenson","partyId":"CPC","votes":184,"share":92.92929292929293},{"id":"michael-fark","name":"Michael Fark","shortName":"Fark","partyId":"LIB","votes":12,"share":6.0606060606060606},{"id":"avni-soma","name":"Avni Soma","shortName":"Soma","partyId":"NDP","votes":2,"share":1.0101010101010102},{"id":"vicky-bayford","name":"Vicky Bayford","shortName":"Bayford","partyId":"PPC","votes":0,"share":0}],"partyVotes":{"LIB":12,"CPC":184,"BQ":0,"NDP":2,"GRN":0,"PPC":0,"OTH":0}}},"geometry":{"type":"Polygon","coordinates":[[[364.59,160.82],[364.73,160.77],[364.72,160.7],[364.76,160.68],[364.78,160.67],[364.79,160.67],[364.77,160.6],[364.8,160.59],[364.82,160.59],[364.84,160.59],[364.84,160.6],[364.84,160.61],[364.85,160.62],[364.86,160.62],[364.88,160.62],[364.9,160.59],[364.91,160.59],[364.92,160.6],[364.92,160.6],[364.92,160.61],[364.92,160.64],[364.92,160.66],[364.91,160.67],[364.91,160.68],[364.92,160.68],[364.93,160.68],[364.95,160.68],[364.96,160.68],[364.96,160.67],[364.95,160.66],[364.96,160.65],[364.97,160.65],[364.99,160.69],[365,160.71],[365.01,160.71],[365.02,160.7],[365.04,160.7],[365.06,160.69],[365.06,160.69],[365.09,160.72],[365.11,160.75],[365.12,160.77],[365.12,160.78],[365.12,160.78],[365.13,160.79],[365.14,160.79],[365.15,160.79],[365.15,160.78],[365.15,160.78],[365.15,160.77],[365.16,160.77],[365.18,160.78],[365.2,160.79],[365.23,160.8],[365.24,160.81],[365.24,160.83],[365.24,160.85],[365.24,160.85],[365.25,160.85],[365.27,160.86],[365.27,160.87],[365.28,160.87],[365.28,160.87],[365.28,160.86],[365.29,160.86],[365.29,160.86],[365.32,160.89],[365.32,160.9],[365.33,160.9],[365.35,160.9],[365.36,160.9],[365.36,160.9],[365.36,160.89],[365.36,160.89],[365.36,160.89],[365.37,160.91],[365.38,160.91],[365.42,160.9],[365.44,160.89],[365.46,160.87],[365.46,160.86],[365.48,160.85],[365.5,160.85],[365.5,160.86],[365.5,160.86],[365.5,160.87],[365.5,160.87],[365.51,160.87],[365.53,160.88],[365.54,160.88],[365.55,160.87],[365.55,160.86],[365.56,160.86],[365.57,160.86],[365.57,160.87],[365.56,160.87],[365.57,160.89],[365.57,160.89],[365.58,160.88],[365.59,160.88],[365.6,160.88],[365.62,160.89],[365.62,160.89],[365.62,160.89],[365.61,160.89],[365.6,160.9],[365.61,160.9],[365.63,160.92],[365.65,160.91],[365.66,160.91],[365.67,160.91],[365.68,160.92],[365.69,160.91],[365.7,160.91],[365.71,160.9],[365.72,160.88],[365.74,160.85],[365.74,160.84],[365.72,160.82],[365.72,160.79],[365.71,160.79],[365.71,160.78],[365.71,160.78],[365.72,160.76],[365.74,160.75],[365.75,160.75],[365.78,160.75],[365.78,160.76],[365.8,160.78],[365.81,160.79],[365.82,160.8],[365.83,160.82],[365.82,160.83],[365.83,160.84],[365.84,160.84],[365.88,160.86],[365.89,160.87],[365.92,160.9],[365.93,160.91],[365.95,160.92],[365.95,160.92],[365.95,160.91],[365.94,160.9],[365.94,160.89],[365.94,160.89],[365.98,160.92],[366,160.93],[366.02,160.95],[366.02,160.95],[366.01,160.96],[366.01,160.97],[366.03,160.97],[366.03,160.98],[366.05,161],[365.92,161.04],[366.05,161.45],[366.05,161.53],[366.06,161.54],[366.08,161.55],[366.1,161.62],[365.7,161.74],[365.68,161.74],[365.66,161.74],[365.64,161.74],[365.63,161.74],[365.61,161.76],[365.6,161.77],[365.33,161.85],[365.31,161.86],[365.29,161.87],[365.27,161.87],[365.23,161.88],[365.14,161.59],[364.97,161.01],[364.67,161.1],[364.62,160.91],[364.62,160.9],[364.61,160.89],[364.59,160.82]]]}},{"type":"Feature","id":"48037-127","properties":{"ridingCode":"48037","pollNumber":"127","pollType":"N","advancePollNumber":"623","sourceCode":"127-0","geometryPollNumbers":["127"],"code":"48037-127","resultPollNumbers":["127"],"resultStatus":"exact","result":{"electors":657,"voters":479,"totalVotes":475,"rejected":4,"turnout":72.90715372907154,"winnerId":"william-stevenson","winnerPartyId":"CPC","runnerUpId":"michael-fark","runnerUpPartyId":"LIB","margin":65.05263157894737,"top":[{"id":"william-stevenson","name":"William Stevenson","shortName":"Stevenson","partyId":"CPC","votes":380,"share":80},{"id":"michael-fark","name":"Michael Fark","shortName":"Fark","partyId":"LIB","votes":71,"share":14.947368421052632},{"id":"avni-soma","name":"Avni Soma","shortName":"Soma","partyId":"NDP","votes":16,"share":3.3684210526315788},{"id":"vicky-bayford","name":"Vicky Bayford","shortName":"Bayford","partyId":"PPC","votes":7,"share":1.4736842105263157}],"partyVotes":{"LIB":71,"CPC":380,"BQ":0,"NDP":16,"GRN":0,"PPC":7,"OTH":1}}},"geometry":{"type":"Polygon","coordinates":[[[364.71,160.14],[365.52,159.89],[365.5,159.92],[365.44,159.95],[365.43,159.96],[365.41,159.98],[365.37,160.04],[365.35,160.06],[365.32,160.07],[365.46,160.55],[365.75,160.46],[365.84,160.75],[365.84,160.75],[365.88,160.86],[365.84,160.84],[365.83,160.84],[365.82,160.83],[365.83,160.82],[365.82,160.8],[365.81,160.79],[365.8,160.78],[365.78,160.76],[365.78,160.75],[365.75,160.75],[365.74,160.75],[365.72,160.76],[365.71,160.78],[365.71,160.78],[365.71,160.79],[365.72,160.79],[365.72,160.82],[365.74,160.84],[365.74,160.85],[365.72,160.88],[365.71,160.9],[365.7,160.91],[365.69,160.91],[365.68,160.92],[365.67,160.91],[365.66,160.91],[365.65,160.91],[365.63,160.92],[365.61,160.9],[365.6,160.9],[365.61,160.89],[365.62,160.89],[365.62,160.89],[365.62,160.89],[365.6,160.88],[365.59,160.88],[365.58,160.88],[365.57,160.89],[365.57,160.89],[365.56,160.87],[365.57,160.87],[365.57,160.86],[365.56,160.86],[365.55,160.86],[365.55,160.87],[365.54,160.88],[365.53,160.88],[365.51,160.87],[365.5,160.87],[365.5,160.87],[365.5,160.86],[365.5,160.86],[365.5,160.85],[365.48,160.85],[365.46,160.86],[365.46,160.87],[365.44,160.89],[365.42,160.9],[365.38,160.91],[365.37,160.91],[365.36,160.89],[365.36,160.89],[365.36,160.89],[365.36,160.9],[365.36,160.9],[365.35,160.9],[365.33,160.9],[365.32,160.9],[365.32,160.89],[365.29,160.86],[365.29,160.86],[365.28,160.86],[365.28,160.87],[365.28,160.87],[365.27,160.87],[365.27,160.86],[365.25,160.85],[365.24,160.85],[365.24,160.85],[365.24,160.83],[365.24,160.81],[365.23,160.8],[365.2,160.79],[365.18,160.78],[365.16,160.77],[365.15,160.77],[365.15,160.78],[365.15,160.78],[365.15,160.79],[365.14,160.79],[365.13,160.79],[365.12,160.78],[365.12,160.78],[365.12,160.77],[365.11,160.75],[365.09,160.72],[365.06,160.69],[365.06,160.69],[365.04,160.7],[365.02,160.7],[365.01,160.71],[365,160.71],[364.99,160.69],[364.97,160.65],[364.96,160.65],[364.95,160.66],[364.96,160.67],[364.96,160.68],[364.95,160.68],[364.93,160.68],[364.92,160.68],[364.91,160.68],[364.91,160.67],[364.92,160.66],[364.92,160.64],[364.92,160.61],[364.92,160.6],[364.92,160.6],[364.91,160.59],[364.9,160.59],[364.88,160.62],[364.86,160.62],[364.85,160.62],[364.84,160.61],[364.84,160.6],[364.84,160.59],[364.82,160.59],[364.8,160.59],[364.84,160.58],[364.71,160.14]]]}},{"type":"Feature","id":"48037-128","properties":{"ridingCode":"48037","pollNumber":"128","pollType":"N","advancePollNumber":"619","sourceCode":"128-0","geometryPollNumbers":["128","129"],"code":"48037-128","resultPollNumbers":["128"],"resultStatus":"resolved-combination","result":{"electors":773,"voters":297,"totalVotes":297,"rejected":0,"turnout":38.42173350582148,"winnerId":"william-stevenson","winnerPartyId":"CPC","runnerUpId":"michael-fark","runnerUpPartyId":"LIB","margin":52.52525252525253,"top":[{"id":"william-stevenson","name":"William Stevenson","shortName":"Stevenson","partyId":"CPC","votes":221,"share":74.41077441077442},{"id":"michael-fark","name":"Michael Fark","shortName":"Fark","partyId":"LIB","votes":65,"share":21.885521885521886},{"id":"avni-soma","name":"Avni Soma","shortName":"Soma","partyId":"NDP","votes":6,"share":2.0202020202020203},{"id":"vicky-bayford","name":"Vicky Bayford","shortName":"Bayford","partyId":"PPC","votes":3,"share":1.0101010101010102}],"partyVotes":{"LIB":65,"CPC":221,"BQ":0,"NDP":6,"GRN":0,"PPC":3,"OTH":2}}},"geometry":{"type":"MultiPolygon","coordinates":[[[[359.79,161.7],[359.81,161.68],[359.85,161.65],[359.85,161.64],[359.85,161.62],[359.83,161.59],[359.83,161.57],[359.84,161.55],[359.83,161.53],[359.86,161.51],[359.88,161.47],[359.88,161.46],[359.87,161.44],[359.85,161.42],[359.84,161.41],[359.77,161.4],[359.75,161.4],[359.7,161.39],[359.69,161.37],[359.69,161.34],[359.68,161.31],[359.67,161.3],[359.67,161.28],[359.68,161.26],[359.68,161.25],[359.69,161.19],[359.71,161.16],[359.71,161.15],[359.7,161.15],[359.66,161.12],[359.66,161.1],[359.67,161.08],[359.69,161.06],[359.71,161.05],[359.73,161.04],[359.74,161.02],[359.74,160.98],[359.73,160.93],[359.73,160.91],[359.73,160.91],[359.71,160.91],[359.69,160.91],[359.68,160.9],[359.66,160.88],[359.65,160.87],[359.62,160.84],[359.59,160.79],[359.58,160.74],[359.58,160.74],[359.54,160.74],[359.52,160.73],[359.5,160.71],[359.49,160.69],[359.48,160.69],[359.48,160.66],[359.46,160.64],[359.5,160.58],[359.5,160.56],[359.5,160.54],[359.48,160.52],[359.5,160.48],[359.51,160.45],[359.54,160.4],[359.52,160.38],[359.53,160.37],[359.53,160.36],[359.54,160.34],[359.56,160.33],[359.57,160.31],[359.58,160.29],[359.58,160.29],[359.6,160.31],[359.61,160.32],[359.62,160.32],[359.63,160.33],[359.64,160.32],[359.65,160.31],[359.67,160.29],[359.7,160.26],[359.72,160.26],[359.74,160.29],[359.76,160.29],[359.77,160.29],[359.79,160.31],[359.79,160.31],[359.81,160.32],[359.81,160.32],[359.81,160.3],[359.81,160.29],[359.81,160.27],[359.81,160.24],[359.83,160.2],[359.84,160.17],[359.84,160.16],[359.89,160.1],[359.9,160.1],[359.93,160.12],[359.95,160.12],[359.96,160.11],[359.97,160.09],[359.98,160.07],[360.02,160.01],[360.06,159.96],[360.1,159.87],[360.11,159.81],[360.13,159.77],[360.15,159.75],[360.17,159.75],[360.18,159.73],[360.19,159.7],[360.21,159.66],[360.24,159.65],[360.25,159.64],[360.25,159.61],[360.28,159.57],[360.3,159.55],[360.32,159.56],[360.33,159.56],[360.36,159.59],[360.39,159.58],[360.41,159.58],[360.42,159.58],[360.45,159.66],[360.5,159.65],[360.52,159.65],[360.55,159.65],[360.58,159.66],[360.61,159.65],[360.63,159.65],[360.65,159.66],[360.65,159.66],[360.66,159.66],[360.67,159.66],[360.73,159.64],[360.76,159.64],[360.78,159.64],[360.79,159.64],[360.83,159.66],[360.85,159.68],[360.86,159.67],[360.86,159.65],[360.88,159.63],[360.9,159.62],[360.94,159.61],[361.04,159.61],[361.05,159.61],[361.08,159.59],[361.12,159.57],[361.18,159.56],[361.2,159.54],[361.25,159.53],[361.23,159.32],[362.04,159.06],[362.25,159],[362.3,158.96],[362.46,158.92],[362.47,158.9],[362.42,158.75],[362.41,158.71],[362.31,158.38],[362.26,158.21],[362.83,158.31],[363.04,158.04],[363.02,158.02],[363.02,158.01],[363.02,158],[363.04,157.99],[363.04,157.98],[363.04,157.98],[363.04,157.97],[363.04,157.97],[363.05,157.96],[363.05,157.96],[363.04,157.95],[363.04,157.94],[363.04,157.94],[363.08,157.91],[363.14,157.83],[363.15,157.84],[363.16,157.83],[363.14,157.82],[363.15,157.8],[363.04,157.76],[363.02,157.76],[363.02,157.75],[362.98,157.72],[362.97,157.71],[362.92,157.73],[362.91,157.74],[362.85,157.75],[362.83,157.74],[362.83,157.73],[362.85,157.74],[362.87,157.73],[362.9,157.72],[362.91,157.71],[362.95,157.69],[362.96,157.69],[362.96,157.7],[362.97,157.7],[362.97,157.7],[362.97,157.69],[362.99,157.69],[362.99,157.68],[363,157.68],[363,157.69],[363,157.69],[363.01,157.69],[363.02,157.69],[363.03,157.71],[363.04,157.72],[363.05,157.73],[363.06,157.73],[363.08,157.72],[363.1,157.71],[363.12,157.72],[363.13,157.72],[363.14,157.72],[363.14,157.72],[363.2,157.73],[363.2,157.72],[363.21,157.73],[363.21,157.73],[363.22,157.73],[363.23,157.74],[363.25,157.75],[363.26,157.75],[363.26,157.75],[363.26,157.73],[363.26,157.74],[363.26,157.74],[363.27,157.74],[363.28,157.74],[363.29,157.72],[363.28,157.73],[363.28,157.72],[363.29,157.72],[363.29,157.71],[363.29,157.71],[363.3,157.7],[363.3,157.68],[363.31,157.67],[363.32,157.67],[363.35,157.67],[363.35,157.66],[363.36,157.65],[363.36,157.65],[363.36,157.66],[363.36,157.66],[363.37,157.68],[363.37,157.68],[363.4,157.67],[363.42,157.68],[363.45,157.68],[363.48,157.67],[363.49,157.68],[363.51,157.69],[363.51,157.67],[363.51,157.68],[363.51,157.68],[363.51,157.69],[363.52,157.68],[363.54,157.68],[363.54,157.68],[363.54,157.69],[363.55,157.69],[363.56,157.69],[363.57,157.7],[363.58,157.69],[363.58,157.7],[363.58,157.71],[363.58,157.71],[363.61,157.72],[363.62,157.71],[363.63,157.72],[363.63,157.72],[363.65,157.72],[363.66,157.71],[363.67,157.72],[363.68,157.72],[363.69,157.71],[363.7,157.72],[363.7,157.72],[363.72,157.72],[363.76,157.72],[363.79,157.73],[363.81,157.73],[363.81,157.74],[363.84,157.74],[363.86,157.75],[363.86,157.75],[363.88,157.76],[363.88,157.75],[363.91,157.76],[363.97,157.78],[363.99,157.79],[364,157.8],[364.01,157.81],[364.01,157.79],[364.04,157.79],[364.02,157.75],[364.05,157.57],[364.07,157.64],[364.14,157.62],[364.18,157.76],[364.25,157.74],[364.23,157.67],[364.31,157.65],[364.32,157.72],[364.42,157.68],[364.46,157.67],[364.54,157.66],[364.55,157.65],[364.6,157.62],[364.61,157.61],[364.64,157.61],[364.67,157.63],[364.69,157.63],[364.72,157.62],[364.77,157.61],[364.76,157.58],[364.91,157.54],[364.95,157.7],[364.92,157.71],[364.9,157.71],[364.89,157.75],[364.89,157.77],[364.89,157.79],[364.89,157.84],[364.9,157.91],[364.89,157.94],[364.89,157.99],[364.89,158.02],[364.91,158.1],[364.88,158.18],[364.88,158.21],[364.88,158.25],[364.87,158.27],[364.88,158.3],[364.87,158.33],[364.88,158.37],[364.87,158.42],[364.86,158.45],[364.86,158.46],[364.86,158.49],[364.86,158.51],[364.6,158.58],[364.72,159.01],[364.55,159.06],[364.58,159.14],[364.48,159.41],[364.47,159.4],[364.46,159.41],[364.45,159.41],[364.44,159.41],[364.41,159.42],[364.4,159.42],[364.4,159.44],[364.39,159.44],[364.38,159.44],[364.38,159.43],[364.37,159.42],[364.36,159.43],[364.34,159.42],[364.32,159.41],[364.29,159.41],[364.27,159.4],[364.25,159.4],[364.23,159.33],[364.44,159.26],[364.27,158.68],[364.12,158.73],[363.97,158.78],[363.89,158.49],[363.81,158.51],[363.84,158.63],[363.65,158.68],[363.75,159.01],[363.62,159.05],[363.57,158.93],[363.47,158.97],[363.5,159.06],[363.4,159.1],[363.58,159.56],[362.75,159.95],[362.73,159.93],[362.73,159.93],[362.73,159.95],[362.72,159.95],[362.72,159.94],[362.7,159.92],[362.7,159.92],[362.68,159.92],[362.68,159.94],[362.67,159.97],[362.67,160.03],[362.66,160.06],[362.64,160.09],[362.62,160.12],[362.61,160.17],[362.61,160.19],[362.61,160.21],[362.61,160.26],[362.61,160.27],[362.6,160.28],[362.57,160.39],[362.57,160.45],[362.57,160.46],[362.57,160.48],[362.59,160.51],[362.6,160.52],[362.6,160.53],[362.6,160.55],[362.6,160.57],[362.61,160.58],[362.61,160.59],[362.63,160.62],[362.64,160.63],[362.64,160.65],[362.64,160.68],[362.64,160.71],[362.64,160.74],[362.65,160.77],[362.65,160.79],[362.65,160.8],[362.62,160.84],[362.61,160.86],[362.61,160.88],[362.59,160.9],[362.56,160.92],[362.55,160.94],[362.54,160.96],[362.55,160.97],[362.56,160.97],[362.56,160.98],[362.56,161],[362.55,161.01],[362.55,161.03],[362.53,161.09],[362.53,161.09],[362.54,161.1],[362.53,161.11],[362.53,161.12],[362.52,161.13],[362.52,161.15],[362.52,161.16],[362.52,161.2],[362.53,161.25],[362.56,161.3],[362.59,161.35],[362.59,161.36],[362.59,161.38],[362.58,161.43],[362.57,161.44],[362.57,161.48],[362.56,161.5],[362.55,161.52],[362.53,161.55],[362.53,161.57],[362.52,161.6],[362.51,161.61],[362.51,161.61],[362.51,161.63],[362.5,161.64],[362.5,161.65],[362.5,161.68],[362.5,161.68],[362.51,161.69],[362.52,161.7],[362.53,161.72],[362.53,161.73],[362.53,161.74],[362.52,161.76],[362.51,161.78],[362.48,161.84],[362.48,161.88],[362.48,161.9],[362.47,161.91],[362.48,161.93],[362.46,162],[362.46,162.01],[362.45,162.05],[362.44,162.06],[362.41,162.12],[362.39,162.18],[362.38,162.21],[362.36,162.27],[362.36,162.28],[362.35,162.3],[362.35,162.3],[362.34,162.31],[362.34,162.33],[362.33,162.39],[362.31,162.45],[362.31,162.47],[362.29,162.48],[362.29,162.48],[362.3,162.49],[362.31,162.49],[362.3,162.5],[362.29,162.54],[362.29,162.55],[362.28,162.56],[362.27,162.59],[362.27,162.61],[362.26,162.63],[362.26,162.66],[362.26,162.67],[362.27,162.67],[362.3,162.67],[362.31,162.67],[362.33,162.65],[362.35,162.64],[362.37,162.64],[362.41,162.63],[362.42,162.64],[362.43,162.65],[362.43,162.66],[362.45,162.68],[362.45,162.69],[362.45,162.7],[362.46,162.7],[362.47,162.71],[362.48,162.71],[362.49,162.72],[361.97,162.88],[361.47,163.03],[359.86,163.53],[359.89,163.41],[360.16,162.89],[360.17,162.85],[360.16,162.85],[360.16,162.84],[360.14,162.84],[360.14,162.83],[360.13,162.83],[360.11,162.82],[360.09,162.82],[360.08,162.81],[360.07,162.8],[360.02,162.77],[360.01,162.74],[360.01,162.74],[359.98,162.73],[359.96,162.72],[359.94,162.71],[359.94,162.69],[359.95,162.65],[359.94,162.65],[359.9,162.65],[359.88,162.66],[359.87,162.65],[359.87,162.64],[359.86,162.63],[359.84,162.61],[359.83,162.6],[359.84,162.58],[359.85,162.54],[359.85,162.53],[359.81,162.45],[359.83,162.4],[359.83,162.38],[359.81,162.36],[359.81,162.34],[359.82,162.32],[359.84,162.31],[359.86,162.3],[359.88,162.3],[359.91,162.3],[359.94,162.3],[359.97,162.25],[360,162.24],[360.06,162.22],[360.05,162.21],[360.04,162.18],[360.05,162.18],[360.03,162.14],[360.03,162.13],[360.02,162.12],[360.01,162.1],[359.96,162.1],[359.96,162.09],[359.92,162.07],[359.92,162.06],[359.92,162.02],[359.87,161.99],[359.86,161.99],[359.86,161.98],[359.82,161.95],[359.82,161.93],[359.81,161.9],[359.81,161.88],[359.79,161.85],[359.8,161.82],[359.8,161.81],[359.81,161.79],[359.82,161.8],[359.83,161.79],[359.82,161.76],[359.81,161.74],[359.8,161.72],[359.79,161.7]],[[363.56,158.11],[363.75,158.05],[363.78,157.96],[363.8,157.86],[363.79,157.86],[363.77,157.83],[363.75,157.82],[363.72,157.81],[363.71,157.81],[363.67,157.8],[363.63,157.91],[363.58,157.89],[363.56,158.11]],[[363.38,158.17],[363.42,158.15],[363.45,157.83],[363.41,157.83],[363.38,158.17]]],[[[363.75,159.01],[363.65,158.68],[363.84,158.63],[363.81,158.51],[363.89,158.49],[363.97,158.78],[364.12,158.73],[364.27,158.68],[364.44,159.26],[364.23,159.33],[364.25,159.4],[364.3,159.52],[364.14,159.61],[364.04,159.36],[363.58,159.56],[363.4,159.1],[363.5,159.06],[363.47,158.97],[363.57,158.93],[363.62,159.05],[363.75,159.01]]]]}},{"type":"Feature","id":"48037-130","properties":{"ridingCode":"48037","pollNumber":"130","pollType":"N","advancePollNumber":"619","sourceCode":"130-0","geometryPollNumbers":["130"],"code":"48037-130","resultPollNumbers":["130"],"resultStatus":"exact","result":{"electors":599,"voters":272,"totalVotes":271,"rejected":1,"turnout":45.40901502504174,"winnerId":"william-stevenson","winnerPartyId":"CPC","runnerUpId":"michael-fark","runnerUpPartyId":"LIB","margin":61.62361623616236,"top":[{"id":"william-stevenson","name":"William Stevenson","shortName":"Stevenson","partyId":"CPC","votes":212,"share":78.22878228782287},{"id":"michael-fark","name":"Michael Fark","shortName":"Fark","partyId":"LIB","votes":45,"share":16.605166051660518},{"id":"vicky-bayford","name":"Vicky Bayford","shortName":"Bayford","partyId":"PPC","votes":6,"share":2.214022140221402},{"id":"avni-soma","name":"Avni Soma","shortName":"Soma","partyId":"NDP","votes":6,"share":2.214022140221402}],"partyVotes":{"LIB":45,"CPC":212,"BQ":0,"NDP":6,"GRN":0,"PPC":6,"OTH":2}}},"geometry":{"type":"Polygon","coordinates":[[[362.62,160.84],[362.65,160.8],[362.65,160.79],[362.65,160.77],[362.64,160.74],[362.64,160.71],[362.64,160.68],[362.64,160.65],[362.64,160.63],[362.63,160.62],[362.61,160.59],[362.61,160.58],[362.6,160.57],[362.6,160.55],[362.6,160.53],[362.6,160.52],[362.59,160.51],[362.57,160.48],[362.57,160.46],[362.57,160.45],[362.57,160.39],[362.6,160.28],[362.61,160.27],[362.61,160.26],[362.61,160.21],[362.61,160.19],[362.61,160.17],[362.62,160.12],[362.64,160.09],[362.66,160.06],[362.67,160.03],[362.67,159.97],[362.68,159.94],[362.68,159.92],[362.7,159.92],[362.7,159.92],[362.72,159.94],[362.72,159.95],[362.73,159.95],[362.73,159.93],[362.73,159.93],[362.75,159.95],[363.58,159.56],[364.04,159.36],[364.14,159.61],[364.3,159.52],[364.25,159.4],[364.27,159.4],[364.29,159.41],[364.32,159.41],[364.34,159.42],[364.36,159.43],[364.37,159.42],[364.38,159.43],[364.38,159.44],[364.39,159.44],[364.4,159.44],[364.4,159.42],[364.41,159.42],[364.44,159.41],[364.45,159.41],[364.46,159.41],[364.47,159.4],[364.48,159.41],[364.58,159.14],[364.55,159.06],[364.72,159.01],[364.6,158.58],[364.86,158.51],[365.14,158.43],[365.42,159.37],[365.58,159.88],[365.52,159.89],[364.71,160.14],[364.84,160.58],[364.8,160.59],[364.77,160.6],[364.79,160.67],[364.78,160.67],[364.76,160.68],[364.72,160.7],[364.73,160.77],[364.59,160.82],[364.61,160.89],[364.62,160.9],[364.62,160.91],[364.67,161.1],[364.97,161.01],[365.14,161.59],[365.23,161.88],[365.19,161.89],[365.21,161.94],[365.21,161.96],[365.23,161.99],[365.24,162.02],[365.28,162.18],[364.84,162.31],[364.91,162.55],[364.93,162.6],[365.03,162.89],[364.74,162.98],[364.74,162.98],[364.67,163],[364.64,163.01],[364.63,163],[364.6,163],[364.57,162.99],[364.54,162.97],[364.51,162.95],[364.48,162.95],[364.45,162.92],[364.43,162.9],[364.38,162.89],[364.37,162.9],[364.36,162.91],[364.32,162.91],[364.31,162.91],[364.3,162.89],[364.28,162.88],[364.26,162.88],[364.24,162.89],[364.22,162.89],[364.21,162.89],[364.18,162.87],[364.17,162.87],[364.15,162.88],[364.14,162.89],[364.14,162.9],[364.13,162.93],[364.12,162.95],[364.11,162.95],[364.1,162.94],[364.08,162.94],[364.08,162.95],[364.07,162.95],[364.07,162.98],[364.04,163.01],[364.03,163.01],[363.99,163.01],[363.98,163.02],[363.91,163.05],[363.9,163.06],[363.88,163.07],[363.86,163.07],[363.82,163.03],[363.8,162.99],[363.8,162.98],[363.78,162.98],[363.78,162.98],[363.77,162.96],[363.77,162.95],[363.75,162.91],[363.75,162.88],[363.74,162.87],[363.72,162.86],[363.71,162.83],[363.7,162.77],[363.69,162.75],[363.68,162.74],[363.63,162.73],[363.6,162.72],[363.58,162.71],[363.57,162.72],[363.56,162.74],[363.54,162.76],[363.45,162.43],[363,162.56],[362.49,162.72],[362.48,162.71],[362.47,162.71],[362.46,162.7],[362.45,162.7],[362.45,162.69],[362.45,162.68],[362.43,162.66],[362.43,162.65],[362.42,162.64],[362.41,162.63],[362.37,162.64],[362.35,162.64],[362.33,162.65],[362.31,162.67],[362.3,162.67],[362.27,162.67],[362.26,162.67],[362.26,162.66],[362.26,162.63],[362.27,162.61],[362.27,162.59],[362.28,162.56],[362.29,162.55],[362.29,162.54],[362.3,162.5],[362.31,162.49],[362.3,162.49],[362.29,162.48],[362.29,162.48],[362.31,162.47],[362.31,162.45],[362.33,162.39],[362.34,162.33],[362.34,162.31],[362.35,162.3],[362.35,162.3],[362.36,162.28],[362.36,162.27],[362.38,162.21],[362.39,162.18],[362.41,162.12],[362.44,162.06],[362.45,162.05],[362.46,162.01],[362.46,162],[362.48,161.93],[362.47,161.91],[362.48,161.9],[362.48,161.88],[362.48,161.84],[362.51,161.78],[362.52,161.76],[362.53,161.74],[362.53,161.73],[362.53,161.72],[362.52,161.7],[362.51,161.69],[362.5,161.68],[362.5,161.68],[362.5,161.65],[362.5,161.64],[362.51,161.63],[362.51,161.61],[362.51,161.61],[362.52,161.6],[362.53,161.57],[362.53,161.55],[362.55,161.52],[362.56,161.5],[362.57,161.48],[362.57,161.44],[362.58,161.43],[362.59,161.38],[362.59,161.36],[362.59,161.35],[362.56,161.3],[362.53,161.25],[362.52,161.2],[362.52,161.16],[362.52,161.15],[362.52,161.13],[362.53,161.12],[362.53,161.11],[362.54,161.1],[362.53,161.09],[362.53,161.09],[362.55,161.03],[362.55,161.01],[362.56,161],[362.56,160.98],[362.56,160.97],[362.55,160.97],[362.54,160.96],[362.55,160.94],[362.56,160.92],[362.59,160.9],[362.61,160.88],[362.61,160.86],[362.62,160.84]]]}},{"type":"Feature","id":"48037-131","properties":{"ridingCode":"48037","pollNumber":"131","pollType":"N","advancePollNumber":"619","sourceCode":"131-0","geometryPollNumbers":["131"],"code":"48037-131","resultPollNumbers":["131"],"resultStatus":"exact","result":{"electors":456,"voters":283,"totalVotes":280,"rejected":3,"turnout":62.06140350877193,"winnerId":"william-stevenson","winnerPartyId":"CPC","runnerUpId":"michael-fark","runnerUpPartyId":"LIB","margin":75.35714285714286,"top":[{"id":"william-stevenson","name":"William Stevenson","shortName":"Stevenson","partyId":"CPC","votes":243,"share":86.78571428571429},{"id":"michael-fark","name":"Michael Fark","shortName":"Fark","partyId":"LIB","votes":32,"share":11.428571428571429},{"id":"avni-soma","name":"Avni Soma","shortName":"Soma","partyId":"NDP","votes":3,"share":1.0714285714285714},{"id":"vicky-bayford","name":"Vicky Bayford","shortName":"Bayford","partyId":"PPC","votes":1,"share":0.35714285714285715}],"partyVotes":{"LIB":32,"CPC":243,"BQ":0,"NDP":3,"GRN":0,"PPC":1,"OTH":1}}},"geometry":{"type":"Polygon","coordinates":[[[365.58,159.88],[365.42,159.37],[365.51,159.34],[365.53,159.35],[365.53,159.35],[365.54,159.32],[365.55,159.31],[365.58,159.3],[365.58,159.3],[365.59,159.3],[365.61,159.26],[365.64,159.25],[365.66,159.23],[365.67,159.22],[365.69,159.19],[365.72,159.17],[365.74,159.17],[365.77,159.14],[365.8,159.13],[365.81,159.13],[365.82,159.12],[365.66,158.58],[366.1,158.46],[366.4,158.38],[366.44,158.51],[366.58,158.47],[366.58,158.46],[366.56,158.4],[366.71,158.35],[366.77,158.57],[367.03,159.44],[366.45,159.62],[366.01,159.75],[365.91,159.78],[365.58,159.88]]]}},{"type":"Feature","id":"48037-132","properties":{"ridingCode":"48037","pollNumber":"132","pollType":"N","advancePollNumber":"619","sourceCode":"132-0","geometryPollNumbers":["132"],"code":"48037-132","resultPollNumbers":["132"],"resultStatus":"exact","result":{"electors":534,"voters":269,"totalVotes":269,"rejected":0,"turnout":50.37453183520599,"winnerId":"william-stevenson","winnerPartyId":"CPC","runnerUpId":"michael-fark","runnerUpPartyId":"LIB","margin":69.88847583643123,"top":[{"id":"william-stevenson","name":"William Stevenson","shortName":"Stevenson","partyId":"CPC","votes":224,"share":83.27137546468401},{"id":"michael-fark","name":"Michael Fark","shortName":"Fark","partyId":"LIB","votes":36,"share":13.382899628252787},{"id":"avni-soma","name":"Avni Soma","shortName":"Soma","partyId":"NDP","votes":7,"share":2.6022304832713754},{"id":"vicky-bayford","name":"Vicky Bayford","shortName":"Bayford","partyId":"PPC","votes":1,"share":0.37174721189591076}],"partyVotes":{"LIB":36,"CPC":224,"BQ":0,"NDP":7,"GRN":0,"PPC":1,"OTH":1}}},"geometry":{"type":"Polygon","coordinates":[[[364.88,158.18],[364.91,158.1],[364.89,158.02],[364.89,157.99],[364.89,157.94],[364.9,157.91],[364.89,157.84],[364.89,157.79],[364.89,157.77],[364.89,157.75],[364.9,157.71],[364.92,157.71],[364.95,157.7],[364.91,157.54],[364.87,157.4],[365.08,157.33],[365.1,157.31],[365.11,157.3],[365.11,157.3],[365.12,157.29],[365.12,157.3],[365.12,157.32],[365.09,157.33],[365.15,157.31],[365.15,157.32],[365.16,157.33],[365.16,157.36],[365.18,157.39],[365.18,157.4],[365.18,157.39],[365.19,157.4],[365.18,157.42],[365.19,157.43],[365.19,157.46],[365.26,157.67],[365.26,157.69],[365.25,157.72],[365.26,157.75],[365.26,157.81],[365.25,157.86],[365.25,157.94],[365.27,158.07],[365.51,158],[365.65,157.95],[366.23,157.78],[366.53,157.69],[366.54,157.79],[366.62,158.07],[366.63,158.08],[366.69,158.2],[366.69,158.22],[366.68,158.25],[366.68,158.26],[366.71,158.35],[366.56,158.4],[366.58,158.46],[366.58,158.47],[366.44,158.51],[366.4,158.38],[366.1,158.46],[365.66,158.58],[365.82,159.12],[365.81,159.13],[365.8,159.13],[365.77,159.14],[365.74,159.17],[365.72,159.17],[365.69,159.19],[365.67,159.22],[365.66,159.23],[365.64,159.25],[365.61,159.26],[365.59,159.3],[365.58,159.3],[365.58,159.3],[365.55,159.31],[365.54,159.32],[365.53,159.35],[365.53,159.35],[365.51,159.34],[365.42,159.37],[365.14,158.43],[364.86,158.51],[364.86,158.49],[364.86,158.46],[364.86,158.45],[364.87,158.42],[364.88,158.37],[364.87,158.33],[364.88,158.3],[364.87,158.27],[364.88,158.25],[364.88,158.21],[364.88,158.18]]]}},{"type":"Feature","id":"48037-133","properties":{"ridingCode":"48037","pollNumber":"133","pollType":"N","advancePollNumber":"623","sourceCode":"133-0","geometryPollNumbers":["133"],"code":"48037-133","resultPollNumbers":["133"],"resultStatus":"exact","result":{"electors":431,"voters":292,"totalVotes":291,"rejected":1,"turnout":67.74941995359629,"winnerId":"william-stevenson","winnerPartyId":"CPC","runnerUpId":"michael-fark","runnerUpPartyId":"LIB","margin":64.60481099656357,"top":[{"id":"william-stevenson","name":"William Stevenson","shortName":"Stevenson","partyId":"CPC","votes":231,"share":79.38144329896907},{"id":"michael-fark","name":"Michael Fark","shortName":"Fark","partyId":"LIB","votes":43,"share":14.776632302405499},{"id":"avni-soma","name":"Avni Soma","shortName":"Soma","partyId":"NDP","votes":10,"share":3.436426116838488},{"id":"vicky-bayford","name":"Vicky Bayford","shortName":"Bayford","partyId":"PPC","votes":5,"share":1.718213058419244}],"partyVotes":{"LIB":43,"CPC":231,"BQ":0,"NDP":10,"GRN":0,"PPC":5,"OTH":2}}},"geometry":{"type":"Polygon","coordinates":[[[365.92,161.04],[366.05,161],[366.03,160.98],[366.03,160.97],[366.03,160.96],[366.04,160.95],[366.11,160.9],[366.34,160.84],[366.31,160.76],[366.32,160.76],[366.32,160.75],[366.34,160.72],[366.33,160.72],[366.36,160.68],[366.41,160.59],[366.42,160.57],[366.71,160.49],[366.81,160.77],[366.84,160.92],[366.4,161.05],[366.52,161.44],[366.52,161.46],[366.52,161.49],[366.48,161.51],[366.47,161.51],[366.47,161.5],[366.46,161.5],[366.46,161.51],[366.28,161.56],[366.27,161.56],[366.26,161.56],[366.25,161.56],[366.24,161.56],[366.24,161.57],[366.24,161.58],[366.1,161.62],[366.08,161.55],[366.06,161.54],[366.05,161.53],[366.05,161.45],[365.92,161.04]]]}},{"type":"Feature","id":"48037-134","properties":{"ridingCode":"48037","pollNumber":"134","pollType":"N","advancePollNumber":"623","sourceCode":"134-0","geometryPollNumbers":["134"],"code":"48037-134","resultPollNumbers":["134"],"resultStatus":"exact","result":{"electors":530,"voters":302,"totalVotes":301,"rejected":1,"turnout":56.9811320754717,"winnerId":"william-stevenson","winnerPartyId":"CPC","runnerUpId":"michael-fark","runnerUpPartyId":"LIB","margin":69.10299003322258,"top":[{"id":"william-stevenson","name":"William Stevenson","shortName":"Stevenson","partyId":"CPC","votes":248,"share":82.39202657807309},{"id":"michael-fark","name":"Michael Fark","shortName":"Fark","partyId":"LIB","votes":40,"share":13.2890365448505},{"id":"vicky-bayford","name":"Vicky Bayford","shortName":"Bayford","partyId":"PPC","votes":7,"share":2.3255813953488373},{"id":"avni-soma","name":"Avni Soma","shortName":"Soma","partyId":"NDP","votes":4,"share":1.3289036544850499}],"partyVotes":{"LIB":40,"CPC":248,"BQ":0,"NDP":4,"GRN":0,"PPC":7,"OTH":2}}},"geometry":{"type":"Polygon","coordinates":[[[365.46,160.55],[365.32,160.07],[365.35,160.06],[365.37,160.04],[365.41,159.98],[365.43,159.96],[365.44,159.95],[365.5,159.92],[365.52,159.89],[365.58,159.88],[365.91,159.78],[366.01,159.75],[366.45,159.62],[366.54,159.91],[366.61,159.89],[366.64,160],[366.65,160.01],[366.66,160.02],[366.67,160.03],[366.72,160.01],[366.72,160.01],[366.73,160.02],[366.85,160.44],[366.71,160.49],[366.42,160.57],[366.41,160.59],[366.36,160.68],[366.33,160.72],[366.34,160.72],[366.32,160.75],[366.32,160.76],[366.31,160.76],[366.34,160.84],[366.11,160.9],[366.04,160.95],[366.03,160.96],[366.03,160.97],[366.01,160.97],[366.01,160.96],[366.02,160.95],[366.02,160.95],[366,160.93],[365.98,160.92],[365.94,160.89],[365.94,160.89],[365.94,160.9],[365.95,160.91],[365.95,160.92],[365.95,160.92],[365.93,160.91],[365.92,160.9],[365.89,160.87],[365.88,160.86],[365.84,160.75],[365.84,160.75],[365.75,160.46],[365.46,160.55]]]}},{"type":"Feature","id":"48037-135","properties":{"ridingCode":"48037","pollNumber":"135","pollType":"N","advancePollNumber":"623","sourceCode":"135-0","geometryPollNumbers":["135"],"code":"48037-135","resultPollNumbers":["135"],"resultStatus":"exact","result":{"electors":305,"voters":143,"totalVotes":142,"rejected":1,"turnout":46.885245901639344,"winnerId":"william-stevenson","winnerPartyId":"CPC","runnerUpId":"michael-fark","runnerUpPartyId":"LIB","margin":73.23943661971832,"top":[{"id":"william-stevenson","name":"William Stevenson","shortName":"Stevenson","partyId":"CPC","votes":121,"share":85.2112676056338},{"id":"michael-fark","name":"Michael Fark","shortName":"Fark","partyId":"LIB","votes":17,"share":11.971830985915492},{"id":"vicky-bayford","name":"Vicky Bayford","shortName":"Bayford","partyId":"PPC","votes":3,"share":2.112676056338028},{"id":"avni-soma","name":"Avni Soma","shortName":"Soma","partyId":"NDP","votes":1,"share":0.7042253521126761}],"partyVotes":{"LIB":17,"CPC":121,"BQ":0,"NDP":1,"GRN":0,"PPC":3,"OTH":0}}},"geometry":{"type":"Polygon","coordinates":[[[366.45,159.62],[367.03,159.44],[367.32,159.36],[367.35,159.45],[367.36,159.47],[367.37,159.53],[367.39,159.6],[367.4,159.62],[367.4,159.63],[367.41,159.65],[367.58,160.23],[367.58,160.23],[367.59,160.23],[367.58,160.23],[367.59,160.25],[367.71,160.66],[367.56,160.71],[367.4,160.75],[367.37,160.77],[367.3,160.77],[367.28,160.78],[367.25,160.8],[366.84,160.92],[366.81,160.77],[366.71,160.49],[366.85,160.44],[366.73,160.02],[366.72,160.01],[366.72,160.01],[366.67,160.03],[366.66,160.02],[366.65,160.01],[366.64,160],[366.61,159.89],[366.54,159.91],[366.45,159.62]]]}},{"type":"Feature","id":"48037-136","properties":{"ridingCode":"48037","pollNumber":"136","pollType":"N","advancePollNumber":"618","sourceCode":"140-0","geometryPollNumbers":["136","140"],"code":"48037-136","resultPollNumbers":["136"],"resultStatus":"resolved-combination","result":{"electors":534,"voters":268,"totalVotes":267,"rejected":1,"turnout":50.187265917603,"winnerId":"michael-fark","winnerPartyId":"LIB","runnerUpId":"william-stevenson","runnerUpPartyId":"CPC","margin":10.486891385767791,"top":[{"id":"michael-fark","name":"Michael Fark","shortName":"Fark","partyId":"LIB","votes":131,"share":49.063670411985015},{"id":"william-stevenson","name":"William Stevenson","shortName":"Stevenson","partyId":"CPC","votes":103,"share":38.57677902621723},{"id":"avni-soma","name":"Avni Soma","shortName":"Soma","partyId":"NDP","votes":29,"share":10.861423220973784},{"id":"vicky-bayford","name":"Vicky Bayford","shortName":"Bayford","partyId":"PPC","votes":3,"share":1.1235955056179776}],"partyVotes":{"LIB":131,"CPC":103,"BQ":0,"NDP":29,"GRN":0,"PPC":3,"OTH":1}}},"geometry":{"type":"MultiPolygon","coordinates":[[[[358.45,159.19],[358.46,159.18],[358.47,159.17],[358.47,159.15],[358.47,159.15],[358.47,159.15],[358.47,159.15],[358.47,159.13],[358.47,159.12],[358.48,159.11],[358.49,159.14],[358.49,159.15],[358.5,159.16],[358.49,159.18],[358.52,159.21],[358.52,159.21],[358.45,159.19],[358.45,159.19]]],[[[355.87,160.74],[355.81,160.71],[355.78,160.7],[355.76,160.68],[355.7,160.65],[355.69,160.64],[355.68,160.61],[355.68,160.6],[355.79,160.48],[355.81,160.48],[355.84,160.49],[355.87,160.49],[355.9,160.47],[355.92,160.46],[355.92,160.42],[355.93,160.38],[355.91,160.36],[355.89,160.35],[355.88,160.32],[355.9,160.31],[355.88,160.28],[355.88,160.18],[355.88,160.17],[355.84,160.14],[355.83,160.14],[355.78,160.15],[355.75,160.15],[355.74,160.14],[355.72,160.14],[355.72,160.13],[355.71,160.11],[355.71,160.09],[355.67,160.04],[355.59,160.01],[355.57,160],[355.58,159.96],[355.59,159.92],[355.59,159.92],[355.62,159.91],[355.64,159.87],[355.63,159.84],[355.65,159.83],[355.71,159.81],[355.69,159.8],[355.69,159.79],[355.68,159.78],[355.66,159.73],[355.65,159.69],[355.6,159.64],[355.6,159.61],[355.6,159.59],[355.59,159.56],[355.59,159.53],[355.6,159.51],[355.61,159.51],[355.62,159.5],[355.63,159.49],[355.66,159.48],[355.66,159.47],[355.69,159.47],[355.71,159.48],[355.74,159.47],[355.75,159.46],[355.76,159.45],[355.78,159.44],[355.82,159.4],[355.84,159.39],[355.85,159.38],[355.84,159.35],[355.83,159.33],[355.85,159.32],[355.87,159.31],[355.89,159.3],[355.9,159.25],[355.9,159.23],[355.9,159.2],[355.9,159.19],[355.9,159.16],[355.89,159.16],[355.89,159.12],[355.91,159.1],[355.93,159.09],[355.98,159.08],[355.98,159.07],[355.98,159.04],[355.98,159],[355.99,158.97],[356,158.95],[355.99,158.91],[356.01,158.91],[356.02,158.91],[356.03,158.91],[356.07,158.89],[356.1,158.89],[356.12,158.87],[356.12,158.88],[356.13,158.89],[356.13,158.94],[356.14,158.95],[356.17,158.97],[356.18,158.97],[356.18,158.93],[356.18,158.9],[356.18,158.88],[356.22,158.88],[356.24,158.86],[356.26,158.86],[356.3,158.86],[356.31,158.86],[356.33,158.86],[356.34,158.86],[356.35,158.87],[356.36,158.86],[356.36,158.85],[356.38,158.83],[356.38,158.78],[356.38,158.76],[356.39,158.74],[356.46,158.75],[356.47,158.74],[356.48,158.72],[356.48,158.68],[356.5,158.69],[356.53,158.66],[356.57,158.69],[356.6,158.7],[356.6,158.71],[356.67,158.71],[356.7,158.72],[356.7,158.71],[356.69,158.69],[356.7,158.68],[356.71,158.66],[356.72,158.6],[356.7,158.56],[356.7,158.54],[356.76,158.53],[356.8,158.54],[356.82,158.51],[356.82,158.49],[356.84,158.49],[356.86,158.45],[356.89,158.45],[356.92,158.46],[356.97,158.48],[357,158.5],[357.02,158.49],[357.03,158.48],[356.98,158.46],[356.98,158.44],[356.95,158.43],[356.96,158.39],[356.93,158.37],[356.85,158.36],[356.84,158.34],[356.84,158.3],[356.84,158.29],[356.84,158.27],[356.85,158.25],[356.83,158.24],[356.82,158.24],[356.82,158.19],[356.83,158.16],[356.84,158.15],[356.86,158.13],[356.86,158.12],[356.9,158.06],[356.92,158.04],[356.96,158.06],[357,158],[356.99,157.99],[356.97,157.98],[356.95,157.97],[356.95,157.95],[356.96,157.95],[356.98,157.93],[357,157.9],[357.02,157.88],[357.07,157.85],[357.1,157.86],[357.12,157.86],[357.15,157.85],[357.17,157.86],[357.19,157.88],[357.22,157.89],[357.24,157.9],[357.26,157.91],[357.26,157.87],[357.26,157.86],[357.24,157.84],[357.24,157.82],[357.24,157.75],[357.26,157.7],[357.29,157.67],[357.29,157.63],[357.31,157.6],[357.31,157.58],[357.31,157.57],[357.35,157.56],[357.38,157.57],[357.39,157.57],[357.41,157.54],[357.42,157.53],[357.44,157.51],[357.43,157.5],[357.45,157.43],[357.45,157.4],[357.45,157.37],[357.47,157.33],[357.49,157.31],[357.51,157.31],[357.5,157.28],[357.51,157.23],[357.49,157.2],[357.5,157.14],[357.52,157.11],[357.55,157.06],[357.54,157.04],[357.5,156.98],[357.51,156.93],[357.54,156.89],[357.58,156.84],[357.56,156.81],[357.5,156.79],[357.49,156.75],[357.45,156.73],[357.47,156.68],[357.48,156.65],[357.49,156.62],[357.51,156.6],[357.55,156.58],[357.58,156.57],[357.58,156.55],[357.61,156.54],[357.6,156.5],[357.61,156.48],[357.63,156.46],[357.63,156.45],[357.64,156.41],[357.63,156.37],[357.64,156.36],[357.65,156.31],[357.62,156.31],[357.58,156.3],[357.53,156.29],[357.51,156.31],[357.47,156.35],[357.46,156.36],[357.4,156.35],[357.39,156.31],[357.36,156.33],[357.31,156.33],[357.26,156.28],[357.19,156.3],[357.18,156.3],[357.15,156.3],[357.13,156.29],[357.09,156.29],[357.04,156.29],[357.03,156.27],[357.02,156.23],[357,156.21],[357.01,156.2],[357.02,156.19],[357,156.18],[357.02,156.11],[357.02,156.1],[357,156.08],[356.99,156],[356.98,155.96],[356.98,155.93],[356.99,155.91],[357.01,155.89],[357.04,155.88],[357.05,155.84],[357.08,155.84],[357.09,155.85],[357.12,155.84],[357.21,155.91],[357.22,155.92],[357.25,155.9],[357.28,155.88],[357.31,155.86],[357.34,155.84],[357.38,155.81],[357.4,155.77],[357.41,155.76],[357.43,155.71],[357.44,155.7],[357.43,155.67],[357.45,155.64],[357.43,155.63],[357.43,155.59],[357.37,155.53],[357.38,155.52],[357.4,155.49],[357.4,155.48],[357.39,155.46],[357.38,155.42],[357.39,155.41],[357.41,155.4],[357.42,155.38],[357.42,155.35],[357.42,155.33],[357.43,155.31],[357.45,155.29],[357.46,155.3],[357.49,155.3],[357.51,155.28],[357.51,155.25],[357.5,155.2],[357.52,155.18],[357.52,155.16],[357.58,155.09],[357.59,155.1],[357.6,155.13],[357.63,155.14],[357.64,155.14],[357.67,155.11],[357.69,155.1],[357.7,155.07],[357.71,155.04],[357.71,155.03],[357.76,154.91],[357.75,154.9],[357.73,154.87],[357.72,154.83],[357.72,154.77],[357.75,154.77],[357.76,154.75],[357.78,154.73],[357.78,154.72],[357.81,154.72],[357.83,154.72],[357.86,154.75],[357.87,154.75],[357.88,154.74],[357.89,154.72],[357.9,154.72],[357.91,154.72],[357.91,154.71],[357.92,154.69],[357.93,154.68],[357.95,154.69],[358.01,154.69],[358.04,154.54],[358.05,154.46],[358.07,154.45],[358.08,154.44],[358.09,154.43],[358.09,154.42],[358.07,154.4],[358.07,154.39],[358.08,154.36],[358.08,154.35],[358.07,154.34],[358.06,154.31],[358.03,154.31],[358.02,154.29],[358.02,154.28],[358.01,154.24],[358,154.23],[358,154.22],[358.01,154.2],[358.07,154.19],[358.08,154.19],[358.12,154.13],[358.14,154.11],[358.17,154.11],[358.21,154.07],[358.24,154.09],[358.24,154.12],[358.29,154.14],[358.3,154.17],[358.32,154.17],[358.35,154.17],[358.38,154.19],[358.4,154.19],[358.42,154.2],[358.44,154.17],[358.47,154.17],[358.51,154.16],[358.51,154.16],[358.54,154.17],[358.54,154.39],[358.54,154.4],[358.54,154.42],[358.52,154.44],[358.49,154.45],[358.46,154.45],[358.4,154.45],[358.39,154.47],[358.39,154.49],[358.37,154.5],[358.36,154.54],[358.38,154.59],[358.4,154.59],[358.41,154.61],[358.42,154.65],[358.41,154.67],[358.42,154.7],[358.41,154.72],[358.39,154.75],[358.42,154.76],[358.44,154.78],[358.46,154.8],[358.49,154.8],[358.51,154.81],[358.53,154.84],[358.52,154.88],[358.47,154.94],[358.46,155],[358.46,155.04],[358.48,155.05],[358.48,155.09],[358.48,155.11],[358.47,155.12],[358.45,155.17],[358.42,155.22],[358.41,155.25],[358.4,155.3],[358.4,155.32],[358.4,155.36],[358.38,155.39],[358.36,155.41],[358.36,155.44],[358.35,155.46],[358.32,155.51],[358.31,155.52],[358.31,155.55],[358.31,155.58],[358.35,155.64],[358.36,155.65],[358.37,155.65],[358.37,155.66],[358.39,155.67],[358.4,155.68],[358.42,155.7],[358.43,155.7],[358.44,155.69],[358.45,155.68],[358.46,155.69],[358.48,155.69],[358.49,155.69],[358.48,155.77],[358.47,155.77],[358.46,155.76],[358.45,155.76],[358.42,155.75],[358.41,155.75],[358.36,155.74],[358.3,155.73],[358.3,155.72],[358.27,155.72],[358.27,155.76],[358.25,155.78],[358.27,155.8],[358.28,155.78],[358.3,155.78],[358.32,155.78],[358.33,155.79],[358.34,155.81],[358.34,155.82],[358.37,155.83],[358.41,155.84],[358.46,155.86],[358.47,155.86],[358.49,155.87],[358.51,155.87],[358.53,155.87],[358.54,155.87],[358.58,155.87],[358.6,155.88],[358.62,155.89],[358.64,155.9],[358.7,156],[358.75,156.12],[358.77,156.11],[358.78,156.1],[358.78,156.09],[358.79,156.03],[358.87,155.98],[358.89,156.01],[358.89,156.01],[358.9,156.03],[358.92,156.05],[358.92,156.07],[358.92,156.12],[358.93,156.14],[358.95,156.18],[359.01,156.27],[358.98,156.3],[358.96,156.32],[358.96,156.33],[358.96,156.34],[358.99,156.38],[359,156.39],[359,156.41],[359,156.42],[359.01,156.43],[359,156.45],[358.98,156.48],[358.98,156.48],[358.96,156.53],[358.96,156.54],[358.95,156.58],[358.95,156.61],[358.95,156.64],[358.94,156.65],[358.94,156.67],[358.96,156.73],[358.96,156.74],[358.96,156.75],[358.94,156.77],[358.94,156.8],[358.94,156.82],[358.93,156.82],[358.9,156.83],[358.86,156.85],[358.84,156.85],[358.83,156.85],[358.81,156.87],[358.81,156.88],[358.82,156.9],[358.82,156.91],[358.8,156.98],[358.79,156.99],[358.79,157.01],[358.78,157.03],[358.77,157.08],[358.78,157.1],[358.79,157.12],[358.79,157.13],[358.8,157.15],[358.81,157.17],[358.81,157.19],[358.8,157.21],[358.8,157.23],[358.81,157.25],[358.78,157.27],[358.76,157.3],[358.77,157.32],[358.79,157.36],[358.76,157.42],[358.75,157.44],[358.77,157.49],[358.76,157.55],[359.07,157.94],[359.06,157.96],[359.05,157.98],[359.06,158],[359.06,158.02],[359.07,158.03],[359.04,158.08],[359.03,158.11],[359.03,158.14],[359.03,158.18],[359.01,158.22],[359,158.25],[358.99,158.29],[358.99,158.33],[358.96,158.42],[359.23,158.43],[359.29,158.41],[359.33,158.38],[359.35,158.38],[359.4,158.33],[359.42,158.32],[359.42,158.32],[359.47,158.3],[359.48,158.3],[359.49,158.36],[359.93,158.42],[359.95,158.42],[360.07,158.45],[360.11,158.45],[360.13,158.44],[360.18,158.39],[360.2,158.39],[360.21,158.4],[360.23,158.42],[360.24,158.43],[360.27,158.42],[360.29,158.41],[360.26,158.47],[360.26,158.5],[360.25,158.53],[360.24,158.58],[360.25,158.6],[360.25,158.62],[360.24,158.63],[360.23,158.64],[360.23,158.65],[360.23,158.67],[360.24,158.68],[360.26,158.69],[360.29,158.69],[360.31,158.69],[360.32,158.7],[360.35,158.71],[360.36,158.74],[360.36,158.76],[360.38,158.81],[360.38,158.88],[360.39,158.92],[360.45,158.94],[360.47,158.94],[360.48,158.95],[360.5,158.95],[360.51,158.96],[360.53,158.95],[360.57,158.95],[360.58,158.96],[360.63,158.95],[360.64,158.94],[360.7,158.99],[360.75,158.99],[360.78,159.01],[360.81,159],[360.88,159.05],[360.9,159.08],[360.91,159.08],[360.95,159.07],[360.98,159.07],[360.99,159.04],[361.04,159.01],[361.06,159.02],[361.1,159.03],[361.13,159.04],[361.15,159.06],[361.18,159.07],[361.2,159.09],[361.21,159.1],[361.22,159.13],[361.22,159.14],[361.24,159.16],[361.25,159.19],[361.23,159.19],[361.22,159.2],[361.23,159.32],[361.25,159.53],[361.2,159.54],[361.18,159.56],[361.12,159.57],[361.08,159.59],[361.05,159.61],[361.04,159.61],[360.94,159.61],[360.9,159.62],[360.88,159.63],[360.86,159.65],[360.86,159.67],[360.85,159.68],[360.83,159.66],[360.79,159.64],[360.78,159.64],[360.76,159.64],[360.73,159.64],[360.67,159.66],[360.66,159.66],[360.65,159.66],[360.65,159.66],[360.63,159.65],[360.61,159.65],[360.58,159.66],[360.55,159.65],[360.52,159.65],[360.5,159.65],[360.45,159.66],[360.42,159.58],[360.41,159.58],[360.39,159.58],[360.36,159.59],[360.33,159.56],[360.32,159.56],[360.3,159.55],[360.28,159.57],[360.25,159.61],[360.25,159.64],[360.24,159.65],[360.21,159.66],[360.19,159.7],[360.18,159.73],[360.17,159.75],[360.15,159.75],[360.13,159.77],[360.11,159.81],[360.1,159.87],[360.06,159.96],[360.02,160.01],[359.98,160.07],[359.97,160.09],[359.96,160.11],[359.95,160.12],[359.93,160.12],[359.9,160.1],[359.89,160.1],[359.84,160.16],[359.84,160.17],[359.83,160.2],[359.81,160.24],[359.81,160.27],[359.81,160.29],[359.81,160.3],[359.81,160.32],[359.81,160.32],[359.79,160.31],[359.79,160.31],[359.77,160.29],[359.76,160.29],[359.74,160.29],[359.72,160.26],[359.7,160.26],[359.67,160.29],[359.65,160.31],[359.64,160.32],[359.63,160.33],[359.62,160.32],[359.61,160.32],[359.6,160.31],[359.58,160.29],[359.58,160.29],[359.57,160.31],[359.56,160.33],[359.54,160.34],[359.53,160.36],[359.53,160.37],[359.52,160.38],[359.54,160.4],[359.51,160.45],[359.5,160.48],[359.48,160.52],[359.5,160.54],[359.5,160.56],[359.5,160.58],[359.46,160.64],[359.48,160.66],[359.48,160.69],[359.49,160.69],[359.5,160.71],[359.52,160.73],[359.54,160.74],[359.58,160.74],[359.58,160.74],[359.59,160.79],[359.62,160.84],[359.65,160.87],[359.66,160.88],[359.68,160.9],[359.69,160.91],[359.71,160.91],[359.73,160.91],[359.73,160.91],[359.73,160.93],[359.74,160.98],[359.74,161.02],[359.73,161.04],[359.71,161.05],[359.69,161.06],[359.67,161.08],[359.66,161.1],[359.66,161.12],[359.7,161.15],[359.71,161.15],[359.71,161.16],[359.69,161.19],[359.68,161.25],[359.68,161.26],[359.67,161.28],[359.67,161.3],[359.68,161.31],[359.69,161.34],[359.69,161.37],[359.7,161.39],[359.75,161.4],[359.77,161.4],[359.84,161.41],[359.85,161.42],[359.87,161.44],[359.88,161.46],[359.88,161.47],[359.86,161.51],[359.83,161.53],[359.84,161.55],[359.83,161.57],[359.83,161.59],[359.85,161.62],[359.85,161.64],[359.85,161.65],[359.81,161.68],[359.79,161.7],[359.8,161.72],[359.81,161.74],[359.82,161.76],[359.83,161.79],[359.82,161.8],[359.81,161.79],[359.8,161.81],[359.8,161.82],[359.79,161.85],[359.81,161.88],[359.81,161.9],[359.82,161.93],[359.82,161.95],[359.86,161.98],[359.86,161.99],[359.87,161.99],[359.92,162.02],[359.92,162.06],[359.92,162.07],[359.96,162.09],[359.96,162.1],[360.01,162.1],[360.02,162.12],[360.03,162.13],[360.03,162.14],[360.05,162.18],[360.04,162.18],[360.05,162.21],[360.06,162.22],[360,162.24],[359.97,162.25],[359.94,162.3],[359.91,162.3],[359.88,162.3],[359.86,162.3],[359.84,162.31],[359.82,162.32],[359.81,162.34],[359.81,162.36],[359.83,162.38],[359.83,162.4],[359.81,162.45],[359.85,162.53],[359.85,162.54],[359.84,162.58],[359.83,162.6],[359.84,162.61],[359.86,162.63],[359.87,162.64],[359.87,162.65],[359.88,162.66],[359.9,162.65],[359.94,162.65],[359.95,162.65],[359.94,162.69],[359.94,162.71],[359.96,162.72],[359.98,162.73],[360.01,162.74],[360.01,162.74],[360.02,162.77],[360.07,162.8],[360.08,162.81],[360.09,162.82],[360.11,162.82],[360.13,162.83],[360.14,162.83],[360.14,162.84],[360.16,162.84],[360.16,162.85],[360.17,162.85],[360.16,162.89],[359.89,163.41],[359.86,163.53],[359.8,163.72],[359.72,163.99],[359.71,164],[359.69,164.01],[359.68,164.03],[359.65,164.07],[359.65,164.08],[359.66,164.11],[359.68,164.12],[359.68,164.13],[359.68,164.15],[359.66,164.17],[359.64,164.19],[359.62,164.2],[359.57,164.29],[359.56,164.3],[359.56,164.32],[359.53,164.34],[359.51,164.35],[359.5,164.37],[359.5,164.41],[359.5,164.42],[359.52,164.46],[359.49,164.49],[359.48,164.49],[359.31,164.62],[359.06,163.8],[359.19,163.76],[358.53,161.67],[357.8,159.36],[357.78,159.28],[357.77,159.27],[357.75,159.28],[357.74,159.28],[357.71,159.28],[357.7,159.29],[357.68,159.3],[357.66,159.32],[357.58,159.39],[357.55,159.47],[357.45,159.67],[357.38,159.89],[357.37,159.9],[357.33,159.94],[357.31,159.99],[357.3,160],[357.25,160.05],[357.21,160.08],[357.19,160.07],[357.17,160.08],[357.1,160.13],[357.09,160.15],[357.05,160.24],[357.03,160.26],[356.99,160.29],[356.98,160.31],[356.96,160.35],[356.92,160.44],[356.91,160.46],[356.81,160.53],[356.76,160.58],[356.66,160.65],[356.65,160.66],[356.61,160.74],[356.6,160.74],[356.57,160.74],[356.55,160.73],[356.49,160.72],[356.48,160.73],[356.41,160.77],[356.32,160.8],[356.31,160.8],[356.29,160.77],[356.28,160.77],[356.12,160.76],[356.1,160.76],[356.07,160.74],[356.04,160.75],[356,160.74],[355.93,160.76],[355.87,160.74]],[[358.56,159.19],[358.56,159.19],[358.61,159.19],[358.63,159.2],[358.65,159.21],[358.68,159.24],[358.69,159.19],[358.67,159.18],[358.67,159.17],[358.67,159.17],[358.66,159.15],[358.65,159.15],[358.64,159.15],[358.63,159.14],[358.62,159.15],[358.62,159.16],[358.6,159.16],[358.59,159.17],[358.58,159.17],[358.58,159.16],[358.57,159.16],[358.56,159.15],[358.55,159.14],[358.55,159.14],[358.56,159.12],[358.56,159.1],[358.56,159.08],[358.56,159.07],[358.57,159.06],[358.56,159.04],[358.56,159.04],[358.56,159.05],[358.55,159.05],[358.55,159.04],[358.53,159.01],[358.54,159],[358.54,159],[358.54,158.98],[358.54,158.96],[358.54,158.95],[358.53,158.95],[358.53,158.96],[358.5,158.96],[358.5,158.96],[358.49,158.96],[358.49,158.98],[358.48,159.01],[358.47,159.01],[358.46,159.02],[358.47,159.02],[358.47,159.03],[358.46,159.03],[358.45,159.03],[358.45,159.04],[358.44,159.05],[358.43,159.04],[358.43,159.05],[358.42,159.05],[358.41,159.05],[358.4,159.06],[358.39,159.06],[358.39,159.06],[358.39,159.05],[358.37,159.05],[358.36,159.04],[358.34,159.05],[358.34,159.09],[358.37,159.09],[358.38,159.09],[358.39,159.11],[358.4,159.14],[358.43,159.14],[358.44,159.13],[358.46,159.16],[358.46,159.16],[358.47,159.17],[358.46,159.18],[358.45,159.19],[358.45,159.19],[358.52,159.21],[358.52,159.21],[358.55,159.19],[358.56,159.19]]]]}},{"type":"Feature","id":"48037-137","properties":{"ridingCode":"48037","pollNumber":"137","pollType":"N","advancePollNumber":"618","sourceCode":"137-0","geometryPollNumbers":["137"],"code":"48037-137","resultPollNumbers":["137"],"resultStatus":"exact","result":{"electors":672,"voters":200,"totalVotes":199,"rejected":1,"turnout":29.761904761904763,"winnerId":"michael-fark","winnerPartyId":"LIB","runnerUpId":"william-stevenson","runnerUpPartyId":"CPC","margin":24.120603015075375,"top":[{"id":"michael-fark","name":"Michael Fark","shortName":"Fark","partyId":"LIB","votes":113,"share":56.78391959798995},{"id":"william-stevenson","name":"William Stevenson","shortName":"Stevenson","partyId":"CPC","votes":65,"share":32.663316582914575},{"id":"avni-soma","name":"Avni Soma","shortName":"Soma","partyId":"NDP","votes":20,"share":10.050251256281408},{"id":"vicky-bayford","name":"Vicky Bayford","shortName":"Bayford","partyId":"PPC","votes":1,"share":0.5025125628140703}],"partyVotes":{"LIB":113,"CPC":65,"BQ":0,"NDP":20,"GRN":0,"PPC":1,"OTH":0}}},"geometry":{"type":"Polygon","coordinates":[[[358.49,159.18],[358.5,159.16],[358.52,159.18],[358.56,159.19],[358.56,159.19],[358.56,159.19],[358.55,159.19],[358.52,159.21],[358.49,159.18]]]}},{"type":"Feature","id":"48037-138","properties":{"ridingCode":"48037","pollNumber":"138","pollType":"N","advancePollNumber":"617","sourceCode":"138-0","geometryPollNumbers":["138"],"code":"48037-138","resultPollNumbers":["138"],"resultStatus":"exact","result":{"electors":678,"voters":170,"totalVotes":170,"rejected":0,"turnout":25.073746312684364,"winnerId":"michael-fark","winnerPartyId":"LIB","runnerUpId":"william-stevenson","runnerUpPartyId":"CPC","margin":10,"top":[{"id":"michael-fark","name":"Michael Fark","shortName":"Fark","partyId":"LIB","votes":88,"share":51.76470588235295},{"id":"william-stevenson","name":"William Stevenson","shortName":"Stevenson","partyId":"CPC","votes":71,"share":41.76470588235294},{"id":"avni-soma","name":"Avni Soma","shortName":"Soma","partyId":"NDP","votes":10,"share":5.88235294117647},{"id":"vicky-bayford","name":"Vicky Bayford","shortName":"Bayford","partyId":"PPC","votes":1,"share":0.5882352941176471}],"partyVotes":{"LIB":88,"CPC":71,"BQ":0,"NDP":10,"GRN":0,"PPC":1,"OTH":0}}},"geometry":{"type":"Polygon","coordinates":[[[358.53,159.16],[358.54,159.15],[358.53,159.14],[358.55,159.14],[358.55,159.14],[358.56,159.15],[358.57,159.16],[358.58,159.16],[358.58,159.17],[358.59,159.17],[358.6,159.16],[358.62,159.16],[358.62,159.15],[358.63,159.14],[358.64,159.15],[358.65,159.15],[358.66,159.15],[358.67,159.17],[358.67,159.17],[358.67,159.18],[358.69,159.19],[358.68,159.24],[358.65,159.21],[358.63,159.2],[358.61,159.19],[358.56,159.19],[358.56,159.19],[358.56,159.18],[358.56,159.18],[358.53,159.16]]]}},{"type":"Feature","id":"48037-139","properties":{"ridingCode":"48037","pollNumber":"139","pollType":"N","advancePollNumber":"617","sourceCode":"139-0","geometryPollNumbers":["139"],"code":"48037-139","resultPollNumbers":["139"],"resultStatus":"exact","result":{"electors":548,"voters":147,"totalVotes":145,"rejected":2,"turnout":26.824817518248175,"winnerId":"michael-fark","winnerPartyId":"LIB","runnerUpId":"william-stevenson","runnerUpPartyId":"CPC","margin":10.344827586206897,"top":[{"id":"michael-fark","name":"Michael Fark","shortName":"Fark","partyId":"LIB","votes":75,"share":51.724137931034484},{"id":"william-stevenson","name":"William Stevenson","shortName":"Stevenson","partyId":"CPC","votes":60,"share":41.37931034482759},{"id":"avni-soma","name":"Avni Soma","shortName":"Soma","partyId":"NDP","votes":9,"share":6.206896551724138},{"id":"dale-heath","name":"Dale Heath","shortName":"Heath","partyId":"OTH","votes":1,"share":0.6896551724137931}],"partyVotes":{"LIB":75,"CPC":60,"BQ":0,"NDP":9,"GRN":0,"PPC":0,"OTH":1}}},"geometry":{"type":"Polygon","coordinates":[[[358.49,159.15],[358.53,159.14],[358.54,159.15],[358.53,159.16],[358.56,159.18],[358.56,159.18],[358.56,159.19],[358.52,159.18],[358.5,159.16],[358.49,159.15]]]}},{"type":"Feature","id":"48037-142","properties":{"ridingCode":"48037","pollNumber":"142","pollType":"N","advancePollNumber":"618","sourceCode":"142-0","geometryPollNumbers":["142"],"code":"48037-142","resultPollNumbers":["142"],"resultStatus":"exact","result":{"electors":444,"voters":140,"totalVotes":140,"rejected":0,"turnout":31.53153153153153,"winnerId":"michael-fark","winnerPartyId":"LIB","runnerUpId":"william-stevenson","runnerUpPartyId":"CPC","margin":21.428571428571427,"top":[{"id":"michael-fark","name":"Michael Fark","shortName":"Fark","partyId":"LIB","votes":80,"share":57.14285714285714},{"id":"william-stevenson","name":"William Stevenson","shortName":"Stevenson","partyId":"CPC","votes":50,"share":35.714285714285715},{"id":"avni-soma","name":"Avni Soma","shortName":"Soma","partyId":"NDP","votes":8,"share":5.714285714285714},{"id":"vicky-bayford","name":"Vicky Bayford","shortName":"Bayford","partyId":"PPC","votes":2,"share":1.4285714285714286}],"partyVotes":{"LIB":80,"CPC":50,"BQ":0,"NDP":8,"GRN":0,"PPC":2,"OTH":0}}},"geometry":{"type":"Polygon","coordinates":[[[358.49,159.14],[358.52,159.13],[358.51,159.11],[358.53,159.1],[358.53,159.11],[358.54,159.11],[358.54,159.1],[358.54,159.09],[358.54,159.09],[358.55,159.08],[358.56,159.07],[358.56,159.08],[358.56,159.1],[358.56,159.12],[358.55,159.14],[358.53,159.14],[358.49,159.15],[358.49,159.14]]]}},{"type":"Feature","id":"48037-143","properties":{"ridingCode":"48037","pollNumber":"143","pollType":"N","advancePollNumber":"618","sourceCode":"143-0","geometryPollNumbers":["143"],"code":"48037-143","resultPollNumbers":["143"],"resultStatus":"exact","result":{"electors":488,"voters":167,"totalVotes":167,"rejected":0,"turnout":34.22131147540984,"winnerId":"michael-fark","winnerPartyId":"LIB","runnerUpId":"william-stevenson","runnerUpPartyId":"CPC","margin":40.119760479041915,"top":[{"id":"michael-fark","name":"Michael Fark","shortName":"Fark","partyId":"LIB","votes":108,"share":64.67065868263472},{"id":"william-stevenson","name":"William Stevenson","shortName":"Stevenson","partyId":"CPC","votes":41,"share":24.550898203592812},{"id":"avni-soma","name":"Avni Soma","shortName":"Soma","partyId":"NDP","votes":16,"share":9.580838323353294},{"id":"vicky-bayford","name":"Vicky Bayford","shortName":"Bayford","partyId":"PPC","votes":1,"share":0.5988023952095809}],"partyVotes":{"LIB":108,"CPC":41,"BQ":0,"NDP":16,"GRN":0,"PPC":1,"OTH":1}}},"geometry":{"type":"Polygon","coordinates":[[[358.39,159.11],[358.38,159.09],[358.37,159.09],[358.34,159.09],[358.34,159.05],[358.36,159.04],[358.37,159.05],[358.39,159.05],[358.39,159.06],[358.39,159.06],[358.4,159.06],[358.41,159.05],[358.42,159.05],[358.43,159.05],[358.43,159.06],[358.44,159.07],[358.42,159.09],[358.4,159.09],[358.39,159.11]]]}},{"type":"Feature","id":"48037-144","properties":{"ridingCode":"48037","pollNumber":"144","pollType":"N","advancePollNumber":"618","sourceCode":"141-0","geometryPollNumbers":["141","144"],"code":"48037-144","resultPollNumbers":["144"],"resultStatus":"resolved-combination","result":{"electors":370,"voters":224,"totalVotes":224,"rejected":0,"turnout":60.54054054054055,"winnerId":"michael-fark","winnerPartyId":"LIB","runnerUpId":"william-stevenson","runnerUpPartyId":"CPC","margin":29.464285714285715,"top":[{"id":"michael-fark","name":"Michael Fark","shortName":"Fark","partyId":"LIB","votes":133,"share":59.375},{"id":"william-stevenson","name":"William Stevenson","shortName":"Stevenson","partyId":"CPC","votes":67,"share":29.910714285714285},{"id":"avni-soma","name":"Avni Soma","shortName":"Soma","partyId":"NDP","votes":20,"share":8.928571428571429},{"id":"vicky-bayford","name":"Vicky Bayford","shortName":"Bayford","partyId":"PPC","votes":3,"share":1.3392857142857142}],"partyVotes":{"LIB":133,"CPC":67,"BQ":0,"NDP":20,"GRN":0,"PPC":3,"OTH":1}}},"geometry":{"type":"MultiPolygon","coordinates":[[[[358.39,159.11],[358.4,159.09],[358.42,159.09],[358.47,159.08],[358.47,159.09],[358.47,159.1],[358.48,159.11],[358.47,159.12],[358.47,159.13],[358.47,159.15],[358.47,159.15],[358.47,159.15],[358.47,159.15],[358.47,159.17],[358.46,159.18],[358.47,159.17],[358.46,159.16],[358.46,159.16],[358.44,159.13],[358.43,159.14],[358.4,159.14],[358.39,159.11]]],[[[358.48,159.11],[358.47,159.1],[358.49,159.1],[358.5,159.09],[358.51,159.05],[358.51,159.04],[358.52,159.04],[358.52,159.01],[358.53,159.01],[358.54,159],[358.54,159],[358.53,159.01],[358.55,159.04],[358.55,159.05],[358.56,159.05],[358.56,159.04],[358.56,159.04],[358.57,159.06],[358.56,159.07],[358.56,159.08],[358.56,159.07],[358.55,159.08],[358.54,159.09],[358.54,159.09],[358.54,159.1],[358.54,159.11],[358.53,159.11],[358.53,159.1],[358.51,159.11],[358.52,159.13],[358.49,159.14],[358.48,159.11]]]]}},{"type":"Feature","id":"48037-145","properties":{"ridingCode":"48037","pollNumber":"145","pollType":"N","advancePollNumber":"618","sourceCode":"145-0","geometryPollNumbers":["145"],"code":"48037-145","resultPollNumbers":["145"],"resultStatus":"exact","result":{"electors":404,"voters":125,"totalVotes":123,"rejected":2,"turnout":30.94059405940594,"winnerId":"michael-fark","winnerPartyId":"LIB","runnerUpId":"william-stevenson","runnerUpPartyId":"CPC","margin":18.69918699186992,"top":[{"id":"michael-fark","name":"Michael Fark","shortName":"Fark","partyId":"LIB","votes":72,"share":58.536585365853654},{"id":"william-stevenson","name":"William Stevenson","shortName":"Stevenson","partyId":"CPC","votes":49,"share":39.83739837398374},{"id":"avni-soma","name":"Avni Soma","shortName":"Soma","partyId":"NDP","votes":2,"share":1.6260162601626018},{"id":"vicky-bayford","name":"Vicky Bayford","shortName":"Bayford","partyId":"PPC","votes":0,"share":0}],"partyVotes":{"LIB":72,"CPC":49,"BQ":0,"NDP":2,"GRN":0,"PPC":0,"OTH":0}}},"geometry":{"type":"Polygon","coordinates":[[[358.42,159.09],[358.44,159.07],[358.43,159.06],[358.43,159.05],[358.43,159.04],[358.44,159.05],[358.45,159.04],[358.45,159.03],[358.46,159.03],[358.47,159.03],[358.47,159.02],[358.46,159.02],[358.47,159.01],[358.48,159.01],[358.47,159.03],[358.49,159.03],[358.49,159.03],[358.48,159.05],[358.48,159.09],[358.47,159.09],[358.47,159.08],[358.42,159.09]]]}},{"type":"Feature","id":"48037-146","properties":{"ridingCode":"48037","pollNumber":"146","pollType":"N","advancePollNumber":"618","sourceCode":"146-0","geometryPollNumbers":["146"],"code":"48037-146","resultPollNumbers":["146"],"resultStatus":"exact","result":{"electors":488,"voters":173,"totalVotes":173,"rejected":0,"turnout":35.450819672131146,"winnerId":"michael-fark","winnerPartyId":"LIB","runnerUpId":"william-stevenson","runnerUpPartyId":"CPC","margin":11.560693641618498,"top":[{"id":"michael-fark","name":"Michael Fark","shortName":"Fark","partyId":"LIB","votes":89,"share":51.445086705202314},{"id":"william-stevenson","name":"William Stevenson","shortName":"Stevenson","partyId":"CPC","votes":69,"share":39.884393063583815},{"id":"avni-soma","name":"Avni Soma","shortName":"Soma","partyId":"NDP","votes":15,"share":8.670520231213873},{"id":"vicky-bayford","name":"Vicky Bayford","shortName":"Bayford","partyId":"PPC","votes":0,"share":0}],"partyVotes":{"LIB":89,"CPC":69,"BQ":0,"NDP":15,"GRN":0,"PPC":0,"OTH":0}}},"geometry":{"type":"Polygon","coordinates":[[[358.47,159.1],[358.47,159.09],[358.48,159.09],[358.48,159.05],[358.49,159.03],[358.49,159.03],[358.47,159.03],[358.48,159.01],[358.49,158.98],[358.49,158.96],[358.5,158.96],[358.5,158.96],[358.53,158.96],[358.53,158.95],[358.54,158.95],[358.54,158.96],[358.54,158.98],[358.54,159],[358.53,159.01],[358.52,159.01],[358.52,159.04],[358.51,159.04],[358.51,159.05],[358.5,159.09],[358.49,159.1],[358.47,159.1]]]}},{"type":"Feature","id":"48037-147","properties":{"ridingCode":"48037","pollNumber":"147","pollType":"N","advancePollNumber":"623","sourceCode":"147-0","geometryPollNumbers":["147"],"code":"48037-147","resultPollNumbers":["147"],"resultStatus":"exact","result":{"electors":271,"voters":148,"totalVotes":148,"rejected":0,"turnout":54.61254612546126,"winnerId":"william-stevenson","winnerPartyId":"CPC","runnerUpId":"michael-fark","runnerUpPartyId":"LIB","margin":81.75675675675676,"top":[{"id":"william-stevenson","name":"William Stevenson","shortName":"Stevenson","partyId":"CPC","votes":133,"share":89.86486486486487},{"id":"michael-fark","name":"Michael Fark","shortName":"Fark","partyId":"LIB","votes":12,"share":8.108108108108109},{"id":"vicky-bayford","name":"Vicky Bayford","shortName":"Bayford","partyId":"PPC","votes":2,"share":1.3513513513513513},{"id":"avni-soma","name":"Avni Soma","shortName":"Soma","partyId":"NDP","votes":1,"share":0.6756756756756757}],"partyVotes":{"LIB":12,"CPC":133,"BQ":0,"NDP":1,"GRN":0,"PPC":2,"OTH":0}}},"geometry":{"type":"Polygon","coordinates":[[[367.59,160.25],[367.58,160.23],[367.59,160.23],[368.74,159.88],[368.79,160.03],[368.7,160.06],[368.71,160.13],[368.71,160.14],[368.72,160.19],[368.73,160.21],[368.75,160.2],[368.75,160.23],[368.75,160.28],[368.81,160.26],[368.81,160.3],[368.82,160.29],[368.85,160.28],[368.86,160.27],[368.92,160.47],[368.77,160.51],[368.73,160.36],[368.58,160.4],[367.94,160.6],[367.71,160.66],[367.59,160.25]]]}},{"type":"Feature","id":"48037-148","properties":{"ridingCode":"48037","pollNumber":"148","pollType":"N","advancePollNumber":"624","sourceCode":"148-0","geometryPollNumbers":["148"],"code":"48037-148","resultPollNumbers":["148"],"resultStatus":"exact","result":{"electors":302,"voters":115,"totalVotes":115,"rejected":0,"turnout":38.079470198675494,"winnerId":"william-stevenson","winnerPartyId":"CPC","runnerUpId":"michael-fark","runnerUpPartyId":"LIB","margin":61.73913043478261,"top":[{"id":"william-stevenson","name":"William Stevenson","shortName":"Stevenson","partyId":"CPC","votes":90,"share":78.26086956521739},{"id":"michael-fark","name":"Michael Fark","shortName":"Fark","partyId":"LIB","votes":19,"share":16.52173913043478},{"id":"vicky-bayford","name":"Vicky Bayford","shortName":"Bayford","partyId":"PPC","votes":3,"share":2.608695652173913},{"id":"avni-soma","name":"Avni Soma","shortName":"Soma","partyId":"NDP","votes":3,"share":2.608695652173913}],"partyVotes":{"LIB":19,"CPC":90,"BQ":0,"NDP":3,"GRN":0,"PPC":3,"OTH":0}}},"geometry":{"type":"Polygon","coordinates":[[[368.78,160.23],[368.78,160.21],[368.82,160.22],[368.83,160.18],[368.83,160.17],[368.83,160.17],[368.86,160.27],[368.85,160.28],[368.82,160.29],[368.81,160.3],[368.81,160.26],[368.81,160.23],[368.78,160.23]]]}},{"type":"Feature","id":"48037-149","properties":{"ridingCode":"48037","pollNumber":"149","pollType":"N","advancePollNumber":"624","sourceCode":"149-0","geometryPollNumbers":["149"],"code":"48037-149","resultPollNumbers":["149"],"resultStatus":"exact","result":{"electors":406,"voters":134,"totalVotes":133,"rejected":1,"turnout":33.004926108374384,"winnerId":"william-stevenson","winnerPartyId":"CPC","runnerUpId":"michael-fark","runnerUpPartyId":"LIB","margin":57.89473684210527,"top":[{"id":"william-stevenson","name":"William Stevenson","shortName":"Stevenson","partyId":"CPC","votes":100,"share":75.18796992481202},{"id":"michael-fark","name":"Michael Fark","shortName":"Fark","partyId":"LIB","votes":23,"share":17.293233082706767},{"id":"vicky-bayford","name":"Vicky Bayford","shortName":"Bayford","partyId":"PPC","votes":6,"share":4.511278195488721},{"id":"avni-soma","name":"Avni Soma","shortName":"Soma","partyId":"NDP","votes":4,"share":3.007518796992481}],"partyVotes":{"LIB":23,"CPC":100,"BQ":0,"NDP":4,"GRN":0,"PPC":6,"OTH":0}}},"geometry":{"type":"Polygon","coordinates":[[[368.75,160.2],[368.77,160.19],[368.78,160.19],[368.83,160.18],[368.82,160.22],[368.78,160.21],[368.78,160.23],[368.81,160.23],[368.81,160.26],[368.75,160.28],[368.75,160.23],[368.75,160.2]]]}},{"type":"Feature","id":"48037-150","properties":{"ridingCode":"48037","pollNumber":"150","pollType":"N","advancePollNumber":"624","sourceCode":"150-0","geometryPollNumbers":["150"],"code":"48037-150","resultPollNumbers":["150"],"resultStatus":"exact","result":{"electors":453,"voters":179,"totalVotes":177,"rejected":2,"turnout":39.51434878587197,"winnerId":"william-stevenson","winnerPartyId":"CPC","runnerUpId":"michael-fark","runnerUpPartyId":"LIB","margin":68.36158192090396,"top":[{"id":"william-stevenson","name":"William Stevenson","shortName":"Stevenson","partyId":"CPC","votes":142,"share":80.22598870056498},{"id":"michael-fark","name":"Michael Fark","shortName":"Fark","partyId":"LIB","votes":21,"share":11.864406779661017},{"id":"avni-soma","name":"Avni Soma","shortName":"Soma","partyId":"NDP","votes":10,"share":5.649717514124294},{"id":"vicky-bayford","name":"Vicky Bayford","shortName":"Bayford","partyId":"PPC","votes":4,"share":2.2598870056497176}],"partyVotes":{"LIB":21,"CPC":142,"BQ":0,"NDP":10,"GRN":0,"PPC":4,"OTH":0}}},"geometry":{"type":"Polygon","coordinates":[[[368.71,160.14],[368.73,160.14],[368.74,160.14],[368.75,160.14],[368.76,160.14],[368.76,160.18],[368.77,160.17],[368.78,160.19],[368.77,160.19],[368.77,160.19],[368.75,160.2],[368.73,160.21],[368.72,160.19],[368.71,160.14]]]}},{"type":"Feature","id":"48037-151","properties":{"ridingCode":"48037","pollNumber":"151","pollType":"N","advancePollNumber":"624","sourceCode":"151-0","geometryPollNumbers":["151"],"code":"48037-151","resultPollNumbers":["151"],"resultStatus":"exact","result":{"electors":580,"voters":206,"totalVotes":206,"rejected":0,"turnout":35.51724137931034,"winnerId":"william-stevenson","winnerPartyId":"CPC","runnerUpId":"michael-fark","runnerUpPartyId":"LIB","margin":61.6504854368932,"top":[{"id":"william-stevenson","name":"William Stevenson","shortName":"Stevenson","partyId":"CPC","votes":163,"share":79.12621359223301},{"id":"michael-fark","name":"Michael Fark","shortName":"Fark","partyId":"LIB","votes":36,"share":17.475728155339805},{"id":"avni-soma","name":"Avni Soma","shortName":"Soma","partyId":"NDP","votes":4,"share":1.9417475728155338},{"id":"vicky-bayford","name":"Vicky Bayford","shortName":"Bayford","partyId":"PPC","votes":2,"share":0.9708737864077669}],"partyVotes":{"LIB":36,"CPC":163,"BQ":0,"NDP":4,"GRN":0,"PPC":2,"OTH":1}}},"geometry":{"type":"Polygon","coordinates":[[[368.76,160.14],[368.75,160.14],[368.75,160.13],[368.75,160.13],[368.75,160.12],[368.75,160.11],[368.75,160.12],[368.76,160.12],[368.78,160.13],[368.8,160.13],[368.8,160.13],[368.82,160.13],[368.83,160.17],[368.83,160.18],[368.78,160.19],[368.77,160.17],[368.76,160.18],[368.76,160.14]]]}},{"type":"Feature","id":"48037-152","properties":{"ridingCode":"48037","pollNumber":"152","pollType":"N","advancePollNumber":"624","sourceCode":"152-0","geometryPollNumbers":["152"],"code":"48037-152","resultPollNumbers":["152"],"resultStatus":"exact","result":{"electors":556,"voters":222,"totalVotes":222,"rejected":0,"turnout":39.92805755395683,"winnerId":"william-stevenson","winnerPartyId":"CPC","runnerUpId":"michael-fark","runnerUpPartyId":"LIB","margin":69.36936936936937,"top":[{"id":"william-stevenson","name":"William Stevenson","shortName":"Stevenson","partyId":"CPC","votes":185,"share":83.33333333333334},{"id":"michael-fark","name":"Michael Fark","shortName":"Fark","partyId":"LIB","votes":31,"share":13.963963963963963},{"id":"avni-soma","name":"Avni Soma","shortName":"Soma","partyId":"NDP","votes":4,"share":1.8018018018018018},{"id":"vicky-bayford","name":"Vicky Bayford","shortName":"Bayford","partyId":"PPC","votes":2,"share":0.9009009009009009}],"partyVotes":{"LIB":31,"CPC":185,"BQ":0,"NDP":4,"GRN":0,"PPC":2,"OTH":0}}},"geometry":{"type":"Polygon","coordinates":[[[368.9,160.15],[368.83,160.17],[368.83,160.17],[368.84,160.09],[368.89,160.08],[368.9,160.12],[368.9,160.15],[368.9,160.15]]]}},{"type":"Feature","id":"48037-153","properties":{"ridingCode":"48037","pollNumber":"153","pollType":"N","advancePollNumber":"624","sourceCode":"153-0","geometryPollNumbers":["153"],"code":"48037-153","resultPollNumbers":["153"],"resultStatus":"exact","result":{"electors":652,"voters":262,"totalVotes":262,"rejected":0,"turnout":40.1840490797546,"winnerId":"william-stevenson","winnerPartyId":"CPC","runnerUpId":"michael-fark","runnerUpPartyId":"LIB","margin":61.832061068702295,"top":[{"id":"william-stevenson","name":"William Stevenson","shortName":"Stevenson","partyId":"CPC","votes":206,"share":78.62595419847328},{"id":"michael-fark","name":"Michael Fark","shortName":"Fark","partyId":"LIB","votes":44,"share":16.793893129770993},{"id":"vicky-bayford","name":"Vicky Bayford","shortName":"Bayford","partyId":"PPC","votes":6,"share":2.2900763358778624},{"id":"avni-soma","name":"Avni Soma","shortName":"Soma","partyId":"NDP","votes":6,"share":2.2900763358778624}],"partyVotes":{"LIB":44,"CPC":206,"BQ":0,"NDP":6,"GRN":0,"PPC":6,"OTH":0}}},"geometry":{"type":"Polygon","coordinates":[[[368.7,160.06],[368.79,160.03],[368.79,160.04],[368.8,160.04],[368.81,160.05],[368.81,160.06],[368.81,160.07],[368.8,160.07],[368.82,160.13],[368.8,160.13],[368.8,160.13],[368.78,160.13],[368.76,160.12],[368.75,160.12],[368.75,160.11],[368.75,160.12],[368.75,160.13],[368.75,160.13],[368.75,160.14],[368.74,160.14],[368.73,160.14],[368.71,160.14],[368.71,160.13],[368.7,160.06]]]}},{"type":"Feature","id":"48037-154","properties":{"ridingCode":"48037","pollNumber":"154","pollType":"N","advancePollNumber":"624","sourceCode":"154-0","geometryPollNumbers":["154"],"code":"48037-154","resultPollNumbers":["154"],"resultStatus":"exact","result":{"electors":614,"voters":220,"totalVotes":220,"rejected":0,"turnout":35.83061889250814,"winnerId":"william-stevenson","winnerPartyId":"CPC","runnerUpId":"michael-fark","runnerUpPartyId":"LIB","margin":76.36363636363637,"top":[{"id":"william-stevenson","name":"William Stevenson","shortName":"Stevenson","partyId":"CPC","votes":192,"share":87.27272727272727},{"id":"michael-fark","name":"Michael Fark","shortName":"Fark","partyId":"LIB","votes":24,"share":10.909090909090908},{"id":"avni-soma","name":"Avni Soma","shortName":"Soma","partyId":"NDP","votes":3,"share":1.3636363636363635},{"id":"vicky-bayford","name":"Vicky Bayford","shortName":"Bayford","partyId":"PPC","votes":1,"share":0.45454545454545453}],"partyVotes":{"LIB":24,"CPC":192,"BQ":0,"NDP":3,"GRN":0,"PPC":1,"OTH":0}}},"geometry":{"type":"Polygon","coordinates":[[[368.8,160.04],[368.79,160.04],[368.79,160.03],[368.85,160.01],[368.84,160.09],[368.83,160.17],[368.82,160.13],[368.8,160.07],[368.81,160.07],[368.81,160.06],[368.81,160.05],[368.8,160.04]]]}},{"type":"Feature","id":"48037-155","properties":{"ridingCode":"48037","pollNumber":"155","pollType":"N","advancePollNumber":"624","sourceCode":"155-0","geometryPollNumbers":["155"],"code":"48037-155","resultPollNumbers":["155"],"resultStatus":"exact","result":{"electors":635,"voters":233,"totalVotes":232,"rejected":1,"turnout":36.69291338582677,"winnerId":"william-stevenson","winnerPartyId":"CPC","runnerUpId":"michael-fark","runnerUpPartyId":"LIB","margin":65.94827586206897,"top":[{"id":"william-stevenson","name":"William Stevenson","shortName":"Stevenson","partyId":"CPC","votes":189,"share":81.46551724137932},{"id":"michael-fark","name":"Michael Fark","shortName":"Fark","partyId":"LIB","votes":36,"share":15.517241379310345},{"id":"avni-soma","name":"Avni Soma","shortName":"Soma","partyId":"NDP","votes":4,"share":1.7241379310344827},{"id":"vicky-bayford","name":"Vicky Bayford","shortName":"Bayford","partyId":"PPC","votes":3,"share":1.293103448275862}],"partyVotes":{"LIB":36,"CPC":189,"BQ":0,"NDP":4,"GRN":0,"PPC":3,"OTH":0}}},"geometry":{"type":"Polygon","coordinates":[[[368.74,159.88],[368.86,159.85],[368.88,159.85],[368.89,159.84],[369.4,159.69],[369.72,159.6],[369.98,159.52],[370.15,160.1],[369.86,160.19],[369.57,160.28],[369.35,160.34],[368.92,160.47],[368.86,160.27],[368.83,160.17],[368.9,160.15],[368.9,160.15],[368.9,160.12],[368.89,160.08],[368.84,160.09],[368.85,160.01],[368.79,160.03],[368.74,159.88]]]}},{"type":"Feature","id":"48037-156","properties":{"ridingCode":"48037","pollNumber":"156","pollType":"N","advancePollNumber":"623","sourceCode":"156-0","geometryPollNumbers":["156"],"code":"48037-156","resultPollNumbers":["156"],"resultStatus":"exact","result":{"electors":419,"voters":154,"totalVotes":152,"rejected":2,"turnout":36.754176610978526,"winnerId":"william-stevenson","winnerPartyId":"CPC","runnerUpId":"michael-fark","runnerUpPartyId":"LIB","margin":80.26315789473685,"top":[{"id":"william-stevenson","name":"William Stevenson","shortName":"Stevenson","partyId":"CPC","votes":134,"share":88.1578947368421},{"id":"michael-fark","name":"Michael Fark","shortName":"Fark","partyId":"LIB","votes":12,"share":7.894736842105263},{"id":"avni-soma","name":"Avni Soma","shortName":"Soma","partyId":"NDP","votes":3,"share":1.9736842105263157},{"id":"vicky-bayford","name":"Vicky Bayford","shortName":"Bayford","partyId":"PPC","votes":2,"share":1.3157894736842104}],"partyVotes":{"LIB":12,"CPC":134,"BQ":0,"NDP":3,"GRN":0,"PPC":2,"OTH":1}}},"geometry":{"type":"Polygon","coordinates":[[[367.32,159.36],[367.91,159.18],[367.95,159.32],[367.99,159.47],[368.72,159.26],[368.76,159.41],[368.78,159.41],[368.79,159.4],[369.05,159.32],[369.14,159.29],[369.14,159.29],[369.21,159.28],[369.27,159.25],[369.42,159.21],[369.56,159.17],[369.71,159.13],[369.86,159.08],[369.98,159.52],[369.72,159.6],[369.4,159.69],[368.89,159.84],[368.88,159.85],[368.86,159.85],[368.74,159.88],[367.59,160.23],[367.58,160.23],[367.58,160.23],[367.41,159.65],[367.4,159.63],[367.4,159.62],[367.39,159.6],[367.37,159.53],[367.36,159.47],[367.35,159.45],[367.32,159.36]]]}},{"type":"Feature","id":"48037-157","properties":{"ridingCode":"48037","pollNumber":"157","pollType":"N","advancePollNumber":"623","sourceCode":"157-0","geometryPollNumbers":["157"],"code":"48037-157","resultPollNumbers":["157"],"resultStatus":"exact","result":{"electors":351,"voters":120,"totalVotes":120,"rejected":0,"turnout":34.18803418803419,"winnerId":"william-stevenson","winnerPartyId":"CPC","runnerUpId":"michael-fark","runnerUpPartyId":"LIB","margin":65.83333333333333,"top":[{"id":"william-stevenson","name":"William Stevenson","shortName":"Stevenson","partyId":"CPC","votes":97,"share":80.83333333333333},{"id":"michael-fark","name":"Michael Fark","shortName":"Fark","partyId":"LIB","votes":18,"share":15},{"id":"avni-soma","name":"Avni Soma","shortName":"Soma","partyId":"NDP","votes":4,"share":3.3333333333333335},{"id":"dale-heath","name":"Dale Heath","shortName":"Heath","partyId":"OTH","votes":1,"share":0.8333333333333334}],"partyVotes":{"LIB":18,"CPC":97,"BQ":0,"NDP":4,"GRN":0,"PPC":0,"OTH":1}}},"geometry":{"type":"Polygon","coordinates":[[[369.77,158.79],[370.21,158.66],[370.17,158.52],[371.19,158.23],[371.44,159.1],[371.61,159.68],[371.07,159.84],[371.06,159.84],[371.03,159.83],[371.01,159.83],[371,159.84],[371,159.86],[370.73,159.93],[370.15,160.1],[369.98,159.52],[369.86,159.08],[369.77,158.79]]]}},{"type":"Feature","id":"48037-158","properties":{"ridingCode":"48037","pollNumber":"158","pollType":"N","advancePollNumber":"625","sourceCode":"158-0","geometryPollNumbers":["158"],"code":"48037-158","resultPollNumbers":["158"],"resultStatus":"exact","result":{"electors":246,"voters":83,"totalVotes":82,"rejected":1,"turnout":33.739837398373986,"winnerId":"william-stevenson","winnerPartyId":"CPC","runnerUpId":"michael-fark","runnerUpPartyId":"LIB","margin":67.07317073170732,"top":[{"id":"william-stevenson","name":"William Stevenson","shortName":"Stevenson","partyId":"CPC","votes":64,"share":78.04878048780488},{"id":"michael-fark","name":"Michael Fark","shortName":"Fark","partyId":"LIB","votes":9,"share":10.975609756097562},{"id":"avni-soma","name":"Avni Soma","shortName":"Soma","partyId":"NDP","votes":6,"share":7.317073170731707},{"id":"vicky-bayford","name":"Vicky Bayford","shortName":"Bayford","partyId":"PPC","votes":3,"share":3.6585365853658534}],"partyVotes":{"LIB":9,"CPC":64,"BQ":0,"NDP":6,"GRN":0,"PPC":3,"OTH":0}}},"geometry":{"type":"Polygon","coordinates":[[[368.85,158.79],[368.85,158.79],[368.87,158.79],[368.87,158.78],[368.89,158.78],[368.89,158.78],[368.89,158.77],[368.89,158.76],[368.88,158.74],[368.89,158.74],[368.89,158.74],[368.89,158.74],[368.89,158.76],[368.9,158.78],[368.89,158.83],[368.85,158.84],[368.85,158.83],[368.85,158.83],[368.84,158.79],[368.85,158.79]]]}},{"type":"Feature","id":"48037-159","properties":{"ridingCode":"48037","pollNumber":"159","pollType":"N","advancePollNumber":"625","sourceCode":"159-0","geometryPollNumbers":["159"],"code":"48037-159","resultPollNumbers":["159"],"resultStatus":"exact","result":{"electors":226,"voters":69,"totalVotes":68,"rejected":1,"turnout":30.53097345132743,"winnerId":"william-stevenson","winnerPartyId":"CPC","runnerUpId":"michael-fark","runnerUpPartyId":"LIB","margin":66.17647058823529,"top":[{"id":"william-stevenson","name":"William Stevenson","shortName":"Stevenson","partyId":"CPC","votes":53,"share":77.94117647058823},{"id":"michael-fark","name":"Michael Fark","shortName":"Fark","partyId":"LIB","votes":8,"share":11.76470588235294},{"id":"vicky-bayford","name":"Vicky Bayford","shortName":"Bayford","partyId":"PPC","votes":4,"share":5.88235294117647},{"id":"avni-soma","name":"Avni Soma","shortName":"Soma","partyId":"NDP","votes":3,"share":4.411764705882353}],"partyVotes":{"LIB":8,"CPC":53,"BQ":0,"NDP":3,"GRN":0,"PPC":4,"OTH":0}}},"geometry":{"type":"Polygon","coordinates":[[[368.82,158.76],[368.84,158.76],[368.85,158.79],[368.84,158.79],[368.85,158.83],[368.85,158.83],[368.84,158.8],[368.82,158.78],[368.82,158.76]]]}},{"type":"Feature","id":"48037-160","properties":{"ridingCode":"48037","pollNumber":"160","pollType":"N","advancePollNumber":"625","sourceCode":"160-0","geometryPollNumbers":["160"],"code":"48037-160","resultPollNumbers":["160"],"resultStatus":"exact","result":{"electors":303,"voters":146,"totalVotes":144,"rejected":2,"turnout":48.18481848184818,"winnerId":"william-stevenson","winnerPartyId":"CPC","runnerUpId":"michael-fark","runnerUpPartyId":"LIB","margin":78.47222222222221,"top":[{"id":"william-stevenson","name":"William Stevenson","shortName":"Stevenson","partyId":"CPC","votes":127,"share":88.19444444444444},{"id":"michael-fark","name":"Michael Fark","shortName":"Fark","partyId":"LIB","votes":14,"share":9.722222222222223},{"id":"vicky-bayford","name":"Vicky Bayford","shortName":"Bayford","partyId":"PPC","votes":1,"share":0.6944444444444444},{"id":"dale-heath","name":"Dale Heath","shortName":"Heath","partyId":"OTH","votes":1,"share":0.6944444444444444}],"partyVotes":{"LIB":14,"CPC":127,"BQ":0,"NDP":1,"GRN":0,"PPC":1,"OTH":1}}},"geometry":{"type":"Polygon","coordinates":[[[367.85,158.43],[367.8,158.28],[367.92,158.24],[367.94,158.23],[368.09,158.18],[368.1,158.2],[368.11,158.21],[368.15,158.2],[368.16,158.19],[368.16,158.18],[368.18,158.18],[368.19,158.18],[368.21,158.17],[368.24,158.14],[368.27,158.13],[368.65,158.02],[368.65,158.07],[368.73,158.05],[368.77,157.98],[368.82,157.97],[369.03,158.71],[369.04,158.73],[369.03,158.75],[368.98,159.03],[368.98,159.06],[368.98,159.08],[369,159.14],[369.01,159.18],[369.02,159.21],[369.05,159.32],[368.79,159.4],[368.78,159.41],[368.76,159.41],[368.72,159.26],[367.99,159.47],[367.95,159.32],[367.91,159.18],[368.05,159.14],[367.88,158.56],[367.85,158.43]],[[368.61,158.58],[368.68,158.8],[368.74,158.78],[368.75,158.83],[368.76,158.85],[368.76,158.86],[368.78,158.93],[369.01,158.86],[368.97,158.72],[368.91,158.5],[368.82,158.52],[368.61,158.58]]]}},{"type":"Feature","id":"48037-161","properties":{"ridingCode":"48037","pollNumber":"161","pollType":"N","advancePollNumber":"625","sourceCode":"161-0","geometryPollNumbers":["161"],"code":"48037-161","resultPollNumbers":["161"],"resultStatus":"exact","result":{"electors":244,"voters":82,"totalVotes":82,"rejected":0,"turnout":33.60655737704918,"winnerId":"william-stevenson","winnerPartyId":"CPC","runnerUpId":"michael-fark","runnerUpPartyId":"LIB","margin":78.04878048780488,"top":[{"id":"william-stevenson","name":"William Stevenson","shortName":"Stevenson","partyId":"CPC","votes":71,"share":86.58536585365853},{"id":"michael-fark","name":"Michael Fark","shortName":"Fark","partyId":"LIB","votes":7,"share":8.536585365853659},{"id":"avni-soma","name":"Avni Soma","shortName":"Soma","partyId":"NDP","votes":3,"share":3.6585365853658534},{"id":"vicky-bayford","name":"Vicky Bayford","shortName":"Bayford","partyId":"PPC","votes":1,"share":1.2195121951219512}],"partyVotes":{"LIB":7,"CPC":71,"BQ":0,"NDP":3,"GRN":0,"PPC":1,"OTH":0}}},"geometry":{"type":"Polygon","coordinates":[[[368.84,158.76],[368.88,158.74],[368.89,158.76],[368.89,158.77],[368.89,158.78],[368.89,158.78],[368.87,158.78],[368.87,158.79],[368.85,158.79],[368.85,158.79],[368.84,158.76]]]}},{"type":"Feature","id":"48037-162","properties":{"ridingCode":"48037","pollNumber":"162","pollType":"N","advancePollNumber":"625","sourceCode":"162-0","geometryPollNumbers":["162"],"code":"48037-162","resultPollNumbers":["162"],"resultStatus":"exact","result":{"electors":364,"voters":113,"totalVotes":113,"rejected":0,"turnout":31.043956043956044,"winnerId":"william-stevenson","winnerPartyId":"CPC","runnerUpId":"michael-fark","runnerUpPartyId":"LIB","margin":67.2566371681416,"top":[{"id":"william-stevenson","name":"William Stevenson","shortName":"Stevenson","partyId":"CPC","votes":94,"share":83.1858407079646},{"id":"michael-fark","name":"Michael Fark","shortName":"Fark","partyId":"LIB","votes":18,"share":15.929203539823009},{"id":"vicky-bayford","name":"Vicky Bayford","shortName":"Bayford","partyId":"PPC","votes":1,"share":0.8849557522123894},{"id":"dale-heath","name":"Dale Heath","shortName":"Heath","partyId":"OTH","votes":0,"share":0}],"partyVotes":{"LIB":18,"CPC":94,"BQ":0,"NDP":0,"GRN":0,"PPC":1,"OTH":0}}},"geometry":{"type":"Polygon","coordinates":[[[368.76,158.77],[368.76,158.75],[368.78,158.75],[368.78,158.74],[368.81,158.73],[368.81,158.74],[368.82,158.76],[368.81,158.76],[368.76,158.77]]]}},{"type":"Feature","id":"48037-163","properties":{"ridingCode":"48037","pollNumber":"163","pollType":"N","advancePollNumber":"625","sourceCode":"163-0","geometryPollNumbers":["163"],"code":"48037-163","resultPollNumbers":["163"],"resultStatus":"exact","result":{"electors":537,"voters":166,"totalVotes":165,"rejected":1,"turnout":30.91247672253259,"winnerId":"william-stevenson","winnerPartyId":"CPC","runnerUpId":"michael-fark","runnerUpPartyId":"LIB","margin":61.212121212121204,"top":[{"id":"william-stevenson","name":"William Stevenson","shortName":"Stevenson","partyId":"CPC","votes":130,"share":78.78787878787878},{"id":"michael-fark","name":"Michael Fark","shortName":"Fark","partyId":"LIB","votes":29,"share":17.575757575757574},{"id":"avni-soma","name":"Avni Soma","shortName":"Soma","partyId":"NDP","votes":5,"share":3.0303030303030303},{"id":"vicky-bayford","name":"Vicky Bayford","shortName":"Bayford","partyId":"PPC","votes":1,"share":0.6060606060606061}],"partyVotes":{"LIB":29,"CPC":130,"BQ":0,"NDP":5,"GRN":0,"PPC":1,"OTH":0}}},"geometry":{"type":"Polygon","coordinates":[[[368.82,158.52],[368.91,158.5],[368.97,158.72],[369.01,158.86],[368.78,158.93],[368.76,158.86],[368.76,158.85],[368.75,158.83],[368.74,158.78],[368.75,158.79],[368.77,158.83],[368.82,158.82],[368.81,158.78],[368.81,158.77],[368.81,158.76],[368.82,158.76],[368.82,158.78],[368.84,158.8],[368.85,158.83],[368.85,158.84],[368.89,158.83],[368.9,158.78],[368.89,158.76],[368.89,158.74],[368.89,158.74],[368.89,158.74],[368.88,158.72],[368.86,158.66],[368.82,158.52]]]}},{"type":"Feature","id":"48037-164","properties":{"ridingCode":"48037","pollNumber":"164","pollType":"N","advancePollNumber":"625","sourceCode":"164-0","geometryPollNumbers":["164"],"code":"48037-164","resultPollNumbers":["164"],"resultStatus":"exact","result":{"electors":282,"voters":112,"totalVotes":112,"rejected":0,"turnout":39.71631205673759,"winnerId":"william-stevenson","winnerPartyId":"CPC","runnerUpId":"michael-fark","runnerUpPartyId":"LIB","margin":75,"top":[{"id":"william-stevenson","name":"William Stevenson","shortName":"Stevenson","partyId":"CPC","votes":95,"share":84.82142857142857},{"id":"michael-fark","name":"Michael Fark","shortName":"Fark","partyId":"LIB","votes":11,"share":9.821428571428571},{"id":"avni-soma","name":"Avni Soma","shortName":"Soma","partyId":"NDP","votes":5,"share":4.464285714285714},{"id":"vicky-bayford","name":"Vicky Bayford","shortName":"Bayford","partyId":"PPC","votes":1,"share":0.8928571428571428}],"partyVotes":{"LIB":11,"CPC":95,"BQ":0,"NDP":5,"GRN":0,"PPC":1,"OTH":0}}},"geometry":{"type":"Polygon","coordinates":[[[368.76,158.74],[368.73,158.75],[368.71,158.69],[368.75,158.68],[368.79,158.67],[368.8,158.71],[368.8,158.71],[368.81,158.73],[368.78,158.74],[368.78,158.75],[368.76,158.75],[368.76,158.74]]]}},{"type":"Feature","id":"48037-165","properties":{"ridingCode":"48037","pollNumber":"165","pollType":"N","advancePollNumber":"625","sourceCode":"165-0","geometryPollNumbers":["165"],"code":"48037-165","resultPollNumbers":["165"],"resultStatus":"exact","result":{"electors":387,"voters":151,"totalVotes":151,"rejected":0,"turnout":39.01808785529715,"winnerId":"william-stevenson","winnerPartyId":"CPC","runnerUpId":"michael-fark","runnerUpPartyId":"LIB","margin":52.980132450331126,"top":[{"id":"william-stevenson","name":"William Stevenson","shortName":"Stevenson","partyId":"CPC","votes":109,"share":72.18543046357617},{"id":"michael-fark","name":"Michael Fark","shortName":"Fark","partyId":"LIB","votes":29,"share":19.205298013245034},{"id":"avni-soma","name":"Avni Soma","shortName":"Soma","partyId":"NDP","votes":8,"share":5.298013245033113},{"id":"vicky-bayford","name":"Vicky Bayford","shortName":"Bayford","partyId":"PPC","votes":4,"share":2.6490066225165565}],"partyVotes":{"LIB":29,"CPC":109,"BQ":0,"NDP":8,"GRN":0,"PPC":4,"OTH":1}}},"geometry":{"type":"Polygon","coordinates":[[[368.81,158.74],[368.83,158.73],[368.82,158.72],[368.85,158.7],[368.83,158.67],[368.86,158.66],[368.88,158.72],[368.89,158.74],[368.88,158.74],[368.84,158.76],[368.82,158.76],[368.81,158.74]],[[368.83,158.74],[368.83,158.74],[368.83,158.74],[368.83,158.74]]]}},{"type":"Feature","id":"48037-166","properties":{"ridingCode":"48037","pollNumber":"166","pollType":"N","advancePollNumber":"625","sourceCode":"166-0","geometryPollNumbers":["166"],"code":"48037-166","resultPollNumbers":["166"],"resultStatus":"exact","result":{"electors":424,"voters":175,"totalVotes":175,"rejected":0,"turnout":41.27358490566038,"winnerId":"william-stevenson","winnerPartyId":"CPC","runnerUpId":"michael-fark","runnerUpPartyId":"LIB","margin":59.42857142857143,"top":[{"id":"william-stevenson","name":"William Stevenson","shortName":"Stevenson","partyId":"CPC","votes":132,"share":75.42857142857143},{"id":"michael-fark","name":"Michael Fark","shortName":"Fark","partyId":"LIB","votes":28,"share":16},{"id":"vicky-bayford","name":"Vicky Bayford","shortName":"Bayford","partyId":"PPC","votes":7,"share":4},{"id":"avni-soma","name":"Avni Soma","shortName":"Soma","partyId":"NDP","votes":5,"share":2.857142857142857}],"partyVotes":{"LIB":28,"CPC":132,"BQ":0,"NDP":5,"GRN":0,"PPC":7,"OTH":3}}},"geometry":{"type":"Polygon","coordinates":[[[368.81,158.73],[368.8,158.71],[368.8,158.71],[368.79,158.67],[368.8,158.67],[368.82,158.67],[368.83,158.67],[368.85,158.7],[368.82,158.72],[368.83,158.73],[368.81,158.74],[368.81,158.73]]]}},{"type":"Feature","id":"48037-167","properties":{"ridingCode":"48037","pollNumber":"167","pollType":"N","advancePollNumber":"625","sourceCode":"167-0","geometryPollNumbers":["167"],"code":"48037-167","resultPollNumbers":["167"],"resultStatus":"exact","result":{"electors":527,"voters":215,"totalVotes":215,"rejected":0,"turnout":40.79696394686907,"winnerId":"william-stevenson","winnerPartyId":"CPC","runnerUpId":"michael-fark","runnerUpPartyId":"LIB","margin":61.395348837209305,"top":[{"id":"william-stevenson","name":"William Stevenson","shortName":"Stevenson","partyId":"CPC","votes":169,"share":78.6046511627907},{"id":"michael-fark","name":"Michael Fark","shortName":"Fark","partyId":"LIB","votes":37,"share":17.209302325581397},{"id":"avni-soma","name":"Avni Soma","shortName":"Soma","partyId":"NDP","votes":8,"share":3.7209302325581395},{"id":"vicky-bayford","name":"Vicky Bayford","shortName":"Bayford","partyId":"PPC","votes":1,"share":0.46511627906976744}],"partyVotes":{"LIB":37,"CPC":169,"BQ":0,"NDP":8,"GRN":0,"PPC":1,"OTH":0}}},"geometry":{"type":"Polygon","coordinates":[[[368.61,158.58],[368.82,158.52],[368.86,158.66],[368.83,158.67],[368.82,158.67],[368.8,158.67],[368.79,158.67],[368.75,158.68],[368.71,158.69],[368.73,158.75],[368.76,158.74],[368.76,158.75],[368.76,158.77],[368.81,158.76],[368.81,158.77],[368.81,158.78],[368.82,158.82],[368.77,158.83],[368.75,158.79],[368.74,158.78],[368.68,158.8],[368.61,158.58]]]}},{"type":"Feature","id":"48037-168","properties":{"ridingCode":"48037","pollNumber":"168","pollType":"N","advancePollNumber":"625","sourceCode":"168-0","geometryPollNumbers":["168"],"code":"48037-168","resultPollNumbers":["168"],"resultStatus":"exact","result":{"electors":358,"voters":137,"totalVotes":135,"rejected":2,"turnout":38.26815642458101,"winnerId":"william-stevenson","winnerPartyId":"CPC","runnerUpId":"michael-fark","runnerUpPartyId":"LIB","margin":74.07407407407408,"top":[{"id":"william-stevenson","name":"William Stevenson","shortName":"Stevenson","partyId":"CPC","votes":114,"share":84.44444444444444},{"id":"michael-fark","name":"Michael Fark","shortName":"Fark","partyId":"LIB","votes":14,"share":10.37037037037037},{"id":"avni-soma","name":"Avni Soma","shortName":"Soma","partyId":"NDP","votes":5,"share":3.7037037037037033},{"id":"vicky-bayford","name":"Vicky Bayford","shortName":"Bayford","partyId":"PPC","votes":2,"share":1.4814814814814816}],"partyVotes":{"LIB":14,"CPC":114,"BQ":0,"NDP":5,"GRN":0,"PPC":2,"OTH":0}}},"geometry":{"type":"Polygon","coordinates":[[[368.73,157.68],[368.73,157.68],[369.03,157.59],[369.21,157.54],[369.25,157.52],[369.28,157.52],[369.69,157.4],[369.83,157.36],[369.92,157.65],[369.98,157.87],[369.98,157.88],[369.97,157.92],[369.97,157.94],[369.98,157.97],[370.01,158.01],[370.02,158.02],[370.17,158.52],[370.21,158.66],[369.77,158.79],[369.86,159.08],[369.71,159.13],[369.56,159.17],[369.42,159.21],[369.27,159.25],[369.21,159.28],[369.14,159.29],[369.14,159.29],[369.05,159.32],[369.02,159.21],[369.01,159.18],[369,159.14],[368.98,159.08],[368.98,159.06],[368.98,159.03],[369.03,158.75],[369.04,158.73],[369.03,158.71],[368.82,157.97],[368.73,157.68]]]}},{"type":"Feature","id":"48037-169","properties":{"ridingCode":"48037","pollNumber":"169","pollType":"N","advancePollNumber":"629","sourceCode":"169-0","geometryPollNumbers":["169","172"],"code":"48037-169","resultPollNumbers":["169"],"resultStatus":"resolved-combination","result":{"electors":478,"voters":279,"totalVotes":277,"rejected":2,"turnout":58.36820083682008,"winnerId":"michael-fark","winnerPartyId":"LIB","runnerUpId":"william-stevenson","runnerUpPartyId":"CPC","margin":6.859205776173286,"top":[{"id":"michael-fark","name":"Michael Fark","shortName":"Fark","partyId":"LIB","votes":136,"share":49.09747292418773},{"id":"william-stevenson","name":"William Stevenson","shortName":"Stevenson","partyId":"CPC","votes":117,"share":42.238267148014444},{"id":"avni-soma","name":"Avni Soma","shortName":"Soma","partyId":"NDP","votes":21,"share":7.581227436823104},{"id":"vicky-bayford","name":"Vicky Bayford","shortName":"Bayford","partyId":"PPC","votes":2,"share":0.7220216606498195}],"partyVotes":{"LIB":136,"CPC":117,"BQ":0,"NDP":21,"GRN":0,"PPC":2,"OTH":1}}},"geometry":{"type":"MultiPolygon","coordinates":[[[[359.55,158.01],[359.54,158.01],[359.55,157.99],[359.57,157.93],[359.6,157.82],[359.63,157.83],[359.64,157.83],[359.63,157.85],[359.63,157.87],[359.64,157.87],[359.65,157.86],[359.66,157.86],[359.67,157.86],[359.67,157.87],[359.68,157.91],[359.67,157.92],[359.67,157.91],[359.67,157.91],[359.67,157.92],[359.66,157.92],[359.66,157.92],[359.62,157.91],[359.6,157.92],[359.56,158.01],[359.55,158.01]],[[359.59,157.88],[359.59,157.88],[359.59,157.88],[359.59,157.88]]],[[[359.67,157.77],[359.67,157.75],[359.68,157.75],[359.69,157.75],[359.7,157.77],[359.72,157.77],[359.73,157.76],[359.73,157.76],[359.74,157.77],[359.73,157.78],[359.73,157.79],[359.72,157.8],[359.71,157.8],[359.7,157.8],[359.7,157.79],[359.7,157.79],[359.7,157.78],[359.68,157.79],[359.67,157.8],[359.66,157.79],[359.67,157.78],[359.68,157.79],[359.69,157.78],[359.69,157.77],[359.68,157.77],[359.67,157.77]]]]}},{"type":"Feature","id":"48037-170","properties":{"ridingCode":"48037","pollNumber":"170","pollType":"N","advancePollNumber":"629","sourceCode":"170-0","geometryPollNumbers":["170"],"code":"48037-170","resultPollNumbers":["170"],"resultStatus":"exact","result":{"electors":543,"voters":156,"totalVotes":155,"rejected":1,"turnout":28.7292817679558,"winnerId":"michael-fark","winnerPartyId":"LIB","runnerUpId":"william-stevenson","runnerUpPartyId":"CPC","margin":20.64516129032258,"top":[{"id":"michael-fark","name":"Michael Fark","shortName":"Fark","partyId":"LIB","votes":91,"share":58.70967741935483},{"id":"william-stevenson","name":"William Stevenson","shortName":"Stevenson","partyId":"CPC","votes":59,"share":38.064516129032256},{"id":"dale-heath","name":"Dale Heath","shortName":"Heath","partyId":"OTH","votes":3,"share":1.935483870967742},{"id":"avni-soma","name":"Avni Soma","shortName":"Soma","partyId":"NDP","votes":2,"share":1.2903225806451613}],"partyVotes":{"LIB":91,"CPC":59,"BQ":0,"NDP":2,"GRN":0,"PPC":0,"OTH":3}}},"geometry":{"type":"Polygon","coordinates":[[[359.67,157.92],[359.67,157.91],[359.67,157.91],[359.67,157.92],[359.68,157.91],[359.67,157.87],[359.67,157.86],[359.66,157.86],[359.65,157.86],[359.64,157.87],[359.63,157.87],[359.63,157.85],[359.64,157.83],[359.64,157.83],[359.65,157.83],[359.67,157.8],[359.68,157.79],[359.7,157.78],[359.7,157.79],[359.7,157.79],[359.7,157.8],[359.71,157.8],[359.72,157.8],[359.74,157.8],[359.73,157.81],[359.73,157.82],[359.73,157.82],[359.73,157.83],[359.75,157.84],[359.74,157.86],[359.74,157.88],[359.75,157.87],[359.75,157.87],[359.76,157.88],[359.75,157.88],[359.68,157.92],[359.67,157.92],[359.66,157.92],[359.66,157.92],[359.67,157.92]]]}},{"type":"Feature","id":"48037-171","properties":{"ridingCode":"48037","pollNumber":"171","pollType":"N","advancePollNumber":"629","sourceCode":"171-0","geometryPollNumbers":["171"],"code":"48037-171","resultPollNumbers":["171"],"resultStatus":"exact","result":{"electors":497,"voters":156,"totalVotes":156,"rejected":0,"turnout":31.388329979879277,"winnerId":"michael-fark","winnerPartyId":"LIB","runnerUpId":"william-stevenson","runnerUpPartyId":"CPC","margin":19.871794871794872,"top":[{"id":"michael-fark","name":"Michael Fark","shortName":"Fark","partyId":"LIB","votes":89,"share":57.05128205128205},{"id":"william-stevenson","name":"William Stevenson","shortName":"Stevenson","partyId":"CPC","votes":58,"share":37.17948717948718},{"id":"avni-soma","name":"Avni Soma","shortName":"Soma","partyId":"NDP","votes":7,"share":4.487179487179487},{"id":"dale-heath","name":"Dale Heath","shortName":"Heath","partyId":"OTH","votes":2,"share":1.282051282051282}],"partyVotes":{"LIB":89,"CPC":58,"BQ":0,"NDP":7,"GRN":0,"PPC":0,"OTH":2}}},"geometry":{"type":"Polygon","coordinates":[[[359.63,157.83],[359.64,157.8],[359.65,157.77],[359.67,157.77],[359.67,157.77],[359.68,157.77],[359.69,157.77],[359.69,157.78],[359.68,157.79],[359.67,157.78],[359.66,157.79],[359.67,157.8],[359.65,157.83],[359.64,157.83],[359.64,157.83],[359.63,157.83]]]}},{"type":"Feature","id":"48037-173","properties":{"ridingCode":"48037","pollNumber":"173","pollType":"N","advancePollNumber":"629","sourceCode":"173-0","geometryPollNumbers":["173"],"code":"48037-173","resultPollNumbers":["173"],"resultStatus":"exact","result":{"electors":484,"voters":145,"totalVotes":145,"rejected":0,"turnout":29.958677685950413,"winnerId":"michael-fark","winnerPartyId":"LIB","runnerUpId":"william-stevenson","runnerUpPartyId":"CPC","margin":18.620689655172416,"top":[{"id":"michael-fark","name":"Michael Fark","shortName":"Fark","partyId":"LIB","votes":79,"share":54.48275862068965},{"id":"william-stevenson","name":"William Stevenson","shortName":"Stevenson","partyId":"CPC","votes":52,"share":35.86206896551724},{"id":"avni-soma","name":"Avni Soma","shortName":"Soma","partyId":"NDP","votes":12,"share":8.275862068965518},{"id":"vicky-bayford","name":"Vicky Bayford","shortName":"Bayford","partyId":"PPC","votes":1,"share":0.6896551724137931}],"partyVotes":{"LIB":79,"CPC":52,"BQ":0,"NDP":12,"GRN":0,"PPC":1,"OTH":1}}},"geometry":{"type":"Polygon","coordinates":[[[359.67,157.77],[359.67,157.77],[359.65,157.77],[359.65,157.71],[359.66,157.72],[359.69,157.73],[359.72,157.75],[359.72,157.77],[359.7,157.77],[359.69,157.75],[359.68,157.75],[359.67,157.75],[359.67,157.77]]]}},{"type":"Feature","id":"48037-175","properties":{"ridingCode":"48037","pollNumber":"175","pollType":"N","advancePollNumber":"625","sourceCode":"174-0","geometryPollNumbers":["174","175"],"code":"48037-175","resultPollNumbers":["175"],"resultStatus":"resolved-combination","result":{"electors":449,"voters":372,"totalVotes":372,"rejected":0,"turnout":82.85077951002228,"winnerId":"william-stevenson","winnerPartyId":"CPC","runnerUpId":"michael-fark","runnerUpPartyId":"LIB","margin":78.2258064516129,"top":[{"id":"william-stevenson","name":"William Stevenson","shortName":"Stevenson","partyId":"CPC","votes":329,"share":88.44086021505376},{"id":"michael-fark","name":"Michael Fark","shortName":"Fark","partyId":"LIB","votes":38,"share":10.21505376344086},{"id":"avni-soma","name":"Avni Soma","shortName":"Soma","partyId":"NDP","votes":3,"share":0.8064516129032258},{"id":"vicky-bayford","name":"Vicky Bayford","shortName":"Bayford","partyId":"PPC","votes":2,"share":0.5376344086021506}],"partyVotes":{"LIB":38,"CPC":329,"BQ":0,"NDP":3,"GRN":0,"PPC":2,"OTH":0}}},"geometry":{"type":"MultiPolygon","coordinates":[[[[367.03,159.44],[366.77,158.57],[366.78,158.57],[366.83,158.55],[366.83,158.55],[367.07,158.48],[367.09,158.48],[367.09,158.48],[367.1,158.47],[367.21,158.44],[367.24,158.43],[367.26,158.43],[367.27,158.43],[367.34,158.41],[367.38,158.39],[367.39,158.39],[367.74,158.29],[367.75,158.28],[367.76,158.27],[367.79,158.29],[367.8,158.28],[367.85,158.43],[367.88,158.56],[368.05,159.14],[367.91,159.18],[367.32,159.36],[367.03,159.44]]],[[[366.53,157.69],[366.82,157.61],[366.84,157.6],[366.87,157.56],[366.88,157.55],[366.9,157.55],[366.94,157.56],[366.96,157.56],[367.54,157.39],[367.55,157.43],[367.71,157.98],[368.44,157.77],[368.59,157.72],[368.73,157.68],[368.82,157.97],[368.77,157.98],[368.73,158.05],[368.65,158.07],[368.65,158.02],[368.27,158.13],[368.24,158.14],[368.21,158.17],[368.19,158.18],[368.18,158.18],[368.16,158.18],[368.16,158.19],[368.15,158.2],[368.11,158.21],[368.1,158.2],[368.09,158.18],[367.94,158.23],[367.92,158.24],[367.8,158.28],[367.79,158.29],[367.76,158.27],[367.75,158.28],[367.74,158.29],[367.39,158.39],[367.38,158.39],[367.34,158.41],[367.27,158.43],[367.26,158.43],[367.24,158.43],[367.21,158.44],[367.1,158.47],[367.09,158.48],[367.09,158.48],[367.07,158.48],[366.83,158.55],[366.83,158.55],[366.78,158.57],[366.77,158.57],[366.71,158.35],[366.68,158.26],[366.68,158.25],[366.69,158.22],[366.69,158.2],[366.63,158.08],[366.62,158.07],[366.54,157.79],[366.53,157.69]]]]}},{"type":"Feature","id":"48037-176","properties":{"ridingCode":"48037","pollNumber":"176","pollType":"N","advancePollNumber":"628","sourceCode":"176-0","geometryPollNumbers":["176"],"code":"48037-176","resultPollNumbers":["176"],"resultStatus":"exact","result":{"electors":331,"voters":132,"totalVotes":132,"rejected":0,"turnout":39.87915407854985,"winnerId":"william-stevenson","winnerPartyId":"CPC","runnerUpId":"michael-fark","runnerUpPartyId":"LIB","margin":16.666666666666664,"top":[{"id":"william-stevenson","name":"William Stevenson","shortName":"Stevenson","partyId":"CPC","votes":69,"share":52.27272727272727},{"id":"michael-fark","name":"Michael Fark","shortName":"Fark","partyId":"LIB","votes":47,"share":35.60606060606061},{"id":"avni-soma","name":"Avni Soma","shortName":"Soma","partyId":"NDP","votes":15,"share":11.363636363636363},{"id":"vicky-bayford","name":"Vicky Bayford","shortName":"Bayford","partyId":"PPC","votes":1,"share":0.7575757575757576}],"partyVotes":{"LIB":47,"CPC":69,"BQ":0,"NDP":15,"GRN":0,"PPC":1,"OTH":0}}},"geometry":{"type":"Polygon","coordinates":[[[359.99,157.34],[360.03,157.3],[360.05,157.28],[360.15,157.24],[360.16,157.24],[360.17,157.25],[360.17,157.28],[360.18,157.28],[360.19,157.29],[360.21,157.29],[360.24,157.29],[360.25,157.29],[360.32,157.26],[360.34,157.25],[360.35,157.25],[360.37,157.25],[360.39,157.26],[360.46,157.32],[360.48,157.32],[360.49,157.32],[360.5,157.31],[360.53,157.28],[360.56,157.24],[360.58,157.19],[360.58,157.18],[360.59,157.17],[360.61,157.16],[360.64,157.16],[360.69,157.17],[360.79,157.19],[360.81,157.2],[360.91,157.27],[360.92,157.27],[360.97,157.28],[361,157.29],[361.08,157.31],[361.2,157.36],[361.21,157.37],[361.25,157.38],[361.3,157.38],[361.33,157.38],[361.36,157.4],[361.38,157.4],[361.39,157.38],[361.4,157.37],[361.4,157.36],[361.4,157.38],[361.4,157.39],[361.39,157.4],[361.39,157.41],[361.37,157.56],[361.37,157.57],[361.37,157.63],[361.32,157.93],[361.33,157.94],[361.35,157.98],[361.36,157.98],[361.38,157.99],[361.43,158],[361.42,158.02],[361.41,158.03],[361.4,158.04],[361.4,158.06],[361.4,158.07],[361.39,158.07],[361.38,158.08],[361.37,158.08],[361.36,158.09],[361.35,158.09],[361.35,158.09],[361.34,158.1],[361.33,158.1],[361.31,158.1],[361.31,158.11],[361.3,158.1],[361.3,158.11],[361.3,158.11],[361.29,158.11],[361.28,158.11],[361.27,158.11],[361.49,158.81],[361.51,158.82],[361.52,158.83],[361.55,158.83],[361.57,158.83],[361.6,158.82],[361.61,158.82],[361.62,158.82],[361.64,158.82],[361.66,158.81],[361.67,158.79],[361.69,158.79],[361.71,158.78],[361.72,158.78],[361.72,158.77],[361.73,158.77],[361.76,158.77],[361.8,158.77],[361.81,158.76],[361.82,158.76],[361.83,158.77],[361.84,158.77],[361.86,158.77],[361.87,158.78],[361.88,158.78],[361.9,158.78],[361.91,158.77],[361.95,158.75],[361.96,158.75],[361.96,158.76],[361.97,158.77],[361.99,158.77],[362,158.78],[362.01,158.79],[362.02,158.79],[362.02,158.78],[362.03,158.77],[362.03,158.77],[362.04,158.78],[362.05,158.79],[362.07,158.8],[362.08,158.81],[362.08,158.81],[362.11,158.82],[362.12,158.83],[362.15,158.87],[362.16,158.87],[362.17,158.89],[362.19,158.9],[362.2,158.91],[362.2,158.93],[362.21,158.94],[362.21,158.95],[362.22,158.95],[362.24,158.96],[362.26,158.96],[362.26,158.96],[362.27,158.95],[362.31,158.94],[362.32,158.92],[362.33,158.91],[362.34,158.9],[362.36,158.89],[362.38,158.89],[362.39,158.9],[362.4,158.9],[362.41,158.9],[362.42,158.9],[362.44,158.91],[362.45,158.91],[362.47,158.9],[362.46,158.92],[362.3,158.96],[362.25,159],[362.04,159.06],[361.23,159.32],[361.22,159.2],[361.23,159.19],[361.25,159.19],[361.24,159.16],[361.22,159.14],[361.22,159.13],[361.21,159.1],[361.2,159.09],[361.18,159.07],[361.15,159.06],[361.13,159.04],[361.1,159.03],[361.06,159.02],[361.04,159.01],[360.99,159.04],[360.98,159.07],[360.95,159.07],[360.91,159.08],[360.9,159.08],[360.88,159.05],[360.81,159],[360.78,159.01],[360.75,158.99],[360.7,158.99],[360.64,158.94],[360.63,158.95],[360.58,158.96],[360.57,158.95],[360.53,158.95],[360.51,158.96],[360.5,158.95],[360.48,158.95],[360.47,158.94],[360.45,158.94],[360.39,158.92],[360.38,158.88],[360.38,158.81],[360.36,158.76],[360.36,158.74],[360.35,158.71],[360.32,158.7],[360.31,158.69],[360.29,158.69],[360.26,158.69],[360.24,158.68],[360.23,158.67],[360.23,158.65],[360.23,158.64],[360.24,158.63],[360.25,158.62],[360.25,158.6],[360.24,158.58],[360.25,158.53],[360.26,158.5],[360.26,158.47],[360.29,158.41],[360.27,158.42],[360.24,158.43],[360.23,158.42],[360.21,158.4],[360.2,158.39],[360.18,158.39],[360.13,158.44],[360.11,158.45],[360.07,158.45],[359.95,158.42],[359.93,158.42],[359.49,158.36],[359.48,158.3],[359.49,158.31],[359.54,158.29],[359.53,158.22],[359.51,158.21],[359.5,158.21],[359.51,158.18],[359.63,158.22],[359.7,158.2],[359.68,158.13],[359.75,158.1],[359.73,158.03],[359.8,158.01],[359.78,157.94],[359.81,157.93],[359.79,157.86],[359.9,157.82],[359.83,157.58],[359.86,157.54],[359.88,157.48],[359.91,157.42],[359.99,157.34]]]}},{"type":"Feature","id":"48037-177","properties":{"ridingCode":"48037","pollNumber":"177","pollType":"N","advancePollNumber":"628","sourceCode":"177-0","geometryPollNumbers":["177"],"code":"48037-177","resultPollNumbers":["177"],"resultStatus":"exact","result":{"electors":445,"voters":167,"totalVotes":167,"rejected":0,"turnout":37.52808988764045,"winnerId":"william-stevenson","winnerPartyId":"CPC","runnerUpId":"michael-fark","runnerUpPartyId":"LIB","margin":24.550898203592812,"top":[{"id":"william-stevenson","name":"William Stevenson","shortName":"Stevenson","partyId":"CPC","votes":96,"share":57.48502994011976},{"id":"michael-fark","name":"Michael Fark","shortName":"Fark","partyId":"LIB","votes":55,"share":32.93413173652694},{"id":"avni-soma","name":"Avni Soma","shortName":"Soma","partyId":"NDP","votes":12,"share":7.18562874251497},{"id":"vicky-bayford","name":"Vicky Bayford","shortName":"Bayford","partyId":"PPC","votes":2,"share":1.1976047904191618}],"partyVotes":{"LIB":55,"CPC":96,"BQ":0,"NDP":12,"GRN":0,"PPC":2,"OTH":2}}},"geometry":{"type":"Polygon","coordinates":[[[359.69,157.47],[359.7,157.44],[359.71,157.43],[359.87,157.23],[359.92,157.19],[359.94,157.17],[360,157.16],[360.12,157.14],[360.13,157.13],[360.16,157.14],[360.27,157.17],[360.19,156.92],[360.11,156.95],[360.07,156.82],[360.07,156.8],[360.81,156.57],[361.67,156.3],[361.82,156.81],[361.83,156.82],[361.86,156.9],[361.61,156.87],[361.61,156.88],[361.61,156.9],[361.61,156.91],[361.62,156.93],[361.63,156.96],[361.62,156.97],[361.59,156.98],[361.58,156.99],[361.56,157],[361.55,157.02],[361.54,157.02],[361.54,157.03],[361.54,157.03],[361.58,157.05],[361.59,157.05],[361.59,157.06],[361.6,157.08],[361.59,157.1],[361.58,157.11],[361.57,157.12],[361.55,157.14],[361.53,157.18],[361.52,157.18],[361.52,157.19],[361.51,157.22],[361.51,157.23],[361.49,157.23],[361.49,157.23],[361.48,157.22],[361.49,157.21],[361.49,157.2],[361.47,157.2],[361.45,157.2],[361.43,157.22],[361.41,157.23],[361.41,157.24],[361.41,157.25],[361.41,157.26],[361.42,157.28],[361.42,157.29],[361.41,157.31],[361.45,157.31],[361.55,157.35],[361.6,157.39],[361.76,157.46],[361.81,157.47],[361.81,157.49],[361.79,157.53],[361.76,157.58],[361.51,157.47],[361.53,157.39],[361.53,157.39],[361.52,157.39],[361.52,157.38],[361.5,157.38],[361.48,157.37],[361.46,157.36],[361.45,157.36],[361.44,157.36],[361.44,157.35],[361.43,157.35],[361.43,157.35],[361.42,157.34],[361.42,157.35],[361.42,157.35],[361.4,157.36],[361.4,157.37],[361.39,157.38],[361.38,157.4],[361.36,157.4],[361.33,157.38],[361.3,157.38],[361.25,157.38],[361.21,157.37],[361.2,157.36],[361.08,157.31],[361,157.29],[360.97,157.28],[360.92,157.27],[360.91,157.27],[360.81,157.2],[360.79,157.19],[360.69,157.17],[360.64,157.16],[360.61,157.16],[360.59,157.17],[360.58,157.18],[360.58,157.19],[360.56,157.24],[360.53,157.28],[360.5,157.31],[360.49,157.32],[360.48,157.32],[360.46,157.32],[360.39,157.26],[360.37,157.25],[360.35,157.25],[360.34,157.25],[360.32,157.26],[360.25,157.29],[360.24,157.29],[360.21,157.29],[360.19,157.29],[360.18,157.28],[360.17,157.28],[360.17,157.25],[360.16,157.24],[360.15,157.24],[360.05,157.28],[360.03,157.3],[359.99,157.34],[359.91,157.42],[359.88,157.48],[359.86,157.54],[359.83,157.58],[359.8,157.6],[359.76,157.63],[359.73,157.64],[359.66,157.65],[359.68,157.51],[359.69,157.47]]]}},{"type":"Feature","id":"48037-178","properties":{"ridingCode":"48037","pollNumber":"178","pollType":"N","advancePollNumber":"629","sourceCode":"178-0","geometryPollNumbers":["178"],"code":"48037-178","resultPollNumbers":["178"],"resultStatus":"exact","result":{"electors":373,"voters":120,"totalVotes":119,"rejected":1,"turnout":32.171581769437,"winnerId":"michael-fark","winnerPartyId":"LIB","runnerUpId":"william-stevenson","runnerUpPartyId":"CPC","margin":5.042016806722689,"top":[{"id":"michael-fark","name":"Michael Fark","shortName":"Fark","partyId":"LIB","votes":59,"share":49.57983193277311},{"id":"william-stevenson","name":"William Stevenson","shortName":"Stevenson","partyId":"CPC","votes":53,"share":44.537815126050425},{"id":"avni-soma","name":"Avni Soma","shortName":"Soma","partyId":"NDP","votes":6,"share":5.042016806722689},{"id":"dale-heath","name":"Dale Heath","shortName":"Heath","partyId":"OTH","votes":1,"share":0.8403361344537815}],"partyVotes":{"LIB":59,"CPC":53,"BQ":0,"NDP":6,"GRN":0,"PPC":0,"OTH":1}}},"geometry":{"type":"Polygon","coordinates":[[[359.48,157.95],[359.47,157.96],[359.45,157.91],[359.47,157.91],[359.48,157.91],[359.48,157.89],[359.51,157.89],[359.51,157.9],[359.51,157.9],[359.51,157.9],[359.51,157.92],[359.51,157.93],[359.52,157.94],[359.51,157.95],[359.5,157.95],[359.49,157.98],[359.48,157.98],[359.48,157.97],[359.48,157.97],[359.49,157.96],[359.48,157.95]]]}},{"type":"Feature","id":"48037-179","properties":{"ridingCode":"48037","pollNumber":"179","pollType":"N","advancePollNumber":"629","sourceCode":"179-0","geometryPollNumbers":["179"],"code":"48037-179","resultPollNumbers":["179"],"resultStatus":"exact","result":{"electors":526,"voters":189,"totalVotes":188,"rejected":1,"turnout":35.93155893536122,"winnerId":"michael-fark","winnerPartyId":"LIB","runnerUpId":"william-stevenson","runnerUpPartyId":"CPC","margin":13.297872340425531,"top":[{"id":"michael-fark","name":"Michael Fark","shortName":"Fark","partyId":"LIB","votes":96,"share":51.06382978723404},{"id":"william-stevenson","name":"William Stevenson","shortName":"Stevenson","partyId":"CPC","votes":71,"share":37.765957446808514},{"id":"avni-soma","name":"Avni Soma","shortName":"Soma","partyId":"NDP","votes":21,"share":11.170212765957446},{"id":"vicky-bayford","name":"Vicky Bayford","shortName":"Bayford","partyId":"PPC","votes":0,"share":0}],"partyVotes":{"LIB":96,"CPC":71,"BQ":0,"NDP":21,"GRN":0,"PPC":0,"OTH":0}}},"geometry":{"type":"Polygon","coordinates":[[[359.52,157.94],[359.51,157.93],[359.53,157.92],[359.52,157.91],[359.54,157.91],[359.54,157.9],[359.53,157.87],[359.54,157.87],[359.54,157.86],[359.55,157.86],[359.56,157.86],[359.57,157.85],[359.59,157.82],[359.59,157.82],[359.6,157.82],[359.57,157.93],[359.55,157.99],[359.54,158.01],[359.53,158.01],[359.54,157.98],[359.54,157.98],[359.54,157.97],[359.54,157.97],[359.53,157.94],[359.52,157.94]]]}},{"type":"Feature","id":"48037-180","properties":{"ridingCode":"48037","pollNumber":"180","pollType":"N","advancePollNumber":"630","sourceCode":"180-0","geometryPollNumbers":["180"],"code":"48037-180","resultPollNumbers":["180"],"resultStatus":"exact","result":{"electors":588,"voters":179,"totalVotes":179,"rejected":0,"turnout":30.4421768707483,"winnerId":"michael-fark","winnerPartyId":"LIB","runnerUpId":"william-stevenson","runnerUpPartyId":"CPC","margin":24.022346368715084,"top":[{"id":"michael-fark","name":"Michael Fark","shortName":"Fark","partyId":"LIB","votes":107,"share":59.77653631284916},{"id":"william-stevenson","name":"William Stevenson","shortName":"Stevenson","partyId":"CPC","votes":64,"share":35.754189944134076},{"id":"avni-soma","name":"Avni Soma","shortName":"Soma","partyId":"NDP","votes":8,"share":4.4692737430167595},{"id":"vicky-bayford","name":"Vicky Bayford","shortName":"Bayford","partyId":"PPC","votes":0,"share":0}],"partyVotes":{"LIB":107,"CPC":64,"BQ":0,"NDP":8,"GRN":0,"PPC":0,"OTH":0}}},"geometry":{"type":"Polygon","coordinates":[[[359.4,157.85],[359.41,157.84],[359.41,157.84],[359.42,157.83],[359.43,157.82],[359.43,157.81],[359.43,157.8],[359.43,157.79],[359.44,157.79],[359.44,157.77],[359.45,157.77],[359.45,157.77],[359.45,157.78],[359.46,157.78],[359.45,157.8],[359.47,157.8],[359.47,157.82],[359.47,157.84],[359.47,157.84],[359.48,157.83],[359.49,157.83],[359.49,157.83],[359.48,157.85],[359.48,157.87],[359.48,157.89],[359.48,157.91],[359.47,157.91],[359.45,157.91],[359.44,157.87],[359.42,157.87],[359.42,157.85],[359.42,157.85],[359.42,157.85],[359.41,157.86],[359.41,157.86],[359.4,157.85]]]}},{"type":"Feature","id":"48037-181","properties":{"ridingCode":"48037","pollNumber":"181","pollType":"N","advancePollNumber":"628","sourceCode":"181-0","geometryPollNumbers":["181"],"code":"48037-181","resultPollNumbers":["181"],"resultStatus":"exact","result":{"electors":557,"voters":234,"totalVotes":233,"rejected":1,"turnout":42.010771992818675,"winnerId":"michael-fark","winnerPartyId":"LIB","runnerUpId":"william-stevenson","runnerUpPartyId":"CPC","margin":15.021459227467812,"top":[{"id":"michael-fark","name":"Michael Fark","shortName":"Fark","partyId":"LIB","votes":122,"share":52.36051502145923},{"id":"william-stevenson","name":"William Stevenson","shortName":"Stevenson","partyId":"CPC","votes":87,"share":37.33905579399141},{"id":"avni-soma","name":"Avni Soma","shortName":"Soma","partyId":"NDP","votes":21,"share":9.012875536480687},{"id":"vicky-bayford","name":"Vicky Bayford","shortName":"Bayford","partyId":"PPC","votes":3,"share":1.2875536480686696}],"partyVotes":{"LIB":122,"CPC":87,"BQ":0,"NDP":21,"GRN":0,"PPC":3,"OTH":0}}},"geometry":{"type":"Polygon","coordinates":[[[358.8,157.21],[359.1,157.12],[359.62,156.94],[359.67,157.09],[359.52,157.13],[359.57,157.28],[359.42,157.32],[359.47,157.48],[359.32,157.52],[359.37,157.67],[359.16,157.73],[359.17,157.78],[359.17,157.8],[359.2,157.88],[359.23,157.87],[359.26,157.88],[359.26,157.88],[359.29,157.87],[359.3,157.87],[359.31,157.88],[359.31,157.87],[359.33,157.86],[359.35,157.84],[359.36,157.84],[359.36,157.84],[359.37,157.85],[359.37,157.88],[359.37,157.89],[359.38,157.89],[359.39,157.89],[359.4,157.88],[359.41,157.88],[359.4,157.87],[359.39,157.84],[359.39,157.83],[359.39,157.82],[359.4,157.79],[359.42,157.8],[359.43,157.8],[359.43,157.81],[359.43,157.82],[359.42,157.83],[359.41,157.84],[359.41,157.84],[359.4,157.85],[359.41,157.86],[359.41,157.86],[359.42,157.85],[359.42,157.85],[359.42,157.85],[359.42,157.87],[359.44,157.87],[359.45,157.91],[359.47,157.96],[359.48,157.95],[359.49,157.96],[359.48,157.97],[359.48,157.97],[359.48,157.98],[359.49,157.98],[359.5,157.95],[359.51,157.95],[359.52,157.94],[359.53,157.94],[359.54,157.97],[359.54,157.97],[359.54,157.98],[359.54,157.98],[359.53,158.01],[359.54,158.01],[359.55,158.01],[359.56,158.01],[359.5,158.18],[359.47,158.27],[359.46,158.28],[359.42,158.32],[359.4,158.33],[359.35,158.38],[359.33,158.38],[359.29,158.41],[359.23,158.43],[358.96,158.42],[358.99,158.33],[358.99,158.29],[359,158.25],[359.01,158.22],[359.03,158.18],[359.03,158.14],[359.03,158.11],[359.04,158.08],[359.07,158.03],[359.06,158.02],[359.06,158],[359.05,157.98],[359.06,157.96],[359.07,157.94],[358.76,157.55],[358.77,157.49],[358.75,157.44],[358.76,157.42],[358.79,157.36],[358.77,157.32],[358.76,157.3],[358.78,157.27],[358.81,157.25],[358.8,157.23],[358.8,157.21]]]}},{"type":"Feature","id":"48037-182","properties":{"ridingCode":"48037","pollNumber":"182","pollType":"N","advancePollNumber":"630","sourceCode":"182-0","geometryPollNumbers":["182"],"code":"48037-182","resultPollNumbers":["182"],"resultStatus":"exact","result":{"electors":529,"voters":114,"totalVotes":113,"rejected":1,"turnout":21.550094517958414,"winnerId":"william-stevenson","winnerPartyId":"CPC","runnerUpId":"michael-fark","runnerUpPartyId":"LIB","margin":1.7699115044247788,"top":[{"id":"william-stevenson","name":"William Stevenson","shortName":"Stevenson","partyId":"CPC","votes":54,"share":47.78761061946903},{"id":"michael-fark","name":"Michael Fark","shortName":"Fark","partyId":"LIB","votes":52,"share":46.017699115044245},{"id":"avni-soma","name":"Avni Soma","shortName":"Soma","partyId":"NDP","votes":5,"share":4.424778761061947},{"id":"vicky-bayford","name":"Vicky Bayford","shortName":"Bayford","partyId":"PPC","votes":2,"share":1.7699115044247788}],"partyVotes":{"LIB":52,"CPC":54,"BQ":0,"NDP":5,"GRN":0,"PPC":2,"OTH":0}}},"geometry":{"type":"Polygon","coordinates":[[[359.55,157.84],[359.56,157.83],[359.56,157.82],[359.57,157.81],[359.57,157.81],[359.57,157.79],[359.57,157.77],[359.57,157.77],[359.57,157.76],[359.56,157.75],[359.56,157.74],[359.61,157.73],[359.61,157.71],[359.62,157.69],[359.63,157.67],[359.64,157.67],[359.63,157.68],[359.63,157.69],[359.61,157.79],[359.6,157.82],[359.59,157.82],[359.59,157.82],[359.57,157.85],[359.55,157.85],[359.55,157.84]]]}},{"type":"Feature","id":"48037-183","properties":{"ridingCode":"48037","pollNumber":"183","pollType":"N","advancePollNumber":"630","sourceCode":"183-0","geometryPollNumbers":["183"],"code":"48037-183","resultPollNumbers":["183"],"resultStatus":"exact","result":{"electors":409,"voters":95,"totalVotes":95,"rejected":0,"turnout":23.227383863080682,"winnerId":"michael-fark","winnerPartyId":"LIB","runnerUpId":"william-stevenson","runnerUpPartyId":"CPC","margin":25.263157894736842,"top":[{"id":"michael-fark","name":"Michael Fark","shortName":"Fark","partyId":"LIB","votes":55,"share":57.89473684210527},{"id":"william-stevenson","name":"William Stevenson","shortName":"Stevenson","partyId":"CPC","votes":31,"share":32.631578947368425},{"id":"avni-soma","name":"Avni Soma","shortName":"Soma","partyId":"NDP","votes":8,"share":8.421052631578947},{"id":"dale-heath","name":"Dale Heath","shortName":"Heath","partyId":"OTH","votes":1,"share":1.0526315789473684}],"partyVotes":{"LIB":55,"CPC":31,"BQ":0,"NDP":8,"GRN":0,"PPC":0,"OTH":1}}},"geometry":{"type":"Polygon","coordinates":[[[359.46,157.67],[359.47,157.66],[359.51,157.6],[359.52,157.6],[359.57,157.59],[359.57,157.59],[359.58,157.59],[359.59,157.57],[359.6,157.56],[359.61,157.54],[359.63,157.53],[359.64,157.52],[359.65,157.51],[359.65,157.52],[359.65,157.52],[359.67,157.52],[359.68,157.51],[359.66,157.65],[359.65,157.66],[359.64,157.67],[359.63,157.67],[359.62,157.69],[359.61,157.71],[359.61,157.73],[359.56,157.74],[359.56,157.75],[359.57,157.76],[359.57,157.77],[359.57,157.77],[359.57,157.79],[359.57,157.81],[359.57,157.81],[359.56,157.82],[359.56,157.81],[359.54,157.82],[359.54,157.81],[359.53,157.77],[359.51,157.78],[359.5,157.79],[359.49,157.73],[359.5,157.72],[359.5,157.7],[359.48,157.7],[359.48,157.69],[359.48,157.7],[359.47,157.68],[359.47,157.68],[359.46,157.67]]]}},{"type":"Feature","id":"48037-184","properties":{"ridingCode":"48037","pollNumber":"184","pollType":"N","advancePollNumber":"630","sourceCode":"184-0","geometryPollNumbers":["184"],"code":"48037-184","resultPollNumbers":["184"],"resultStatus":"exact","result":{"electors":651,"voters":200,"totalVotes":197,"rejected":3,"turnout":30.721966205837177,"winnerId":"michael-fark","winnerPartyId":"LIB","runnerUpId":"william-stevenson","runnerUpPartyId":"CPC","margin":2.5380710659898478,"top":[{"id":"michael-fark","name":"Michael Fark","shortName":"Fark","partyId":"LIB","votes":90,"share":45.68527918781726},{"id":"william-stevenson","name":"William Stevenson","shortName":"Stevenson","partyId":"CPC","votes":85,"share":43.14720812182741},{"id":"avni-soma","name":"Avni Soma","shortName":"Soma","partyId":"NDP","votes":20,"share":10.152284263959391},{"id":"vicky-bayford","name":"Vicky Bayford","shortName":"Bayford","partyId":"PPC","votes":2,"share":1.015228426395939}],"partyVotes":{"LIB":90,"CPC":85,"BQ":0,"NDP":20,"GRN":0,"PPC":2,"OTH":0}}},"geometry":{"type":"Polygon","coordinates":[[[359.6,157.82],[359.61,157.79],[359.63,157.69],[359.63,157.68],[359.64,157.67],[359.65,157.66],[359.66,157.65],[359.65,157.71],[359.65,157.77],[359.64,157.8],[359.63,157.83],[359.6,157.82]]]}},{"type":"Feature","id":"48037-185","properties":{"ridingCode":"48037","pollNumber":"185","pollType":"N","advancePollNumber":"628","sourceCode":"185-0","geometryPollNumbers":["185"],"code":"48037-185","resultPollNumbers":["185"],"resultStatus":"exact","result":{"electors":428,"voters":157,"totalVotes":157,"rejected":0,"turnout":36.68224299065421,"winnerId":"michael-fark","winnerPartyId":"LIB","runnerUpId":"william-stevenson","runnerUpPartyId":"CPC","margin":14.012738853503185,"top":[{"id":"michael-fark","name":"Michael Fark","shortName":"Fark","partyId":"LIB","votes":81,"share":51.59235668789809},{"id":"william-stevenson","name":"William Stevenson","shortName":"Stevenson","partyId":"CPC","votes":59,"share":37.57961783439491},{"id":"avni-soma","name":"Avni Soma","shortName":"Soma","partyId":"NDP","votes":17,"share":10.828025477707007},{"id":"vicky-bayford","name":"Vicky Bayford","shortName":"Bayford","partyId":"PPC","votes":0,"share":0}],"partyVotes":{"LIB":81,"CPC":59,"BQ":0,"NDP":17,"GRN":0,"PPC":0,"OTH":0}}},"geometry":{"type":"Polygon","coordinates":[[[359.72,157.75],[359.73,157.75],[359.74,157.75],[359.74,157.73],[359.75,157.73],[359.75,157.73],[359.74,157.72],[359.74,157.71],[359.74,157.69],[359.74,157.67],[359.73,157.66],[359.75,157.66],[359.75,157.65],[359.74,157.65],[359.73,157.65],[359.73,157.64],[359.76,157.63],[359.8,157.6],[359.83,157.58],[359.9,157.82],[359.79,157.86],[359.76,157.88],[359.75,157.87],[359.75,157.87],[359.74,157.88],[359.74,157.86],[359.75,157.84],[359.73,157.83],[359.73,157.82],[359.73,157.82],[359.73,157.81],[359.74,157.8],[359.72,157.8],[359.73,157.79],[359.73,157.78],[359.74,157.77],[359.73,157.76],[359.73,157.76],[359.72,157.77],[359.72,157.75]]]}},{"type":"Feature","id":"48037-186","properties":{"ridingCode":"48037","pollNumber":"186","pollType":"N","advancePollNumber":"628","sourceCode":"186-0","geometryPollNumbers":["186"],"code":"48037-186","resultPollNumbers":["186"],"resultStatus":"exact","result":{"electors":472,"voters":175,"totalVotes":173,"rejected":2,"turnout":37.07627118644068,"winnerId":"michael-fark","winnerPartyId":"LIB","runnerUpId":"william-stevenson","runnerUpPartyId":"CPC","margin":39.884393063583815,"top":[{"id":"michael-fark","name":"Michael Fark","shortName":"Fark","partyId":"LIB","votes":113,"share":65.3179190751445},{"id":"william-stevenson","name":"William Stevenson","shortName":"Stevenson","partyId":"CPC","votes":44,"share":25.43352601156069},{"id":"avni-soma","name":"Avni Soma","shortName":"Soma","partyId":"NDP","votes":12,"share":6.9364161849710975},{"id":"vicky-bayford","name":"Vicky Bayford","shortName":"Bayford","partyId":"PPC","votes":3,"share":1.7341040462427744}],"partyVotes":{"LIB":113,"CPC":44,"BQ":0,"NDP":12,"GRN":0,"PPC":3,"OTH":1}}},"geometry":{"type":"Polygon","coordinates":[[[359.71,157.73],[359.68,157.71],[359.68,157.71],[359.7,157.7],[359.71,157.72],[359.73,157.71],[359.74,157.71],[359.74,157.72],[359.73,157.74],[359.72,157.74],[359.71,157.73],[359.71,157.73]]]}},{"type":"Feature","id":"48037-187","properties":{"ridingCode":"48037","pollNumber":"187","pollType":"N","advancePollNumber":"628","sourceCode":"187-0","geometryPollNumbers":["187"],"code":"48037-187","resultPollNumbers":["187"],"resultStatus":"exact","result":{"electors":463,"voters":203,"totalVotes":203,"rejected":0,"turnout":43.84449244060475,"winnerId":"michael-fark","winnerPartyId":"LIB","runnerUpId":"william-stevenson","runnerUpPartyId":"CPC","margin":21.67487684729064,"top":[{"id":"michael-fark","name":"Michael Fark","shortName":"Fark","partyId":"LIB","votes":112,"share":55.172413793103445},{"id":"william-stevenson","name":"William Stevenson","shortName":"Stevenson","partyId":"CPC","votes":68,"share":33.497536945812804},{"id":"avni-soma","name":"Avni Soma","shortName":"Soma","partyId":"NDP","votes":22,"share":10.83743842364532},{"id":"vicky-bayford","name":"Vicky Bayford","shortName":"Bayford","partyId":"PPC","votes":1,"share":0.49261083743842365}],"partyVotes":{"LIB":112,"CPC":68,"BQ":0,"NDP":22,"GRN":0,"PPC":1,"OTH":0}}},"geometry":{"type":"Polygon","coordinates":[[[359.69,157.7],[359.69,157.69],[359.7,157.69],[359.69,157.67],[359.69,157.67],[359.71,157.66],[359.71,157.66],[359.72,157.67],[359.72,157.67],[359.73,157.68],[359.74,157.67],[359.74,157.69],[359.74,157.71],[359.73,157.71],[359.71,157.72],[359.7,157.7],[359.68,157.71],[359.68,157.71],[359.67,157.71],[359.68,157.7],[359.69,157.7]]]}},{"type":"Feature","id":"48037-188","properties":{"ridingCode":"48037","pollNumber":"188","pollType":"N","advancePollNumber":"628","sourceCode":"188-0","geometryPollNumbers":["188"],"code":"48037-188","resultPollNumbers":["188"],"resultStatus":"exact","result":{"electors":498,"voters":181,"totalVotes":181,"rejected":0,"turnout":36.34538152610442,"winnerId":"michael-fark","winnerPartyId":"LIB","runnerUpId":"william-stevenson","runnerUpPartyId":"CPC","margin":7.734806629834254,"top":[{"id":"michael-fark","name":"Michael Fark","shortName":"Fark","partyId":"LIB","votes":88,"share":48.61878453038674},{"id":"william-stevenson","name":"William Stevenson","shortName":"Stevenson","partyId":"CPC","votes":74,"share":40.88397790055249},{"id":"avni-soma","name":"Avni Soma","shortName":"Soma","partyId":"NDP","votes":14,"share":7.734806629834254},{"id":"dale-heath","name":"Dale Heath","shortName":"Heath","partyId":"OTH","votes":5,"share":2.7624309392265194}],"partyVotes":{"LIB":88,"CPC":74,"BQ":0,"NDP":14,"GRN":0,"PPC":0,"OTH":5}}},"geometry":{"type":"Polygon","coordinates":[[[359.65,157.71],[359.66,157.65],[359.73,157.64],[359.73,157.65],[359.74,157.65],[359.75,157.65],[359.75,157.66],[359.73,157.66],[359.74,157.67],[359.73,157.68],[359.72,157.67],[359.72,157.67],[359.71,157.66],[359.71,157.66],[359.69,157.67],[359.69,157.67],[359.7,157.69],[359.69,157.69],[359.69,157.7],[359.68,157.7],[359.67,157.71],[359.68,157.71],[359.71,157.73],[359.71,157.73],[359.72,157.74],[359.73,157.74],[359.74,157.72],[359.75,157.73],[359.75,157.73],[359.74,157.73],[359.74,157.75],[359.73,157.75],[359.72,157.75],[359.69,157.73],[359.66,157.72],[359.65,157.71]]]}},{"type":"Feature","id":"48037-189","properties":{"ridingCode":"48037","pollNumber":"189","pollType":"N","advancePollNumber":"630","sourceCode":"189-0","geometryPollNumbers":["189"],"code":"48037-189","resultPollNumbers":["189"],"resultStatus":"exact","result":{"electors":453,"voters":123,"totalVotes":122,"rejected":1,"turnout":27.1523178807947,"winnerId":"michael-fark","winnerPartyId":"LIB","runnerUpId":"william-stevenson","runnerUpPartyId":"CPC","margin":0.819672131147541,"top":[{"id":"michael-fark","name":"Michael Fark","shortName":"Fark","partyId":"LIB","votes":58,"share":47.540983606557376},{"id":"william-stevenson","name":"William Stevenson","shortName":"Stevenson","partyId":"CPC","votes":57,"share":46.72131147540984},{"id":"avni-soma","name":"Avni Soma","shortName":"Soma","partyId":"NDP","votes":6,"share":4.918032786885246},{"id":"vicky-bayford","name":"Vicky Bayford","shortName":"Bayford","partyId":"PPC","votes":1,"share":0.819672131147541}],"partyVotes":{"LIB":58,"CPC":57,"BQ":0,"NDP":6,"GRN":0,"PPC":1,"OTH":0}}},"geometry":{"type":"Polygon","coordinates":[[[359.57,157.59],[359.57,157.59],[359.52,157.6],[359.53,157.59],[359.53,157.59],[359.54,157.58],[359.55,157.57],[359.56,157.55],[359.57,157.53],[359.59,157.51],[359.59,157.5],[359.6,157.48],[359.62,157.42],[359.64,157.42],[359.68,157.42],[359.67,157.44],[359.67,157.44],[359.66,157.44],[359.65,157.47],[359.64,157.47],[359.65,157.48],[359.66,157.48],[359.66,157.49],[359.67,157.49],[359.67,157.5],[359.67,157.5],[359.65,157.51],[359.64,157.52],[359.63,157.53],[359.61,157.54],[359.6,157.56],[359.59,157.57],[359.58,157.59],[359.57,157.59]]]}},{"type":"Feature","id":"48037-190","properties":{"ridingCode":"48037","pollNumber":"190","pollType":"N","advancePollNumber":"630","sourceCode":"190-0","geometryPollNumbers":["190"],"code":"48037-190","resultPollNumbers":["190"],"resultStatus":"exact","result":{"electors":433,"voters":122,"totalVotes":122,"rejected":0,"turnout":28.17551963048499,"winnerId":"michael-fark","winnerPartyId":"LIB","runnerUpId":"william-stevenson","runnerUpPartyId":"CPC","margin":13.114754098360656,"top":[{"id":"michael-fark","name":"Michael Fark","shortName":"Fark","partyId":"LIB","votes":65,"share":53.278688524590166},{"id":"william-stevenson","name":"William Stevenson","shortName":"Stevenson","partyId":"CPC","votes":49,"share":40.16393442622951},{"id":"avni-soma","name":"Avni Soma","shortName":"Soma","partyId":"NDP","votes":7,"share":5.737704918032787},{"id":"vicky-bayford","name":"Vicky Bayford","shortName":"Bayford","partyId":"PPC","votes":1,"share":0.819672131147541}],"partyVotes":{"LIB":65,"CPC":49,"BQ":0,"NDP":7,"GRN":0,"PPC":1,"OTH":0}}},"geometry":{"type":"Polygon","coordinates":[[[359.65,157.47],[359.66,157.44],[359.67,157.44],[359.67,157.44],[359.68,157.42],[359.7,157.42],[359.71,157.43],[359.7,157.44],[359.69,157.47],[359.68,157.51],[359.67,157.52],[359.65,157.52],[359.65,157.52],[359.65,157.51],[359.67,157.5],[359.67,157.5],[359.67,157.49],[359.66,157.49],[359.66,157.48],[359.65,157.48],[359.64,157.47],[359.65,157.47]]]}},{"type":"Feature","id":"48037-192","properties":{"ridingCode":"48037","pollNumber":"192","pollType":"N","advancePollNumber":"628","sourceCode":"191-0","geometryPollNumbers":["191","192"],"code":"48037-192","resultPollNumbers":["192"],"resultStatus":"resolved-combination","result":{"electors":478,"voters":175,"totalVotes":173,"rejected":2,"turnout":36.61087866108787,"winnerId":"michael-fark","winnerPartyId":"LIB","runnerUpId":"william-stevenson","runnerUpPartyId":"CPC","margin":16.76300578034682,"top":[{"id":"michael-fark","name":"Michael Fark","shortName":"Fark","partyId":"LIB","votes":89,"share":51.445086705202314},{"id":"william-stevenson","name":"William Stevenson","shortName":"Stevenson","partyId":"CPC","votes":60,"share":34.68208092485549},{"id":"avni-soma","name":"Avni Soma","shortName":"Soma","partyId":"NDP","votes":22,"share":12.716763005780345},{"id":"vicky-bayford","name":"Vicky Bayford","shortName":"Bayford","partyId":"PPC","votes":2,"share":1.1560693641618496}],"partyVotes":{"LIB":89,"CPC":60,"BQ":0,"NDP":22,"GRN":0,"PPC":2,"OTH":0}}},"geometry":{"type":"MultiPolygon","coordinates":[[[[359.42,158.32],[359.46,158.28],[359.47,158.27],[359.5,158.18],[359.51,158.18],[359.5,158.21],[359.51,158.21],[359.53,158.22],[359.54,158.29],[359.49,158.31],[359.48,158.3],[359.47,158.3],[359.42,158.32],[359.42,158.32]]],[[[359.5,158.18],[359.56,158.01],[359.6,157.92],[359.62,157.91],[359.66,157.92],[359.67,157.92],[359.68,157.92],[359.75,157.88],[359.76,157.88],[359.79,157.86],[359.81,157.93],[359.78,157.94],[359.8,158.01],[359.73,158.03],[359.75,158.1],[359.68,158.13],[359.7,158.2],[359.63,158.22],[359.51,158.18],[359.5,158.18]]]]}},{"type":"Feature","id":"48037-193","properties":{"ridingCode":"48037","pollNumber":"193","pollType":"N","advancePollNumber":"630","sourceCode":"193-0","geometryPollNumbers":["193"],"code":"48037-193","resultPollNumbers":["193"],"resultStatus":"exact","result":{"electors":437,"voters":135,"totalVotes":135,"rejected":0,"turnout":30.892448512585812,"winnerId":"michael-fark","winnerPartyId":"LIB","runnerUpId":"william-stevenson","runnerUpPartyId":"CPC","margin":34.074074074074076,"top":[{"id":"michael-fark","name":"Michael Fark","shortName":"Fark","partyId":"LIB","votes":85,"share":62.96296296296296},{"id":"william-stevenson","name":"William Stevenson","shortName":"Stevenson","partyId":"CPC","votes":39,"share":28.888888888888886},{"id":"avni-soma","name":"Avni Soma","shortName":"Soma","partyId":"NDP","votes":10,"share":7.4074074074074066},{"id":"dale-heath","name":"Dale Heath","shortName":"Heath","partyId":"OTH","votes":1,"share":0.7407407407407408}],"partyVotes":{"LIB":85,"CPC":39,"BQ":0,"NDP":10,"GRN":0,"PPC":0,"OTH":1}}},"geometry":{"type":"Polygon","coordinates":[[[359.49,157.83],[359.49,157.83],[359.49,157.8],[359.5,157.79],[359.51,157.78],[359.53,157.77],[359.54,157.81],[359.5,157.82],[359.5,157.83],[359.5,157.84],[359.49,157.83]]]}},{"type":"Feature","id":"48037-194","properties":{"ridingCode":"48037","pollNumber":"194","pollType":"N","advancePollNumber":"630","sourceCode":"194-0","geometryPollNumbers":["194"],"code":"48037-194","resultPollNumbers":["194"],"resultStatus":"exact","result":{"electors":477,"voters":136,"totalVotes":136,"rejected":0,"turnout":28.511530398322847,"winnerId":"michael-fark","winnerPartyId":"LIB","runnerUpId":"william-stevenson","runnerUpPartyId":"CPC","margin":19.852941176470587,"top":[{"id":"michael-fark","name":"Michael Fark","shortName":"Fark","partyId":"LIB","votes":78,"share":57.35294117647059},{"id":"william-stevenson","name":"William Stevenson","shortName":"Stevenson","partyId":"CPC","votes":51,"share":37.5},{"id":"avni-soma","name":"Avni Soma","shortName":"Soma","partyId":"NDP","votes":5,"share":3.6764705882352944},{"id":"vicky-bayford","name":"Vicky Bayford","shortName":"Bayford","partyId":"PPC","votes":2,"share":1.4705882352941175}],"partyVotes":{"LIB":78,"CPC":51,"BQ":0,"NDP":5,"GRN":0,"PPC":2,"OTH":0}}},"geometry":{"type":"Polygon","coordinates":[[[359.4,157.79],[359.41,157.77],[359.44,157.75],[359.45,157.74],[359.45,157.7],[359.46,157.67],[359.47,157.68],[359.47,157.68],[359.48,157.7],[359.48,157.69],[359.48,157.7],[359.5,157.7],[359.5,157.72],[359.49,157.73],[359.5,157.79],[359.49,157.8],[359.49,157.83],[359.48,157.83],[359.47,157.84],[359.47,157.84],[359.47,157.82],[359.47,157.8],[359.45,157.8],[359.46,157.78],[359.45,157.78],[359.45,157.77],[359.45,157.77],[359.44,157.77],[359.44,157.79],[359.43,157.79],[359.43,157.8],[359.42,157.8],[359.4,157.79]]]}},{"type":"Feature","id":"48037-195","properties":{"ridingCode":"48037","pollNumber":"195","pollType":"N","advancePollNumber":"630","sourceCode":"195-0","geometryPollNumbers":["195"],"code":"48037-195","resultPollNumbers":["195"],"resultStatus":"exact","result":{"electors":807,"voters":248,"totalVotes":247,"rejected":1,"turnout":30.73110285006196,"winnerId":"michael-fark","winnerPartyId":"LIB","runnerUpId":"william-stevenson","runnerUpPartyId":"CPC","margin":10.121457489878543,"top":[{"id":"michael-fark","name":"Michael Fark","shortName":"Fark","partyId":"LIB","votes":127,"share":51.417004048582996},{"id":"william-stevenson","name":"William Stevenson","shortName":"Stevenson","partyId":"CPC","votes":102,"share":41.29554655870445},{"id":"avni-soma","name":"Avni Soma","shortName":"Soma","partyId":"NDP","votes":15,"share":6.0728744939271255},{"id":"vicky-bayford","name":"Vicky Bayford","shortName":"Bayford","partyId":"PPC","votes":2,"share":0.8097165991902834}],"partyVotes":{"LIB":127,"CPC":102,"BQ":0,"NDP":15,"GRN":0,"PPC":2,"OTH":1}}},"geometry":{"type":"Polygon","coordinates":[[[359.68,157.42],[359.64,157.42],[359.62,157.42],[359.68,157.33],[359.68,157.33],[359.69,157.32],[359.7,157.31],[359.72,157.28],[359.76,157.25],[359.78,157.21],[359.77,157.18],[359.78,157.17],[359.8,157.16],[359.84,157.12],[359.86,157.1],[359.89,157.07],[359.93,157.05],[359.93,157.01],[359.97,156.94],[360.01,156.92],[360.04,156.89],[360.06,156.86],[360.07,156.82],[360.11,156.95],[360.19,156.92],[360.27,157.17],[360.16,157.14],[360.13,157.13],[360.12,157.14],[360,157.16],[359.94,157.17],[359.92,157.19],[359.87,157.23],[359.71,157.43],[359.7,157.42],[359.68,157.42]]]}},{"type":"Feature","id":"48037-196","properties":{"ridingCode":"48037","pollNumber":"196","pollType":"N","advancePollNumber":"627","sourceCode":"196-0","geometryPollNumbers":["196"],"code":"48037-196","resultPollNumbers":["196"],"resultStatus":"exact","result":{"electors":1868,"voters":268,"totalVotes":268,"rejected":0,"turnout":14.346895074946467,"winnerId":"michael-fark","winnerPartyId":"LIB","runnerUpId":"william-stevenson","runnerUpPartyId":"CPC","margin":36.56716417910448,"top":[{"id":"michael-fark","name":"Michael Fark","shortName":"Fark","partyId":"LIB","votes":159,"share":59.32835820895522},{"id":"william-stevenson","name":"William Stevenson","shortName":"Stevenson","partyId":"CPC","votes":61,"share":22.761194029850746},{"id":"avni-soma","name":"Avni Soma","shortName":"Soma","partyId":"NDP","votes":41,"share":15.298507462686567},{"id":"vicky-bayford","name":"Vicky Bayford","shortName":"Bayford","partyId":"PPC","votes":4,"share":1.4925373134328357}],"partyVotes":{"LIB":159,"CPC":61,"BQ":0,"NDP":41,"GRN":0,"PPC":4,"OTH":3}}},"geometry":{"type":"MultiPolygon","coordinates":[[[[361.37,157.63],[361.37,157.57],[361.37,157.56],[361.39,157.41],[361.39,157.4],[361.4,157.39],[361.4,157.38],[361.4,157.36],[361.42,157.35],[361.42,157.35],[361.42,157.34],[361.43,157.35],[361.43,157.35],[361.44,157.35],[361.44,157.36],[361.45,157.36],[361.46,157.36],[361.48,157.37],[361.5,157.38],[361.52,157.38],[361.52,157.39],[361.53,157.39],[361.53,157.39],[361.51,157.47],[361.76,157.58],[361.79,157.53],[361.81,157.49],[361.81,157.47],[361.76,157.46],[361.6,157.39],[361.55,157.35],[361.45,157.31],[361.41,157.31],[361.42,157.29],[361.42,157.28],[361.41,157.26],[361.41,157.25],[361.41,157.24],[361.41,157.23],[361.43,157.22],[361.45,157.2],[361.47,157.2],[361.49,157.2],[361.49,157.21],[361.48,157.22],[361.49,157.23],[361.49,157.23],[361.51,157.23],[361.51,157.22],[361.52,157.19],[361.52,157.18],[361.53,157.18],[361.55,157.14],[361.57,157.12],[361.58,157.11],[361.59,157.1],[361.6,157.08],[361.59,157.06],[361.59,157.05],[361.58,157.05],[361.54,157.03],[361.54,157.03],[361.54,157.02],[361.55,157.02],[361.56,157],[361.58,156.99],[361.59,156.98],[361.62,156.97],[361.63,156.96],[361.62,156.93],[361.61,156.91],[361.61,156.9],[361.61,156.88],[361.61,156.87],[361.86,156.9],[361.83,156.82],[361.93,156.78],[362,156.81],[362.06,156.8],[362.21,156.9],[362.37,156.85],[362.48,156.82],[362.56,156.8],[362.66,156.75],[362.74,156.72],[362.73,156.55],[362.85,156.47],[363.05,156.37],[363.18,156.4],[363.35,156.24],[363.42,156.3],[363.46,156.42],[363.01,156.56],[363.09,156.84],[362.94,156.9],[362.97,157.01],[362.81,157.06],[364.1,157.28],[364.09,157.32],[364.27,157.26],[364.25,157.19],[364.32,157.16],[364.34,157.23],[364.41,157.22],[364.44,157.29],[364.51,157.27],[364.49,157.19],[364.78,157.11],[364.82,157.25],[365.1,157.17],[365.12,157.21],[365.13,157.22],[365.14,157.26],[365.12,157.29],[365.11,157.3],[365.11,157.3],[365.1,157.31],[365.08,157.33],[364.87,157.4],[364.91,157.54],[364.76,157.58],[364.77,157.61],[364.72,157.62],[364.69,157.63],[364.67,157.63],[364.64,157.61],[364.61,157.61],[364.6,157.62],[364.55,157.65],[364.54,157.66],[364.46,157.67],[364.42,157.68],[364.32,157.72],[364.31,157.65],[364.23,157.67],[364.25,157.74],[364.18,157.76],[364.14,157.62],[364.07,157.64],[364.05,157.57],[364.02,157.75],[364.04,157.79],[364.01,157.79],[364.01,157.81],[364,157.8],[363.99,157.79],[363.97,157.78],[363.91,157.76],[363.88,157.75],[363.88,157.76],[363.86,157.75],[363.86,157.75],[363.84,157.74],[363.81,157.74],[363.81,157.73],[363.79,157.73],[363.76,157.72],[363.72,157.72],[363.7,157.72],[363.7,157.72],[363.69,157.71],[363.68,157.72],[363.67,157.72],[363.66,157.71],[363.65,157.72],[363.63,157.72],[363.63,157.72],[363.62,157.71],[363.61,157.72],[363.58,157.71],[363.58,157.71],[363.58,157.7],[363.58,157.69],[363.57,157.7],[363.56,157.69],[363.55,157.69],[363.54,157.69],[363.54,157.68],[363.54,157.68],[363.52,157.68],[363.51,157.69],[363.51,157.68],[363.51,157.68],[363.51,157.67],[363.51,157.69],[363.49,157.68],[363.48,157.67],[363.45,157.68],[363.42,157.68],[363.4,157.67],[363.37,157.68],[363.37,157.68],[363.36,157.66],[363.36,157.66],[363.36,157.65],[363.36,157.65],[363.35,157.66],[363.35,157.67],[363.32,157.67],[363.31,157.67],[363.3,157.68],[363.3,157.7],[363.29,157.71],[363.29,157.71],[363.29,157.72],[363.28,157.72],[363.28,157.73],[363.29,157.72],[363.28,157.74],[363.27,157.74],[363.26,157.74],[363.26,157.74],[363.26,157.73],[363.26,157.75],[363.26,157.75],[363.25,157.75],[363.23,157.74],[363.22,157.73],[363.21,157.73],[363.21,157.73],[363.2,157.72],[363.2,157.73],[363.14,157.72],[363.14,157.72],[363.13,157.72],[363.12,157.72],[363.1,157.71],[363.08,157.72],[363.06,157.73],[363.05,157.73],[363.04,157.72],[363.03,157.71],[363.02,157.69],[363.01,157.69],[363,157.69],[363,157.69],[363,157.68],[362.99,157.68],[362.99,157.69],[362.97,157.69],[362.97,157.7],[362.97,157.7],[362.96,157.7],[362.96,157.69],[362.95,157.69],[362.91,157.71],[362.9,157.72],[362.87,157.73],[362.85,157.74],[362.83,157.73],[362.83,157.74],[362.85,157.75],[362.91,157.74],[362.92,157.73],[362.97,157.71],[362.98,157.72],[363.02,157.75],[363.02,157.76],[363.04,157.76],[363.15,157.8],[363.14,157.82],[363.16,157.83],[363.15,157.84],[363.14,157.83],[363.08,157.91],[363.04,157.94],[363.04,157.94],[363.04,157.95],[363.05,157.96],[363.05,157.96],[363.04,157.97],[363.04,157.97],[363.04,157.98],[363.04,157.98],[363.04,157.99],[363.02,158],[363.02,158.01],[363.02,158.02],[363.04,158.04],[362.83,158.31],[362.26,158.21],[362.31,158.38],[362.41,158.71],[362.42,158.75],[362.47,158.9],[362.45,158.91],[362.44,158.91],[362.42,158.9],[362.41,158.9],[362.4,158.9],[362.39,158.9],[362.38,158.89],[362.36,158.89],[362.34,158.9],[362.33,158.91],[362.32,158.92],[362.31,158.94],[362.27,158.95],[362.26,158.96],[362.26,158.96],[362.24,158.96],[362.22,158.95],[362.21,158.95],[362.21,158.94],[362.2,158.93],[362.2,158.91],[362.19,158.9],[362.17,158.89],[362.16,158.87],[362.15,158.87],[362.12,158.83],[362.11,158.82],[362.08,158.81],[362.08,158.81],[362.07,158.8],[362.05,158.79],[362.04,158.78],[362.03,158.77],[362.03,158.77],[362.02,158.78],[362.02,158.79],[362.01,158.79],[362,158.78],[361.99,158.77],[361.97,158.77],[361.96,158.76],[361.96,158.75],[361.95,158.75],[361.91,158.77],[361.9,158.78],[361.88,158.78],[361.87,158.78],[361.86,158.77],[361.84,158.77],[361.83,158.77],[361.82,158.76],[361.81,158.76],[361.8,158.77],[361.76,158.77],[361.73,158.77],[361.72,158.77],[361.72,158.78],[361.71,158.78],[361.69,158.79],[361.67,158.79],[361.66,158.81],[361.64,158.82],[361.62,158.82],[361.61,158.82],[361.6,158.82],[361.57,158.83],[361.55,158.83],[361.52,158.83],[361.51,158.82],[361.49,158.81],[361.27,158.11],[361.28,158.11],[361.29,158.11],[361.3,158.11],[361.3,158.11],[361.3,158.1],[361.31,158.11],[361.31,158.1],[361.33,158.1],[361.34,158.1],[361.35,158.09],[361.35,158.09],[361.36,158.09],[361.37,158.08],[361.38,158.08],[361.39,158.07],[361.4,158.07],[361.4,158.06],[361.4,158.04],[361.41,158.03],[361.42,158.02],[361.43,158],[361.38,157.99],[361.36,157.98],[361.35,157.98],[361.33,157.94],[361.32,157.93],[361.37,157.63]]],[[[363.56,158.11],[363.58,157.89],[363.63,157.91],[363.67,157.8],[363.71,157.81],[363.72,157.81],[363.75,157.82],[363.77,157.83],[363.79,157.86],[363.8,157.86],[363.78,157.96],[363.75,158.05],[363.56,158.11]]],[[[363.38,158.17],[363.41,157.83],[363.45,157.83],[363.42,158.15],[363.38,158.17]]]]}},{"type":"Feature","id":"48037-197","properties":{"ridingCode":"48037","pollNumber":"197","pollType":"N","advancePollNumber":"629","sourceCode":"197-0","geometryPollNumbers":["197","198"],"code":"48037-197","resultPollNumbers":["197"],"resultStatus":"resolved-combination","result":{"electors":369,"voters":219,"totalVotes":218,"rejected":1,"turnout":59.34959349593496,"winnerId":"michael-fark","winnerPartyId":"LIB","runnerUpId":"william-stevenson","runnerUpPartyId":"CPC","margin":10.550458715596331,"top":[{"id":"michael-fark","name":"Michael Fark","shortName":"Fark","partyId":"LIB","votes":107,"share":49.08256880733945},{"id":"william-stevenson","name":"William Stevenson","shortName":"Stevenson","partyId":"CPC","votes":84,"share":38.53211009174312},{"id":"avni-soma","name":"Avni Soma","shortName":"Soma","partyId":"NDP","votes":21,"share":9.63302752293578},{"id":"vicky-bayford","name":"Vicky Bayford","shortName":"Bayford","partyId":"PPC","votes":5,"share":2.293577981651376}],"partyVotes":{"LIB":107,"CPC":84,"BQ":0,"NDP":21,"GRN":0,"PPC":5,"OTH":1}}},"geometry":{"type":"MultiPolygon","coordinates":[[[[359.49,157.83],[359.5,157.84],[359.5,157.84],[359.51,157.86],[359.55,157.85],[359.57,157.85],[359.56,157.86],[359.55,157.86],[359.54,157.86],[359.54,157.87],[359.53,157.87],[359.54,157.9],[359.54,157.91],[359.52,157.91],[359.53,157.92],[359.51,157.93],[359.51,157.92],[359.51,157.9],[359.51,157.9],[359.51,157.89],[359.48,157.89],[359.48,157.87],[359.48,157.85],[359.49,157.83]]],[[[359.5,157.84],[359.5,157.83],[359.5,157.82],[359.54,157.81],[359.54,157.82],[359.56,157.81],[359.56,157.82],[359.56,157.83],[359.55,157.84],[359.55,157.85],[359.51,157.86],[359.5,157.84],[359.5,157.84]]]]}},{"type":"Feature","id":"48037-199","properties":{"ridingCode":"48037","pollNumber":"199","pollType":"N","advancePollNumber":"630","sourceCode":"199-0","geometryPollNumbers":["199"],"code":"48037-199","resultPollNumbers":["199"],"resultStatus":"exact","result":{"electors":695,"voters":218,"totalVotes":216,"rejected":2,"turnout":31.366906474820144,"winnerId":"michael-fark","winnerPartyId":"LIB","runnerUpId":"william-stevenson","runnerUpPartyId":"CPC","margin":21.296296296296298,"top":[{"id":"michael-fark","name":"Michael Fark","shortName":"Fark","partyId":"LIB","votes":125,"share":57.870370370370374},{"id":"william-stevenson","name":"William Stevenson","shortName":"Stevenson","partyId":"CPC","votes":79,"share":36.574074074074076},{"id":"avni-soma","name":"Avni Soma","shortName":"Soma","partyId":"NDP","votes":9,"share":4.166666666666666},{"id":"vicky-bayford","name":"Vicky Bayford","shortName":"Bayford","partyId":"PPC","votes":2,"share":0.9259259259259258}],"partyVotes":{"LIB":125,"CPC":79,"BQ":0,"NDP":9,"GRN":0,"PPC":2,"OTH":1}}},"geometry":{"type":"Polygon","coordinates":[[[359.17,157.78],[359.16,157.73],[359.37,157.67],[359.32,157.52],[359.47,157.48],[359.42,157.32],[359.57,157.28],[359.52,157.13],[359.67,157.09],[359.62,156.94],[359.92,156.85],[359.9,156.76],[359.97,156.74],[360,156.82],[360.07,156.8],[360.07,156.82],[360.06,156.86],[360.04,156.89],[360.01,156.92],[359.97,156.94],[359.93,157.01],[359.93,157.05],[359.89,157.07],[359.86,157.1],[359.84,157.12],[359.8,157.16],[359.78,157.17],[359.77,157.18],[359.78,157.21],[359.76,157.25],[359.72,157.28],[359.7,157.31],[359.69,157.32],[359.68,157.33],[359.68,157.33],[359.62,157.42],[359.6,157.48],[359.59,157.5],[359.59,157.51],[359.57,157.53],[359.56,157.55],[359.55,157.57],[359.54,157.58],[359.53,157.59],[359.53,157.59],[359.52,157.6],[359.51,157.6],[359.47,157.66],[359.46,157.67],[359.45,157.7],[359.45,157.74],[359.44,157.75],[359.41,157.77],[359.4,157.79],[359.39,157.82],[359.39,157.83],[359.39,157.84],[359.4,157.87],[359.41,157.88],[359.4,157.88],[359.39,157.89],[359.38,157.89],[359.37,157.89],[359.37,157.88],[359.37,157.85],[359.36,157.84],[359.36,157.84],[359.35,157.84],[359.33,157.86],[359.31,157.87],[359.31,157.88],[359.3,157.87],[359.29,157.87],[359.26,157.88],[359.26,157.88],[359.23,157.87],[359.2,157.88],[359.17,157.8],[359.17,157.78]]]}},{"type":"Feature","id":"48037-200","properties":{"ridingCode":"48037","pollNumber":"200","pollType":"N","advancePollNumber":"632","sourceCode":"200-0","geometryPollNumbers":["200","201"],"code":"48037-200","resultPollNumbers":["200"],"resultStatus":"resolved-combination","result":{"electors":387,"voters":247,"totalVotes":247,"rejected":0,"turnout":63.82428940568475,"winnerId":"william-stevenson","winnerPartyId":"CPC","runnerUpId":"michael-fark","runnerUpPartyId":"LIB","margin":56.68016194331984,"top":[{"id":"william-stevenson","name":"William Stevenson","shortName":"Stevenson","partyId":"CPC","votes":189,"share":76.51821862348179},{"id":"michael-fark","name":"Michael Fark","shortName":"Fark","partyId":"LIB","votes":49,"share":19.838056680161944},{"id":"avni-soma","name":"Avni Soma","shortName":"Soma","partyId":"NDP","votes":6,"share":2.42914979757085},{"id":"vicky-bayford","name":"Vicky Bayford","shortName":"Bayford","partyId":"PPC","votes":3,"share":1.214574898785425}],"partyVotes":{"LIB":49,"CPC":189,"BQ":0,"NDP":6,"GRN":0,"PPC":3,"OTH":0}}},"geometry":{"type":"MultiPolygon","coordinates":[[[[362.81,157.06],[362.97,157.01],[362.94,156.9],[363.09,156.84],[363.01,156.56],[363.46,156.42],[363.42,156.3],[363.37,156.1],[363.28,155.82],[363.42,155.77],[363.42,155.77],[363.53,156.12],[363.7,156.65],[363.71,156.72],[363.75,156.87],[363.76,156.93],[363.77,156.93],[363.8,157.01],[364.06,156.71],[364.42,156.38],[364.45,156.36],[364.49,156.35],[364.52,156.34],[364.59,156.34],[364.61,156.33],[364.63,156.32],[364.68,156.26],[364.7,156.28],[364.7,156.29],[364.69,156.31],[364.69,156.32],[364.79,156.63],[364.91,156.59],[364.91,156.59],[364.93,156.57],[364.93,156.57],[364.95,156.57],[364.97,156.57],[364.98,156.57],[365.52,156.41],[365.54,156.5],[365.55,156.49],[365.58,156.45],[365.64,156.43],[365.68,156.37],[365.79,156.34],[365.79,156.33],[365.81,156.33],[365.86,156.31],[365.88,156.3],[365.88,156.3],[365.86,156.23],[365.87,156.22],[365.93,156.21],[365.93,156.21],[365.97,156.32],[365.96,156.33],[365.95,156.34],[365.96,156.35],[365.98,156.4],[365.97,156.4],[365.96,156.42],[365.93,156.43],[365.97,156.6],[365.94,156.59],[365.92,156.59],[365.9,156.59],[365.88,156.6],[365.87,156.6],[365.85,156.61],[365.83,156.62],[365.8,156.65],[365.79,156.68],[365.77,156.7],[365.76,156.73],[365.74,156.75],[365.73,156.76],[365.71,156.76],[365.67,156.74],[365.64,156.73],[365.61,156.72],[365.59,156.73],[365.58,156.74],[365.57,156.75],[365.57,156.77],[365.57,156.78],[365.57,156.79],[365.58,156.81],[365.59,156.82],[365.59,156.83],[365.6,156.87],[365.6,156.88],[365.6,156.88],[365.6,156.9],[365.6,156.91],[365.6,156.92],[365.59,156.97],[365.59,156.99],[365.57,157.03],[365.55,157.03],[365.55,157.02],[365.56,157.02],[365.57,157.01],[365.57,157],[365.57,156.97],[365.58,156.93],[365.59,156.92],[365.59,156.91],[365.6,156.91],[365.6,156.9],[365.59,156.84],[365.58,156.81],[365.56,156.8],[365.56,156.79],[365.55,156.8],[365.53,156.73],[365.31,156.79],[365.27,156.8],[365.16,156.83],[365.21,156.98],[365.23,157.05],[365.22,157.08],[365.22,157.12],[365.21,157.14],[365.19,157.14],[365.17,157.13],[365.17,157.12],[365.16,157.12],[365.15,157.13],[365.14,157.13],[365.14,157.14],[365.12,157.15],[365.11,157.14],[365.1,157.14],[365.1,157.17],[364.82,157.25],[364.78,157.11],[364.49,157.19],[364.51,157.27],[364.44,157.29],[364.41,157.22],[364.34,157.23],[364.32,157.16],[364.25,157.19],[364.27,157.26],[364.09,157.32],[364.1,157.28],[362.81,157.06]]],[[[365.97,156.32],[365.93,156.21],[366.08,156.17],[366.1,156.24],[366.13,156.23],[366.14,156.24],[366.16,156.23],[366.19,156.25],[366.2,156.35],[366.22,156.37],[366.21,156.38],[366.19,156.41],[366.18,156.44],[366.17,156.46],[366.17,156.47],[366.16,156.5],[366.15,156.51],[366.13,156.53],[366.1,156.56],[366.09,156.58],[366.08,156.59],[366.07,156.61],[366.07,156.61],[366.08,156.62],[366.08,156.62],[366.05,156.65],[366.04,156.65],[365.99,156.62],[365.97,156.6],[365.93,156.43],[365.96,156.42],[365.97,156.4],[365.98,156.4],[365.96,156.35],[365.95,156.34],[365.96,156.33],[365.97,156.32]]]]}},{"type":"Feature","id":"48037-202","properties":{"ridingCode":"48037","pollNumber":"202","pollType":"N","advancePollNumber":"635","sourceCode":"202-0","geometryPollNumbers":["202"],"code":"48037-202","resultPollNumbers":["202"],"resultStatus":"exact","result":{"electors":896,"voters":393,"totalVotes":393,"rejected":0,"turnout":43.861607142857146,"winnerId":"william-stevenson","winnerPartyId":"CPC","runnerUpId":"michael-fark","runnerUpPartyId":"LIB","margin":51.653944020356235,"top":[{"id":"william-stevenson","name":"William Stevenson","shortName":"Stevenson","partyId":"CPC","votes":293,"share":74.55470737913485},{"id":"michael-fark","name":"Michael Fark","shortName":"Fark","partyId":"LIB","votes":90,"share":22.900763358778626},{"id":"vicky-bayford","name":"Vicky Bayford","shortName":"Bayford","partyId":"PPC","votes":5,"share":1.2722646310432568},{"id":"avni-soma","name":"Avni Soma","shortName":"Soma","partyId":"NDP","votes":5,"share":1.2722646310432568}],"partyVotes":{"LIB":90,"CPC":293,"BQ":0,"NDP":5,"GRN":0,"PPC":5,"OTH":0}}},"geometry":{"type":"Polygon","coordinates":[[[365.59,156.25],[365.6,156.24],[365.6,156.23],[365.62,156.23],[365.6,156.15],[365.69,156.13],[365.73,156.26],[365.78,156.25],[365.77,156.22],[365.85,156.2],[365.86,156.23],[365.88,156.3],[365.88,156.3],[365.86,156.31],[365.81,156.33],[365.79,156.33],[365.79,156.34],[365.68,156.37],[365.64,156.43],[365.58,156.45],[365.55,156.49],[365.54,156.5],[365.52,156.41],[365.51,156.38],[365.51,156.37],[365.5,156.36],[365.47,156.27],[365.54,156.25],[365.54,156.28],[365.55,156.3],[365.58,156.29],[365.59,156.28],[365.6,156.27],[365.6,156.25],[365.59,156.25]]]}},{"type":"Feature","id":"48037-203","properties":{"ridingCode":"48037","pollNumber":"203","pollType":"N","advancePollNumber":"635","sourceCode":"203-0","geometryPollNumbers":["203"],"code":"48037-203","resultPollNumbers":["203"],"resultStatus":"exact","result":{"electors":825,"voters":342,"totalVotes":342,"rejected":0,"turnout":41.45454545454545,"winnerId":"william-stevenson","winnerPartyId":"CPC","runnerUpId":"michael-fark","runnerUpPartyId":"LIB","margin":49.41520467836257,"top":[{"id":"william-stevenson","name":"William Stevenson","shortName":"Stevenson","partyId":"CPC","votes":247,"share":72.22222222222221},{"id":"michael-fark","name":"Michael Fark","shortName":"Fark","partyId":"LIB","votes":78,"share":22.807017543859647},{"id":"avni-soma","name":"Avni Soma","shortName":"Soma","partyId":"NDP","votes":11,"share":3.216374269005848},{"id":"vicky-bayford","name":"Vicky Bayford","shortName":"Bayford","partyId":"PPC","votes":4,"share":1.1695906432748537}],"partyVotes":{"LIB":78,"CPC":247,"BQ":0,"NDP":11,"GRN":0,"PPC":4,"OTH":2}}},"geometry":{"type":"Polygon","coordinates":[[[364.68,156.26],[364.7,156.25],[364.71,156.25],[365.18,156.09],[365.21,156.09],[365.27,156.09],[365.3,156.08],[365.85,155.92],[366.2,155.81],[366.22,155.89],[366.15,155.91],[366.06,155.93],[366.07,155.98],[366.03,156],[366.04,156.02],[366.07,156.01],[366.08,156.02],[366.1,156.05],[366.11,156.05],[366.11,156.06],[366.1,156.07],[366.07,156.1],[366.06,156.11],[366.08,156.17],[366.08,156.17],[365.93,156.21],[365.93,156.21],[365.87,156.22],[365.86,156.23],[365.85,156.2],[365.77,156.22],[365.78,156.25],[365.73,156.26],[365.69,156.13],[365.6,156.15],[365.62,156.23],[365.6,156.23],[365.6,156.24],[365.59,156.25],[365.6,156.25],[365.6,156.27],[365.59,156.28],[365.58,156.29],[365.55,156.3],[365.54,156.28],[365.54,156.25],[365.47,156.27],[365.5,156.36],[365.51,156.37],[365.51,156.38],[365.52,156.41],[364.98,156.57],[364.97,156.57],[364.95,156.57],[364.93,156.57],[364.93,156.57],[364.91,156.59],[364.91,156.59],[364.79,156.63],[364.69,156.32],[364.69,156.31],[364.7,156.29],[364.7,156.28],[364.68,156.26]]]}},{"type":"Feature","id":"48037-204","properties":{"ridingCode":"48037","pollNumber":"204","pollType":"N","advancePollNumber":"635","sourceCode":"204-0","geometryPollNumbers":["204"],"code":"48037-204","resultPollNumbers":["204"],"resultStatus":"exact","result":{"electors":354,"voters":142,"totalVotes":142,"rejected":0,"turnout":40.11299435028249,"winnerId":"william-stevenson","winnerPartyId":"CPC","runnerUpId":"michael-fark","runnerUpPartyId":"LIB","margin":54.929577464788736,"top":[{"id":"william-stevenson","name":"William Stevenson","shortName":"Stevenson","partyId":"CPC","votes":109,"share":76.76056338028168},{"id":"michael-fark","name":"Michael Fark","shortName":"Fark","partyId":"LIB","votes":31,"share":21.830985915492956},{"id":"vicky-bayford","name":"Vicky Bayford","shortName":"Bayford","partyId":"PPC","votes":1,"share":0.7042253521126761},{"id":"avni-soma","name":"Avni Soma","shortName":"Soma","partyId":"NDP","votes":1,"share":0.7042253521126761}],"partyVotes":{"LIB":31,"CPC":109,"BQ":0,"NDP":1,"GRN":0,"PPC":1,"OTH":0}}},"geometry":{"type":"Polygon","coordinates":[[[366.23,156.24],[366.23,156.28],[366.23,156.29],[366.23,156.31],[366.22,156.33],[366.22,156.36],[366.22,156.37],[366.2,156.35],[366.19,156.25],[366.16,156.23],[366.14,156.24],[366.13,156.23],[366.1,156.24],[366.08,156.17],[366.08,156.17],[366.18,156.13],[366.18,156.13],[366.19,156.13],[366.19,156.12],[366.19,156.1],[366.18,156.09],[366.17,156.07],[366.16,156.03],[366.16,156.02],[366.17,156.01],[366.17,156],[366.18,155.99],[366.18,155.98],[366.19,155.97],[366.19,155.95],[366.17,155.96],[366.17,155.93],[366.15,155.91],[366.22,155.89],[366.28,155.87],[366.31,155.86],[366.32,155.91],[366.31,155.91],[366.31,155.91],[366.31,155.91],[366.31,155.92],[366.32,155.94],[366.3,155.95],[366.29,155.96],[366.28,155.97],[366.28,155.99],[366.28,156.01],[366.3,156.04],[366.3,156.06],[366.31,156.07],[366.31,156.08],[366.31,156.12],[366.3,156.14],[366.28,156.16],[366.27,156.18],[366.25,156.2],[366.23,156.24]]]}},{"type":"Feature","id":"48037-205","properties":{"ridingCode":"48037","pollNumber":"205","pollType":"N","advancePollNumber":"635","sourceCode":"205-0","geometryPollNumbers":["205"],"code":"48037-205","resultPollNumbers":["205"],"resultStatus":"exact","result":{"electors":443,"voters":148,"totalVotes":147,"rejected":1,"turnout":33.40857787810384,"winnerId":"william-stevenson","winnerPartyId":"CPC","runnerUpId":"michael-fark","runnerUpPartyId":"LIB","margin":48.29931972789115,"top":[{"id":"william-stevenson","name":"William Stevenson","shortName":"Stevenson","partyId":"CPC","votes":108,"share":73.46938775510205},{"id":"michael-fark","name":"Michael Fark","shortName":"Fark","partyId":"LIB","votes":37,"share":25.170068027210885},{"id":"dale-heath","name":"Dale Heath","shortName":"Heath","partyId":"OTH","votes":1,"share":0.6802721088435374},{"id":"avni-soma","name":"Avni Soma","shortName":"Soma","partyId":"NDP","votes":1,"share":0.6802721088435374}],"partyVotes":{"LIB":37,"CPC":108,"BQ":0,"NDP":1,"GRN":0,"PPC":0,"OTH":1}}},"geometry":{"type":"Polygon","coordinates":[[[366.03,156],[366.07,155.98],[366.06,155.93],[366.15,155.91],[366.17,155.93],[366.17,155.96],[366.19,155.95],[366.19,155.97],[366.18,155.98],[366.18,155.99],[366.17,156],[366.17,156.01],[366.16,156.02],[366.16,156.03],[366.17,156.07],[366.18,156.09],[366.19,156.1],[366.19,156.12],[366.19,156.13],[366.18,156.13],[366.18,156.13],[366.08,156.17],[366.06,156.11],[366.07,156.1],[366.1,156.07],[366.11,156.06],[366.11,156.05],[366.1,156.05],[366.08,156.02],[366.07,156.01],[366.04,156.02],[366.03,156]]]}},{"type":"Feature","id":"48037-207","properties":{"ridingCode":"48037","pollNumber":"207","pollType":"N","advancePollNumber":"634","sourceCode":"207-0","geometryPollNumbers":["207","208"],"code":"48037-207","resultPollNumbers":["207"],"resultStatus":"resolved-combination","result":{"electors":359,"voters":302,"totalVotes":300,"rejected":2,"turnout":84.12256267409471,"winnerId":"william-stevenson","winnerPartyId":"CPC","runnerUpId":"michael-fark","runnerUpPartyId":"LIB","margin":48,"top":[{"id":"william-stevenson","name":"William Stevenson","shortName":"Stevenson","partyId":"CPC","votes":220,"share":73.33333333333333},{"id":"michael-fark","name":"Michael Fark","shortName":"Fark","partyId":"LIB","votes":76,"share":25.333333333333336},{"id":"avni-soma","name":"Avni Soma","shortName":"Soma","partyId":"NDP","votes":4,"share":1.3333333333333335},{"id":"vicky-bayford","name":"Vicky Bayford","shortName":"Bayford","partyId":"PPC","votes":0,"share":0}],"partyVotes":{"LIB":76,"CPC":220,"BQ":0,"NDP":4,"GRN":0,"PPC":0,"OTH":0}}},"geometry":{"type":"MultiPolygon","coordinates":[[[[366.36,156.32],[366.43,156.3],[366.44,156.29],[366.45,156.29],[366.47,156.29],[366.48,156.23],[366.47,156.2],[366.52,156.19],[366.56,156.18],[366.58,156.24],[366.59,156.28],[366.6,156.29],[366.54,156.36],[366.53,156.37],[366.52,156.39],[366.5,156.45],[366.48,156.48],[366.39,156.61],[366.37,156.62],[366.37,156.62],[366.39,156.6],[366.41,156.57],[366.34,156.33],[366.36,156.32]]],[[[366.33,156.32],[366.33,156.31],[366.34,156.3],[366.34,156.29],[366.35,156.28],[366.35,156.27],[366.36,156.24],[366.35,156.22],[366.35,156.19],[366.36,156.17],[366.37,156.16],[366.39,156.15],[366.41,156.22],[366.47,156.2],[366.48,156.23],[366.47,156.29],[366.45,156.29],[366.44,156.29],[366.43,156.3],[366.36,156.32],[366.34,156.33],[366.34,156.32],[366.34,156.32],[366.34,156.32],[366.33,156.32]]]]}},{"type":"Feature","id":"48037-209","properties":{"ridingCode":"48037","pollNumber":"209","pollType":"N","advancePollNumber":"634","sourceCode":"214-0","geometryPollNumbers":["209","214"],"code":"48037-209","resultPollNumbers":["209"],"resultStatus":"resolved-combination","result":{"electors":623,"voters":362,"totalVotes":359,"rejected":3,"turnout":58.10593900481541,"winnerId":"william-stevenson","winnerPartyId":"CPC","runnerUpId":"michael-fark","runnerUpPartyId":"LIB","margin":32.86908077994429,"top":[{"id":"william-stevenson","name":"William Stevenson","shortName":"Stevenson","partyId":"CPC","votes":234,"share":65.18105849582173},{"id":"michael-fark","name":"Michael Fark","shortName":"Fark","partyId":"LIB","votes":116,"share":32.31197771587744},{"id":"avni-soma","name":"Avni Soma","shortName":"Soma","partyId":"NDP","votes":6,"share":1.6713091922005572},{"id":"dale-heath","name":"Dale Heath","shortName":"Heath","partyId":"OTH","votes":2,"share":0.5571030640668524}],"partyVotes":{"LIB":116,"CPC":234,"BQ":0,"NDP":6,"GRN":0,"PPC":1,"OTH":2}}},"geometry":{"type":"MultiPolygon","coordinates":[[[[366.39,155.99],[366.42,155.98],[366.44,156.05],[366.44,156.04],[366.44,156.03],[366.45,156.02],[366.46,156.02],[366.48,156.02],[366.5,156.01],[366.5,156.02],[366.49,156.03],[366.47,156.04],[366.47,156.07],[366.45,156.08],[366.46,156.11],[366.48,156.1],[366.49,156.12],[366.49,156.12],[366.48,156.1],[366.49,156.1],[366.49,156.1],[366.53,156.09],[366.54,156.11],[366.48,156.13],[366.43,156.14],[366.39,156.15],[366.36,156.05],[366.4,156.03],[366.39,155.99]]],[[[366.41,156.22],[366.39,156.15],[366.43,156.14],[366.43,156.16],[366.43,156.17],[366.44,156.18],[366.44,156.18],[366.47,156.18],[366.48,156.18],[366.51,156.18],[366.52,156.17],[366.51,156.15],[366.49,156.14],[366.48,156.14],[366.48,156.13],[366.54,156.11],[366.55,156.14],[366.56,156.18],[366.52,156.19],[366.47,156.2],[366.41,156.22]]]]}},{"type":"Feature","id":"48037-210","properties":{"ridingCode":"48037","pollNumber":"210","pollType":"N","advancePollNumber":"634","sourceCode":"210-0","geometryPollNumbers":["206","210"],"code":"48037-210","resultPollNumbers":["210"],"resultStatus":"resolved-combination","result":{"electors":421,"voters":279,"totalVotes":279,"rejected":0,"turnout":66.270783847981,"winnerId":"william-stevenson","winnerPartyId":"CPC","runnerUpId":"michael-fark","runnerUpPartyId":"LIB","margin":52.32974910394266,"top":[{"id":"william-stevenson","name":"William Stevenson","shortName":"Stevenson","partyId":"CPC","votes":209,"share":74.91039426523297},{"id":"michael-fark","name":"Michael Fark","shortName":"Fark","partyId":"LIB","votes":63,"share":22.58064516129032},{"id":"dale-heath","name":"Dale Heath","shortName":"Heath","partyId":"OTH","votes":3,"share":1.0752688172043012},{"id":"vicky-bayford","name":"Vicky Bayford","shortName":"Bayford","partyId":"PPC","votes":2,"share":0.7168458781362007}],"partyVotes":{"LIB":63,"CPC":209,"BQ":0,"NDP":2,"GRN":0,"PPC":2,"OTH":3}}},"geometry":{"type":"MultiPolygon","coordinates":[[[[366.43,156.16],[366.43,156.14],[366.48,156.13],[366.48,156.14],[366.49,156.14],[366.51,156.15],[366.52,156.17],[366.51,156.18],[366.48,156.18],[366.47,156.18],[366.44,156.18],[366.44,156.18],[366.43,156.17],[366.43,156.16]]],[[[365.73,157.14],[365.71,157.05],[365.69,156.99],[365.68,156.99],[365.66,156.97],[365.6,156.99],[365.58,157.02],[365.57,157.03],[365.57,157.03],[365.59,156.99],[365.59,156.97],[365.6,156.92],[365.6,156.91],[365.6,156.9],[365.6,156.88],[365.6,156.88],[365.6,156.87],[365.59,156.83],[365.59,156.82],[365.58,156.81],[365.57,156.79],[365.57,156.78],[365.57,156.77],[365.57,156.75],[365.58,156.74],[365.59,156.73],[365.61,156.72],[365.64,156.73],[365.67,156.74],[365.71,156.76],[365.73,156.76],[365.74,156.75],[365.76,156.73],[365.77,156.7],[365.79,156.68],[365.8,156.65],[365.83,156.62],[365.85,156.61],[365.87,156.6],[365.88,156.6],[365.9,156.59],[365.92,156.59],[365.94,156.59],[365.97,156.6],[365.99,156.62],[366.04,156.65],[366.05,156.65],[366.08,156.62],[366.08,156.62],[366.07,156.61],[366.07,156.61],[366.08,156.59],[366.09,156.58],[366.1,156.56],[366.13,156.53],[366.15,156.51],[366.16,156.5],[366.17,156.47],[366.17,156.46],[366.18,156.44],[366.19,156.41],[366.21,156.38],[366.22,156.37],[366.22,156.36],[366.34,156.32],[366.34,156.33],[366.41,156.57],[366.39,156.6],[366.37,156.62],[366.37,156.62],[366.24,156.71],[366.1,156.8],[366.08,156.82],[365.98,156.94],[365.97,156.96],[365.76,157.12],[365.75,157.13],[365.73,157.14]]]]}},{"type":"Feature","id":"48037-212","properties":{"ridingCode":"48037","pollNumber":"212","pollType":"N","advancePollNumber":"636","sourceCode":"211-0","geometryPollNumbers":["211","212"],"code":"48037-212","resultPollNumbers":["212"],"resultStatus":"resolved-combination","result":{"electors":341,"voters":196,"totalVotes":195,"rejected":1,"turnout":57.478005865102645,"winnerId":"william-stevenson","winnerPartyId":"CPC","runnerUpId":"michael-fark","runnerUpPartyId":"LIB","margin":65.64102564102564,"top":[{"id":"william-stevenson","name":"William Stevenson","shortName":"Stevenson","partyId":"CPC","votes":155,"share":79.48717948717949},{"id":"michael-fark","name":"Michael Fark","shortName":"Fark","partyId":"LIB","votes":27,"share":13.846153846153847},{"id":"avni-soma","name":"Avni Soma","shortName":"Soma","partyId":"NDP","votes":8,"share":4.102564102564102},{"id":"vicky-bayford","name":"Vicky Bayford","shortName":"Bayford","partyId":"PPC","votes":5,"share":2.564102564102564}],"partyVotes":{"LIB":27,"CPC":155,"BQ":0,"NDP":8,"GRN":0,"PPC":5,"OTH":0}}},"geometry":{"type":"MultiPolygon","coordinates":[[[[363.53,156.12],[363.42,155.77],[364.3,155.51],[364.72,155.39],[364.72,155.39],[364.74,155.4],[364.75,155.4],[364.77,155.4],[364.77,155.4],[364.78,155.41],[364.79,155.42],[364.81,155.44],[364.82,155.46],[364.83,155.48],[364.84,155.5],[364.84,155.52],[364.85,155.54],[364.87,155.55],[364.9,155.57],[364.94,155.57],[364.95,155.58],[364.97,155.58],[364.99,155.6],[365.02,155.61],[365.04,155.6],[365.05,155.59],[365.07,155.6],[365.08,155.61],[365.08,155.61],[365.09,155.6],[365.1,155.6],[365.11,155.62],[365.14,155.61],[365.15,155.6],[365.17,155.61],[365.18,155.61],[365.18,155.61],[365.2,155.61],[365.21,155.62],[365.21,155.61],[365.22,155.61],[365.23,155.61],[365.25,155.61],[365.27,155.61],[365.28,155.61],[365.34,155.83],[365.78,155.7],[365.85,155.92],[365.3,156.08],[365.27,156.09],[365.21,156.09],[365.18,156.09],[364.71,156.25],[364.7,156.25],[364.68,156.26],[364.63,156.32],[364.61,156.33],[364.59,156.34],[364.52,156.34],[364.49,156.35],[364.45,156.36],[364.42,156.38],[364.06,156.71],[363.8,157.01],[363.77,156.93],[363.76,156.93],[363.75,156.87],[363.71,156.72],[363.7,156.65],[363.53,156.12]]],[[[365.78,155.7],[365.93,155.66],[366.07,155.61],[366.22,155.57],[366.26,155.72],[366.17,155.74],[366.2,155.81],[366.2,155.81],[365.85,155.92],[365.78,155.7]]]]}},{"type":"Feature","id":"48037-213","properties":{"ridingCode":"48037","pollNumber":"213","pollType":"N","advancePollNumber":"636","sourceCode":"213-0","geometryPollNumbers":["213"],"code":"48037-213","resultPollNumbers":["213"],"resultStatus":"exact","result":{"electors":358,"voters":121,"totalVotes":119,"rejected":2,"turnout":33.798882681564244,"winnerId":"william-stevenson","winnerPartyId":"CPC","runnerUpId":"michael-fark","runnerUpPartyId":"LIB","margin":30.252100840336134,"top":[{"id":"william-stevenson","name":"William Stevenson","shortName":"Stevenson","partyId":"CPC","votes":74,"share":62.18487394957983},{"id":"michael-fark","name":"Michael Fark","shortName":"Fark","partyId":"LIB","votes":38,"share":31.932773109243694},{"id":"vicky-bayford","name":"Vicky Bayford","shortName":"Bayford","partyId":"PPC","votes":4,"share":3.361344537815126},{"id":"avni-soma","name":"Avni Soma","shortName":"Soma","partyId":"NDP","votes":3,"share":2.5210084033613445}],"partyVotes":{"LIB":38,"CPC":74,"BQ":0,"NDP":3,"GRN":0,"PPC":4,"OTH":0}}},"geometry":{"type":"Polygon","coordinates":[[[365.78,155.7],[365.34,155.83],[365.28,155.61],[365.28,155.6],[365.29,155.61],[365.32,155.6],[365.33,155.6],[365.33,155.61],[365.33,155.61],[365.34,155.61],[365.36,155.61],[365.37,155.61],[365.37,155.61],[365.38,155.61],[365.38,155.59],[365.39,155.59],[365.4,155.59],[365.41,155.59],[365.42,155.57],[365.43,155.56],[365.44,155.56],[365.45,155.57],[365.46,155.57],[365.46,155.56],[365.47,155.56],[365.48,155.56],[365.49,155.56],[365.5,155.56],[365.51,155.55],[365.53,155.53],[365.54,155.53],[365.55,155.5],[365.55,155.48],[365.56,155.47],[365.57,155.46],[365.59,155.45],[365.61,155.42],[365.62,155.41],[365.64,155.41],[365.67,155.4],[365.68,155.39],[365.68,155.39],[365.69,155.38],[365.7,155.37],[365.72,155.38],[365.73,155.37],[365.74,155.36],[365.74,155.33],[365.75,155.32],[365.76,155.32],[365.78,155.36],[365.77,155.37],[365.79,155.37],[365.8,155.37],[365.83,155.38],[365.84,155.38],[365.85,155.39],[365.88,155.51],[365.93,155.66],[365.78,155.7]]]}},{"type":"Feature","id":"48037-215","properties":{"ridingCode":"48037","pollNumber":"215","pollType":"N","advancePollNumber":"636","sourceCode":"215-0","geometryPollNumbers":["215"],"code":"48037-215","resultPollNumbers":["215"],"resultStatus":"exact","result":{"electors":364,"voters":88,"totalVotes":88,"rejected":0,"turnout":24.175824175824175,"winnerId":"william-stevenson","winnerPartyId":"CPC","runnerUpId":"michael-fark","runnerUpPartyId":"LIB","margin":63.63636363636363,"top":[{"id":"william-stevenson","name":"William Stevenson","shortName":"Stevenson","partyId":"CPC","votes":68,"share":77.27272727272727},{"id":"michael-fark","name":"Michael Fark","shortName":"Fark","partyId":"LIB","votes":12,"share":13.636363636363635},{"id":"vicky-bayford","name":"Vicky Bayford","shortName":"Bayford","partyId":"PPC","votes":4,"share":4.545454545454546},{"id":"dale-heath","name":"Dale Heath","shortName":"Heath","partyId":"OTH","votes":2,"share":2.272727272727273}],"partyVotes":{"LIB":12,"CPC":68,"BQ":0,"NDP":2,"GRN":0,"PPC":4,"OTH":2}}},"geometry":{"type":"Polygon","coordinates":[[[366.26,155.72],[366.22,155.57],[366.37,155.53],[366.51,155.48],[366.53,155.56],[366.55,155.63],[366.43,155.67],[366.41,155.68],[366.4,155.64],[366.39,155.66],[366.37,155.67],[366.36,155.67],[366.36,155.68],[366.35,155.69],[366.34,155.69],[366.34,155.68],[366.32,155.69],[366.32,155.7],[366.26,155.72]]]}},{"type":"Feature","id":"48037-216","properties":{"ridingCode":"48037","pollNumber":"216","pollType":"N","advancePollNumber":"636","sourceCode":"216-0","geometryPollNumbers":["216"],"code":"48037-216","resultPollNumbers":["216"],"resultStatus":"exact","result":{"electors":387,"voters":125,"totalVotes":125,"rejected":0,"turnout":32.299741602067186,"winnerId":"william-stevenson","winnerPartyId":"CPC","runnerUpId":"michael-fark","runnerUpPartyId":"LIB","margin":55.2,"top":[{"id":"william-stevenson","name":"William Stevenson","shortName":"Stevenson","partyId":"CPC","votes":96,"share":76.8},{"id":"michael-fark","name":"Michael Fark","shortName":"Fark","partyId":"LIB","votes":27,"share":21.6},{"id":"vicky-bayford","name":"Vicky Bayford","shortName":"Bayford","partyId":"PPC","votes":1,"share":0.8},{"id":"dale-heath","name":"Dale Heath","shortName":"Heath","partyId":"OTH","votes":1,"share":0.8}],"partyVotes":{"LIB":27,"CPC":96,"BQ":0,"NDP":0,"GRN":0,"PPC":1,"OTH":1}}},"geometry":{"type":"Polygon","coordinates":[[[365.88,155.51],[365.97,155.49],[365.98,155.52],[365.98,155.53],[366,155.53],[366,155.52],[366.01,155.52],[366.04,155.51],[366.07,155.61],[365.93,155.66],[365.88,155.51]]]}},{"type":"Feature","id":"48037-217","properties":{"ridingCode":"48037","pollNumber":"217","pollType":"N","advancePollNumber":"636","sourceCode":"217-0","geometryPollNumbers":["217"],"code":"48037-217","resultPollNumbers":["217"],"resultStatus":"exact","result":{"electors":431,"voters":137,"totalVotes":137,"rejected":0,"turnout":31.786542923433874,"winnerId":"william-stevenson","winnerPartyId":"CPC","runnerUpId":"michael-fark","runnerUpPartyId":"LIB","margin":62.04379562043796,"top":[{"id":"william-stevenson","name":"William Stevenson","shortName":"Stevenson","partyId":"CPC","votes":110,"share":80.2919708029197},{"id":"michael-fark","name":"Michael Fark","shortName":"Fark","partyId":"LIB","votes":25,"share":18.248175182481752},{"id":"vicky-bayford","name":"Vicky Bayford","shortName":"Bayford","partyId":"PPC","votes":1,"share":0.7299270072992701},{"id":"avni-soma","name":"Avni Soma","shortName":"Soma","partyId":"NDP","votes":1,"share":0.7299270072992701}],"partyVotes":{"LIB":25,"CPC":110,"BQ":0,"NDP":1,"GRN":0,"PPC":1,"OTH":0}}},"geometry":{"type":"Polygon","coordinates":[[[365.97,155.49],[366.14,155.44],[366.15,155.47],[366.15,155.48],[366.16,155.48],[366.17,155.48],[366.17,155.47],[366.17,155.46],[366.17,155.44],[366.17,155.44],[366.18,155.44],[366.22,155.57],[366.07,155.61],[366.04,155.51],[366.01,155.52],[366,155.52],[366,155.53],[365.98,155.53],[365.98,155.52],[365.97,155.49]]]}},{"type":"Feature","id":"48037-218","properties":{"ridingCode":"48037","pollNumber":"218","pollType":"N","advancePollNumber":"636","sourceCode":"218-0","geometryPollNumbers":["218"],"code":"48037-218","resultPollNumbers":["218"],"resultStatus":"exact","result":{"electors":345,"voters":103,"totalVotes":102,"rejected":1,"turnout":29.855072463768117,"winnerId":"william-stevenson","winnerPartyId":"CPC","runnerUpId":"michael-fark","runnerUpPartyId":"LIB","margin":51.9607843137255,"top":[{"id":"william-stevenson","name":"William Stevenson","shortName":"Stevenson","partyId":"CPC","votes":76,"share":74.50980392156863},{"id":"michael-fark","name":"Michael Fark","shortName":"Fark","partyId":"LIB","votes":23,"share":22.54901960784314},{"id":"vicky-bayford","name":"Vicky Bayford","shortName":"Bayford","partyId":"PPC","votes":3,"share":2.941176470588235},{"id":"dale-heath","name":"Dale Heath","shortName":"Heath","partyId":"OTH","votes":0,"share":0}],"partyVotes":{"LIB":23,"CPC":76,"BQ":0,"NDP":0,"GRN":0,"PPC":3,"OTH":0}}},"geometry":{"type":"Polygon","coordinates":[[[366.18,155.43],[366.19,155.43],[366.3,155.35],[366.31,155.35],[366.32,155.36],[366.32,155.36],[366.37,155.53],[366.22,155.57],[366.18,155.44],[366.17,155.44],[366.17,155.44],[366.17,155.46],[366.17,155.47],[366.17,155.48],[366.16,155.48],[366.15,155.48],[366.15,155.47],[366.14,155.44],[366.18,155.43]]]}},{"type":"Feature","id":"48037-219","properties":{"ridingCode":"48037","pollNumber":"219","pollType":"N","advancePollNumber":"636","sourceCode":"219-0","geometryPollNumbers":["219"],"code":"48037-219","resultPollNumbers":["219"],"resultStatus":"exact","result":{"electors":327,"voters":103,"totalVotes":103,"rejected":0,"turnout":31.49847094801223,"winnerId":"william-stevenson","winnerPartyId":"CPC","runnerUpId":"michael-fark","runnerUpPartyId":"LIB","margin":64.07766990291263,"top":[{"id":"william-stevenson","name":"William Stevenson","shortName":"Stevenson","partyId":"CPC","votes":82,"share":79.6116504854369},{"id":"michael-fark","name":"Michael Fark","shortName":"Fark","partyId":"LIB","votes":16,"share":15.53398058252427},{"id":"vicky-bayford","name":"Vicky Bayford","shortName":"Bayford","partyId":"PPC","votes":3,"share":2.912621359223301},{"id":"avni-soma","name":"Avni Soma","shortName":"Soma","partyId":"NDP","votes":2,"share":1.9417475728155338}],"partyVotes":{"LIB":16,"CPC":82,"BQ":0,"NDP":2,"GRN":0,"PPC":3,"OTH":0}}},"geometry":{"type":"Polygon","coordinates":[[[366.37,155.53],[366.32,155.36],[366.32,155.36],[366.31,155.35],[366.33,155.34],[366.37,155.37],[366.4,155.36],[366.47,155.34],[366.48,155.37],[366.49,155.42],[366.51,155.48],[366.37,155.53]]]}},{"type":"Feature","id":"48037-220","properties":{"ridingCode":"48037","pollNumber":"220","pollType":"N","advancePollNumber":"636","sourceCode":"220-0","geometryPollNumbers":["220"],"code":"48037-220","resultPollNumbers":["220"],"resultStatus":"exact","result":{"electors":540,"voters":175,"totalVotes":174,"rejected":1,"turnout":32.407407407407405,"winnerId":"william-stevenson","winnerPartyId":"CPC","runnerUpId":"michael-fark","runnerUpPartyId":"LIB","margin":51.14942528735632,"top":[{"id":"william-stevenson","name":"William Stevenson","shortName":"Stevenson","partyId":"CPC","votes":130,"share":74.71264367816092},{"id":"michael-fark","name":"Michael Fark","shortName":"Fark","partyId":"LIB","votes":41,"share":23.563218390804597},{"id":"vicky-bayford","name":"Vicky Bayford","shortName":"Bayford","partyId":"PPC","votes":3,"share":1.7241379310344827},{"id":"dale-heath","name":"Dale Heath","shortName":"Heath","partyId":"OTH","votes":0,"share":0}],"partyVotes":{"LIB":41,"CPC":130,"BQ":0,"NDP":0,"GRN":0,"PPC":3,"OTH":0}}},"geometry":{"type":"Polygon","coordinates":[[[365.77,155.37],[365.78,155.36],[365.76,155.32],[365.76,155.3],[365.78,155.3],[365.79,155.29],[365.8,155.29],[365.82,155.28],[365.82,155.31],[365.99,155.33],[366,155.34],[366,155.32],[366.01,155.31],[366.02,155.3],[366.03,155.3],[366.05,155.3],[366.13,155.28],[366.18,155.43],[366.14,155.44],[365.97,155.49],[365.88,155.51],[365.85,155.39],[365.84,155.38],[365.83,155.38],[365.8,155.37],[365.79,155.37],[365.77,155.37]]]}},{"type":"Feature","id":"48037-222","properties":{"ridingCode":"48037","pollNumber":"222","pollType":"N","advancePollNumber":"637","sourceCode":"222-0","geometryPollNumbers":["221","222"],"code":"48037-222","resultPollNumbers":["222"],"resultStatus":"resolved-combination","result":{"electors":281,"voters":172,"totalVotes":171,"rejected":1,"turnout":61.20996441281139,"winnerId":"william-stevenson","winnerPartyId":"CPC","runnerUpId":"michael-fark","runnerUpPartyId":"LIB","margin":70.17543859649122,"top":[{"id":"william-stevenson","name":"William Stevenson","shortName":"Stevenson","partyId":"CPC","votes":142,"share":83.04093567251462},{"id":"michael-fark","name":"Michael Fark","shortName":"Fark","partyId":"LIB","votes":22,"share":12.865497076023392},{"id":"avni-soma","name":"Avni Soma","shortName":"Soma","partyId":"NDP","votes":7,"share":4.093567251461988},{"id":"vicky-bayford","name":"Vicky Bayford","shortName":"Bayford","partyId":"PPC","votes":0,"share":0}],"partyVotes":{"LIB":22,"CPC":142,"BQ":0,"NDP":7,"GRN":0,"PPC":0,"OTH":0}}},"geometry":{"type":"MultiPolygon","coordinates":[[[[365.81,155.25],[365.82,155.25],[365.84,155.24],[365.87,155.21],[365.87,155.18],[365.88,155.17],[365.88,155.16],[365.86,155.16],[365.86,155.16],[365.88,155.15],[365.9,155.14],[365.93,155.12],[365.94,155.1],[365.97,155.1],[365.97,155.12],[365.96,155.12],[365.99,155.11],[366,155.11],[366.02,155.1],[366.05,155.09],[366.05,155.08],[366.05,155.05],[366.07,155.05],[366.07,155.05],[366.07,155.07],[366.08,155.07],[366.08,155.09],[366.05,155.1],[366.03,155.11],[365.93,155.14],[365.94,155.17],[366.02,155.22],[366.03,155.21],[366.03,155.2],[366.05,155.2],[366.08,155.17],[366.1,155.16],[366.12,155.24],[366.11,155.25],[366.11,155.25],[366.14,155.26],[366.13,155.27],[366.13,155.28],[366.05,155.3],[366.03,155.3],[366.02,155.3],[366.01,155.31],[366,155.32],[366,155.34],[365.99,155.33],[365.82,155.31],[365.82,155.28],[365.81,155.25]]],[[[364.79,155.36],[364.8,155.36],[365.38,155.19],[365.47,155.17],[365.61,155.12],[365.8,155.07],[365.8,155.1],[365.77,155.11],[365.77,155.11],[365.79,155.2],[365.81,155.25],[365.82,155.28],[365.8,155.29],[365.79,155.29],[365.78,155.3],[365.76,155.3],[365.76,155.32],[365.75,155.32],[365.74,155.33],[365.74,155.36],[365.73,155.37],[365.72,155.38],[365.7,155.37],[365.69,155.38],[365.68,155.39],[365.68,155.39],[365.67,155.4],[365.64,155.41],[365.62,155.41],[365.61,155.42],[365.59,155.45],[365.57,155.46],[365.56,155.47],[365.55,155.48],[365.55,155.5],[365.54,155.53],[365.53,155.53],[365.51,155.55],[365.5,155.56],[365.49,155.56],[365.48,155.56],[365.47,155.56],[365.46,155.56],[365.46,155.57],[365.45,155.57],[365.44,155.56],[365.43,155.56],[365.42,155.57],[365.41,155.59],[365.4,155.59],[365.39,155.59],[365.38,155.59],[365.38,155.61],[365.37,155.61],[365.37,155.61],[365.36,155.61],[365.34,155.61],[365.33,155.61],[365.33,155.61],[365.33,155.6],[365.32,155.6],[365.29,155.61],[365.28,155.6],[365.28,155.61],[365.27,155.61],[365.25,155.61],[365.23,155.61],[365.22,155.61],[365.21,155.61],[365.21,155.62],[365.2,155.61],[365.18,155.61],[365.18,155.61],[365.17,155.61],[365.15,155.6],[365.14,155.61],[365.11,155.62],[365.1,155.6],[365.09,155.6],[365.08,155.61],[365.08,155.61],[365.07,155.6],[365.05,155.59],[365.04,155.6],[365.02,155.61],[364.99,155.6],[364.97,155.58],[364.95,155.58],[364.94,155.57],[364.9,155.57],[364.87,155.55],[364.85,155.54],[364.84,155.52],[364.84,155.5],[364.83,155.48],[364.82,155.46],[364.81,155.44],[364.79,155.42],[364.78,155.41],[364.77,155.4],[364.77,155.4],[364.75,155.4],[364.74,155.4],[364.72,155.39],[364.72,155.39],[364.79,155.37],[364.79,155.36]]]]}},{"type":"Feature","id":"48037-223","properties":{"ridingCode":"48037","pollNumber":"223","pollType":"N","advancePollNumber":"637","sourceCode":"224-0","geometryPollNumbers":["223","224"],"code":"48037-223","resultPollNumbers":["223"],"resultStatus":"resolved-combination","result":{"electors":317,"voters":254,"totalVotes":254,"rejected":0,"turnout":80.12618296529969,"winnerId":"william-stevenson","winnerPartyId":"CPC","runnerUpId":"michael-fark","runnerUpPartyId":"LIB","margin":50,"top":[{"id":"william-stevenson","name":"William Stevenson","shortName":"Stevenson","partyId":"CPC","votes":187,"share":73.62204724409449},{"id":"michael-fark","name":"Michael Fark","shortName":"Fark","partyId":"LIB","votes":60,"share":23.62204724409449},{"id":"avni-soma","name":"Avni Soma","shortName":"Soma","partyId":"NDP","votes":4,"share":1.574803149606299},{"id":"vicky-bayford","name":"Vicky Bayford","shortName":"Bayford","partyId":"PPC","votes":3,"share":1.1811023622047243}],"partyVotes":{"LIB":60,"CPC":187,"BQ":0,"NDP":4,"GRN":0,"PPC":3,"OTH":0}}},"geometry":{"type":"MultiPolygon","coordinates":[[[[365.79,155.2],[365.77,155.11],[365.77,155.11],[365.8,155.1],[365.8,155.07],[365.83,155.05],[365.84,155.09],[365.84,155.09],[365.85,155.13],[365.85,155.13],[365.87,155.14],[365.88,155.15],[365.86,155.16],[365.86,155.16],[365.88,155.16],[365.88,155.17],[365.87,155.18],[365.87,155.21],[365.84,155.24],[365.82,155.25],[365.81,155.25],[365.79,155.2]]],[[[366.12,155.24],[366.1,155.16],[366.12,155.15],[366.13,155.14],[366.13,155.14],[366.14,155.12],[366.14,155.11],[366.14,155.11],[366.15,155.09],[366.15,155.09],[366.17,155.09],[366.19,155.08],[366.2,155.07],[366.21,155.07],[366.21,155.07],[366.21,155.08],[366.21,155.08],[366.24,155.08],[366.25,155.06],[366.26,155.06],[366.27,155.02],[366.32,155],[366.32,154.99],[366.36,155.01],[366.37,155.01],[366.43,155.19],[366.45,155.27],[366.47,155.34],[366.4,155.36],[366.37,155.37],[366.33,155.34],[366.31,155.35],[366.3,155.35],[366.19,155.43],[366.18,155.43],[366.13,155.28],[366.13,155.27],[366.14,155.26],[366.11,155.25],[366.11,155.25],[366.12,155.24]]]]}},{"type":"Feature","id":"48037-226","properties":{"ridingCode":"48037","pollNumber":"226","pollType":"N","advancePollNumber":"637","sourceCode":"226-0","geometryPollNumbers":["225","226"],"code":"48037-226","resultPollNumbers":["226"],"resultStatus":"resolved-combination","result":{"electors":394,"voters":308,"totalVotes":308,"rejected":0,"turnout":78.1725888324873,"winnerId":"william-stevenson","winnerPartyId":"CPC","runnerUpId":"michael-fark","runnerUpPartyId":"LIB","margin":56.493506493506494,"top":[{"id":"william-stevenson","name":"William Stevenson","shortName":"Stevenson","partyId":"CPC","votes":239,"share":77.59740259740259},{"id":"michael-fark","name":"Michael Fark","shortName":"Fark","partyId":"LIB","votes":65,"share":21.1038961038961},{"id":"avni-soma","name":"Avni Soma","shortName":"Soma","partyId":"NDP","votes":3,"share":0.974025974025974},{"id":"vicky-bayford","name":"Vicky Bayford","shortName":"Bayford","partyId":"PPC","votes":1,"share":0.3246753246753247}],"partyVotes":{"LIB":65,"CPC":239,"BQ":0,"NDP":3,"GRN":0,"PPC":1,"OTH":0}}},"geometry":{"type":"MultiPolygon","coordinates":[[[[366.11,155.07],[366.11,155.07],[366.15,155.04],[366.21,155.02],[366.3,154.99],[366.32,154.99],[366.32,155],[366.27,155.02],[366.26,155.06],[366.25,155.06],[366.24,155.08],[366.21,155.08],[366.21,155.08],[366.21,155.07],[366.21,155.07],[366.2,155.07],[366.19,155.08],[366.17,155.09],[366.15,155.09],[366.15,155.09],[366.14,155.11],[366.14,155.11],[366.14,155.12],[366.13,155.14],[366.1,155.12],[366.11,155.11],[366.12,155.1],[366.12,155.09],[366.11,155.09],[366.11,155.07]]],[[[366.05,155.1],[366.08,155.09],[366.11,155.07],[366.11,155.07],[366.11,155.09],[366.12,155.09],[366.12,155.1],[366.11,155.11],[366.1,155.12],[366.13,155.14],[366.13,155.14],[366.12,155.15],[366.1,155.16],[366.08,155.17],[366.05,155.2],[366.03,155.2],[366.03,155.21],[366.02,155.22],[365.94,155.17],[365.93,155.14],[366.03,155.11],[366.05,155.1]]]]}},{"type":"Feature","id":"48037-227","properties":{"ridingCode":"48037","pollNumber":"227","pollType":"N","advancePollNumber":"637","sourceCode":"227-0","geometryPollNumbers":["227"],"code":"48037-227","resultPollNumbers":["227"],"resultStatus":"exact","result":{"electors":592,"voters":283,"totalVotes":283,"rejected":0,"turnout":47.80405405405405,"winnerId":"william-stevenson","winnerPartyId":"CPC","runnerUpId":"michael-fark","runnerUpPartyId":"LIB","margin":52.29681978798587,"top":[{"id":"william-stevenson","name":"William Stevenson","shortName":"Stevenson","partyId":"CPC","votes":215,"share":75.97173144876325},{"id":"michael-fark","name":"Michael Fark","shortName":"Fark","partyId":"LIB","votes":67,"share":23.674911660777383},{"id":"avni-soma","name":"Avni Soma","shortName":"Soma","partyId":"NDP","votes":1,"share":0.35335689045936397},{"id":"vicky-bayford","name":"Vicky Bayford","shortName":"Bayford","partyId":"PPC","votes":0,"share":0}],"partyVotes":{"LIB":67,"CPC":215,"BQ":0,"NDP":1,"GRN":0,"PPC":0,"OTH":0}}},"geometry":{"type":"Polygon","coordinates":[[[365.87,155.14],[365.85,155.13],[365.85,155.13],[365.84,155.09],[365.84,155.09],[365.83,155.05],[365.99,155],[366,155.03],[366.05,155.05],[366.05,155.08],[366.05,155.09],[366.02,155.1],[366,155.11],[365.99,155.11],[365.96,155.12],[365.97,155.12],[365.97,155.1],[365.94,155.1],[365.93,155.12],[365.9,155.14],[365.88,155.15],[365.87,155.14]]]}},{"type":"Feature","id":"48037-228","properties":{"ridingCode":"48037","pollNumber":"228","pollType":"N","advancePollNumber":"637","sourceCode":"228-0","geometryPollNumbers":["228"],"code":"48037-228","resultPollNumbers":["228"],"resultStatus":"exact","result":{"electors":522,"voters":258,"totalVotes":258,"rejected":0,"turnout":49.42528735632184,"winnerId":"william-stevenson","winnerPartyId":"CPC","runnerUpId":"michael-fark","runnerUpPartyId":"LIB","margin":50.3875968992248,"top":[{"id":"william-stevenson","name":"William Stevenson","shortName":"Stevenson","partyId":"CPC","votes":192,"share":74.4186046511628},{"id":"michael-fark","name":"Michael Fark","shortName":"Fark","partyId":"LIB","votes":62,"share":24.031007751937985},{"id":"vicky-bayford","name":"Vicky Bayford","shortName":"Bayford","partyId":"PPC","votes":3,"share":1.1627906976744187},{"id":"avni-soma","name":"Avni Soma","shortName":"Soma","partyId":"NDP","votes":1,"share":0.3875968992248062}],"partyVotes":{"LIB":62,"CPC":192,"BQ":0,"NDP":1,"GRN":0,"PPC":3,"OTH":0}}},"geometry":{"type":"Polygon","coordinates":[[[365.99,155],[366.05,154.99],[366.05,155],[366.06,155],[366.06,155],[366.07,155],[366.09,154.99],[366.11,154.98],[366.12,154.98],[366.12,154.99],[366.13,154.99],[366.14,154.99],[366.15,154.99],[366.17,154.98],[366.18,154.99],[366.18,155],[366.2,154.99],[366.21,155.02],[366.15,155.04],[366.11,155.07],[366.08,155.09],[366.08,155.07],[366.07,155.07],[366.07,155.05],[366.07,155.05],[366.05,155.05],[366,155.03],[365.99,155]]]}},{"type":"Feature","id":"48037-229","properties":{"ridingCode":"48037","pollNumber":"229","pollType":"N","advancePollNumber":"637","sourceCode":"229-0","geometryPollNumbers":["229"],"code":"48037-229","resultPollNumbers":["229"],"resultStatus":"exact","result":{"electors":338,"voters":145,"totalVotes":145,"rejected":0,"turnout":42.89940828402367,"winnerId":"william-stevenson","winnerPartyId":"CPC","runnerUpId":"michael-fark","runnerUpPartyId":"LIB","margin":54.48275862068965,"top":[{"id":"william-stevenson","name":"William Stevenson","shortName":"Stevenson","partyId":"CPC","votes":111,"share":76.55172413793103},{"id":"michael-fark","name":"Michael Fark","shortName":"Fark","partyId":"LIB","votes":32,"share":22.06896551724138},{"id":"avni-soma","name":"Avni Soma","shortName":"Soma","partyId":"NDP","votes":2,"share":1.3793103448275863},{"id":"vicky-bayford","name":"Vicky Bayford","shortName":"Bayford","partyId":"PPC","votes":0,"share":0}],"partyVotes":{"LIB":32,"CPC":111,"BQ":0,"NDP":2,"GRN":0,"PPC":0,"OTH":0}}},"geometry":{"type":"Polygon","coordinates":[[[366.11,154.98],[366.09,154.99],[366.07,155],[366.06,155],[366.06,155],[366.05,155],[366.05,154.99],[366.19,154.94],[366.34,154.9],[366.36,154.98],[366.37,154.99],[366.37,155],[366.36,155],[366.36,155.01],[366.32,154.99],[366.3,154.99],[366.21,155.02],[366.2,154.99],[366.18,155],[366.18,154.99],[366.17,154.98],[366.15,154.99],[366.14,154.99],[366.13,154.99],[366.12,154.99],[366.12,154.98],[366.11,154.98]]]}},{"type":"Feature","id":"48037-230","properties":{"ridingCode":"48037","pollNumber":"230","pollType":"N","advancePollNumber":"631","sourceCode":"230-0","geometryPollNumbers":["230"],"code":"48037-230","resultPollNumbers":["230"],"resultStatus":"exact","result":{"electors":194,"voters":107,"totalVotes":105,"rejected":2,"turnout":55.154639175257735,"winnerId":"william-stevenson","winnerPartyId":"CPC","runnerUpId":"michael-fark","runnerUpPartyId":"LIB","margin":21.904761904761905,"top":[{"id":"william-stevenson","name":"William Stevenson","shortName":"Stevenson","partyId":"CPC","votes":57,"share":54.285714285714285},{"id":"michael-fark","name":"Michael Fark","shortName":"Fark","partyId":"LIB","votes":34,"share":32.38095238095238},{"id":"avni-soma","name":"Avni Soma","shortName":"Soma","partyId":"NDP","votes":11,"share":10.476190476190476},{"id":"vicky-bayford","name":"Vicky Bayford","shortName":"Bayford","partyId":"PPC","votes":3,"share":2.857142857142857}],"partyVotes":{"LIB":34,"CPC":57,"BQ":0,"NDP":11,"GRN":0,"PPC":3,"OTH":0}}},"geometry":{"type":"Polygon","coordinates":[[[358.64,155.9],[358.62,155.89],[358.6,155.88],[358.58,155.87],[358.54,155.87],[358.53,155.87],[358.51,155.87],[358.49,155.87],[358.47,155.86],[358.46,155.86],[358.41,155.84],[358.37,155.83],[358.34,155.82],[358.34,155.81],[358.33,155.79],[358.32,155.78],[358.3,155.78],[358.28,155.78],[358.27,155.8],[358.25,155.78],[358.27,155.76],[358.27,155.72],[358.3,155.72],[358.3,155.73],[358.36,155.74],[358.41,155.75],[358.42,155.75],[358.45,155.76],[358.46,155.76],[358.47,155.77],[358.48,155.77],[358.49,155.69],[358.48,155.69],[358.46,155.69],[358.45,155.68],[358.44,155.69],[358.43,155.7],[358.42,155.7],[358.4,155.68],[358.39,155.67],[358.37,155.66],[358.37,155.65],[358.36,155.65],[358.35,155.64],[358.31,155.58],[358.31,155.55],[358.31,155.52],[358.32,155.51],[358.35,155.46],[358.36,155.44],[358.36,155.41],[358.38,155.39],[358.4,155.36],[358.4,155.32],[358.4,155.3],[358.41,155.25],[358.42,155.22],[358.45,155.17],[358.47,155.12],[358.48,155.11],[358.48,155.09],[358.48,155.05],[358.46,155.04],[358.46,155],[358.47,154.94],[358.52,154.88],[358.53,154.84],[358.51,154.81],[358.49,154.8],[358.46,154.8],[358.44,154.78],[358.42,154.76],[358.39,154.75],[358.41,154.72],[358.42,154.7],[358.41,154.67],[358.42,154.65],[358.41,154.61],[358.4,154.59],[358.38,154.59],[358.36,154.54],[358.37,154.5],[358.39,154.49],[358.39,154.47],[358.4,154.45],[358.46,154.45],[358.49,154.45],[358.52,154.44],[358.54,154.42],[358.54,154.4],[358.54,154.39],[358.54,154.17],[358.54,154.17],[358.56,154.17],[358.59,154.14],[358.59,154.13],[358.61,154.14],[358.64,154.14],[358.65,154.16],[358.66,154.16],[358.68,154.15],[358.68,154.13],[358.69,154.12],[358.69,154.1],[358.66,154.06],[358.65,154.05],[358.65,154.04],[358.66,154],[358.66,153.96],[358.67,153.92],[358.68,153.87],[358.71,153.86],[358.73,153.83],[358.69,153.8],[358.66,153.77],[358.65,153.69],[358.67,153.53],[358.69,153.49],[358.69,153.46],[358.67,153.45],[358.66,153.44],[358.67,153.4],[358.66,153.39],[358.66,153.37],[358.68,153.33],[358.69,153.3],[358.68,153.3],[358.67,153.3],[358.64,153.3],[358.59,153.22],[358.57,153.22],[358.53,153.24],[358.5,153.26],[358.48,153.25],[358.42,153.27],[358.41,153.27],[358.42,153.24],[358.42,153.2],[358.4,153.19],[358.4,153.17],[358.4,153.16],[358.43,153.14],[358.46,153.12],[358.48,153.12],[358.47,153.11],[358.45,153.06],[358.45,153.04],[358.45,153],[358.45,152.99],[358.45,152.96],[358.47,152.94],[358.47,152.94],[358.48,152.92],[358.49,152.92],[358.5,152.92],[358.52,152.88],[358.52,152.83],[358.55,152.79],[358.57,152.78],[358.59,152.78],[358.59,152.76],[358.62,152.75],[358.66,152.67],[358.68,152.64],[358.7,152.65],[358.73,152.64],[358.74,152.6],[358.75,152.5],[358.74,152.5],[358.71,152.49],[358.68,152.5],[358.66,152.46],[358.69,152.41],[358.69,152.4],[358.69,152.39],[358.69,152.34],[358.7,152.32],[358.68,152.28],[358.69,152.27],[358.67,152.24],[358.66,152.24],[358.64,152.18],[358.68,152.11],[358.68,152.08],[358.71,152.07],[358.72,152.02],[358.74,151.97],[358.75,151.97],[358.79,152.01],[358.87,152],[358.89,152.03],[358.91,152.04],[358.94,152.08],[358.92,152.14],[358.93,152.19],[358.94,152.2],[358.96,152.2],[358.98,152.2],[359.02,152.21],[359.05,152.23],[359.08,152.29],[359.22,152.31],[359.25,152.28],[359.27,152.28],[359.34,152.29],[359.36,152.25],[359.44,152.21],[359.46,152.22],[359.57,152.25],[359.71,152.34],[359.77,152.31],[359.82,152.23],[359.83,152.2],[359.86,152.09],[359.89,152.13],[360,152.14],[360.05,152.16],[360.1,152.16],[360.11,152.15],[360.13,152.13],[360.11,152.04],[360.1,152.01],[360.11,151.97],[360.12,151.92],[360.12,151.9],[360.13,151.88],[360.15,151.76],[360.16,151.74],[360.17,151.72],[360.16,151.71],[360.2,151.64],[360.21,151.59],[360.21,151.56],[360.2,151.53],[360.22,151.39],[360.22,151.38],[360.24,151.35],[360.25,151.33],[360.24,151.24],[360.26,151.21],[360.26,151.17],[360.27,151.16],[360.28,151.07],[360.29,151.05],[360.32,151.03],[360.33,151.02],[360.32,150.96],[360.34,150.93],[360.32,150.9],[360.32,150.88],[360.34,150.86],[360.34,150.82],[360.35,150.8],[360.38,150.73],[360.37,150.7],[360.39,150.67],[360.39,150.66],[360.38,150.62],[360.38,150.61],[360.41,150.58],[360.44,150.53],[360.44,150.49],[360.45,150.47],[360.49,150.42],[360.49,150.42],[360.5,150.42],[360.52,150.43],[360.54,150.43],[360.58,150.43],[360.58,150.41],[360.56,150.33],[360.57,150.3],[360.58,150.28],[360.62,150.27],[360.63,150.25],[360.62,150.22],[360.6,150.21],[360.58,150.19],[360.56,150.13],[360.57,150.1],[360.57,150.1],[360.58,150.08],[360.54,150.07],[360.52,150.03],[360.51,150.01],[360.52,150.01],[360.52,149.96],[360.54,149.94],[360.55,149.93],[360.56,149.92],[360.58,149.92],[360.6,149.91],[360.67,149.9],[360.71,149.86],[360.75,149.87],[360.76,149.87],[360.76,149.78],[360.77,149.75],[360.78,149.75],[360.79,149.74],[360.78,149.72],[360.79,149.7],[360.78,149.68],[360.75,149.67],[360.72,149.62],[360.75,149.61],[360.79,149.62],[360.8,149.55],[360.83,149.52],[360.83,149.51],[360.84,149.5],[360.86,149.46],[360.88,149.45],[360.9,149.48],[360.92,149.48],[360.92,149.49],[360.94,149.48],[360.94,149.48],[360.98,149.47],[360.99,149.46],[361.01,149.42],[360.99,149.36],[361,149.33],[360.99,149.33],[360.98,149.32],[360.96,149.31],[360.93,149.29],[360.93,149.28],[360.92,149.28],[360.79,149.24],[360.76,149.2],[360.75,149.19],[360.75,149.19],[360.73,149.19],[360.73,149.19],[360.72,149.19],[360.72,149.15],[360.73,149.15],[360.75,149.1],[360.76,149.08],[360.77,149.06],[360.79,149.05],[360.8,149.01],[360.78,148.97],[360.77,148.96],[360.77,148.93],[360.75,148.87],[360.76,148.85],[360.78,148.84],[360.81,148.86],[360.83,148.86],[360.87,148.81],[360.92,148.8],[360.91,148.74],[360.89,148.68],[360.89,148.66],[360.86,148.62],[360.87,148.61],[360.87,148.59],[360.86,148.55],[360.86,148.53],[360.81,148.53],[360.75,148.47],[360.72,148.41],[360.72,148.4],[360.71,148.4],[360.71,148.38],[360.71,148.37],[360.68,148.35],[360.67,148.33],[360.67,148.33],[360.67,148.32],[360.68,148.3],[360.68,148.28],[360.67,148.28],[360.66,148.27],[360.66,148.26],[360.69,148.23],[360.69,148.23],[360.67,148.17],[360.68,148.16],[360.71,148.12],[360.72,148.07],[360.74,148.04],[360.74,148.01],[360.74,147.97],[360.7,147.94],[360.73,147.91],[360.74,147.9],[360.75,147.89],[360.75,147.86],[360.73,147.8],[360.74,147.77],[360.75,147.72],[360.75,147.7],[360.78,147.65],[360.77,147.62],[360.76,147.61],[360.77,147.58],[360.72,147.54],[360.7,147.52],[360.69,147.5],[360.68,147.47],[360.67,147.45],[360.69,147.36],[360.68,147.36],[360.7,147.35],[360.72,147.36],[360.74,147.36],[360.79,147.36],[360.83,147.38],[360.87,147.4],[360.9,147.42],[360.92,147.42],[360.94,147.43],[360.97,147.44],[361.04,147.44],[361.09,147.42],[361.11,147.42],[361.16,147.42],[361.19,147.42],[361.24,147.44],[361.27,147.44],[361.28,147.43],[361.31,147.41],[361.35,147.39],[361.39,147.37],[361.42,147.37],[361.47,147.36],[361.48,147.36],[361.48,147.37],[361.5,147.39],[361.5,147.41],[361.51,147.42],[361.52,147.42],[361.53,147.41],[361.53,147.39],[361.53,147.38],[361.53,147.36],[361.5,147.28],[361.49,147.23],[361.48,147.2],[361.48,147.18],[361.48,147.16],[361.48,147.11],[361.49,147.09],[361.51,147.07],[361.53,147.07],[361.55,147.08],[361.6,147.08],[361.62,147.08],[361.67,147.08],[361.72,147.08],[361.74,147.08],[361.76,147.08],[361.78,147.09],[361.78,147.1],[361.78,147.11],[361.78,147.14],[361.78,147.18],[361.77,147.19],[361.77,147.23],[361.77,147.25],[361.77,147.28],[361.77,147.3],[361.77,147.33],[361.78,147.33],[361.85,147.34],[361.89,147.35],[361.94,147.29],[362.02,147.23],[362.06,147.22],[362.12,147.18],[362.14,147.17],[362.14,147.16],[362.21,147.15],[362.23,147.14],[362.26,147.13],[362.29,147.12],[362.31,147.11],[362.35,147.11],[362.38,147.06],[362.4,147.05],[362.41,147.04],[362.43,147.03],[362.44,147.03],[362.46,147.03],[362.47,147.03],[362.48,147.03],[362.5,147.03],[362.5,147.03],[362.52,147.03],[362.54,147.04],[362.57,147.05],[362.58,147.06],[362.58,147.12],[362.58,147.13],[362.59,147.14],[362.59,147.16],[362.59,147.18],[362.59,147.21],[362.6,147.23],[362.62,147.24],[362.63,147.25],[362.65,147.25],[362.67,147.27],[362.68,147.27],[362.69,147.28],[362.69,147.29],[362.68,147.3],[362.67,147.31],[362.66,147.31],[362.66,147.31],[362.66,147.32],[362.68,147.33],[362.69,147.31],[362.7,147.31],[362.73,147.31],[362.74,147.31],[362.75,147.31],[362.77,147.32],[362.81,147.32],[362.83,147.32],[362.84,147.31],[362.85,147.3],[362.87,147.31],[362.9,147.33],[362.93,147.35],[362.94,147.36],[362.95,147.37],[362.97,147.41],[363,147.42],[363.05,147.43],[363.11,147.43],[363.14,147.42],[363.16,147.42],[363.17,147.43],[363.18,147.43],[363.23,147.44],[363.28,147.43],[363.31,147.44],[363.32,147.44],[363.37,147.48],[363.39,147.49],[363.41,147.5],[363.44,147.53],[363.45,147.55],[363.47,147.56],[363.49,147.57],[363.53,147.6],[363.54,147.61],[363.57,147.6],[363.63,147.62],[363.59,147.63],[363.67,147.92],[363.52,147.97],[363.57,148.12],[363.27,148.21],[363.32,148.35],[362.88,148.48],[363.01,148.92],[362.71,149.01],[362.8,149.3],[362.73,149.32],[362.65,149.34],[362.69,149.47],[362.84,149.43],[362.98,149.88],[362.83,149.92],[363.1,150.83],[363.38,150.72],[363.47,151.01],[363.74,150.92],[363.83,151.21],[363.68,151.26],[363.81,151.68],[363.85,151.83],[363.98,152.28],[363.55,152.41],[363.56,152.46],[363.68,152.85],[363.69,152.89],[363.73,153.03],[363.85,153.42],[363.78,153.44],[363.79,153.47],[363.78,153.47],[363.79,153.48],[363.78,153.48],[363.8,153.52],[363.87,153.49],[363.89,153.57],[363.75,153.61],[363.79,153.76],[363.86,153.97],[363.97,154.35],[363.53,154.47],[363.55,154.55],[363.48,154.57],[363.5,154.64],[363.58,154.62],[363.61,154.68],[363.63,154.76],[363.45,154.81],[363.49,154.95],[363.49,154.96],[363.34,155.01],[363.43,155.3],[363.28,155.34],[363.42,155.77],[363.28,155.82],[363.37,156.1],[363.42,156.3],[363.35,156.24],[363.18,156.4],[363.05,156.37],[362.85,156.47],[362.73,156.55],[362.74,156.72],[362.66,156.75],[362.56,156.8],[362.48,156.82],[362.37,156.85],[362.21,156.9],[362.06,156.8],[362,156.81],[361.93,156.78],[361.83,156.82],[361.82,156.81],[361.67,156.3],[360.81,156.57],[360.07,156.8],[360,156.82],[359.97,156.74],[359.9,156.76],[359.92,156.85],[359.62,156.94],[359.1,157.12],[358.8,157.21],[358.81,157.19],[358.81,157.17],[358.8,157.15],[358.79,157.13],[358.79,157.12],[358.78,157.1],[358.77,157.08],[358.78,157.03],[358.79,157.01],[358.79,156.99],[358.8,156.98],[358.82,156.91],[358.82,156.9],[358.81,156.88],[358.81,156.87],[358.83,156.85],[358.84,156.85],[358.86,156.85],[358.9,156.83],[358.93,156.82],[358.94,156.82],[358.94,156.8],[358.94,156.77],[358.96,156.75],[358.96,156.74],[358.96,156.73],[358.94,156.67],[358.94,156.65],[358.95,156.64],[358.95,156.61],[358.95,156.58],[358.96,156.54],[358.96,156.53],[358.98,156.48],[358.98,156.48],[359,156.45],[359.01,156.43],[359,156.42],[359,156.41],[359,156.39],[358.99,156.38],[358.96,156.34],[358.96,156.33],[358.96,156.32],[358.98,156.3],[359.01,156.27],[358.95,156.18],[358.93,156.14],[358.92,156.12],[358.92,156.07],[358.92,156.05],[358.9,156.03],[358.89,156.01],[358.89,156.01],[358.87,155.98],[358.79,156.03],[358.78,156.09],[358.78,156.1],[358.77,156.11],[358.75,156.12],[358.7,156],[358.64,155.9]]]}},{"type":"Feature","id":"48037-500","properties":{"ridingCode":"48037","pollNumber":"500","pollType":"M","advancePollNumber":"601","sourceCode":"501-0","geometryPollNumbers":["500","501"],"code":"48037-500","resultPollNumbers":["500"],"resultStatus":"resolved-combination","result":{"electors":90,"voters":60,"totalVotes":58,"rejected":2,"turnout":66.66666666666666,"winnerId":"william-stevenson","winnerPartyId":"CPC","runnerUpId":"michael-fark","runnerUpPartyId":"LIB","margin":18.96551724137931,"top":[{"id":"william-stevenson","name":"William Stevenson","shortName":"Stevenson","partyId":"CPC","votes":31,"share":53.44827586206896},{"id":"michael-fark","name":"Michael Fark","shortName":"Fark","partyId":"LIB","votes":20,"share":34.48275862068966},{"id":"avni-soma","name":"Avni Soma","shortName":"Soma","partyId":"NDP","votes":5,"share":8.620689655172415},{"id":"vicky-bayford","name":"Vicky Bayford","shortName":"Bayford","partyId":"PPC","votes":1,"share":1.7241379310344827}],"partyVotes":{"LIB":20,"CPC":31,"BQ":0,"NDP":5,"GRN":0,"PPC":1,"OTH":1}}},"geometry":{"type":"MultiPolygon","coordinates":[[[[353.68,185.07],[353.68,185.07],[353.68,185.07],[353.68,185.07]]],[[[354.06,185.21],[354.06,185.21],[354.06,185.21],[354.06,185.21]]]]}},{"type":"Feature","id":"48037-502","properties":{"ridingCode":"48037","pollNumber":"502","pollType":"M","advancePollNumber":"604","sourceCode":"502-0","geometryPollNumbers":["502","503"],"code":"48037-502","resultPollNumbers":["502"],"resultStatus":"resolved-combination","result":{"electors":88,"voters":99,"totalVotes":98,"rejected":1,"turnout":112.5,"winnerId":"william-stevenson","winnerPartyId":"CPC","runnerUpId":"michael-fark","runnerUpPartyId":"LIB","margin":53.06122448979592,"top":[{"id":"william-stevenson","name":"William Stevenson","shortName":"Stevenson","partyId":"CPC","votes":68,"share":69.38775510204081},{"id":"michael-fark","name":"Michael Fark","shortName":"Fark","partyId":"LIB","votes":16,"share":16.3265306122449},{"id":"vicky-bayford","name":"Vicky Bayford","shortName":"Bayford","partyId":"PPC","votes":8,"share":8.16326530612245},{"id":"avni-soma","name":"Avni Soma","shortName":"Soma","partyId":"NDP","votes":5,"share":5.1020408163265305}],"partyVotes":{"LIB":16,"CPC":68,"BQ":0,"NDP":5,"GRN":0,"PPC":8,"OTH":1}}},"geometry":{"type":"MultiPolygon","coordinates":[[[[361.07,184.63],[361.08,184.63],[361.08,184.63],[361.07,184.63]]],[[[361.07,184.59],[361.07,184.59],[361.05,184.59],[361.07,184.59]]]]}},{"type":"Feature","id":"48037-504","properties":{"ridingCode":"48037","pollNumber":"504","pollType":"M","advancePollNumber":"607","sourceCode":"504-0","geometryPollNumbers":["504"],"code":"48037-504","resultPollNumbers":["504"],"resultStatus":"exact","result":{"electors":27,"voters":15,"totalVotes":15,"rejected":0,"turnout":55.55555555555556,"winnerId":"michael-fark","winnerPartyId":"LIB","runnerUpId":"william-stevenson","runnerUpPartyId":"CPC","margin":13.333333333333334,"top":[{"id":"michael-fark","name":"Michael Fark","shortName":"Fark","partyId":"LIB","votes":6,"share":40},{"id":"william-stevenson","name":"William Stevenson","shortName":"Stevenson","partyId":"CPC","votes":4,"share":26.666666666666668},{"id":"avni-soma","name":"Avni Soma","shortName":"Soma","partyId":"NDP","votes":3,"share":20},{"id":"vicky-bayford","name":"Vicky Bayford","shortName":"Bayford","partyId":"PPC","votes":2,"share":13.333333333333334}],"partyVotes":{"LIB":6,"CPC":4,"BQ":0,"NDP":3,"GRN":0,"PPC":2,"OTH":0}}},"geometry":{"type":"Polygon","coordinates":[[[348.95,181.01],[348.95,181.01],[348.95,181.01],[348.95,181.01]]]}},{"type":"Feature","id":"48037-506","properties":{"ridingCode":"48037","pollNumber":"506","pollType":"M","advancePollNumber":"613","sourceCode":"506-0","geometryPollNumbers":["506"],"code":"48037-506","resultPollNumbers":["506"],"resultStatus":"exact","result":{"electors":41,"voters":89,"totalVotes":87,"rejected":2,"turnout":217.07317073170734,"winnerId":"william-stevenson","winnerPartyId":"CPC","runnerUpId":"michael-fark","runnerUpPartyId":"LIB","margin":70.11494252873564,"top":[{"id":"william-stevenson","name":"William Stevenson","shortName":"Stevenson","partyId":"CPC","votes":72,"share":82.75862068965517},{"id":"michael-fark","name":"Michael Fark","shortName":"Fark","partyId":"LIB","votes":11,"share":12.643678160919542},{"id":"vicky-bayford","name":"Vicky Bayford","shortName":"Bayford","partyId":"PPC","votes":2,"share":2.2988505747126435},{"id":"dale-heath","name":"Dale Heath","shortName":"Heath","partyId":"OTH","votes":1,"share":1.1494252873563218}],"partyVotes":{"LIB":11,"CPC":72,"BQ":0,"NDP":1,"GRN":0,"PPC":2,"OTH":1}}},"geometry":{"type":"Polygon","coordinates":[[[366.14,169.9],[366.14,169.9],[366.14,169.9],[366.14,169.9]]]}},{"type":"Feature","id":"48037-507","properties":{"ridingCode":"48037","pollNumber":"507","pollType":"M","advancePollNumber":"613","sourceCode":"507-0","geometryPollNumbers":["507","509"],"code":"48037-507","resultPollNumbers":["507"],"resultStatus":"resolved-combination","result":{"electors":94,"voters":64,"totalVotes":63,"rejected":1,"turnout":68.08510638297872,"winnerId":"william-stevenson","winnerPartyId":"CPC","runnerUpId":"michael-fark","runnerUpPartyId":"LIB","margin":65.07936507936508,"top":[{"id":"william-stevenson","name":"William Stevenson","shortName":"Stevenson","partyId":"CPC","votes":50,"share":79.36507936507937},{"id":"michael-fark","name":"Michael Fark","shortName":"Fark","partyId":"LIB","votes":9,"share":14.285714285714285},{"id":"avni-soma","name":"Avni Soma","shortName":"Soma","partyId":"NDP","votes":3,"share":4.761904761904762},{"id":"dale-heath","name":"Dale Heath","shortName":"Heath","partyId":"OTH","votes":1,"share":1.5873015873015872}],"partyVotes":{"LIB":9,"CPC":50,"BQ":0,"NDP":3,"GRN":0,"PPC":0,"OTH":1}}},"geometry":{"type":"MultiPolygon","coordinates":[[[[366.17,169.82],[366.16,169.82],[366.16,169.82],[366.17,169.82]]],[[[366.19,169.79],[366.2,169.79],[366.2,169.79],[366.19,169.79]]]]}},{"type":"Feature","id":"48037-511","properties":{"ridingCode":"48037","pollNumber":"511","pollType":"M","advancePollNumber":"621","sourceCode":"511-0","geometryPollNumbers":["511"],"code":"48037-511","resultPollNumbers":["511"],"resultStatus":"exact","result":{"electors":77,"voters":63,"totalVotes":62,"rejected":1,"turnout":81.81818181818183,"winnerId":"william-stevenson","winnerPartyId":"CPC","runnerUpId":"michael-fark","runnerUpPartyId":"LIB","margin":74.19354838709677,"top":[{"id":"william-stevenson","name":"William Stevenson","shortName":"Stevenson","partyId":"CPC","votes":51,"share":82.25806451612904},{"id":"michael-fark","name":"Michael Fark","shortName":"Fark","partyId":"LIB","votes":5,"share":8.064516129032258},{"id":"avni-soma","name":"Avni Soma","shortName":"Soma","partyId":"NDP","votes":4,"share":6.451612903225806},{"id":"vicky-bayford","name":"Vicky Bayford","shortName":"Bayford","partyId":"PPC","votes":1,"share":1.6129032258064515}],"partyVotes":{"LIB":5,"CPC":51,"BQ":0,"NDP":4,"GRN":0,"PPC":1,"OTH":1}}},"geometry":{"type":"Polygon","coordinates":[[[366.06,163.45],[366.08,163.48],[366.07,163.48],[366.07,163.45],[366.06,163.45]]]}},{"type":"Feature","id":"48037-513","properties":{"ridingCode":"48037","pollNumber":"513","pollType":"M","advancePollNumber":"625","sourceCode":"513-0","geometryPollNumbers":["512","513"],"code":"48037-513","resultPollNumbers":["513"],"resultStatus":"resolved-combination","result":{"electors":49,"voters":60,"totalVotes":60,"rejected":0,"turnout":122.44897959183673,"winnerId":"william-stevenson","winnerPartyId":"CPC","runnerUpId":"michael-fark","runnerUpPartyId":"LIB","margin":55.00000000000001,"top":[{"id":"william-stevenson","name":"William Stevenson","shortName":"Stevenson","partyId":"CPC","votes":44,"share":73.33333333333333},{"id":"michael-fark","name":"Michael Fark","shortName":"Fark","partyId":"LIB","votes":11,"share":18.333333333333332},{"id":"vicky-bayford","name":"Vicky Bayford","shortName":"Bayford","partyId":"PPC","votes":3,"share":5},{"id":"dale-heath","name":"Dale Heath","shortName":"Heath","partyId":"OTH","votes":1,"share":1.6666666666666667}],"partyVotes":{"LIB":11,"CPC":44,"BQ":0,"NDP":1,"GRN":0,"PPC":3,"OTH":1}}},"geometry":{"type":"MultiPolygon","coordinates":[[[[368.83,158.74],[368.83,158.74],[368.83,158.74],[368.83,158.74]]],[[[368.78,160.19],[368.77,160.19],[368.77,160.19],[368.78,160.19]]]]}},{"type":"Feature","id":"48037-514","properties":{"ridingCode":"48037","pollNumber":"514","pollType":"M","advancePollNumber":"629","sourceCode":"515-0","geometryPollNumbers":["514","515"],"code":"48037-514","resultPollNumbers":["514"],"resultStatus":"resolved-combination","result":{"electors":59,"voters":69,"totalVotes":68,"rejected":1,"turnout":116.94915254237289,"winnerId":"michael-fark","winnerPartyId":"LIB","runnerUpId":"william-stevenson","runnerUpPartyId":"CPC","margin":19.11764705882353,"top":[{"id":"michael-fark","name":"Michael Fark","shortName":"Fark","partyId":"LIB","votes":37,"share":54.41176470588235},{"id":"william-stevenson","name":"William Stevenson","shortName":"Stevenson","partyId":"CPC","votes":24,"share":35.294117647058826},{"id":"avni-soma","name":"Avni Soma","shortName":"Soma","partyId":"NDP","votes":5,"share":7.352941176470589},{"id":"dale-heath","name":"Dale Heath","shortName":"Heath","partyId":"OTH","votes":2,"share":2.941176470588235}],"partyVotes":{"LIB":37,"CPC":24,"BQ":0,"NDP":5,"GRN":0,"PPC":0,"OTH":2}}},"geometry":{"type":"MultiPolygon","coordinates":[[[[359.59,157.88],[359.59,157.88],[359.59,157.88],[359.59,157.88]]],[[[359.51,157.9],[359.51,157.9],[359.51,157.9],[359.51,157.9]]]]}}]}