{"type":"FeatureCollection","ridingCode":"48036","ridingName":"St. Albert--Sturgeon River","result":{"electors":100651,"voters":77305,"totalVotes":76961,"rejected":344,"turnout":76.80499945355734,"winnerId":"michael-cooper","winnerPartyId":"CPC","runnerUpId":"lucia-stachurski","runnerUpPartyId":"LIB","margin":34.093891711386284,"top":[{"id":"michael-cooper","name":"Michael Cooper","shortName":"Cooper","partyId":"CPC","votes":49216,"share":63.94927300840686},{"id":"lucia-stachurski","name":"Lucia Stachurski","shortName":"Stachurski","partyId":"LIB","votes":22977,"share":29.855381297020568},{"id":"dorothy-anderson","name":"Dorothy Anderson","shortName":"Anderson","partyId":"NDP","votes":3684,"share":4.786840087836697},{"id":"brigitte-cecelia","name":"Brigitte Cecelia","shortName":"Cecelia","partyId":"PPC","votes":820,"share":1.0654747209625655},{"id":"jeff-willerton","name":"Jeff Willerton","shortName":"Willerton","partyId":"OTH","votes":264,"share":0.34303088577331375}],"partyVotes":{"LIB":22977,"CPC":49216,"BQ":0,"NDP":3684,"GRN":0,"PPC":820,"OTH":264}},"buckets":[{"kind":"advance","polls":26,"electors":0,"voters":30881,"totalVotes":30802,"rejected":79,"turnout":0,"winnerId":"michael-cooper","winnerPartyId":"CPC","runnerUpId":"lucia-stachurski","runnerUpPartyId":"LIB","margin":30.235049672099212,"top":[{"id":"michael-cooper","name":"Michael Cooper","shortName":"Cooper","partyId":"CPC","votes":19270,"share":62.560872670605804},{"id":"lucia-stachurski","name":"Lucia Stachurski","shortName":"Stachurski","partyId":"LIB","votes":9957,"share":32.325822998506595},{"id":"dorothy-anderson","name":"Dorothy Anderson","shortName":"Anderson","partyId":"NDP","votes":1246,"share":4.045191870657749},{"id":"brigitte-cecelia","name":"Brigitte Cecelia","shortName":"Cecelia","partyId":"PPC","votes":258,"share":0.8376079475358743},{"id":"jeff-willerton","name":"Jeff Willerton","shortName":"Willerton","partyId":"OTH","votes":71,"share":0.23050451269398092}],"partyVotes":{"LIB":9957,"CPC":19270,"BQ":0,"NDP":1246,"GRN":0,"PPC":258,"OTH":71}},{"kind":"special","polls":2,"electors":256,"voters":4790,"totalVotes":4664,"rejected":126,"turnout":1871.09375,"winnerId":"michael-cooper","winnerPartyId":"CPC","runnerUpId":"lucia-stachurski","runnerUpPartyId":"LIB","margin":29.266723842195542,"top":[{"id":"michael-cooper","name":"Michael Cooper","shortName":"Cooper","partyId":"CPC","votes":2900,"share":62.17838765008577},{"id":"lucia-stachurski","name":"Lucia Stachurski","shortName":"Stachurski","partyId":"LIB","votes":1535,"share":32.91166380789022},{"id":"dorothy-anderson","name":"Dorothy Anderson","shortName":"Anderson","partyId":"NDP","votes":187,"share":4.009433962264151},{"id":"brigitte-cecelia","name":"Brigitte Cecelia","shortName":"Cecelia","partyId":"PPC","votes":29,"share":0.6217838765008576},{"id":"jeff-willerton","name":"Jeff Willerton","shortName":"Willerton","partyId":"OTH","votes":13,"share":0.2787307032590052}],"partyVotes":{"LIB":1535,"CPC":2900,"BQ":0,"NDP":187,"GRN":0,"PPC":29,"OTH":13}}],"features":[{"type":"Feature","id":"48036-1","properties":{"ridingCode":"48036","pollNumber":"1","pollType":"N","advancePollNumber":"600","sourceCode":"1-0","geometryPollNumbers":["1"],"code":"48036-1","resultPollNumbers":["1"],"resultStatus":"exact","result":{"electors":502,"voters":272,"totalVotes":271,"rejected":1,"turnout":54.18326693227091,"winnerId":"michael-cooper","winnerPartyId":"CPC","runnerUpId":"lucia-stachurski","runnerUpPartyId":"LIB","margin":83.39483394833948,"top":[{"id":"michael-cooper","name":"Michael Cooper","shortName":"Cooper","partyId":"CPC","votes":243,"share":89.66789667896678},{"id":"lucia-stachurski","name":"Lucia Stachurski","shortName":"Stachurski","partyId":"LIB","votes":17,"share":6.273062730627306},{"id":"dorothy-anderson","name":"Dorothy Anderson","shortName":"Anderson","partyId":"NDP","votes":6,"share":2.214022140221402},{"id":"brigitte-cecelia","name":"Brigitte Cecelia","shortName":"Cecelia","partyId":"PPC","votes":3,"share":1.107011070110701}],"partyVotes":{"LIB":17,"CPC":243,"BQ":0,"NDP":6,"GRN":0,"PPC":3,"OTH":2}}},"geometry":{"type":"Polygon","coordinates":[[[369.77,184],[370.06,183.9],[370.16,183.87],[370.16,183.88],[370.15,183.89],[370.14,183.9],[370.11,183.92],[370.11,183.93],[370.11,183.94],[370.11,183.95],[370.13,183.96],[370.17,183.96],[370.19,183.96],[370.2,183.97],[370.2,183.98],[370.2,183.99],[370.2,184.01],[370.2,184.01],[370.29,183.99],[370.31,183.98],[370.68,183.87],[370.69,183.9],[370.69,183.9],[370.7,183.93],[370.91,184.62],[370.84,184.67],[370.87,184.7],[370.89,184.71],[370.91,184.73],[370.9,184.74],[370.92,184.75],[370.94,184.76],[370.95,184.75],[370.9,184.81],[370.89,184.82],[370.87,184.83],[370.87,184.84],[370.88,184.83],[370.89,184.83],[370.96,184.86],[370.98,184.87],[370.99,184.89],[371.29,185.87],[371.29,185.89],[371.28,185.92],[371.3,185.93],[371.32,185.96],[371.34,186.08],[371.37,186.13],[371.38,186.16],[371.37,186.19],[371.42,186.47],[371.6,187.04],[371.31,187.13],[371.14,186.56],[371.04,186.59],[370.99,186.44],[370.71,186.53],[370.27,185.12],[370.29,185.11],[370.28,185.09],[370.26,185.07],[370.25,185.05],[370.25,185.04],[370.25,185.04],[369.98,184.16],[369.97,184.16],[369.83,184.2],[369.77,184]]]}},{"type":"Feature","id":"48036-2","properties":{"ridingCode":"48036","pollNumber":"2","pollType":"N","advancePollNumber":"600","sourceCode":"2-0","geometryPollNumbers":["2"],"code":"48036-2","resultPollNumbers":["2"],"resultStatus":"exact","result":{"electors":394,"voters":241,"totalVotes":240,"rejected":1,"turnout":61.16751269035533,"winnerId":"michael-cooper","winnerPartyId":"CPC","runnerUpId":"lucia-stachurski","runnerUpPartyId":"LIB","margin":79.58333333333333,"top":[{"id":"michael-cooper","name":"Michael Cooper","shortName":"Cooper","partyId":"CPC","votes":209,"share":87.08333333333333},{"id":"lucia-stachurski","name":"Lucia Stachurski","shortName":"Stachurski","partyId":"LIB","votes":18,"share":7.5},{"id":"dorothy-anderson","name":"Dorothy Anderson","shortName":"Anderson","partyId":"NDP","votes":8,"share":3.3333333333333335},{"id":"brigitte-cecelia","name":"Brigitte Cecelia","shortName":"Cecelia","partyId":"PPC","votes":4,"share":1.6666666666666667}],"partyVotes":{"LIB":18,"CPC":209,"BQ":0,"NDP":8,"GRN":0,"PPC":4,"OTH":1}}},"geometry":{"type":"Polygon","coordinates":[[[370.69,183.9],[370.69,183.9],[370.68,183.87],[370.82,183.82],[370.86,183.81],[370.92,183.8],[371.07,183.75],[371.11,183.73],[371.15,183.85],[371.16,183.87],[371.18,183.89],[371.19,183.9],[371.19,183.99],[371.19,184.01],[371.28,184.29],[371.3,184.3],[371.31,184.31],[371.3,184.32],[371.31,184.31],[371.29,184.32],[371.29,184.33],[371.31,184.38],[371.32,184.39],[371.34,184.44],[371.36,184.5],[371.35,184.52],[371.36,184.53],[371.39,184.66],[371.4,184.66],[371.4,184.67],[371.44,184.8],[371.46,184.84],[371.47,184.82],[371.48,184.81],[371.49,184.8],[371.5,184.81],[371.55,184.85],[371.55,184.86],[371.55,184.88],[371.55,184.89],[371.57,184.9],[371.58,184.89],[371.6,184.87],[371.61,184.85],[371.6,184.83],[371.59,184.81],[371.57,184.79],[371.56,184.77],[371.56,184.77],[371.57,184.76],[371.58,184.76],[371.61,184.76],[371.64,184.76],[371.67,184.77],[371.69,184.78],[371.73,184.8],[371.75,184.81],[371.78,184.82],[371.82,184.81],[371.83,184.81],[371.84,184.82],[371.85,184.84],[371.85,184.85],[371.86,184.85],[371.87,184.85],[371.87,184.85],[371.88,184.84],[371.89,184.83],[371.89,184.81],[371.89,184.8],[371.93,184.8],[371.95,184.8],[371.96,184.81],[371.97,184.81],[371.99,184.86],[371.99,184.86],[372,184.86],[372.01,184.85],[372.14,185.31],[371.82,185.4],[371.8,185.4],[371.79,185.4],[371.78,185.39],[371.77,185.37],[371.76,185.38],[371.78,185.4],[371.89,185.76],[371.88,185.78],[371.89,185.78],[371.9,185.82],[371.95,185.94],[371.97,185.99],[371.81,186.03],[371.89,186.3],[371.9,186.33],[371.86,186.34],[371.95,186.62],[371.95,186.62],[371.95,186.63],[372,186.78],[372.04,186.91],[371.92,186.94],[371.92,186.95],[371.89,186.96],[371.6,187.04],[371.42,186.47],[371.37,186.19],[371.38,186.16],[371.37,186.13],[371.34,186.08],[371.32,185.96],[371.3,185.93],[371.28,185.92],[371.29,185.89],[371.29,185.87],[370.99,184.89],[370.98,184.87],[370.96,184.86],[370.89,184.83],[370.88,184.83],[370.87,184.84],[370.87,184.83],[370.89,184.82],[370.9,184.81],[370.95,184.75],[370.94,184.76],[370.92,184.75],[370.9,184.74],[370.91,184.73],[370.89,184.71],[370.87,184.7],[370.84,184.67],[370.91,184.62],[370.7,183.93],[370.69,183.9]]]}},{"type":"Feature","id":"48036-3","properties":{"ridingCode":"48036","pollNumber":"3","pollType":"N","advancePollNumber":"600","sourceCode":"3-0","geometryPollNumbers":["3"],"code":"48036-3","resultPollNumbers":["3"],"resultStatus":"exact","result":{"electors":299,"voters":139,"totalVotes":139,"rejected":0,"turnout":46.48829431438127,"winnerId":"michael-cooper","winnerPartyId":"CPC","runnerUpId":"lucia-stachurski","runnerUpPartyId":"LIB","margin":82.01438848920863,"top":[{"id":"michael-cooper","name":"Michael Cooper","shortName":"Cooper","partyId":"CPC","votes":124,"share":89.20863309352518},{"id":"lucia-stachurski","name":"Lucia Stachurski","shortName":"Stachurski","partyId":"LIB","votes":10,"share":7.194244604316546},{"id":"dorothy-anderson","name":"Dorothy Anderson","shortName":"Anderson","partyId":"NDP","votes":3,"share":2.158273381294964},{"id":"brigitte-cecelia","name":"Brigitte Cecelia","shortName":"Cecelia","partyId":"PPC","votes":2,"share":1.4388489208633095}],"partyVotes":{"LIB":10,"CPC":124,"BQ":0,"NDP":3,"GRN":0,"PPC":2,"OTH":0}}},"geometry":{"type":"Polygon","coordinates":[[[371.15,183.85],[371.11,183.73],[371.26,183.69],[371.4,183.65],[371.55,183.6],[371.55,183.57],[371.5,183.38],[371.77,183.3],[371.73,183.18],[371.73,183.17],[371.76,183.15],[371.77,183.12],[371.77,183.11],[371.8,183.08],[371.82,183.07],[371.85,183.04],[371.98,183],[371.99,182.99],[371.95,182.83],[371.96,182.81],[372.05,183.13],[372.08,183.13],[372.09,183.13],[372.11,183.12],[372.12,183.13],[372.12,183.18],[372.11,183.19],[372.09,183.19],[372.08,183.18],[372.08,183.15],[372.06,183.15],[372.06,183.17],[372.14,183.42],[372.18,183.51],[372.15,183.54],[372.09,183.59],[372.03,183.65],[372.04,183.66],[372.07,183.76],[372.35,184.69],[372.35,184.7],[372.37,184.72],[372.36,184.72],[372.36,184.74],[372.37,184.75],[372.37,184.77],[372.36,184.77],[372.36,184.77],[372.34,184.77],[372.34,184.77],[372.34,184.76],[372.34,184.74],[372.34,184.73],[372.33,184.71],[372.32,184.71],[372.3,184.72],[372.28,184.71],[372.26,184.7],[372.25,184.67],[372.24,184.67],[372.23,184.66],[372.21,184.66],[372.2,184.67],[372.2,184.68],[372.21,184.74],[372.21,184.75],[372.19,184.77],[372.18,184.77],[372.18,184.77],[372.17,184.77],[372.17,184.76],[372.17,184.72],[372.17,184.71],[372.16,184.7],[372.15,184.69],[372.15,184.68],[372.13,184.68],[372.12,184.68],[372.07,184.72],[372.06,184.73],[372.06,184.75],[372.05,184.76],[372.02,184.78],[372.02,184.79],[372.02,184.81],[372.02,184.83],[372.01,184.85],[372,184.86],[371.99,184.86],[371.99,184.86],[371.97,184.81],[371.96,184.81],[371.95,184.8],[371.93,184.8],[371.89,184.8],[371.89,184.81],[371.89,184.83],[371.88,184.84],[371.87,184.85],[371.87,184.85],[371.86,184.85],[371.85,184.85],[371.85,184.84],[371.84,184.82],[371.83,184.81],[371.82,184.81],[371.78,184.82],[371.75,184.81],[371.73,184.8],[371.69,184.78],[371.67,184.77],[371.64,184.76],[371.61,184.76],[371.58,184.76],[371.57,184.76],[371.56,184.77],[371.56,184.77],[371.57,184.79],[371.59,184.81],[371.6,184.83],[371.61,184.85],[371.6,184.87],[371.58,184.89],[371.57,184.9],[371.55,184.89],[371.55,184.88],[371.55,184.86],[371.55,184.85],[371.5,184.81],[371.49,184.8],[371.48,184.81],[371.47,184.82],[371.46,184.84],[371.44,184.8],[371.4,184.67],[371.4,184.66],[371.39,184.66],[371.36,184.53],[371.35,184.52],[371.36,184.5],[371.34,184.44],[371.32,184.39],[371.31,184.38],[371.29,184.33],[371.29,184.32],[371.31,184.31],[371.3,184.32],[371.31,184.31],[371.3,184.3],[371.28,184.29],[371.19,184.01],[371.19,183.99],[371.19,183.9],[371.18,183.89],[371.16,183.87],[371.15,183.85]]]}},{"type":"Feature","id":"48036-4","properties":{"ridingCode":"48036","pollNumber":"4","pollType":"N","advancePollNumber":"600","sourceCode":"4-0","geometryPollNumbers":["4"],"code":"48036-4","resultPollNumbers":["4"],"resultStatus":"exact","result":{"electors":171,"voters":65,"totalVotes":65,"rejected":0,"turnout":38.01169590643275,"winnerId":"michael-cooper","winnerPartyId":"CPC","runnerUpId":"lucia-stachurski","runnerUpPartyId":"LIB","margin":72.3076923076923,"top":[{"id":"michael-cooper","name":"Michael Cooper","shortName":"Cooper","partyId":"CPC","votes":54,"share":83.07692307692308},{"id":"lucia-stachurski","name":"Lucia Stachurski","shortName":"Stachurski","partyId":"LIB","votes":7,"share":10.76923076923077},{"id":"dorothy-anderson","name":"Dorothy Anderson","shortName":"Anderson","partyId":"NDP","votes":2,"share":3.076923076923077},{"id":"brigitte-cecelia","name":"Brigitte Cecelia","shortName":"Cecelia","partyId":"PPC","votes":2,"share":3.076923076923077}],"partyVotes":{"LIB":7,"CPC":54,"BQ":0,"NDP":2,"GRN":0,"PPC":2,"OTH":0}}},"geometry":{"type":"Polygon","coordinates":[[[371.9,182.55],[372.16,182.48],[372.25,182.45],[372.27,182.53],[372.44,183.13],[372.5,183.11],[372.52,183.16],[372.66,183.12],[372.64,183.06],[372.87,182.99],[372.94,182.97],[373.03,182.94],[372.98,182.97],[372.96,182.99],[372.95,183.01],[372.88,183.1],[372.86,183.12],[372.84,183.14],[372.58,183.21],[372.54,183.23],[372.41,183.32],[372.28,183.4],[372.24,183.43],[372.18,183.51],[372.14,183.42],[372.06,183.17],[372.06,183.15],[372.08,183.15],[372.08,183.18],[372.09,183.19],[372.11,183.19],[372.12,183.18],[372.12,183.13],[372.11,183.12],[372.09,183.13],[372.08,183.13],[372.05,183.13],[371.96,182.81],[371.89,182.59],[371.88,182.56],[371.9,182.55]]]}},{"type":"Feature","id":"48036-5","properties":{"ridingCode":"48036","pollNumber":"5","pollType":"N","advancePollNumber":"602","sourceCode":"5-0","geometryPollNumbers":["5"],"code":"48036-5","resultPollNumbers":["5"],"resultStatus":"exact","result":{"electors":338,"voters":52,"totalVotes":52,"rejected":0,"turnout":15.384615384615385,"winnerId":"lucia-stachurski","winnerPartyId":"LIB","runnerUpId":"dorothy-anderson","runnerUpPartyId":"NDP","margin":48.07692307692308,"top":[{"id":"lucia-stachurski","name":"Lucia Stachurski","shortName":"Stachurski","partyId":"LIB","votes":35,"share":67.3076923076923},{"id":"dorothy-anderson","name":"Dorothy Anderson","shortName":"Anderson","partyId":"NDP","votes":10,"share":19.230769230769234},{"id":"michael-cooper","name":"Michael Cooper","shortName":"Cooper","partyId":"CPC","votes":6,"share":11.538461538461538},{"id":"brigitte-cecelia","name":"Brigitte Cecelia","shortName":"Cecelia","partyId":"PPC","votes":1,"share":1.9230769230769231}],"partyVotes":{"LIB":35,"CPC":6,"BQ":0,"NDP":10,"GRN":0,"PPC":1,"OTH":0}}},"geometry":{"type":"Polygon","coordinates":[[[372.27,182.53],[372.25,182.45],[372.19,182.24],[372.2,182.24],[372.21,182.26],[372.23,182.28],[372.24,182.29],[372.26,182.3],[372.28,182.31],[372.32,182.32],[372.34,182.33],[372.37,182.37],[372.37,182.33],[372.38,182.32],[372.41,182.29],[372.42,182.28],[372.43,182.27],[372.44,182.27],[372.44,182.27],[372.45,182.27],[372.44,182.26],[372.43,182.25],[372.43,182.24],[372.41,182.25],[372.4,182.25],[372.38,182.26],[372.37,182.28],[372.37,182.29],[372.36,182.3],[372.36,182.31],[372.35,182.32],[372.34,182.32],[372.32,182.29],[372.31,182.28],[372.3,182.26],[372.31,182.26],[372.3,182.24],[372.28,182.23],[372.26,182.21],[372.26,182.2],[372.26,182.19],[372.26,182.17],[372.27,182.17],[372.27,182.16],[372.27,182.15],[372.27,182.14],[372.27,182.13],[372.27,182.13],[372.28,182.14],[372.31,182.14],[372.34,182.15],[372.39,182.15],[372.4,182.16],[372.4,182.16],[372.4,182.17],[372.39,182.19],[372.38,182.2],[372.38,182.21],[372.37,182.22],[372.36,182.22],[372.37,182.23],[372.39,182.24],[372.41,182.22],[372.43,182.22],[372.44,182.22],[372.45,182.23],[372.48,182.26],[372.49,182.26],[372.52,182.29],[372.52,182.3],[372.52,182.3],[372.49,182.3],[372.48,182.3],[372.48,182.31],[372.46,182.33],[372.47,182.34],[372.47,182.34],[372.47,182.36],[372.47,182.37],[372.47,182.37],[372.46,182.37],[372.46,182.38],[372.46,182.38],[372.46,182.37],[372.45,182.37],[372.45,182.38],[372.43,182.37],[372.42,182.38],[372.41,182.38],[372.41,182.38],[372.4,182.39],[372.41,182.4],[372.42,182.4],[372.44,182.4],[372.45,182.4],[372.46,182.41],[372.5,182.43],[372.52,182.44],[372.53,182.44],[372.56,182.44],[372.57,182.44],[372.59,182.43],[372.61,182.43],[372.65,182.44],[372.66,182.44],[372.67,182.44],[372.69,182.44],[372.72,182.44],[372.73,182.44],[372.74,182.44],[372.75,182.42],[372.76,182.43],[372.77,182.43],[372.78,182.43],[372.79,182.43],[372.8,182.42],[372.8,182.4],[372.8,182.4],[372.81,182.4],[372.81,182.41],[372.82,182.42],[372.84,182.41],[372.86,182.41],[372.87,182.41],[372.87,182.41],[372.88,182.41],[372.89,182.41],[372.89,182.4],[372.89,182.39],[372.88,182.38],[372.87,182.38],[372.86,182.38],[372.88,182.37],[372.87,182.37],[372.87,182.36],[372.87,182.36],[372.87,182.35],[372.87,182.35],[372.87,182.34],[372.86,182.34],[372.86,182.34],[372.86,182.35],[372.86,182.35],[372.86,182.34],[372.86,182.33],[372.86,182.33],[372.86,182.32],[372.86,182.31],[372.86,182.31],[372.85,182.31],[372.84,182.3],[372.84,182.29],[372.84,182.29],[372.83,182.29],[372.83,182.29],[372.82,182.29],[372.83,182.29],[372.83,182.28],[372.82,182.28],[372.82,182.27],[372.91,182.26],[372.94,182.25],[372.94,182.25],[372.94,182.27],[372.95,182.27],[372.95,182.27],[372.95,182.28],[372.95,182.28],[372.96,182.29],[372.95,182.3],[372.96,182.31],[372.97,182.31],[372.97,182.32],[372.96,182.33],[372.97,182.34],[372.96,182.35],[372.96,182.37],[372.96,182.38],[372.95,182.4],[372.96,182.4],[372.95,182.41],[372.96,182.42],[372.95,182.44],[372.95,182.44],[372.94,182.45],[372.95,182.45],[372.96,182.46],[372.96,182.45],[372.97,182.45],[372.98,182.44],[372.99,182.45],[372.99,182.45],[373,182.45],[373,182.46],[373.01,182.47],[373.02,182.48],[373.04,182.48],[373.06,182.48],[373.07,182.48],[373.08,182.48],[373.12,182.44],[373.13,182.45],[373.19,182.66],[373.21,182.72],[373.21,182.73],[373.21,182.74],[373.22,182.75],[373.22,182.75],[373.22,182.76],[373.25,182.88],[373.12,182.92],[373.08,182.93],[373.08,182.93],[373.07,182.93],[373.03,182.94],[372.94,182.97],[372.87,182.99],[372.64,183.06],[372.66,183.12],[372.52,183.16],[372.5,183.11],[372.44,183.13],[372.27,182.53]]]}},{"type":"Feature","id":"48036-6","properties":{"ridingCode":"48036","pollNumber":"6","pollType":"N","advancePollNumber":"601","sourceCode":"6-0","geometryPollNumbers":["6"],"code":"48036-6","resultPollNumbers":["6"],"resultStatus":"exact","result":{"electors":401,"voters":203,"totalVotes":203,"rejected":0,"turnout":50.62344139650873,"winnerId":"michael-cooper","winnerPartyId":"CPC","runnerUpId":"lucia-stachurski","runnerUpPartyId":"LIB","margin":77.33990147783251,"top":[{"id":"michael-cooper","name":"Michael Cooper","shortName":"Cooper","partyId":"CPC","votes":176,"share":86.69950738916256},{"id":"lucia-stachurski","name":"Lucia Stachurski","shortName":"Stachurski","partyId":"LIB","votes":19,"share":9.35960591133005},{"id":"dorothy-anderson","name":"Dorothy Anderson","shortName":"Anderson","partyId":"NDP","votes":5,"share":2.4630541871921183},{"id":"jeff-willerton","name":"Jeff Willerton","shortName":"Willerton","partyId":"OTH","votes":2,"share":0.9852216748768473}],"partyVotes":{"LIB":19,"CPC":176,"BQ":0,"NDP":5,"GRN":0,"PPC":1,"OTH":2}}},"geometry":{"type":"Polygon","coordinates":[[[372.35,184.69],[372.07,183.76],[372.94,183.5],[373.01,183.73],[373.01,183.75],[373.01,183.76],[373.01,183.77],[373.03,183.78],[373.04,183.78],[374.04,183.49],[374.2,184.05],[374.21,184.07],[374.21,184.1],[374.21,184.12],[374.2,184.14],[374.23,184.13],[374.24,184.2],[374.25,184.21],[374.26,184.26],[374.33,184.47],[374.38,184.64],[374.08,184.73],[374.07,184.73],[374.07,184.73],[374.04,184.74],[374.03,184.74],[374.02,184.74],[374.01,184.74],[374.01,184.74],[374.01,184.74],[374.01,184.75],[374,184.75],[374.01,184.76],[373.91,184.78],[373.92,184.76],[373.93,184.74],[373.92,184.69],[373.9,184.67],[373.89,184.67],[373.87,184.65],[373.86,184.65],[373.84,184.65],[373.8,184.67],[373.75,184.69],[373.74,184.68],[373.73,184.67],[373.72,184.67],[373.68,184.67],[373.67,184.67],[373.66,184.66],[373.65,184.65],[373.63,184.63],[373.62,184.63],[373.62,184.64],[373.61,184.65],[373.6,184.66],[373.59,184.66],[373.57,184.65],[373.56,184.63],[373.56,184.62],[373.55,184.62],[373.54,184.62],[373.53,184.63],[373.51,184.63],[373.51,184.63],[373.48,184.6],[373.47,184.6],[373.46,184.6],[373.45,184.6],[373.44,184.62],[373.44,184.63],[373.44,184.64],[373.46,184.66],[373.46,184.68],[373.46,184.7],[373.46,184.72],[373.45,184.72],[373.44,184.72],[373.44,184.72],[373.44,184.7],[373.43,184.69],[373.41,184.68],[373.37,184.69],[373.36,184.69],[373.33,184.71],[373.32,184.72],[373.31,184.72],[373.29,184.71],[373.29,184.69],[373.3,184.69],[373.32,184.69],[373.33,184.68],[373.34,184.66],[373.34,184.64],[373.35,184.63],[373.35,184.62],[373.34,184.62],[373.34,184.61],[373.33,184.61],[373.32,184.62],[373.32,184.64],[373.31,184.65],[373.3,184.65],[373.29,184.65],[373.28,184.63],[373.27,184.59],[373.25,184.58],[373.24,184.58],[373.24,184.59],[373.23,184.62],[373.22,184.64],[373.21,184.64],[373.2,184.64],[373.18,184.64],[373.16,184.61],[373.14,184.6],[373.12,184.6],[373.1,184.6],[373.08,184.61],[373.06,184.6],[373.06,184.61],[373.05,184.62],[373.04,184.63],[373.03,184.63],[373.01,184.63],[373.01,184.63],[373,184.63],[373.01,184.65],[373.01,184.66],[373,184.67],[372.99,184.68],[372.98,184.68],[372.96,184.68],[372.95,184.67],[372.94,184.66],[372.92,184.64],[372.9,184.61],[372.9,184.6],[372.88,184.59],[372.87,184.58],[372.86,184.58],[372.86,184.59],[372.86,184.6],[372.87,184.63],[372.88,184.64],[372.89,184.66],[372.89,184.67],[372.88,184.68],[372.86,184.69],[372.85,184.69],[372.83,184.67],[372.8,184.65],[372.78,184.65],[372.76,184.64],[372.74,184.65],[372.71,184.66],[372.69,184.67],[372.68,184.69],[372.67,184.7],[372.66,184.75],[372.65,184.77],[372.64,184.77],[372.62,184.77],[372.61,184.76],[372.61,184.75],[372.6,184.74],[372.6,184.73],[372.59,184.72],[372.58,184.71],[372.54,184.69],[372.52,184.69],[372.5,184.7],[372.5,184.71],[372.49,184.72],[372.49,184.73],[372.51,184.74],[372.52,184.74],[372.52,184.75],[372.52,184.77],[372.52,184.77],[372.51,184.78],[372.5,184.78],[372.49,184.77],[372.48,184.75],[372.47,184.74],[372.46,184.74],[372.45,184.74],[372.43,184.73],[372.41,184.71],[372.4,184.71],[372.39,184.71],[372.38,184.71],[372.37,184.72],[372.35,184.7],[372.35,184.69]]]}},{"type":"Feature","id":"48036-7","properties":{"ridingCode":"48036","pollNumber":"7","pollType":"N","advancePollNumber":"601","sourceCode":"7-0","geometryPollNumbers":["7"],"code":"48036-7","resultPollNumbers":["7"],"resultStatus":"exact","result":{"electors":453,"voters":243,"totalVotes":243,"rejected":0,"turnout":53.64238410596026,"winnerId":"michael-cooper","winnerPartyId":"CPC","runnerUpId":"lucia-stachurski","runnerUpPartyId":"LIB","margin":56.79012345679012,"top":[{"id":"michael-cooper","name":"Michael Cooper","shortName":"Cooper","partyId":"CPC","votes":182,"share":74.8971193415638},{"id":"lucia-stachurski","name":"Lucia Stachurski","shortName":"Stachurski","partyId":"LIB","votes":44,"share":18.106995884773664},{"id":"dorothy-anderson","name":"Dorothy Anderson","shortName":"Anderson","partyId":"NDP","votes":11,"share":4.526748971193416},{"id":"brigitte-cecelia","name":"Brigitte Cecelia","shortName":"Cecelia","partyId":"PPC","votes":4,"share":1.646090534979424}],"partyVotes":{"LIB":44,"CPC":182,"BQ":0,"NDP":11,"GRN":0,"PPC":4,"OTH":2}}},"geometry":{"type":"Polygon","coordinates":[[[373.95,183.2],[373.87,182.91],[374.3,182.78],[375.03,182.57],[375.17,183.05],[375.17,183.06],[375.18,183.07],[375.2,183.14],[375.28,183.43],[375.14,183.48],[374.48,183.67],[374.57,183.95],[374.5,183.98],[374.54,184.12],[374.32,184.18],[374.28,184.2],[374.25,184.21],[374.24,184.2],[374.23,184.13],[374.2,184.14],[374.21,184.12],[374.21,184.1],[374.21,184.07],[374.2,184.05],[374.04,183.49],[374.02,183.44],[373.98,183.36],[373.98,183.35],[373.98,183.3],[373.98,183.29],[373.95,183.2]]]}},{"type":"Feature","id":"48036-8","properties":{"ridingCode":"48036","pollNumber":"8","pollType":"N","advancePollNumber":"601","sourceCode":"8-0","geometryPollNumbers":["8"],"code":"48036-8","resultPollNumbers":["8"],"resultStatus":"exact","result":{"electors":413,"voters":184,"totalVotes":184,"rejected":0,"turnout":44.55205811138014,"winnerId":"michael-cooper","winnerPartyId":"CPC","runnerUpId":"lucia-stachurski","runnerUpPartyId":"LIB","margin":75.54347826086956,"top":[{"id":"michael-cooper","name":"Michael Cooper","shortName":"Cooper","partyId":"CPC","votes":157,"share":85.32608695652173},{"id":"lucia-stachurski","name":"Lucia Stachurski","shortName":"Stachurski","partyId":"LIB","votes":18,"share":9.782608695652174},{"id":"dorothy-anderson","name":"Dorothy Anderson","shortName":"Anderson","partyId":"NDP","votes":5,"share":2.717391304347826},{"id":"brigitte-cecelia","name":"Brigitte Cecelia","shortName":"Cecelia","partyId":"PPC","votes":2,"share":1.0869565217391304}],"partyVotes":{"LIB":18,"CPC":157,"BQ":0,"NDP":5,"GRN":0,"PPC":2,"OTH":2}}},"geometry":{"type":"Polygon","coordinates":[[[372.18,183.51],[372.24,183.43],[372.28,183.4],[372.41,183.32],[372.54,183.23],[372.58,183.21],[372.84,183.14],[372.86,183.12],[372.88,183.1],[372.95,183.01],[372.96,182.99],[372.98,182.97],[373.03,182.94],[373.07,182.93],[373.08,182.93],[373.08,182.93],[373.12,182.92],[373.25,182.88],[373.22,182.76],[373.22,182.75],[373.22,182.75],[373.25,182.71],[373.31,182.63],[373.35,182.57],[373.36,182.55],[373.39,182.47],[373.47,182.36],[373.49,182.35],[373.53,182.31],[373.53,182.31],[373.67,182.23],[373.81,182.13],[373.83,182.12],[373.91,182.02],[373.91,182.03],[373.95,182.13],[373.99,182.25],[374.13,182.2],[374.18,182.36],[374.22,182.49],[374.3,182.78],[373.87,182.91],[373.95,183.2],[373.98,183.29],[373.98,183.3],[373.98,183.35],[373.98,183.36],[374.02,183.44],[374.04,183.49],[373.04,183.78],[373.03,183.78],[373.01,183.77],[373.01,183.76],[373.01,183.75],[373.01,183.73],[372.94,183.5],[372.07,183.76],[372.04,183.66],[372.03,183.65],[372.09,183.59],[372.15,183.54],[372.18,183.51]]]}},{"type":"Feature","id":"48036-9","properties":{"ridingCode":"48036","pollNumber":"9","pollType":"N","advancePollNumber":"600","sourceCode":"9-0","geometryPollNumbers":["9"],"code":"48036-9","resultPollNumbers":["9"],"resultStatus":"exact","result":{"electors":193,"voters":110,"totalVotes":110,"rejected":0,"turnout":56.994818652849744,"winnerId":"michael-cooper","winnerPartyId":"CPC","runnerUpId":"lucia-stachurski","runnerUpPartyId":"LIB","margin":78.18181818181819,"top":[{"id":"michael-cooper","name":"Michael Cooper","shortName":"Cooper","partyId":"CPC","votes":95,"share":86.36363636363636},{"id":"lucia-stachurski","name":"Lucia Stachurski","shortName":"Stachurski","partyId":"LIB","votes":9,"share":8.181818181818182},{"id":"dorothy-anderson","name":"Dorothy Anderson","shortName":"Anderson","partyId":"NDP","votes":3,"share":2.727272727272727},{"id":"brigitte-cecelia","name":"Brigitte Cecelia","shortName":"Cecelia","partyId":"PPC","votes":3,"share":2.727272727272727}],"partyVotes":{"LIB":9,"CPC":95,"BQ":0,"NDP":3,"GRN":0,"PPC":3,"OTH":0}}},"geometry":{"type":"Polygon","coordinates":[[[370.35,183.02],[370.39,183],[370.41,183],[370.42,182.99],[370.44,182.99],[370.46,182.98],[370.46,183],[370.46,182.99],[370.9,182.87],[370.89,182.86],[371.1,182.78],[371.29,182.72],[371.43,182.7],[371.47,182.69],[371.87,182.57],[371.88,182.56],[371.89,182.59],[371.96,182.81],[371.95,182.83],[371.99,182.99],[371.98,183],[371.85,183.04],[371.82,183.07],[371.8,183.08],[371.77,183.11],[371.77,183.12],[371.76,183.15],[371.73,183.17],[371.73,183.18],[371.77,183.3],[371.5,183.38],[371.55,183.57],[371.55,183.6],[371.4,183.65],[371.26,183.69],[371.11,183.73],[371.07,183.75],[370.92,183.8],[370.86,183.81],[370.82,183.82],[370.68,183.87],[370.31,183.98],[370.29,183.99],[370.2,184.01],[370.2,184.01],[370.2,183.99],[370.2,183.98],[370.2,183.97],[370.19,183.96],[370.17,183.96],[370.13,183.96],[370.11,183.95],[370.11,183.94],[370.11,183.93],[370.11,183.92],[370.14,183.9],[370.15,183.89],[370.16,183.88],[370.16,183.87],[370.16,183.86],[370.15,183.85],[370.11,183.84],[370.09,183.83],[370.09,183.82],[370.1,183.81],[370.12,183.8],[370.14,183.78],[370.17,183.76],[370.18,183.73],[370.21,183.7],[370.21,183.69],[370.22,183.67],[370.21,183.66],[370.21,183.65],[370.19,183.65],[370.16,183.65],[370.14,183.64],[370.14,183.63],[370.15,183.63],[370.16,183.62],[370.18,183.61],[370.19,183.6],[370.22,183.56],[370.23,183.56],[370.26,183.55],[370.27,183.54],[370.27,183.53],[370.27,183.51],[370.27,183.5],[370.25,183.49],[370.24,183.49],[370.22,183.48],[370.19,183.45],[370.19,183.44],[370.2,183.43],[370.21,183.42],[370.23,183.42],[370.24,183.42],[370.24,183.41],[370.24,183.4],[370.22,183.39],[370.2,183.37],[370.2,183.36],[370.21,183.35],[370.22,183.33],[370.25,183.31],[370.26,183.31],[370.29,183.31],[370.32,183.32],[370.33,183.31],[370.34,183.31],[370.35,183.29],[370.34,183.23],[370.35,183.21],[370.35,183.2],[370.37,183.17],[370.36,183.11],[370.36,183.1],[370.35,183.1],[370.34,183.09],[370.3,183.09],[370.29,183.09],[370.28,183.08],[370.28,183.07],[370.28,183.06],[370.29,183.05],[370.31,183.04],[370.35,183.02]]]}},{"type":"Feature","id":"48036-10","properties":{"ridingCode":"48036","pollNumber":"10","pollType":"N","advancePollNumber":"607","sourceCode":"10-0","geometryPollNumbers":["10"],"code":"48036-10","resultPollNumbers":["10"],"resultStatus":"exact","result":{"electors":368,"voters":156,"totalVotes":156,"rejected":0,"turnout":42.391304347826086,"winnerId":"michael-cooper","winnerPartyId":"CPC","runnerUpId":"lucia-stachurski","runnerUpPartyId":"LIB","margin":67.3076923076923,"top":[{"id":"michael-cooper","name":"Michael Cooper","shortName":"Cooper","partyId":"CPC","votes":125,"share":80.12820512820514},{"id":"lucia-stachurski","name":"Lucia Stachurski","shortName":"Stachurski","partyId":"LIB","votes":20,"share":12.82051282051282},{"id":"dorothy-anderson","name":"Dorothy Anderson","shortName":"Anderson","partyId":"NDP","votes":8,"share":5.128205128205128},{"id":"brigitte-cecelia","name":"Brigitte Cecelia","shortName":"Cecelia","partyId":"PPC","votes":3,"share":1.9230769230769231}],"partyVotes":{"LIB":20,"CPC":125,"BQ":0,"NDP":8,"GRN":0,"PPC":3,"OTH":0}}},"geometry":{"type":"Polygon","coordinates":[[[377.69,183.68],[378.39,183.48],[379.21,183.25],[380.22,182.96],[380.23,182.98],[380.35,183.41],[380.2,183.44],[379.48,183.64],[379.33,183.68],[379.04,183.76],[379,183.62],[378.42,183.78],[378.38,183.64],[377.81,183.8],[377.73,183.82],[377.69,183.68]]]}},{"type":"Feature","id":"48036-11","properties":{"ridingCode":"48036","pollNumber":"11","pollType":"N","advancePollNumber":"607","sourceCode":"11-0","geometryPollNumbers":["11"],"code":"48036-11","resultPollNumbers":["11"],"resultStatus":"exact","result":{"electors":367,"voters":157,"totalVotes":157,"rejected":0,"turnout":42.77929155313351,"winnerId":"michael-cooper","winnerPartyId":"CPC","runnerUpId":"lucia-stachurski","runnerUpPartyId":"LIB","margin":61.146496815286625,"top":[{"id":"michael-cooper","name":"Michael Cooper","shortName":"Cooper","partyId":"CPC","votes":120,"share":76.43312101910828},{"id":"lucia-stachurski","name":"Lucia Stachurski","shortName":"Stachurski","partyId":"LIB","votes":24,"share":15.286624203821656},{"id":"brigitte-cecelia","name":"Brigitte Cecelia","shortName":"Cecelia","partyId":"PPC","votes":5,"share":3.1847133757961785},{"id":"dorothy-anderson","name":"Dorothy Anderson","shortName":"Anderson","partyId":"NDP","votes":4,"share":2.547770700636943}],"partyVotes":{"LIB":24,"CPC":120,"BQ":0,"NDP":4,"GRN":0,"PPC":5,"OTH":4}}},"geometry":{"type":"Polygon","coordinates":[[[377.38,183.14],[377.89,183],[377.85,182.85],[377.99,182.81],[377.95,182.67],[378.24,182.58],[378.32,182.87],[378.76,182.75],[379.05,182.67],[379.21,183.25],[378.39,183.48],[377.69,183.68],[377.65,183.53],[377.5,183.58],[377.38,183.14]],[[378.6,183.03],[378.62,183.08],[378.62,183.08],[378.63,183.1],[378.62,183.1],[378.62,183.11],[378.63,183.11],[378.65,183.17],[378.71,183.15],[378.76,183.14],[378.76,183.13],[378.76,183.1],[378.77,183.1],[378.76,183.07],[378.76,183.07],[378.76,183.06],[378.77,183.06],[378.75,182.99],[378.6,183.03]]]}},{"type":"Feature","id":"48036-12","properties":{"ridingCode":"48036","pollNumber":"12","pollType":"N","advancePollNumber":"607","sourceCode":"12-0","geometryPollNumbers":["12"],"code":"48036-12","resultPollNumbers":["12"],"resultStatus":"exact","result":{"electors":500,"voters":212,"totalVotes":212,"rejected":0,"turnout":42.4,"winnerId":"michael-cooper","winnerPartyId":"CPC","runnerUpId":"lucia-stachurski","runnerUpPartyId":"LIB","margin":55.660377358490564,"top":[{"id":"michael-cooper","name":"Michael Cooper","shortName":"Cooper","partyId":"CPC","votes":158,"share":74.52830188679245},{"id":"lucia-stachurski","name":"Lucia Stachurski","shortName":"Stachurski","partyId":"LIB","votes":40,"share":18.867924528301888},{"id":"dorothy-anderson","name":"Dorothy Anderson","shortName":"Anderson","partyId":"NDP","votes":9,"share":4.245283018867925},{"id":"brigitte-cecelia","name":"Brigitte Cecelia","shortName":"Cecelia","partyId":"PPC","votes":3,"share":1.4150943396226416}],"partyVotes":{"LIB":40,"CPC":158,"BQ":0,"NDP":9,"GRN":0,"PPC":3,"OTH":2}}},"geometry":{"type":"Polygon","coordinates":[[[378.63,183.1],[378.69,183.08],[378.76,183.06],[378.76,183.07],[378.76,183.07],[378.77,183.1],[378.76,183.1],[378.76,183.13],[378.76,183.14],[378.71,183.15],[378.65,183.17],[378.63,183.11],[378.62,183.11],[378.62,183.1],[378.63,183.1]],[[378.74,183.1],[378.74,183.1],[378.74,183.09],[378.74,183.1]]]}},{"type":"Feature","id":"48036-13","properties":{"ridingCode":"48036","pollNumber":"13","pollType":"N","advancePollNumber":"607","sourceCode":"13-0","geometryPollNumbers":["13"],"code":"48036-13","resultPollNumbers":["13"],"resultStatus":"exact","result":{"electors":439,"voters":169,"totalVotes":169,"rejected":0,"turnout":38.496583143507976,"winnerId":"michael-cooper","winnerPartyId":"CPC","runnerUpId":"lucia-stachurski","runnerUpPartyId":"LIB","margin":44.37869822485207,"top":[{"id":"michael-cooper","name":"Michael Cooper","shortName":"Cooper","partyId":"CPC","votes":114,"share":67.45562130177515},{"id":"lucia-stachurski","name":"Lucia Stachurski","shortName":"Stachurski","partyId":"LIB","votes":39,"share":23.076923076923077},{"id":"dorothy-anderson","name":"Dorothy Anderson","shortName":"Anderson","partyId":"NDP","votes":11,"share":6.508875739644971},{"id":"brigitte-cecelia","name":"Brigitte Cecelia","shortName":"Cecelia","partyId":"PPC","votes":4,"share":2.366863905325444}],"partyVotes":{"LIB":39,"CPC":114,"BQ":0,"NDP":11,"GRN":0,"PPC":4,"OTH":1}}},"geometry":{"type":"Polygon","coordinates":[[[378.62,183.08],[378.62,183.08],[378.6,183.03],[378.75,182.99],[378.77,183.06],[378.76,183.06],[378.69,183.08],[378.63,183.1],[378.62,183.08]]]}},{"type":"Feature","id":"48036-14","properties":{"ridingCode":"48036","pollNumber":"14","pollType":"N","advancePollNumber":"608","sourceCode":"14-0","geometryPollNumbers":["14"],"code":"48036-14","resultPollNumbers":["14"],"resultStatus":"exact","result":{"electors":530,"voters":171,"totalVotes":171,"rejected":0,"turnout":32.264150943396224,"winnerId":"michael-cooper","winnerPartyId":"CPC","runnerUpId":"lucia-stachurski","runnerUpPartyId":"LIB","margin":79.53216374269006,"top":[{"id":"michael-cooper","name":"Michael Cooper","shortName":"Cooper","partyId":"CPC","votes":151,"share":88.30409356725146},{"id":"lucia-stachurski","name":"Lucia Stachurski","shortName":"Stachurski","partyId":"LIB","votes":15,"share":8.771929824561402},{"id":"brigitte-cecelia","name":"Brigitte Cecelia","shortName":"Cecelia","partyId":"PPC","votes":3,"share":1.7543859649122806},{"id":"dorothy-anderson","name":"Dorothy Anderson","shortName":"Anderson","partyId":"NDP","votes":2,"share":1.1695906432748537}],"partyVotes":{"LIB":15,"CPC":151,"BQ":0,"NDP":2,"GRN":0,"PPC":3,"OTH":0}}},"geometry":{"type":"Polygon","coordinates":[[[379.21,183.25],[379.05,182.67],[379.92,182.42],[380.19,182.35],[380.2,182.35],[380.21,182.35],[380.21,182.34],[380.21,182.33],[380.22,182.33],[380.22,182.33],[380.23,182.33],[380.24,182.33],[380.35,182.3],[380.43,182.59],[380.44,182.62],[380.5,182.83],[380.51,182.85],[380.5,182.88],[380.5,182.88],[380.22,182.96],[379.21,183.25]]]}},{"type":"Feature","id":"48036-15","properties":{"ridingCode":"48036","pollNumber":"15","pollType":"N","advancePollNumber":"606","sourceCode":"15-0","geometryPollNumbers":["15"],"code":"48036-15","resultPollNumbers":["15"],"resultStatus":"exact","result":{"electors":250,"voters":149,"totalVotes":149,"rejected":0,"turnout":59.599999999999994,"winnerId":"michael-cooper","winnerPartyId":"CPC","runnerUpId":"lucia-stachurski","runnerUpPartyId":"LIB","margin":63.758389261744966,"top":[{"id":"michael-cooper","name":"Michael Cooper","shortName":"Cooper","partyId":"CPC","votes":116,"share":77.85234899328859},{"id":"lucia-stachurski","name":"Lucia Stachurski","shortName":"Stachurski","partyId":"LIB","votes":21,"share":14.093959731543624},{"id":"dorothy-anderson","name":"Dorothy Anderson","shortName":"Anderson","partyId":"NDP","votes":9,"share":6.0402684563758395},{"id":"brigitte-cecelia","name":"Brigitte Cecelia","shortName":"Cecelia","partyId":"PPC","votes":2,"share":1.342281879194631}],"partyVotes":{"LIB":21,"CPC":116,"BQ":0,"NDP":9,"GRN":0,"PPC":2,"OTH":1}}},"geometry":{"type":"Polygon","coordinates":[[[375.97,183.63],[375.76,182.9],[375.74,182.84],[375.87,182.8],[376.67,182.57],[376.81,182.52],[376.93,182.96],[377.08,182.92],[377.16,183.21],[377.02,183.25],[376.97,183.1],[376.83,183.14],[376.54,183.22],[376.39,183.27],[376.32,183.29],[376.34,183.36],[376.27,183.38],[376.31,183.52],[375.97,183.63]]]}},{"type":"Feature","id":"48036-16","properties":{"ridingCode":"48036","pollNumber":"16","pollType":"N","advancePollNumber":"607","sourceCode":"16-0","geometryPollNumbers":["16"],"code":"48036-16","resultPollNumbers":["16"],"resultStatus":"exact","result":{"electors":299,"voters":163,"totalVotes":162,"rejected":1,"turnout":54.515050167224075,"winnerId":"michael-cooper","winnerPartyId":"CPC","runnerUpId":"lucia-stachurski","runnerUpPartyId":"LIB","margin":67.90123456790124,"top":[{"id":"michael-cooper","name":"Michael Cooper","shortName":"Cooper","partyId":"CPC","votes":130,"share":80.24691358024691},{"id":"lucia-stachurski","name":"Lucia Stachurski","shortName":"Stachurski","partyId":"LIB","votes":20,"share":12.345679012345679},{"id":"dorothy-anderson","name":"Dorothy Anderson","shortName":"Anderson","partyId":"NDP","votes":9,"share":5.555555555555555},{"id":"brigitte-cecelia","name":"Brigitte Cecelia","shortName":"Cecelia","partyId":"PPC","votes":3,"share":1.8518518518518516}],"partyVotes":{"LIB":20,"CPC":130,"BQ":0,"NDP":9,"GRN":0,"PPC":3,"OTH":0}}},"geometry":{"type":"Polygon","coordinates":[[[376.81,182.52],[377.23,182.41],[377.24,182.4],[377.25,182.39],[377.28,182.39],[377.39,182.36],[377.68,182.28],[377.8,182.71],[377.95,182.67],[377.99,182.81],[377.85,182.85],[377.89,183],[377.38,183.14],[377.16,183.21],[377.08,182.92],[376.93,182.96],[376.81,182.52]]]}},{"type":"Feature","id":"48036-17","properties":{"ridingCode":"48036","pollNumber":"17","pollType":"N","advancePollNumber":"606","sourceCode":"17-0","geometryPollNumbers":["17"],"code":"48036-17","resultPollNumbers":["17"],"resultStatus":"exact","result":{"electors":345,"voters":212,"totalVotes":211,"rejected":1,"turnout":61.44927536231884,"winnerId":"michael-cooper","winnerPartyId":"CPC","runnerUpId":"lucia-stachurski","runnerUpPartyId":"LIB","margin":70.14218009478674,"top":[{"id":"michael-cooper","name":"Michael Cooper","shortName":"Cooper","partyId":"CPC","votes":173,"share":81.99052132701422},{"id":"lucia-stachurski","name":"Lucia Stachurski","shortName":"Stachurski","partyId":"LIB","votes":25,"share":11.848341232227488},{"id":"dorothy-anderson","name":"Dorothy Anderson","shortName":"Anderson","partyId":"NDP","votes":9,"share":4.265402843601896},{"id":"brigitte-cecelia","name":"Brigitte Cecelia","shortName":"Cecelia","partyId":"PPC","votes":4,"share":1.8957345971563981}],"partyVotes":{"LIB":25,"CPC":173,"BQ":0,"NDP":9,"GRN":0,"PPC":4,"OTH":0}}},"geometry":{"type":"Polygon","coordinates":[[[375.17,183.05],[375.03,182.57],[375.6,182.4],[375.6,182.4],[375.61,182.38],[375.62,182.37],[375.63,182.35],[375.65,182.33],[375.67,182.32],[375.69,182.31],[375.71,182.31],[375.72,182.3],[375.87,182.8],[375.74,182.84],[375.76,182.9],[375.32,183.03],[375.18,183.07],[375.17,183.06],[375.17,183.05]]]}},{"type":"Feature","id":"48036-18","properties":{"ridingCode":"48036","pollNumber":"18","pollType":"N","advancePollNumber":"604","sourceCode":"18-0","geometryPollNumbers":["18"],"code":"48036-18","resultPollNumbers":["18"],"resultStatus":"exact","result":{"electors":403,"voters":171,"totalVotes":170,"rejected":1,"turnout":42.4317617866005,"winnerId":"michael-cooper","winnerPartyId":"CPC","runnerUpId":"lucia-stachurski","runnerUpPartyId":"LIB","margin":57.05882352941176,"top":[{"id":"michael-cooper","name":"Michael Cooper","shortName":"Cooper","partyId":"CPC","votes":126,"share":74.11764705882354},{"id":"lucia-stachurski","name":"Lucia Stachurski","shortName":"Stachurski","partyId":"LIB","votes":29,"share":17.058823529411764},{"id":"dorothy-anderson","name":"Dorothy Anderson","shortName":"Anderson","partyId":"NDP","votes":11,"share":6.470588235294119},{"id":"brigitte-cecelia","name":"Brigitte Cecelia","shortName":"Cecelia","partyId":"PPC","votes":4,"share":2.3529411764705883}],"partyVotes":{"LIB":29,"CPC":126,"BQ":0,"NDP":11,"GRN":0,"PPC":4,"OTH":0}}},"geometry":{"type":"Polygon","coordinates":[[[375.03,182.57],[374.86,181.99],[375.15,181.9],[375.18,182.02],[375.25,182.01],[375.25,181.99],[375.24,181.99],[375.24,181.99],[375.24,181.98],[375.23,181.97],[375.27,181.93],[375.31,181.91],[375.32,181.92],[375.34,181.93],[375.36,181.94],[375.39,181.95],[375.4,181.95],[375.45,182.13],[375.52,182.11],[375.53,182.12],[375.52,182.11],[375.54,182.1],[375.55,182.1],[375.56,182.1],[375.57,182.1],[375.57,182.1],[375.58,182.11],[375.59,182.13],[375.6,182.14],[375.6,182.16],[375.6,182.17],[375.61,182.2],[375.59,182.23],[375.59,182.25],[375.6,182.25],[375.61,182.24],[375.63,182.24],[375.63,182.24],[375.63,182.26],[375.61,182.27],[375.61,182.29],[375.6,182.29],[375.58,182.3],[375.57,182.32],[375.53,182.35],[375.53,182.38],[375.53,182.39],[375.53,182.39],[375.54,182.39],[375.55,182.38],[375.56,182.37],[375.57,182.36],[375.58,182.35],[375.59,182.34],[375.59,182.33],[375.61,182.32],[375.62,182.32],[375.63,182.31],[375.66,182.32],[375.67,182.32],[375.67,182.32],[375.67,182.31],[375.68,182.31],[375.7,182.3],[375.72,182.29],[375.72,182.3],[375.71,182.31],[375.69,182.31],[375.67,182.32],[375.65,182.33],[375.63,182.35],[375.62,182.37],[375.61,182.38],[375.6,182.4],[375.6,182.4],[375.03,182.57]]]}},{"type":"Feature","id":"48036-19","properties":{"ridingCode":"48036","pollNumber":"19","pollType":"N","advancePollNumber":"601","sourceCode":"19-0","geometryPollNumbers":["19"],"code":"48036-19","resultPollNumbers":["19"],"resultStatus":"exact","result":{"electors":260,"voters":77,"totalVotes":77,"rejected":0,"turnout":29.615384615384617,"winnerId":"michael-cooper","winnerPartyId":"CPC","runnerUpId":"lucia-stachurski","runnerUpPartyId":"LIB","margin":61.038961038961034,"top":[{"id":"michael-cooper","name":"Michael Cooper","shortName":"Cooper","partyId":"CPC","votes":58,"share":75.32467532467533},{"id":"lucia-stachurski","name":"Lucia Stachurski","shortName":"Stachurski","partyId":"LIB","votes":11,"share":14.285714285714285},{"id":"dorothy-anderson","name":"Dorothy Anderson","shortName":"Anderson","partyId":"NDP","votes":4,"share":5.194805194805195},{"id":"brigitte-cecelia","name":"Brigitte Cecelia","shortName":"Cecelia","partyId":"PPC","votes":4,"share":5.194805194805195}],"partyVotes":{"LIB":11,"CPC":58,"BQ":0,"NDP":4,"GRN":0,"PPC":4,"OTH":0}}},"geometry":{"type":"Polygon","coordinates":[[[374.49,181.78],[374.47,181.72],[374.5,181.68],[374.5,181.66],[374.51,181.64],[374.53,181.64],[374.54,181.64],[374.54,181.63],[374.56,181.64],[374.56,181.63],[374.56,181.63],[374.55,181.62],[374.56,181.61],[374.56,181.61],[374.6,181.6],[374.64,181.74],[374.49,181.78]]]}},{"type":"Feature","id":"48036-20","properties":{"ridingCode":"48036","pollNumber":"20","pollType":"N","advancePollNumber":"601","sourceCode":"20-0","geometryPollNumbers":["20"],"code":"48036-20","resultPollNumbers":["20"],"resultStatus":"exact","result":{"electors":272,"voters":93,"totalVotes":93,"rejected":0,"turnout":34.19117647058824,"winnerId":"michael-cooper","winnerPartyId":"CPC","runnerUpId":"lucia-stachurski","runnerUpPartyId":"LIB","margin":70.96774193548387,"top":[{"id":"michael-cooper","name":"Michael Cooper","shortName":"Cooper","partyId":"CPC","votes":78,"share":83.87096774193549},{"id":"lucia-stachurski","name":"Lucia Stachurski","shortName":"Stachurski","partyId":"LIB","votes":12,"share":12.903225806451612},{"id":"brigitte-cecelia","name":"Brigitte Cecelia","shortName":"Cecelia","partyId":"PPC","votes":2,"share":2.1505376344086025},{"id":"dorothy-anderson","name":"Dorothy Anderson","shortName":"Anderson","partyId":"NDP","votes":1,"share":1.0752688172043012}],"partyVotes":{"LIB":12,"CPC":78,"BQ":0,"NDP":1,"GRN":0,"PPC":2,"OTH":0}}},"geometry":{"type":"Polygon","coordinates":[[[374.49,181.66],[374.49,181.63],[374.5,181.63],[374.49,181.62],[374.52,181.61],[374.52,181.62],[374.56,181.61],[374.56,181.61],[374.55,181.62],[374.56,181.63],[374.56,181.63],[374.56,181.64],[374.54,181.63],[374.54,181.64],[374.53,181.64],[374.51,181.64],[374.5,181.66],[374.49,181.66]]]}},{"type":"Feature","id":"48036-21","properties":{"ridingCode":"48036","pollNumber":"21","pollType":"N","advancePollNumber":"600","sourceCode":"21-0","geometryPollNumbers":["21"],"code":"48036-21","resultPollNumbers":["21"],"resultStatus":"exact","result":{"electors":414,"voters":251,"totalVotes":251,"rejected":0,"turnout":60.6280193236715,"winnerId":"michael-cooper","winnerPartyId":"CPC","runnerUpId":"lucia-stachurski","runnerUpPartyId":"LIB","margin":55.37848605577689,"top":[{"id":"michael-cooper","name":"Michael Cooper","shortName":"Cooper","partyId":"CPC","votes":188,"share":74.9003984063745},{"id":"lucia-stachurski","name":"Lucia Stachurski","shortName":"Stachurski","partyId":"LIB","votes":49,"share":19.52191235059761},{"id":"dorothy-anderson","name":"Dorothy Anderson","shortName":"Anderson","partyId":"NDP","votes":7,"share":2.788844621513944},{"id":"brigitte-cecelia","name":"Brigitte Cecelia","shortName":"Cecelia","partyId":"PPC","votes":7,"share":2.788844621513944}],"partyVotes":{"LIB":49,"CPC":188,"BQ":0,"NDP":7,"GRN":0,"PPC":7,"OTH":0}}},"geometry":{"type":"Polygon","coordinates":[[[370.55,181.75],[370.57,181.73],[370.58,181.72],[370.6,181.71],[370.6,181.69],[370.61,181.69],[370.62,181.7],[370.63,181.7],[370.64,181.71],[370.66,181.7],[370.67,181.71],[370.68,181.71],[370.69,181.72],[370.71,181.73],[370.74,181.72],[370.75,181.72],[370.77,181.72],[370.8,181.73],[370.81,181.73],[370.82,181.73],[370.82,181.73],[370.82,181.75],[370.81,181.76],[370.81,181.78],[370.81,181.82],[370.81,181.83],[370.82,181.85],[370.83,181.87],[370.85,181.89],[370.88,181.9],[370.9,181.89],[370.91,181.89],[370.92,181.89],[370.92,181.89],[370.93,181.89],[370.94,181.89],[370.95,181.9],[371.37,181.78],[371.34,181.76],[371.34,181.75],[371.38,181.75],[371.39,181.76],[371.4,181.77],[371.43,181.8],[371.43,181.8],[371.44,181.8],[371.45,181.8],[371.46,181.81],[371.47,181.82],[371.5,181.81],[371.51,181.8],[371.52,181.8],[371.54,181.81],[371.54,181.82],[371.56,181.82],[371.57,181.82],[371.58,181.83],[371.59,181.84],[371.62,181.88],[371.69,181.86],[371.73,181.99],[371.8,181.99],[371.82,181.99],[371.93,182.03],[371.95,182.04],[371.98,182.04],[372,182.04],[372.03,182.03],[372.05,182.02],[372.1,182.17],[372.1,182.19],[372.09,182.22],[372.09,182.23],[372.1,182.24],[372.12,182.26],[372.13,182.28],[372.17,182.42],[372.17,182.44],[372.16,182.48],[371.9,182.55],[371.88,182.56],[371.87,182.57],[371.47,182.69],[371.43,182.7],[371.29,182.72],[371.1,182.78],[370.89,182.86],[370.56,181.78],[370.55,181.75]]]}},{"type":"Feature","id":"48036-22","properties":{"ridingCode":"48036","pollNumber":"22","pollType":"N","advancePollNumber":"601","sourceCode":"22-0","geometryPollNumbers":["22"],"code":"48036-22","resultPollNumbers":["22"],"resultStatus":"exact","result":{"electors":536,"voters":202,"totalVotes":201,"rejected":1,"turnout":37.6865671641791,"winnerId":"michael-cooper","winnerPartyId":"CPC","runnerUpId":"lucia-stachurski","runnerUpPartyId":"LIB","margin":68.65671641791045,"top":[{"id":"michael-cooper","name":"Michael Cooper","shortName":"Cooper","partyId":"CPC","votes":161,"share":80.09950248756219},{"id":"lucia-stachurski","name":"Lucia Stachurski","shortName":"Stachurski","partyId":"LIB","votes":23,"share":11.442786069651742},{"id":"dorothy-anderson","name":"Dorothy Anderson","shortName":"Anderson","partyId":"NDP","votes":12,"share":5.970149253731343},{"id":"brigitte-cecelia","name":"Brigitte Cecelia","shortName":"Cecelia","partyId":"PPC","votes":3,"share":1.4925373134328357}],"partyVotes":{"LIB":23,"CPC":161,"BQ":0,"NDP":12,"GRN":0,"PPC":3,"OTH":2}}},"geometry":{"type":"Polygon","coordinates":[[[373.09,182.34],[373.51,182.22],[373.48,182.09],[373.61,182.05],[373.64,182.17],[373.65,182.19],[373.67,182.23],[373.53,182.31],[373.53,182.31],[373.49,182.35],[373.47,182.36],[373.39,182.47],[373.36,182.55],[373.35,182.57],[373.31,182.63],[373.25,182.71],[373.22,182.75],[373.21,182.74],[373.21,182.73],[373.21,182.72],[373.19,182.66],[373.13,182.45],[373.12,182.44],[373.09,182.34]]]}},{"type":"Feature","id":"48036-23","properties":{"ridingCode":"48036","pollNumber":"23","pollType":"N","advancePollNumber":"603","sourceCode":"23-0","geometryPollNumbers":["23"],"code":"48036-23","resultPollNumbers":["23"],"resultStatus":"exact","result":{"electors":366,"voters":169,"totalVotes":168,"rejected":1,"turnout":46.17486338797814,"winnerId":"michael-cooper","winnerPartyId":"CPC","runnerUpId":"lucia-stachurski","runnerUpPartyId":"LIB","margin":51.19047619047619,"top":[{"id":"michael-cooper","name":"Michael Cooper","shortName":"Cooper","partyId":"CPC","votes":121,"share":72.02380952380952},{"id":"lucia-stachurski","name":"Lucia Stachurski","shortName":"Stachurski","partyId":"LIB","votes":35,"share":20.833333333333336},{"id":"dorothy-anderson","name":"Dorothy Anderson","shortName":"Anderson","partyId":"NDP","votes":8,"share":4.761904761904762},{"id":"brigitte-cecelia","name":"Brigitte Cecelia","shortName":"Cecelia","partyId":"PPC","votes":4,"share":2.380952380952381}],"partyVotes":{"LIB":35,"CPC":121,"BQ":0,"NDP":8,"GRN":0,"PPC":4,"OTH":0}}},"geometry":{"type":"Polygon","coordinates":[[[372.19,181.97],[372.21,181.97],[372.28,182.02],[372.3,182.03],[372.32,182.04],[372.42,182.04],[372.44,182.04],[372.63,181.97],[372.64,181.96],[372.67,181.93],[372.68,181.92],[372.8,181.9],[372.91,182.26],[372.82,182.27],[372.82,182.28],[372.83,182.28],[372.83,182.29],[372.82,182.29],[372.83,182.29],[372.83,182.29],[372.84,182.29],[372.84,182.29],[372.84,182.3],[372.85,182.31],[372.86,182.31],[372.86,182.31],[372.86,182.32],[372.86,182.33],[372.86,182.33],[372.86,182.34],[372.86,182.35],[372.86,182.35],[372.86,182.34],[372.86,182.34],[372.87,182.34],[372.87,182.35],[372.87,182.35],[372.87,182.36],[372.87,182.36],[372.87,182.37],[372.88,182.37],[372.86,182.38],[372.87,182.38],[372.88,182.38],[372.89,182.39],[372.89,182.4],[372.89,182.41],[372.88,182.41],[372.87,182.41],[372.87,182.41],[372.86,182.41],[372.84,182.41],[372.82,182.42],[372.81,182.41],[372.81,182.4],[372.8,182.4],[372.8,182.4],[372.8,182.42],[372.79,182.43],[372.78,182.43],[372.77,182.43],[372.76,182.43],[372.75,182.42],[372.74,182.44],[372.73,182.44],[372.72,182.44],[372.69,182.44],[372.67,182.44],[372.66,182.44],[372.65,182.44],[372.61,182.43],[372.59,182.43],[372.57,182.44],[372.56,182.44],[372.53,182.44],[372.52,182.44],[372.5,182.43],[372.46,182.41],[372.45,182.4],[372.44,182.4],[372.42,182.4],[372.41,182.4],[372.4,182.39],[372.41,182.38],[372.41,182.38],[372.42,182.38],[372.43,182.37],[372.45,182.38],[372.45,182.37],[372.46,182.37],[372.46,182.38],[372.46,182.38],[372.46,182.37],[372.47,182.37],[372.47,182.37],[372.47,182.36],[372.47,182.34],[372.47,182.34],[372.46,182.33],[372.48,182.31],[372.48,182.3],[372.49,182.3],[372.52,182.3],[372.52,182.3],[372.52,182.29],[372.49,182.26],[372.48,182.26],[372.45,182.23],[372.44,182.22],[372.43,182.22],[372.41,182.22],[372.39,182.24],[372.37,182.23],[372.36,182.22],[372.37,182.22],[372.38,182.21],[372.38,182.2],[372.39,182.19],[372.4,182.17],[372.4,182.16],[372.4,182.16],[372.39,182.15],[372.34,182.15],[372.31,182.14],[372.28,182.14],[372.27,182.13],[372.27,182.13],[372.27,182.14],[372.27,182.15],[372.27,182.16],[372.27,182.17],[372.26,182.17],[372.26,182.19],[372.26,182.2],[372.26,182.21],[372.28,182.23],[372.3,182.24],[372.31,182.26],[372.3,182.26],[372.31,182.28],[372.32,182.29],[372.34,182.32],[372.35,182.32],[372.36,182.31],[372.36,182.3],[372.37,182.29],[372.37,182.28],[372.38,182.26],[372.4,182.25],[372.41,182.25],[372.43,182.24],[372.43,182.25],[372.44,182.26],[372.45,182.27],[372.44,182.27],[372.44,182.27],[372.43,182.27],[372.42,182.28],[372.41,182.29],[372.38,182.32],[372.37,182.33],[372.37,182.37],[372.34,182.33],[372.32,182.32],[372.28,182.31],[372.26,182.3],[372.24,182.29],[372.23,182.28],[372.21,182.26],[372.2,182.24],[372.19,182.24],[372.25,182.45],[372.16,182.48],[372.17,182.44],[372.17,182.42],[372.13,182.28],[372.12,182.26],[372.1,182.24],[372.09,182.23],[372.09,182.22],[372.1,182.19],[372.1,182.17],[372.05,182.02],[372.14,181.97],[372.16,181.97],[372.17,181.97],[372.19,181.97]]]}},{"type":"Feature","id":"48036-24","properties":{"ridingCode":"48036","pollNumber":"24","pollType":"N","advancePollNumber":"603","sourceCode":"24-0","geometryPollNumbers":["24"],"code":"48036-24","resultPollNumbers":["24"],"resultStatus":"exact","result":{"electors":489,"voters":301,"totalVotes":301,"rejected":0,"turnout":61.554192229038854,"winnerId":"michael-cooper","winnerPartyId":"CPC","runnerUpId":"lucia-stachurski","runnerUpPartyId":"LIB","margin":63.45514950166113,"top":[{"id":"michael-cooper","name":"Michael Cooper","shortName":"Cooper","partyId":"CPC","votes":237,"share":78.7375415282392},{"id":"lucia-stachurski","name":"Lucia Stachurski","shortName":"Stachurski","partyId":"LIB","votes":46,"share":15.282392026578073},{"id":"dorothy-anderson","name":"Dorothy Anderson","shortName":"Anderson","partyId":"NDP","votes":11,"share":3.6544850498338874},{"id":"brigitte-cecelia","name":"Brigitte Cecelia","shortName":"Cecelia","partyId":"PPC","votes":4,"share":1.3289036544850499}],"partyVotes":{"LIB":46,"CPC":237,"BQ":0,"NDP":11,"GRN":0,"PPC":4,"OTH":3}}},"geometry":{"type":"Polygon","coordinates":[[[371.34,181.73],[371.31,181.64],[371.88,181.46],[372.01,181.42],[372.32,181.34],[372.46,181.29],[372.61,181.25],[372.75,181.2],[372.8,181.35],[372.65,181.39],[372.8,181.9],[372.68,181.92],[372.67,181.93],[372.64,181.96],[372.63,181.97],[372.44,182.04],[372.42,182.04],[372.32,182.04],[372.3,182.03],[372.28,182.02],[372.21,181.97],[372.19,181.97],[372.17,181.97],[372.16,181.97],[372.14,181.97],[372.05,182.02],[372.03,182.03],[372,182.04],[371.98,182.04],[371.95,182.04],[371.93,182.03],[371.82,181.99],[371.8,181.99],[371.73,181.99],[371.69,181.86],[371.62,181.88],[371.59,181.84],[371.58,181.83],[371.57,181.82],[371.56,181.82],[371.54,181.82],[371.54,181.81],[371.52,181.8],[371.51,181.8],[371.5,181.81],[371.47,181.82],[371.46,181.81],[371.45,181.8],[371.44,181.8],[371.43,181.8],[371.43,181.8],[371.4,181.77],[371.39,181.76],[371.38,181.75],[371.34,181.75],[371.34,181.73]]]}},{"type":"Feature","id":"48036-25","properties":{"ridingCode":"48036","pollNumber":"25","pollType":"N","advancePollNumber":"605","sourceCode":"25-0","geometryPollNumbers":["25"],"code":"48036-25","resultPollNumbers":["25"],"resultStatus":"exact","result":{"electors":628,"voters":187,"totalVotes":186,"rejected":1,"turnout":29.777070063694268,"winnerId":"lucia-stachurski","winnerPartyId":"LIB","runnerUpId":"michael-cooper","runnerUpPartyId":"CPC","margin":43.01075268817204,"top":[{"id":"lucia-stachurski","name":"Lucia Stachurski","shortName":"Stachurski","partyId":"LIB","votes":116,"share":62.365591397849464},{"id":"michael-cooper","name":"Michael Cooper","shortName":"Cooper","partyId":"CPC","votes":36,"share":19.35483870967742},{"id":"dorothy-anderson","name":"Dorothy Anderson","shortName":"Anderson","partyId":"NDP","votes":33,"share":17.741935483870968},{"id":"brigitte-cecelia","name":"Brigitte Cecelia","shortName":"Cecelia","partyId":"PPC","votes":1,"share":0.5376344086021506}],"partyVotes":{"LIB":116,"CPC":36,"BQ":0,"NDP":33,"GRN":0,"PPC":1,"OTH":0}}},"geometry":{"type":"Polygon","coordinates":[[[375.67,182.08],[375.7,182.07],[376.17,181.94],[376.46,181.85],[376.54,182.13],[376.62,182.11],[376.66,182.26],[376.58,182.28],[376.67,182.57],[375.87,182.8],[375.72,182.3],[375.72,182.29],[375.65,182.09],[375.67,182.08]]]}},{"type":"Feature","id":"48036-26","properties":{"ridingCode":"48036","pollNumber":"26","pollType":"N","advancePollNumber":"606","sourceCode":"26-0","geometryPollNumbers":["26"],"code":"48036-26","resultPollNumbers":["26"],"resultStatus":"exact","result":{"electors":399,"voters":172,"totalVotes":171,"rejected":1,"turnout":43.10776942355889,"winnerId":"michael-cooper","winnerPartyId":"CPC","runnerUpId":"lucia-stachurski","runnerUpPartyId":"LIB","margin":61.98830409356725,"top":[{"id":"michael-cooper","name":"Michael Cooper","shortName":"Cooper","partyId":"CPC","votes":131,"share":76.60818713450293},{"id":"lucia-stachurski","name":"Lucia Stachurski","shortName":"Stachurski","partyId":"LIB","votes":25,"share":14.619883040935672},{"id":"dorothy-anderson","name":"Dorothy Anderson","shortName":"Anderson","partyId":"NDP","votes":11,"share":6.432748538011696},{"id":"brigitte-cecelia","name":"Brigitte Cecelia","shortName":"Cecelia","partyId":"PPC","votes":2,"share":1.1695906432748537}],"partyVotes":{"LIB":25,"CPC":131,"BQ":0,"NDP":11,"GRN":0,"PPC":2,"OTH":2}}},"geometry":{"type":"Polygon","coordinates":[[[377.39,182.36],[377.26,181.92],[377.56,181.84],[377.64,182.13],[378.05,182.01],[378,181.9],[377.99,181.88],[378.03,181.86],[378.18,181.82],[378.14,181.68],[378.28,181.63],[378.21,181.37],[378.25,181.33],[378.35,181.3],[378.51,181.88],[378.76,182.75],[378.32,182.87],[378.24,182.58],[377.95,182.67],[377.8,182.71],[377.68,182.28],[377.39,182.36]]]}},{"type":"Feature","id":"48036-27","properties":{"ridingCode":"48036","pollNumber":"27","pollType":"N","advancePollNumber":"612","sourceCode":"27-0","geometryPollNumbers":["27"],"code":"48036-27","resultPollNumbers":["27"],"resultStatus":"exact","result":{"electors":532,"voters":176,"totalVotes":174,"rejected":2,"turnout":33.08270676691729,"winnerId":"michael-cooper","winnerPartyId":"CPC","runnerUpId":"lucia-stachurski","runnerUpPartyId":"LIB","margin":50,"top":[{"id":"michael-cooper","name":"Michael Cooper","shortName":"Cooper","partyId":"CPC","votes":125,"share":71.83908045977012},{"id":"lucia-stachurski","name":"Lucia Stachurski","shortName":"Stachurski","partyId":"LIB","votes":38,"share":21.839080459770116},{"id":"dorothy-anderson","name":"Dorothy Anderson","shortName":"Anderson","partyId":"NDP","votes":8,"share":4.597701149425287},{"id":"brigitte-cecelia","name":"Brigitte Cecelia","shortName":"Cecelia","partyId":"PPC","votes":2,"share":1.1494252873563218}],"partyVotes":{"LIB":38,"CPC":125,"BQ":0,"NDP":8,"GRN":0,"PPC":2,"OTH":1}}},"geometry":{"type":"Polygon","coordinates":[[[377.89,181.73],[377.9,181.72],[377.91,181.74],[377.95,181.73],[377.96,181.73],[377.97,181.76],[377.98,181.75],[377.98,181.76],[377.97,181.76],[377.97,181.77],[378,181.76],[378,181.77],[377.99,181.77],[377.99,181.78],[377.98,181.79],[377.98,181.78],[377.97,181.78],[377.98,181.79],[378.01,181.79],[378.02,181.83],[378.03,181.86],[377.99,181.88],[377.94,181.84],[377.93,181.83],[377.92,181.81],[377.89,181.73]]]}},{"type":"Feature","id":"48036-28","properties":{"ridingCode":"48036","pollNumber":"28","pollType":"N","advancePollNumber":"612","sourceCode":"28-0","geometryPollNumbers":["28"],"code":"48036-28","resultPollNumbers":["28"],"resultStatus":"exact","result":{"electors":440,"voters":192,"totalVotes":192,"rejected":0,"turnout":43.63636363636363,"winnerId":"michael-cooper","winnerPartyId":"CPC","runnerUpId":"lucia-stachurski","runnerUpPartyId":"LIB","margin":50,"top":[{"id":"michael-cooper","name":"Michael Cooper","shortName":"Cooper","partyId":"CPC","votes":133,"share":69.27083333333334},{"id":"lucia-stachurski","name":"Lucia Stachurski","shortName":"Stachurski","partyId":"LIB","votes":37,"share":19.270833333333336},{"id":"dorothy-anderson","name":"Dorothy Anderson","shortName":"Anderson","partyId":"NDP","votes":16,"share":8.333333333333332},{"id":"brigitte-cecelia","name":"Brigitte Cecelia","shortName":"Cecelia","partyId":"PPC","votes":6,"share":3.125}],"partyVotes":{"LIB":37,"CPC":133,"BQ":0,"NDP":16,"GRN":0,"PPC":6,"OTH":0}}},"geometry":{"type":"Polygon","coordinates":[[[377.97,181.76],[377.96,181.73],[377.99,181.72],[377.99,181.72],[378,181.73],[378,181.73],[378.01,181.72],[378.02,181.73],[378.02,181.74],[378.01,181.75],[378.01,181.75],[378,181.75],[378.01,181.79],[377.98,181.79],[377.97,181.78],[377.98,181.78],[377.98,181.79],[377.99,181.78],[377.99,181.77],[378,181.77],[378,181.76],[377.97,181.77],[377.97,181.76],[377.98,181.76],[377.98,181.75],[377.97,181.76]]]}},{"type":"Feature","id":"48036-29","properties":{"ridingCode":"48036","pollNumber":"29","pollType":"N","advancePollNumber":"612","sourceCode":"29-0","geometryPollNumbers":["29"],"code":"48036-29","resultPollNumbers":["29"],"resultStatus":"exact","result":{"electors":404,"voters":142,"totalVotes":141,"rejected":1,"turnout":35.148514851485146,"winnerId":"michael-cooper","winnerPartyId":"CPC","runnerUpId":"lucia-stachurski","runnerUpPartyId":"LIB","margin":50.35460992907801,"top":[{"id":"michael-cooper","name":"Michael Cooper","shortName":"Cooper","partyId":"CPC","votes":102,"share":72.3404255319149},{"id":"lucia-stachurski","name":"Lucia Stachurski","shortName":"Stachurski","partyId":"LIB","votes":31,"share":21.98581560283688},{"id":"dorothy-anderson","name":"Dorothy Anderson","shortName":"Anderson","partyId":"NDP","votes":6,"share":4.25531914893617},{"id":"brigitte-cecelia","name":"Brigitte Cecelia","shortName":"Cecelia","partyId":"PPC","votes":1,"share":0.7092198581560284}],"partyVotes":{"LIB":31,"CPC":102,"BQ":0,"NDP":6,"GRN":0,"PPC":1,"OTH":1}}},"geometry":{"type":"Polygon","coordinates":[[[378.04,181.72],[378.04,181.74],[378.04,181.74],[378.04,181.73],[378.04,181.71],[378.03,181.71],[378.08,181.69],[378.08,181.69],[378.09,181.69],[378.12,181.68],[378.13,181.69],[378.12,181.7],[378.11,181.7],[378.11,181.7],[378.1,181.69],[378.09,181.71],[378.07,181.72],[378.04,181.72]]]}},{"type":"Feature","id":"48036-30","properties":{"ridingCode":"48036","pollNumber":"30","pollType":"N","advancePollNumber":"609","sourceCode":"30-0","geometryPollNumbers":["30"],"code":"48036-30","resultPollNumbers":["30"],"resultStatus":"exact","result":{"electors":450,"voters":158,"totalVotes":158,"rejected":0,"turnout":35.11111111111111,"winnerId":"michael-cooper","winnerPartyId":"CPC","runnerUpId":"lucia-stachurski","runnerUpPartyId":"LIB","margin":67.72151898734177,"top":[{"id":"michael-cooper","name":"Michael Cooper","shortName":"Cooper","partyId":"CPC","votes":128,"share":81.0126582278481},{"id":"lucia-stachurski","name":"Lucia Stachurski","shortName":"Stachurski","partyId":"LIB","votes":21,"share":13.291139240506327},{"id":"dorothy-anderson","name":"Dorothy Anderson","shortName":"Anderson","partyId":"NDP","votes":6,"share":3.79746835443038},{"id":"brigitte-cecelia","name":"Brigitte Cecelia","shortName":"Cecelia","partyId":"PPC","votes":3,"share":1.89873417721519}],"partyVotes":{"LIB":21,"CPC":128,"BQ":0,"NDP":6,"GRN":0,"PPC":3,"OTH":0}}},"geometry":{"type":"Polygon","coordinates":[[[378.76,182.75],[378.51,181.88],[379.09,181.72],[379.21,181.69],[379.26,181.67],[379.37,181.64],[379.37,181.65],[379.39,181.64],[379.4,181.68],[379.41,181.71],[379.46,181.69],[379.49,181.71],[379.5,181.76],[379.53,181.75],[379.55,181.76],[379.58,181.77],[379.55,181.67],[379.53,181.6],[379.68,181.55],[379.76,181.84],[379.84,182.13],[379.92,182.42],[379.05,182.67],[378.76,182.75]]]}},{"type":"Feature","id":"48036-31","properties":{"ridingCode":"48036","pollNumber":"31","pollType":"N","advancePollNumber":"609","sourceCode":"31-0","geometryPollNumbers":["31"],"code":"48036-31","resultPollNumbers":["31"],"resultStatus":"exact","result":{"electors":413,"voters":145,"totalVotes":144,"rejected":1,"turnout":35.1089588377724,"winnerId":"michael-cooper","winnerPartyId":"CPC","runnerUpId":"lucia-stachurski","runnerUpPartyId":"LIB","margin":51.388888888888886,"top":[{"id":"michael-cooper","name":"Michael Cooper","shortName":"Cooper","partyId":"CPC","votes":102,"share":70.83333333333334},{"id":"lucia-stachurski","name":"Lucia Stachurski","shortName":"Stachurski","partyId":"LIB","votes":28,"share":19.444444444444446},{"id":"dorothy-anderson","name":"Dorothy Anderson","shortName":"Anderson","partyId":"NDP","votes":9,"share":6.25},{"id":"brigitte-cecelia","name":"Brigitte Cecelia","shortName":"Cecelia","partyId":"PPC","votes":5,"share":3.4722222222222223}],"partyVotes":{"LIB":28,"CPC":102,"BQ":0,"NDP":9,"GRN":0,"PPC":5,"OTH":0}}},"geometry":{"type":"Polygon","coordinates":[[[379.37,181.64],[379.4,181.63],[379.43,181.65],[379.47,181.64],[379.47,181.65],[379.48,181.65],[379.48,181.65],[379.49,181.65],[379.49,181.66],[379.48,181.66],[379.49,181.68],[379.48,181.68],[379.47,181.67],[379.46,181.68],[379.44,181.66],[379.43,181.67],[379.4,181.68],[379.39,181.64],[379.37,181.65],[379.37,181.64]]]}},{"type":"Feature","id":"48036-32","properties":{"ridingCode":"48036","pollNumber":"32","pollType":"N","advancePollNumber":"601","sourceCode":"32-0","geometryPollNumbers":["32"],"code":"48036-32","resultPollNumbers":["32"],"resultStatus":"exact","result":{"electors":486,"voters":96,"totalVotes":96,"rejected":0,"turnout":19.753086419753085,"winnerId":"michael-cooper","winnerPartyId":"CPC","runnerUpId":"lucia-stachurski","runnerUpPartyId":"LIB","margin":65.625,"top":[{"id":"michael-cooper","name":"Michael Cooper","shortName":"Cooper","partyId":"CPC","votes":74,"share":77.08333333333334},{"id":"lucia-stachurski","name":"Lucia Stachurski","shortName":"Stachurski","partyId":"LIB","votes":11,"share":11.458333333333332},{"id":"dorothy-anderson","name":"Dorothy Anderson","shortName":"Anderson","partyId":"NDP","votes":9,"share":9.375},{"id":"brigitte-cecelia","name":"Brigitte Cecelia","shortName":"Cecelia","partyId":"PPC","votes":2,"share":2.083333333333333}],"partyVotes":{"LIB":11,"CPC":74,"BQ":0,"NDP":9,"GRN":0,"PPC":2,"OTH":0}}},"geometry":{"type":"Polygon","coordinates":[[[373.91,182.02],[373.93,182.01],[374.02,181.94],[374.05,181.92],[374.07,181.91],[374.29,181.84],[374.3,181.84],[374.31,181.83],[374.32,181.82],[374.33,181.81],[374.33,181.79],[374.33,181.78],[374.33,181.76],[374.31,181.68],[374.27,181.54],[374.7,181.41],[374.78,181.7],[374.79,181.71],[374.81,181.71],[374.79,181.75],[374.79,181.75],[374.86,181.99],[375.03,182.57],[374.3,182.78],[374.22,182.49],[374.18,182.36],[374.13,182.2],[373.99,182.25],[373.95,182.13],[373.91,182.03],[373.91,182.02]],[[374.47,181.72],[374.49,181.78],[374.64,181.74],[374.6,181.6],[374.56,181.61],[374.52,181.62],[374.52,181.61],[374.49,181.62],[374.45,181.64],[374.43,181.57],[374.37,181.59],[374.39,181.66],[374.4,181.65],[374.4,181.66],[374.46,181.66],[374.47,181.72]]]}},{"type":"Feature","id":"48036-33","properties":{"ridingCode":"48036","pollNumber":"33","pollType":"N","advancePollNumber":"604","sourceCode":"33-0","geometryPollNumbers":["33"],"code":"48036-33","resultPollNumbers":["33"],"resultStatus":"exact","result":{"electors":594,"voters":248,"totalVotes":248,"rejected":0,"turnout":41.75084175084175,"winnerId":"michael-cooper","winnerPartyId":"CPC","runnerUpId":"lucia-stachurski","runnerUpPartyId":"LIB","margin":71.7741935483871,"top":[{"id":"michael-cooper","name":"Michael Cooper","shortName":"Cooper","partyId":"CPC","votes":200,"share":80.64516129032258},{"id":"lucia-stachurski","name":"Lucia Stachurski","shortName":"Stachurski","partyId":"LIB","votes":22,"share":8.870967741935484},{"id":"dorothy-anderson","name":"Dorothy Anderson","shortName":"Anderson","partyId":"NDP","votes":14,"share":5.64516129032258},{"id":"brigitte-cecelia","name":"Brigitte Cecelia","shortName":"Cecelia","partyId":"PPC","votes":11,"share":4.435483870967742}],"partyVotes":{"LIB":22,"CPC":200,"BQ":0,"NDP":14,"GRN":0,"PPC":11,"OTH":1}}},"geometry":{"type":"Polygon","coordinates":[[[374.78,181.7],[375.01,181.63],[375.01,181.63],[375.01,181.62],[375.03,181.63],[375.21,181.57],[375.17,181.41],[375.17,181.41],[375.16,181.38],[375.16,181.38],[375.13,181.29],[375.42,181.2],[375.53,181.59],[375.54,181.6],[375.54,181.64],[375.67,182.08],[375.65,182.09],[375.72,182.29],[375.7,182.3],[375.68,182.31],[375.67,182.31],[375.67,182.32],[375.67,182.32],[375.66,182.32],[375.63,182.31],[375.62,182.32],[375.61,182.32],[375.59,182.33],[375.59,182.34],[375.58,182.35],[375.57,182.36],[375.56,182.37],[375.55,182.38],[375.54,182.39],[375.53,182.39],[375.53,182.39],[375.53,182.38],[375.53,182.35],[375.57,182.32],[375.58,182.3],[375.6,182.29],[375.61,182.29],[375.61,182.27],[375.63,182.26],[375.63,182.24],[375.63,182.24],[375.61,182.24],[375.6,182.25],[375.59,182.25],[375.59,182.23],[375.61,182.2],[375.6,182.17],[375.6,182.16],[375.6,182.14],[375.59,182.13],[375.58,182.11],[375.57,182.1],[375.57,182.1],[375.56,182.1],[375.55,182.1],[375.54,182.1],[375.52,182.11],[375.53,182.12],[375.52,182.11],[375.45,182.13],[375.4,181.95],[375.39,181.95],[375.36,181.94],[375.34,181.93],[375.32,181.92],[375.31,181.91],[375.27,181.93],[375.23,181.97],[375.24,181.98],[375.24,181.99],[375.24,181.99],[375.25,181.99],[375.25,182.01],[375.18,182.02],[375.15,181.9],[374.86,181.99],[374.79,181.75],[374.79,181.75],[374.81,181.71],[374.79,181.71],[374.78,181.7]]]}},{"type":"Feature","id":"48036-34","properties":{"ridingCode":"48036","pollNumber":"34","pollType":"N","advancePollNumber":"601","sourceCode":"34-0","geometryPollNumbers":["34"],"code":"48036-34","resultPollNumbers":["34"],"resultStatus":"exact","result":{"electors":269,"voters":86,"totalVotes":85,"rejected":1,"turnout":31.970260223048324,"winnerId":"michael-cooper","winnerPartyId":"CPC","runnerUpId":"dorothy-anderson","runnerUpPartyId":"NDP","margin":58.82352941176471,"top":[{"id":"michael-cooper","name":"Michael Cooper","shortName":"Cooper","partyId":"CPC","votes":62,"share":72.94117647058823},{"id":"dorothy-anderson","name":"Dorothy Anderson","shortName":"Anderson","partyId":"NDP","votes":12,"share":14.117647058823529},{"id":"lucia-stachurski","name":"Lucia Stachurski","shortName":"Stachurski","partyId":"LIB","votes":7,"share":8.235294117647058},{"id":"brigitte-cecelia","name":"Brigitte Cecelia","shortName":"Cecelia","partyId":"PPC","votes":3,"share":3.5294117647058822}],"partyVotes":{"LIB":7,"CPC":62,"BQ":0,"NDP":12,"GRN":0,"PPC":3,"OTH":1}}},"geometry":{"type":"Polygon","coordinates":[[[374.4,181.65],[374.39,181.66],[374.37,181.59],[374.43,181.57],[374.45,181.64],[374.49,181.62],[374.5,181.63],[374.49,181.63],[374.49,181.66],[374.5,181.66],[374.5,181.68],[374.47,181.72],[374.46,181.66],[374.4,181.66],[374.4,181.65]],[[374.47,181.65],[374.47,181.65],[374.47,181.65],[374.47,181.65]]]}},{"type":"Feature","id":"48036-35","properties":{"ridingCode":"48036","pollNumber":"35","pollType":"N","advancePollNumber":"604","sourceCode":"35-0","geometryPollNumbers":["35"],"code":"48036-35","resultPollNumbers":["35"],"resultStatus":"exact","result":{"electors":576,"voters":242,"totalVotes":242,"rejected":0,"turnout":42.01388888888889,"winnerId":"michael-cooper","winnerPartyId":"CPC","runnerUpId":"lucia-stachurski","runnerUpPartyId":"LIB","margin":66.94214876033058,"top":[{"id":"michael-cooper","name":"Michael Cooper","shortName":"Cooper","partyId":"CPC","votes":194,"share":80.16528925619835},{"id":"lucia-stachurski","name":"Lucia Stachurski","shortName":"Stachurski","partyId":"LIB","votes":32,"share":13.223140495867769},{"id":"dorothy-anderson","name":"Dorothy Anderson","shortName":"Anderson","partyId":"NDP","votes":8,"share":3.3057851239669422},{"id":"brigitte-cecelia","name":"Brigitte Cecelia","shortName":"Cecelia","partyId":"PPC","votes":7,"share":2.8925619834710745}],"partyVotes":{"LIB":32,"CPC":194,"BQ":0,"NDP":8,"GRN":0,"PPC":7,"OTH":1}}},"geometry":{"type":"Polygon","coordinates":[[[374.7,181.41],[374.61,181.12],[374.74,181.09],[374.76,181.08],[374.76,181.08],[374.81,181.06],[374.82,181.07],[375.06,180.99],[375.33,180.91],[375.42,181.2],[375.13,181.29],[375.16,181.38],[375.16,181.38],[375.17,181.41],[375.17,181.41],[375.21,181.57],[375.03,181.63],[375.01,181.62],[375.01,181.63],[375.01,181.63],[374.78,181.7],[374.7,181.41]]]}},{"type":"Feature","id":"48036-36","properties":{"ridingCode":"48036","pollNumber":"36","pollType":"N","advancePollNumber":"608","sourceCode":"36-0","geometryPollNumbers":["36"],"code":"48036-36","resultPollNumbers":["36"],"resultStatus":"exact","result":{"electors":480,"voters":133,"totalVotes":133,"rejected":0,"turnout":27.708333333333336,"winnerId":"michael-cooper","winnerPartyId":"CPC","runnerUpId":"lucia-stachurski","runnerUpPartyId":"LIB","margin":70.67669172932331,"top":[{"id":"michael-cooper","name":"Michael Cooper","shortName":"Cooper","partyId":"CPC","votes":107,"share":80.45112781954887},{"id":"lucia-stachurski","name":"Lucia Stachurski","shortName":"Stachurski","partyId":"LIB","votes":13,"share":9.774436090225564},{"id":"dorothy-anderson","name":"Dorothy Anderson","shortName":"Anderson","partyId":"NDP","votes":11,"share":8.270676691729323},{"id":"brigitte-cecelia","name":"Brigitte Cecelia","shortName":"Cecelia","partyId":"PPC","votes":2,"share":1.5037593984962405}],"partyVotes":{"LIB":13,"CPC":107,"BQ":0,"NDP":11,"GRN":0,"PPC":2,"OTH":0}}},"geometry":{"type":"Polygon","coordinates":[[[381.24,182.37],[381.28,182.35],[381.29,182.35],[381.3,182.36],[381.3,182.35],[381.31,182.35],[381.45,182.31],[381.46,182.33],[381.44,182.33],[381.44,182.34],[381.45,182.35],[381.46,182.34],[381.47,182.39],[381.51,182.52],[381.3,182.58],[381.24,182.37]]]}},{"type":"Feature","id":"48036-37","properties":{"ridingCode":"48036","pollNumber":"37","pollType":"N","advancePollNumber":"608","sourceCode":"37-0","geometryPollNumbers":["37"],"code":"48036-37","resultPollNumbers":["37"],"resultStatus":"exact","result":{"electors":377,"voters":155,"totalVotes":154,"rejected":1,"turnout":41.11405835543766,"winnerId":"michael-cooper","winnerPartyId":"CPC","runnerUpId":"lucia-stachurski","runnerUpPartyId":"LIB","margin":49.35064935064935,"top":[{"id":"michael-cooper","name":"Michael Cooper","shortName":"Cooper","partyId":"CPC","votes":108,"share":70.12987012987013},{"id":"lucia-stachurski","name":"Lucia Stachurski","shortName":"Stachurski","partyId":"LIB","votes":32,"share":20.77922077922078},{"id":"dorothy-anderson","name":"Dorothy Anderson","shortName":"Anderson","partyId":"NDP","votes":8,"share":5.194805194805195},{"id":"brigitte-cecelia","name":"Brigitte Cecelia","shortName":"Cecelia","partyId":"PPC","votes":4,"share":2.5974025974025974}],"partyVotes":{"LIB":32,"CPC":108,"BQ":0,"NDP":8,"GRN":0,"PPC":4,"OTH":2}}},"geometry":{"type":"Polygon","coordinates":[[[380.43,182.59],[380.35,182.3],[380.93,182.14],[380.85,181.85],[380.77,181.56],[381.21,181.44],[381.41,182.17],[381.34,182.19],[381.36,182.26],[381.28,182.27],[381.28,182.27],[381.2,182.26],[381.24,182.37],[381.3,182.58],[381.51,182.52],[381.53,182.59],[381.53,182.6],[380.5,182.88],[380.5,182.88],[380.51,182.85],[380.5,182.83],[380.44,182.62],[380.43,182.59]]]}},{"type":"Feature","id":"48036-38","properties":{"ridingCode":"48036","pollNumber":"38","pollType":"N","advancePollNumber":"609","sourceCode":"38-0","geometryPollNumbers":["38"],"code":"48036-38","resultPollNumbers":["38"],"resultStatus":"exact","result":{"electors":416,"voters":163,"totalVotes":160,"rejected":3,"turnout":39.18269230769231,"winnerId":"michael-cooper","winnerPartyId":"CPC","runnerUpId":"lucia-stachurski","runnerUpPartyId":"LIB","margin":61.25000000000001,"top":[{"id":"michael-cooper","name":"Michael Cooper","shortName":"Cooper","partyId":"CPC","votes":121,"share":75.625},{"id":"lucia-stachurski","name":"Lucia Stachurski","shortName":"Stachurski","partyId":"LIB","votes":23,"share":14.374999999999998},{"id":"dorothy-anderson","name":"Dorothy Anderson","shortName":"Anderson","partyId":"NDP","votes":10,"share":6.25},{"id":"brigitte-cecelia","name":"Brigitte Cecelia","shortName":"Cecelia","partyId":"PPC","votes":5,"share":3.125}],"partyVotes":{"LIB":23,"CPC":121,"BQ":0,"NDP":10,"GRN":0,"PPC":5,"OTH":1}}},"geometry":{"type":"Polygon","coordinates":[[[380.19,182.35],[379.92,182.42],[379.84,182.13],[380.1,182.06],[380.11,182.05],[380.12,182.05],[380.12,182.04],[380.12,182.03],[380.13,182.03],[380.14,182.04],[380.15,182.05],[380.85,181.85],[380.93,182.14],[380.35,182.3],[380.24,182.33],[380.23,182.33],[380.22,182.33],[380.22,182.33],[380.21,182.33],[380.21,182.34],[380.21,182.35],[380.2,182.35],[380.19,182.35]]]}},{"type":"Feature","id":"48036-39","properties":{"ridingCode":"48036","pollNumber":"39","pollType":"N","advancePollNumber":"609","sourceCode":"39-0","geometryPollNumbers":["39"],"code":"48036-39","resultPollNumbers":["39"],"resultStatus":"exact","result":{"electors":373,"voters":132,"totalVotes":132,"rejected":0,"turnout":35.388739946380696,"winnerId":"michael-cooper","winnerPartyId":"CPC","runnerUpId":"lucia-stachurski","runnerUpPartyId":"LIB","margin":62.878787878787875,"top":[{"id":"michael-cooper","name":"Michael Cooper","shortName":"Cooper","partyId":"CPC","votes":106,"share":80.3030303030303},{"id":"lucia-stachurski","name":"Lucia Stachurski","shortName":"Stachurski","partyId":"LIB","votes":23,"share":17.424242424242426},{"id":"dorothy-anderson","name":"Dorothy Anderson","shortName":"Anderson","partyId":"NDP","votes":2,"share":1.5151515151515151},{"id":"brigitte-cecelia","name":"Brigitte Cecelia","shortName":"Cecelia","partyId":"PPC","votes":1,"share":0.7575757575757576}],"partyVotes":{"LIB":23,"CPC":106,"BQ":0,"NDP":2,"GRN":0,"PPC":1,"OTH":0}}},"geometry":{"type":"Polygon","coordinates":[[[379.76,181.84],[380.34,181.68],[380.77,181.56],[380.85,181.85],[380.15,182.05],[380.14,182.04],[380.13,182.03],[380.12,182.03],[380.12,182.04],[380.12,182.05],[380.11,182.05],[380.1,182.06],[379.84,182.13],[379.76,181.84]]]}},{"type":"Feature","id":"48036-40","properties":{"ridingCode":"48036","pollNumber":"40","pollType":"N","advancePollNumber":"606","sourceCode":"40-0","geometryPollNumbers":["40"],"code":"48036-40","resultPollNumbers":["40"],"resultStatus":"exact","result":{"electors":340,"voters":199,"totalVotes":199,"rejected":0,"turnout":58.529411764705884,"winnerId":"michael-cooper","winnerPartyId":"CPC","runnerUpId":"lucia-stachurski","runnerUpPartyId":"LIB","margin":61.30653266331658,"top":[{"id":"michael-cooper","name":"Michael Cooper","shortName":"Cooper","partyId":"CPC","votes":156,"share":78.39195979899498},{"id":"lucia-stachurski","name":"Lucia Stachurski","shortName":"Stachurski","partyId":"LIB","votes":34,"share":17.08542713567839},{"id":"dorothy-anderson","name":"Dorothy Anderson","shortName":"Anderson","partyId":"NDP","votes":4,"share":2.0100502512562812},{"id":"jeff-willerton","name":"Jeff Willerton","shortName":"Willerton","partyId":"OTH","votes":3,"share":1.507537688442211}],"partyVotes":{"LIB":34,"CPC":156,"BQ":0,"NDP":4,"GRN":0,"PPC":2,"OTH":3}}},"geometry":{"type":"Polygon","coordinates":[[[376.67,182.57],[376.58,182.28],[376.66,182.26],[376.62,182.11],[376.68,182.09],[376.6,181.8],[376.7,181.77],[376.7,181.76],[376.73,181.75],[376.73,181.75],[376.73,181.74],[376.76,181.73],[376.76,181.74],[376.76,181.75],[376.78,181.75],[376.8,181.74],[376.81,181.74],[376.83,181.74],[377.18,181.63],[377.26,181.92],[377.39,182.36],[377.28,182.39],[377.25,182.39],[377.24,182.4],[377.23,182.41],[376.81,182.52],[376.67,182.57]]]}},{"type":"Feature","id":"48036-41","properties":{"ridingCode":"48036","pollNumber":"41","pollType":"N","advancePollNumber":"606","sourceCode":"41-0","geometryPollNumbers":["41"],"code":"48036-41","resultPollNumbers":["41"],"resultStatus":"exact","result":{"electors":366,"voters":208,"totalVotes":207,"rejected":1,"turnout":56.830601092896174,"winnerId":"michael-cooper","winnerPartyId":"CPC","runnerUpId":"lucia-stachurski","runnerUpPartyId":"LIB","margin":58.93719806763285,"top":[{"id":"michael-cooper","name":"Michael Cooper","shortName":"Cooper","partyId":"CPC","votes":158,"share":76.32850241545893},{"id":"lucia-stachurski","name":"Lucia Stachurski","shortName":"Stachurski","partyId":"LIB","votes":36,"share":17.391304347826086},{"id":"dorothy-anderson","name":"Dorothy Anderson","shortName":"Anderson","partyId":"NDP","votes":5,"share":2.4154589371980677},{"id":"brigitte-cecelia","name":"Brigitte Cecelia","shortName":"Cecelia","partyId":"PPC","votes":5,"share":2.4154589371980677}],"partyVotes":{"LIB":36,"CPC":158,"BQ":0,"NDP":5,"GRN":0,"PPC":5,"OTH":3}}},"geometry":{"type":"Polygon","coordinates":[[[376.39,181.63],[376.29,181.27],[376.48,181.21],[377.02,181.06],[377.1,181.35],[377.18,181.63],[376.83,181.74],[376.81,181.74],[376.8,181.74],[376.78,181.75],[376.76,181.75],[376.76,181.74],[376.76,181.73],[376.73,181.74],[376.73,181.75],[376.73,181.75],[376.7,181.76],[376.7,181.77],[376.6,181.8],[376.68,182.09],[376.62,182.11],[376.54,182.13],[376.46,181.85],[376.41,181.69],[376.41,181.67],[376.39,181.63]]]}},{"type":"Feature","id":"48036-42","properties":{"ridingCode":"48036","pollNumber":"42","pollType":"N","advancePollNumber":"612","sourceCode":"42-0","geometryPollNumbers":["42"],"code":"48036-42","resultPollNumbers":["42"],"resultStatus":"exact","result":{"electors":441,"voters":168,"totalVotes":168,"rejected":0,"turnout":38.095238095238095,"winnerId":"michael-cooper","winnerPartyId":"CPC","runnerUpId":"lucia-stachurski","runnerUpPartyId":"LIB","margin":51.19047619047619,"top":[{"id":"michael-cooper","name":"Michael Cooper","shortName":"Cooper","partyId":"CPC","votes":119,"share":70.83333333333334},{"id":"lucia-stachurski","name":"Lucia Stachurski","shortName":"Stachurski","partyId":"LIB","votes":33,"share":19.642857142857142},{"id":"brigitte-cecelia","name":"Brigitte Cecelia","shortName":"Cecelia","partyId":"PPC","votes":10,"share":5.952380952380952},{"id":"dorothy-anderson","name":"Dorothy Anderson","shortName":"Anderson","partyId":"NDP","votes":5,"share":2.976190476190476}],"partyVotes":{"LIB":33,"CPC":119,"BQ":0,"NDP":5,"GRN":0,"PPC":10,"OTH":1}}},"geometry":{"type":"Polygon","coordinates":[[[378.01,181.75],[378.02,181.75],[378.03,181.75],[378.03,181.76],[378.05,181.77],[378.05,181.78],[378.07,181.77],[378.07,181.76],[378.07,181.75],[378.09,181.75],[378.09,181.75],[378.11,181.75],[378.12,181.76],[378.13,181.76],[378.13,181.78],[378.13,181.79],[378.13,181.8],[378.1,181.82],[378.09,181.82],[378.08,181.82],[378.05,181.82],[378.02,181.83],[378.01,181.79],[378,181.75],[378.01,181.75]]]}},{"type":"Feature","id":"48036-43","properties":{"ridingCode":"48036","pollNumber":"43","pollType":"N","advancePollNumber":"612","sourceCode":"43-0","geometryPollNumbers":["43"],"code":"48036-43","resultPollNumbers":["43"],"resultStatus":"exact","result":{"electors":353,"voters":100,"totalVotes":100,"rejected":0,"turnout":28.328611898016998,"winnerId":"michael-cooper","winnerPartyId":"CPC","runnerUpId":"lucia-stachurski","runnerUpPartyId":"LIB","margin":56.99999999999999,"top":[{"id":"michael-cooper","name":"Michael Cooper","shortName":"Cooper","partyId":"CPC","votes":74,"share":74},{"id":"lucia-stachurski","name":"Lucia Stachurski","shortName":"Stachurski","partyId":"LIB","votes":17,"share":17},{"id":"dorothy-anderson","name":"Dorothy Anderson","shortName":"Anderson","partyId":"NDP","votes":8,"share":8},{"id":"brigitte-cecelia","name":"Brigitte Cecelia","shortName":"Cecelia","partyId":"PPC","votes":1,"share":1}],"partyVotes":{"LIB":17,"CPC":74,"BQ":0,"NDP":8,"GRN":0,"PPC":1,"OTH":0}}},"geometry":{"type":"Polygon","coordinates":[[[378.05,181.82],[378.08,181.82],[378.09,181.82],[378.1,181.82],[378.13,181.8],[378.13,181.79],[378.13,181.78],[378.13,181.76],[378.12,181.76],[378.11,181.75],[378.11,181.73],[378.13,181.72],[378.13,181.72],[378.13,181.71],[378.12,181.7],[378.13,181.69],[378.12,181.68],[378.14,181.68],[378.18,181.82],[378.03,181.86],[378.02,181.83],[378.05,181.82]]]}},{"type":"Feature","id":"48036-44","properties":{"ridingCode":"48036","pollNumber":"44","pollType":"N","advancePollNumber":"612","sourceCode":"44-0","geometryPollNumbers":["44"],"code":"48036-44","resultPollNumbers":["44"],"resultStatus":"exact","result":{"electors":513,"voters":192,"totalVotes":192,"rejected":0,"turnout":37.42690058479532,"winnerId":"michael-cooper","winnerPartyId":"CPC","runnerUpId":"lucia-stachurski","runnerUpPartyId":"LIB","margin":66.14583333333334,"top":[{"id":"michael-cooper","name":"Michael Cooper","shortName":"Cooper","partyId":"CPC","votes":157,"share":81.77083333333334},{"id":"lucia-stachurski","name":"Lucia Stachurski","shortName":"Stachurski","partyId":"LIB","votes":30,"share":15.625},{"id":"dorothy-anderson","name":"Dorothy Anderson","shortName":"Anderson","partyId":"NDP","votes":5,"share":2.604166666666667},{"id":"brigitte-cecelia","name":"Brigitte Cecelia","shortName":"Cecelia","partyId":"PPC","votes":0,"share":0}],"partyVotes":{"LIB":30,"CPC":157,"BQ":0,"NDP":5,"GRN":0,"PPC":0,"OTH":0}}},"geometry":{"type":"Polygon","coordinates":[[[378,181.73],[378,181.73],[377.99,181.72],[378,181.71],[378.03,181.71],[378.04,181.71],[378.04,181.73],[378.04,181.74],[378.04,181.74],[378.05,181.74],[378.07,181.75],[378.07,181.76],[378.07,181.77],[378.05,181.78],[378.05,181.77],[378.03,181.76],[378.03,181.75],[378.02,181.75],[378.01,181.75],[378.01,181.75],[378.02,181.74],[378.02,181.73],[378.01,181.72],[378,181.73]]]}},{"type":"Feature","id":"48036-45","properties":{"ridingCode":"48036","pollNumber":"45","pollType":"N","advancePollNumber":"612","sourceCode":"45-0","geometryPollNumbers":["45"],"code":"48036-45","resultPollNumbers":["45"],"resultStatus":"exact","result":{"electors":549,"voters":202,"totalVotes":201,"rejected":1,"turnout":36.79417122040073,"winnerId":"michael-cooper","winnerPartyId":"CPC","runnerUpId":"lucia-stachurski","runnerUpPartyId":"LIB","margin":49.75124378109453,"top":[{"id":"michael-cooper","name":"Michael Cooper","shortName":"Cooper","partyId":"CPC","votes":139,"share":69.15422885572139},{"id":"lucia-stachurski","name":"Lucia Stachurski","shortName":"Stachurski","partyId":"LIB","votes":39,"share":19.402985074626866},{"id":"dorothy-anderson","name":"Dorothy Anderson","shortName":"Anderson","partyId":"NDP","votes":13,"share":6.467661691542288},{"id":"brigitte-cecelia","name":"Brigitte Cecelia","shortName":"Cecelia","partyId":"PPC","votes":9,"share":4.477611940298507}],"partyVotes":{"LIB":39,"CPC":139,"BQ":0,"NDP":13,"GRN":0,"PPC":9,"OTH":1}}},"geometry":{"type":"Polygon","coordinates":[[[378.07,181.75],[378.05,181.74],[378.04,181.74],[378.04,181.72],[378.07,181.72],[378.09,181.71],[378.1,181.69],[378.11,181.7],[378.11,181.7],[378.12,181.7],[378.13,181.71],[378.13,181.72],[378.13,181.72],[378.11,181.73],[378.11,181.75],[378.09,181.75],[378.09,181.75],[378.07,181.75]]]}},{"type":"Feature","id":"48036-46","properties":{"ridingCode":"48036","pollNumber":"46","pollType":"N","advancePollNumber":"612","sourceCode":"46-0","geometryPollNumbers":["46"],"code":"48036-46","resultPollNumbers":["46"],"resultStatus":"exact","result":{"electors":404,"voters":154,"totalVotes":152,"rejected":2,"turnout":38.11881188118812,"winnerId":"michael-cooper","winnerPartyId":"CPC","runnerUpId":"lucia-stachurski","runnerUpPartyId":"LIB","margin":43.42105263157895,"top":[{"id":"michael-cooper","name":"Michael Cooper","shortName":"Cooper","partyId":"CPC","votes":103,"share":67.76315789473685},{"id":"lucia-stachurski","name":"Lucia Stachurski","shortName":"Stachurski","partyId":"LIB","votes":37,"share":24.342105263157894},{"id":"dorothy-anderson","name":"Dorothy Anderson","shortName":"Anderson","partyId":"NDP","votes":5,"share":3.289473684210526},{"id":"jeff-willerton","name":"Jeff Willerton","shortName":"Willerton","partyId":"OTH","votes":4,"share":2.631578947368421}],"partyVotes":{"LIB":37,"CPC":103,"BQ":0,"NDP":5,"GRN":0,"PPC":3,"OTH":4}}},"geometry":{"type":"Polygon","coordinates":[[[378.03,181.69],[378.02,181.64],[378.03,181.63],[378.05,181.62],[378.05,181.63],[378.04,181.63],[378.05,181.65],[378.06,181.65],[378.03,181.66],[378.04,181.68],[378.07,181.68],[378.07,181.66],[378.08,181.67],[378.08,181.68],[378.08,181.69],[378.08,181.69],[378.03,181.71],[378,181.71],[378,181.7],[378,181.69],[378.01,181.7],[378.02,181.69],[378.02,181.69],[378.03,181.69]]]}},{"type":"Feature","id":"48036-47","properties":{"ridingCode":"48036","pollNumber":"47","pollType":"N","advancePollNumber":"612","sourceCode":"47-0","geometryPollNumbers":["47"],"code":"48036-47","resultPollNumbers":["47"],"resultStatus":"exact","result":{"electors":379,"voters":116,"totalVotes":116,"rejected":0,"turnout":30.606860158311346,"winnerId":"michael-cooper","winnerPartyId":"CPC","runnerUpId":"lucia-stachurski","runnerUpPartyId":"LIB","margin":41.37931034482759,"top":[{"id":"michael-cooper","name":"Michael Cooper","shortName":"Cooper","partyId":"CPC","votes":75,"share":64.65517241379311},{"id":"lucia-stachurski","name":"Lucia Stachurski","shortName":"Stachurski","partyId":"LIB","votes":27,"share":23.275862068965516},{"id":"dorothy-anderson","name":"Dorothy Anderson","shortName":"Anderson","partyId":"NDP","votes":14,"share":12.068965517241379},{"id":"brigitte-cecelia","name":"Brigitte Cecelia","shortName":"Cecelia","partyId":"PPC","votes":0,"share":0}],"partyVotes":{"LIB":27,"CPC":75,"BQ":0,"NDP":14,"GRN":0,"PPC":0,"OTH":0}}},"geometry":{"type":"Polygon","coordinates":[[[378.04,181.68],[378.03,181.66],[378.06,181.65],[378.05,181.65],[378.04,181.63],[378.05,181.63],[378.06,181.63],[378.07,181.64],[378.08,181.67],[378.07,181.66],[378.07,181.68],[378.04,181.68]]]}},{"type":"Feature","id":"48036-48","properties":{"ridingCode":"48036","pollNumber":"48","pollType":"N","advancePollNumber":"613","sourceCode":"48-0","geometryPollNumbers":["48"],"code":"48036-48","resultPollNumbers":["48"],"resultStatus":"exact","result":{"electors":494,"voters":181,"totalVotes":181,"rejected":0,"turnout":36.63967611336032,"winnerId":"michael-cooper","winnerPartyId":"CPC","runnerUpId":"lucia-stachurski","runnerUpPartyId":"LIB","margin":57.4585635359116,"top":[{"id":"michael-cooper","name":"Michael Cooper","shortName":"Cooper","partyId":"CPC","votes":133,"share":73.48066298342542},{"id":"lucia-stachurski","name":"Lucia Stachurski","shortName":"Stachurski","partyId":"LIB","votes":29,"share":16.022099447513813},{"id":"dorothy-anderson","name":"Dorothy Anderson","shortName":"Anderson","partyId":"NDP","votes":13,"share":7.18232044198895},{"id":"brigitte-cecelia","name":"Brigitte Cecelia","shortName":"Cecelia","partyId":"PPC","votes":5,"share":2.7624309392265194}],"partyVotes":{"LIB":29,"CPC":133,"BQ":0,"NDP":13,"GRN":0,"PPC":5,"OTH":1}}},"geometry":{"type":"Polygon","coordinates":[[[378.08,181.68],[378.08,181.67],[378.07,181.64],[378.06,181.63],[378.05,181.63],[378.05,181.62],[378.07,181.62],[378.08,181.61],[378.09,181.61],[378.09,181.62],[378.1,181.63],[378.1,181.64],[378.12,181.65],[378.11,181.67],[378.09,181.66],[378.09,181.68],[378.08,181.68]]]}},{"type":"Feature","id":"48036-49","properties":{"ridingCode":"48036","pollNumber":"49","pollType":"N","advancePollNumber":"603","sourceCode":"49-0","geometryPollNumbers":["49"],"code":"48036-49","resultPollNumbers":["49"],"resultStatus":"exact","result":{"electors":180,"voters":43,"totalVotes":43,"rejected":0,"turnout":23.88888888888889,"winnerId":"michael-cooper","winnerPartyId":"CPC","runnerUpId":"lucia-stachurski","runnerUpPartyId":"LIB","margin":65.11627906976744,"top":[{"id":"michael-cooper","name":"Michael Cooper","shortName":"Cooper","partyId":"CPC","votes":35,"share":81.3953488372093},{"id":"lucia-stachurski","name":"Lucia Stachurski","shortName":"Stachurski","partyId":"LIB","votes":7,"share":16.27906976744186},{"id":"brigitte-cecelia","name":"Brigitte Cecelia","shortName":"Cecelia","partyId":"PPC","votes":1,"share":2.3255813953488373},{"id":"dorothy-anderson","name":"Dorothy Anderson","shortName":"Anderson","partyId":"NDP","votes":0,"share":0}],"partyVotes":{"LIB":7,"CPC":35,"BQ":0,"NDP":0,"GRN":0,"PPC":1,"OTH":0}}},"geometry":{"type":"Polygon","coordinates":[[[373.65,182.19],[373.64,182.17],[373.61,182.05],[373.91,181.96],[373.85,181.75],[373.88,181.77],[373.94,181.75],[373.97,181.73],[373.98,181.74],[374,181.74],[374.02,181.74],[374.08,181.74],[374.09,181.74],[374.1,181.74],[374.31,181.68],[374.33,181.76],[374.33,181.78],[374.33,181.79],[374.33,181.81],[374.32,181.82],[374.31,181.83],[374.3,181.84],[374.29,181.84],[374.07,181.91],[374.05,181.92],[374.02,181.94],[373.93,182.01],[373.91,182.02],[373.83,182.12],[373.81,182.13],[373.67,182.23],[373.65,182.19]]]}},{"type":"Feature","id":"48036-50","properties":{"ridingCode":"48036","pollNumber":"50","pollType":"N","advancePollNumber":"603","sourceCode":"50-0","geometryPollNumbers":["50"],"code":"48036-50","resultPollNumbers":["50"],"resultStatus":"exact","result":{"electors":480,"voters":156,"totalVotes":156,"rejected":0,"turnout":32.5,"winnerId":"michael-cooper","winnerPartyId":"CPC","runnerUpId":"lucia-stachurski","runnerUpPartyId":"LIB","margin":60.256410256410255,"top":[{"id":"michael-cooper","name":"Michael Cooper","shortName":"Cooper","partyId":"CPC","votes":118,"share":75.64102564102564},{"id":"lucia-stachurski","name":"Lucia Stachurski","shortName":"Stachurski","partyId":"LIB","votes":24,"share":15.384615384615385},{"id":"dorothy-anderson","name":"Dorothy Anderson","shortName":"Anderson","partyId":"NDP","votes":12,"share":7.6923076923076925},{"id":"brigitte-cecelia","name":"Brigitte Cecelia","shortName":"Cecelia","partyId":"PPC","votes":2,"share":1.282051282051282}],"partyVotes":{"LIB":24,"CPC":118,"BQ":0,"NDP":12,"GRN":0,"PPC":2,"OTH":0}}},"geometry":{"type":"Polygon","coordinates":[[[372.8,181.9],[372.65,181.39],[372.8,181.35],[372.75,181.2],[372.9,181.16],[372.98,181.44],[373.27,181.36],[373.33,181.56],[373.34,181.6],[373.34,181.6],[373.35,181.61],[373.33,181.61],[373.32,181.6],[373.31,181.6],[373.33,181.61],[373.32,181.61],[373.32,181.62],[373.32,181.62],[373.31,181.62],[373.29,181.65],[373.27,181.66],[373.26,181.71],[373.25,181.71],[373.24,181.72],[373.24,181.73],[373.26,181.71],[373.26,181.71],[373.27,181.69],[373.28,181.67],[373.31,181.63],[373.32,181.63],[373.33,181.63],[373.35,181.63],[373.37,181.72],[373.39,181.79],[373.47,182.09],[373.48,182.09],[373.51,182.22],[373.09,182.34],[373.12,182.44],[373.08,182.48],[373.07,182.48],[373.06,182.48],[373.04,182.48],[373.02,182.48],[373.01,182.47],[373,182.46],[373,182.45],[372.99,182.45],[372.99,182.45],[372.98,182.44],[372.97,182.45],[372.96,182.45],[372.96,182.46],[372.95,182.45],[372.94,182.45],[372.95,182.44],[372.95,182.44],[372.96,182.42],[372.95,182.41],[372.96,182.4],[372.95,182.4],[372.96,182.38],[372.96,182.37],[372.96,182.35],[372.97,182.34],[372.96,182.33],[372.97,182.32],[372.97,182.31],[372.96,182.31],[372.95,182.3],[372.96,182.29],[372.95,182.28],[372.95,182.28],[372.95,182.27],[372.95,182.27],[372.94,182.27],[372.94,182.25],[372.94,182.25],[372.91,182.26],[372.8,181.9]]]}},{"type":"Feature","id":"48036-51","properties":{"ridingCode":"48036","pollNumber":"51","pollType":"N","advancePollNumber":"603","sourceCode":"51-0","geometryPollNumbers":["51"],"code":"48036-51","resultPollNumbers":["51"],"resultStatus":"exact","result":{"electors":307,"voters":126,"totalVotes":124,"rejected":2,"turnout":41.042345276872965,"winnerId":"michael-cooper","winnerPartyId":"CPC","runnerUpId":"lucia-stachurski","runnerUpPartyId":"LIB","margin":66.93548387096774,"top":[{"id":"michael-cooper","name":"Michael Cooper","shortName":"Cooper","partyId":"CPC","votes":99,"share":79.83870967741935},{"id":"lucia-stachurski","name":"Lucia Stachurski","shortName":"Stachurski","partyId":"LIB","votes":16,"share":12.903225806451612},{"id":"dorothy-anderson","name":"Dorothy Anderson","shortName":"Anderson","partyId":"NDP","votes":5,"share":4.032258064516129},{"id":"brigitte-cecelia","name":"Brigitte Cecelia","shortName":"Cecelia","partyId":"PPC","votes":4,"share":3.225806451612903}],"partyVotes":{"LIB":16,"CPC":99,"BQ":0,"NDP":5,"GRN":0,"PPC":4,"OTH":0}}},"geometry":{"type":"Polygon","coordinates":[[[373.5,181.72],[373.54,181.71],[373.56,181.74],[373.74,181.69],[373.75,181.69],[373.83,181.67],[374.12,181.58],[374.27,181.54],[374.31,181.68],[374.1,181.74],[374.09,181.74],[374.08,181.74],[374.02,181.74],[374,181.74],[373.98,181.74],[373.97,181.73],[373.94,181.75],[373.88,181.77],[373.85,181.75],[373.91,181.96],[373.61,182.05],[373.48,182.09],[373.47,182.09],[373.39,181.79],[373.51,181.76],[373.5,181.72]]]}},{"type":"Feature","id":"48036-52","properties":{"ridingCode":"48036","pollNumber":"52","pollType":"N","advancePollNumber":"603","sourceCode":"52-0","geometryPollNumbers":["52"],"code":"48036-52","resultPollNumbers":["52"],"resultStatus":"exact","result":{"electors":268,"voters":92,"totalVotes":92,"rejected":0,"turnout":34.32835820895522,"winnerId":"michael-cooper","winnerPartyId":"CPC","runnerUpId":"lucia-stachurski","runnerUpPartyId":"LIB","margin":71.73913043478261,"top":[{"id":"michael-cooper","name":"Michael Cooper","shortName":"Cooper","partyId":"CPC","votes":77,"share":83.69565217391305},{"id":"lucia-stachurski","name":"Lucia Stachurski","shortName":"Stachurski","partyId":"LIB","votes":11,"share":11.956521739130435},{"id":"dorothy-anderson","name":"Dorothy Anderson","shortName":"Anderson","partyId":"NDP","votes":3,"share":3.260869565217391},{"id":"brigitte-cecelia","name":"Brigitte Cecelia","shortName":"Cecelia","partyId":"PPC","votes":1,"share":1.0869565217391304}],"partyVotes":{"LIB":11,"CPC":77,"BQ":0,"NDP":3,"GRN":0,"PPC":1,"OTH":0}}},"geometry":{"type":"Polygon","coordinates":[[[373.41,181.64],[373.43,181.59],[373.48,181.54],[373.5,181.61],[373.5,181.63],[373.48,181.69],[373.48,181.7],[373.49,181.7],[373.5,181.72],[373.51,181.76],[373.39,181.79],[373.37,181.72],[373.41,181.65],[373.41,181.64]]]}},{"type":"Feature","id":"48036-53","properties":{"ridingCode":"48036","pollNumber":"53","pollType":"N","advancePollNumber":"603","sourceCode":"53-0","geometryPollNumbers":["53"],"code":"48036-53","resultPollNumbers":["53"],"resultStatus":"exact","result":{"electors":344,"voters":138,"totalVotes":138,"rejected":0,"turnout":40.116279069767444,"winnerId":"michael-cooper","winnerPartyId":"CPC","runnerUpId":"lucia-stachurski","runnerUpPartyId":"LIB","margin":65.21739130434783,"top":[{"id":"michael-cooper","name":"Michael Cooper","shortName":"Cooper","partyId":"CPC","votes":108,"share":78.26086956521739},{"id":"lucia-stachurski","name":"Lucia Stachurski","shortName":"Stachurski","partyId":"LIB","votes":18,"share":13.043478260869565},{"id":"dorothy-anderson","name":"Dorothy Anderson","shortName":"Anderson","partyId":"NDP","votes":7,"share":5.072463768115942},{"id":"brigitte-cecelia","name":"Brigitte Cecelia","shortName":"Cecelia","partyId":"PPC","votes":3,"share":2.1739130434782608}],"partyVotes":{"LIB":18,"CPC":108,"BQ":0,"NDP":7,"GRN":0,"PPC":3,"OTH":2}}},"geometry":{"type":"Polygon","coordinates":[[[373.48,181.69],[373.5,181.63],[373.52,181.61],[373.55,181.6],[373.56,181.6],[373.71,181.64],[373.72,181.65],[373.74,181.69],[373.56,181.74],[373.54,181.71],[373.5,181.72],[373.49,181.7],[373.48,181.7],[373.48,181.69]]]}},{"type":"Feature","id":"48036-54","properties":{"ridingCode":"48036","pollNumber":"54","pollType":"N","advancePollNumber":"603","sourceCode":"54-0","geometryPollNumbers":["54"],"code":"48036-54","resultPollNumbers":["54"],"resultStatus":"exact","result":{"electors":260,"voters":87,"totalVotes":87,"rejected":0,"turnout":33.46153846153846,"winnerId":"michael-cooper","winnerPartyId":"CPC","runnerUpId":"lucia-stachurski","runnerUpPartyId":"LIB","margin":50.57471264367817,"top":[{"id":"michael-cooper","name":"Michael Cooper","shortName":"Cooper","partyId":"CPC","votes":61,"share":70.11494252873564},{"id":"lucia-stachurski","name":"Lucia Stachurski","shortName":"Stachurski","partyId":"LIB","votes":17,"share":19.54022988505747},{"id":"dorothy-anderson","name":"Dorothy Anderson","shortName":"Anderson","partyId":"NDP","votes":6,"share":6.896551724137931},{"id":"brigitte-cecelia","name":"Brigitte Cecelia","shortName":"Cecelia","partyId":"PPC","votes":3,"share":3.4482758620689653}],"partyVotes":{"LIB":17,"CPC":61,"BQ":0,"NDP":6,"GRN":0,"PPC":3,"OTH":0}}},"geometry":{"type":"Polygon","coordinates":[[[373.33,181.61],[373.31,181.6],[373.32,181.6],[373.33,181.61],[373.35,181.61],[373.34,181.6],[373.34,181.6],[373.33,181.56],[373.35,181.56],[373.37,181.56],[373.39,181.56],[373.41,181.57],[373.42,181.56],[373.43,181.56],[373.48,181.54],[373.43,181.59],[373.41,181.64],[373.41,181.65],[373.37,181.72],[373.35,181.63],[373.33,181.63],[373.32,181.63],[373.31,181.63],[373.28,181.67],[373.27,181.69],[373.26,181.71],[373.26,181.71],[373.24,181.73],[373.24,181.72],[373.25,181.71],[373.26,181.71],[373.27,181.66],[373.29,181.65],[373.31,181.62],[373.32,181.62],[373.32,181.62],[373.32,181.61],[373.33,181.61]]]}},{"type":"Feature","id":"48036-55","properties":{"ridingCode":"48036","pollNumber":"55","pollType":"N","advancePollNumber":"603","sourceCode":"55-0","geometryPollNumbers":["55"],"code":"48036-55","resultPollNumbers":["55"],"resultStatus":"exact","result":{"electors":191,"voters":84,"totalVotes":84,"rejected":0,"turnout":43.97905759162304,"winnerId":"michael-cooper","winnerPartyId":"CPC","runnerUpId":"brigitte-cecelia","runnerUpPartyId":"PPC","margin":71.42857142857143,"top":[{"id":"michael-cooper","name":"Michael Cooper","shortName":"Cooper","partyId":"CPC","votes":67,"share":79.76190476190477},{"id":"brigitte-cecelia","name":"Brigitte Cecelia","shortName":"Cecelia","partyId":"PPC","votes":7,"share":8.333333333333332},{"id":"lucia-stachurski","name":"Lucia Stachurski","shortName":"Stachurski","partyId":"LIB","votes":7,"share":8.333333333333332},{"id":"dorothy-anderson","name":"Dorothy Anderson","shortName":"Anderson","partyId":"NDP","votes":3,"share":3.571428571428571}],"partyVotes":{"LIB":7,"CPC":67,"BQ":0,"NDP":3,"GRN":0,"PPC":7,"OTH":0}}},"geometry":{"type":"Polygon","coordinates":[[[373.75,181.38],[374.04,181.29],[374.12,181.58],[373.83,181.67],[373.75,181.38]]]}},{"type":"Feature","id":"48036-56","properties":{"ridingCode":"48036","pollNumber":"56","pollType":"N","advancePollNumber":"603","sourceCode":"56-0","geometryPollNumbers":["56"],"code":"48036-56","resultPollNumbers":["56"],"resultStatus":"exact","result":{"electors":309,"voters":134,"totalVotes":134,"rejected":0,"turnout":43.36569579288026,"winnerId":"michael-cooper","winnerPartyId":"CPC","runnerUpId":"lucia-stachurski","runnerUpPartyId":"LIB","margin":70.8955223880597,"top":[{"id":"michael-cooper","name":"Michael Cooper","shortName":"Cooper","partyId":"CPC","votes":109,"share":81.34328358208955},{"id":"lucia-stachurski","name":"Lucia Stachurski","shortName":"Stachurski","partyId":"LIB","votes":14,"share":10.44776119402985},{"id":"dorothy-anderson","name":"Dorothy Anderson","shortName":"Anderson","partyId":"NDP","votes":9,"share":6.7164179104477615},{"id":"brigitte-cecelia","name":"Brigitte Cecelia","shortName":"Cecelia","partyId":"PPC","votes":1,"share":0.7462686567164178}],"partyVotes":{"LIB":14,"CPC":109,"BQ":0,"NDP":9,"GRN":0,"PPC":1,"OTH":1}}},"geometry":{"type":"Polygon","coordinates":[[[372.98,181.44],[372.9,181.16],[372.96,181.14],[373.33,181.03],[373.62,180.94],[373.63,180.99],[373.63,181.01],[373.64,181.02],[373.75,181.38],[373.83,181.67],[373.75,181.69],[373.74,181.69],[373.72,181.65],[373.71,181.64],[373.56,181.6],[373.55,181.6],[373.52,181.61],[373.5,181.63],[373.5,181.61],[373.48,181.54],[373.43,181.56],[373.42,181.56],[373.41,181.57],[373.39,181.56],[373.37,181.56],[373.35,181.56],[373.33,181.56],[373.27,181.36],[372.98,181.44]]]}},{"type":"Feature","id":"48036-57","properties":{"ridingCode":"48036","pollNumber":"57","pollType":"N","advancePollNumber":"603","sourceCode":"57-0","geometryPollNumbers":["57"],"code":"48036-57","resultPollNumbers":["57"],"resultStatus":"exact","result":{"electors":494,"voters":195,"totalVotes":194,"rejected":1,"turnout":39.473684210526315,"winnerId":"michael-cooper","winnerPartyId":"CPC","runnerUpId":"lucia-stachurski","runnerUpPartyId":"LIB","margin":71.1340206185567,"top":[{"id":"michael-cooper","name":"Michael Cooper","shortName":"Cooper","partyId":"CPC","votes":161,"share":82.9896907216495},{"id":"lucia-stachurski","name":"Lucia Stachurski","shortName":"Stachurski","partyId":"LIB","votes":23,"share":11.855670103092782},{"id":"dorothy-anderson","name":"Dorothy Anderson","shortName":"Anderson","partyId":"NDP","votes":4,"share":2.0618556701030926},{"id":"jeff-willerton","name":"Jeff Willerton","shortName":"Willerton","partyId":"OTH","votes":4,"share":2.0618556701030926}],"partyVotes":{"LIB":23,"CPC":161,"BQ":0,"NDP":4,"GRN":0,"PPC":2,"OTH":4}}},"geometry":{"type":"Polygon","coordinates":[[[373.75,181.38],[373.64,181.02],[373.63,181.01],[373.63,180.99],[373.62,180.94],[373.91,180.86],[373.86,180.72],[373.86,180.72],[374.01,180.67],[374.22,181.41],[374.27,181.54],[374.12,181.58],[374.04,181.29],[373.75,181.38]]]}},{"type":"Feature","id":"48036-58","properties":{"ridingCode":"48036","pollNumber":"58","pollType":"N","advancePollNumber":"603","sourceCode":"58-0","geometryPollNumbers":["58"],"code":"48036-58","resultPollNumbers":["58"],"resultStatus":"exact","result":{"electors":267,"voters":119,"totalVotes":118,"rejected":1,"turnout":44.569288389513105,"winnerId":"michael-cooper","winnerPartyId":"CPC","runnerUpId":"lucia-stachurski","runnerUpPartyId":"LIB","margin":65.2542372881356,"top":[{"id":"michael-cooper","name":"Michael Cooper","shortName":"Cooper","partyId":"CPC","votes":95,"share":80.50847457627118},{"id":"lucia-stachurski","name":"Lucia Stachurski","shortName":"Stachurski","partyId":"LIB","votes":18,"share":15.254237288135593},{"id":"brigitte-cecelia","name":"Brigitte Cecelia","shortName":"Cecelia","partyId":"PPC","votes":4,"share":3.389830508474576},{"id":"dorothy-anderson","name":"Dorothy Anderson","shortName":"Anderson","partyId":"NDP","votes":1,"share":0.847457627118644}],"partyVotes":{"LIB":18,"CPC":95,"BQ":0,"NDP":1,"GRN":0,"PPC":4,"OTH":0}}},"geometry":{"type":"Polygon","coordinates":[[[374.01,180.67],[374.44,180.54],[374.6,180.5],[374.63,180.63],[374.64,180.69],[374.67,180.79],[374.69,180.85],[374.75,181.06],[374.76,181.08],[374.74,181.09],[374.61,181.12],[374.7,181.41],[374.27,181.54],[374.22,181.41],[374.01,180.67],[374.01,180.67]]]}},{"type":"Feature","id":"48036-59","properties":{"ridingCode":"48036","pollNumber":"59","pollType":"N","advancePollNumber":"612","sourceCode":"59-0","geometryPollNumbers":["59"],"code":"48036-59","resultPollNumbers":["59"],"resultStatus":"exact","result":{"electors":420,"voters":203,"totalVotes":201,"rejected":2,"turnout":48.333333333333336,"winnerId":"michael-cooper","winnerPartyId":"CPC","runnerUpId":"lucia-stachurski","runnerUpPartyId":"LIB","margin":48.258706467661696,"top":[{"id":"michael-cooper","name":"Michael Cooper","shortName":"Cooper","partyId":"CPC","votes":138,"share":68.65671641791045},{"id":"lucia-stachurski","name":"Lucia Stachurski","shortName":"Stachurski","partyId":"LIB","votes":41,"share":20.398009950248756},{"id":"dorothy-anderson","name":"Dorothy Anderson","shortName":"Anderson","partyId":"NDP","votes":20,"share":9.950248756218906},{"id":"brigitte-cecelia","name":"Brigitte Cecelia","shortName":"Cecelia","partyId":"PPC","votes":1,"share":0.4975124378109453}],"partyVotes":{"LIB":41,"CPC":138,"BQ":0,"NDP":20,"GRN":0,"PPC":1,"OTH":1}}},"geometry":{"type":"Polygon","coordinates":[[[377.91,181.69],[377.89,181.69],[377.89,181.68],[377.91,181.67],[377.91,181.68],[377.92,181.68],[377.91,181.66],[377.92,181.66],[377.93,181.67],[377.93,181.68],[377.93,181.69],[377.95,181.73],[377.91,181.74],[377.9,181.72],[377.91,181.72],[377.91,181.69]]]}},{"type":"Feature","id":"48036-60","properties":{"ridingCode":"48036","pollNumber":"60","pollType":"N","advancePollNumber":"612","sourceCode":"60-0","geometryPollNumbers":["60"],"code":"48036-60","resultPollNumbers":["60"],"resultStatus":"exact","result":{"electors":520,"voters":194,"totalVotes":192,"rejected":2,"turnout":37.30769230769231,"winnerId":"michael-cooper","winnerPartyId":"CPC","runnerUpId":"lucia-stachurski","runnerUpPartyId":"LIB","margin":69.27083333333334,"top":[{"id":"michael-cooper","name":"Michael Cooper","shortName":"Cooper","partyId":"CPC","votes":154,"share":80.20833333333334},{"id":"lucia-stachurski","name":"Lucia Stachurski","shortName":"Stachurski","partyId":"LIB","votes":21,"share":10.9375},{"id":"dorothy-anderson","name":"Dorothy Anderson","shortName":"Anderson","partyId":"NDP","votes":12,"share":6.25},{"id":"brigitte-cecelia","name":"Brigitte Cecelia","shortName":"Cecelia","partyId":"PPC","votes":3,"share":1.5625}],"partyVotes":{"LIB":21,"CPC":154,"BQ":0,"NDP":12,"GRN":0,"PPC":3,"OTH":2}}},"geometry":{"type":"Polygon","coordinates":[[[377.95,181.73],[377.93,181.69],[377.93,181.68],[377.93,181.67],[377.93,181.66],[377.93,181.65],[377.97,181.64],[377.97,181.64],[377.96,181.64],[377.97,181.69],[377.98,181.68],[377.99,181.72],[377.99,181.72],[377.99,181.72],[377.96,181.73],[377.95,181.73]]]}},{"type":"Feature","id":"48036-61","properties":{"ridingCode":"48036","pollNumber":"61","pollType":"N","advancePollNumber":"606","sourceCode":"61-0","geometryPollNumbers":["61"],"code":"48036-61","resultPollNumbers":["61"],"resultStatus":"exact","result":{"electors":441,"voters":178,"totalVotes":177,"rejected":1,"turnout":40.362811791383216,"winnerId":"michael-cooper","winnerPartyId":"CPC","runnerUpId":"lucia-stachurski","runnerUpPartyId":"LIB","margin":64.97175141242938,"top":[{"id":"michael-cooper","name":"Michael Cooper","shortName":"Cooper","partyId":"CPC","votes":139,"share":78.53107344632768},{"id":"lucia-stachurski","name":"Lucia Stachurski","shortName":"Stachurski","partyId":"LIB","votes":24,"share":13.559322033898304},{"id":"brigitte-cecelia","name":"Brigitte Cecelia","shortName":"Cecelia","partyId":"PPC","votes":8,"share":4.519774011299435},{"id":"jeff-willerton","name":"Jeff Willerton","shortName":"Willerton","partyId":"OTH","votes":4,"share":2.2598870056497176}],"partyVotes":{"LIB":24,"CPC":139,"BQ":0,"NDP":2,"GRN":0,"PPC":8,"OTH":4}}},"geometry":{"type":"Polygon","coordinates":[[[377.18,181.63],[377.1,181.35],[377.83,181.14],[377.91,181.43],[377.93,181.48],[377.93,181.5],[377.92,181.52],[377.88,181.6],[377.87,181.62],[377.87,181.65],[377.89,181.73],[377.92,181.81],[377.93,181.83],[377.94,181.84],[377.99,181.88],[378,181.9],[378.05,182.01],[377.64,182.13],[377.56,181.84],[377.26,181.92],[377.18,181.63]]]}},{"type":"Feature","id":"48036-62","properties":{"ridingCode":"48036","pollNumber":"62","pollType":"N","advancePollNumber":"613","sourceCode":"62-0","geometryPollNumbers":["62"],"code":"48036-62","resultPollNumbers":["62"],"resultStatus":"exact","result":{"electors":487,"voters":179,"totalVotes":178,"rejected":1,"turnout":36.75564681724846,"winnerId":"michael-cooper","winnerPartyId":"CPC","runnerUpId":"lucia-stachurski","runnerUpPartyId":"LIB","margin":61.79775280898876,"top":[{"id":"michael-cooper","name":"Michael Cooper","shortName":"Cooper","partyId":"CPC","votes":136,"share":76.40449438202246},{"id":"lucia-stachurski","name":"Lucia Stachurski","shortName":"Stachurski","partyId":"LIB","votes":26,"share":14.606741573033707},{"id":"dorothy-anderson","name":"Dorothy Anderson","shortName":"Anderson","partyId":"NDP","votes":12,"share":6.741573033707865},{"id":"jeff-willerton","name":"Jeff Willerton","shortName":"Willerton","partyId":"OTH","votes":3,"share":1.6853932584269662}],"partyVotes":{"LIB":26,"CPC":136,"BQ":0,"NDP":12,"GRN":0,"PPC":1,"OTH":3}}},"geometry":{"type":"Polygon","coordinates":[[[377.89,181.73],[377.87,181.65],[377.87,181.62],[377.88,181.6],[377.92,181.52],[377.93,181.5],[377.94,181.5],[377.94,181.53],[377.97,181.64],[377.97,181.64],[377.93,181.65],[377.93,181.66],[377.93,181.67],[377.92,181.66],[377.91,181.66],[377.92,181.68],[377.91,181.68],[377.91,181.67],[377.89,181.68],[377.89,181.69],[377.91,181.69],[377.91,181.72],[377.9,181.72],[377.89,181.73]]]}},{"type":"Feature","id":"48036-63","properties":{"ridingCode":"48036","pollNumber":"63","pollType":"N","advancePollNumber":"608","sourceCode":"63-0","geometryPollNumbers":["63"],"code":"48036-63","resultPollNumbers":["63"],"resultStatus":"exact","result":{"electors":382,"voters":141,"totalVotes":140,"rejected":1,"turnout":36.910994764397905,"winnerId":"michael-cooper","winnerPartyId":"CPC","runnerUpId":"lucia-stachurski","runnerUpPartyId":"LIB","margin":79.28571428571428,"top":[{"id":"michael-cooper","name":"Michael Cooper","shortName":"Cooper","partyId":"CPC","votes":119,"share":85},{"id":"lucia-stachurski","name":"Lucia Stachurski","shortName":"Stachurski","partyId":"LIB","votes":8,"share":5.714285714285714},{"id":"dorothy-anderson","name":"Dorothy Anderson","shortName":"Anderson","partyId":"NDP","votes":7,"share":5},{"id":"brigitte-cecelia","name":"Brigitte Cecelia","shortName":"Cecelia","partyId":"PPC","votes":5,"share":3.571428571428571}],"partyVotes":{"LIB":8,"CPC":119,"BQ":0,"NDP":7,"GRN":0,"PPC":5,"OTH":1}}},"geometry":{"type":"Polygon","coordinates":[[[381.47,182.39],[381.48,182.39],[381.48,182.38],[381.51,182.37],[381.5,182.35],[381.5,182.35],[381.5,182.33],[381.53,182.32],[381.53,182.31],[381.54,182.31],[381.54,182.32],[381.56,182.37],[381.59,182.5],[381.51,182.52],[381.47,182.39]]]}},{"type":"Feature","id":"48036-64","properties":{"ridingCode":"48036","pollNumber":"64","pollType":"N","advancePollNumber":"608","sourceCode":"64-0","geometryPollNumbers":["64"],"code":"48036-64","resultPollNumbers":["64"],"resultStatus":"exact","result":{"electors":455,"voters":149,"totalVotes":148,"rejected":1,"turnout":32.747252747252745,"winnerId":"michael-cooper","winnerPartyId":"CPC","runnerUpId":"lucia-stachurski","runnerUpPartyId":"LIB","margin":70.94594594594594,"top":[{"id":"michael-cooper","name":"Michael Cooper","shortName":"Cooper","partyId":"CPC","votes":122,"share":82.43243243243244},{"id":"lucia-stachurski","name":"Lucia Stachurski","shortName":"Stachurski","partyId":"LIB","votes":17,"share":11.486486486486488},{"id":"dorothy-anderson","name":"Dorothy Anderson","shortName":"Anderson","partyId":"NDP","votes":6,"share":4.054054054054054},{"id":"brigitte-cecelia","name":"Brigitte Cecelia","shortName":"Cecelia","partyId":"PPC","votes":3,"share":2.027027027027027}],"partyVotes":{"LIB":17,"CPC":122,"BQ":0,"NDP":6,"GRN":0,"PPC":3,"OTH":0}}},"geometry":{"type":"Polygon","coordinates":[[[381.56,182.37],[381.54,182.32],[381.54,182.31],[381.58,182.32],[381.58,182.31],[381.57,182.3],[381.55,182.3],[381.55,182.28],[381.74,182.23],[381.76,182.3],[381.69,182.32],[381.73,182.46],[381.59,182.5],[381.56,182.37]],[[381.57,182.33],[381.59,182.33],[381.57,182.33],[381.57,182.33]]]}},{"type":"Feature","id":"48036-65","properties":{"ridingCode":"48036","pollNumber":"65","pollType":"N","advancePollNumber":"608","sourceCode":"65-0","geometryPollNumbers":["65"],"code":"48036-65","resultPollNumbers":["65"],"resultStatus":"exact","result":{"electors":441,"voters":136,"totalVotes":136,"rejected":0,"turnout":30.839002267573694,"winnerId":"michael-cooper","winnerPartyId":"CPC","runnerUpId":"lucia-stachurski","runnerUpPartyId":"LIB","margin":69.11764705882352,"top":[{"id":"michael-cooper","name":"Michael Cooper","shortName":"Cooper","partyId":"CPC","votes":110,"share":80.88235294117648},{"id":"lucia-stachurski","name":"Lucia Stachurski","shortName":"Stachurski","partyId":"LIB","votes":16,"share":11.76470588235294},{"id":"dorothy-anderson","name":"Dorothy Anderson","shortName":"Anderson","partyId":"NDP","votes":6,"share":4.411764705882353},{"id":"brigitte-cecelia","name":"Brigitte Cecelia","shortName":"Cecelia","partyId":"PPC","votes":2,"share":1.4705882352941175}],"partyVotes":{"LIB":16,"CPC":110,"BQ":0,"NDP":6,"GRN":0,"PPC":2,"OTH":2}}},"geometry":{"type":"Polygon","coordinates":[[[381.28,182.27],[381.28,182.27],[381.36,182.26],[381.34,182.19],[381.41,182.17],[381.7,182.09],[381.74,182.23],[381.55,182.28],[381.55,182.3],[381.57,182.3],[381.58,182.31],[381.58,182.32],[381.54,182.31],[381.53,182.31],[381.53,182.32],[381.5,182.33],[381.5,182.35],[381.5,182.35],[381.51,182.37],[381.48,182.38],[381.48,182.39],[381.47,182.39],[381.46,182.34],[381.45,182.35],[381.44,182.34],[381.44,182.33],[381.46,182.33],[381.45,182.31],[381.31,182.35],[381.3,182.35],[381.3,182.36],[381.29,182.35],[381.28,182.35],[381.24,182.37],[381.2,182.26],[381.28,182.27]]]}},{"type":"Feature","id":"48036-66","properties":{"ridingCode":"48036","pollNumber":"66","pollType":"N","advancePollNumber":"608","sourceCode":"66-0","geometryPollNumbers":["66"],"code":"48036-66","resultPollNumbers":["66"],"resultStatus":"exact","result":{"electors":311,"voters":131,"totalVotes":131,"rejected":0,"turnout":42.12218649517685,"winnerId":"michael-cooper","winnerPartyId":"CPC","runnerUpId":"lucia-stachurski","runnerUpPartyId":"LIB","margin":64.8854961832061,"top":[{"id":"michael-cooper","name":"Michael Cooper","shortName":"Cooper","partyId":"CPC","votes":104,"share":79.38931297709924},{"id":"lucia-stachurski","name":"Lucia Stachurski","shortName":"Stachurski","partyId":"LIB","votes":19,"share":14.50381679389313},{"id":"dorothy-anderson","name":"Dorothy Anderson","shortName":"Anderson","partyId":"NDP","votes":3,"share":2.2900763358778624},{"id":"jeff-willerton","name":"Jeff Willerton","shortName":"Willerton","partyId":"OTH","votes":3,"share":2.2900763358778624}],"partyVotes":{"LIB":19,"CPC":104,"BQ":0,"NDP":3,"GRN":0,"PPC":2,"OTH":3}}},"geometry":{"type":"Polygon","coordinates":[[[381.67,182.56],[381.55,182.59],[381.53,182.59],[381.51,182.52],[381.59,182.5],[381.73,182.46],[381.69,182.32],[381.76,182.3],[381.74,182.23],[381.7,182.09],[381.41,182.17],[381.21,181.44],[381.13,181.15],[381.12,181.15],[381.12,181.14],[381.12,181.12],[381.09,181],[381.09,181],[381.09,180.99],[381.08,180.97],[381.04,180.82],[381.03,180.75],[381.07,180.81],[381.1,180.84],[381.13,180.88],[381.15,180.92],[381.16,180.98],[381.18,181.01],[381.18,181.01],[381.2,181.02],[381.22,181.03],[381.28,181.03],[381.31,181.03],[381.33,181.05],[381.38,181.09],[381.4,181.11],[381.41,181.13],[381.47,181.24],[381.5,181.28],[381.52,181.31],[381.53,181.33],[381.55,181.35],[381.58,181.37],[381.61,181.39],[381.65,181.39],[381.66,181.39],[381.71,181.38],[381.75,181.37],[381.77,181.37],[381.82,181.38],[381.92,181.38],[381.96,181.38],[381.99,181.39],[382.01,181.39],[382.06,181.4],[382.1,181.41],[382.15,181.44],[382.21,181.46],[382.24,181.45],[382.27,181.45],[382.29,181.46],[382.31,181.48],[382.34,181.48],[382.37,181.5],[382.39,181.51],[382.39,181.51],[382.39,181.51],[382.4,181.52],[382.43,181.53],[382.47,181.55],[382.53,181.58],[382.56,181.59],[382.6,181.6],[382.64,181.63],[382.66,181.64],[382.67,181.65],[382.69,181.65],[382.72,181.67],[382.78,181.71],[382.79,181.71],[382.81,181.72],[382.84,181.72],[382.87,181.75],[382.88,181.75],[382.98,181.81],[382.99,181.83],[383,181.84],[383.02,181.86],[383.05,181.9],[383.05,181.91],[383.08,181.93],[383.09,181.94],[383.1,181.95],[383.11,181.96],[383.13,181.99],[383.14,182.01],[383.16,182.1],[383.17,182.15],[383.16,182.15],[382.4,182.36],[381.67,182.56]]]}},{"type":"Feature","id":"48036-67","properties":{"ridingCode":"48036","pollNumber":"67","pollType":"N","advancePollNumber":"612","sourceCode":"67-0","geometryPollNumbers":["67"],"code":"48036-67","resultPollNumbers":["67"],"resultStatus":"exact","result":{"electors":464,"voters":166,"totalVotes":161,"rejected":5,"turnout":35.775862068965516,"winnerId":"michael-cooper","winnerPartyId":"CPC","runnerUpId":"lucia-stachurski","runnerUpPartyId":"LIB","margin":55.27950310559007,"top":[{"id":"michael-cooper","name":"Michael Cooper","shortName":"Cooper","partyId":"CPC","votes":119,"share":73.91304347826086},{"id":"lucia-stachurski","name":"Lucia Stachurski","shortName":"Stachurski","partyId":"LIB","votes":30,"share":18.633540372670808},{"id":"dorothy-anderson","name":"Dorothy Anderson","shortName":"Anderson","partyId":"NDP","votes":11,"share":6.832298136645963},{"id":"brigitte-cecelia","name":"Brigitte Cecelia","shortName":"Cecelia","partyId":"PPC","votes":1,"share":0.6211180124223602}],"partyVotes":{"LIB":30,"CPC":119,"BQ":0,"NDP":11,"GRN":0,"PPC":1,"OTH":0}}},"geometry":{"type":"Polygon","coordinates":[[[377.97,181.69],[377.96,181.64],[377.97,181.64],[377.99,181.63],[378,181.63],[378.01,181.64],[377.99,181.64],[377.99,181.66],[378,181.66],[378.01,181.66],[378.02,181.68],[378,181.69],[378,181.69],[378,181.7],[378,181.71],[377.99,181.72],[377.98,181.68],[377.97,181.69]]]}},{"type":"Feature","id":"48036-68","properties":{"ridingCode":"48036","pollNumber":"68","pollType":"N","advancePollNumber":"612","sourceCode":"68-0","geometryPollNumbers":["68"],"code":"48036-68","resultPollNumbers":["68"],"resultStatus":"exact","result":{"electors":409,"voters":162,"totalVotes":162,"rejected":0,"turnout":39.60880195599022,"winnerId":"michael-cooper","winnerPartyId":"CPC","runnerUpId":"lucia-stachurski","runnerUpPartyId":"LIB","margin":50.617283950617285,"top":[{"id":"michael-cooper","name":"Michael Cooper","shortName":"Cooper","partyId":"CPC","votes":113,"share":69.75308641975309},{"id":"lucia-stachurski","name":"Lucia Stachurski","shortName":"Stachurski","partyId":"LIB","votes":31,"share":19.1358024691358},{"id":"dorothy-anderson","name":"Dorothy Anderson","shortName":"Anderson","partyId":"NDP","votes":12,"share":7.4074074074074066},{"id":"brigitte-cecelia","name":"Brigitte Cecelia","shortName":"Cecelia","partyId":"PPC","votes":3,"share":1.8518518518518516}],"partyVotes":{"LIB":31,"CPC":113,"BQ":0,"NDP":12,"GRN":0,"PPC":3,"OTH":3}}},"geometry":{"type":"Polygon","coordinates":[[[377.99,181.63],[378.01,181.61],[378.03,181.63],[378.02,181.64],[378.03,181.69],[378.02,181.69],[378.01,181.69],[378,181.69],[378,181.69],[378.02,181.68],[378.01,181.66],[378,181.66],[377.99,181.66],[377.99,181.64],[378.01,181.64],[378,181.63],[377.99,181.63]]]}},{"type":"Feature","id":"48036-69","properties":{"ridingCode":"48036","pollNumber":"69","pollType":"N","advancePollNumber":"613","sourceCode":"69-0","geometryPollNumbers":["69"],"code":"48036-69","resultPollNumbers":["69"],"resultStatus":"exact","result":{"electors":586,"voters":187,"totalVotes":186,"rejected":1,"turnout":31.91126279863481,"winnerId":"michael-cooper","winnerPartyId":"CPC","runnerUpId":"lucia-stachurski","runnerUpPartyId":"LIB","margin":53.76344086021505,"top":[{"id":"michael-cooper","name":"Michael Cooper","shortName":"Cooper","partyId":"CPC","votes":136,"share":73.11827956989248},{"id":"lucia-stachurski","name":"Lucia Stachurski","shortName":"Stachurski","partyId":"LIB","votes":36,"share":19.35483870967742},{"id":"dorothy-anderson","name":"Dorothy Anderson","shortName":"Anderson","partyId":"NDP","votes":13,"share":6.989247311827956},{"id":"brigitte-cecelia","name":"Brigitte Cecelia","shortName":"Cecelia","partyId":"PPC","votes":1,"share":0.5376344086021506}],"partyVotes":{"LIB":36,"CPC":136,"BQ":0,"NDP":13,"GRN":0,"PPC":1,"OTH":0}}},"geometry":{"type":"Polygon","coordinates":[[[378,181.61],[378.02,181.6],[378.05,181.56],[378.04,181.52],[378.06,181.5],[378.04,181.42],[378.06,181.39],[378.14,181.68],[378.12,181.68],[378.09,181.69],[378.08,181.69],[378.08,181.68],[378.09,181.68],[378.09,181.66],[378.11,181.67],[378.12,181.65],[378.1,181.64],[378.1,181.63],[378.09,181.62],[378.09,181.61],[378.08,181.61],[378.07,181.62],[378.05,181.62],[378.03,181.63],[378.01,181.61],[377.99,181.63],[377.97,181.64],[377.97,181.63],[378,181.61]]]}},{"type":"Feature","id":"48036-70","properties":{"ridingCode":"48036","pollNumber":"70","pollType":"N","advancePollNumber":"613","sourceCode":"70-0","geometryPollNumbers":["70"],"code":"48036-70","resultPollNumbers":["70"],"resultStatus":"exact","result":{"electors":639,"voters":240,"totalVotes":236,"rejected":4,"turnout":37.558685446009385,"winnerId":"michael-cooper","winnerPartyId":"CPC","runnerUpId":"lucia-stachurski","runnerUpPartyId":"LIB","margin":63.13559322033898,"top":[{"id":"michael-cooper","name":"Michael Cooper","shortName":"Cooper","partyId":"CPC","votes":183,"share":77.54237288135593},{"id":"lucia-stachurski","name":"Lucia Stachurski","shortName":"Stachurski","partyId":"LIB","votes":34,"share":14.40677966101695},{"id":"dorothy-anderson","name":"Dorothy Anderson","shortName":"Anderson","partyId":"NDP","votes":17,"share":7.203389830508475},{"id":"brigitte-cecelia","name":"Brigitte Cecelia","shortName":"Cecelia","partyId":"PPC","votes":2,"share":0.847457627118644}],"partyVotes":{"LIB":34,"CPC":183,"BQ":0,"NDP":17,"GRN":0,"PPC":2,"OTH":0}}},"geometry":{"type":"Polygon","coordinates":[[[377.93,181.48],[377.91,181.43],[378.06,181.39],[378.04,181.42],[378.06,181.5],[378.04,181.52],[378.05,181.56],[378.02,181.6],[378,181.61],[377.97,181.63],[377.97,181.64],[377.94,181.53],[377.94,181.5],[377.93,181.5],[377.93,181.48]]]}},{"type":"Feature","id":"48036-71","properties":{"ridingCode":"48036","pollNumber":"71","pollType":"N","advancePollNumber":"604","sourceCode":"71-0","geometryPollNumbers":["71"],"code":"48036-71","resultPollNumbers":["71"],"resultStatus":"exact","result":{"electors":344,"voters":141,"totalVotes":140,"rejected":1,"turnout":40.98837209302326,"winnerId":"michael-cooper","winnerPartyId":"CPC","runnerUpId":"lucia-stachurski","runnerUpPartyId":"LIB","margin":75,"top":[{"id":"michael-cooper","name":"Michael Cooper","shortName":"Cooper","partyId":"CPC","votes":116,"share":82.85714285714286},{"id":"lucia-stachurski","name":"Lucia Stachurski","shortName":"Stachurski","partyId":"LIB","votes":11,"share":7.857142857142857},{"id":"dorothy-anderson","name":"Dorothy Anderson","shortName":"Anderson","partyId":"NDP","votes":9,"share":6.428571428571428},{"id":"brigitte-cecelia","name":"Brigitte Cecelia","shortName":"Cecelia","partyId":"PPC","votes":3,"share":2.142857142857143}],"partyVotes":{"LIB":11,"CPC":116,"BQ":0,"NDP":9,"GRN":0,"PPC":3,"OTH":1}}},"geometry":{"type":"Polygon","coordinates":[[[375.67,182.08],[375.54,181.64],[375.54,181.6],[375.53,181.59],[375.55,181.58],[375.61,181.54],[375.66,181.5],[375.69,181.45],[375.7,181.44],[375.72,181.44],[375.74,181.44],[375.79,181.45],[375.8,181.45],[375.81,181.44],[375.87,181.39],[375.89,181.38],[375.99,181.35],[376.04,181.33],[376.1,181.32],[376.29,181.27],[376.39,181.63],[376.41,181.67],[376.41,181.69],[376.46,181.85],[376.17,181.94],[375.7,182.07],[375.67,182.08]]]}},{"type":"Feature","id":"48036-72","properties":{"ridingCode":"48036","pollNumber":"72","pollType":"N","advancePollNumber":"604","sourceCode":"72-0","geometryPollNumbers":["72"],"code":"48036-72","resultPollNumbers":["72"],"resultStatus":"exact","result":{"electors":573,"voters":237,"totalVotes":237,"rejected":0,"turnout":41.361256544502616,"winnerId":"michael-cooper","winnerPartyId":"CPC","runnerUpId":"lucia-stachurski","runnerUpPartyId":"LIB","margin":64.9789029535865,"top":[{"id":"michael-cooper","name":"Michael Cooper","shortName":"Cooper","partyId":"CPC","votes":188,"share":79.32489451476793},{"id":"lucia-stachurski","name":"Lucia Stachurski","shortName":"Stachurski","partyId":"LIB","votes":34,"share":14.345991561181433},{"id":"dorothy-anderson","name":"Dorothy Anderson","shortName":"Anderson","partyId":"NDP","votes":11,"share":4.641350210970464},{"id":"brigitte-cecelia","name":"Brigitte Cecelia","shortName":"Cecelia","partyId":"PPC","votes":3,"share":1.2658227848101267}],"partyVotes":{"LIB":34,"CPC":188,"BQ":0,"NDP":11,"GRN":0,"PPC":3,"OTH":1}}},"geometry":{"type":"Polygon","coordinates":[[[375.53,181.59],[375.42,181.2],[375.88,181.07],[376.25,180.96],[376.27,180.96],[376.25,180.98],[376.31,181.18],[376.31,181.2],[376.32,181.2],[376.32,181.19],[376.32,181.19],[376.35,181.19],[376.35,181.2],[376.34,181.2],[376.34,181.2],[376.36,181.21],[376.36,181.2],[376.38,181.18],[376.38,181.18],[376.38,181.18],[376.38,181.18],[376.39,181.18],[376.4,181.19],[376.42,181.19],[376.43,181.19],[376.44,181.2],[376.45,181.2],[376.45,181.21],[376.46,181.21],[376.46,181.21],[376.46,181.19],[376.47,181.19],[376.46,181.18],[376.45,181.19],[376.45,181.18],[376.46,181.18],[376.47,181.18],[376.48,181.21],[376.29,181.27],[376.1,181.32],[376.04,181.33],[375.99,181.35],[375.89,181.38],[375.87,181.39],[375.81,181.44],[375.8,181.45],[375.79,181.45],[375.74,181.44],[375.72,181.44],[375.7,181.44],[375.69,181.45],[375.66,181.5],[375.61,181.54],[375.55,181.58],[375.53,181.59]]]}},{"type":"Feature","id":"48036-73","properties":{"ridingCode":"48036","pollNumber":"73","pollType":"N","advancePollNumber":"604","sourceCode":"73-0","geometryPollNumbers":["73"],"code":"48036-73","resultPollNumbers":["73"],"resultStatus":"exact","result":{"electors":346,"voters":159,"totalVotes":159,"rejected":0,"turnout":45.95375722543353,"winnerId":"michael-cooper","winnerPartyId":"CPC","runnerUpId":"lucia-stachurski","runnerUpPartyId":"LIB","margin":52.20125786163522,"top":[{"id":"michael-cooper","name":"Michael Cooper","shortName":"Cooper","partyId":"CPC","votes":115,"share":72.32704402515722},{"id":"lucia-stachurski","name":"Lucia Stachurski","shortName":"Stachurski","partyId":"LIB","votes":32,"share":20.125786163522015},{"id":"dorothy-anderson","name":"Dorothy Anderson","shortName":"Anderson","partyId":"NDP","votes":8,"share":5.031446540880504},{"id":"brigitte-cecelia","name":"Brigitte Cecelia","shortName":"Cecelia","partyId":"PPC","votes":3,"share":1.8867924528301887}],"partyVotes":{"LIB":32,"CPC":115,"BQ":0,"NDP":8,"GRN":0,"PPC":3,"OTH":1}}},"geometry":{"type":"Polygon","coordinates":[[[375.88,181.07],[375.42,181.2],[375.33,180.91],[375.58,180.84],[375.73,180.8],[375.87,180.76],[376.02,180.71],[375.98,180.57],[376.08,180.54],[376.13,180.57],[376.25,180.96],[375.88,181.07]]]}},{"type":"Feature","id":"48036-74","properties":{"ridingCode":"48036","pollNumber":"74","pollType":"N","advancePollNumber":"610","sourceCode":"74-0","geometryPollNumbers":["74"],"code":"48036-74","resultPollNumbers":["74"],"resultStatus":"exact","result":{"electors":504,"voters":169,"totalVotes":168,"rejected":1,"turnout":33.53174603174603,"winnerId":"michael-cooper","winnerPartyId":"CPC","runnerUpId":"lucia-stachurski","runnerUpPartyId":"LIB","margin":65.47619047619048,"top":[{"id":"michael-cooper","name":"Michael Cooper","shortName":"Cooper","partyId":"CPC","votes":131,"share":77.97619047619048},{"id":"lucia-stachurski","name":"Lucia Stachurski","shortName":"Stachurski","partyId":"LIB","votes":21,"share":12.5},{"id":"dorothy-anderson","name":"Dorothy Anderson","shortName":"Anderson","partyId":"NDP","votes":13,"share":7.738095238095238},{"id":"jeff-willerton","name":"Jeff Willerton","shortName":"Willerton","partyId":"OTH","votes":2,"share":1.1904761904761905}],"partyVotes":{"LIB":21,"CPC":131,"BQ":0,"NDP":13,"GRN":0,"PPC":1,"OTH":2}}},"geometry":{"type":"Polygon","coordinates":[[[379.89,181.47],[379.89,181.45],[379.9,181.44],[379.89,181.42],[379.91,181.41],[379.93,181.44],[379.95,181.42],[379.95,181.4],[380.02,181.38],[380.06,181.55],[380.09,181.55],[380.11,181.57],[380.11,181.58],[380.1,181.58],[380.11,181.59],[380.09,181.6],[380.08,181.58],[380.06,181.58],[380.05,181.58],[380.03,181.58],[380.01,181.55],[379.99,181.54],[379.96,181.56],[379.91,181.52],[379.89,181.52],[379.88,181.51],[379.88,181.5],[379.89,181.47]]]}},{"type":"Feature","id":"48036-75","properties":{"ridingCode":"48036","pollNumber":"75","pollType":"N","advancePollNumber":"610","sourceCode":"75-0","geometryPollNumbers":["75"],"code":"48036-75","resultPollNumbers":["75"],"resultStatus":"exact","result":{"electors":416,"voters":175,"totalVotes":174,"rejected":1,"turnout":42.06730769230769,"winnerId":"michael-cooper","winnerPartyId":"CPC","runnerUpId":"lucia-stachurski","runnerUpPartyId":"LIB","margin":54.02298850574713,"top":[{"id":"michael-cooper","name":"Michael Cooper","shortName":"Cooper","partyId":"CPC","votes":125,"share":71.83908045977012},{"id":"lucia-stachurski","name":"Lucia Stachurski","shortName":"Stachurski","partyId":"LIB","votes":31,"share":17.81609195402299},{"id":"dorothy-anderson","name":"Dorothy Anderson","shortName":"Anderson","partyId":"NDP","votes":13,"share":7.471264367816093},{"id":"brigitte-cecelia","name":"Brigitte Cecelia","shortName":"Cecelia","partyId":"PPC","votes":4,"share":2.2988505747126435}],"partyVotes":{"LIB":31,"CPC":125,"BQ":0,"NDP":13,"GRN":0,"PPC":4,"OTH":1}}},"geometry":{"type":"Polygon","coordinates":[[[379.83,181.39],[379.86,181.38],[379.88,181.37],[379.9,181.38],[379.9,181.38],[379.91,181.38],[379.9,181.4],[379.9,181.4],[379.91,181.41],[379.89,181.42],[379.9,181.44],[379.89,181.45],[379.89,181.47],[379.88,181.5],[379.86,181.51],[379.84,181.51],[379.82,181.51],[379.79,181.4],[379.83,181.39]]]}},{"type":"Feature","id":"48036-76","properties":{"ridingCode":"48036","pollNumber":"76","pollType":"N","advancePollNumber":"610","sourceCode":"76-0","geometryPollNumbers":["76"],"code":"48036-76","resultPollNumbers":["76"],"resultStatus":"exact","result":{"electors":343,"voters":144,"totalVotes":144,"rejected":0,"turnout":41.98250728862974,"winnerId":"michael-cooper","winnerPartyId":"CPC","runnerUpId":"lucia-stachurski","runnerUpPartyId":"LIB","margin":70.13888888888889,"top":[{"id":"michael-cooper","name":"Michael Cooper","shortName":"Cooper","partyId":"CPC","votes":115,"share":79.86111111111111},{"id":"lucia-stachurski","name":"Lucia Stachurski","shortName":"Stachurski","partyId":"LIB","votes":14,"share":9.722222222222223},{"id":"dorothy-anderson","name":"Dorothy Anderson","shortName":"Anderson","partyId":"NDP","votes":13,"share":9.027777777777777},{"id":"brigitte-cecelia","name":"Brigitte Cecelia","shortName":"Cecelia","partyId":"PPC","votes":1,"share":0.6944444444444444}],"partyVotes":{"LIB":14,"CPC":115,"BQ":0,"NDP":13,"GRN":0,"PPC":1,"OTH":1}}},"geometry":{"type":"Polygon","coordinates":[[[379.91,181.41],[379.91,181.41],[379.9,181.4],[379.91,181.38],[379.91,181.39],[379.92,181.38],[379.91,181.37],[379.92,181.37],[379.93,181.37],[379.93,181.37],[379.93,181.38],[379.94,181.38],[379.95,181.4],[379.95,181.42],[379.93,181.44],[379.91,181.41]]]}},{"type":"Feature","id":"48036-77","properties":{"ridingCode":"48036","pollNumber":"77","pollType":"N","advancePollNumber":"609","sourceCode":"77-0","geometryPollNumbers":["77"],"code":"48036-77","resultPollNumbers":["77"],"resultStatus":"exact","result":{"electors":440,"voters":177,"totalVotes":176,"rejected":1,"turnout":40.22727272727273,"winnerId":"michael-cooper","winnerPartyId":"CPC","runnerUpId":"lucia-stachurski","runnerUpPartyId":"LIB","margin":52.84090909090909,"top":[{"id":"michael-cooper","name":"Michael Cooper","shortName":"Cooper","partyId":"CPC","votes":126,"share":71.5909090909091},{"id":"lucia-stachurski","name":"Lucia Stachurski","shortName":"Stachurski","partyId":"LIB","votes":33,"share":18.75},{"id":"dorothy-anderson","name":"Dorothy Anderson","shortName":"Anderson","partyId":"NDP","votes":14,"share":7.954545454545454},{"id":"jeff-willerton","name":"Jeff Willerton","shortName":"Willerton","partyId":"OTH","votes":2,"share":1.1363636363636365}],"partyVotes":{"LIB":33,"CPC":126,"BQ":0,"NDP":14,"GRN":0,"PPC":1,"OTH":2}}},"geometry":{"type":"Polygon","coordinates":[[[379.4,181.68],[379.43,181.67],[379.44,181.66],[379.46,181.68],[379.47,181.67],[379.48,181.68],[379.49,181.68],[379.5,181.68],[379.5,181.68],[379.55,181.67],[379.58,181.77],[379.55,181.76],[379.53,181.75],[379.5,181.76],[379.49,181.71],[379.46,181.69],[379.41,181.71],[379.4,181.68]]]}},{"type":"Feature","id":"48036-78","properties":{"ridingCode":"48036","pollNumber":"78","pollType":"N","advancePollNumber":"609","sourceCode":"78-0","geometryPollNumbers":["78"],"code":"48036-78","resultPollNumbers":["78"],"resultStatus":"exact","result":{"electors":327,"voters":129,"totalVotes":129,"rejected":0,"turnout":39.44954128440367,"winnerId":"michael-cooper","winnerPartyId":"CPC","runnerUpId":"lucia-stachurski","runnerUpPartyId":"LIB","margin":36.434108527131784,"top":[{"id":"michael-cooper","name":"Michael Cooper","shortName":"Cooper","partyId":"CPC","votes":81,"share":62.7906976744186},{"id":"lucia-stachurski","name":"Lucia Stachurski","shortName":"Stachurski","partyId":"LIB","votes":34,"share":26.356589147286826},{"id":"dorothy-anderson","name":"Dorothy Anderson","shortName":"Anderson","partyId":"NDP","votes":10,"share":7.751937984496124},{"id":"brigitte-cecelia","name":"Brigitte Cecelia","shortName":"Cecelia","partyId":"PPC","votes":2,"share":1.550387596899225}],"partyVotes":{"LIB":34,"CPC":81,"BQ":0,"NDP":10,"GRN":0,"PPC":2,"OTH":2}}},"geometry":{"type":"Polygon","coordinates":[[[379.43,181.65],[379.4,181.63],[379.53,181.6],[379.55,181.67],[379.5,181.68],[379.5,181.68],[379.49,181.68],[379.48,181.66],[379.49,181.66],[379.49,181.65],[379.48,181.65],[379.48,181.65],[379.47,181.65],[379.47,181.64],[379.43,181.65]]]}},{"type":"Feature","id":"48036-79","properties":{"ridingCode":"48036","pollNumber":"79","pollType":"N","advancePollNumber":"611","sourceCode":"79-0","geometryPollNumbers":["79"],"code":"48036-79","resultPollNumbers":["79"],"resultStatus":"exact","result":{"electors":449,"voters":213,"totalVotes":213,"rejected":0,"turnout":47.43875278396437,"winnerId":"michael-cooper","winnerPartyId":"CPC","runnerUpId":"lucia-stachurski","runnerUpPartyId":"LIB","margin":62.441314553990615,"top":[{"id":"michael-cooper","name":"Michael Cooper","shortName":"Cooper","partyId":"CPC","votes":163,"share":76.52582159624414},{"id":"lucia-stachurski","name":"Lucia Stachurski","shortName":"Stachurski","partyId":"LIB","votes":30,"share":14.084507042253522},{"id":"dorothy-anderson","name":"Dorothy Anderson","shortName":"Anderson","partyId":"NDP","votes":17,"share":7.981220657276995},{"id":"brigitte-cecelia","name":"Brigitte Cecelia","shortName":"Cecelia","partyId":"PPC","votes":2,"share":0.9389671361502347}],"partyVotes":{"LIB":30,"CPC":163,"BQ":0,"NDP":17,"GRN":0,"PPC":2,"OTH":1}}},"geometry":{"type":"Polygon","coordinates":[[[379.09,181.72],[378.93,181.14],[378.99,181.12],[379.08,181.1],[379.31,181.03],[379.51,180.97],[379.58,181.22],[379.62,181.35],[379.6,181.36],[379.63,181.42],[379.66,181.43],[379.65,181.44],[379.65,181.45],[379.68,181.55],[379.53,181.6],[379.4,181.63],[379.37,181.64],[379.26,181.67],[379.21,181.69],[379.09,181.72]]]}},{"type":"Feature","id":"48036-80","properties":{"ridingCode":"48036","pollNumber":"80","pollType":"N","advancePollNumber":"613","sourceCode":"80-0","geometryPollNumbers":["80"],"code":"48036-80","resultPollNumbers":["80"],"resultStatus":"exact","result":{"electors":446,"voters":211,"totalVotes":211,"rejected":0,"turnout":47.309417040358746,"winnerId":"michael-cooper","winnerPartyId":"CPC","runnerUpId":"lucia-stachurski","runnerUpPartyId":"LIB","margin":63.507109004739334,"top":[{"id":"michael-cooper","name":"Michael Cooper","shortName":"Cooper","partyId":"CPC","votes":164,"share":77.72511848341233},{"id":"lucia-stachurski","name":"Lucia Stachurski","shortName":"Stachurski","partyId":"LIB","votes":30,"share":14.218009478672986},{"id":"dorothy-anderson","name":"Dorothy Anderson","shortName":"Anderson","partyId":"NDP","votes":13,"share":6.161137440758294},{"id":"brigitte-cecelia","name":"Brigitte Cecelia","shortName":"Cecelia","partyId":"PPC","votes":3,"share":1.4218009478672986}],"partyVotes":{"LIB":30,"CPC":164,"BQ":0,"NDP":13,"GRN":0,"PPC":3,"OTH":1}}},"geometry":{"type":"Polygon","coordinates":[[[378.13,181.34],[378.14,181.34],[378.14,181.34],[378.14,181.34],[378.14,181.35],[378.15,181.34],[378.15,181.35],[378.18,181.34],[378.18,181.35],[378.18,181.35],[378.18,181.35],[378.2,181.34],[378.2,181.34],[378.2,181.34],[378.23,181.33],[378.24,181.34],[378.24,181.33],[378.25,181.33],[378.25,181.33],[378.21,181.37],[378.2,181.39],[378.16,181.4],[378.15,181.36],[378.13,181.36],[378.13,181.34]]]}},{"type":"Feature","id":"48036-81","properties":{"ridingCode":"48036","pollNumber":"81","pollType":"N","advancePollNumber":"613","sourceCode":"81-0","geometryPollNumbers":["81"],"code":"48036-81","resultPollNumbers":["81"],"resultStatus":"exact","result":{"electors":314,"voters":164,"totalVotes":164,"rejected":0,"turnout":52.22929936305732,"winnerId":"michael-cooper","winnerPartyId":"CPC","runnerUpId":"lucia-stachurski","runnerUpPartyId":"LIB","margin":59.14634146341463,"top":[{"id":"michael-cooper","name":"Michael Cooper","shortName":"Cooper","partyId":"CPC","votes":129,"share":78.65853658536585},{"id":"lucia-stachurski","name":"Lucia Stachurski","shortName":"Stachurski","partyId":"LIB","votes":32,"share":19.51219512195122},{"id":"dorothy-anderson","name":"Dorothy Anderson","shortName":"Anderson","partyId":"NDP","votes":3,"share":1.8292682926829267},{"id":"brigitte-cecelia","name":"Brigitte Cecelia","shortName":"Cecelia","partyId":"PPC","votes":0,"share":0}],"partyVotes":{"LIB":32,"CPC":129,"BQ":0,"NDP":3,"GRN":0,"PPC":0,"OTH":0}}},"geometry":{"type":"Polygon","coordinates":[[[378.13,181.36],[378.12,181.36],[378.09,181.25],[378.15,181.24],[378.17,181.31],[378.16,181.31],[378.15,181.31],[378.14,181.31],[378.15,181.33],[378.16,181.35],[378.17,181.34],[378.18,181.34],[378.15,181.35],[378.15,181.34],[378.14,181.35],[378.14,181.34],[378.14,181.34],[378.14,181.34],[378.13,181.34],[378.13,181.36]]]}},{"type":"Feature","id":"48036-82","properties":{"ridingCode":"48036","pollNumber":"82","pollType":"N","advancePollNumber":"613","sourceCode":"82-0","geometryPollNumbers":["82"],"code":"48036-82","resultPollNumbers":["82"],"resultStatus":"exact","result":{"electors":345,"voters":161,"totalVotes":160,"rejected":1,"turnout":46.666666666666664,"winnerId":"michael-cooper","winnerPartyId":"CPC","runnerUpId":"lucia-stachurski","runnerUpPartyId":"LIB","margin":68.75,"top":[{"id":"michael-cooper","name":"Michael Cooper","shortName":"Cooper","partyId":"CPC","votes":130,"share":81.25},{"id":"lucia-stachurski","name":"Lucia Stachurski","shortName":"Stachurski","partyId":"LIB","votes":20,"share":12.5},{"id":"brigitte-cecelia","name":"Brigitte Cecelia","shortName":"Cecelia","partyId":"PPC","votes":6,"share":3.75},{"id":"dorothy-anderson","name":"Dorothy Anderson","shortName":"Anderson","partyId":"NDP","votes":3,"share":1.875}],"partyVotes":{"LIB":20,"CPC":130,"BQ":0,"NDP":3,"GRN":0,"PPC":6,"OTH":1}}},"geometry":{"type":"Polygon","coordinates":[[[377.77,180.91],[377.77,180.86],[377.78,180.84],[378.07,180.76],[378.14,180.74],[378.18,180.72],[378.27,181.01],[378.35,181.3],[378.25,181.33],[378.25,181.33],[378.24,181.33],[378.24,181.34],[378.23,181.33],[378.2,181.34],[378.2,181.34],[378.2,181.34],[378.18,181.35],[378.18,181.35],[378.18,181.35],[378.18,181.34],[378.17,181.34],[378.16,181.35],[378.15,181.33],[378.14,181.31],[378.15,181.31],[378.16,181.31],[378.17,181.31],[378.15,181.24],[378.09,181.25],[378.12,181.36],[378.13,181.36],[378.15,181.36],[378.16,181.4],[378.2,181.39],[378.21,181.37],[378.28,181.63],[378.14,181.68],[378.06,181.39],[377.91,181.43],[377.83,181.14],[377.77,180.93],[377.77,180.91]]]}},{"type":"Feature","id":"48036-83","properties":{"ridingCode":"48036","pollNumber":"83","pollType":"N","advancePollNumber":"611","sourceCode":"83-0","geometryPollNumbers":["83"],"code":"48036-83","resultPollNumbers":["83"],"resultStatus":"exact","result":{"electors":281,"voters":135,"totalVotes":133,"rejected":2,"turnout":48.04270462633452,"winnerId":"michael-cooper","winnerPartyId":"CPC","runnerUpId":"lucia-stachurski","runnerUpPartyId":"LIB","margin":78.19548872180451,"top":[{"id":"michael-cooper","name":"Michael Cooper","shortName":"Cooper","partyId":"CPC","votes":114,"share":85.71428571428571},{"id":"lucia-stachurski","name":"Lucia Stachurski","shortName":"Stachurski","partyId":"LIB","votes":10,"share":7.518796992481203},{"id":"jeff-willerton","name":"Jeff Willerton","shortName":"Willerton","partyId":"OTH","votes":4,"share":3.007518796992481},{"id":"brigitte-cecelia","name":"Brigitte Cecelia","shortName":"Cecelia","partyId":"PPC","votes":3,"share":2.2556390977443606}],"partyVotes":{"LIB":10,"CPC":114,"BQ":0,"NDP":2,"GRN":0,"PPC":3,"OTH":4}}},"geometry":{"type":"Polygon","coordinates":[[[378.35,181.3],[378.27,181.01],[378.48,180.95],[378.49,181.01],[378.52,181.03],[378.58,181.01],[378.56,180.95],[378.6,180.92],[378.61,180.92],[378.7,180.89],[378.78,181.18],[378.93,181.14],[379.09,181.72],[378.51,181.88],[378.35,181.3]]]}},{"type":"Feature","id":"48036-84","properties":{"ridingCode":"48036","pollNumber":"84","pollType":"N","advancePollNumber":"611","sourceCode":"84-0","geometryPollNumbers":["84"],"code":"48036-84","resultPollNumbers":["84"],"resultStatus":"exact","result":{"electors":406,"voters":177,"totalVotes":176,"rejected":1,"turnout":43.5960591133005,"winnerId":"michael-cooper","winnerPartyId":"CPC","runnerUpId":"lucia-stachurski","runnerUpPartyId":"LIB","margin":53.97727272727273,"top":[{"id":"michael-cooper","name":"Michael Cooper","shortName":"Cooper","partyId":"CPC","votes":132,"share":75},{"id":"lucia-stachurski","name":"Lucia Stachurski","shortName":"Stachurski","partyId":"LIB","votes":37,"share":21.022727272727273},{"id":"dorothy-anderson","name":"Dorothy Anderson","shortName":"Anderson","partyId":"NDP","votes":6,"share":3.4090909090909087},{"id":"jeff-willerton","name":"Jeff Willerton","shortName":"Willerton","partyId":"OTH","votes":1,"share":0.5681818181818182}],"partyVotes":{"LIB":37,"CPC":132,"BQ":0,"NDP":6,"GRN":0,"PPC":0,"OTH":1}}},"geometry":{"type":"Polygon","coordinates":[[[378.7,180.89],[378.72,180.9],[378.84,180.86],[378.85,180.85],[378.86,180.86],[378.99,180.82],[379,180.81],[379.04,180.96],[379.04,180.98],[379.03,181],[379.01,180.95],[378.96,180.96],[378.96,180.97],[378.98,181.06],[379.05,181.06],[379.06,181.05],[379.08,181.1],[378.99,181.12],[378.93,181.14],[378.78,181.18],[378.7,180.89]]]}},{"type":"Feature","id":"48036-85","properties":{"ridingCode":"48036","pollNumber":"85","pollType":"N","advancePollNumber":"611","sourceCode":"85-0","geometryPollNumbers":["85"],"code":"48036-85","resultPollNumbers":["85"],"resultStatus":"exact","result":{"electors":285,"voters":144,"totalVotes":143,"rejected":1,"turnout":50.526315789473685,"winnerId":"michael-cooper","winnerPartyId":"CPC","runnerUpId":"lucia-stachurski","runnerUpPartyId":"LIB","margin":61.53846153846154,"top":[{"id":"michael-cooper","name":"Michael Cooper","shortName":"Cooper","partyId":"CPC","votes":110,"share":76.92307692307693},{"id":"lucia-stachurski","name":"Lucia Stachurski","shortName":"Stachurski","partyId":"LIB","votes":22,"share":15.384615384615385},{"id":"brigitte-cecelia","name":"Brigitte Cecelia","shortName":"Cecelia","partyId":"PPC","votes":6,"share":4.195804195804196},{"id":"dorothy-anderson","name":"Dorothy Anderson","shortName":"Anderson","partyId":"NDP","votes":5,"share":3.4965034965034967}],"partyVotes":{"LIB":22,"CPC":110,"BQ":0,"NDP":5,"GRN":0,"PPC":6,"OTH":0}}},"geometry":{"type":"Polygon","coordinates":[[[379.03,181],[379.04,180.98],[379.04,180.96],[379,180.81],[379.29,180.73],[379.21,180.43],[379.8,180.26],[379.93,180.23],[380.02,180.52],[379.63,180.63],[379.43,180.68],[379.51,180.97],[379.31,181.03],[379.08,181.1],[379.06,181.05],[379.05,181.06],[378.98,181.06],[378.96,180.97],[378.96,180.96],[379.01,180.95],[379.03,181]]]}},{"type":"Feature","id":"48036-86","properties":{"ridingCode":"48036","pollNumber":"86","pollType":"N","advancePollNumber":"610","sourceCode":"86-0","geometryPollNumbers":["86"],"code":"48036-86","resultPollNumbers":["86"],"resultStatus":"exact","result":{"electors":385,"voters":145,"totalVotes":145,"rejected":0,"turnout":37.66233766233766,"winnerId":"michael-cooper","winnerPartyId":"CPC","runnerUpId":"lucia-stachurski","runnerUpPartyId":"LIB","margin":58.620689655172406,"top":[{"id":"michael-cooper","name":"Michael Cooper","shortName":"Cooper","partyId":"CPC","votes":108,"share":74.48275862068967},{"id":"lucia-stachurski","name":"Lucia Stachurski","shortName":"Stachurski","partyId":"LIB","votes":23,"share":15.862068965517242},{"id":"dorothy-anderson","name":"Dorothy Anderson","shortName":"Anderson","partyId":"NDP","votes":9,"share":6.206896551724138},{"id":"brigitte-cecelia","name":"Brigitte Cecelia","shortName":"Cecelia","partyId":"PPC","votes":4,"share":2.7586206896551726}],"partyVotes":{"LIB":23,"CPC":108,"BQ":0,"NDP":9,"GRN":0,"PPC":4,"OTH":1}}},"geometry":{"type":"Polygon","coordinates":[[[379.88,181.37],[379.86,181.38],[379.86,181.37],[379.87,181.35],[379.88,181.35],[379.9,181.35],[379.91,181.35],[379.91,181.36],[379.9,181.38],[379.9,181.38],[379.88,181.37]]]}},{"type":"Feature","id":"48036-87","properties":{"ridingCode":"48036","pollNumber":"87","pollType":"N","advancePollNumber":"610","sourceCode":"87-0","geometryPollNumbers":["87"],"code":"48036-87","resultPollNumbers":["87"],"resultStatus":"exact","result":{"electors":472,"voters":148,"totalVotes":148,"rejected":0,"turnout":31.35593220338983,"winnerId":"michael-cooper","winnerPartyId":"CPC","runnerUpId":"lucia-stachurski","runnerUpPartyId":"LIB","margin":66.21621621621621,"top":[{"id":"michael-cooper","name":"Michael Cooper","shortName":"Cooper","partyId":"CPC","votes":117,"share":79.05405405405406},{"id":"lucia-stachurski","name":"Lucia Stachurski","shortName":"Stachurski","partyId":"LIB","votes":19,"share":12.837837837837837},{"id":"dorothy-anderson","name":"Dorothy Anderson","shortName":"Anderson","partyId":"NDP","votes":7,"share":4.72972972972973},{"id":"jeff-willerton","name":"Jeff Willerton","shortName":"Willerton","partyId":"OTH","votes":3,"share":2.027027027027027}],"partyVotes":{"LIB":19,"CPC":117,"BQ":0,"NDP":7,"GRN":0,"PPC":2,"OTH":3}}},"geometry":{"type":"Polygon","coordinates":[[[379.91,181.36],[379.91,181.35],[379.9,181.35],[379.88,181.35],[379.87,181.35],[379.87,181.34],[379.88,181.33],[379.88,181.32],[379.87,181.31],[379.87,181.31],[379.87,181.31],[379.87,181.29],[379.87,181.27],[379.91,181.26],[379.94,181.38],[379.93,181.38],[379.93,181.37],[379.93,181.37],[379.92,181.37],[379.91,181.37],[379.92,181.38],[379.91,181.39],[379.91,181.38],[379.9,181.38],[379.91,181.36]]]}},{"type":"Feature","id":"48036-88","properties":{"ridingCode":"48036","pollNumber":"88","pollType":"N","advancePollNumber":"610","sourceCode":"88-0","geometryPollNumbers":["88"],"code":"48036-88","resultPollNumbers":["88"],"resultStatus":"exact","result":{"electors":437,"voters":183,"totalVotes":183,"rejected":0,"turnout":41.87643020594965,"winnerId":"michael-cooper","winnerPartyId":"CPC","runnerUpId":"lucia-stachurski","runnerUpPartyId":"LIB","margin":56.830601092896174,"top":[{"id":"michael-cooper","name":"Michael Cooper","shortName":"Cooper","partyId":"CPC","votes":138,"share":75.40983606557377},{"id":"lucia-stachurski","name":"Lucia Stachurski","shortName":"Stachurski","partyId":"LIB","votes":34,"share":18.579234972677597},{"id":"dorothy-anderson","name":"Dorothy Anderson","shortName":"Anderson","partyId":"NDP","votes":10,"share":5.46448087431694},{"id":"brigitte-cecelia","name":"Brigitte Cecelia","shortName":"Cecelia","partyId":"PPC","votes":1,"share":0.546448087431694}],"partyVotes":{"LIB":34,"CPC":138,"BQ":0,"NDP":10,"GRN":0,"PPC":1,"OTH":0}}},"geometry":{"type":"Polygon","coordinates":[[[379.79,181.4],[379.74,181.22],[379.88,181.18],[379.91,181.26],[379.87,181.27],[379.87,181.29],[379.87,181.31],[379.87,181.31],[379.87,181.31],[379.88,181.32],[379.88,181.33],[379.87,181.34],[379.87,181.35],[379.86,181.37],[379.86,181.38],[379.83,181.39],[379.79,181.4]]]}},{"type":"Feature","id":"48036-89","properties":{"ridingCode":"48036","pollNumber":"89","pollType":"N","advancePollNumber":"610","sourceCode":"89-0","geometryPollNumbers":["89"],"code":"48036-89","resultPollNumbers":["89"],"resultStatus":"exact","result":{"electors":478,"voters":240,"totalVotes":239,"rejected":1,"turnout":50.2092050209205,"winnerId":"michael-cooper","winnerPartyId":"CPC","runnerUpId":"lucia-stachurski","runnerUpPartyId":"LIB","margin":70.7112970711297,"top":[{"id":"michael-cooper","name":"Michael Cooper","shortName":"Cooper","partyId":"CPC","votes":193,"share":80.75313807531381},{"id":"lucia-stachurski","name":"Lucia Stachurski","shortName":"Stachurski","partyId":"LIB","votes":24,"share":10.0418410041841},{"id":"dorothy-anderson","name":"Dorothy Anderson","shortName":"Anderson","partyId":"NDP","votes":17,"share":7.112970711297072},{"id":"brigitte-cecelia","name":"Brigitte Cecelia","shortName":"Cecelia","partyId":"PPC","votes":4,"share":1.6736401673640167}],"partyVotes":{"LIB":24,"CPC":193,"BQ":0,"NDP":17,"GRN":0,"PPC":4,"OTH":1}}},"geometry":{"type":"Polygon","coordinates":[[[379.51,180.97],[379.43,180.68],[379.63,180.63],[380.02,180.52],[380.1,180.81],[380.18,181.1],[380.23,181.28],[380.22,181.29],[380.22,181.3],[380.22,181.31],[380.22,181.32],[380.23,181.31],[380.24,181.31],[380.24,181.32],[380.24,181.33],[380.34,181.68],[379.76,181.84],[379.68,181.55],[379.65,181.45],[379.65,181.44],[379.66,181.43],[379.63,181.42],[379.6,181.36],[379.62,181.35],[379.58,181.22],[379.51,180.97]],[[379.82,181.51],[379.84,181.51],[379.86,181.51],[379.88,181.5],[379.88,181.51],[379.89,181.52],[379.91,181.52],[379.96,181.56],[379.99,181.54],[380.01,181.55],[380.03,181.58],[380.05,181.58],[380.06,181.58],[380.08,181.58],[380.09,181.6],[380.11,181.59],[380.1,181.58],[380.11,181.58],[380.11,181.57],[380.09,181.55],[380.06,181.55],[380.02,181.38],[379.95,181.4],[379.94,181.38],[379.91,181.26],[379.88,181.18],[379.74,181.22],[379.79,181.4],[379.82,181.51]]]}},{"type":"Feature","id":"48036-90","properties":{"ridingCode":"48036","pollNumber":"90","pollType":"N","advancePollNumber":"609","sourceCode":"90-0","geometryPollNumbers":["90"],"code":"48036-90","resultPollNumbers":["90"],"resultStatus":"exact","result":{"electors":302,"voters":140,"totalVotes":139,"rejected":1,"turnout":46.35761589403973,"winnerId":"michael-cooper","winnerPartyId":"CPC","runnerUpId":"lucia-stachurski","runnerUpPartyId":"LIB","margin":70.50359712230215,"top":[{"id":"michael-cooper","name":"Michael Cooper","shortName":"Cooper","partyId":"CPC","votes":115,"share":82.73381294964028},{"id":"lucia-stachurski","name":"Lucia Stachurski","shortName":"Stachurski","partyId":"LIB","votes":17,"share":12.23021582733813},{"id":"brigitte-cecelia","name":"Brigitte Cecelia","shortName":"Cecelia","partyId":"PPC","votes":3,"share":2.158273381294964},{"id":"dorothy-anderson","name":"Dorothy Anderson","shortName":"Anderson","partyId":"NDP","votes":2,"share":1.4388489208633095}],"partyVotes":{"LIB":17,"CPC":115,"BQ":0,"NDP":2,"GRN":0,"PPC":3,"OTH":2}}},"geometry":{"type":"Polygon","coordinates":[[[380.18,181.1],[380.1,180.81],[380.39,180.73],[380.49,180.7],[380.5,180.72],[380.5,180.72],[380.57,180.67],[380.66,180.64],[380.68,180.65],[380.75,180.63],[380.79,180.62],[380.87,180.66],[380.94,180.68],[380.96,180.69],[381.01,180.73],[381.03,180.75],[381.04,180.82],[381.08,180.97],[381.09,180.99],[381.09,181],[381.09,181],[381.12,181.12],[381.12,181.14],[381.12,181.15],[381.13,181.15],[381.21,181.44],[380.77,181.56],[380.34,181.68],[380.24,181.33],[380.24,181.32],[380.24,181.31],[380.23,181.31],[380.22,181.32],[380.22,181.31],[380.22,181.3],[380.22,181.29],[380.23,181.28],[380.18,181.1]]]}},{"type":"Feature","id":"48036-91","properties":{"ridingCode":"48036","pollNumber":"91","pollType":"N","advancePollNumber":"609","sourceCode":"91-0","geometryPollNumbers":["91"],"code":"48036-91","resultPollNumbers":["91"],"resultStatus":"exact","result":{"electors":474,"voters":212,"totalVotes":212,"rejected":0,"turnout":44.72573839662447,"winnerId":"michael-cooper","winnerPartyId":"CPC","runnerUpId":"lucia-stachurski","runnerUpPartyId":"LIB","margin":67.45283018867924,"top":[{"id":"michael-cooper","name":"Michael Cooper","shortName":"Cooper","partyId":"CPC","votes":168,"share":79.24528301886792},{"id":"lucia-stachurski","name":"Lucia Stachurski","shortName":"Stachurski","partyId":"LIB","votes":25,"share":11.79245283018868},{"id":"dorothy-anderson","name":"Dorothy Anderson","shortName":"Anderson","partyId":"NDP","votes":13,"share":6.132075471698113},{"id":"brigitte-cecelia","name":"Brigitte Cecelia","shortName":"Cecelia","partyId":"PPC","votes":4,"share":1.8867924528301887}],"partyVotes":{"LIB":25,"CPC":168,"BQ":0,"NDP":13,"GRN":0,"PPC":4,"OTH":2}}},"geometry":{"type":"Polygon","coordinates":[[[379.8,180.26],[379.71,179.92],[379.69,179.84],[379.7,179.83],[379.7,179.84],[379.7,179.85],[379.72,179.87],[379.76,179.9],[379.8,179.91],[379.87,179.94],[379.92,179.97],[379.95,179.98],[379.98,179.99],[380.01,180],[380.07,180.02],[380.1,180.04],[380.13,180.05],[380.14,180.06],[380.15,180.07],[380.17,180.08],[380.2,180.1],[380.24,180.12],[380.26,180.13],[380.27,180.14],[380.28,180.15],[380.32,180.21],[380.34,180.22],[380.34,180.22],[380.36,180.22],[380.37,180.22],[380.4,180.25],[380.43,180.29],[380.45,180.3],[380.49,180.33],[380.54,180.36],[380.56,180.37],[380.59,180.39],[380.61,180.4],[380.65,180.44],[380.66,180.47],[380.67,180.52],[380.68,180.55],[380.7,180.57],[380.73,180.58],[380.79,180.62],[380.75,180.63],[380.68,180.65],[380.66,180.64],[380.57,180.67],[380.5,180.72],[380.5,180.72],[380.49,180.7],[380.39,180.73],[380.1,180.81],[380.02,180.52],[379.93,180.23],[379.8,180.26]]]}},{"type":"Feature","id":"48036-92","properties":{"ridingCode":"48036","pollNumber":"92","pollType":"N","advancePollNumber":"615","sourceCode":"92-0","geometryPollNumbers":["92"],"code":"48036-92","resultPollNumbers":["92"],"resultStatus":"exact","result":{"electors":471,"voters":293,"totalVotes":293,"rejected":0,"turnout":62.20806794055201,"winnerId":"michael-cooper","winnerPartyId":"CPC","runnerUpId":"lucia-stachurski","runnerUpPartyId":"LIB","margin":61.092150170648466,"top":[{"id":"michael-cooper","name":"Michael Cooper","shortName":"Cooper","partyId":"CPC","votes":227,"share":77.47440273037543},{"id":"lucia-stachurski","name":"Lucia Stachurski","shortName":"Stachurski","partyId":"LIB","votes":48,"share":16.38225255972696},{"id":"dorothy-anderson","name":"Dorothy Anderson","shortName":"Anderson","partyId":"NDP","votes":10,"share":3.4129692832764507},{"id":"brigitte-cecelia","name":"Brigitte Cecelia","shortName":"Cecelia","partyId":"PPC","votes":4,"share":1.3651877133105803}],"partyVotes":{"LIB":48,"CPC":227,"BQ":0,"NDP":10,"GRN":0,"PPC":4,"OTH":4}}},"geometry":{"type":"Polygon","coordinates":[[[375.94,180.43],[376.37,180.3],[376.51,180.26],[376.56,180.41],[376.72,180.37],[376.91,180.3],[376.99,180.28],[377.2,181.01],[377.02,181.06],[376.48,181.21],[376.47,181.18],[376.46,181.18],[376.45,181.18],[376.45,181.19],[376.46,181.18],[376.47,181.19],[376.46,181.19],[376.46,181.21],[376.46,181.21],[376.45,181.21],[376.45,181.2],[376.44,181.2],[376.43,181.19],[376.42,181.19],[376.4,181.19],[376.39,181.18],[376.38,181.18],[376.38,181.18],[376.38,181.18],[376.38,181.18],[376.36,181.2],[376.36,181.21],[376.34,181.2],[376.34,181.2],[376.35,181.2],[376.35,181.19],[376.32,181.19],[376.32,181.19],[376.32,181.2],[376.31,181.2],[376.31,181.18],[376.25,180.98],[376.27,180.96],[376.25,180.96],[376.13,180.57],[376.08,180.54],[375.98,180.57],[375.94,180.43]],[[376.59,180.55],[376.6,180.55],[376.6,180.55],[376.59,180.55]]]}},{"type":"Feature","id":"48036-93","properties":{"ridingCode":"48036","pollNumber":"93","pollType":"N","advancePollNumber":"614","sourceCode":"93-0","geometryPollNumbers":["93"],"code":"48036-93","resultPollNumbers":["93"],"resultStatus":"exact","result":{"electors":848,"voters":301,"totalVotes":298,"rejected":3,"turnout":35.49528301886792,"winnerId":"michael-cooper","winnerPartyId":"CPC","runnerUpId":"lucia-stachurski","runnerUpPartyId":"LIB","margin":51.67785234899329,"top":[{"id":"michael-cooper","name":"Michael Cooper","shortName":"Cooper","partyId":"CPC","votes":220,"share":73.8255033557047},{"id":"lucia-stachurski","name":"Lucia Stachurski","shortName":"Stachurski","partyId":"LIB","votes":66,"share":22.14765100671141},{"id":"dorothy-anderson","name":"Dorothy Anderson","shortName":"Anderson","partyId":"NDP","votes":8,"share":2.684563758389262},{"id":"brigitte-cecelia","name":"Brigitte Cecelia","shortName":"Cecelia","partyId":"PPC","votes":2,"share":0.6711409395973155}],"partyVotes":{"LIB":66,"CPC":220,"BQ":0,"NDP":8,"GRN":0,"PPC":2,"OTH":2}}},"geometry":{"type":"Polygon","coordinates":[[[378.19,180.49],[378.18,180.48],[378.17,180.46],[378.17,180.44],[378.17,180.43],[378.18,180.41],[378.17,180.41],[378.16,180.41],[378.16,180.41],[378.17,180.4],[378.19,180.39],[378.19,180.4],[378.19,180.41],[378.19,180.41],[378.19,180.41],[378.19,180.41],[378.2,180.39],[378.2,180.39],[378.2,180.38],[378.2,180.38],[378.22,180.38],[378.22,180.38],[378.22,180.37],[378.23,180.38],[378.24,180.38],[378.24,180.37],[378.24,180.37],[378.25,180.38],[378.26,180.38],[378.27,180.37],[378.27,180.36],[378.36,180.36],[378.38,180.35],[378.38,180.35],[378.41,180.35],[378.49,180.32],[378.51,180.39],[378.54,180.47],[378.61,180.45],[378.64,180.58],[378.64,180.59],[378.63,180.62],[378.7,180.89],[378.61,180.92],[378.6,180.92],[378.56,180.95],[378.58,181.01],[378.52,181.03],[378.49,181.01],[378.48,180.95],[378.27,181.01],[378.18,180.72],[378.21,180.71],[378.26,180.7],[378.36,180.68],[378.34,180.6],[378.33,180.57],[378.29,180.46],[378.19,180.49]]]}},{"type":"Feature","id":"48036-94","properties":{"ridingCode":"48036","pollNumber":"94","pollType":"N","advancePollNumber":"614","sourceCode":"94-0","geometryPollNumbers":["94"],"code":"48036-94","resultPollNumbers":["94"],"resultStatus":"exact","result":{"electors":283,"voters":127,"totalVotes":126,"rejected":1,"turnout":44.87632508833922,"winnerId":"michael-cooper","winnerPartyId":"CPC","runnerUpId":"lucia-stachurski","runnerUpPartyId":"LIB","margin":50,"top":[{"id":"michael-cooper","name":"Michael Cooper","shortName":"Cooper","partyId":"CPC","votes":94,"share":74.60317460317461},{"id":"lucia-stachurski","name":"Lucia Stachurski","shortName":"Stachurski","partyId":"LIB","votes":31,"share":24.6031746031746},{"id":"dorothy-anderson","name":"Dorothy Anderson","shortName":"Anderson","partyId":"NDP","votes":1,"share":0.7936507936507936},{"id":"brigitte-cecelia","name":"Brigitte Cecelia","shortName":"Cecelia","partyId":"PPC","votes":0,"share":0}],"partyVotes":{"LIB":31,"CPC":94,"BQ":0,"NDP":1,"GRN":0,"PPC":0,"OTH":0}}},"geometry":{"type":"Polygon","coordinates":[[[378.01,180.54],[378.01,180.54],[378.02,180.54],[378.08,180.53],[378.09,180.54],[378.13,180.53],[378.14,180.52],[378.14,180.51],[378.15,180.51],[378.17,180.49],[378.19,180.49],[378.29,180.46],[378.33,180.57],[378.34,180.6],[378.36,180.68],[378.26,180.7],[378.21,180.71],[378.18,180.72],[378.14,180.74],[378.07,180.76],[378.07,180.74],[378.02,180.56],[378.01,180.54]]]}},{"type":"Feature","id":"48036-95","properties":{"ridingCode":"48036","pollNumber":"95","pollType":"N","advancePollNumber":"614","sourceCode":"95-0","geometryPollNumbers":["95"],"code":"48036-95","resultPollNumbers":["95"],"resultStatus":"exact","result":{"electors":273,"voters":80,"totalVotes":80,"rejected":0,"turnout":29.304029304029307,"winnerId":"michael-cooper","winnerPartyId":"CPC","runnerUpId":"lucia-stachurski","runnerUpPartyId":"LIB","margin":60,"top":[{"id":"michael-cooper","name":"Michael Cooper","shortName":"Cooper","partyId":"CPC","votes":62,"share":77.5},{"id":"lucia-stachurski","name":"Lucia Stachurski","shortName":"Stachurski","partyId":"LIB","votes":14,"share":17.5},{"id":"dorothy-anderson","name":"Dorothy Anderson","shortName":"Anderson","partyId":"NDP","votes":4,"share":5},{"id":"brigitte-cecelia","name":"Brigitte Cecelia","shortName":"Cecelia","partyId":"PPC","votes":0,"share":0}],"partyVotes":{"LIB":14,"CPC":62,"BQ":0,"NDP":4,"GRN":0,"PPC":0,"OTH":0}}},"geometry":{"type":"Polygon","coordinates":[[[378.12,180.45],[378.11,180.42],[378.11,180.41],[378.11,180.41],[378.11,180.4],[378.11,180.4],[378.13,180.41],[378.13,180.41],[378.14,180.4],[378.15,180.4],[378.16,180.4],[378.15,180.41],[378.14,180.42],[378.14,180.43],[378.15,180.43],[378.16,180.42],[378.16,180.43],[378.16,180.43],[378.16,180.44],[378.17,180.44],[378.17,180.46],[378.18,180.48],[378.19,180.49],[378.17,180.49],[378.15,180.51],[378.14,180.51],[378.12,180.45]]]}},{"type":"Feature","id":"48036-96","properties":{"ridingCode":"48036","pollNumber":"96","pollType":"N","advancePollNumber":"615","sourceCode":"96-0","geometryPollNumbers":["96"],"code":"48036-96","resultPollNumbers":["96"],"resultStatus":"exact","result":{"electors":468,"voters":240,"totalVotes":239,"rejected":1,"turnout":51.28205128205128,"winnerId":"michael-cooper","winnerPartyId":"CPC","runnerUpId":"lucia-stachurski","runnerUpPartyId":"LIB","margin":66.10878661087865,"top":[{"id":"michael-cooper","name":"Michael Cooper","shortName":"Cooper","partyId":"CPC","votes":191,"share":79.9163179916318},{"id":"lucia-stachurski","name":"Lucia Stachurski","shortName":"Stachurski","partyId":"LIB","votes":33,"share":13.807531380753138},{"id":"dorothy-anderson","name":"Dorothy Anderson","shortName":"Anderson","partyId":"NDP","votes":10,"share":4.184100418410042},{"id":"brigitte-cecelia","name":"Brigitte Cecelia","shortName":"Cecelia","partyId":"PPC","votes":3,"share":1.2552301255230125}],"partyVotes":{"LIB":33,"CPC":191,"BQ":0,"NDP":10,"GRN":0,"PPC":3,"OTH":2}}},"geometry":{"type":"Polygon","coordinates":[[[377.2,181.01],[376.99,180.28],[377.12,180.24],[377.14,180.24],[377.23,180.21],[377.24,180.22],[377.24,180.22],[377.25,180.22],[377.25,180.22],[377.26,180.23],[377.26,180.23],[377.26,180.24],[377.26,180.24],[377.26,180.24],[377.26,180.24],[377.26,180.24],[377.26,180.24],[377.26,180.25],[377.26,180.25],[377.26,180.25],[377.26,180.25],[377.26,180.25],[377.26,180.26],[377.26,180.26],[377.26,180.27],[377.27,180.27],[377.27,180.27],[377.27,180.27],[377.28,180.27],[377.27,180.27],[377.28,180.29],[377.27,180.3],[377.27,180.3],[377.27,180.3],[377.27,180.31],[377.27,180.31],[377.26,180.31],[377.27,180.31],[377.27,180.31],[377.27,180.31],[377.27,180.32],[377.27,180.32],[377.27,180.32],[377.27,180.32],[377.27,180.33],[377.27,180.33],[377.27,180.33],[377.27,180.33],[377.27,180.34],[377.28,180.33],[377.29,180.34],[377.29,180.34],[377.29,180.34],[377.29,180.35],[377.29,180.34],[377.29,180.35],[377.29,180.35],[377.29,180.36],[377.3,180.36],[377.3,180.36],[377.3,180.36],[377.3,180.37],[377.31,180.38],[377.31,180.39],[377.32,180.39],[377.33,180.41],[377.34,180.41],[377.34,180.41],[377.57,180.35],[377.62,180.52],[377.64,180.5],[377.67,180.47],[377.68,180.49],[377.77,180.82],[377.78,180.84],[377.77,180.86],[377.77,180.91],[377.77,180.93],[377.83,181.14],[377.1,181.35],[377.02,181.06],[377.2,181.01]]]}},{"type":"Feature","id":"48036-97","properties":{"ridingCode":"48036","pollNumber":"97","pollType":"N","advancePollNumber":"615","sourceCode":"97-0","geometryPollNumbers":["97"],"code":"48036-97","resultPollNumbers":["97"],"resultStatus":"exact","result":{"electors":472,"voters":225,"totalVotes":225,"rejected":0,"turnout":47.66949152542373,"winnerId":"michael-cooper","winnerPartyId":"CPC","runnerUpId":"lucia-stachurski","runnerUpPartyId":"LIB","margin":51.55555555555556,"top":[{"id":"michael-cooper","name":"Michael Cooper","shortName":"Cooper","partyId":"CPC","votes":167,"share":74.22222222222223},{"id":"lucia-stachurski","name":"Lucia Stachurski","shortName":"Stachurski","partyId":"LIB","votes":51,"share":22.666666666666664},{"id":"dorothy-anderson","name":"Dorothy Anderson","shortName":"Anderson","partyId":"NDP","votes":5,"share":2.2222222222222223},{"id":"brigitte-cecelia","name":"Brigitte Cecelia","shortName":"Cecelia","partyId":"PPC","votes":2,"share":0.8888888888888888}],"partyVotes":{"LIB":51,"CPC":167,"BQ":0,"NDP":5,"GRN":0,"PPC":2,"OTH":0}}},"geometry":{"type":"Polygon","coordinates":[[[376.29,180.01],[376.35,179.99],[376.36,179.99],[376.35,179.97],[376.4,179.98],[376.43,179.97],[376.57,179.93],[376.75,179.88],[376.75,179.88],[376.75,179.88],[376.75,179.87],[376.75,179.88],[376.76,179.87],[376.76,179.86],[376.76,179.86],[376.76,179.86],[376.75,179.86],[376.74,179.87],[376.74,179.86],[376.74,179.86],[376.73,179.85],[376.73,179.85],[376.72,179.83],[376.71,179.83],[376.71,179.82],[376.7,179.81],[376.7,179.79],[376.7,179.79],[376.7,179.78],[376.69,179.75],[376.69,179.74],[376.68,179.71],[376.68,179.71],[376.69,179.7],[376.7,179.7],[376.71,179.7],[376.71,179.7],[376.72,179.7],[376.72,179.7],[376.73,179.7],[376.73,179.7],[376.73,179.71],[376.75,179.7],[376.75,179.69],[376.79,179.7],[376.8,179.7],[376.82,179.7],[376.83,179.7],[376.85,179.69],[376.87,179.7],[376.9,179.71],[376.93,179.72],[376.96,179.73],[376.97,179.73],[376.99,179.73],[377.01,179.73],[377.02,179.73],[377.03,179.72],[377.05,179.71],[377.06,179.72],[377.07,179.71],[377.08,179.71],[377.1,179.7],[377.11,179.7],[377.14,179.7],[377.18,179.71],[377.21,179.71],[377.23,179.72],[377.25,179.73],[377.29,179.76],[377.3,179.77],[377.31,179.78],[377.33,179.79],[377.35,179.82],[377.37,179.83],[377.37,179.86],[377.37,179.86],[377.37,179.87],[377.34,179.88],[377.34,179.91],[377.33,179.93],[377.33,179.93],[377.32,179.94],[377.32,179.95],[377.32,179.96],[377.31,179.95],[377.29,179.96],[377.28,179.96],[377.27,179.96],[377.27,179.96],[377.26,179.96],[377.26,179.95],[377.24,179.94],[377.24,179.94],[377.22,179.95],[377.21,179.97],[377.19,179.98],[377.18,179.98],[377.18,179.99],[377.18,180.02],[377.19,180.03],[377.18,180.03],[377.18,180.03],[377.19,180.04],[377.18,180.04],[377.18,180.04],[377.18,180.04],[377.18,180.04],[377.18,180.05],[377.18,180.05],[377.17,180.05],[377.16,180.05],[377.16,180.06],[377.15,180.07],[377.16,180.07],[377.15,180.08],[377.15,180.08],[377.14,180.08],[377.14,180.09],[377.14,180.1],[377.14,180.1],[377.14,180.11],[377.14,180.11],[377.14,180.12],[377.14,180.12],[377.14,180.12],[377.14,180.12],[377.14,180.12],[377.15,180.13],[377.15,180.14],[377.15,180.14],[377.15,180.15],[377.16,180.15],[377.15,180.15],[377.16,180.16],[377.16,180.16],[377.16,180.16],[377.16,180.17],[377.16,180.17],[377.17,180.17],[377.17,180.17],[377.19,180.18],[377.19,180.19],[377.2,180.19],[377.22,180.2],[377.23,180.21],[377.23,180.21],[377.14,180.24],[377.12,180.24],[376.99,180.28],[376.91,180.3],[376.72,180.37],[376.56,180.41],[376.51,180.26],[376.37,180.3],[376.29,180.01]]]}},{"type":"Feature","id":"48036-98","properties":{"ridingCode":"48036","pollNumber":"98","pollType":"N","advancePollNumber":"616","sourceCode":"98-0","geometryPollNumbers":["98"],"code":"48036-98","resultPollNumbers":["98"],"resultStatus":"exact","result":{"electors":772,"voters":342,"totalVotes":341,"rejected":1,"turnout":44.30051813471503,"winnerId":"michael-cooper","winnerPartyId":"CPC","runnerUpId":"lucia-stachurski","runnerUpPartyId":"LIB","margin":36.36363636363637,"top":[{"id":"michael-cooper","name":"Michael Cooper","shortName":"Cooper","partyId":"CPC","votes":229,"share":67.15542521994135},{"id":"lucia-stachurski","name":"Lucia Stachurski","shortName":"Stachurski","partyId":"LIB","votes":105,"share":30.791788856304986},{"id":"dorothy-anderson","name":"Dorothy Anderson","shortName":"Anderson","partyId":"NDP","votes":7,"share":2.0527859237536656},{"id":"brigitte-cecelia","name":"Brigitte Cecelia","shortName":"Cecelia","partyId":"PPC","votes":0,"share":0}],"partyVotes":{"LIB":105,"CPC":229,"BQ":0,"NDP":7,"GRN":0,"PPC":0,"OTH":0}}},"geometry":{"type":"Polygon","coordinates":[[[377.67,180.47],[377.65,180.41],[377.69,180.4],[377.7,180.39],[377.71,180.37],[377.71,180.37],[377.73,180.37],[377.74,180.37],[377.75,180.38],[377.8,180.37],[377.82,180.45],[377.68,180.49],[377.67,180.47]]]}},{"type":"Feature","id":"48036-99","properties":{"ridingCode":"48036","pollNumber":"99","pollType":"N","advancePollNumber":"616","sourceCode":"99-0","geometryPollNumbers":["99"],"code":"48036-99","resultPollNumbers":["99"],"resultStatus":"exact","result":{"electors":465,"voters":150,"totalVotes":149,"rejected":1,"turnout":32.25806451612903,"winnerId":"michael-cooper","winnerPartyId":"CPC","runnerUpId":"lucia-stachurski","runnerUpPartyId":"LIB","margin":32.21476510067114,"top":[{"id":"michael-cooper","name":"Michael Cooper","shortName":"Cooper","partyId":"CPC","votes":93,"share":62.41610738255034},{"id":"lucia-stachurski","name":"Lucia Stachurski","shortName":"Stachurski","partyId":"LIB","votes":45,"share":30.201342281879196},{"id":"dorothy-anderson","name":"Dorothy Anderson","shortName":"Anderson","partyId":"NDP","votes":11,"share":7.38255033557047},{"id":"brigitte-cecelia","name":"Brigitte Cecelia","shortName":"Cecelia","partyId":"PPC","votes":0,"share":0}],"partyVotes":{"LIB":45,"CPC":93,"BQ":0,"NDP":11,"GRN":0,"PPC":0,"OTH":0}}},"geometry":{"type":"Polygon","coordinates":[[[377.71,180.37],[377.7,180.39],[377.69,180.4],[377.69,180.36],[377.69,180.35],[377.69,180.35],[377.7,180.36],[377.7,180.36],[377.71,180.37],[377.71,180.37]]]}},{"type":"Feature","id":"48036-100","properties":{"ridingCode":"48036","pollNumber":"100","pollType":"N","advancePollNumber":"616","sourceCode":"100-0","geometryPollNumbers":["100"],"code":"48036-100","resultPollNumbers":["100"],"resultStatus":"exact","result":{"electors":673,"voters":356,"totalVotes":356,"rejected":0,"turnout":52.897473997028236,"winnerId":"michael-cooper","winnerPartyId":"CPC","runnerUpId":"lucia-stachurski","runnerUpPartyId":"LIB","margin":28.370786516853936,"top":[{"id":"michael-cooper","name":"Michael Cooper","shortName":"Cooper","partyId":"CPC","votes":217,"share":60.95505617977528},{"id":"lucia-stachurski","name":"Lucia Stachurski","shortName":"Stachurski","partyId":"LIB","votes":116,"share":32.58426966292135},{"id":"dorothy-anderson","name":"Dorothy Anderson","shortName":"Anderson","partyId":"NDP","votes":13,"share":3.651685393258427},{"id":"brigitte-cecelia","name":"Brigitte Cecelia","shortName":"Cecelia","partyId":"PPC","votes":5,"share":1.4044943820224718}],"partyVotes":{"LIB":116,"CPC":217,"BQ":0,"NDP":13,"GRN":0,"PPC":5,"OTH":5}}},"geometry":{"type":"Polygon","coordinates":[[[377.29,180.35],[377.39,180.32],[377.47,180.3],[377.5,180.29],[377.54,180.28],[377.54,180.29],[377.55,180.3],[377.57,180.29],[377.58,180.29],[377.59,180.3],[377.61,180.32],[377.62,180.31],[377.62,180.3],[377.63,180.31],[377.63,180.29],[377.63,180.3],[377.67,180.29],[377.67,180.31],[377.65,180.37],[377.65,180.39],[377.65,180.41],[377.67,180.47],[377.64,180.5],[377.62,180.52],[377.57,180.35],[377.34,180.41],[377.34,180.41],[377.33,180.41],[377.32,180.39],[377.31,180.39],[377.31,180.38],[377.3,180.37],[377.3,180.36],[377.3,180.36],[377.3,180.36],[377.29,180.36],[377.29,180.35]]]}},{"type":"Feature","id":"48036-101","properties":{"ridingCode":"48036","pollNumber":"101","pollType":"N","advancePollNumber":"616","sourceCode":"101-0","geometryPollNumbers":["101"],"code":"48036-101","resultPollNumbers":["101"],"resultStatus":"exact","result":{"electors":349,"voters":141,"totalVotes":141,"rejected":0,"turnout":40.40114613180516,"winnerId":"michael-cooper","winnerPartyId":"CPC","runnerUpId":"lucia-stachurski","runnerUpPartyId":"LIB","margin":24.113475177304963,"top":[{"id":"michael-cooper","name":"Michael Cooper","shortName":"Cooper","partyId":"CPC","votes":83,"share":58.86524822695035},{"id":"lucia-stachurski","name":"Lucia Stachurski","shortName":"Stachurski","partyId":"LIB","votes":49,"share":34.751773049645394},{"id":"dorothy-anderson","name":"Dorothy Anderson","shortName":"Anderson","partyId":"NDP","votes":7,"share":4.964539007092199},{"id":"brigitte-cecelia","name":"Brigitte Cecelia","shortName":"Cecelia","partyId":"PPC","votes":2,"share":1.4184397163120568}],"partyVotes":{"LIB":49,"CPC":83,"BQ":0,"NDP":7,"GRN":0,"PPC":2,"OTH":0}}},"geometry":{"type":"Polygon","coordinates":[[[377.75,180.32],[377.75,180.34],[377.73,180.34],[377.7,180.31],[377.71,180.3],[377.73,180.31],[377.74,180.32],[377.75,180.32]]]}},{"type":"Feature","id":"48036-102","properties":{"ridingCode":"48036","pollNumber":"102","pollType":"N","advancePollNumber":"616","sourceCode":"102-0","geometryPollNumbers":["102"],"code":"48036-102","resultPollNumbers":["102"],"resultStatus":"exact","result":{"electors":349,"voters":153,"totalVotes":153,"rejected":0,"turnout":43.83954154727794,"winnerId":"michael-cooper","winnerPartyId":"CPC","runnerUpId":"lucia-stachurski","runnerUpPartyId":"LIB","margin":20.915032679738562,"top":[{"id":"michael-cooper","name":"Michael Cooper","shortName":"Cooper","partyId":"CPC","votes":87,"share":56.86274509803921},{"id":"lucia-stachurski","name":"Lucia Stachurski","shortName":"Stachurski","partyId":"LIB","votes":55,"share":35.947712418300654},{"id":"dorothy-anderson","name":"Dorothy Anderson","shortName":"Anderson","partyId":"NDP","votes":10,"share":6.535947712418301},{"id":"brigitte-cecelia","name":"Brigitte Cecelia","shortName":"Cecelia","partyId":"PPC","votes":1,"share":0.6535947712418301}],"partyVotes":{"LIB":55,"CPC":87,"BQ":0,"NDP":10,"GRN":0,"PPC":1,"OTH":0}}},"geometry":{"type":"Polygon","coordinates":[[[377.79,180.35],[377.79,180.35],[377.79,180.34],[377.77,180.34],[377.77,180.33],[377.76,180.32],[377.77,180.31],[377.77,180.3],[377.78,180.31],[377.81,180.32],[377.83,180.31],[377.82,180.3],[377.83,180.31],[377.81,180.32],[377.81,180.33],[377.81,180.35],[377.79,180.35]]]}},{"type":"Feature","id":"48036-103","properties":{"ridingCode":"48036","pollNumber":"103","pollType":"N","advancePollNumber":"616","sourceCode":"103-0","geometryPollNumbers":["103"],"code":"48036-103","resultPollNumbers":["103"],"resultStatus":"exact","result":{"electors":436,"voters":161,"totalVotes":161,"rejected":0,"turnout":36.92660550458716,"winnerId":"michael-cooper","winnerPartyId":"CPC","runnerUpId":"lucia-stachurski","runnerUpPartyId":"LIB","margin":9.937888198757763,"top":[{"id":"michael-cooper","name":"Michael Cooper","shortName":"Cooper","partyId":"CPC","votes":82,"share":50.931677018633536},{"id":"lucia-stachurski","name":"Lucia Stachurski","shortName":"Stachurski","partyId":"LIB","votes":66,"share":40.993788819875775},{"id":"dorothy-anderson","name":"Dorothy Anderson","shortName":"Anderson","partyId":"NDP","votes":12,"share":7.453416149068323},{"id":"brigitte-cecelia","name":"Brigitte Cecelia","shortName":"Cecelia","partyId":"PPC","votes":1,"share":0.6211180124223602}],"partyVotes":{"LIB":66,"CPC":82,"BQ":0,"NDP":12,"GRN":0,"PPC":1,"OTH":0}}},"geometry":{"type":"Polygon","coordinates":[[[377.75,180.26],[377.76,180.26],[377.75,180.28],[377.76,180.32],[377.77,180.33],[377.77,180.34],[377.79,180.34],[377.79,180.35],[377.75,180.34],[377.75,180.32],[377.75,180.31],[377.75,180.29],[377.74,180.28],[377.74,180.26],[377.75,180.26]]]}},{"type":"Feature","id":"48036-104","properties":{"ridingCode":"48036","pollNumber":"104","pollType":"N","advancePollNumber":"616","sourceCode":"104-0","geometryPollNumbers":["104"],"code":"48036-104","resultPollNumbers":["104"],"resultStatus":"exact","result":{"electors":589,"voters":323,"totalVotes":323,"rejected":0,"turnout":54.83870967741935,"winnerId":"michael-cooper","winnerPartyId":"CPC","runnerUpId":"lucia-stachurski","runnerUpPartyId":"LIB","margin":42.10526315789473,"top":[{"id":"michael-cooper","name":"Michael Cooper","shortName":"Cooper","partyId":"CPC","votes":226,"share":69.96904024767801},{"id":"lucia-stachurski","name":"Lucia Stachurski","shortName":"Stachurski","partyId":"LIB","votes":90,"share":27.86377708978328},{"id":"dorothy-anderson","name":"Dorothy Anderson","shortName":"Anderson","partyId":"NDP","votes":5,"share":1.5479876160990713},{"id":"brigitte-cecelia","name":"Brigitte Cecelia","shortName":"Cecelia","partyId":"PPC","votes":1,"share":0.30959752321981426}],"partyVotes":{"LIB":90,"CPC":226,"BQ":0,"NDP":5,"GRN":0,"PPC":1,"OTH":1}}},"geometry":{"type":"Polygon","coordinates":[[[377.57,180.29],[377.55,180.3],[377.54,180.29],[377.54,180.28],[377.55,180.28],[377.6,180.26],[377.62,180.26],[377.67,180.24],[377.67,180.27],[377.67,180.29],[377.63,180.3],[377.63,180.29],[377.63,180.31],[377.62,180.3],[377.62,180.31],[377.61,180.32],[377.59,180.3],[377.58,180.29],[377.57,180.29]]]}},{"type":"Feature","id":"48036-105","properties":{"ridingCode":"48036","pollNumber":"105","pollType":"N","advancePollNumber":"614","sourceCode":"105-0","geometryPollNumbers":["105"],"code":"48036-105","resultPollNumbers":["105"],"resultStatus":"exact","result":{"electors":738,"voters":263,"totalVotes":263,"rejected":0,"turnout":35.636856368563684,"winnerId":"michael-cooper","winnerPartyId":"CPC","runnerUpId":"lucia-stachurski","runnerUpPartyId":"LIB","margin":38.02281368821293,"top":[{"id":"michael-cooper","name":"Michael Cooper","shortName":"Cooper","partyId":"CPC","votes":176,"share":66.92015209125475},{"id":"lucia-stachurski","name":"Lucia Stachurski","shortName":"Stachurski","partyId":"LIB","votes":76,"share":28.89733840304182},{"id":"dorothy-anderson","name":"Dorothy Anderson","shortName":"Anderson","partyId":"NDP","votes":10,"share":3.802281368821293},{"id":"jeff-willerton","name":"Jeff Willerton","shortName":"Willerton","partyId":"OTH","votes":1,"share":0.38022813688212925}],"partyVotes":{"LIB":76,"CPC":176,"BQ":0,"NDP":10,"GRN":0,"PPC":0,"OTH":1}}},"geometry":{"type":"Polygon","coordinates":[[[377.68,180.49],[377.82,180.45],[377.8,180.37],[377.79,180.35],[377.81,180.35],[377.81,180.33],[377.81,180.32],[377.83,180.31],[377.84,180.32],[377.84,180.23],[377.84,180.2],[377.84,180.2],[377.84,180.2],[377.85,180.21],[377.88,180.18],[377.9,180.15],[377.97,180.08],[377.97,180.08],[378.03,180.06],[378.08,180.24],[378.03,180.3],[378.07,180.33],[378.08,180.33],[378.11,180.33],[378.11,180.36],[378.11,180.36],[378.1,180.37],[378.1,180.37],[378.1,180.37],[378.1,180.39],[378.1,180.39],[378.11,180.41],[378.11,180.41],[378.11,180.42],[378.12,180.45],[378.1,180.45],[378.07,180.44],[378.01,180.43],[378.01,180.54],[378.01,180.54],[378.02,180.56],[378.07,180.74],[378.07,180.76],[377.78,180.84],[377.77,180.82],[377.68,180.49]]]}},{"type":"Feature","id":"48036-106","properties":{"ridingCode":"48036","pollNumber":"106","pollType":"N","advancePollNumber":"614","sourceCode":"106-0","geometryPollNumbers":["106"],"code":"48036-106","resultPollNumbers":["106"],"resultStatus":"exact","result":{"electors":600,"voters":207,"totalVotes":207,"rejected":0,"turnout":34.5,"winnerId":"michael-cooper","winnerPartyId":"CPC","runnerUpId":"lucia-stachurski","runnerUpPartyId":"LIB","margin":47.82608695652174,"top":[{"id":"michael-cooper","name":"Michael Cooper","shortName":"Cooper","partyId":"CPC","votes":151,"share":72.94685990338165},{"id":"lucia-stachurski","name":"Lucia Stachurski","shortName":"Stachurski","partyId":"LIB","votes":52,"share":25.120772946859905},{"id":"dorothy-anderson","name":"Dorothy Anderson","shortName":"Anderson","partyId":"NDP","votes":3,"share":1.4492753623188406},{"id":"brigitte-cecelia","name":"Brigitte Cecelia","shortName":"Cecelia","partyId":"PPC","votes":1,"share":0.4830917874396135}],"partyVotes":{"LIB":52,"CPC":151,"BQ":0,"NDP":3,"GRN":0,"PPC":1,"OTH":0}}},"geometry":{"type":"Polygon","coordinates":[[[378.01,180.54],[378.01,180.43],[378.07,180.44],[378.1,180.45],[378.12,180.45],[378.14,180.51],[378.14,180.52],[378.13,180.53],[378.09,180.54],[378.08,180.53],[378.02,180.54],[378.01,180.54]]]}},{"type":"Feature","id":"48036-107","properties":{"ridingCode":"48036","pollNumber":"107","pollType":"N","advancePollNumber":"611","sourceCode":"107-0","geometryPollNumbers":["107"],"code":"48036-107","resultPollNumbers":["107"],"resultStatus":"exact","result":{"electors":614,"voters":286,"totalVotes":286,"rejected":0,"turnout":46.579804560260584,"winnerId":"michael-cooper","winnerPartyId":"CPC","runnerUpId":"lucia-stachurski","runnerUpPartyId":"LIB","margin":47.55244755244755,"top":[{"id":"michael-cooper","name":"Michael Cooper","shortName":"Cooper","partyId":"CPC","votes":204,"share":71.32867132867133},{"id":"lucia-stachurski","name":"Lucia Stachurski","shortName":"Stachurski","partyId":"LIB","votes":68,"share":23.776223776223777},{"id":"dorothy-anderson","name":"Dorothy Anderson","shortName":"Anderson","partyId":"NDP","votes":11,"share":3.8461538461538463},{"id":"brigitte-cecelia","name":"Brigitte Cecelia","shortName":"Cecelia","partyId":"PPC","votes":3,"share":1.048951048951049}],"partyVotes":{"LIB":68,"CPC":204,"BQ":0,"NDP":11,"GRN":0,"PPC":3,"OTH":0}}},"geometry":{"type":"Polygon","coordinates":[[[378.1,180.39],[378.1,180.39],[378.1,180.37],[378.1,180.37],[378.1,180.37],[378.11,180.36],[378.11,180.36],[378.11,180.33],[378.17,180.33],[378.18,180.33],[378.23,180.29],[378.24,180.28],[378.24,180.27],[378.24,180.25],[378.19,180.1],[378.41,180.03],[378.43,180.09],[378.49,180.32],[378.41,180.35],[378.38,180.35],[378.38,180.35],[378.36,180.36],[378.27,180.36],[378.27,180.37],[378.26,180.38],[378.25,180.38],[378.24,180.37],[378.24,180.37],[378.24,180.38],[378.23,180.38],[378.22,180.37],[378.22,180.38],[378.22,180.38],[378.2,180.38],[378.2,180.38],[378.2,180.39],[378.2,180.39],[378.19,180.41],[378.19,180.41],[378.19,180.41],[378.19,180.41],[378.19,180.4],[378.19,180.39],[378.17,180.4],[378.16,180.41],[378.16,180.41],[378.17,180.41],[378.18,180.41],[378.17,180.43],[378.17,180.44],[378.16,180.44],[378.16,180.43],[378.16,180.43],[378.16,180.42],[378.15,180.43],[378.14,180.43],[378.14,180.42],[378.15,180.41],[378.16,180.4],[378.15,180.4],[378.14,180.4],[378.13,180.41],[378.13,180.41],[378.11,180.4],[378.11,180.4],[378.11,180.41],[378.1,180.39]]]}},{"type":"Feature","id":"48036-108A+108B","properties":{"ridingCode":"48036","pollNumber":"108A+108B","pollType":"N","advancePollNumber":"614","sourceCode":"108-0","geometryPollNumbers":["108"],"code":"48036-108A+108B","resultPollNumbers":["108A","108B"],"resultStatus":"resolved-suffix","result":{"electors":700,"voters":291,"totalVotes":290,"rejected":1,"turnout":41.57142857142857,"winnerId":"michael-cooper","winnerPartyId":"CPC","runnerUpId":"lucia-stachurski","runnerUpPartyId":"LIB","margin":47.241379310344826,"top":[{"id":"michael-cooper","name":"Michael Cooper","shortName":"Cooper","partyId":"CPC","votes":205,"share":70.6896551724138},{"id":"lucia-stachurski","name":"Lucia Stachurski","shortName":"Stachurski","partyId":"LIB","votes":68,"share":23.448275862068964},{"id":"dorothy-anderson","name":"Dorothy Anderson","shortName":"Anderson","partyId":"NDP","votes":14,"share":4.827586206896552},{"id":"brigitte-cecelia","name":"Brigitte Cecelia","shortName":"Cecelia","partyId":"PPC","votes":3,"share":1.0344827586206897}],"partyVotes":{"LIB":68,"CPC":205,"BQ":0,"NDP":14,"GRN":0,"PPC":3,"OTH":0}}},"geometry":{"type":"Polygon","coordinates":[[[378.03,180.3],[378.08,180.24],[378.03,180.06],[378.17,180.02],[378.47,179.94],[378.47,179.96],[378.46,179.98],[378.46,180],[378.43,180.05],[378.43,180.07],[378.43,180.09],[378.41,180.03],[378.19,180.1],[378.24,180.25],[378.24,180.27],[378.24,180.28],[378.23,180.29],[378.18,180.33],[378.17,180.33],[378.11,180.33],[378.08,180.33],[378.07,180.33],[378.03,180.3]]]}},{"type":"Feature","id":"48036-109","properties":{"ridingCode":"48036","pollNumber":"109","pollType":"N","advancePollNumber":"611","sourceCode":"109-0","geometryPollNumbers":["109"],"code":"48036-109","resultPollNumbers":["109"],"resultStatus":"exact","result":{"electors":700,"voters":179,"totalVotes":176,"rejected":3,"turnout":25.571428571428573,"winnerId":"michael-cooper","winnerPartyId":"CPC","runnerUpId":"lucia-stachurski","runnerUpPartyId":"LIB","margin":47.72727272727273,"top":[{"id":"michael-cooper","name":"Michael Cooper","shortName":"Cooper","partyId":"CPC","votes":124,"share":70.45454545454545},{"id":"lucia-stachurski","name":"Lucia Stachurski","shortName":"Stachurski","partyId":"LIB","votes":40,"share":22.727272727272727},{"id":"dorothy-anderson","name":"Dorothy Anderson","shortName":"Anderson","partyId":"NDP","votes":7,"share":3.977272727272727},{"id":"brigitte-cecelia","name":"Brigitte Cecelia","shortName":"Cecelia","partyId":"PPC","votes":5,"share":2.840909090909091}],"partyVotes":{"LIB":40,"CPC":124,"BQ":0,"NDP":7,"GRN":0,"PPC":5,"OTH":0}}},"geometry":{"type":"Polygon","coordinates":[[[378.47,179.94],[378.75,179.86],[378.79,179.85],[378.83,179.89],[378.84,179.91],[378.91,180.17],[379.01,180.49],[379.21,180.43],[379.29,180.73],[379,180.81],[378.99,180.82],[378.86,180.86],[378.85,180.85],[378.84,180.86],[378.72,180.9],[378.7,180.89],[378.63,180.62],[378.64,180.59],[378.64,180.58],[378.61,180.45],[378.54,180.47],[378.51,180.39],[378.57,180.38],[378.58,180.38],[378.59,180.38],[378.48,180.01],[378.48,180.01],[378.46,179.98],[378.47,179.96],[378.47,179.94]]]}},{"type":"Feature","id":"48036-110","properties":{"ridingCode":"48036","pollNumber":"110","pollType":"N","advancePollNumber":"611","sourceCode":"110-0","geometryPollNumbers":["110"],"code":"48036-110","resultPollNumbers":["110"],"resultStatus":"exact","result":{"electors":612,"voters":202,"totalVotes":200,"rejected":2,"turnout":33.006535947712415,"winnerId":"michael-cooper","winnerPartyId":"CPC","runnerUpId":"lucia-stachurski","runnerUpPartyId":"LIB","margin":42.5,"top":[{"id":"michael-cooper","name":"Michael Cooper","shortName":"Cooper","partyId":"CPC","votes":132,"share":66},{"id":"lucia-stachurski","name":"Lucia Stachurski","shortName":"Stachurski","partyId":"LIB","votes":47,"share":23.5},{"id":"dorothy-anderson","name":"Dorothy Anderson","shortName":"Anderson","partyId":"NDP","votes":17,"share":8.5},{"id":"brigitte-cecelia","name":"Brigitte Cecelia","shortName":"Cecelia","partyId":"PPC","votes":2,"share":1}],"partyVotes":{"LIB":47,"CPC":132,"BQ":0,"NDP":17,"GRN":0,"PPC":2,"OTH":2}}},"geometry":{"type":"Polygon","coordinates":[[[378.49,180.32],[378.43,180.09],[378.43,180.07],[378.43,180.05],[378.46,180],[378.46,179.98],[378.48,180.01],[378.48,180.01],[378.59,180.38],[378.58,180.38],[378.57,180.38],[378.51,180.39],[378.49,180.32]]]}},{"type":"Feature","id":"48036-111","properties":{"ridingCode":"48036","pollNumber":"111","pollType":"N","advancePollNumber":"616","sourceCode":"111-0","geometryPollNumbers":["111"],"code":"48036-111","resultPollNumbers":["111"],"resultStatus":"exact","result":{"electors":366,"voters":166,"totalVotes":165,"rejected":1,"turnout":45.3551912568306,"winnerId":"michael-cooper","winnerPartyId":"CPC","runnerUpId":"lucia-stachurski","runnerUpPartyId":"LIB","margin":33.939393939393945,"top":[{"id":"michael-cooper","name":"Michael Cooper","shortName":"Cooper","partyId":"CPC","votes":108,"share":65.45454545454545},{"id":"lucia-stachurski","name":"Lucia Stachurski","shortName":"Stachurski","partyId":"LIB","votes":52,"share":31.515151515151512},{"id":"dorothy-anderson","name":"Dorothy Anderson","shortName":"Anderson","partyId":"NDP","votes":5,"share":3.0303030303030303},{"id":"brigitte-cecelia","name":"Brigitte Cecelia","shortName":"Cecelia","partyId":"PPC","votes":0,"share":0}],"partyVotes":{"LIB":52,"CPC":108,"BQ":0,"NDP":5,"GRN":0,"PPC":0,"OTH":0}}},"geometry":{"type":"Polygon","coordinates":[[[377.74,180.37],[377.75,180.36],[377.75,180.34],[377.79,180.35],[377.79,180.35],[377.8,180.37],[377.75,180.38],[377.74,180.37]]]}},{"type":"Feature","id":"48036-112","properties":{"ridingCode":"48036","pollNumber":"112","pollType":"N","advancePollNumber":"616","sourceCode":"112-0","geometryPollNumbers":["112"],"code":"48036-112","resultPollNumbers":["112"],"resultStatus":"exact","result":{"electors":483,"voters":214,"totalVotes":214,"rejected":0,"turnout":44.3064182194617,"winnerId":"michael-cooper","winnerPartyId":"CPC","runnerUpId":"lucia-stachurski","runnerUpPartyId":"LIB","margin":27.102803738317753,"top":[{"id":"michael-cooper","name":"Michael Cooper","shortName":"Cooper","partyId":"CPC","votes":132,"share":61.6822429906542},{"id":"lucia-stachurski","name":"Lucia Stachurski","shortName":"Stachurski","partyId":"LIB","votes":74,"share":34.57943925233645},{"id":"dorothy-anderson","name":"Dorothy Anderson","shortName":"Anderson","partyId":"NDP","votes":6,"share":2.803738317757009},{"id":"brigitte-cecelia","name":"Brigitte Cecelia","shortName":"Cecelia","partyId":"PPC","votes":2,"share":0.9345794392523363}],"partyVotes":{"LIB":74,"CPC":132,"BQ":0,"NDP":6,"GRN":0,"PPC":2,"OTH":0}}},"geometry":{"type":"Polygon","coordinates":[[[377.65,180.37],[377.67,180.31],[377.67,180.29],[377.68,180.29],[377.7,180.31],[377.73,180.34],[377.75,180.34],[377.75,180.36],[377.74,180.37],[377.73,180.37],[377.71,180.37],[377.7,180.36],[377.69,180.35],[377.69,180.35],[377.69,180.36],[377.69,180.4],[377.65,180.41],[377.65,180.39],[377.65,180.37]]]}},{"type":"Feature","id":"48036-113","properties":{"ridingCode":"48036","pollNumber":"113","pollType":"N","advancePollNumber":"619","sourceCode":"113-0","geometryPollNumbers":["113"],"code":"48036-113","resultPollNumbers":["113"],"resultStatus":"exact","result":{"electors":345,"voters":163,"totalVotes":162,"rejected":1,"turnout":47.2463768115942,"winnerId":"michael-cooper","winnerPartyId":"CPC","runnerUpId":"lucia-stachurski","runnerUpPartyId":"LIB","margin":16.049382716049383,"top":[{"id":"michael-cooper","name":"Michael Cooper","shortName":"Cooper","partyId":"CPC","votes":89,"share":54.93827160493827},{"id":"lucia-stachurski","name":"Lucia Stachurski","shortName":"Stachurski","partyId":"LIB","votes":63,"share":38.88888888888889},{"id":"dorothy-anderson","name":"Dorothy Anderson","shortName":"Anderson","partyId":"NDP","votes":9,"share":5.555555555555555},{"id":"brigitte-cecelia","name":"Brigitte Cecelia","shortName":"Cecelia","partyId":"PPC","votes":1,"share":0.6172839506172839}],"partyVotes":{"LIB":63,"CPC":89,"BQ":0,"NDP":9,"GRN":0,"PPC":1,"OTH":0}}},"geometry":{"type":"Polygon","coordinates":[[[377.47,180.3],[377.39,180.32],[377.39,180.31],[377.41,180.3],[377.41,180.29],[377.41,180.29],[377.42,180.31],[377.44,180.3],[377.44,180.29],[377.46,180.28],[377.47,180.3]]]}},{"type":"Feature","id":"48036-114","properties":{"ridingCode":"48036","pollNumber":"114","pollType":"N","advancePollNumber":"619","sourceCode":"114-0","geometryPollNumbers":["114"],"code":"48036-114","resultPollNumbers":["114"],"resultStatus":"exact","result":{"electors":396,"voters":183,"totalVotes":182,"rejected":1,"turnout":46.21212121212121,"winnerId":"michael-cooper","winnerPartyId":"CPC","runnerUpId":"lucia-stachurski","runnerUpPartyId":"LIB","margin":28.57142857142857,"top":[{"id":"michael-cooper","name":"Michael Cooper","shortName":"Cooper","partyId":"CPC","votes":113,"share":62.08791208791209},{"id":"lucia-stachurski","name":"Lucia Stachurski","shortName":"Stachurski","partyId":"LIB","votes":61,"share":33.51648351648351},{"id":"dorothy-anderson","name":"Dorothy Anderson","shortName":"Anderson","partyId":"NDP","votes":6,"share":3.296703296703297},{"id":"brigitte-cecelia","name":"Brigitte Cecelia","shortName":"Cecelia","partyId":"PPC","votes":2,"share":1.098901098901099}],"partyVotes":{"LIB":61,"CPC":113,"BQ":0,"NDP":6,"GRN":0,"PPC":2,"OTH":0}}},"geometry":{"type":"Polygon","coordinates":[[[377.39,180.28],[377.41,180.27],[377.41,180.28],[377.42,180.29],[377.43,180.29],[377.44,180.29],[377.44,180.3],[377.42,180.31],[377.41,180.29],[377.41,180.29],[377.41,180.3],[377.39,180.31],[377.38,180.27],[377.38,180.27],[377.39,180.28]]]}},{"type":"Feature","id":"48036-115","properties":{"ridingCode":"48036","pollNumber":"115","pollType":"N","advancePollNumber":"619","sourceCode":"115-0","geometryPollNumbers":["115"],"code":"48036-115","resultPollNumbers":["115"],"resultStatus":"exact","result":{"electors":480,"voters":243,"totalVotes":243,"rejected":0,"turnout":50.625,"winnerId":"michael-cooper","winnerPartyId":"CPC","runnerUpId":"lucia-stachurski","runnerUpPartyId":"LIB","margin":34.97942386831276,"top":[{"id":"michael-cooper","name":"Michael Cooper","shortName":"Cooper","partyId":"CPC","votes":157,"share":64.60905349794238},{"id":"lucia-stachurski","name":"Lucia Stachurski","shortName":"Stachurski","partyId":"LIB","votes":72,"share":29.629629629629626},{"id":"dorothy-anderson","name":"Dorothy Anderson","shortName":"Anderson","partyId":"NDP","votes":10,"share":4.11522633744856},{"id":"brigitte-cecelia","name":"Brigitte Cecelia","shortName":"Cecelia","partyId":"PPC","votes":4,"share":1.646090534979424}],"partyVotes":{"LIB":72,"CPC":157,"BQ":0,"NDP":10,"GRN":0,"PPC":4,"OTH":0}}},"geometry":{"type":"Polygon","coordinates":[[[377.46,180.28],[377.46,180.25],[377.48,180.25],[377.48,180.26],[377.49,180.27],[377.5,180.27],[377.49,180.28],[377.5,180.29],[377.5,180.29],[377.47,180.3],[377.46,180.28]]]}},{"type":"Feature","id":"48036-116","properties":{"ridingCode":"48036","pollNumber":"116","pollType":"N","advancePollNumber":"619","sourceCode":"116-0","geometryPollNumbers":["116"],"code":"48036-116","resultPollNumbers":["116"],"resultStatus":"exact","result":{"electors":435,"voters":196,"totalVotes":196,"rejected":0,"turnout":45.05747126436781,"winnerId":"michael-cooper","winnerPartyId":"CPC","runnerUpId":"lucia-stachurski","runnerUpPartyId":"LIB","margin":6.63265306122449,"top":[{"id":"michael-cooper","name":"Michael Cooper","shortName":"Cooper","partyId":"CPC","votes":98,"share":50},{"id":"lucia-stachurski","name":"Lucia Stachurski","shortName":"Stachurski","partyId":"LIB","votes":85,"share":43.36734693877551},{"id":"dorothy-anderson","name":"Dorothy Anderson","shortName":"Anderson","partyId":"NDP","votes":12,"share":6.122448979591836},{"id":"brigitte-cecelia","name":"Brigitte Cecelia","shortName":"Cecelia","partyId":"PPC","votes":1,"share":0.5102040816326531}],"partyVotes":{"LIB":85,"CPC":98,"BQ":0,"NDP":12,"GRN":0,"PPC":1,"OTH":0}}},"geometry":{"type":"Polygon","coordinates":[[[377.46,180.25],[377.46,180.25],[377.49,180.24],[377.49,180.23],[377.49,180.23],[377.5,180.24],[377.51,180.23],[377.52,180.24],[377.52,180.27],[377.5,180.26],[377.5,180.27],[377.49,180.27],[377.48,180.26],[377.48,180.25],[377.46,180.25]]]}},{"type":"Feature","id":"48036-117","properties":{"ridingCode":"48036","pollNumber":"117","pollType":"N","advancePollNumber":"619","sourceCode":"117-0","geometryPollNumbers":["117"],"code":"48036-117","resultPollNumbers":["117"],"resultStatus":"exact","result":{"electors":424,"voters":201,"totalVotes":200,"rejected":1,"turnout":47.40566037735849,"winnerId":"michael-cooper","winnerPartyId":"CPC","runnerUpId":"lucia-stachurski","runnerUpPartyId":"LIB","margin":22.5,"top":[{"id":"michael-cooper","name":"Michael Cooper","shortName":"Cooper","partyId":"CPC","votes":117,"share":58.5},{"id":"lucia-stachurski","name":"Lucia Stachurski","shortName":"Stachurski","partyId":"LIB","votes":72,"share":36},{"id":"dorothy-anderson","name":"Dorothy Anderson","shortName":"Anderson","partyId":"NDP","votes":10,"share":5},{"id":"brigitte-cecelia","name":"Brigitte Cecelia","shortName":"Cecelia","partyId":"PPC","votes":1,"share":0.5}],"partyVotes":{"LIB":72,"CPC":117,"BQ":0,"NDP":10,"GRN":0,"PPC":1,"OTH":0}}},"geometry":{"type":"Polygon","coordinates":[[[377.42,180.21],[377.43,180.2],[377.43,180.19],[377.43,180.18],[377.45,180.18],[377.45,180.19],[377.46,180.19],[377.46,180.21],[377.44,180.22],[377.45,180.24],[377.45,180.24],[377.45,180.25],[377.43,180.25],[377.43,180.24],[377.44,180.23],[377.44,180.22],[377.43,180.22],[377.42,180.21]]]}},{"type":"Feature","id":"48036-118","properties":{"ridingCode":"48036","pollNumber":"118","pollType":"N","advancePollNumber":"619","sourceCode":"118-0","geometryPollNumbers":["118"],"code":"48036-118","resultPollNumbers":["118"],"resultStatus":"exact","result":{"electors":486,"voters":230,"totalVotes":228,"rejected":2,"turnout":47.325102880658434,"winnerId":"michael-cooper","winnerPartyId":"CPC","runnerUpId":"lucia-stachurski","runnerUpPartyId":"LIB","margin":23.684210526315788,"top":[{"id":"michael-cooper","name":"Michael Cooper","shortName":"Cooper","partyId":"CPC","votes":134,"share":58.77192982456141},{"id":"lucia-stachurski","name":"Lucia Stachurski","shortName":"Stachurski","partyId":"LIB","votes":80,"share":35.08771929824561},{"id":"dorothy-anderson","name":"Dorothy Anderson","shortName":"Anderson","partyId":"NDP","votes":13,"share":5.701754385964912},{"id":"jeff-willerton","name":"Jeff Willerton","shortName":"Willerton","partyId":"OTH","votes":1,"share":0.43859649122807015}],"partyVotes":{"LIB":80,"CPC":134,"BQ":0,"NDP":13,"GRN":0,"PPC":0,"OTH":1}}},"geometry":{"type":"Polygon","coordinates":[[[377.46,180.25],[377.45,180.24],[377.44,180.22],[377.46,180.21],[377.46,180.19],[377.45,180.19],[377.45,180.18],[377.51,180.19],[377.51,180.19],[377.49,180.19],[377.49,180.19],[377.48,180.2],[377.48,180.21],[377.5,180.21],[377.51,180.22],[377.5,180.22],[377.5,180.22],[377.51,180.23],[377.5,180.24],[377.49,180.23],[377.49,180.23],[377.49,180.24],[377.46,180.25]]]}},{"type":"Feature","id":"48036-119","properties":{"ridingCode":"48036","pollNumber":"119","pollType":"N","advancePollNumber":"619","sourceCode":"119-0","geometryPollNumbers":["119"],"code":"48036-119","resultPollNumbers":["119"],"resultStatus":"exact","result":{"electors":543,"voters":254,"totalVotes":254,"rejected":0,"turnout":46.77716390423573,"winnerId":"michael-cooper","winnerPartyId":"CPC","runnerUpId":"lucia-stachurski","runnerUpPartyId":"LIB","margin":38.976377952755904,"top":[{"id":"michael-cooper","name":"Michael Cooper","shortName":"Cooper","partyId":"CPC","votes":170,"share":66.92913385826772},{"id":"lucia-stachurski","name":"Lucia Stachurski","shortName":"Stachurski","partyId":"LIB","votes":71,"share":27.95275590551181},{"id":"dorothy-anderson","name":"Dorothy Anderson","shortName":"Anderson","partyId":"NDP","votes":10,"share":3.937007874015748},{"id":"brigitte-cecelia","name":"Brigitte Cecelia","shortName":"Cecelia","partyId":"PPC","votes":3,"share":1.1811023622047243}],"partyVotes":{"LIB":71,"CPC":170,"BQ":0,"NDP":10,"GRN":0,"PPC":3,"OTH":0}}},"geometry":{"type":"Polygon","coordinates":[[[377.39,180.19],[377.39,180.18],[377.4,180.17],[377.41,180.18],[377.43,180.18],[377.43,180.19],[377.43,180.2],[377.42,180.21],[377.43,180.22],[377.44,180.22],[377.44,180.23],[377.4,180.24],[377.39,180.2],[377.39,180.19]]]}},{"type":"Feature","id":"48036-120","properties":{"ridingCode":"48036","pollNumber":"120","pollType":"N","advancePollNumber":"620","sourceCode":"120-0","geometryPollNumbers":["120"],"code":"48036-120","resultPollNumbers":["120"],"resultStatus":"exact","result":{"electors":394,"voters":143,"totalVotes":143,"rejected":0,"turnout":36.29441624365482,"winnerId":"michael-cooper","winnerPartyId":"CPC","runnerUpId":"lucia-stachurski","runnerUpPartyId":"LIB","margin":34.26573426573427,"top":[{"id":"michael-cooper","name":"Michael Cooper","shortName":"Cooper","partyId":"CPC","votes":94,"share":65.73426573426573},{"id":"lucia-stachurski","name":"Lucia Stachurski","shortName":"Stachurski","partyId":"LIB","votes":45,"share":31.46853146853147},{"id":"dorothy-anderson","name":"Dorothy Anderson","shortName":"Anderson","partyId":"NDP","votes":3,"share":2.097902097902098},{"id":"brigitte-cecelia","name":"Brigitte Cecelia","shortName":"Cecelia","partyId":"PPC","votes":1,"share":0.6993006993006993}],"partyVotes":{"LIB":45,"CPC":94,"BQ":0,"NDP":3,"GRN":0,"PPC":1,"OTH":0}}},"geometry":{"type":"Polygon","coordinates":[[[377.42,180.13],[377.42,180.13],[377.43,180.13],[377.43,180.15],[377.44,180.16],[377.45,180.15],[377.46,180.15],[377.47,180.16],[377.47,180.17],[377.46,180.17],[377.45,180.17],[377.45,180.18],[377.43,180.18],[377.43,180.17],[377.42,180.17],[377.41,180.17],[377.43,180.15],[377.42,180.14],[377.4,180.15],[377.4,180.13],[377.42,180.13]]]}},{"type":"Feature","id":"48036-121","properties":{"ridingCode":"48036","pollNumber":"121","pollType":"N","advancePollNumber":"618","sourceCode":"121-0","geometryPollNumbers":["121"],"code":"48036-121","resultPollNumbers":["121"],"resultStatus":"exact","result":{"electors":383,"voters":162,"totalVotes":161,"rejected":1,"turnout":42.297650130548305,"winnerId":"michael-cooper","winnerPartyId":"CPC","runnerUpId":"lucia-stachurski","runnerUpPartyId":"LIB","margin":30.434782608695656,"top":[{"id":"michael-cooper","name":"Michael Cooper","shortName":"Cooper","partyId":"CPC","votes":99,"share":61.49068322981367},{"id":"lucia-stachurski","name":"Lucia Stachurski","shortName":"Stachurski","partyId":"LIB","votes":50,"share":31.05590062111801},{"id":"dorothy-anderson","name":"Dorothy Anderson","shortName":"Anderson","partyId":"NDP","votes":10,"share":6.211180124223603},{"id":"brigitte-cecelia","name":"Brigitte Cecelia","shortName":"Cecelia","partyId":"PPC","votes":2,"share":1.2422360248447204}],"partyVotes":{"LIB":50,"CPC":99,"BQ":0,"NDP":10,"GRN":0,"PPC":2,"OTH":0}}},"geometry":{"type":"Polygon","coordinates":[[[377.5,180.27],[377.5,180.26],[377.52,180.27],[377.53,180.27],[377.55,180.26],[377.55,180.28],[377.54,180.28],[377.5,180.29],[377.5,180.29],[377.49,180.28],[377.5,180.27]]]}},{"type":"Feature","id":"48036-122","properties":{"ridingCode":"48036","pollNumber":"122","pollType":"N","advancePollNumber":"619","sourceCode":"122-0","geometryPollNumbers":["122"],"code":"48036-122","resultPollNumbers":["122"],"resultStatus":"exact","result":{"electors":608,"voters":348,"totalVotes":348,"rejected":0,"turnout":57.23684210526315,"winnerId":"michael-cooper","winnerPartyId":"CPC","runnerUpId":"lucia-stachurski","runnerUpPartyId":"LIB","margin":32.4712643678161,"top":[{"id":"michael-cooper","name":"Michael Cooper","shortName":"Cooper","partyId":"CPC","votes":219,"share":62.93103448275862},{"id":"lucia-stachurski","name":"Lucia Stachurski","shortName":"Stachurski","partyId":"LIB","votes":106,"share":30.45977011494253},{"id":"dorothy-anderson","name":"Dorothy Anderson","shortName":"Anderson","partyId":"NDP","votes":19,"share":5.459770114942529},{"id":"brigitte-cecelia","name":"Brigitte Cecelia","shortName":"Cecelia","partyId":"PPC","votes":4,"share":1.1494252873563218}],"partyVotes":{"LIB":106,"CPC":219,"BQ":0,"NDP":19,"GRN":0,"PPC":4,"OTH":0}}},"geometry":{"type":"Polygon","coordinates":[[[377.4,180.25],[377.4,180.24],[377.44,180.23],[377.43,180.24],[377.43,180.25],[377.45,180.25],[377.45,180.24],[377.45,180.24],[377.46,180.25],[377.46,180.25],[377.46,180.28],[377.44,180.29],[377.43,180.29],[377.42,180.29],[377.41,180.28],[377.41,180.27],[377.4,180.25]]]}},{"type":"Feature","id":"48036-123","properties":{"ridingCode":"48036","pollNumber":"123","pollType":"N","advancePollNumber":"619","sourceCode":"123-0","geometryPollNumbers":["123"],"code":"48036-123","resultPollNumbers":["123"],"resultStatus":"exact","result":{"electors":633,"voters":298,"totalVotes":298,"rejected":0,"turnout":47.077409162717224,"winnerId":"michael-cooper","winnerPartyId":"CPC","runnerUpId":"lucia-stachurski","runnerUpPartyId":"LIB","margin":25.16778523489933,"top":[{"id":"michael-cooper","name":"Michael Cooper","shortName":"Cooper","partyId":"CPC","votes":175,"share":58.7248322147651},{"id":"lucia-stachurski","name":"Lucia Stachurski","shortName":"Stachurski","partyId":"LIB","votes":100,"share":33.557046979865774},{"id":"dorothy-anderson","name":"Dorothy Anderson","shortName":"Anderson","partyId":"NDP","votes":21,"share":7.046979865771812},{"id":"brigitte-cecelia","name":"Brigitte Cecelia","shortName":"Cecelia","partyId":"PPC","votes":1,"share":0.33557046979865773}],"partyVotes":{"LIB":100,"CPC":175,"BQ":0,"NDP":21,"GRN":0,"PPC":1,"OTH":1}}},"geometry":{"type":"Polygon","coordinates":[[[377.23,180.21],[377.23,180.21],[377.22,180.2],[377.2,180.19],[377.19,180.19],[377.19,180.18],[377.17,180.17],[377.17,180.17],[377.16,180.17],[377.16,180.17],[377.16,180.16],[377.23,180.17],[377.32,180.15],[377.34,180.14],[377.35,180.16],[377.36,180.2],[377.38,180.2],[377.38,180.2],[377.37,180.21],[377.37,180.22],[377.39,180.22],[377.39,180.23],[377.39,180.24],[377.38,180.24],[377.38,180.26],[377.4,180.25],[377.41,180.27],[377.39,180.28],[377.38,180.27],[377.38,180.27],[377.39,180.31],[377.39,180.32],[377.29,180.35],[377.29,180.35],[377.29,180.34],[377.29,180.35],[377.29,180.34],[377.29,180.34],[377.29,180.34],[377.28,180.33],[377.27,180.34],[377.27,180.33],[377.27,180.33],[377.27,180.33],[377.27,180.33],[377.27,180.32],[377.27,180.32],[377.27,180.32],[377.27,180.32],[377.27,180.31],[377.27,180.31],[377.27,180.31],[377.26,180.31],[377.27,180.31],[377.27,180.31],[377.27,180.3],[377.27,180.3],[377.27,180.3],[377.28,180.29],[377.27,180.27],[377.28,180.27],[377.27,180.27],[377.27,180.27],[377.27,180.27],[377.26,180.27],[377.26,180.26],[377.26,180.26],[377.26,180.25],[377.26,180.25],[377.26,180.25],[377.26,180.25],[377.26,180.25],[377.26,180.24],[377.26,180.24],[377.26,180.24],[377.26,180.24],[377.26,180.24],[377.26,180.24],[377.26,180.23],[377.26,180.23],[377.25,180.22],[377.25,180.22],[377.24,180.22],[377.24,180.22],[377.23,180.21]]]}},{"type":"Feature","id":"48036-124","properties":{"ridingCode":"48036","pollNumber":"124","pollType":"N","advancePollNumber":"619","sourceCode":"124-0","geometryPollNumbers":["124"],"code":"48036-124","resultPollNumbers":["124"],"resultStatus":"exact","result":{"electors":410,"voters":170,"totalVotes":169,"rejected":1,"turnout":41.46341463414634,"winnerId":"michael-cooper","winnerPartyId":"CPC","runnerUpId":"lucia-stachurski","runnerUpPartyId":"LIB","margin":17.75147928994083,"top":[{"id":"michael-cooper","name":"Michael Cooper","shortName":"Cooper","partyId":"CPC","votes":97,"share":57.396449704142015},{"id":"lucia-stachurski","name":"Lucia Stachurski","shortName":"Stachurski","partyId":"LIB","votes":67,"share":39.64497041420118},{"id":"dorothy-anderson","name":"Dorothy Anderson","shortName":"Anderson","partyId":"NDP","votes":5,"share":2.9585798816568047},{"id":"brigitte-cecelia","name":"Brigitte Cecelia","shortName":"Cecelia","partyId":"PPC","votes":0,"share":0}],"partyVotes":{"LIB":67,"CPC":97,"BQ":0,"NDP":5,"GRN":0,"PPC":0,"OTH":0}}},"geometry":{"type":"Polygon","coordinates":[[[377.38,180.24],[377.39,180.24],[377.39,180.23],[377.39,180.22],[377.37,180.22],[377.37,180.21],[377.38,180.2],[377.38,180.2],[377.38,180.19],[377.39,180.19],[377.39,180.2],[377.4,180.24],[377.4,180.25],[377.38,180.26],[377.38,180.24]]]}},{"type":"Feature","id":"48036-125","properties":{"ridingCode":"48036","pollNumber":"125","pollType":"N","advancePollNumber":"619","sourceCode":"125-0","geometryPollNumbers":["125"],"code":"48036-125","resultPollNumbers":["125"],"resultStatus":"exact","result":{"electors":459,"voters":223,"totalVotes":223,"rejected":0,"turnout":48.5838779956427,"winnerId":"michael-cooper","winnerPartyId":"CPC","runnerUpId":"lucia-stachurski","runnerUpPartyId":"LIB","margin":33.6322869955157,"top":[{"id":"michael-cooper","name":"Michael Cooper","shortName":"Cooper","partyId":"CPC","votes":140,"share":62.78026905829597},{"id":"lucia-stachurski","name":"Lucia Stachurski","shortName":"Stachurski","partyId":"LIB","votes":65,"share":29.14798206278027},{"id":"dorothy-anderson","name":"Dorothy Anderson","shortName":"Anderson","partyId":"NDP","votes":11,"share":4.932735426008969},{"id":"brigitte-cecelia","name":"Brigitte Cecelia","shortName":"Cecelia","partyId":"PPC","votes":5,"share":2.242152466367713}],"partyVotes":{"LIB":65,"CPC":140,"BQ":0,"NDP":11,"GRN":0,"PPC":5,"OTH":2}}},"geometry":{"type":"Polygon","coordinates":[[[377.38,180.19],[377.38,180.2],[377.36,180.2],[377.35,180.16],[377.37,180.16],[377.38,180.15],[377.38,180.15],[377.4,180.17],[377.39,180.18],[377.39,180.19],[377.38,180.19]]]}},{"type":"Feature","id":"48036-126","properties":{"ridingCode":"48036","pollNumber":"126","pollType":"N","advancePollNumber":"617","sourceCode":"126-0","geometryPollNumbers":["126"],"code":"48036-126","resultPollNumbers":["126"],"resultStatus":"exact","result":{"electors":296,"voters":117,"totalVotes":117,"rejected":0,"turnout":39.52702702702703,"winnerId":"michael-cooper","winnerPartyId":"CPC","runnerUpId":"lucia-stachurski","runnerUpPartyId":"LIB","margin":36.75213675213676,"top":[{"id":"michael-cooper","name":"Michael Cooper","shortName":"Cooper","partyId":"CPC","votes":78,"share":66.66666666666666},{"id":"lucia-stachurski","name":"Lucia Stachurski","shortName":"Stachurski","partyId":"LIB","votes":35,"share":29.914529914529915},{"id":"dorothy-anderson","name":"Dorothy Anderson","shortName":"Anderson","partyId":"NDP","votes":2,"share":1.7094017094017095},{"id":"brigitte-cecelia","name":"Brigitte Cecelia","shortName":"Cecelia","partyId":"PPC","votes":2,"share":1.7094017094017095}],"partyVotes":{"LIB":35,"CPC":78,"BQ":0,"NDP":2,"GRN":0,"PPC":2,"OTH":0}}},"geometry":{"type":"Polygon","coordinates":[[[377.77,180.29],[377.78,180.29],[377.79,180.29],[377.8,180.29],[377.81,180.28],[377.82,180.3],[377.83,180.31],[377.81,180.32],[377.78,180.31],[377.77,180.3],[377.77,180.29]]]}},{"type":"Feature","id":"48036-127","properties":{"ridingCode":"48036","pollNumber":"127","pollType":"N","advancePollNumber":"616","sourceCode":"127-0","geometryPollNumbers":["127"],"code":"48036-127","resultPollNumbers":["127"],"resultStatus":"exact","result":{"electors":426,"voters":168,"totalVotes":167,"rejected":1,"turnout":39.436619718309856,"winnerId":"michael-cooper","winnerPartyId":"CPC","runnerUpId":"lucia-stachurski","runnerUpPartyId":"LIB","margin":5.9880239520958085,"top":[{"id":"michael-cooper","name":"Michael Cooper","shortName":"Cooper","partyId":"CPC","votes":85,"share":50.898203592814376},{"id":"lucia-stachurski","name":"Lucia Stachurski","shortName":"Stachurski","partyId":"LIB","votes":75,"share":44.91017964071856},{"id":"dorothy-anderson","name":"Dorothy Anderson","shortName":"Anderson","partyId":"NDP","votes":6,"share":3.592814371257485},{"id":"jeff-willerton","name":"Jeff Willerton","shortName":"Willerton","partyId":"OTH","votes":1,"share":0.5988023952095809}],"partyVotes":{"LIB":75,"CPC":85,"BQ":0,"NDP":6,"GRN":0,"PPC":0,"OTH":1}}},"geometry":{"type":"Polygon","coordinates":[[[377.71,180.3],[377.7,180.28],[377.69,180.27],[377.69,180.26],[377.7,180.25],[377.71,180.25],[377.72,180.25],[377.72,180.26],[377.73,180.28],[377.73,180.29],[377.73,180.29],[377.73,180.29],[377.75,180.3],[377.74,180.32],[377.73,180.31],[377.71,180.3]]]}},{"type":"Feature","id":"48036-128","properties":{"ridingCode":"48036","pollNumber":"128","pollType":"N","advancePollNumber":"616","sourceCode":"128-0","geometryPollNumbers":["128"],"code":"48036-128","resultPollNumbers":["128"],"resultStatus":"exact","result":{"electors":501,"voters":202,"totalVotes":202,"rejected":0,"turnout":40.31936127744511,"winnerId":"michael-cooper","winnerPartyId":"CPC","runnerUpId":"lucia-stachurski","runnerUpPartyId":"LIB","margin":28.217821782178216,"top":[{"id":"michael-cooper","name":"Michael Cooper","shortName":"Cooper","partyId":"CPC","votes":122,"share":60.396039603960396},{"id":"lucia-stachurski","name":"Lucia Stachurski","shortName":"Stachurski","partyId":"LIB","votes":65,"share":32.17821782178218},{"id":"dorothy-anderson","name":"Dorothy Anderson","shortName":"Anderson","partyId":"NDP","votes":12,"share":5.9405940594059405},{"id":"brigitte-cecelia","name":"Brigitte Cecelia","shortName":"Cecelia","partyId":"PPC","votes":3,"share":1.4851485148514851}],"partyVotes":{"LIB":65,"CPC":122,"BQ":0,"NDP":12,"GRN":0,"PPC":3,"OTH":0}}},"geometry":{"type":"Polygon","coordinates":[[[377.76,180.26],[377.78,180.27],[377.81,180.28],[377.8,180.29],[377.79,180.29],[377.78,180.29],[377.77,180.29],[377.77,180.3],[377.77,180.31],[377.76,180.32],[377.75,180.28],[377.76,180.26],[377.75,180.26],[377.75,180.24],[377.75,180.24],[377.76,180.26]]]}},{"type":"Feature","id":"48036-129","properties":{"ridingCode":"48036","pollNumber":"129","pollType":"N","advancePollNumber":"616","sourceCode":"129-0","geometryPollNumbers":["129"],"code":"48036-129","resultPollNumbers":["129"],"resultStatus":"exact","result":{"electors":390,"voters":204,"totalVotes":203,"rejected":1,"turnout":52.307692307692314,"winnerId":"michael-cooper","winnerPartyId":"CPC","runnerUpId":"lucia-stachurski","runnerUpPartyId":"LIB","margin":20.689655172413794,"top":[{"id":"michael-cooper","name":"Michael Cooper","shortName":"Cooper","partyId":"CPC","votes":115,"share":56.65024630541872},{"id":"lucia-stachurski","name":"Lucia Stachurski","shortName":"Stachurski","partyId":"LIB","votes":73,"share":35.960591133004925},{"id":"dorothy-anderson","name":"Dorothy Anderson","shortName":"Anderson","partyId":"NDP","votes":14,"share":6.896551724137931},{"id":"brigitte-cecelia","name":"Brigitte Cecelia","shortName":"Cecelia","partyId":"PPC","votes":1,"share":0.49261083743842365}],"partyVotes":{"LIB":73,"CPC":115,"BQ":0,"NDP":14,"GRN":0,"PPC":1,"OTH":0}}},"geometry":{"type":"Polygon","coordinates":[[[377.67,180.24],[377.68,180.25],[377.68,180.25],[377.68,180.24],[377.69,180.24],[377.69,180.24],[377.7,180.23],[377.7,180.23],[377.7,180.24],[377.7,180.25],[377.69,180.26],[377.69,180.27],[377.7,180.28],[377.71,180.3],[377.7,180.31],[377.68,180.29],[377.67,180.29],[377.67,180.27],[377.67,180.24],[377.67,180.24]]]}},{"type":"Feature","id":"48036-130","properties":{"ridingCode":"48036","pollNumber":"130","pollType":"N","advancePollNumber":"616","sourceCode":"130-0","geometryPollNumbers":["130"],"code":"48036-130","resultPollNumbers":["130"],"resultStatus":"exact","result":{"electors":373,"voters":175,"totalVotes":174,"rejected":1,"turnout":46.91689008042895,"winnerId":"michael-cooper","winnerPartyId":"CPC","runnerUpId":"lucia-stachurski","runnerUpPartyId":"LIB","margin":23.563218390804597,"top":[{"id":"michael-cooper","name":"Michael Cooper","shortName":"Cooper","partyId":"CPC","votes":104,"share":59.77011494252874},{"id":"lucia-stachurski","name":"Lucia Stachurski","shortName":"Stachurski","partyId":"LIB","votes":63,"share":36.206896551724135},{"id":"dorothy-anderson","name":"Dorothy Anderson","shortName":"Anderson","partyId":"NDP","votes":5,"share":2.8735632183908044},{"id":"brigitte-cecelia","name":"Brigitte Cecelia","shortName":"Cecelia","partyId":"PPC","votes":1,"share":0.5747126436781609}],"partyVotes":{"LIB":63,"CPC":104,"BQ":0,"NDP":5,"GRN":0,"PPC":1,"OTH":1}}},"geometry":{"type":"Polygon","coordinates":[[[377.73,180.29],[377.73,180.28],[377.72,180.26],[377.72,180.25],[377.75,180.24],[377.75,180.26],[377.74,180.26],[377.74,180.28],[377.75,180.29],[377.75,180.31],[377.75,180.32],[377.74,180.32],[377.75,180.3],[377.73,180.29],[377.73,180.29],[377.73,180.29]]]}},{"type":"Feature","id":"48036-131","properties":{"ridingCode":"48036","pollNumber":"131","pollType":"N","advancePollNumber":"617","sourceCode":"131-0","geometryPollNumbers":["131"],"code":"48036-131","resultPollNumbers":["131"],"resultStatus":"exact","result":{"electors":451,"voters":189,"totalVotes":189,"rejected":0,"turnout":41.90687361419069,"winnerId":"michael-cooper","winnerPartyId":"CPC","runnerUpId":"lucia-stachurski","runnerUpPartyId":"LIB","margin":30.687830687830687,"top":[{"id":"michael-cooper","name":"Michael Cooper","shortName":"Cooper","partyId":"CPC","votes":117,"share":61.904761904761905},{"id":"lucia-stachurski","name":"Lucia Stachurski","shortName":"Stachurski","partyId":"LIB","votes":59,"share":31.216931216931215},{"id":"dorothy-anderson","name":"Dorothy Anderson","shortName":"Anderson","partyId":"NDP","votes":11,"share":5.82010582010582},{"id":"brigitte-cecelia","name":"Brigitte Cecelia","shortName":"Cecelia","partyId":"PPC","votes":2,"share":1.0582010582010581}],"partyVotes":{"LIB":59,"CPC":117,"BQ":0,"NDP":11,"GRN":0,"PPC":2,"OTH":0}}},"geometry":{"type":"Polygon","coordinates":[[[377.82,180.24],[377.82,180.22],[377.82,180.21],[377.84,180.23],[377.84,180.32],[377.83,180.31],[377.82,180.3],[377.81,180.28],[377.82,180.26],[377.82,180.24]]]}},{"type":"Feature","id":"48036-132","properties":{"ridingCode":"48036","pollNumber":"132","pollType":"N","advancePollNumber":"617","sourceCode":"132-0","geometryPollNumbers":["132"],"code":"48036-132","resultPollNumbers":["132"],"resultStatus":"exact","result":{"electors":477,"voters":158,"totalVotes":158,"rejected":0,"turnout":33.123689727463315,"winnerId":"michael-cooper","winnerPartyId":"CPC","runnerUpId":"lucia-stachurski","runnerUpPartyId":"LIB","margin":32.278481012658226,"top":[{"id":"michael-cooper","name":"Michael Cooper","shortName":"Cooper","partyId":"CPC","votes":100,"share":63.29113924050633},{"id":"lucia-stachurski","name":"Lucia Stachurski","shortName":"Stachurski","partyId":"LIB","votes":49,"share":31.0126582278481},{"id":"dorothy-anderson","name":"Dorothy Anderson","shortName":"Anderson","partyId":"NDP","votes":9,"share":5.69620253164557},{"id":"brigitte-cecelia","name":"Brigitte Cecelia","shortName":"Cecelia","partyId":"PPC","votes":0,"share":0}],"partyVotes":{"LIB":49,"CPC":100,"BQ":0,"NDP":9,"GRN":0,"PPC":0,"OTH":0}}},"geometry":{"type":"Polygon","coordinates":[[[377.75,180.24],[377.72,180.25],[377.72,180.25],[377.72,180.2],[377.73,180.2],[377.73,180.2],[377.75,180.2],[377.75,180.23],[377.75,180.24],[377.75,180.24]]]}},{"type":"Feature","id":"48036-133","properties":{"ridingCode":"48036","pollNumber":"133","pollType":"N","advancePollNumber":"618","sourceCode":"133-0","geometryPollNumbers":["133"],"code":"48036-133","resultPollNumbers":["133"],"resultStatus":"exact","result":{"electors":487,"voters":180,"totalVotes":179,"rejected":1,"turnout":36.96098562628337,"winnerId":"michael-cooper","winnerPartyId":"CPC","runnerUpId":"lucia-stachurski","runnerUpPartyId":"LIB","margin":20.11173184357542,"top":[{"id":"michael-cooper","name":"Michael Cooper","shortName":"Cooper","partyId":"CPC","votes":106,"share":59.217877094972074},{"id":"lucia-stachurski","name":"Lucia Stachurski","shortName":"Stachurski","partyId":"LIB","votes":70,"share":39.10614525139665},{"id":"dorothy-anderson","name":"Dorothy Anderson","shortName":"Anderson","partyId":"NDP","votes":3,"share":1.675977653631285},{"id":"brigitte-cecelia","name":"Brigitte Cecelia","shortName":"Cecelia","partyId":"PPC","votes":0,"share":0}],"partyVotes":{"LIB":70,"CPC":106,"BQ":0,"NDP":3,"GRN":0,"PPC":0,"OTH":0}}},"geometry":{"type":"Polygon","coordinates":[[[377.7,180.18],[377.72,180.15],[377.74,180.16],[377.75,180.17],[377.75,180.19],[377.75,180.2],[377.73,180.2],[377.73,180.2],[377.72,180.2],[377.72,180.25],[377.72,180.25],[377.71,180.25],[377.7,180.25],[377.7,180.24],[377.7,180.23],[377.7,180.22],[377.71,180.22],[377.7,180.2],[377.71,180.19],[377.71,180.18],[377.7,180.18]]]}},{"type":"Feature","id":"48036-134","properties":{"ridingCode":"48036","pollNumber":"134","pollType":"N","advancePollNumber":"617","sourceCode":"134-0","geometryPollNumbers":["134"],"code":"48036-134","resultPollNumbers":["134"],"resultStatus":"exact","result":{"electors":505,"voters":210,"totalVotes":210,"rejected":0,"turnout":41.584158415841586,"winnerId":"michael-cooper","winnerPartyId":"CPC","runnerUpId":"lucia-stachurski","runnerUpPartyId":"LIB","margin":25.238095238095237,"top":[{"id":"michael-cooper","name":"Michael Cooper","shortName":"Cooper","partyId":"CPC","votes":130,"share":61.904761904761905},{"id":"lucia-stachurski","name":"Lucia Stachurski","shortName":"Stachurski","partyId":"LIB","votes":77,"share":36.666666666666664},{"id":"dorothy-anderson","name":"Dorothy Anderson","shortName":"Anderson","partyId":"NDP","votes":1,"share":0.4761904761904762},{"id":"brigitte-cecelia","name":"Brigitte Cecelia","shortName":"Cecelia","partyId":"PPC","votes":1,"share":0.4761904761904762}],"partyVotes":{"LIB":77,"CPC":130,"BQ":0,"NDP":1,"GRN":0,"PPC":1,"OTH":1}}},"geometry":{"type":"Polygon","coordinates":[[[377.77,180.22],[377.77,180.2],[377.77,180.2],[377.78,180.21],[377.79,180.23],[377.8,180.23],[377.8,180.24],[377.82,180.24],[377.82,180.26],[377.81,180.28],[377.78,180.27],[377.78,180.25],[377.77,180.25],[377.77,180.24],[377.77,180.24],[377.77,180.22],[377.77,180.22]]]}},{"type":"Feature","id":"48036-135","properties":{"ridingCode":"48036","pollNumber":"135","pollType":"N","advancePollNumber":"617","sourceCode":"135-0","geometryPollNumbers":["135"],"code":"48036-135","resultPollNumbers":["135"],"resultStatus":"exact","result":{"electors":356,"voters":137,"totalVotes":137,"rejected":0,"turnout":38.48314606741573,"winnerId":"michael-cooper","winnerPartyId":"CPC","runnerUpId":"lucia-stachurski","runnerUpPartyId":"LIB","margin":3.64963503649635,"top":[{"id":"michael-cooper","name":"Michael Cooper","shortName":"Cooper","partyId":"CPC","votes":68,"share":49.63503649635037},{"id":"lucia-stachurski","name":"Lucia Stachurski","shortName":"Stachurski","partyId":"LIB","votes":63,"share":45.98540145985402},{"id":"dorothy-anderson","name":"Dorothy Anderson","shortName":"Anderson","partyId":"NDP","votes":6,"share":4.37956204379562},{"id":"brigitte-cecelia","name":"Brigitte Cecelia","shortName":"Cecelia","partyId":"PPC","votes":0,"share":0}],"partyVotes":{"LIB":63,"CPC":68,"BQ":0,"NDP":6,"GRN":0,"PPC":0,"OTH":0}}},"geometry":{"type":"Polygon","coordinates":[[[377.75,180.23],[377.75,180.2],[377.77,180.2],[377.77,180.22],[377.77,180.22],[377.77,180.24],[377.77,180.24],[377.77,180.25],[377.78,180.25],[377.78,180.27],[377.76,180.26],[377.75,180.24],[377.75,180.23]]]}},{"type":"Feature","id":"48036-136","properties":{"ridingCode":"48036","pollNumber":"136","pollType":"N","advancePollNumber":"617","sourceCode":"136-0","geometryPollNumbers":["136"],"code":"48036-136","resultPollNumbers":["136"],"resultStatus":"exact","result":{"electors":384,"voters":123,"totalVotes":123,"rejected":0,"turnout":32.03125,"winnerId":"michael-cooper","winnerPartyId":"CPC","runnerUpId":"lucia-stachurski","runnerUpPartyId":"LIB","margin":0.8130081300813009,"top":[{"id":"michael-cooper","name":"Michael Cooper","shortName":"Cooper","partyId":"CPC","votes":59,"share":47.96747967479675},{"id":"lucia-stachurski","name":"Lucia Stachurski","shortName":"Stachurski","partyId":"LIB","votes":58,"share":47.15447154471545},{"id":"dorothy-anderson","name":"Dorothy Anderson","shortName":"Anderson","partyId":"NDP","votes":4,"share":3.2520325203252036},{"id":"brigitte-cecelia","name":"Brigitte Cecelia","shortName":"Cecelia","partyId":"PPC","votes":2,"share":1.6260162601626018}],"partyVotes":{"LIB":58,"CPC":59,"BQ":0,"NDP":4,"GRN":0,"PPC":2,"OTH":0}}},"geometry":{"type":"Polygon","coordinates":[[[377.77,180.2],[377.77,180.2],[377.77,180.19],[377.78,180.18],[377.79,180.18],[377.8,180.18],[377.8,180.2],[377.81,180.22],[377.82,180.24],[377.8,180.24],[377.8,180.23],[377.79,180.23],[377.78,180.21],[377.77,180.2]]]}},{"type":"Feature","id":"48036-137","properties":{"ridingCode":"48036","pollNumber":"137","pollType":"N","advancePollNumber":"618","sourceCode":"137-0","geometryPollNumbers":["137"],"code":"48036-137","resultPollNumbers":["137"],"resultStatus":"exact","result":{"electors":329,"voters":146,"totalVotes":146,"rejected":0,"turnout":44.37689969604863,"winnerId":"michael-cooper","winnerPartyId":"CPC","runnerUpId":"lucia-stachurski","runnerUpPartyId":"LIB","margin":32.87671232876712,"top":[{"id":"michael-cooper","name":"Michael Cooper","shortName":"Cooper","partyId":"CPC","votes":93,"share":63.6986301369863},{"id":"lucia-stachurski","name":"Lucia Stachurski","shortName":"Stachurski","partyId":"LIB","votes":45,"share":30.82191780821918},{"id":"dorothy-anderson","name":"Dorothy Anderson","shortName":"Anderson","partyId":"NDP","votes":7,"share":4.794520547945205},{"id":"brigitte-cecelia","name":"Brigitte Cecelia","shortName":"Cecelia","partyId":"PPC","votes":1,"share":0.684931506849315}],"partyVotes":{"LIB":45,"CPC":93,"BQ":0,"NDP":7,"GRN":0,"PPC":1,"OTH":0}}},"geometry":{"type":"Polygon","coordinates":[[[377.59,180.23],[377.6,180.22],[377.6,180.21],[377.64,180.21],[377.64,180.22],[377.64,180.22],[377.62,180.22],[377.61,180.23],[377.61,180.23],[377.63,180.25],[377.62,180.26],[377.6,180.26],[377.6,180.25],[377.6,180.25],[377.6,180.24],[377.59,180.23]]]}},{"type":"Feature","id":"48036-138","properties":{"ridingCode":"48036","pollNumber":"138","pollType":"N","advancePollNumber":"618","sourceCode":"138-0","geometryPollNumbers":["138"],"code":"48036-138","resultPollNumbers":["138"],"resultStatus":"exact","result":{"electors":380,"voters":139,"totalVotes":139,"rejected":0,"turnout":36.578947368421055,"winnerId":"michael-cooper","winnerPartyId":"CPC","runnerUpId":"lucia-stachurski","runnerUpPartyId":"LIB","margin":12.23021582733813,"top":[{"id":"michael-cooper","name":"Michael Cooper","shortName":"Cooper","partyId":"CPC","votes":71,"share":51.07913669064749},{"id":"lucia-stachurski","name":"Lucia Stachurski","shortName":"Stachurski","partyId":"LIB","votes":54,"share":38.84892086330935},{"id":"dorothy-anderson","name":"Dorothy Anderson","shortName":"Anderson","partyId":"NDP","votes":12,"share":8.633093525179856},{"id":"brigitte-cecelia","name":"Brigitte Cecelia","shortName":"Cecelia","partyId":"PPC","votes":2,"share":1.4388489208633095}],"partyVotes":{"LIB":54,"CPC":71,"BQ":0,"NDP":12,"GRN":0,"PPC":2,"OTH":0}}},"geometry":{"type":"Polygon","coordinates":[[[377.63,180.25],[377.61,180.23],[377.61,180.23],[377.62,180.22],[377.64,180.22],[377.64,180.22],[377.64,180.21],[377.66,180.2],[377.66,180.22],[377.67,180.24],[377.62,180.26],[377.63,180.25]]]}},{"type":"Feature","id":"48036-139","properties":{"ridingCode":"48036","pollNumber":"139","pollType":"N","advancePollNumber":"618","sourceCode":"139-0","geometryPollNumbers":["139"],"code":"48036-139","resultPollNumbers":["139"],"resultStatus":"exact","result":{"electors":423,"voters":172,"totalVotes":172,"rejected":0,"turnout":40.66193853427896,"winnerId":"michael-cooper","winnerPartyId":"CPC","runnerUpId":"lucia-stachurski","runnerUpPartyId":"LIB","margin":27.906976744186046,"top":[{"id":"michael-cooper","name":"Michael Cooper","shortName":"Cooper","partyId":"CPC","votes":106,"share":61.627906976744185},{"id":"lucia-stachurski","name":"Lucia Stachurski","shortName":"Stachurski","partyId":"LIB","votes":58,"share":33.72093023255814},{"id":"dorothy-anderson","name":"Dorothy Anderson","shortName":"Anderson","partyId":"NDP","votes":7,"share":4.069767441860465},{"id":"brigitte-cecelia","name":"Brigitte Cecelia","shortName":"Cecelia","partyId":"PPC","votes":1,"share":0.5813953488372093}],"partyVotes":{"LIB":58,"CPC":106,"BQ":0,"NDP":7,"GRN":0,"PPC":1,"OTH":0}}},"geometry":{"type":"Polygon","coordinates":[[[377.6,180.21],[377.6,180.19],[377.62,180.18],[377.61,180.16],[377.63,180.15],[377.63,180.16],[377.63,180.16],[377.63,180.18],[377.63,180.19],[377.65,180.19],[377.64,180.21],[377.6,180.21]]]}},{"type":"Feature","id":"48036-140","properties":{"ridingCode":"48036","pollNumber":"140","pollType":"N","advancePollNumber":"618","sourceCode":"140-0","geometryPollNumbers":["140"],"code":"48036-140","resultPollNumbers":["140"],"resultStatus":"exact","result":{"electors":390,"voters":175,"totalVotes":175,"rejected":0,"turnout":44.871794871794876,"winnerId":"michael-cooper","winnerPartyId":"CPC","runnerUpId":"lucia-stachurski","runnerUpPartyId":"LIB","margin":14.857142857142858,"top":[{"id":"michael-cooper","name":"Michael Cooper","shortName":"Cooper","partyId":"CPC","votes":94,"share":53.714285714285715},{"id":"lucia-stachurski","name":"Lucia Stachurski","shortName":"Stachurski","partyId":"LIB","votes":68,"share":38.857142857142854},{"id":"dorothy-anderson","name":"Dorothy Anderson","shortName":"Anderson","partyId":"NDP","votes":9,"share":5.142857142857142},{"id":"brigitte-cecelia","name":"Brigitte Cecelia","shortName":"Cecelia","partyId":"PPC","votes":3,"share":1.7142857142857144}],"partyVotes":{"LIB":68,"CPC":94,"BQ":0,"NDP":9,"GRN":0,"PPC":3,"OTH":1}}},"geometry":{"type":"Polygon","coordinates":[[[377.55,180.28],[377.55,180.26],[377.57,180.26],[377.59,180.24],[377.59,180.23],[377.6,180.24],[377.6,180.25],[377.6,180.25],[377.6,180.26],[377.55,180.28]]]}},{"type":"Feature","id":"48036-141","properties":{"ridingCode":"48036","pollNumber":"141","pollType":"N","advancePollNumber":"618","sourceCode":"141-0","geometryPollNumbers":["141"],"code":"48036-141","resultPollNumbers":["141"],"resultStatus":"exact","result":{"electors":369,"voters":190,"totalVotes":190,"rejected":0,"turnout":51.490514905149055,"winnerId":"michael-cooper","winnerPartyId":"CPC","runnerUpId":"lucia-stachurski","runnerUpPartyId":"LIB","margin":25.789473684210527,"top":[{"id":"michael-cooper","name":"Michael Cooper","shortName":"Cooper","partyId":"CPC","votes":112,"share":58.94736842105262},{"id":"lucia-stachurski","name":"Lucia Stachurski","shortName":"Stachurski","partyId":"LIB","votes":63,"share":33.1578947368421},{"id":"dorothy-anderson","name":"Dorothy Anderson","shortName":"Anderson","partyId":"NDP","votes":13,"share":6.842105263157896},{"id":"brigitte-cecelia","name":"Brigitte Cecelia","shortName":"Cecelia","partyId":"PPC","votes":2,"share":1.0526315789473684}],"partyVotes":{"LIB":63,"CPC":112,"BQ":0,"NDP":13,"GRN":0,"PPC":2,"OTH":0}}},"geometry":{"type":"Polygon","coordinates":[[[377.55,180.26],[377.55,180.23],[377.56,180.22],[377.58,180.23],[377.59,180.24],[377.57,180.26],[377.55,180.26]]]}},{"type":"Feature","id":"48036-142","properties":{"ridingCode":"48036","pollNumber":"142","pollType":"N","advancePollNumber":"618","sourceCode":"142-0","geometryPollNumbers":["142"],"code":"48036-142","resultPollNumbers":["142"],"resultStatus":"exact","result":{"electors":345,"voters":157,"totalVotes":157,"rejected":0,"turnout":45.507246376811594,"winnerId":"michael-cooper","winnerPartyId":"CPC","runnerUpId":"lucia-stachurski","runnerUpPartyId":"LIB","margin":26.751592356687897,"top":[{"id":"michael-cooper","name":"Michael Cooper","shortName":"Cooper","partyId":"CPC","votes":96,"share":61.146496815286625},{"id":"lucia-stachurski","name":"Lucia Stachurski","shortName":"Stachurski","partyId":"LIB","votes":54,"share":34.394904458598724},{"id":"dorothy-anderson","name":"Dorothy Anderson","shortName":"Anderson","partyId":"NDP","votes":5,"share":3.1847133757961785},{"id":"brigitte-cecelia","name":"Brigitte Cecelia","shortName":"Cecelia","partyId":"PPC","votes":1,"share":0.6369426751592357}],"partyVotes":{"LIB":54,"CPC":96,"BQ":0,"NDP":5,"GRN":0,"PPC":1,"OTH":1}}},"geometry":{"type":"Polygon","coordinates":[[[377.51,180.23],[377.52,180.22],[377.53,180.22],[377.54,180.22],[377.54,180.21],[377.56,180.21],[377.56,180.22],[377.55,180.23],[377.55,180.26],[377.53,180.27],[377.52,180.27],[377.52,180.24],[377.51,180.23]]]}},{"type":"Feature","id":"48036-143","properties":{"ridingCode":"48036","pollNumber":"143","pollType":"N","advancePollNumber":"618","sourceCode":"143-0","geometryPollNumbers":["143"],"code":"48036-143","resultPollNumbers":["143"],"resultStatus":"exact","result":{"electors":405,"voters":145,"totalVotes":145,"rejected":0,"turnout":35.80246913580247,"winnerId":"michael-cooper","winnerPartyId":"CPC","runnerUpId":"lucia-stachurski","runnerUpPartyId":"LIB","margin":4.827586206896552,"top":[{"id":"michael-cooper","name":"Michael Cooper","shortName":"Cooper","partyId":"CPC","votes":71,"share":48.96551724137931},{"id":"lucia-stachurski","name":"Lucia Stachurski","shortName":"Stachurski","partyId":"LIB","votes":64,"share":44.13793103448276},{"id":"dorothy-anderson","name":"Dorothy Anderson","shortName":"Anderson","partyId":"NDP","votes":6,"share":4.137931034482759},{"id":"jeff-willerton","name":"Jeff Willerton","shortName":"Willerton","partyId":"OTH","votes":3,"share":2.0689655172413794}],"partyVotes":{"LIB":64,"CPC":71,"BQ":0,"NDP":6,"GRN":0,"PPC":1,"OTH":3}}},"geometry":{"type":"Polygon","coordinates":[[[377.54,180.21],[377.54,180.22],[377.53,180.22],[377.53,180.21],[377.53,180.2],[377.55,180.2],[377.57,180.2],[377.59,180.21],[377.6,180.21],[377.6,180.22],[377.59,180.23],[377.59,180.24],[377.58,180.23],[377.56,180.22],[377.56,180.21],[377.54,180.21]]]}},{"type":"Feature","id":"48036-144","properties":{"ridingCode":"48036","pollNumber":"144","pollType":"N","advancePollNumber":"618","sourceCode":"144-0","geometryPollNumbers":["144"],"code":"48036-144","resultPollNumbers":["144"],"resultStatus":"exact","result":{"electors":374,"voters":173,"totalVotes":173,"rejected":0,"turnout":46.25668449197861,"winnerId":"lucia-stachurski","winnerPartyId":"LIB","runnerUpId":"michael-cooper","runnerUpPartyId":"CPC","margin":1.7341040462427744,"top":[{"id":"lucia-stachurski","name":"Lucia Stachurski","shortName":"Stachurski","partyId":"LIB","votes":80,"share":46.24277456647399},{"id":"michael-cooper","name":"Michael Cooper","shortName":"Cooper","partyId":"CPC","votes":77,"share":44.50867052023121},{"id":"dorothy-anderson","name":"Dorothy Anderson","shortName":"Anderson","partyId":"NDP","votes":12,"share":6.9364161849710975},{"id":"brigitte-cecelia","name":"Brigitte Cecelia","shortName":"Cecelia","partyId":"PPC","votes":2,"share":1.1560693641618496}],"partyVotes":{"LIB":80,"CPC":77,"BQ":0,"NDP":12,"GRN":0,"PPC":2,"OTH":2}}},"geometry":{"type":"Polygon","coordinates":[[[377.48,180.2],[377.49,180.19],[377.49,180.19],[377.51,180.19],[377.51,180.19],[377.53,180.2],[377.53,180.21],[377.53,180.22],[377.52,180.22],[377.51,180.23],[377.5,180.22],[377.5,180.22],[377.51,180.22],[377.5,180.21],[377.48,180.21],[377.48,180.2]]]}},{"type":"Feature","id":"48036-145","properties":{"ridingCode":"48036","pollNumber":"145","pollType":"N","advancePollNumber":"623","sourceCode":"145-0","geometryPollNumbers":["145"],"code":"48036-145","resultPollNumbers":["145"],"resultStatus":"exact","result":{"electors":443,"voters":151,"totalVotes":151,"rejected":0,"turnout":34.08577878103837,"winnerId":"michael-cooper","winnerPartyId":"CPC","runnerUpId":"lucia-stachurski","runnerUpPartyId":"LIB","margin":33.77483443708609,"top":[{"id":"michael-cooper","name":"Michael Cooper","shortName":"Cooper","partyId":"CPC","votes":95,"share":62.913907284768214},{"id":"lucia-stachurski","name":"Lucia Stachurski","shortName":"Stachurski","partyId":"LIB","votes":44,"share":29.13907284768212},{"id":"dorothy-anderson","name":"Dorothy Anderson","shortName":"Anderson","partyId":"NDP","votes":10,"share":6.622516556291391},{"id":"brigitte-cecelia","name":"Brigitte Cecelia","shortName":"Cecelia","partyId":"PPC","votes":2,"share":1.3245033112582782}],"partyVotes":{"LIB":44,"CPC":95,"BQ":0,"NDP":10,"GRN":0,"PPC":2,"OTH":0}}},"geometry":{"type":"Polygon","coordinates":[[[377.82,179.9],[377.84,179.9],[377.86,179.91],[377.87,179.91],[377.87,179.93],[377.85,179.93],[377.84,179.94],[377.83,179.94],[377.8,179.91],[377.81,179.91],[377.81,179.9],[377.82,179.91],[377.82,179.91],[377.82,179.9]]]}},{"type":"Feature","id":"48036-146","properties":{"ridingCode":"48036","pollNumber":"146","pollType":"N","advancePollNumber":"619","sourceCode":"146-0","geometryPollNumbers":["146"],"code":"48036-146","resultPollNumbers":["146"],"resultStatus":"exact","result":{"electors":483,"voters":163,"totalVotes":163,"rejected":0,"turnout":33.74741200828157,"winnerId":"michael-cooper","winnerPartyId":"CPC","runnerUpId":"lucia-stachurski","runnerUpPartyId":"LIB","margin":28.22085889570552,"top":[{"id":"michael-cooper","name":"Michael Cooper","shortName":"Cooper","partyId":"CPC","votes":98,"share":60.122699386503065},{"id":"lucia-stachurski","name":"Lucia Stachurski","shortName":"Stachurski","partyId":"LIB","votes":52,"share":31.901840490797547},{"id":"dorothy-anderson","name":"Dorothy Anderson","shortName":"Anderson","partyId":"NDP","votes":10,"share":6.134969325153374},{"id":"brigitte-cecelia","name":"Brigitte Cecelia","shortName":"Cecelia","partyId":"PPC","votes":2,"share":1.2269938650306749}],"partyVotes":{"LIB":52,"CPC":98,"BQ":0,"NDP":10,"GRN":0,"PPC":2,"OTH":1}}},"geometry":{"type":"Polygon","coordinates":[[[377.37,180.14],[377.38,180.15],[377.38,180.15],[377.37,180.16],[377.35,180.16],[377.34,180.14],[377.37,180.14]]]}},{"type":"Feature","id":"48036-147","properties":{"ridingCode":"48036","pollNumber":"147","pollType":"N","advancePollNumber":"620","sourceCode":"147-0","geometryPollNumbers":["147"],"code":"48036-147","resultPollNumbers":["147"],"resultStatus":"exact","result":{"electors":354,"voters":118,"totalVotes":118,"rejected":0,"turnout":33.33333333333333,"winnerId":"michael-cooper","winnerPartyId":"CPC","runnerUpId":"lucia-stachurski","runnerUpPartyId":"LIB","margin":34.74576271186441,"top":[{"id":"michael-cooper","name":"Michael Cooper","shortName":"Cooper","partyId":"CPC","votes":77,"share":65.2542372881356},{"id":"lucia-stachurski","name":"Lucia Stachurski","shortName":"Stachurski","partyId":"LIB","votes":36,"share":30.508474576271187},{"id":"dorothy-anderson","name":"Dorothy Anderson","shortName":"Anderson","partyId":"NDP","votes":5,"share":4.23728813559322},{"id":"brigitte-cecelia","name":"Brigitte Cecelia","shortName":"Cecelia","partyId":"PPC","votes":0,"share":0}],"partyVotes":{"LIB":36,"CPC":77,"BQ":0,"NDP":5,"GRN":0,"PPC":0,"OTH":0}}},"geometry":{"type":"Polygon","coordinates":[[[377.34,180.14],[377.41,180.12],[377.41,180.12],[377.42,180.13],[377.4,180.13],[377.4,180.15],[377.42,180.14],[377.43,180.15],[377.41,180.17],[377.42,180.17],[377.43,180.17],[377.43,180.18],[377.41,180.18],[377.4,180.17],[377.38,180.15],[377.37,180.14],[377.34,180.14]]]}},{"type":"Feature","id":"48036-148","properties":{"ridingCode":"48036","pollNumber":"148","pollType":"N","advancePollNumber":"620","sourceCode":"148-0","geometryPollNumbers":["148"],"code":"48036-148","resultPollNumbers":["148"],"resultStatus":"exact","result":{"electors":350,"voters":133,"totalVotes":131,"rejected":2,"turnout":38,"winnerId":"michael-cooper","winnerPartyId":"CPC","runnerUpId":"lucia-stachurski","runnerUpPartyId":"LIB","margin":16.030534351145036,"top":[{"id":"michael-cooper","name":"Michael Cooper","shortName":"Cooper","partyId":"CPC","votes":74,"share":56.48854961832062},{"id":"lucia-stachurski","name":"Lucia Stachurski","shortName":"Stachurski","partyId":"LIB","votes":53,"share":40.458015267175576},{"id":"dorothy-anderson","name":"Dorothy Anderson","shortName":"Anderson","partyId":"NDP","votes":4,"share":3.0534351145038165},{"id":"brigitte-cecelia","name":"Brigitte Cecelia","shortName":"Cecelia","partyId":"PPC","votes":0,"share":0}],"partyVotes":{"LIB":53,"CPC":74,"BQ":0,"NDP":4,"GRN":0,"PPC":0,"OTH":0}}},"geometry":{"type":"Polygon","coordinates":[[[377.45,180.18],[377.45,180.17],[377.46,180.17],[377.47,180.17],[377.47,180.16],[377.46,180.15],[377.46,180.15],[377.47,180.15],[377.48,180.15],[377.48,180.17],[377.49,180.16],[377.51,180.17],[377.51,180.19],[377.45,180.18]]]}},{"type":"Feature","id":"48036-149","properties":{"ridingCode":"48036","pollNumber":"149","pollType":"N","advancePollNumber":"620","sourceCode":"149-0","geometryPollNumbers":["149"],"code":"48036-149","resultPollNumbers":["149"],"resultStatus":"exact","result":{"electors":451,"voters":180,"totalVotes":178,"rejected":2,"turnout":39.91130820399113,"winnerId":"michael-cooper","winnerPartyId":"CPC","runnerUpId":"lucia-stachurski","runnerUpPartyId":"LIB","margin":25.842696629213485,"top":[{"id":"michael-cooper","name":"Michael Cooper","shortName":"Cooper","partyId":"CPC","votes":108,"share":60.67415730337079},{"id":"lucia-stachurski","name":"Lucia Stachurski","shortName":"Stachurski","partyId":"LIB","votes":62,"share":34.831460674157306},{"id":"dorothy-anderson","name":"Dorothy Anderson","shortName":"Anderson","partyId":"NDP","votes":6,"share":3.3707865168539324},{"id":"brigitte-cecelia","name":"Brigitte Cecelia","shortName":"Cecelia","partyId":"PPC","votes":2,"share":1.1235955056179776}],"partyVotes":{"LIB":62,"CPC":108,"BQ":0,"NDP":6,"GRN":0,"PPC":2,"OTH":0}}},"geometry":{"type":"Polygon","coordinates":[[[377.51,180.14],[377.51,180.14],[377.53,180.14],[377.54,180.14],[377.55,180.16],[377.54,180.17],[377.54,180.19],[377.56,180.2],[377.56,180.19],[377.57,180.19],[377.57,180.2],[377.55,180.2],[377.53,180.2],[377.51,180.19],[377.51,180.17],[377.51,180.16],[377.51,180.15],[377.51,180.14]]]}},{"type":"Feature","id":"48036-150","properties":{"ridingCode":"48036","pollNumber":"150","pollType":"N","advancePollNumber":"620","sourceCode":"150-0","geometryPollNumbers":["150"],"code":"48036-150","resultPollNumbers":["150"],"resultStatus":"exact","result":{"electors":195,"voters":76,"totalVotes":76,"rejected":0,"turnout":38.97435897435898,"winnerId":"michael-cooper","winnerPartyId":"CPC","runnerUpId":"lucia-stachurski","runnerUpPartyId":"LIB","margin":18.421052631578945,"top":[{"id":"michael-cooper","name":"Michael Cooper","shortName":"Cooper","partyId":"CPC","votes":41,"share":53.94736842105263},{"id":"lucia-stachurski","name":"Lucia Stachurski","shortName":"Stachurski","partyId":"LIB","votes":27,"share":35.526315789473685},{"id":"dorothy-anderson","name":"Dorothy Anderson","shortName":"Anderson","partyId":"NDP","votes":7,"share":9.210526315789473},{"id":"brigitte-cecelia","name":"Brigitte Cecelia","shortName":"Cecelia","partyId":"PPC","votes":1,"share":1.3157894736842104}],"partyVotes":{"LIB":27,"CPC":41,"BQ":0,"NDP":7,"GRN":0,"PPC":1,"OTH":0}}},"geometry":{"type":"Polygon","coordinates":[[[377.49,180.16],[377.48,180.17],[377.48,180.15],[377.47,180.15],[377.46,180.15],[377.46,180.13],[377.48,180.14],[377.5,180.13],[377.5,180.13],[377.51,180.14],[377.51,180.15],[377.51,180.16],[377.51,180.17],[377.49,180.16]]]}},{"type":"Feature","id":"48036-151","properties":{"ridingCode":"48036","pollNumber":"151","pollType":"N","advancePollNumber":"620","sourceCode":"151-0","geometryPollNumbers":["151"],"code":"48036-151","resultPollNumbers":["151"],"resultStatus":"exact","result":{"electors":631,"voters":257,"totalVotes":257,"rejected":0,"turnout":40.729001584786054,"winnerId":"michael-cooper","winnerPartyId":"CPC","runnerUpId":"lucia-stachurski","runnerUpPartyId":"LIB","margin":35.019455252918284,"top":[{"id":"michael-cooper","name":"Michael Cooper","shortName":"Cooper","partyId":"CPC","votes":167,"share":64.98054474708171},{"id":"lucia-stachurski","name":"Lucia Stachurski","shortName":"Stachurski","partyId":"LIB","votes":77,"share":29.961089494163424},{"id":"dorothy-anderson","name":"Dorothy Anderson","shortName":"Anderson","partyId":"NDP","votes":12,"share":4.669260700389105},{"id":"brigitte-cecelia","name":"Brigitte Cecelia","shortName":"Cecelia","partyId":"PPC","votes":1,"share":0.38910505836575876}],"partyVotes":{"LIB":77,"CPC":167,"BQ":0,"NDP":12,"GRN":0,"PPC":1,"OTH":0}}},"geometry":{"type":"Polygon","coordinates":[[[377.41,180.12],[377.41,180.11],[377.42,180.11],[377.43,180.1],[377.44,180.09],[377.44,180.09],[377.47,180.07],[377.45,180.08],[377.46,180.13],[377.46,180.15],[377.46,180.15],[377.45,180.15],[377.44,180.16],[377.43,180.15],[377.43,180.13],[377.42,180.13],[377.42,180.13],[377.41,180.12],[377.41,180.12]]]}},{"type":"Feature","id":"48036-152","properties":{"ridingCode":"48036","pollNumber":"152","pollType":"N","advancePollNumber":"620","sourceCode":"152-0","geometryPollNumbers":["152"],"code":"48036-152","resultPollNumbers":["152"],"resultStatus":"exact","result":{"electors":372,"voters":167,"totalVotes":167,"rejected":0,"turnout":44.89247311827957,"winnerId":"michael-cooper","winnerPartyId":"CPC","runnerUpId":"lucia-stachurski","runnerUpPartyId":"LIB","margin":17.964071856287426,"top":[{"id":"michael-cooper","name":"Michael Cooper","shortName":"Cooper","partyId":"CPC","votes":93,"share":55.688622754491014},{"id":"lucia-stachurski","name":"Lucia Stachurski","shortName":"Stachurski","partyId":"LIB","votes":63,"share":37.72455089820359},{"id":"dorothy-anderson","name":"Dorothy Anderson","shortName":"Anderson","partyId":"NDP","votes":6,"share":3.592814371257485},{"id":"brigitte-cecelia","name":"Brigitte Cecelia","shortName":"Cecelia","partyId":"PPC","votes":4,"share":2.3952095808383236}],"partyVotes":{"LIB":63,"CPC":93,"BQ":0,"NDP":6,"GRN":0,"PPC":4,"OTH":1}}},"geometry":{"type":"Polygon","coordinates":[[[377.54,180.17],[377.55,180.17],[377.56,180.17],[377.57,180.18],[377.57,180.18],[377.6,180.18],[377.6,180.19],[377.6,180.21],[377.59,180.21],[377.57,180.2],[377.57,180.19],[377.56,180.19],[377.56,180.2],[377.54,180.19],[377.54,180.17]]]}},{"type":"Feature","id":"48036-153","properties":{"ridingCode":"48036","pollNumber":"153","pollType":"N","advancePollNumber":"620","sourceCode":"153-0","geometryPollNumbers":["153"],"code":"48036-153","resultPollNumbers":["153"],"resultStatus":"exact","result":{"electors":436,"voters":227,"totalVotes":226,"rejected":1,"turnout":52.06422018348624,"winnerId":"michael-cooper","winnerPartyId":"CPC","runnerUpId":"lucia-stachurski","runnerUpPartyId":"LIB","margin":26.991150442477874,"top":[{"id":"michael-cooper","name":"Michael Cooper","shortName":"Cooper","partyId":"CPC","votes":135,"share":59.73451327433629},{"id":"lucia-stachurski","name":"Lucia Stachurski","shortName":"Stachurski","partyId":"LIB","votes":74,"share":32.743362831858406},{"id":"dorothy-anderson","name":"Dorothy Anderson","shortName":"Anderson","partyId":"NDP","votes":17,"share":7.52212389380531},{"id":"brigitte-cecelia","name":"Brigitte Cecelia","shortName":"Cecelia","partyId":"PPC","votes":0,"share":0}],"partyVotes":{"LIB":74,"CPC":135,"BQ":0,"NDP":17,"GRN":0,"PPC":0,"OTH":0}}},"geometry":{"type":"Polygon","coordinates":[[[377.54,180.14],[377.55,180.12],[377.55,180.12],[377.56,180.12],[377.56,180.12],[377.57,180.12],[377.57,180.14],[377.57,180.15],[377.6,180.15],[377.6,180.19],[377.6,180.18],[377.57,180.18],[377.57,180.18],[377.56,180.17],[377.55,180.17],[377.54,180.17],[377.55,180.16],[377.54,180.14]]]}},{"type":"Feature","id":"48036-154","properties":{"ridingCode":"48036","pollNumber":"154","pollType":"N","advancePollNumber":"618","sourceCode":"154-0","geometryPollNumbers":["154"],"code":"48036-154","resultPollNumbers":["154"],"resultStatus":"exact","result":{"electors":328,"voters":138,"totalVotes":138,"rejected":0,"turnout":42.073170731707314,"winnerId":"michael-cooper","winnerPartyId":"CPC","runnerUpId":"lucia-stachurski","runnerUpPartyId":"LIB","margin":15.942028985507244,"top":[{"id":"michael-cooper","name":"Michael Cooper","shortName":"Cooper","partyId":"CPC","votes":79,"share":57.2463768115942},{"id":"lucia-stachurski","name":"Lucia Stachurski","shortName":"Stachurski","partyId":"LIB","votes":57,"share":41.30434782608695},{"id":"dorothy-anderson","name":"Dorothy Anderson","shortName":"Anderson","partyId":"NDP","votes":2,"share":1.4492753623188406},{"id":"brigitte-cecelia","name":"Brigitte Cecelia","shortName":"Cecelia","partyId":"PPC","votes":0,"share":0}],"partyVotes":{"LIB":57,"CPC":79,"BQ":0,"NDP":2,"GRN":0,"PPC":0,"OTH":0}}},"geometry":{"type":"Polygon","coordinates":[[[377.6,180.19],[377.6,180.15],[377.6,180.12],[377.61,180.12],[377.62,180.12],[377.62,180.12],[377.62,180.14],[377.63,180.15],[377.61,180.16],[377.62,180.18],[377.6,180.19]]]}},{"type":"Feature","id":"48036-155","properties":{"ridingCode":"48036","pollNumber":"155","pollType":"N","advancePollNumber":"620","sourceCode":"155-0","geometryPollNumbers":["155"],"code":"48036-155","resultPollNumbers":["155"],"resultStatus":"exact","result":{"electors":451,"voters":191,"totalVotes":191,"rejected":0,"turnout":42.350332594235034,"winnerId":"michael-cooper","winnerPartyId":"CPC","runnerUpId":"lucia-stachurski","runnerUpPartyId":"LIB","margin":16.75392670157068,"top":[{"id":"michael-cooper","name":"Michael Cooper","shortName":"Cooper","partyId":"CPC","votes":104,"share":54.45026178010471},{"id":"lucia-stachurski","name":"Lucia Stachurski","shortName":"Stachurski","partyId":"LIB","votes":72,"share":37.696335078534034},{"id":"dorothy-anderson","name":"Dorothy Anderson","shortName":"Anderson","partyId":"NDP","votes":14,"share":7.329842931937172},{"id":"brigitte-cecelia","name":"Brigitte Cecelia","shortName":"Cecelia","partyId":"PPC","votes":1,"share":0.5235602094240838}],"partyVotes":{"LIB":72,"CPC":104,"BQ":0,"NDP":14,"GRN":0,"PPC":1,"OTH":0}}},"geometry":{"type":"Polygon","coordinates":[[[377.6,180.08],[377.6,180.12],[377.6,180.15],[377.57,180.15],[377.57,180.14],[377.57,180.12],[377.57,180.08],[377.6,180.08]]]}},{"type":"Feature","id":"48036-156","properties":{"ridingCode":"48036","pollNumber":"156","pollType":"N","advancePollNumber":"617","sourceCode":"156-0","geometryPollNumbers":["156"],"code":"48036-156","resultPollNumbers":["156"],"resultStatus":"exact","result":{"electors":423,"voters":143,"totalVotes":143,"rejected":0,"turnout":33.80614657210402,"winnerId":"michael-cooper","winnerPartyId":"CPC","runnerUpId":"lucia-stachurski","runnerUpPartyId":"LIB","margin":32.86713286713287,"top":[{"id":"michael-cooper","name":"Michael Cooper","shortName":"Cooper","partyId":"CPC","votes":91,"share":63.63636363636363},{"id":"lucia-stachurski","name":"Lucia Stachurski","shortName":"Stachurski","partyId":"LIB","votes":44,"share":30.76923076923077},{"id":"dorothy-anderson","name":"Dorothy Anderson","shortName":"Anderson","partyId":"NDP","votes":7,"share":4.895104895104895},{"id":"brigitte-cecelia","name":"Brigitte Cecelia","shortName":"Cecelia","partyId":"PPC","votes":1,"share":0.6993006993006993}],"partyVotes":{"LIB":44,"CPC":91,"BQ":0,"NDP":7,"GRN":0,"PPC":1,"OTH":0}}},"geometry":{"type":"Polygon","coordinates":[[[377.81,180.19],[377.81,180.18],[377.81,180.18],[377.81,180.16],[377.82,180.17],[377.82,180.18],[377.83,180.18],[377.83,180.19],[377.83,180.2],[377.82,180.21],[377.82,180.21],[377.82,180.22],[377.82,180.24],[377.81,180.22],[377.8,180.2],[377.8,180.18],[377.81,180.19]]]}},{"type":"Feature","id":"48036-157","properties":{"ridingCode":"48036","pollNumber":"157","pollType":"N","advancePollNumber":"617","sourceCode":"157-0","geometryPollNumbers":["157"],"code":"48036-157","resultPollNumbers":["157"],"resultStatus":"exact","result":{"electors":525,"voters":215,"totalVotes":215,"rejected":0,"turnout":40.95238095238095,"winnerId":"michael-cooper","winnerPartyId":"CPC","runnerUpId":"lucia-stachurski","runnerUpPartyId":"LIB","margin":27.906976744186046,"top":[{"id":"michael-cooper","name":"Michael Cooper","shortName":"Cooper","partyId":"CPC","votes":136,"share":63.25581395348837},{"id":"lucia-stachurski","name":"Lucia Stachurski","shortName":"Stachurski","partyId":"LIB","votes":76,"share":35.348837209302324},{"id":"dorothy-anderson","name":"Dorothy Anderson","shortName":"Anderson","partyId":"NDP","votes":3,"share":1.3953488372093024},{"id":"brigitte-cecelia","name":"Brigitte Cecelia","shortName":"Cecelia","partyId":"PPC","votes":0,"share":0}],"partyVotes":{"LIB":76,"CPC":136,"BQ":0,"NDP":3,"GRN":0,"PPC":0,"OTH":0}}},"geometry":{"type":"Polygon","coordinates":[[[377.72,180.15],[377.73,180.12],[377.75,180.09],[377.75,180.09],[377.76,180.12],[377.77,180.13],[377.79,180.13],[377.83,180.13],[377.84,180.13],[377.84,180.13],[377.85,180.13],[377.85,180.15],[377.85,180.16],[377.87,180.17],[377.88,180.18],[377.85,180.21],[377.84,180.2],[377.84,180.2],[377.84,180.2],[377.84,180.23],[377.82,180.21],[377.82,180.21],[377.83,180.2],[377.83,180.19],[377.83,180.18],[377.82,180.18],[377.82,180.17],[377.81,180.16],[377.81,180.18],[377.81,180.18],[377.81,180.19],[377.8,180.18],[377.79,180.18],[377.78,180.17],[377.72,180.15]]]}},{"type":"Feature","id":"48036-158","properties":{"ridingCode":"48036","pollNumber":"158","pollType":"N","advancePollNumber":"617","sourceCode":"158-0","geometryPollNumbers":["158"],"code":"48036-158","resultPollNumbers":["158"],"resultStatus":"exact","result":{"electors":249,"voters":125,"totalVotes":123,"rejected":2,"turnout":50.20080321285141,"winnerId":"michael-cooper","winnerPartyId":"CPC","runnerUpId":"lucia-stachurski","runnerUpPartyId":"LIB","margin":29.268292682926827,"top":[{"id":"michael-cooper","name":"Michael Cooper","shortName":"Cooper","partyId":"CPC","votes":75,"share":60.97560975609756},{"id":"lucia-stachurski","name":"Lucia Stachurski","shortName":"Stachurski","partyId":"LIB","votes":39,"share":31.70731707317073},{"id":"dorothy-anderson","name":"Dorothy Anderson","shortName":"Anderson","partyId":"NDP","votes":9,"share":7.317073170731707},{"id":"brigitte-cecelia","name":"Brigitte Cecelia","shortName":"Cecelia","partyId":"PPC","votes":0,"share":0}],"partyVotes":{"LIB":39,"CPC":75,"BQ":0,"NDP":9,"GRN":0,"PPC":0,"OTH":0}}},"geometry":{"type":"Polygon","coordinates":[[[377.69,180.12],[377.7,180.1],[377.7,180.11],[377.71,180.11],[377.73,180.12],[377.72,180.15],[377.7,180.14],[377.69,180.12]]]}},{"type":"Feature","id":"48036-159","properties":{"ridingCode":"48036","pollNumber":"159","pollType":"M","advancePollNumber":"618","sourceCode":"508-0","geometryPollNumbers":["159","508"],"code":"48036-159","resultPollNumbers":["159"],"resultStatus":"resolved-combination","result":{"electors":245,"voters":53,"totalVotes":53,"rejected":0,"turnout":21.63265306122449,"winnerId":"michael-cooper","winnerPartyId":"CPC","runnerUpId":"lucia-stachurski","runnerUpPartyId":"LIB","margin":26.41509433962264,"top":[{"id":"michael-cooper","name":"Michael Cooper","shortName":"Cooper","partyId":"CPC","votes":31,"share":58.490566037735846},{"id":"lucia-stachurski","name":"Lucia Stachurski","shortName":"Stachurski","partyId":"LIB","votes":17,"share":32.075471698113205},{"id":"dorothy-anderson","name":"Dorothy Anderson","shortName":"Anderson","partyId":"NDP","votes":4,"share":7.547169811320755},{"id":"jeff-willerton","name":"Jeff Willerton","shortName":"Willerton","partyId":"OTH","votes":1,"share":1.8867924528301887}],"partyVotes":{"LIB":17,"CPC":31,"BQ":0,"NDP":4,"GRN":0,"PPC":0,"OTH":1}}},"geometry":{"type":"MultiPolygon","coordinates":[[[[377.68,180.24],[377.68,180.24],[377.68,180.24],[377.68,180.24]]],[[[377.65,180.09],[377.66,180.09],[377.68,180.11],[377.68,180.13],[377.67,180.14],[377.67,180.17],[377.67,180.18],[377.68,180.17],[377.69,180.18],[377.68,180.19],[377.69,180.2],[377.7,180.22],[377.7,180.23],[377.69,180.23],[377.69,180.24],[377.69,180.24],[377.68,180.24],[377.68,180.24],[377.68,180.24],[377.68,180.24],[377.68,180.25],[377.68,180.25],[377.67,180.24],[377.67,180.24],[377.66,180.22],[377.66,180.2],[377.65,180.09]]]]}},{"type":"Feature","id":"48036-160","properties":{"ridingCode":"48036","pollNumber":"160","pollType":"N","advancePollNumber":"618","sourceCode":"160-0","geometryPollNumbers":["160"],"code":"48036-160","resultPollNumbers":["160"],"resultStatus":"exact","result":{"electors":350,"voters":146,"totalVotes":146,"rejected":0,"turnout":41.714285714285715,"winnerId":"michael-cooper","winnerPartyId":"CPC","runnerUpId":"lucia-stachurski","runnerUpPartyId":"LIB","margin":27.397260273972602,"top":[{"id":"michael-cooper","name":"Michael Cooper","shortName":"Cooper","partyId":"CPC","votes":89,"share":60.95890410958904},{"id":"lucia-stachurski","name":"Lucia Stachurski","shortName":"Stachurski","partyId":"LIB","votes":49,"share":33.56164383561644},{"id":"dorothy-anderson","name":"Dorothy Anderson","shortName":"Anderson","partyId":"NDP","votes":7,"share":4.794520547945205},{"id":"brigitte-cecelia","name":"Brigitte Cecelia","shortName":"Cecelia","partyId":"PPC","votes":1,"share":0.684931506849315}],"partyVotes":{"LIB":49,"CPC":89,"BQ":0,"NDP":7,"GRN":0,"PPC":1,"OTH":0}}},"geometry":{"type":"Polygon","coordinates":[[[377.68,180.19],[377.69,180.18],[377.68,180.17],[377.67,180.18],[377.67,180.17],[377.67,180.14],[377.68,180.13],[377.68,180.11],[377.69,180.12],[377.7,180.14],[377.72,180.15],[377.7,180.18],[377.71,180.18],[377.71,180.19],[377.7,180.2],[377.71,180.22],[377.7,180.22],[377.69,180.2],[377.68,180.19]]]}},{"type":"Feature","id":"48036-161","properties":{"ridingCode":"48036","pollNumber":"161","pollType":"N","advancePollNumber":"621","sourceCode":"161-0","geometryPollNumbers":["161"],"code":"48036-161","resultPollNumbers":["161"],"resultStatus":"exact","result":{"electors":388,"voters":195,"totalVotes":193,"rejected":2,"turnout":50.25773195876289,"winnerId":"lucia-stachurski","winnerPartyId":"LIB","runnerUpId":"michael-cooper","runnerUpPartyId":"CPC","margin":7.253886010362693,"top":[{"id":"lucia-stachurski","name":"Lucia Stachurski","shortName":"Stachurski","partyId":"LIB","votes":93,"share":48.18652849740933},{"id":"michael-cooper","name":"Michael Cooper","shortName":"Cooper","partyId":"CPC","votes":79,"share":40.932642487046635},{"id":"dorothy-anderson","name":"Dorothy Anderson","shortName":"Anderson","partyId":"NDP","votes":14,"share":7.253886010362693},{"id":"brigitte-cecelia","name":"Brigitte Cecelia","shortName":"Cecelia","partyId":"PPC","votes":5,"share":2.5906735751295336}],"partyVotes":{"LIB":93,"CPC":79,"BQ":0,"NDP":14,"GRN":0,"PPC":5,"OTH":2}}},"geometry":{"type":"Polygon","coordinates":[[[377.79,180.08],[377.77,180.06],[377.78,180.05],[377.8,180.05],[377.81,180.05],[377.81,180.06],[377.81,180.07],[377.81,180.07],[377.82,180.08],[377.83,180.09],[377.84,180.09],[377.83,180.11],[377.83,180.11],[377.8,180.12],[377.8,180.11],[377.79,180.09],[377.79,180.08]]]}},{"type":"Feature","id":"48036-162","properties":{"ridingCode":"48036","pollNumber":"162","pollType":"N","advancePollNumber":"621","sourceCode":"162-0","geometryPollNumbers":["162"],"code":"48036-162","resultPollNumbers":["162"],"resultStatus":"exact","result":{"electors":472,"voters":251,"totalVotes":251,"rejected":0,"turnout":53.17796610169492,"winnerId":"michael-cooper","winnerPartyId":"CPC","runnerUpId":"lucia-stachurski","runnerUpPartyId":"LIB","margin":9.56175298804781,"top":[{"id":"michael-cooper","name":"Michael Cooper","shortName":"Cooper","partyId":"CPC","votes":128,"share":50.99601593625498},{"id":"lucia-stachurski","name":"Lucia Stachurski","shortName":"Stachurski","partyId":"LIB","votes":104,"share":41.43426294820717},{"id":"dorothy-anderson","name":"Dorothy Anderson","shortName":"Anderson","partyId":"NDP","votes":17,"share":6.772908366533864},{"id":"brigitte-cecelia","name":"Brigitte Cecelia","shortName":"Cecelia","partyId":"PPC","votes":2,"share":0.796812749003984}],"partyVotes":{"LIB":104,"CPC":128,"BQ":0,"NDP":17,"GRN":0,"PPC":2,"OTH":0}}},"geometry":{"type":"Polygon","coordinates":[[[377.77,180.08],[377.76,180.07],[377.77,180.06],[377.79,180.03],[377.8,180.04],[377.82,180.04],[377.82,180.05],[377.81,180.04],[377.81,180.05],[377.8,180.05],[377.78,180.05],[377.77,180.06],[377.79,180.08],[377.79,180.09],[377.8,180.11],[377.79,180.11],[377.78,180.1],[377.78,180.11],[377.78,180.12],[377.78,180.12],[377.77,180.12],[377.76,180.11],[377.76,180.1],[377.77,180.08]]]}},{"type":"Feature","id":"48036-163","properties":{"ridingCode":"48036","pollNumber":"163","pollType":"N","advancePollNumber":"621","sourceCode":"163-0","geometryPollNumbers":["163"],"code":"48036-163","resultPollNumbers":["163"],"resultStatus":"exact","result":{"electors":364,"voters":171,"totalVotes":171,"rejected":0,"turnout":46.97802197802198,"winnerId":"michael-cooper","winnerPartyId":"CPC","runnerUpId":"lucia-stachurski","runnerUpPartyId":"LIB","margin":2.923976608187134,"top":[{"id":"michael-cooper","name":"Michael Cooper","shortName":"Cooper","partyId":"CPC","votes":82,"share":47.953216374269005},{"id":"lucia-stachurski","name":"Lucia Stachurski","shortName":"Stachurski","partyId":"LIB","votes":77,"share":45.02923976608187},{"id":"dorothy-anderson","name":"Dorothy Anderson","shortName":"Anderson","partyId":"NDP","votes":7,"share":4.093567251461988},{"id":"brigitte-cecelia","name":"Brigitte Cecelia","shortName":"Cecelia","partyId":"PPC","votes":3,"share":1.7543859649122806}],"partyVotes":{"LIB":77,"CPC":82,"BQ":0,"NDP":7,"GRN":0,"PPC":3,"OTH":2}}},"geometry":{"type":"Polygon","coordinates":[[[377.81,180.05],[377.81,180.04],[377.82,180.05],[377.82,180.05],[377.83,180.06],[377.84,180.05],[377.85,180.06],[377.84,180.07],[377.85,180.07],[377.84,180.08],[377.85,180.08],[377.86,180.08],[377.85,180.09],[377.84,180.09],[377.84,180.09],[377.83,180.09],[377.82,180.08],[377.81,180.07],[377.81,180.07],[377.81,180.06],[377.81,180.05]]]}},{"type":"Feature","id":"48036-164","properties":{"ridingCode":"48036","pollNumber":"164","pollType":"N","advancePollNumber":"620","sourceCode":"164-0","geometryPollNumbers":["164"],"code":"48036-164","resultPollNumbers":["164"],"resultStatus":"exact","result":{"electors":436,"voters":179,"totalVotes":177,"rejected":2,"turnout":41.05504587155963,"winnerId":"michael-cooper","winnerPartyId":"CPC","runnerUpId":"lucia-stachurski","runnerUpPartyId":"LIB","margin":3.389830508474576,"top":[{"id":"michael-cooper","name":"Michael Cooper","shortName":"Cooper","partyId":"CPC","votes":87,"share":49.152542372881356},{"id":"lucia-stachurski","name":"Lucia Stachurski","shortName":"Stachurski","partyId":"LIB","votes":81,"share":45.76271186440678},{"id":"dorothy-anderson","name":"Dorothy Anderson","shortName":"Anderson","partyId":"NDP","votes":5,"share":2.824858757062147},{"id":"brigitte-cecelia","name":"Brigitte Cecelia","shortName":"Cecelia","partyId":"PPC","votes":3,"share":1.694915254237288}],"partyVotes":{"LIB":81,"CPC":87,"BQ":0,"NDP":5,"GRN":0,"PPC":3,"OTH":1}}},"geometry":{"type":"Polygon","coordinates":[[[377.47,180.11],[377.49,180.11],[377.5,180.11],[377.5,180.1],[377.51,180.09],[377.51,180.08],[377.52,180.08],[377.52,180.1],[377.54,180.1],[377.55,180.11],[377.54,180.11],[377.52,180.12],[377.51,180.13],[377.5,180.12],[377.49,180.13],[377.49,180.13],[377.49,180.13],[377.48,180.13],[377.47,180.13],[377.46,180.12],[377.47,180.11],[377.47,180.11]]]}},{"type":"Feature","id":"48036-165","properties":{"ridingCode":"48036","pollNumber":"165","pollType":"N","advancePollNumber":"620","sourceCode":"165-0","geometryPollNumbers":["165"],"code":"48036-165","resultPollNumbers":["165"],"resultStatus":"exact","result":{"electors":445,"voters":186,"totalVotes":186,"rejected":0,"turnout":41.79775280898876,"winnerId":"michael-cooper","winnerPartyId":"CPC","runnerUpId":"lucia-stachurski","runnerUpPartyId":"LIB","margin":5.913978494623656,"top":[{"id":"michael-cooper","name":"Michael Cooper","shortName":"Cooper","partyId":"CPC","votes":94,"share":50.53763440860215},{"id":"lucia-stachurski","name":"Lucia Stachurski","shortName":"Stachurski","partyId":"LIB","votes":83,"share":44.623655913978496},{"id":"dorothy-anderson","name":"Dorothy Anderson","shortName":"Anderson","partyId":"NDP","votes":8,"share":4.301075268817205},{"id":"brigitte-cecelia","name":"Brigitte Cecelia","shortName":"Cecelia","partyId":"PPC","votes":1,"share":0.5376344086021506}],"partyVotes":{"LIB":83,"CPC":94,"BQ":0,"NDP":8,"GRN":0,"PPC":1,"OTH":0}}},"geometry":{"type":"Polygon","coordinates":[[[377.47,180.07],[377.47,180.06],[377.55,180.01],[377.55,180.01],[377.53,180.03],[377.53,180.06],[377.52,180.06],[377.52,180.05],[377.51,180.05],[377.5,180.05],[377.49,180.06],[377.48,180.07],[377.51,180.08],[377.51,180.08],[377.51,180.09],[377.5,180.1],[377.5,180.11],[377.49,180.11],[377.47,180.11],[377.47,180.11],[377.46,180.12],[377.47,180.13],[377.48,180.13],[377.49,180.13],[377.49,180.13],[377.49,180.13],[377.5,180.12],[377.51,180.13],[377.51,180.14],[377.5,180.13],[377.5,180.13],[377.48,180.14],[377.46,180.13],[377.45,180.08],[377.47,180.07]]]}},{"type":"Feature","id":"48036-166","properties":{"ridingCode":"48036","pollNumber":"166","pollType":"N","advancePollNumber":"617","sourceCode":"166-0","geometryPollNumbers":["166"],"code":"48036-166","resultPollNumbers":["166"],"resultStatus":"exact","result":{"electors":580,"voters":127,"totalVotes":126,"rejected":1,"turnout":21.89655172413793,"winnerId":"michael-cooper","winnerPartyId":"CPC","runnerUpId":"lucia-stachurski","runnerUpPartyId":"LIB","margin":5.555555555555555,"top":[{"id":"michael-cooper","name":"Michael Cooper","shortName":"Cooper","partyId":"CPC","votes":63,"share":50},{"id":"lucia-stachurski","name":"Lucia Stachurski","shortName":"Stachurski","partyId":"LIB","votes":56,"share":44.44444444444444},{"id":"dorothy-anderson","name":"Dorothy Anderson","shortName":"Anderson","partyId":"NDP","votes":7,"share":5.555555555555555},{"id":"brigitte-cecelia","name":"Brigitte Cecelia","shortName":"Cecelia","partyId":"PPC","votes":0,"share":0}],"partyVotes":{"LIB":56,"CPC":63,"BQ":0,"NDP":7,"GRN":0,"PPC":0,"OTH":0}}},"geometry":{"type":"Polygon","coordinates":[[[377.72,180.15],[377.78,180.17],[377.79,180.18],[377.78,180.18],[377.77,180.19],[377.77,180.2],[377.75,180.2],[377.75,180.19],[377.75,180.17],[377.74,180.16],[377.72,180.15]]]}},{"type":"Feature","id":"48036-167","properties":{"ridingCode":"48036","pollNumber":"167","pollType":"M","advancePollNumber":"617","sourceCode":"516-0","geometryPollNumbers":["167","515","516"],"code":"48036-167","resultPollNumbers":["167"],"resultStatus":"resolved-combination","result":{"electors":468,"voters":122,"totalVotes":121,"rejected":1,"turnout":26.06837606837607,"winnerId":"michael-cooper","winnerPartyId":"CPC","runnerUpId":"lucia-stachurski","runnerUpPartyId":"LIB","margin":8.264462809917356,"top":[{"id":"michael-cooper","name":"Michael Cooper","shortName":"Cooper","partyId":"CPC","votes":55,"share":45.45454545454545},{"id":"lucia-stachurski","name":"Lucia Stachurski","shortName":"Stachurski","partyId":"LIB","votes":45,"share":37.1900826446281},{"id":"dorothy-anderson","name":"Dorothy Anderson","shortName":"Anderson","partyId":"NDP","votes":18,"share":14.87603305785124},{"id":"jeff-willerton","name":"Jeff Willerton","shortName":"Willerton","partyId":"OTH","votes":2,"share":1.6528925619834711}],"partyVotes":{"LIB":45,"CPC":55,"BQ":0,"NDP":18,"GRN":0,"PPC":1,"OTH":2}}},"geometry":{"type":"MultiPolygon","coordinates":[[[[377.62,180.05],[377.6,180.05],[377.6,180.05],[377.61,180.05],[377.62,180.05]]],[[[377.62,180.05],[377.62,180.05],[377.62,180.05],[377.62,180.05]]],[[[377.58,180.05],[377.59,180.04],[377.59,180.04],[377.59,180.04],[377.59,180.04],[377.6,180.05],[377.6,180.05],[377.62,180.05],[377.62,180.05],[377.62,180.05],[377.62,180.06],[377.62,180.05],[377.62,180.05],[377.62,180.05],[377.62,180.04],[377.63,180.04],[377.64,180.03],[377.62,180.02],[377.62,180.02],[377.63,180.02],[377.65,180.03],[377.66,180.03],[377.67,180.03],[377.68,180.07],[377.7,180.09],[377.7,180.1],[377.69,180.12],[377.68,180.11],[377.66,180.09],[377.65,180.09],[377.63,180.09],[377.61,180.08],[377.6,180.08],[377.6,180.08],[377.6,180.06],[377.58,180.05]]]]}},{"type":"Feature","id":"48036-168","properties":{"ridingCode":"48036","pollNumber":"168","pollType":"N","advancePollNumber":"618","sourceCode":"168-0","geometryPollNumbers":["168"],"code":"48036-168","resultPollNumbers":["168"],"resultStatus":"exact","result":{"electors":409,"voters":191,"totalVotes":191,"rejected":0,"turnout":46.69926650366748,"winnerId":"michael-cooper","winnerPartyId":"CPC","runnerUpId":"lucia-stachurski","runnerUpPartyId":"LIB","margin":8.900523560209423,"top":[{"id":"michael-cooper","name":"Michael Cooper","shortName":"Cooper","partyId":"CPC","votes":98,"share":51.30890052356021},{"id":"lucia-stachurski","name":"Lucia Stachurski","shortName":"Stachurski","partyId":"LIB","votes":81,"share":42.40837696335078},{"id":"dorothy-anderson","name":"Dorothy Anderson","shortName":"Anderson","partyId":"NDP","votes":10,"share":5.2356020942408374},{"id":"brigitte-cecelia","name":"Brigitte Cecelia","shortName":"Cecelia","partyId":"PPC","votes":2,"share":1.0471204188481675}],"partyVotes":{"LIB":81,"CPC":98,"BQ":0,"NDP":10,"GRN":0,"PPC":2,"OTH":0}}},"geometry":{"type":"Polygon","coordinates":[[[377.6,180.12],[377.6,180.08],[377.61,180.08],[377.63,180.09],[377.65,180.09],[377.66,180.2],[377.64,180.21],[377.65,180.19],[377.63,180.19],[377.63,180.18],[377.63,180.16],[377.63,180.16],[377.63,180.15],[377.62,180.14],[377.62,180.12],[377.62,180.12],[377.61,180.12],[377.6,180.12]]]}},{"type":"Feature","id":"48036-169","properties":{"ridingCode":"48036","pollNumber":"169","pollType":"N","advancePollNumber":"615","sourceCode":"169-0","geometryPollNumbers":["169"],"code":"48036-169","resultPollNumbers":["169"],"resultStatus":"exact","result":{"electors":387,"voters":161,"totalVotes":161,"rejected":0,"turnout":41.60206718346253,"winnerId":"michael-cooper","winnerPartyId":"CPC","runnerUpId":"lucia-stachurski","runnerUpPartyId":"LIB","margin":19.25465838509317,"top":[{"id":"michael-cooper","name":"Michael Cooper","shortName":"Cooper","partyId":"CPC","votes":89,"share":55.27950310559007},{"id":"lucia-stachurski","name":"Lucia Stachurski","shortName":"Stachurski","partyId":"LIB","votes":58,"share":36.024844720496894},{"id":"dorothy-anderson","name":"Dorothy Anderson","shortName":"Anderson","partyId":"NDP","votes":11,"share":6.832298136645963},{"id":"brigitte-cecelia","name":"Brigitte Cecelia","shortName":"Cecelia","partyId":"PPC","votes":3,"share":1.8633540372670807}],"partyVotes":{"LIB":58,"CPC":89,"BQ":0,"NDP":11,"GRN":0,"PPC":3,"OTH":0}}},"geometry":{"type":"Polygon","coordinates":[[[377.54,180.03],[377.55,180.03],[377.58,180.04],[377.58,180.03],[377.56,180.02],[377.56,180.02],[377.58,180.02],[377.59,180],[377.6,180.01],[377.62,180.02],[377.64,180.03],[377.63,180.04],[377.62,180.04],[377.62,180.05],[377.61,180.05],[377.6,180.05],[377.59,180.04],[377.59,180.04],[377.59,180.04],[377.59,180.04],[377.58,180.05],[377.56,180.04],[377.55,180.05],[377.55,180.05],[377.54,180.05],[377.54,180.03]]]}},{"type":"Feature","id":"48036-170","properties":{"ridingCode":"48036","pollNumber":"170","pollType":"N","advancePollNumber":"615","sourceCode":"170-0","geometryPollNumbers":["170"],"code":"48036-170","resultPollNumbers":["170"],"resultStatus":"exact","result":{"electors":429,"voters":170,"totalVotes":169,"rejected":1,"turnout":39.62703962703963,"winnerId":"michael-cooper","winnerPartyId":"CPC","runnerUpId":"lucia-stachurski","runnerUpPartyId":"LIB","margin":28.994082840236686,"top":[{"id":"michael-cooper","name":"Michael Cooper","shortName":"Cooper","partyId":"CPC","votes":100,"share":59.171597633136095},{"id":"lucia-stachurski","name":"Lucia Stachurski","shortName":"Stachurski","partyId":"LIB","votes":51,"share":30.17751479289941},{"id":"dorothy-anderson","name":"Dorothy Anderson","shortName":"Anderson","partyId":"NDP","votes":16,"share":9.467455621301776},{"id":"brigitte-cecelia","name":"Brigitte Cecelia","shortName":"Cecelia","partyId":"PPC","votes":1,"share":0.591715976331361}],"partyVotes":{"LIB":51,"CPC":100,"BQ":0,"NDP":16,"GRN":0,"PPC":1,"OTH":1}}},"geometry":{"type":"Polygon","coordinates":[[[377.53,180.06],[377.53,180.03],[377.55,180.01],[377.55,180.01],[377.56,180],[377.57,179.98],[377.59,179.99],[377.6,180],[377.62,180.02],[377.62,180.02],[377.6,180.01],[377.6,180.01],[377.59,180],[377.58,180.02],[377.56,180.02],[377.56,180.02],[377.58,180.03],[377.58,180.04],[377.55,180.03],[377.54,180.03],[377.54,180.05],[377.55,180.05],[377.55,180.07],[377.54,180.07],[377.53,180.07],[377.53,180.06]]]}},{"type":"Feature","id":"48036-171","properties":{"ridingCode":"48036","pollNumber":"171","pollType":"N","advancePollNumber":"621","sourceCode":"171-0","geometryPollNumbers":["171"],"code":"48036-171","resultPollNumbers":["171"],"resultStatus":"exact","result":{"electors":348,"voters":169,"totalVotes":169,"rejected":0,"turnout":48.56321839080459,"winnerId":"michael-cooper","winnerPartyId":"CPC","runnerUpId":"lucia-stachurski","runnerUpPartyId":"LIB","margin":20.118343195266274,"top":[{"id":"michael-cooper","name":"Michael Cooper","shortName":"Cooper","partyId":"CPC","votes":100,"share":59.171597633136095},{"id":"lucia-stachurski","name":"Lucia Stachurski","shortName":"Stachurski","partyId":"LIB","votes":66,"share":39.053254437869825},{"id":"dorothy-anderson","name":"Dorothy Anderson","shortName":"Anderson","partyId":"NDP","votes":3,"share":1.7751479289940828},{"id":"brigitte-cecelia","name":"Brigitte Cecelia","shortName":"Cecelia","partyId":"PPC","votes":0,"share":0}],"partyVotes":{"LIB":66,"CPC":100,"BQ":0,"NDP":3,"GRN":0,"PPC":0,"OTH":0}}},"geometry":{"type":"Polygon","coordinates":[[[377.85,180.16],[377.86,180.15],[377.87,180.15],[377.88,180.15],[377.87,180.12],[377.87,180.11],[377.88,180.11],[377.89,180.11],[377.9,180.11],[377.89,180.12],[377.89,180.14],[377.9,180.14],[377.9,180.15],[377.88,180.18],[377.87,180.17],[377.85,180.16]]]}},{"type":"Feature","id":"48036-172","properties":{"ridingCode":"48036","pollNumber":"172","pollType":"N","advancePollNumber":"621","sourceCode":"172-0","geometryPollNumbers":["172"],"code":"48036-172","resultPollNumbers":["172"],"resultStatus":"exact","result":{"electors":357,"voters":153,"totalVotes":153,"rejected":0,"turnout":42.857142857142854,"winnerId":"michael-cooper","winnerPartyId":"CPC","runnerUpId":"lucia-stachurski","runnerUpPartyId":"LIB","margin":15.032679738562091,"top":[{"id":"michael-cooper","name":"Michael Cooper","shortName":"Cooper","partyId":"CPC","votes":83,"share":54.248366013071895},{"id":"lucia-stachurski","name":"Lucia Stachurski","shortName":"Stachurski","partyId":"LIB","votes":60,"share":39.21568627450981},{"id":"dorothy-anderson","name":"Dorothy Anderson","shortName":"Anderson","partyId":"NDP","votes":10,"share":6.535947712418301},{"id":"brigitte-cecelia","name":"Brigitte Cecelia","shortName":"Cecelia","partyId":"PPC","votes":0,"share":0}],"partyVotes":{"LIB":60,"CPC":83,"BQ":0,"NDP":10,"GRN":0,"PPC":0,"OTH":0}}},"geometry":{"type":"Polygon","coordinates":[[[377.84,180.13],[377.84,180.12],[377.85,180.12],[377.86,180.1],[377.87,180.11],[377.87,180.12],[377.88,180.15],[377.87,180.15],[377.86,180.15],[377.85,180.16],[377.85,180.15],[377.85,180.13],[377.84,180.13]]]}},{"type":"Feature","id":"48036-173","properties":{"ridingCode":"48036","pollNumber":"173","pollType":"N","advancePollNumber":"621","sourceCode":"173-0","geometryPollNumbers":["173"],"code":"48036-173","resultPollNumbers":["173"],"resultStatus":"exact","result":{"electors":515,"voters":221,"totalVotes":220,"rejected":1,"turnout":42.9126213592233,"winnerId":"michael-cooper","winnerPartyId":"CPC","runnerUpId":"lucia-stachurski","runnerUpPartyId":"LIB","margin":32.72727272727273,"top":[{"id":"michael-cooper","name":"Michael Cooper","shortName":"Cooper","partyId":"CPC","votes":144,"share":65.45454545454545},{"id":"lucia-stachurski","name":"Lucia Stachurski","shortName":"Stachurski","partyId":"LIB","votes":72,"share":32.72727272727273},{"id":"dorothy-anderson","name":"Dorothy Anderson","shortName":"Anderson","partyId":"NDP","votes":2,"share":0.9090909090909091},{"id":"brigitte-cecelia","name":"Brigitte Cecelia","shortName":"Cecelia","partyId":"PPC","votes":1,"share":0.45454545454545453}],"partyVotes":{"LIB":72,"CPC":144,"BQ":0,"NDP":2,"GRN":0,"PPC":1,"OTH":1}}},"geometry":{"type":"Polygon","coordinates":[[[377.85,180.05],[377.86,180.03],[377.87,180.03],[377.86,180.05],[377.87,180.06],[377.88,180.06],[377.88,180.07],[377.9,180.09],[377.91,180.08],[377.91,180.09],[377.9,180.09],[377.91,180.1],[377.92,180.11],[377.92,180.1],[377.92,180.1],[377.93,180.1],[377.93,180.09],[377.94,180.1],[377.93,180.12],[377.92,180.11],[377.92,180.12],[377.91,180.12],[377.9,180.12],[377.9,180.13],[377.91,180.14],[377.9,180.14],[377.89,180.14],[377.89,180.12],[377.9,180.11],[377.89,180.11],[377.88,180.11],[377.87,180.11],[377.86,180.1],[377.86,180.08],[377.86,180.07],[377.86,180.05],[377.85,180.05]]]}},{"type":"Feature","id":"48036-174","properties":{"ridingCode":"48036","pollNumber":"174","pollType":"N","advancePollNumber":"621","sourceCode":"174-0","geometryPollNumbers":["174"],"code":"48036-174","resultPollNumbers":["174"],"resultStatus":"exact","result":{"electors":552,"voters":236,"totalVotes":236,"rejected":0,"turnout":42.7536231884058,"winnerId":"michael-cooper","winnerPartyId":"CPC","runnerUpId":"lucia-stachurski","runnerUpPartyId":"LIB","margin":11.440677966101696,"top":[{"id":"michael-cooper","name":"Michael Cooper","shortName":"Cooper","partyId":"CPC","votes":126,"share":53.38983050847458},{"id":"lucia-stachurski","name":"Lucia Stachurski","shortName":"Stachurski","partyId":"LIB","votes":99,"share":41.94915254237288},{"id":"dorothy-anderson","name":"Dorothy Anderson","shortName":"Anderson","partyId":"NDP","votes":11,"share":4.661016949152542},{"id":"brigitte-cecelia","name":"Brigitte Cecelia","shortName":"Cecelia","partyId":"PPC","votes":0,"share":0}],"partyVotes":{"LIB":99,"CPC":126,"BQ":0,"NDP":11,"GRN":0,"PPC":0,"OTH":0}}},"geometry":{"type":"Polygon","coordinates":[[[377.97,180.08],[377.9,180.15],[377.9,180.14],[377.91,180.14],[377.9,180.13],[377.9,180.12],[377.91,180.12],[377.92,180.12],[377.92,180.11],[377.93,180.12],[377.94,180.1],[377.93,180.09],[377.93,180.1],[377.92,180.1],[377.92,180.1],[377.92,180.11],[377.91,180.1],[377.9,180.09],[377.91,180.09],[377.91,180.08],[377.9,180.09],[377.88,180.07],[377.88,180.06],[377.89,180.03],[377.9,180.03],[377.9,180.03],[377.92,180.03],[377.92,180.03],[377.95,180.06],[377.97,180.08],[377.97,180.08]]]}},{"type":"Feature","id":"48036-175","properties":{"ridingCode":"48036","pollNumber":"175","pollType":"N","advancePollNumber":"615","sourceCode":"175-0","geometryPollNumbers":["175"],"code":"48036-175","resultPollNumbers":["175"],"resultStatus":"exact","result":{"electors":518,"voters":166,"totalVotes":166,"rejected":0,"turnout":32.04633204633205,"winnerId":"michael-cooper","winnerPartyId":"CPC","runnerUpId":"lucia-stachurski","runnerUpPartyId":"LIB","margin":22.89156626506024,"top":[{"id":"michael-cooper","name":"Michael Cooper","shortName":"Cooper","partyId":"CPC","votes":94,"share":56.62650602409639},{"id":"lucia-stachurski","name":"Lucia Stachurski","shortName":"Stachurski","partyId":"LIB","votes":56,"share":33.734939759036145},{"id":"dorothy-anderson","name":"Dorothy Anderson","shortName":"Anderson","partyId":"NDP","votes":13,"share":7.83132530120482},{"id":"brigitte-cecelia","name":"Brigitte Cecelia","shortName":"Cecelia","partyId":"PPC","votes":3,"share":1.8072289156626504}],"partyVotes":{"LIB":56,"CPC":94,"BQ":0,"NDP":13,"GRN":0,"PPC":3,"OTH":0}}},"geometry":{"type":"Polygon","coordinates":[[[377.32,180.13],[377.32,180.1],[377.41,180.09],[377.41,180.11],[377.41,180.12],[377.34,180.14],[377.32,180.15],[377.32,180.13]]]}},{"type":"Feature","id":"48036-176","properties":{"ridingCode":"48036","pollNumber":"176","pollType":"N","advancePollNumber":"620","sourceCode":"176-0","geometryPollNumbers":["176"],"code":"48036-176","resultPollNumbers":["176"],"resultStatus":"exact","result":{"electors":368,"voters":175,"totalVotes":174,"rejected":1,"turnout":47.55434782608695,"winnerId":"michael-cooper","winnerPartyId":"CPC","runnerUpId":"lucia-stachurski","runnerUpPartyId":"LIB","margin":27.586206896551722,"top":[{"id":"michael-cooper","name":"Michael Cooper","shortName":"Cooper","partyId":"CPC","votes":100,"share":57.47126436781609},{"id":"lucia-stachurski","name":"Lucia Stachurski","shortName":"Stachurski","partyId":"LIB","votes":52,"share":29.88505747126437},{"id":"dorothy-anderson","name":"Dorothy Anderson","shortName":"Anderson","partyId":"NDP","votes":20,"share":11.494252873563218},{"id":"brigitte-cecelia","name":"Brigitte Cecelia","shortName":"Cecelia","partyId":"PPC","votes":2,"share":1.1494252873563218}],"partyVotes":{"LIB":52,"CPC":100,"BQ":0,"NDP":20,"GRN":0,"PPC":2,"OTH":0}}},"geometry":{"type":"Polygon","coordinates":[[[377.48,180.07],[377.49,180.06],[377.5,180.05],[377.51,180.05],[377.52,180.05],[377.52,180.06],[377.53,180.06],[377.53,180.07],[377.54,180.07],[377.54,180.1],[377.52,180.1],[377.52,180.08],[377.51,180.08],[377.51,180.08],[377.48,180.07]]]}},{"type":"Feature","id":"48036-177","properties":{"ridingCode":"48036","pollNumber":"177","pollType":"N","advancePollNumber":"620","sourceCode":"177-0","geometryPollNumbers":["177"],"code":"48036-177","resultPollNumbers":["177"],"resultStatus":"exact","result":{"electors":394,"voters":157,"totalVotes":155,"rejected":2,"turnout":39.847715736040605,"winnerId":"michael-cooper","winnerPartyId":"CPC","runnerUpId":"lucia-stachurski","runnerUpPartyId":"LIB","margin":16.7741935483871,"top":[{"id":"michael-cooper","name":"Michael Cooper","shortName":"Cooper","partyId":"CPC","votes":85,"share":54.83870967741935},{"id":"lucia-stachurski","name":"Lucia Stachurski","shortName":"Stachurski","partyId":"LIB","votes":59,"share":38.064516129032256},{"id":"dorothy-anderson","name":"Dorothy Anderson","shortName":"Anderson","partyId":"NDP","votes":11,"share":7.096774193548387},{"id":"brigitte-cecelia","name":"Brigitte Cecelia","shortName":"Cecelia","partyId":"PPC","votes":0,"share":0}],"partyVotes":{"LIB":59,"CPC":85,"BQ":0,"NDP":11,"GRN":0,"PPC":0,"OTH":0}}},"geometry":{"type":"Polygon","coordinates":[[[377.55,180.07],[377.55,180.05],[377.55,180.05],[377.56,180.04],[377.58,180.05],[377.58,180.05],[377.58,180.06],[377.58,180.06],[377.58,180.06],[377.58,180.06],[377.58,180.05],[377.58,180.05],[377.6,180.06],[377.6,180.08],[377.6,180.08],[377.57,180.08],[377.55,180.07]],[[377.58,180.08],[377.58,180.08],[377.57,180.08],[377.58,180.08]]]}},{"type":"Feature","id":"48036-178","properties":{"ridingCode":"48036","pollNumber":"178","pollType":"N","advancePollNumber":"615","sourceCode":"178-0","geometryPollNumbers":["178"],"code":"48036-178","resultPollNumbers":["178"],"resultStatus":"exact","result":{"electors":779,"voters":328,"totalVotes":326,"rejected":2,"turnout":42.10526315789473,"winnerId":"michael-cooper","winnerPartyId":"CPC","runnerUpId":"lucia-stachurski","runnerUpPartyId":"LIB","margin":27.914110429447852,"top":[{"id":"michael-cooper","name":"Michael Cooper","shortName":"Cooper","partyId":"CPC","votes":202,"share":61.963190184049076},{"id":"lucia-stachurski","name":"Lucia Stachurski","shortName":"Stachurski","partyId":"LIB","votes":111,"share":34.04907975460122},{"id":"dorothy-anderson","name":"Dorothy Anderson","shortName":"Anderson","partyId":"NDP","votes":11,"share":3.374233128834356},{"id":"brigitte-cecelia","name":"Brigitte Cecelia","shortName":"Cecelia","partyId":"PPC","votes":1,"share":0.3067484662576687}],"partyVotes":{"LIB":111,"CPC":202,"BQ":0,"NDP":11,"GRN":0,"PPC":1,"OTH":1}}},"geometry":{"type":"Polygon","coordinates":[[[377.18,180.02],[377.18,179.99],[377.18,179.98],[377.19,179.98],[377.21,179.97],[377.22,179.95],[377.24,179.94],[377.24,179.94],[377.26,179.95],[377.26,179.96],[377.27,179.96],[377.27,179.96],[377.28,179.96],[377.29,179.96],[377.31,179.95],[377.32,179.96],[377.32,179.95],[377.32,179.94],[377.33,179.93],[377.33,179.93],[377.34,179.91],[377.34,179.88],[377.37,179.87],[377.38,179.87],[377.39,179.89],[377.4,179.91],[377.42,179.92],[377.45,179.94],[377.5,179.96],[377.52,179.97],[377.56,179.98],[377.57,179.98],[377.56,180],[377.55,180.01],[377.53,180.01],[377.51,180.01],[377.49,180.01],[377.44,180],[377.4,180.01],[377.4,180.03],[377.42,180.03],[377.43,180.03],[377.44,180.03],[377.45,180.04],[377.46,180.05],[377.47,180.06],[377.47,180.07],[377.44,180.09],[377.44,180.09],[377.43,180.1],[377.42,180.11],[377.41,180.11],[377.41,180.09],[377.32,180.1],[377.32,180.13],[377.32,180.15],[377.23,180.17],[377.16,180.16],[377.16,180.16],[377.16,180.16],[377.15,180.15],[377.16,180.15],[377.15,180.15],[377.15,180.14],[377.15,180.14],[377.15,180.13],[377.14,180.12],[377.14,180.12],[377.14,180.12],[377.14,180.12],[377.14,180.12],[377.14,180.11],[377.14,180.11],[377.14,180.1],[377.14,180.1],[377.14,180.09],[377.14,180.08],[377.15,180.08],[377.15,180.08],[377.16,180.07],[377.15,180.07],[377.16,180.06],[377.16,180.05],[377.17,180.05],[377.18,180.05],[377.18,180.05],[377.18,180.04],[377.18,180.04],[377.18,180.04],[377.18,180.04],[377.19,180.04],[377.18,180.03],[377.18,180.03],[377.19,180.03],[377.18,180.02]]]}},{"type":"Feature","id":"48036-179","properties":{"ridingCode":"48036","pollNumber":"179","pollType":"N","advancePollNumber":"615","sourceCode":"179-0","geometryPollNumbers":["179"],"code":"48036-179","resultPollNumbers":["179"],"resultStatus":"exact","result":{"electors":572,"voters":256,"totalVotes":256,"rejected":0,"turnout":44.75524475524475,"winnerId":"michael-cooper","winnerPartyId":"CPC","runnerUpId":"lucia-stachurski","runnerUpPartyId":"LIB","margin":30.46875,"top":[{"id":"michael-cooper","name":"Michael Cooper","shortName":"Cooper","partyId":"CPC","votes":162,"share":63.28125},{"id":"lucia-stachurski","name":"Lucia Stachurski","shortName":"Stachurski","partyId":"LIB","votes":84,"share":32.8125},{"id":"dorothy-anderson","name":"Dorothy Anderson","shortName":"Anderson","partyId":"NDP","votes":8,"share":3.125},{"id":"brigitte-cecelia","name":"Brigitte Cecelia","shortName":"Cecelia","partyId":"PPC","votes":2,"share":0.78125}],"partyVotes":{"LIB":84,"CPC":162,"BQ":0,"NDP":8,"GRN":0,"PPC":2,"OTH":0}}},"geometry":{"type":"Polygon","coordinates":[[[377.55,180.01],[377.47,180.06],[377.46,180.05],[377.45,180.04],[377.48,180.02],[377.49,180.01],[377.51,180.01],[377.53,180.01],[377.55,180.01]]]}},{"type":"Feature","id":"48036-180","properties":{"ridingCode":"48036","pollNumber":"180","pollType":"N","advancePollNumber":"615","sourceCode":"180-0","geometryPollNumbers":["180"],"code":"48036-180","resultPollNumbers":["180"],"resultStatus":"exact","result":{"electors":610,"voters":265,"totalVotes":264,"rejected":1,"turnout":43.44262295081967,"winnerId":"michael-cooper","winnerPartyId":"CPC","runnerUpId":"lucia-stachurski","runnerUpPartyId":"LIB","margin":36.36363636363637,"top":[{"id":"michael-cooper","name":"Michael Cooper","shortName":"Cooper","partyId":"CPC","votes":173,"share":65.53030303030303},{"id":"lucia-stachurski","name":"Lucia Stachurski","shortName":"Stachurski","partyId":"LIB","votes":77,"share":29.166666666666668},{"id":"dorothy-anderson","name":"Dorothy Anderson","shortName":"Anderson","partyId":"NDP","votes":11,"share":4.166666666666666},{"id":"brigitte-cecelia","name":"Brigitte Cecelia","shortName":"Cecelia","partyId":"PPC","votes":2,"share":0.7575757575757576}],"partyVotes":{"LIB":77,"CPC":173,"BQ":0,"NDP":11,"GRN":0,"PPC":2,"OTH":1}}},"geometry":{"type":"Polygon","coordinates":[[[377.4,180.01],[377.44,180],[377.49,180.01],[377.48,180.02],[377.45,180.04],[377.44,180.03],[377.43,180.03],[377.42,180.03],[377.4,180.03],[377.4,180.01]]]}},{"type":"Feature","id":"48036-181","properties":{"ridingCode":"48036","pollNumber":"181","pollType":"N","advancePollNumber":"617","sourceCode":"181-0","geometryPollNumbers":["181"],"code":"48036-181","resultPollNumbers":["181"],"resultStatus":"exact","result":{"electors":420,"voters":157,"totalVotes":157,"rejected":0,"turnout":37.38095238095238,"winnerId":"michael-cooper","winnerPartyId":"CPC","runnerUpId":"lucia-stachurski","runnerUpPartyId":"LIB","margin":3.1847133757961785,"top":[{"id":"michael-cooper","name":"Michael Cooper","shortName":"Cooper","partyId":"CPC","votes":74,"share":47.13375796178344},{"id":"lucia-stachurski","name":"Lucia Stachurski","shortName":"Stachurski","partyId":"LIB","votes":69,"share":43.94904458598726},{"id":"dorothy-anderson","name":"Dorothy Anderson","shortName":"Anderson","partyId":"NDP","votes":9,"share":5.7324840764331215},{"id":"brigitte-cecelia","name":"Brigitte Cecelia","shortName":"Cecelia","partyId":"PPC","votes":5,"share":3.1847133757961785}],"partyVotes":{"LIB":69,"CPC":74,"BQ":0,"NDP":9,"GRN":0,"PPC":5,"OTH":0}}},"geometry":{"type":"Polygon","coordinates":[[[377.65,180.03],[377.64,180.01],[377.67,180.02],[377.68,180.03],[377.69,180.05],[377.71,180.06],[377.73,180.08],[377.75,180.09],[377.73,180.12],[377.71,180.11],[377.7,180.11],[377.7,180.1],[377.7,180.09],[377.68,180.07],[377.67,180.03],[377.66,180.03],[377.65,180.03]]]}},{"type":"Feature","id":"48036-182","properties":{"ridingCode":"48036","pollNumber":"182","pollType":"N","advancePollNumber":"622","sourceCode":"182-0","geometryPollNumbers":["182"],"code":"48036-182","resultPollNumbers":["182"],"resultStatus":"exact","result":{"electors":468,"voters":189,"totalVotes":189,"rejected":0,"turnout":40.38461538461539,"winnerId":"michael-cooper","winnerPartyId":"CPC","runnerUpId":"lucia-stachurski","runnerUpPartyId":"LIB","margin":24.33862433862434,"top":[{"id":"michael-cooper","name":"Michael Cooper","shortName":"Cooper","partyId":"CPC","votes":112,"share":59.25925925925925},{"id":"lucia-stachurski","name":"Lucia Stachurski","shortName":"Stachurski","partyId":"LIB","votes":66,"share":34.92063492063492},{"id":"dorothy-anderson","name":"Dorothy Anderson","shortName":"Anderson","partyId":"NDP","votes":8,"share":4.232804232804233},{"id":"brigitte-cecelia","name":"Brigitte Cecelia","shortName":"Cecelia","partyId":"PPC","votes":3,"share":1.5873015873015872}],"partyVotes":{"LIB":66,"CPC":112,"BQ":0,"NDP":8,"GRN":0,"PPC":3,"OTH":0}}},"geometry":{"type":"Polygon","coordinates":[[[377.69,180.05],[377.68,180.03],[377.68,180.03],[377.69,180],[377.7,179.99],[377.7,180],[377.7,180.01],[377.69,180.02],[377.69,180.03],[377.7,180.03],[377.7,180.01],[377.72,180.02],[377.72,180.02],[377.72,180.03],[377.71,180.04],[377.72,180.05],[377.72,180.05],[377.73,180.03],[377.74,180.04],[377.73,180.06],[377.72,180.05],[377.71,180.06],[377.69,180.05]]]}},{"type":"Feature","id":"48036-183","properties":{"ridingCode":"48036","pollNumber":"183","pollType":"N","advancePollNumber":"621","sourceCode":"183-0","geometryPollNumbers":["183"],"code":"48036-183","resultPollNumbers":["183"],"resultStatus":"exact","result":{"electors":356,"voters":189,"totalVotes":189,"rejected":0,"turnout":53.08988764044944,"winnerId":"michael-cooper","winnerPartyId":"CPC","runnerUpId":"lucia-stachurski","runnerUpPartyId":"LIB","margin":19.047619047619047,"top":[{"id":"michael-cooper","name":"Michael Cooper","shortName":"Cooper","partyId":"CPC","votes":109,"share":57.67195767195767},{"id":"lucia-stachurski","name":"Lucia Stachurski","shortName":"Stachurski","partyId":"LIB","votes":73,"share":38.62433862433862},{"id":"dorothy-anderson","name":"Dorothy Anderson","shortName":"Anderson","partyId":"NDP","votes":6,"share":3.1746031746031744},{"id":"brigitte-cecelia","name":"Brigitte Cecelia","shortName":"Cecelia","partyId":"PPC","votes":1,"share":0.5291005291005291}],"partyVotes":{"LIB":73,"CPC":109,"BQ":0,"NDP":6,"GRN":0,"PPC":1,"OTH":0}}},"geometry":{"type":"Polygon","coordinates":[[[377.78,180.12],[377.78,180.11],[377.78,180.1],[377.79,180.11],[377.8,180.11],[377.8,180.12],[377.83,180.11],[377.83,180.12],[377.84,180.13],[377.83,180.13],[377.79,180.13],[377.77,180.13],[377.76,180.12],[377.75,180.09],[377.75,180.09],[377.76,180.07],[377.77,180.08],[377.76,180.1],[377.76,180.11],[377.77,180.12],[377.78,180.12],[377.78,180.12]]]}},{"type":"Feature","id":"48036-184","properties":{"ridingCode":"48036","pollNumber":"184","pollType":"N","advancePollNumber":"621","sourceCode":"184-0","geometryPollNumbers":["184"],"code":"48036-184","resultPollNumbers":["184"],"resultStatus":"exact","result":{"electors":334,"voters":152,"totalVotes":152,"rejected":0,"turnout":45.50898203592814,"winnerId":"lucia-stachurski","winnerPartyId":"LIB","runnerUpId":"michael-cooper","runnerUpPartyId":"CPC","margin":3.289473684210526,"top":[{"id":"lucia-stachurski","name":"Lucia Stachurski","shortName":"Stachurski","partyId":"LIB","votes":72,"share":47.368421052631575},{"id":"michael-cooper","name":"Michael Cooper","shortName":"Cooper","partyId":"CPC","votes":67,"share":44.07894736842105},{"id":"dorothy-anderson","name":"Dorothy Anderson","shortName":"Anderson","partyId":"NDP","votes":12,"share":7.894736842105263},{"id":"jeff-willerton","name":"Jeff Willerton","shortName":"Willerton","partyId":"OTH","votes":1,"share":0.6578947368421052}],"partyVotes":{"LIB":72,"CPC":67,"BQ":0,"NDP":12,"GRN":0,"PPC":0,"OTH":1}}},"geometry":{"type":"Polygon","coordinates":[[[377.83,180.11],[377.84,180.09],[377.84,180.09],[377.85,180.09],[377.86,180.08],[377.85,180.08],[377.84,180.08],[377.85,180.07],[377.84,180.07],[377.85,180.06],[377.84,180.05],[377.83,180.06],[377.82,180.05],[377.82,180.05],[377.82,180.04],[377.85,180.05],[377.86,180.05],[377.86,180.07],[377.86,180.08],[377.86,180.1],[377.85,180.12],[377.84,180.12],[377.84,180.13],[377.84,180.13],[377.83,180.12],[377.83,180.11],[377.83,180.11]]]}},{"type":"Feature","id":"48036-185","properties":{"ridingCode":"48036","pollNumber":"185","pollType":"N","advancePollNumber":"621","sourceCode":"185-0","geometryPollNumbers":["185"],"code":"48036-185","resultPollNumbers":["185"],"resultStatus":"exact","result":{"electors":434,"voters":194,"totalVotes":193,"rejected":1,"turnout":44.70046082949309,"winnerId":"michael-cooper","winnerPartyId":"CPC","runnerUpId":"lucia-stachurski","runnerUpPartyId":"LIB","margin":23.316062176165804,"top":[{"id":"michael-cooper","name":"Michael Cooper","shortName":"Cooper","partyId":"CPC","votes":114,"share":59.067357512953365},{"id":"lucia-stachurski","name":"Lucia Stachurski","shortName":"Stachurski","partyId":"LIB","votes":69,"share":35.751295336787564},{"id":"dorothy-anderson","name":"Dorothy Anderson","shortName":"Anderson","partyId":"NDP","votes":8,"share":4.145077720207254},{"id":"brigitte-cecelia","name":"Brigitte Cecelia","shortName":"Cecelia","partyId":"PPC","votes":2,"share":1.0362694300518136}],"partyVotes":{"LIB":69,"CPC":114,"BQ":0,"NDP":8,"GRN":0,"PPC":2,"OTH":0}}},"geometry":{"type":"Polygon","coordinates":[[[377.86,180.03],[377.86,180.02],[377.87,180.01],[377.9,180.01],[377.9,180.01],[377.9,180.03],[377.9,180.03],[377.89,180.03],[377.88,180.06],[377.87,180.06],[377.86,180.05],[377.87,180.03],[377.86,180.03]]]}},{"type":"Feature","id":"48036-186","properties":{"ridingCode":"48036","pollNumber":"186","pollType":"N","advancePollNumber":"621","sourceCode":"186-0","geometryPollNumbers":["186"],"code":"48036-186","resultPollNumbers":["186"],"resultStatus":"exact","result":{"electors":426,"voters":183,"totalVotes":182,"rejected":1,"turnout":42.95774647887324,"winnerId":"michael-cooper","winnerPartyId":"CPC","runnerUpId":"lucia-stachurski","runnerUpPartyId":"LIB","margin":30.76923076923077,"top":[{"id":"michael-cooper","name":"Michael Cooper","shortName":"Cooper","partyId":"CPC","votes":114,"share":62.637362637362635},{"id":"lucia-stachurski","name":"Lucia Stachurski","shortName":"Stachurski","partyId":"LIB","votes":58,"share":31.868131868131865},{"id":"dorothy-anderson","name":"Dorothy Anderson","shortName":"Anderson","partyId":"NDP","votes":7,"share":3.8461538461538463},{"id":"brigitte-cecelia","name":"Brigitte Cecelia","shortName":"Cecelia","partyId":"PPC","votes":2,"share":1.098901098901099}],"partyVotes":{"LIB":58,"CPC":114,"BQ":0,"NDP":7,"GRN":0,"PPC":2,"OTH":1}}},"geometry":{"type":"Polygon","coordinates":[[[377.79,180.03],[377.79,180.03],[377.83,179.99],[377.83,180],[377.84,179.99],[377.85,179.98],[377.86,179.99],[377.86,179.99],[377.88,180],[377.9,180.01],[377.87,180.01],[377.86,180.02],[377.86,180.03],[377.85,180.05],[377.82,180.04],[377.8,180.04],[377.79,180.03]]]}},{"type":"Feature","id":"48036-187","properties":{"ridingCode":"48036","pollNumber":"187","pollType":"N","advancePollNumber":"622","sourceCode":"187-0","geometryPollNumbers":["187"],"code":"48036-187","resultPollNumbers":["187"],"resultStatus":"exact","result":{"electors":488,"voters":228,"totalVotes":228,"rejected":0,"turnout":46.72131147540984,"winnerId":"michael-cooper","winnerPartyId":"CPC","runnerUpId":"lucia-stachurski","runnerUpPartyId":"LIB","margin":17.543859649122805,"top":[{"id":"michael-cooper","name":"Michael Cooper","shortName":"Cooper","partyId":"CPC","votes":121,"share":53.07017543859649},{"id":"lucia-stachurski","name":"Lucia Stachurski","shortName":"Stachurski","partyId":"LIB","votes":81,"share":35.526315789473685},{"id":"dorothy-anderson","name":"Dorothy Anderson","shortName":"Anderson","partyId":"NDP","votes":18,"share":7.894736842105263},{"id":"brigitte-cecelia","name":"Brigitte Cecelia","shortName":"Cecelia","partyId":"PPC","votes":7,"share":3.070175438596491}],"partyVotes":{"LIB":81,"CPC":121,"BQ":0,"NDP":18,"GRN":0,"PPC":7,"OTH":1}}},"geometry":{"type":"Polygon","coordinates":[[[377.75,180.09],[377.73,180.08],[377.71,180.06],[377.72,180.05],[377.73,180.06],[377.74,180.04],[377.73,180.03],[377.72,180.05],[377.72,180.05],[377.71,180.04],[377.72,180.03],[377.72,180.02],[377.72,180.02],[377.7,180.01],[377.7,180.03],[377.69,180.03],[377.69,180.02],[377.7,180.01],[377.7,180],[377.7,179.99],[377.7,179.99],[377.74,180],[377.75,180.01],[377.75,180.01],[377.74,180.02],[377.75,180.04],[377.77,180.06],[377.76,180.07],[377.75,180.09]]]}},{"type":"Feature","id":"48036-188","properties":{"ridingCode":"48036","pollNumber":"188","pollType":"N","advancePollNumber":"622","sourceCode":"188-0","geometryPollNumbers":["188"],"code":"48036-188","resultPollNumbers":["188"],"resultStatus":"exact","result":{"electors":527,"voters":236,"totalVotes":235,"rejected":1,"turnout":44.78178368121442,"winnerId":"michael-cooper","winnerPartyId":"CPC","runnerUpId":"lucia-stachurski","runnerUpPartyId":"LIB","margin":5.957446808510639,"top":[{"id":"michael-cooper","name":"Michael Cooper","shortName":"Cooper","partyId":"CPC","votes":111,"share":47.23404255319149},{"id":"lucia-stachurski","name":"Lucia Stachurski","shortName":"Stachurski","partyId":"LIB","votes":97,"share":41.27659574468085},{"id":"dorothy-anderson","name":"Dorothy Anderson","shortName":"Anderson","partyId":"NDP","votes":20,"share":8.51063829787234},{"id":"brigitte-cecelia","name":"Brigitte Cecelia","shortName":"Cecelia","partyId":"PPC","votes":6,"share":2.553191489361702}],"partyVotes":{"LIB":97,"CPC":111,"BQ":0,"NDP":20,"GRN":0,"PPC":6,"OTH":1}}},"geometry":{"type":"Polygon","coordinates":[[[377.75,180.01],[377.79,180.03],[377.77,180.06],[377.75,180.04],[377.74,180.02],[377.75,180.01],[377.75,180.01]]]}},{"type":"Feature","id":"48036-189","properties":{"ridingCode":"48036","pollNumber":"189","pollType":"N","advancePollNumber":"622","sourceCode":"189-0","geometryPollNumbers":["189"],"code":"48036-189","resultPollNumbers":["189"],"resultStatus":"exact","result":{"electors":446,"voters":159,"totalVotes":159,"rejected":0,"turnout":35.65022421524663,"winnerId":"michael-cooper","winnerPartyId":"CPC","runnerUpId":"lucia-stachurski","runnerUpPartyId":"LIB","margin":8.176100628930817,"top":[{"id":"michael-cooper","name":"Michael Cooper","shortName":"Cooper","partyId":"CPC","votes":80,"share":50.314465408805034},{"id":"lucia-stachurski","name":"Lucia Stachurski","shortName":"Stachurski","partyId":"LIB","votes":67,"share":42.138364779874216},{"id":"dorothy-anderson","name":"Dorothy Anderson","shortName":"Anderson","partyId":"NDP","votes":11,"share":6.918238993710692},{"id":"brigitte-cecelia","name":"Brigitte Cecelia","shortName":"Cecelia","partyId":"PPC","votes":1,"share":0.628930817610063}],"partyVotes":{"LIB":67,"CPC":80,"BQ":0,"NDP":11,"GRN":0,"PPC":1,"OTH":0}}},"geometry":{"type":"Polygon","coordinates":[[[377.68,179.98],[377.72,179.93],[377.74,179.94],[377.74,179.95],[377.75,179.95],[377.76,179.95],[377.76,179.96],[377.77,179.96],[377.76,179.96],[377.76,179.98],[377.76,179.99],[377.74,179.99],[377.74,180],[377.7,179.99],[377.68,179.98]]]}},{"type":"Feature","id":"48036-190","properties":{"ridingCode":"48036","pollNumber":"190","pollType":"N","advancePollNumber":"622","sourceCode":"190-0","geometryPollNumbers":["190"],"code":"48036-190","resultPollNumbers":["190"],"resultStatus":"exact","result":{"electors":385,"voters":181,"totalVotes":179,"rejected":2,"turnout":47.01298701298701,"winnerId":"michael-cooper","winnerPartyId":"CPC","runnerUpId":"lucia-stachurski","runnerUpPartyId":"LIB","margin":7.262569832402235,"top":[{"id":"michael-cooper","name":"Michael Cooper","shortName":"Cooper","partyId":"CPC","votes":87,"share":48.60335195530726},{"id":"lucia-stachurski","name":"Lucia Stachurski","shortName":"Stachurski","partyId":"LIB","votes":74,"share":41.340782122905026},{"id":"dorothy-anderson","name":"Dorothy Anderson","shortName":"Anderson","partyId":"NDP","votes":16,"share":8.938547486033519},{"id":"brigitte-cecelia","name":"Brigitte Cecelia","shortName":"Cecelia","partyId":"PPC","votes":1,"share":0.5586592178770949}],"partyVotes":{"LIB":74,"CPC":87,"BQ":0,"NDP":16,"GRN":0,"PPC":1,"OTH":1}}},"geometry":{"type":"Polygon","coordinates":[[[377.74,180],[377.74,179.99],[377.76,179.99],[377.77,179.99],[377.78,179.98],[377.79,179.99],[377.81,180],[377.79,180.03],[377.79,180.03],[377.75,180.01],[377.74,180]]]}},{"type":"Feature","id":"48036-191","properties":{"ridingCode":"48036","pollNumber":"191","pollType":"N","advancePollNumber":"622","sourceCode":"191-0","geometryPollNumbers":["191"],"code":"48036-191","resultPollNumbers":["191"],"resultStatus":"exact","result":{"electors":303,"voters":144,"totalVotes":144,"rejected":0,"turnout":47.524752475247524,"winnerId":"michael-cooper","winnerPartyId":"CPC","runnerUpId":"lucia-stachurski","runnerUpPartyId":"LIB","margin":6.25,"top":[{"id":"michael-cooper","name":"Michael Cooper","shortName":"Cooper","partyId":"CPC","votes":70,"share":48.61111111111111},{"id":"lucia-stachurski","name":"Lucia Stachurski","shortName":"Stachurski","partyId":"LIB","votes":61,"share":42.36111111111111},{"id":"dorothy-anderson","name":"Dorothy Anderson","shortName":"Anderson","partyId":"NDP","votes":11,"share":7.638888888888889},{"id":"jeff-willerton","name":"Jeff Willerton","shortName":"Willerton","partyId":"OTH","votes":2,"share":1.3888888888888888}],"partyVotes":{"LIB":61,"CPC":70,"BQ":0,"NDP":11,"GRN":0,"PPC":0,"OTH":2}}},"geometry":{"type":"Polygon","coordinates":[[[377.79,180.03],[377.81,180],[377.79,179.99],[377.78,179.98],[377.77,179.99],[377.76,179.99],[377.76,179.98],[377.76,179.96],[377.77,179.96],[377.76,179.96],[377.76,179.95],[377.77,179.95],[377.78,179.95],[377.79,179.96],[377.79,179.97],[377.79,179.97],[377.81,179.99],[377.81,179.99],[377.81,179.99],[377.81,179.99],[377.82,179.99],[377.82,179.99],[377.83,179.99],[377.79,180.03]]]}},{"type":"Feature","id":"48036-192","properties":{"ridingCode":"48036","pollNumber":"192","pollType":"N","advancePollNumber":"621","sourceCode":"192-0","geometryPollNumbers":["192"],"code":"48036-192","resultPollNumbers":["192"],"resultStatus":"exact","result":{"electors":355,"voters":167,"totalVotes":167,"rejected":0,"turnout":47.04225352112676,"winnerId":"michael-cooper","winnerPartyId":"CPC","runnerUpId":"lucia-stachurski","runnerUpPartyId":"LIB","margin":7.784431137724551,"top":[{"id":"michael-cooper","name":"Michael Cooper","shortName":"Cooper","partyId":"CPC","votes":85,"share":50.898203592814376},{"id":"lucia-stachurski","name":"Lucia Stachurski","shortName":"Stachurski","partyId":"LIB","votes":72,"share":43.11377245508982},{"id":"dorothy-anderson","name":"Dorothy Anderson","shortName":"Anderson","partyId":"NDP","votes":9,"share":5.389221556886228},{"id":"brigitte-cecelia","name":"Brigitte Cecelia","shortName":"Cecelia","partyId":"PPC","votes":1,"share":0.5988023952095809}],"partyVotes":{"LIB":72,"CPC":85,"BQ":0,"NDP":9,"GRN":0,"PPC":1,"OTH":0}}},"geometry":{"type":"Polygon","coordinates":[[[377.9,179.99],[377.9,179.99],[377.91,179.98],[377.92,179.97],[377.91,179.94],[377.9,179.9],[377.93,179.9],[377.98,179.91],[378.03,180.06],[377.97,180.08],[377.95,180.06],[377.92,180.03],[377.92,180.03],[377.9,180.03],[377.9,180.01],[377.9,179.99]]]}},{"type":"Feature","id":"48036-193","properties":{"ridingCode":"48036","pollNumber":"193","pollType":"N","advancePollNumber":"622","sourceCode":"193-0","geometryPollNumbers":["193"],"code":"48036-193","resultPollNumbers":["193"],"resultStatus":"exact","result":{"electors":391,"voters":187,"totalVotes":187,"rejected":0,"turnout":47.82608695652174,"winnerId":"lucia-stachurski","winnerPartyId":"LIB","runnerUpId":"michael-cooper","runnerUpPartyId":"CPC","margin":2.13903743315508,"top":[{"id":"lucia-stachurski","name":"Lucia Stachurski","shortName":"Stachurski","partyId":"LIB","votes":89,"share":47.593582887700535},{"id":"michael-cooper","name":"Michael Cooper","shortName":"Cooper","partyId":"CPC","votes":85,"share":45.45454545454545},{"id":"dorothy-anderson","name":"Dorothy Anderson","shortName":"Anderson","partyId":"NDP","votes":12,"share":6.417112299465241},{"id":"brigitte-cecelia","name":"Brigitte Cecelia","shortName":"Cecelia","partyId":"PPC","votes":1,"share":0.53475935828877}],"partyVotes":{"LIB":89,"CPC":85,"BQ":0,"NDP":12,"GRN":0,"PPC":1,"OTH":0}}},"geometry":{"type":"Polygon","coordinates":[[[377.85,179.96],[377.86,179.96],[377.88,179.95],[377.88,179.97],[377.88,179.98],[377.89,179.99],[377.9,179.99],[377.9,180.01],[377.9,180.01],[377.88,180],[377.86,179.99],[377.86,179.99],[377.85,179.98],[377.84,179.99],[377.83,180],[377.83,179.99],[377.85,179.96]]]}},{"type":"Feature","id":"48036-194","properties":{"ridingCode":"48036","pollNumber":"194","pollType":"N","advancePollNumber":"622","sourceCode":"194-0","geometryPollNumbers":["194"],"code":"48036-194","resultPollNumbers":["194"],"resultStatus":"exact","result":{"electors":292,"voters":148,"totalVotes":148,"rejected":0,"turnout":50.68493150684932,"winnerId":"michael-cooper","winnerPartyId":"CPC","runnerUpId":"lucia-stachurski","runnerUpPartyId":"LIB","margin":25.675675675675674,"top":[{"id":"michael-cooper","name":"Michael Cooper","shortName":"Cooper","partyId":"CPC","votes":87,"share":58.78378378378378},{"id":"lucia-stachurski","name":"Lucia Stachurski","shortName":"Stachurski","partyId":"LIB","votes":49,"share":33.108108108108105},{"id":"dorothy-anderson","name":"Dorothy Anderson","shortName":"Anderson","partyId":"NDP","votes":9,"share":6.081081081081082},{"id":"brigitte-cecelia","name":"Brigitte Cecelia","shortName":"Cecelia","partyId":"PPC","votes":3,"share":2.027027027027027}],"partyVotes":{"LIB":49,"CPC":87,"BQ":0,"NDP":9,"GRN":0,"PPC":3,"OTH":0}}},"geometry":{"type":"Polygon","coordinates":[[[377.88,179.97],[377.88,179.95],[377.91,179.94],[377.92,179.97],[377.91,179.98],[377.9,179.99],[377.9,179.99],[377.89,179.99],[377.88,179.98],[377.88,179.97]]]}},{"type":"Feature","id":"48036-195","properties":{"ridingCode":"48036","pollNumber":"195","pollType":"N","advancePollNumber":"620","sourceCode":"195-0","geometryPollNumbers":["195"],"code":"48036-195","resultPollNumbers":["195"],"resultStatus":"exact","result":{"electors":357,"voters":119,"totalVotes":119,"rejected":0,"turnout":33.33333333333333,"winnerId":"michael-cooper","winnerPartyId":"CPC","runnerUpId":"lucia-stachurski","runnerUpPartyId":"LIB","margin":37.81512605042017,"top":[{"id":"michael-cooper","name":"Michael Cooper","shortName":"Cooper","partyId":"CPC","votes":79,"share":66.38655462184873},{"id":"lucia-stachurski","name":"Lucia Stachurski","shortName":"Stachurski","partyId":"LIB","votes":34,"share":28.57142857142857},{"id":"dorothy-anderson","name":"Dorothy Anderson","shortName":"Anderson","partyId":"NDP","votes":6,"share":5.042016806722689},{"id":"brigitte-cecelia","name":"Brigitte Cecelia","shortName":"Cecelia","partyId":"PPC","votes":0,"share":0}],"partyVotes":{"LIB":34,"CPC":79,"BQ":0,"NDP":6,"GRN":0,"PPC":0,"OTH":0}}},"geometry":{"type":"Polygon","coordinates":[[[377.51,180.14],[377.51,180.13],[377.52,180.12],[377.54,180.11],[377.55,180.11],[377.54,180.1],[377.54,180.07],[377.55,180.07],[377.57,180.08],[377.57,180.12],[377.56,180.12],[377.56,180.12],[377.55,180.12],[377.55,180.12],[377.54,180.14],[377.53,180.14],[377.51,180.14],[377.51,180.14]]]}},{"type":"Feature","id":"48036-196","properties":{"ridingCode":"48036","pollNumber":"196","pollType":"N","advancePollNumber":"622","sourceCode":"196-0","geometryPollNumbers":["196"],"code":"48036-196","resultPollNumbers":["196"],"resultStatus":"exact","result":{"electors":391,"voters":149,"totalVotes":148,"rejected":1,"turnout":38.107416879795394,"winnerId":"michael-cooper","winnerPartyId":"CPC","runnerUpId":"lucia-stachurski","runnerUpPartyId":"LIB","margin":35.13513513513514,"top":[{"id":"michael-cooper","name":"Michael Cooper","shortName":"Cooper","partyId":"CPC","votes":94,"share":63.51351351351351},{"id":"lucia-stachurski","name":"Lucia Stachurski","shortName":"Stachurski","partyId":"LIB","votes":42,"share":28.37837837837838},{"id":"dorothy-anderson","name":"Dorothy Anderson","shortName":"Anderson","partyId":"NDP","votes":7,"share":4.72972972972973},{"id":"brigitte-cecelia","name":"Brigitte Cecelia","shortName":"Cecelia","partyId":"PPC","votes":4,"share":2.7027027027027026}],"partyVotes":{"LIB":42,"CPC":94,"BQ":0,"NDP":7,"GRN":0,"PPC":4,"OTH":1}}},"geometry":{"type":"Polygon","coordinates":[[[377.64,180.01],[377.64,179.98],[377.66,179.98],[377.68,179.98],[377.7,179.99],[377.7,179.99],[377.69,180],[377.68,180.03],[377.68,180.03],[377.67,180.02],[377.64,180.01]]]}},{"type":"Feature","id":"48036-197","properties":{"ridingCode":"48036","pollNumber":"197","pollType":"N","advancePollNumber":"625","sourceCode":"197-0","geometryPollNumbers":["197"],"code":"48036-197","resultPollNumbers":["197"],"resultStatus":"exact","result":{"electors":344,"voters":114,"totalVotes":113,"rejected":1,"turnout":33.13953488372093,"winnerId":"michael-cooper","winnerPartyId":"CPC","runnerUpId":"lucia-stachurski","runnerUpPartyId":"LIB","margin":8.849557522123893,"top":[{"id":"michael-cooper","name":"Michael Cooper","shortName":"Cooper","partyId":"CPC","votes":57,"share":50.442477876106196},{"id":"lucia-stachurski","name":"Lucia Stachurski","shortName":"Stachurski","partyId":"LIB","votes":47,"share":41.5929203539823},{"id":"dorothy-anderson","name":"Dorothy Anderson","shortName":"Anderson","partyId":"NDP","votes":6,"share":5.3097345132743365},{"id":"brigitte-cecelia","name":"Brigitte Cecelia","shortName":"Cecelia","partyId":"PPC","votes":2,"share":1.7699115044247788}],"partyVotes":{"LIB":47,"CPC":57,"BQ":0,"NDP":6,"GRN":0,"PPC":2,"OTH":1}}},"geometry":{"type":"Polygon","coordinates":[[[377.37,179.87],[377.37,179.86],[377.37,179.86],[377.44,179.84],[377.44,179.84],[377.44,179.84],[377.47,179.83],[377.48,179.86],[377.48,179.85],[377.49,179.85],[377.48,179.86],[377.49,179.88],[377.5,179.91],[377.51,179.92],[377.52,179.92],[377.55,179.94],[377.58,179.96],[377.61,179.97],[377.63,179.97],[377.64,179.98],[377.64,180.01],[377.65,180.03],[377.63,180.02],[377.62,180.02],[377.6,180],[377.59,179.99],[377.57,179.98],[377.56,179.98],[377.52,179.97],[377.5,179.96],[377.45,179.94],[377.42,179.92],[377.4,179.91],[377.39,179.89],[377.38,179.87],[377.37,179.87]]]}},{"type":"Feature","id":"48036-198","properties":{"ridingCode":"48036","pollNumber":"198","pollType":"N","advancePollNumber":"622","sourceCode":"198-0","geometryPollNumbers":["198"],"code":"48036-198","resultPollNumbers":["198"],"resultStatus":"exact","result":{"electors":327,"voters":132,"totalVotes":132,"rejected":0,"turnout":40.36697247706422,"winnerId":"michael-cooper","winnerPartyId":"CPC","runnerUpId":"lucia-stachurski","runnerUpPartyId":"LIB","margin":34.090909090909086,"top":[{"id":"michael-cooper","name":"Michael Cooper","shortName":"Cooper","partyId":"CPC","votes":82,"share":62.121212121212125},{"id":"lucia-stachurski","name":"Lucia Stachurski","shortName":"Stachurski","partyId":"LIB","votes":37,"share":28.030303030303028},{"id":"dorothy-anderson","name":"Dorothy Anderson","shortName":"Anderson","partyId":"NDP","votes":13,"share":9.848484848484848},{"id":"brigitte-cecelia","name":"Brigitte Cecelia","shortName":"Cecelia","partyId":"PPC","votes":0,"share":0}],"partyVotes":{"LIB":37,"CPC":82,"BQ":0,"NDP":13,"GRN":0,"PPC":0,"OTH":0}}},"geometry":{"type":"Polygon","coordinates":[[[377.79,179.96],[377.8,179.95],[377.81,179.95],[377.81,179.96],[377.8,179.97],[377.81,179.98],[377.83,179.96],[377.85,179.96],[377.83,179.99],[377.82,179.99],[377.82,179.99],[377.81,179.99],[377.81,179.99],[377.81,179.99],[377.81,179.99],[377.79,179.97],[377.79,179.97],[377.79,179.96]]]}},{"type":"Feature","id":"48036-199","properties":{"ridingCode":"48036","pollNumber":"199","pollType":"N","advancePollNumber":"622","sourceCode":"199-0","geometryPollNumbers":["199"],"code":"48036-199","resultPollNumbers":["199"],"resultStatus":"exact","result":{"electors":448,"voters":200,"totalVotes":200,"rejected":0,"turnout":44.642857142857146,"winnerId":"michael-cooper","winnerPartyId":"CPC","runnerUpId":"lucia-stachurski","runnerUpPartyId":"LIB","margin":21.5,"top":[{"id":"michael-cooper","name":"Michael Cooper","shortName":"Cooper","partyId":"CPC","votes":114,"share":56.99999999999999},{"id":"lucia-stachurski","name":"Lucia Stachurski","shortName":"Stachurski","partyId":"LIB","votes":71,"share":35.5},{"id":"dorothy-anderson","name":"Dorothy Anderson","shortName":"Anderson","partyId":"NDP","votes":13,"share":6.5},{"id":"brigitte-cecelia","name":"Brigitte Cecelia","shortName":"Cecelia","partyId":"PPC","votes":2,"share":1}],"partyVotes":{"LIB":71,"CPC":114,"BQ":0,"NDP":13,"GRN":0,"PPC":2,"OTH":0}}},"geometry":{"type":"Polygon","coordinates":[[[377.77,179.95],[377.77,179.94],[377.75,179.94],[377.75,179.91],[377.76,179.91],[377.76,179.9],[377.79,179.93],[377.82,179.95],[377.83,179.96],[377.81,179.98],[377.8,179.97],[377.81,179.96],[377.81,179.95],[377.8,179.95],[377.79,179.96],[377.78,179.95],[377.77,179.95]]]}},{"type":"Feature","id":"48036-200","properties":{"ridingCode":"48036","pollNumber":"200","pollType":"N","advancePollNumber":"624","sourceCode":"200-0","geometryPollNumbers":["200"],"code":"48036-200","resultPollNumbers":["200"],"resultStatus":"exact","result":{"electors":434,"voters":215,"totalVotes":215,"rejected":0,"turnout":49.53917050691244,"winnerId":"michael-cooper","winnerPartyId":"CPC","runnerUpId":"lucia-stachurski","runnerUpPartyId":"LIB","margin":16.74418604651163,"top":[{"id":"michael-cooper","name":"Michael Cooper","shortName":"Cooper","partyId":"CPC","votes":115,"share":53.48837209302325},{"id":"lucia-stachurski","name":"Lucia Stachurski","shortName":"Stachurski","partyId":"LIB","votes":79,"share":36.74418604651163},{"id":"dorothy-anderson","name":"Dorothy Anderson","shortName":"Anderson","partyId":"NDP","votes":18,"share":8.372093023255815},{"id":"brigitte-cecelia","name":"Brigitte Cecelia","shortName":"Cecelia","partyId":"PPC","votes":3,"share":1.3953488372093024}],"partyVotes":{"LIB":79,"CPC":115,"BQ":0,"NDP":18,"GRN":0,"PPC":3,"OTH":0}}},"geometry":{"type":"Polygon","coordinates":[[[377.64,179.98],[377.64,179.96],[377.65,179.94],[377.65,179.94],[377.65,179.95],[377.66,179.94],[377.67,179.95],[377.68,179.95],[377.69,179.96],[377.7,179.94],[377.69,179.93],[377.7,179.92],[377.72,179.93],[377.68,179.98],[377.66,179.98],[377.64,179.98]]]}},{"type":"Feature","id":"48036-201","properties":{"ridingCode":"48036","pollNumber":"201","pollType":"N","advancePollNumber":"624","sourceCode":"201-0","geometryPollNumbers":["201"],"code":"48036-201","resultPollNumbers":["201"],"resultStatus":"exact","result":{"electors":385,"voters":180,"totalVotes":180,"rejected":0,"turnout":46.75324675324675,"winnerId":"michael-cooper","winnerPartyId":"CPC","runnerUpId":"lucia-stachurski","runnerUpPartyId":"LIB","margin":30.555555555555557,"top":[{"id":"michael-cooper","name":"Michael Cooper","shortName":"Cooper","partyId":"CPC","votes":109,"share":60.55555555555555},{"id":"lucia-stachurski","name":"Lucia Stachurski","shortName":"Stachurski","partyId":"LIB","votes":54,"share":30},{"id":"dorothy-anderson","name":"Dorothy Anderson","shortName":"Anderson","partyId":"NDP","votes":17,"share":9.444444444444445},{"id":"brigitte-cecelia","name":"Brigitte Cecelia","shortName":"Cecelia","partyId":"PPC","votes":0,"share":0}],"partyVotes":{"LIB":54,"CPC":109,"BQ":0,"NDP":17,"GRN":0,"PPC":0,"OTH":0}}},"geometry":{"type":"Polygon","coordinates":[[[377.65,179.94],[377.65,179.92],[377.66,179.93],[377.68,179.89],[377.69,179.88],[377.71,179.9],[377.71,179.91],[377.7,179.92],[377.69,179.93],[377.7,179.94],[377.69,179.96],[377.68,179.95],[377.67,179.95],[377.66,179.94],[377.65,179.95],[377.65,179.94],[377.65,179.94]]]}},{"type":"Feature","id":"48036-202","properties":{"ridingCode":"48036","pollNumber":"202","pollType":"N","advancePollNumber":"623","sourceCode":"202-0","geometryPollNumbers":["202"],"code":"48036-202","resultPollNumbers":["202"],"resultStatus":"exact","result":{"electors":386,"voters":171,"totalVotes":171,"rejected":0,"turnout":44.30051813471503,"winnerId":"michael-cooper","winnerPartyId":"CPC","runnerUpId":"lucia-stachurski","runnerUpPartyId":"LIB","margin":37.42690058479532,"top":[{"id":"michael-cooper","name":"Michael Cooper","shortName":"Cooper","partyId":"CPC","votes":111,"share":64.91228070175438},{"id":"lucia-stachurski","name":"Lucia Stachurski","shortName":"Stachurski","partyId":"LIB","votes":47,"share":27.485380116959064},{"id":"dorothy-anderson","name":"Dorothy Anderson","shortName":"Anderson","partyId":"NDP","votes":9,"share":5.263157894736842},{"id":"brigitte-cecelia","name":"Brigitte Cecelia","shortName":"Cecelia","partyId":"PPC","votes":4,"share":2.3391812865497075}],"partyVotes":{"LIB":47,"CPC":111,"BQ":0,"NDP":9,"GRN":0,"PPC":4,"OTH":0}}},"geometry":{"type":"Polygon","coordinates":[[[377.68,179.89],[377.66,179.93],[377.65,179.92],[377.67,179.88],[377.69,179.85],[377.72,179.88],[377.71,179.89],[377.71,179.9],[377.69,179.88],[377.68,179.89]]]}},{"type":"Feature","id":"48036-203","properties":{"ridingCode":"48036","pollNumber":"203","pollType":"N","advancePollNumber":"623","sourceCode":"203-0","geometryPollNumbers":["203"],"code":"48036-203","resultPollNumbers":["203"],"resultStatus":"exact","result":{"electors":455,"voters":209,"totalVotes":209,"rejected":0,"turnout":45.934065934065934,"winnerId":"michael-cooper","winnerPartyId":"CPC","runnerUpId":"lucia-stachurski","runnerUpPartyId":"LIB","margin":20.574162679425836,"top":[{"id":"michael-cooper","name":"Michael Cooper","shortName":"Cooper","partyId":"CPC","votes":118,"share":56.45933014354066},{"id":"lucia-stachurski","name":"Lucia Stachurski","shortName":"Stachurski","partyId":"LIB","votes":75,"share":35.88516746411483},{"id":"dorothy-anderson","name":"Dorothy Anderson","shortName":"Anderson","partyId":"NDP","votes":13,"share":6.220095693779904},{"id":"brigitte-cecelia","name":"Brigitte Cecelia","shortName":"Cecelia","partyId":"PPC","votes":2,"share":0.9569377990430622}],"partyVotes":{"LIB":75,"CPC":118,"BQ":0,"NDP":13,"GRN":0,"PPC":2,"OTH":1}}},"geometry":{"type":"Polygon","coordinates":[[[377.79,179.93],[377.8,179.91],[377.83,179.94],[377.84,179.94],[377.85,179.93],[377.85,179.94],[377.87,179.94],[377.87,179.94],[377.86,179.95],[377.86,179.96],[377.85,179.96],[377.83,179.96],[377.82,179.95],[377.79,179.93]]]}},{"type":"Feature","id":"48036-204","properties":{"ridingCode":"48036","pollNumber":"204","pollType":"N","advancePollNumber":"623","sourceCode":"204-0","geometryPollNumbers":["204"],"code":"48036-204","resultPollNumbers":["204"],"resultStatus":"exact","result":{"electors":421,"voters":158,"totalVotes":158,"rejected":0,"turnout":37.52969121140142,"winnerId":"michael-cooper","winnerPartyId":"CPC","runnerUpId":"lucia-stachurski","runnerUpPartyId":"LIB","margin":2.5316455696202533,"top":[{"id":"michael-cooper","name":"Michael Cooper","shortName":"Cooper","partyId":"CPC","votes":72,"share":45.56962025316456},{"id":"lucia-stachurski","name":"Lucia Stachurski","shortName":"Stachurski","partyId":"LIB","votes":68,"share":43.037974683544306},{"id":"dorothy-anderson","name":"Dorothy Anderson","shortName":"Anderson","partyId":"NDP","votes":13,"share":8.227848101265822},{"id":"brigitte-cecelia","name":"Brigitte Cecelia","shortName":"Cecelia","partyId":"PPC","votes":4,"share":2.5316455696202533}],"partyVotes":{"LIB":68,"CPC":72,"BQ":0,"NDP":13,"GRN":0,"PPC":4,"OTH":1}}},"geometry":{"type":"Polygon","coordinates":[[[377.86,179.96],[377.86,179.95],[377.87,179.94],[377.87,179.94],[377.85,179.94],[377.85,179.93],[377.87,179.93],[377.87,179.91],[377.87,179.91],[377.89,179.89],[377.89,179.9],[377.89,179.9],[377.9,179.9],[377.91,179.94],[377.88,179.95],[377.86,179.96]]]}},{"type":"Feature","id":"48036-205","properties":{"ridingCode":"48036","pollNumber":"205","pollType":"N","advancePollNumber":"625","sourceCode":"205-0","geometryPollNumbers":["205"],"code":"48036-205","resultPollNumbers":["205"],"resultStatus":"exact","result":{"electors":548,"voters":211,"totalVotes":210,"rejected":1,"turnout":38.503649635036496,"winnerId":"michael-cooper","winnerPartyId":"CPC","runnerUpId":"lucia-stachurski","runnerUpPartyId":"LIB","margin":3.3333333333333335,"top":[{"id":"michael-cooper","name":"Michael Cooper","shortName":"Cooper","partyId":"CPC","votes":102,"share":48.57142857142857},{"id":"lucia-stachurski","name":"Lucia Stachurski","shortName":"Stachurski","partyId":"LIB","votes":95,"share":45.23809523809524},{"id":"dorothy-anderson","name":"Dorothy Anderson","shortName":"Anderson","partyId":"NDP","votes":13,"share":6.190476190476191},{"id":"brigitte-cecelia","name":"Brigitte Cecelia","shortName":"Cecelia","partyId":"PPC","votes":0,"share":0}],"partyVotes":{"LIB":95,"CPC":102,"BQ":0,"NDP":13,"GRN":0,"PPC":0,"OTH":0}}},"geometry":{"type":"Polygon","coordinates":[[[377.52,179.92],[377.52,179.92],[377.54,179.91],[377.55,179.91],[377.56,179.9],[377.59,179.91],[377.6,179.94],[377.62,179.94],[377.61,179.97],[377.58,179.96],[377.55,179.94],[377.52,179.92]]]}},{"type":"Feature","id":"48036-206","properties":{"ridingCode":"48036","pollNumber":"206","pollType":"N","advancePollNumber":"624","sourceCode":"206-0","geometryPollNumbers":["206"],"code":"48036-206","resultPollNumbers":["206"],"resultStatus":"exact","result":{"electors":425,"voters":180,"totalVotes":178,"rejected":2,"turnout":42.35294117647059,"winnerId":"michael-cooper","winnerPartyId":"CPC","runnerUpId":"lucia-stachurski","runnerUpPartyId":"LIB","margin":12.921348314606742,"top":[{"id":"michael-cooper","name":"Michael Cooper","shortName":"Cooper","partyId":"CPC","votes":96,"share":53.93258426966292},{"id":"lucia-stachurski","name":"Lucia Stachurski","shortName":"Stachurski","partyId":"LIB","votes":73,"share":41.01123595505618},{"id":"dorothy-anderson","name":"Dorothy Anderson","shortName":"Anderson","partyId":"NDP","votes":8,"share":4.49438202247191},{"id":"brigitte-cecelia","name":"Brigitte Cecelia","shortName":"Cecelia","partyId":"PPC","votes":1,"share":0.5617977528089888}],"partyVotes":{"LIB":73,"CPC":96,"BQ":0,"NDP":8,"GRN":0,"PPC":1,"OTH":0}}},"geometry":{"type":"Polygon","coordinates":[[[377.6,179.86],[377.63,179.86],[377.63,179.86],[377.64,179.86],[377.64,179.86],[377.64,179.86],[377.64,179.87],[377.66,179.88],[377.67,179.88],[377.65,179.92],[377.65,179.94],[377.64,179.96],[377.64,179.98],[377.63,179.97],[377.61,179.97],[377.62,179.94],[377.62,179.92],[377.63,179.93],[377.64,179.9],[377.63,179.9],[377.63,179.88],[377.61,179.88],[377.6,179.88],[377.6,179.87],[377.6,179.86]]]}},{"type":"Feature","id":"48036-207","properties":{"ridingCode":"48036","pollNumber":"207","pollType":"N","advancePollNumber":"624","sourceCode":"207-0","geometryPollNumbers":["207"],"code":"48036-207","resultPollNumbers":["207"],"resultStatus":"exact","result":{"electors":386,"voters":165,"totalVotes":165,"rejected":0,"turnout":42.74611398963731,"winnerId":"michael-cooper","winnerPartyId":"CPC","runnerUpId":"lucia-stachurski","runnerUpPartyId":"LIB","margin":6.666666666666667,"top":[{"id":"michael-cooper","name":"Michael Cooper","shortName":"Cooper","partyId":"CPC","votes":79,"share":47.878787878787875},{"id":"lucia-stachurski","name":"Lucia Stachurski","shortName":"Stachurski","partyId":"LIB","votes":68,"share":41.21212121212121},{"id":"dorothy-anderson","name":"Dorothy Anderson","shortName":"Anderson","partyId":"NDP","votes":17,"share":10.303030303030303},{"id":"brigitte-cecelia","name":"Brigitte Cecelia","shortName":"Cecelia","partyId":"PPC","votes":1,"share":0.6060606060606061}],"partyVotes":{"LIB":68,"CPC":79,"BQ":0,"NDP":17,"GRN":0,"PPC":1,"OTH":0}}},"geometry":{"type":"Polygon","coordinates":[[[377.6,179.94],[377.59,179.91],[377.6,179.88],[377.61,179.88],[377.63,179.88],[377.63,179.9],[377.64,179.9],[377.63,179.93],[377.62,179.92],[377.62,179.94],[377.6,179.94]]]}},{"type":"Feature","id":"48036-208","properties":{"ridingCode":"48036","pollNumber":"208","pollType":"N","advancePollNumber":"625","sourceCode":"208-0","geometryPollNumbers":["208"],"code":"48036-208","resultPollNumbers":["208"],"resultStatus":"exact","result":{"electors":379,"voters":156,"totalVotes":154,"rejected":2,"turnout":41.16094986807388,"winnerId":"michael-cooper","winnerPartyId":"CPC","runnerUpId":"lucia-stachurski","runnerUpPartyId":"LIB","margin":7.142857142857142,"top":[{"id":"michael-cooper","name":"Michael Cooper","shortName":"Cooper","partyId":"CPC","votes":76,"share":49.35064935064935},{"id":"lucia-stachurski","name":"Lucia Stachurski","shortName":"Stachurski","partyId":"LIB","votes":65,"share":42.2077922077922},{"id":"dorothy-anderson","name":"Dorothy Anderson","shortName":"Anderson","partyId":"NDP","votes":11,"share":7.142857142857142},{"id":"jeff-willerton","name":"Jeff Willerton","shortName":"Willerton","partyId":"OTH","votes":2,"share":1.2987012987012987}],"partyVotes":{"LIB":65,"CPC":76,"BQ":0,"NDP":11,"GRN":0,"PPC":0,"OTH":2}}},"geometry":{"type":"Polygon","coordinates":[[[377.5,179.91],[377.52,179.89],[377.53,179.89],[377.54,179.9],[377.54,179.88],[377.56,179.87],[377.56,179.89],[377.56,179.9],[377.56,179.9],[377.55,179.91],[377.54,179.91],[377.52,179.92],[377.52,179.92],[377.51,179.92],[377.5,179.91]]]}},{"type":"Feature","id":"48036-209","properties":{"ridingCode":"48036","pollNumber":"209","pollType":"N","advancePollNumber":"623","sourceCode":"209-0","geometryPollNumbers":["209"],"code":"48036-209","resultPollNumbers":["209"],"resultStatus":"exact","result":{"electors":394,"voters":144,"totalVotes":142,"rejected":2,"turnout":36.54822335025381,"winnerId":"michael-cooper","winnerPartyId":"CPC","runnerUpId":"lucia-stachurski","runnerUpPartyId":"LIB","margin":12.676056338028168,"top":[{"id":"michael-cooper","name":"Michael Cooper","shortName":"Cooper","partyId":"CPC","votes":71,"share":50},{"id":"lucia-stachurski","name":"Lucia Stachurski","shortName":"Stachurski","partyId":"LIB","votes":53,"share":37.32394366197183},{"id":"dorothy-anderson","name":"Dorothy Anderson","shortName":"Anderson","partyId":"NDP","votes":13,"share":9.15492957746479},{"id":"brigitte-cecelia","name":"Brigitte Cecelia","shortName":"Cecelia","partyId":"PPC","votes":5,"share":3.5211267605633805}],"partyVotes":{"LIB":53,"CPC":71,"BQ":0,"NDP":13,"GRN":0,"PPC":5,"OTH":0}}},"geometry":{"type":"Polygon","coordinates":[[[377.77,179.87],[377.8,179.88],[377.8,179.89],[377.83,179.88],[377.83,179.88],[377.84,179.88],[377.84,179.9],[377.82,179.9],[377.82,179.91],[377.82,179.91],[377.81,179.9],[377.81,179.89],[377.8,179.9],[377.79,179.91],[377.78,179.9],[377.77,179.88],[377.77,179.87]]]}},{"type":"Feature","id":"48036-210","properties":{"ridingCode":"48036","pollNumber":"210","pollType":"N","advancePollNumber":"623","sourceCode":"210-0","geometryPollNumbers":["210"],"code":"48036-210","resultPollNumbers":["210"],"resultStatus":"exact","result":{"electors":379,"voters":139,"totalVotes":137,"rejected":2,"turnout":36.675461741424805,"winnerId":"michael-cooper","winnerPartyId":"CPC","runnerUpId":"lucia-stachurski","runnerUpPartyId":"LIB","margin":31.386861313868614,"top":[{"id":"michael-cooper","name":"Michael Cooper","shortName":"Cooper","partyId":"CPC","votes":85,"share":62.04379562043796},{"id":"lucia-stachurski","name":"Lucia Stachurski","shortName":"Stachurski","partyId":"LIB","votes":42,"share":30.656934306569344},{"id":"dorothy-anderson","name":"Dorothy Anderson","shortName":"Anderson","partyId":"NDP","votes":6,"share":4.37956204379562},{"id":"brigitte-cecelia","name":"Brigitte Cecelia","shortName":"Cecelia","partyId":"PPC","votes":4,"share":2.9197080291970803}],"partyVotes":{"LIB":42,"CPC":85,"BQ":0,"NDP":6,"GRN":0,"PPC":4,"OTH":0}}},"geometry":{"type":"Polygon","coordinates":[[[377.86,179.91],[377.84,179.9],[377.84,179.88],[377.83,179.88],[377.83,179.88],[377.84,179.88],[377.87,179.88],[377.89,179.89],[377.87,179.91],[377.87,179.91],[377.86,179.91]]]}},{"type":"Feature","id":"48036-211","properties":{"ridingCode":"48036","pollNumber":"211","pollType":"N","advancePollNumber":"623","sourceCode":"211-0","geometryPollNumbers":["211"],"code":"48036-211","resultPollNumbers":["211"],"resultStatus":"exact","result":{"electors":433,"voters":232,"totalVotes":232,"rejected":0,"turnout":53.5796766743649,"winnerId":"michael-cooper","winnerPartyId":"CPC","runnerUpId":"lucia-stachurski","runnerUpPartyId":"LIB","margin":20.689655172413794,"top":[{"id":"michael-cooper","name":"Michael Cooper","shortName":"Cooper","partyId":"CPC","votes":131,"share":56.46551724137932},{"id":"lucia-stachurski","name":"Lucia Stachurski","shortName":"Stachurski","partyId":"LIB","votes":83,"share":35.775862068965516},{"id":"dorothy-anderson","name":"Dorothy Anderson","shortName":"Anderson","partyId":"NDP","votes":15,"share":6.4655172413793105},{"id":"brigitte-cecelia","name":"Brigitte Cecelia","shortName":"Cecelia","partyId":"PPC","votes":3,"share":1.293103448275862}],"partyVotes":{"LIB":83,"CPC":131,"BQ":0,"NDP":15,"GRN":0,"PPC":3,"OTH":0}}},"geometry":{"type":"Polygon","coordinates":[[[377.72,179.93],[377.7,179.92],[377.71,179.91],[377.71,179.9],[377.72,179.89],[377.74,179.9],[377.74,179.91],[377.76,179.9],[377.76,179.91],[377.75,179.91],[377.75,179.94],[377.77,179.94],[377.77,179.95],[377.76,179.95],[377.75,179.95],[377.74,179.95],[377.74,179.94],[377.72,179.93]]]}},{"type":"Feature","id":"48036-212","properties":{"ridingCode":"48036","pollNumber":"212","pollType":"N","advancePollNumber":"623","sourceCode":"212-0","geometryPollNumbers":["212"],"code":"48036-212","resultPollNumbers":["212"],"resultStatus":"exact","result":{"electors":351,"voters":135,"totalVotes":135,"rejected":0,"turnout":38.46153846153847,"winnerId":"michael-cooper","winnerPartyId":"CPC","runnerUpId":"lucia-stachurski","runnerUpPartyId":"LIB","margin":5.9259259259259265,"top":[{"id":"michael-cooper","name":"Michael Cooper","shortName":"Cooper","partyId":"CPC","votes":62,"share":45.925925925925924},{"id":"lucia-stachurski","name":"Lucia Stachurski","shortName":"Stachurski","partyId":"LIB","votes":54,"share":40},{"id":"dorothy-anderson","name":"Dorothy Anderson","shortName":"Anderson","partyId":"NDP","votes":11,"share":8.148148148148149},{"id":"brigitte-cecelia","name":"Brigitte Cecelia","shortName":"Cecelia","partyId":"PPC","votes":6,"share":4.444444444444445}],"partyVotes":{"LIB":54,"CPC":62,"BQ":0,"NDP":11,"GRN":0,"PPC":6,"OTH":2}}},"geometry":{"type":"Polygon","coordinates":[[[377.72,179.88],[377.73,179.87],[377.77,179.9],[377.78,179.9],[377.78,179.9],[377.79,179.91],[377.8,179.9],[377.81,179.89],[377.81,179.9],[377.81,179.91],[377.8,179.91],[377.79,179.93],[377.76,179.9],[377.74,179.91],[377.74,179.9],[377.72,179.89],[377.71,179.9],[377.71,179.89],[377.72,179.88]]]}},{"type":"Feature","id":"48036-213","properties":{"ridingCode":"48036","pollNumber":"213","pollType":"N","advancePollNumber":"623","sourceCode":"213-0","geometryPollNumbers":["213"],"code":"48036-213","resultPollNumbers":["213"],"resultStatus":"exact","result":{"electors":472,"voters":188,"totalVotes":187,"rejected":1,"turnout":39.83050847457627,"winnerId":"michael-cooper","winnerPartyId":"CPC","runnerUpId":"lucia-stachurski","runnerUpPartyId":"LIB","margin":31.550802139037433,"top":[{"id":"michael-cooper","name":"Michael Cooper","shortName":"Cooper","partyId":"CPC","votes":116,"share":62.03208556149733},{"id":"lucia-stachurski","name":"Lucia Stachurski","shortName":"Stachurski","partyId":"LIB","votes":57,"share":30.481283422459892},{"id":"dorothy-anderson","name":"Dorothy Anderson","shortName":"Anderson","partyId":"NDP","votes":13,"share":6.951871657754011},{"id":"brigitte-cecelia","name":"Brigitte Cecelia","shortName":"Cecelia","partyId":"PPC","votes":1,"share":0.53475935828877}],"partyVotes":{"LIB":57,"CPC":116,"BQ":0,"NDP":13,"GRN":0,"PPC":1,"OTH":0}}},"geometry":{"type":"Polygon","coordinates":[[[377.77,179.84],[377.77,179.85],[377.77,179.84],[377.8,179.86],[377.84,179.88],[377.83,179.88],[377.8,179.89],[377.8,179.88],[377.77,179.87],[377.78,179.87],[377.76,179.85],[377.77,179.84]]]}},{"type":"Feature","id":"48036-214","properties":{"ridingCode":"48036","pollNumber":"214","pollType":"N","advancePollNumber":"623","sourceCode":"214-0","geometryPollNumbers":["214"],"code":"48036-214","resultPollNumbers":["214"],"resultStatus":"exact","result":{"electors":381,"voters":125,"totalVotes":125,"rejected":0,"turnout":32.808398950131235,"winnerId":"michael-cooper","winnerPartyId":"CPC","runnerUpId":"lucia-stachurski","runnerUpPartyId":"LIB","margin":34.4,"top":[{"id":"michael-cooper","name":"Michael Cooper","shortName":"Cooper","partyId":"CPC","votes":81,"share":64.8},{"id":"lucia-stachurski","name":"Lucia Stachurski","shortName":"Stachurski","partyId":"LIB","votes":38,"share":30.4},{"id":"dorothy-anderson","name":"Dorothy Anderson","shortName":"Anderson","partyId":"NDP","votes":5,"share":4},{"id":"brigitte-cecelia","name":"Brigitte Cecelia","shortName":"Cecelia","partyId":"PPC","votes":1,"share":0.8}],"partyVotes":{"LIB":38,"CPC":81,"BQ":0,"NDP":5,"GRN":0,"PPC":1,"OTH":0}}},"geometry":{"type":"Polygon","coordinates":[[[377.74,179.83],[377.73,179.83],[377.75,179.83],[377.77,179.84],[377.77,179.85],[377.77,179.84],[377.76,179.85],[377.78,179.87],[377.77,179.87],[377.77,179.88],[377.78,179.9],[377.78,179.9],[377.77,179.9],[377.73,179.87],[377.74,179.85],[377.75,179.85],[377.75,179.84],[377.74,179.83],[377.74,179.83]]]}},{"type":"Feature","id":"48036-215","properties":{"ridingCode":"48036","pollNumber":"215","pollType":"N","advancePollNumber":"623","sourceCode":"215-0","geometryPollNumbers":["215"],"code":"48036-215","resultPollNumbers":["215"],"resultStatus":"exact","result":{"electors":240,"voters":71,"totalVotes":70,"rejected":1,"turnout":29.583333333333332,"winnerId":"lucia-stachurski","winnerPartyId":"LIB","runnerUpId":"michael-cooper","runnerUpPartyId":"CPC","margin":5.714285714285714,"top":[{"id":"lucia-stachurski","name":"Lucia Stachurski","shortName":"Stachurski","partyId":"LIB","votes":33,"share":47.14285714285714},{"id":"michael-cooper","name":"Michael Cooper","shortName":"Cooper","partyId":"CPC","votes":29,"share":41.42857142857143},{"id":"dorothy-anderson","name":"Dorothy Anderson","shortName":"Anderson","partyId":"NDP","votes":8,"share":11.428571428571429},{"id":"brigitte-cecelia","name":"Brigitte Cecelia","shortName":"Cecelia","partyId":"PPC","votes":0,"share":0}],"partyVotes":{"LIB":33,"CPC":29,"BQ":0,"NDP":8,"GRN":0,"PPC":0,"OTH":0}}},"geometry":{"type":"Polygon","coordinates":[[[377.69,179.85],[377.71,179.82],[377.72,179.8],[377.72,179.82],[377.73,179.83],[377.74,179.83],[377.74,179.83],[377.75,179.84],[377.75,179.85],[377.74,179.85],[377.73,179.87],[377.72,179.88],[377.69,179.85]],[[377.72,179.87],[377.72,179.87],[377.72,179.87],[377.72,179.87],[377.72,179.87],[377.72,179.87],[377.72,179.87]]]}},{"type":"Feature","id":"48036-216","properties":{"ridingCode":"48036","pollNumber":"216","pollType":"N","advancePollNumber":"624","sourceCode":"216-0","geometryPollNumbers":["216"],"code":"48036-216","resultPollNumbers":["216"],"resultStatus":"exact","result":{"electors":553,"voters":247,"totalVotes":247,"rejected":0,"turnout":44.66546112115732,"winnerId":"michael-cooper","winnerPartyId":"CPC","runnerUpId":"lucia-stachurski","runnerUpPartyId":"LIB","margin":6.882591093117409,"top":[{"id":"michael-cooper","name":"Michael Cooper","shortName":"Cooper","partyId":"CPC","votes":119,"share":48.178137651821864},{"id":"lucia-stachurski","name":"Lucia Stachurski","shortName":"Stachurski","partyId":"LIB","votes":102,"share":41.29554655870445},{"id":"dorothy-anderson","name":"Dorothy Anderson","shortName":"Anderson","partyId":"NDP","votes":22,"share":8.906882591093117},{"id":"brigitte-cecelia","name":"Brigitte Cecelia","shortName":"Cecelia","partyId":"PPC","votes":4,"share":1.6194331983805668}],"partyVotes":{"LIB":102,"CPC":119,"BQ":0,"NDP":22,"GRN":0,"PPC":4,"OTH":0}}},"geometry":{"type":"Polygon","coordinates":[[[377.49,179.83],[377.54,179.81],[377.54,179.83],[377.54,179.84],[377.56,179.84],[377.55,179.85],[377.56,179.87],[377.6,179.86],[377.6,179.87],[377.6,179.88],[377.59,179.91],[377.56,179.9],[377.56,179.9],[377.56,179.89],[377.56,179.87],[377.54,179.88],[377.54,179.9],[377.53,179.89],[377.52,179.85],[377.52,179.84],[377.49,179.84],[377.49,179.83]]]}},{"type":"Feature","id":"48036-217","properties":{"ridingCode":"48036","pollNumber":"217","pollType":"N","advancePollNumber":"624","sourceCode":"217-0","geometryPollNumbers":["217"],"code":"48036-217","resultPollNumbers":["217"],"resultStatus":"exact","result":{"electors":403,"voters":176,"totalVotes":176,"rejected":0,"turnout":43.67245657568238,"winnerId":"michael-cooper","winnerPartyId":"CPC","runnerUpId":"lucia-stachurski","runnerUpPartyId":"LIB","margin":34.090909090909086,"top":[{"id":"michael-cooper","name":"Michael Cooper","shortName":"Cooper","partyId":"CPC","votes":107,"share":60.79545454545454},{"id":"lucia-stachurski","name":"Lucia Stachurski","shortName":"Stachurski","partyId":"LIB","votes":47,"share":26.704545454545453},{"id":"dorothy-anderson","name":"Dorothy Anderson","shortName":"Anderson","partyId":"NDP","votes":20,"share":11.363636363636363},{"id":"brigitte-cecelia","name":"Brigitte Cecelia","shortName":"Cecelia","partyId":"PPC","votes":2,"share":1.1363636363636365}],"partyVotes":{"LIB":47,"CPC":107,"BQ":0,"NDP":20,"GRN":0,"PPC":2,"OTH":0}}},"geometry":{"type":"Polygon","coordinates":[[[377.56,179.84],[377.59,179.83],[377.6,179.86],[377.56,179.87],[377.55,179.85],[377.56,179.84]]]}},{"type":"Feature","id":"48036-218","properties":{"ridingCode":"48036","pollNumber":"218","pollType":"N","advancePollNumber":"624","sourceCode":"218-0","geometryPollNumbers":["218"],"code":"48036-218","resultPollNumbers":["218"],"resultStatus":"exact","result":{"electors":392,"voters":166,"totalVotes":166,"rejected":0,"turnout":42.3469387755102,"winnerId":"michael-cooper","winnerPartyId":"CPC","runnerUpId":"lucia-stachurski","runnerUpPartyId":"LIB","margin":23.49397590361446,"top":[{"id":"michael-cooper","name":"Michael Cooper","shortName":"Cooper","partyId":"CPC","votes":94,"share":56.62650602409639},{"id":"lucia-stachurski","name":"Lucia Stachurski","shortName":"Stachurski","partyId":"LIB","votes":55,"share":33.13253012048193},{"id":"dorothy-anderson","name":"Dorothy Anderson","shortName":"Anderson","partyId":"NDP","votes":17,"share":10.240963855421686},{"id":"brigitte-cecelia","name":"Brigitte Cecelia","shortName":"Cecelia","partyId":"PPC","votes":0,"share":0}],"partyVotes":{"LIB":55,"CPC":94,"BQ":0,"NDP":17,"GRN":0,"PPC":0,"OTH":0}}},"geometry":{"type":"Polygon","coordinates":[[[377.59,179.83],[377.56,179.84],[377.54,179.84],[377.54,179.83],[377.54,179.81],[377.56,179.81],[377.58,179.8],[377.59,179.83]]]}},{"type":"Feature","id":"48036-219","properties":{"ridingCode":"48036","pollNumber":"219","pollType":"N","advancePollNumber":"624","sourceCode":"219-0","geometryPollNumbers":["219"],"code":"48036-219","resultPollNumbers":["219"],"resultStatus":"exact","result":{"electors":296,"voters":97,"totalVotes":97,"rejected":0,"turnout":32.77027027027027,"winnerId":"michael-cooper","winnerPartyId":"CPC","runnerUpId":"lucia-stachurski","runnerUpPartyId":"LIB","margin":22.68041237113402,"top":[{"id":"michael-cooper","name":"Michael Cooper","shortName":"Cooper","partyId":"CPC","votes":53,"share":54.63917525773196},{"id":"lucia-stachurski","name":"Lucia Stachurski","shortName":"Stachurski","partyId":"LIB","votes":31,"share":31.958762886597935},{"id":"dorothy-anderson","name":"Dorothy Anderson","shortName":"Anderson","partyId":"NDP","votes":9,"share":9.278350515463918},{"id":"brigitte-cecelia","name":"Brigitte Cecelia","shortName":"Cecelia","partyId":"PPC","votes":3,"share":3.0927835051546393}],"partyVotes":{"LIB":31,"CPC":53,"BQ":0,"NDP":9,"GRN":0,"PPC":3,"OTH":1}}},"geometry":{"type":"Polygon","coordinates":[[[377.64,179.83],[377.65,179.82],[377.66,179.83],[377.66,179.83],[377.69,179.85],[377.67,179.88],[377.66,179.88],[377.64,179.87],[377.64,179.86],[377.65,179.84],[377.64,179.83]]]}},{"type":"Feature","id":"48036-220","properties":{"ridingCode":"48036","pollNumber":"220","pollType":"N","advancePollNumber":"624","sourceCode":"220-0","geometryPollNumbers":["220"],"code":"48036-220","resultPollNumbers":["220"],"resultStatus":"exact","result":{"electors":396,"voters":145,"totalVotes":145,"rejected":0,"turnout":36.61616161616162,"winnerId":"michael-cooper","winnerPartyId":"CPC","runnerUpId":"lucia-stachurski","runnerUpPartyId":"LIB","margin":36.55172413793103,"top":[{"id":"michael-cooper","name":"Michael Cooper","shortName":"Cooper","partyId":"CPC","votes":90,"share":62.06896551724138},{"id":"lucia-stachurski","name":"Lucia Stachurski","shortName":"Stachurski","partyId":"LIB","votes":37,"share":25.517241379310345},{"id":"dorothy-anderson","name":"Dorothy Anderson","shortName":"Anderson","partyId":"NDP","votes":14,"share":9.655172413793103},{"id":"brigitte-cecelia","name":"Brigitte Cecelia","shortName":"Cecelia","partyId":"PPC","votes":4,"share":2.7586206896551726}],"partyVotes":{"LIB":37,"CPC":90,"BQ":0,"NDP":14,"GRN":0,"PPC":4,"OTH":0}}},"geometry":{"type":"Polygon","coordinates":[[[377.59,179.83],[377.58,179.8],[377.61,179.79],[377.63,179.86],[377.6,179.86],[377.59,179.83]]]}},{"type":"Feature","id":"48036-221","properties":{"ridingCode":"48036","pollNumber":"221","pollType":"N","advancePollNumber":"624","sourceCode":"221-0","geometryPollNumbers":["221"],"code":"48036-221","resultPollNumbers":["221"],"resultStatus":"exact","result":{"electors":402,"voters":116,"totalVotes":116,"rejected":0,"turnout":28.855721393034827,"winnerId":"michael-cooper","winnerPartyId":"CPC","runnerUpId":"lucia-stachurski","runnerUpPartyId":"LIB","margin":27.586206896551722,"top":[{"id":"michael-cooper","name":"Michael Cooper","shortName":"Cooper","partyId":"CPC","votes":72,"share":62.06896551724138},{"id":"lucia-stachurski","name":"Lucia Stachurski","shortName":"Stachurski","partyId":"LIB","votes":40,"share":34.48275862068966},{"id":"dorothy-anderson","name":"Dorothy Anderson","shortName":"Anderson","partyId":"NDP","votes":3,"share":2.586206896551724},{"id":"brigitte-cecelia","name":"Brigitte Cecelia","shortName":"Cecelia","partyId":"PPC","votes":1,"share":0.8620689655172413}],"partyVotes":{"LIB":40,"CPC":72,"BQ":0,"NDP":3,"GRN":0,"PPC":1,"OTH":0}}},"geometry":{"type":"Polygon","coordinates":[[[377.63,179.86],[377.61,179.79],[377.63,179.78],[377.64,179.81],[377.65,179.82],[377.64,179.83],[377.65,179.84],[377.64,179.86],[377.64,179.86],[377.64,179.86],[377.63,179.86],[377.63,179.86]]]}},{"type":"Feature","id":"48036-222","properties":{"ridingCode":"48036","pollNumber":"222","pollType":"N","advancePollNumber":"624","sourceCode":"222-0","geometryPollNumbers":["222"],"code":"48036-222","resultPollNumbers":["222"],"resultStatus":"exact","result":{"electors":391,"voters":161,"totalVotes":161,"rejected":0,"turnout":41.17647058823529,"winnerId":"michael-cooper","winnerPartyId":"CPC","runnerUpId":"lucia-stachurski","runnerUpPartyId":"LIB","margin":4.968944099378882,"top":[{"id":"michael-cooper","name":"Michael Cooper","shortName":"Cooper","partyId":"CPC","votes":80,"share":49.68944099378882},{"id":"lucia-stachurski","name":"Lucia Stachurski","shortName":"Stachurski","partyId":"LIB","votes":72,"share":44.72049689440994},{"id":"dorothy-anderson","name":"Dorothy Anderson","shortName":"Anderson","partyId":"NDP","votes":7,"share":4.3478260869565215},{"id":"jeff-willerton","name":"Jeff Willerton","shortName":"Willerton","partyId":"OTH","votes":2,"share":1.2422360248447204}],"partyVotes":{"LIB":72,"CPC":80,"BQ":0,"NDP":7,"GRN":0,"PPC":0,"OTH":2}}},"geometry":{"type":"Polygon","coordinates":[[[377.65,179.82],[377.65,179.81],[377.65,179.81],[377.64,179.79],[377.67,179.78],[377.68,179.79],[377.67,179.79],[377.68,179.8],[377.68,179.81],[377.66,179.83],[377.66,179.83],[377.65,179.82]]]}},{"type":"Feature","id":"48036-223","properties":{"ridingCode":"48036","pollNumber":"223","pollType":"N","advancePollNumber":"624","sourceCode":"223-0","geometryPollNumbers":["223"],"code":"48036-223","resultPollNumbers":["223"],"resultStatus":"exact","result":{"electors":304,"voters":105,"totalVotes":105,"rejected":0,"turnout":34.53947368421053,"winnerId":"michael-cooper","winnerPartyId":"CPC","runnerUpId":"lucia-stachurski","runnerUpPartyId":"LIB","margin":13.333333333333334,"top":[{"id":"michael-cooper","name":"Michael Cooper","shortName":"Cooper","partyId":"CPC","votes":54,"share":51.42857142857142},{"id":"lucia-stachurski","name":"Lucia Stachurski","shortName":"Stachurski","partyId":"LIB","votes":40,"share":38.095238095238095},{"id":"dorothy-anderson","name":"Dorothy Anderson","shortName":"Anderson","partyId":"NDP","votes":11,"share":10.476190476190476},{"id":"brigitte-cecelia","name":"Brigitte Cecelia","shortName":"Cecelia","partyId":"PPC","votes":0,"share":0}],"partyVotes":{"LIB":40,"CPC":54,"BQ":0,"NDP":11,"GRN":0,"PPC":0,"OTH":0}}},"geometry":{"type":"Polygon","coordinates":[[[377.63,179.78],[377.67,179.77],[377.69,179.8],[377.69,179.81],[377.71,179.82],[377.69,179.85],[377.66,179.83],[377.68,179.81],[377.68,179.8],[377.67,179.79],[377.68,179.79],[377.67,179.78],[377.64,179.79],[377.65,179.81],[377.65,179.81],[377.65,179.82],[377.64,179.81],[377.63,179.78]]]}},{"type":"Feature","id":"48036-224","properties":{"ridingCode":"48036","pollNumber":"224","pollType":"N","advancePollNumber":"625","sourceCode":"224-0","geometryPollNumbers":["224"],"code":"48036-224","resultPollNumbers":["224"],"resultStatus":"exact","result":{"electors":657,"voters":234,"totalVotes":234,"rejected":0,"turnout":35.61643835616438,"winnerId":"michael-cooper","winnerPartyId":"CPC","runnerUpId":"lucia-stachurski","runnerUpPartyId":"LIB","margin":13.675213675213676,"top":[{"id":"michael-cooper","name":"Michael Cooper","shortName":"Cooper","partyId":"CPC","votes":122,"share":52.13675213675214},{"id":"lucia-stachurski","name":"Lucia Stachurski","shortName":"Stachurski","partyId":"LIB","votes":90,"share":38.46153846153847},{"id":"dorothy-anderson","name":"Dorothy Anderson","shortName":"Anderson","partyId":"NDP","votes":16,"share":6.837606837606838},{"id":"brigitte-cecelia","name":"Brigitte Cecelia","shortName":"Cecelia","partyId":"PPC","votes":3,"share":1.282051282051282}],"partyVotes":{"LIB":90,"CPC":122,"BQ":0,"NDP":16,"GRN":0,"PPC":3,"OTH":3}}},"geometry":{"type":"Polygon","coordinates":[[[377.49,179.88],[377.49,179.87],[377.5,179.87],[377.5,179.87],[377.5,179.88],[377.51,179.87],[377.51,179.87],[377.5,179.87],[377.49,179.86],[377.5,179.86],[377.5,179.85],[377.49,179.84],[377.49,179.84],[377.52,179.84],[377.52,179.85],[377.53,179.89],[377.52,179.89],[377.5,179.91],[377.49,179.88]]]}},{"type":"Feature","id":"48036-225","properties":{"ridingCode":"48036","pollNumber":"225","pollType":"N","advancePollNumber":"625","sourceCode":"225-0","geometryPollNumbers":["225"],"code":"48036-225","resultPollNumbers":["225"],"resultStatus":"exact","result":{"electors":439,"voters":148,"totalVotes":146,"rejected":2,"turnout":33.712984054669704,"winnerId":"michael-cooper","winnerPartyId":"CPC","runnerUpId":"lucia-stachurski","runnerUpPartyId":"LIB","margin":25.34246575342466,"top":[{"id":"michael-cooper","name":"Michael Cooper","shortName":"Cooper","partyId":"CPC","votes":80,"share":54.794520547945204},{"id":"lucia-stachurski","name":"Lucia Stachurski","shortName":"Stachurski","partyId":"LIB","votes":43,"share":29.45205479452055},{"id":"dorothy-anderson","name":"Dorothy Anderson","shortName":"Anderson","partyId":"NDP","votes":22,"share":15.068493150684931},{"id":"brigitte-cecelia","name":"Brigitte Cecelia","shortName":"Cecelia","partyId":"PPC","votes":1,"share":0.684931506849315}],"partyVotes":{"LIB":43,"CPC":80,"BQ":0,"NDP":22,"GRN":0,"PPC":1,"OTH":0}}},"geometry":{"type":"Polygon","coordinates":[[[377.47,179.83],[377.49,179.83],[377.49,179.84],[377.49,179.84],[377.5,179.85],[377.5,179.86],[377.49,179.86],[377.5,179.87],[377.51,179.87],[377.51,179.87],[377.5,179.88],[377.5,179.87],[377.5,179.87],[377.49,179.87],[377.49,179.88],[377.48,179.86],[377.49,179.85],[377.48,179.85],[377.48,179.86],[377.47,179.83]]]}},{"type":"Feature","id":"48036-226","properties":{"ridingCode":"48036","pollNumber":"226","pollType":"N","advancePollNumber":"625","sourceCode":"226-0","geometryPollNumbers":["226"],"code":"48036-226","resultPollNumbers":["226"],"resultStatus":"exact","result":{"electors":558,"voters":210,"totalVotes":209,"rejected":1,"turnout":37.634408602150536,"winnerId":"michael-cooper","winnerPartyId":"CPC","runnerUpId":"lucia-stachurski","runnerUpPartyId":"LIB","margin":22.48803827751196,"top":[{"id":"michael-cooper","name":"Michael Cooper","shortName":"Cooper","partyId":"CPC","votes":120,"share":57.41626794258373},{"id":"lucia-stachurski","name":"Lucia Stachurski","shortName":"Stachurski","partyId":"LIB","votes":73,"share":34.92822966507177},{"id":"dorothy-anderson","name":"Dorothy Anderson","shortName":"Anderson","partyId":"NDP","votes":13,"share":6.220095693779904},{"id":"brigitte-cecelia","name":"Brigitte Cecelia","shortName":"Cecelia","partyId":"PPC","votes":3,"share":1.4354066985645932}],"partyVotes":{"LIB":73,"CPC":120,"BQ":0,"NDP":13,"GRN":0,"PPC":3,"OTH":0}}},"geometry":{"type":"Polygon","coordinates":[[[377.47,179.76],[377.48,179.79],[377.5,179.79],[377.5,179.8],[377.51,179.8],[377.54,179.8],[377.54,179.81],[377.49,179.83],[377.47,179.83],[377.46,179.75],[377.47,179.74],[377.47,179.76]]]}},{"type":"Feature","id":"48036-227","properties":{"ridingCode":"48036","pollNumber":"227","pollType":"N","advancePollNumber":"625","sourceCode":"227-0","geometryPollNumbers":["227"],"code":"48036-227","resultPollNumbers":["227"],"resultStatus":"exact","result":{"electors":195,"voters":63,"totalVotes":63,"rejected":0,"turnout":32.30769230769231,"winnerId":"michael-cooper","winnerPartyId":"CPC","runnerUpId":"lucia-stachurski","runnerUpPartyId":"LIB","margin":19.047619047619047,"top":[{"id":"michael-cooper","name":"Michael Cooper","shortName":"Cooper","partyId":"CPC","votes":36,"share":57.14285714285714},{"id":"lucia-stachurski","name":"Lucia Stachurski","shortName":"Stachurski","partyId":"LIB","votes":24,"share":38.095238095238095},{"id":"dorothy-anderson","name":"Dorothy Anderson","shortName":"Anderson","partyId":"NDP","votes":2,"share":3.1746031746031744},{"id":"brigitte-cecelia","name":"Brigitte Cecelia","shortName":"Cecelia","partyId":"PPC","votes":1,"share":1.5873015873015872}],"partyVotes":{"LIB":24,"CPC":36,"BQ":0,"NDP":2,"GRN":0,"PPC":1,"OTH":0}}},"geometry":{"type":"Polygon","coordinates":[[[377.34,179.71],[377.36,179.7],[377.45,179.68],[377.47,179.74],[377.46,179.75],[377.47,179.83],[377.44,179.84],[377.44,179.84],[377.44,179.84],[377.37,179.86],[377.37,179.83],[377.35,179.82],[377.33,179.79],[377.31,179.78],[377.3,179.77],[377.29,179.76],[377.25,179.73],[377.3,179.72],[377.34,179.71]]]}},{"type":"Feature","id":"48036-228","properties":{"ridingCode":"48036","pollNumber":"228","pollType":"N","advancePollNumber":"625","sourceCode":"228-0","geometryPollNumbers":["228"],"code":"48036-228","resultPollNumbers":["228"],"resultStatus":"exact","result":{"electors":464,"voters":183,"totalVotes":183,"rejected":0,"turnout":39.439655172413794,"winnerId":"michael-cooper","winnerPartyId":"CPC","runnerUpId":"lucia-stachurski","runnerUpPartyId":"LIB","margin":8.19672131147541,"top":[{"id":"michael-cooper","name":"Michael Cooper","shortName":"Cooper","partyId":"CPC","votes":93,"share":50.81967213114754},{"id":"lucia-stachurski","name":"Lucia Stachurski","shortName":"Stachurski","partyId":"LIB","votes":78,"share":42.62295081967213},{"id":"dorothy-anderson","name":"Dorothy Anderson","shortName":"Anderson","partyId":"NDP","votes":9,"share":4.918032786885246},{"id":"jeff-willerton","name":"Jeff Willerton","shortName":"Willerton","partyId":"OTH","votes":2,"share":1.092896174863388}],"partyVotes":{"LIB":78,"CPC":93,"BQ":0,"NDP":9,"GRN":0,"PPC":1,"OTH":2}}},"geometry":{"type":"Polygon","coordinates":[[[377.53,179.78],[377.52,179.77],[377.52,179.76],[377.53,179.75],[377.54,179.74],[377.54,179.73],[377.54,179.72],[377.55,179.73],[377.55,179.74],[377.55,179.74],[377.56,179.78],[377.57,179.78],[377.57,179.79],[377.56,179.8],[377.56,179.8],[377.56,179.81],[377.54,179.81],[377.54,179.8],[377.54,179.78],[377.53,179.78],[377.53,179.78]]]}},{"type":"Feature","id":"48036-229","properties":{"ridingCode":"48036","pollNumber":"229","pollType":"N","advancePollNumber":"625","sourceCode":"229-0","geometryPollNumbers":["229"],"code":"48036-229","resultPollNumbers":["229"],"resultStatus":"exact","result":{"electors":525,"voters":194,"totalVotes":194,"rejected":0,"turnout":36.952380952380956,"winnerId":"michael-cooper","winnerPartyId":"CPC","runnerUpId":"lucia-stachurski","runnerUpPartyId":"LIB","margin":20.103092783505154,"top":[{"id":"michael-cooper","name":"Michael Cooper","shortName":"Cooper","partyId":"CPC","votes":111,"share":57.21649484536082},{"id":"lucia-stachurski","name":"Lucia Stachurski","shortName":"Stachurski","partyId":"LIB","votes":72,"share":37.11340206185567},{"id":"dorothy-anderson","name":"Dorothy Anderson","shortName":"Anderson","partyId":"NDP","votes":6,"share":3.0927835051546393},{"id":"brigitte-cecelia","name":"Brigitte Cecelia","shortName":"Cecelia","partyId":"PPC","votes":4,"share":2.0618556701030926}],"partyVotes":{"LIB":72,"CPC":111,"BQ":0,"NDP":6,"GRN":0,"PPC":4,"OTH":1}}},"geometry":{"type":"Polygon","coordinates":[[[377.5,179.79],[377.49,179.76],[377.49,179.76],[377.5,179.75],[377.51,179.75],[377.51,179.74],[377.52,179.73],[377.53,179.73],[377.54,179.73],[377.54,179.74],[377.53,179.75],[377.52,179.76],[377.52,179.77],[377.53,179.78],[377.53,179.78],[377.54,179.78],[377.54,179.8],[377.51,179.8],[377.5,179.8],[377.5,179.79]]]}},{"type":"Feature","id":"48036-230","properties":{"ridingCode":"48036","pollNumber":"230","pollType":"N","advancePollNumber":"625","sourceCode":"230-0","geometryPollNumbers":["230"],"code":"48036-230","resultPollNumbers":["230"],"resultStatus":"exact","result":{"electors":573,"voters":248,"totalVotes":248,"rejected":0,"turnout":43.280977312390924,"winnerId":"michael-cooper","winnerPartyId":"CPC","runnerUpId":"lucia-stachurski","runnerUpPartyId":"LIB","margin":24.596774193548388,"top":[{"id":"michael-cooper","name":"Michael Cooper","shortName":"Cooper","partyId":"CPC","votes":138,"share":55.64516129032258},{"id":"lucia-stachurski","name":"Lucia Stachurski","shortName":"Stachurski","partyId":"LIB","votes":77,"share":31.048387096774192},{"id":"dorothy-anderson","name":"Dorothy Anderson","shortName":"Anderson","partyId":"NDP","votes":27,"share":10.887096774193548},{"id":"brigitte-cecelia","name":"Brigitte Cecelia","shortName":"Cecelia","partyId":"PPC","votes":3,"share":1.2096774193548387}],"partyVotes":{"LIB":77,"CPC":138,"BQ":0,"NDP":27,"GRN":0,"PPC":3,"OTH":3}}},"geometry":{"type":"Polygon","coordinates":[[[377.55,179.74],[377.58,179.75],[377.59,179.75],[377.6,179.76],[377.6,179.76],[377.61,179.76],[377.61,179.77],[377.61,179.78],[377.6,179.78],[377.61,179.79],[377.58,179.8],[377.56,179.81],[377.56,179.8],[377.56,179.8],[377.57,179.79],[377.57,179.78],[377.56,179.78],[377.55,179.74]]]}},{"type":"Feature","id":"48036-231","properties":{"ridingCode":"48036","pollNumber":"231","pollType":"N","advancePollNumber":"625","sourceCode":"231-0","geometryPollNumbers":["231"],"code":"48036-231","resultPollNumbers":["231"],"resultStatus":"exact","result":{"electors":412,"voters":178,"totalVotes":177,"rejected":1,"turnout":43.203883495145625,"winnerId":"michael-cooper","winnerPartyId":"CPC","runnerUpId":"lucia-stachurski","runnerUpPartyId":"LIB","margin":18.64406779661017,"top":[{"id":"michael-cooper","name":"Michael Cooper","shortName":"Cooper","partyId":"CPC","votes":96,"share":54.23728813559322},{"id":"lucia-stachurski","name":"Lucia Stachurski","shortName":"Stachurski","partyId":"LIB","votes":63,"share":35.59322033898305},{"id":"dorothy-anderson","name":"Dorothy Anderson","shortName":"Anderson","partyId":"NDP","votes":17,"share":9.6045197740113},{"id":"brigitte-cecelia","name":"Brigitte Cecelia","shortName":"Cecelia","partyId":"PPC","votes":1,"share":0.5649717514124294}],"partyVotes":{"LIB":63,"CPC":96,"BQ":0,"NDP":17,"GRN":0,"PPC":1,"OTH":0}}},"geometry":{"type":"Polygon","coordinates":[[[377.63,179.76],[377.63,179.78],[377.61,179.79],[377.6,179.78],[377.61,179.78],[377.61,179.77],[377.61,179.76],[377.6,179.76],[377.6,179.76],[377.59,179.75],[377.58,179.75],[377.55,179.74],[377.55,179.73],[377.63,179.76]]]}},{"type":"Feature","id":"48036-232","properties":{"ridingCode":"48036","pollNumber":"232","pollType":"N","advancePollNumber":"625","sourceCode":"232-0","geometryPollNumbers":["232"],"code":"48036-232","resultPollNumbers":["232"],"resultStatus":"exact","result":{"electors":491,"voters":201,"totalVotes":199,"rejected":2,"turnout":40.936863543788185,"winnerId":"michael-cooper","winnerPartyId":"CPC","runnerUpId":"lucia-stachurski","runnerUpPartyId":"LIB","margin":26.633165829145728,"top":[{"id":"michael-cooper","name":"Michael Cooper","shortName":"Cooper","partyId":"CPC","votes":119,"share":59.798994974874375},{"id":"lucia-stachurski","name":"Lucia Stachurski","shortName":"Stachurski","partyId":"LIB","votes":66,"share":33.165829145728644},{"id":"dorothy-anderson","name":"Dorothy Anderson","shortName":"Anderson","partyId":"NDP","votes":12,"share":6.030150753768844},{"id":"brigitte-cecelia","name":"Brigitte Cecelia","shortName":"Cecelia","partyId":"PPC","votes":1,"share":0.5025125628140703}],"partyVotes":{"LIB":66,"CPC":119,"BQ":0,"NDP":12,"GRN":0,"PPC":1,"OTH":1}}},"geometry":{"type":"Polygon","coordinates":[[[377.5,179.79],[377.48,179.79],[377.47,179.76],[377.49,179.75],[377.5,179.73],[377.52,179.72],[377.55,179.73],[377.55,179.74],[377.55,179.74],[377.55,179.73],[377.54,179.72],[377.54,179.73],[377.53,179.73],[377.52,179.73],[377.51,179.74],[377.51,179.75],[377.5,179.75],[377.49,179.76],[377.49,179.76],[377.5,179.79]]]}},{"type":"Feature","id":"48036-500","properties":{"ridingCode":"48036","pollNumber":"500","pollType":"M","advancePollNumber":"607","sourceCode":"500-0","geometryPollNumbers":["500"],"code":"48036-500","resultPollNumbers":["500"],"resultStatus":"exact","result":{"electors":35,"voters":27,"totalVotes":26,"rejected":1,"turnout":77.14285714285715,"winnerId":"michael-cooper","winnerPartyId":"CPC","runnerUpId":"lucia-stachurski","runnerUpPartyId":"LIB","margin":30.76923076923077,"top":[{"id":"michael-cooper","name":"Michael Cooper","shortName":"Cooper","partyId":"CPC","votes":15,"share":57.692307692307686},{"id":"lucia-stachurski","name":"Lucia Stachurski","shortName":"Stachurski","partyId":"LIB","votes":7,"share":26.923076923076923},{"id":"dorothy-anderson","name":"Dorothy Anderson","shortName":"Anderson","partyId":"NDP","votes":3,"share":11.538461538461538},{"id":"brigitte-cecelia","name":"Brigitte Cecelia","shortName":"Cecelia","partyId":"PPC","votes":1,"share":3.8461538461538463}],"partyVotes":{"LIB":7,"CPC":15,"BQ":0,"NDP":3,"GRN":0,"PPC":1,"OTH":0}}},"geometry":{"type":"Polygon","coordinates":[[[378.74,183.1],[378.74,183.1],[378.74,183.09],[378.74,183.1]]]}},{"type":"Feature","id":"48036-501","properties":{"ridingCode":"48036","pollNumber":"501","pollType":"M","advancePollNumber":"608","sourceCode":"501-0","geometryPollNumbers":["501"],"code":"48036-501","resultPollNumbers":["501"],"resultStatus":"exact","result":{"electors":54,"voters":29,"totalVotes":29,"rejected":0,"turnout":53.70370370370371,"winnerId":"michael-cooper","winnerPartyId":"CPC","runnerUpId":"lucia-stachurski","runnerUpPartyId":"LIB","margin":24.137931034482758,"top":[{"id":"michael-cooper","name":"Michael Cooper","shortName":"Cooper","partyId":"CPC","votes":17,"share":58.620689655172406},{"id":"lucia-stachurski","name":"Lucia Stachurski","shortName":"Stachurski","partyId":"LIB","votes":10,"share":34.48275862068966},{"id":"dorothy-anderson","name":"Dorothy Anderson","shortName":"Anderson","partyId":"NDP","votes":2,"share":6.896551724137931},{"id":"brigitte-cecelia","name":"Brigitte Cecelia","shortName":"Cecelia","partyId":"PPC","votes":0,"share":0}],"partyVotes":{"LIB":10,"CPC":17,"BQ":0,"NDP":2,"GRN":0,"PPC":0,"OTH":0}}},"geometry":{"type":"Polygon","coordinates":[[[381.59,182.33],[381.57,182.33],[381.57,182.33],[381.59,182.33]]]}},{"type":"Feature","id":"48036-502","properties":{"ridingCode":"48036","pollNumber":"502","pollType":"M","advancePollNumber":"601","sourceCode":"502-0","geometryPollNumbers":["502"],"code":"48036-502","resultPollNumbers":["502"],"resultStatus":"exact","result":{"electors":70,"voters":44,"totalVotes":43,"rejected":1,"turnout":62.857142857142854,"winnerId":"michael-cooper","winnerPartyId":"CPC","runnerUpId":"lucia-stachurski","runnerUpPartyId":"LIB","margin":88.37209302325581,"top":[{"id":"michael-cooper","name":"Michael Cooper","shortName":"Cooper","partyId":"CPC","votes":40,"share":93.02325581395348},{"id":"lucia-stachurski","name":"Lucia Stachurski","shortName":"Stachurski","partyId":"LIB","votes":2,"share":4.651162790697675},{"id":"dorothy-anderson","name":"Dorothy Anderson","shortName":"Anderson","partyId":"NDP","votes":1,"share":2.3255813953488373},{"id":"brigitte-cecelia","name":"Brigitte Cecelia","shortName":"Cecelia","partyId":"PPC","votes":0,"share":0}],"partyVotes":{"LIB":2,"CPC":40,"BQ":0,"NDP":1,"GRN":0,"PPC":0,"OTH":0}}},"geometry":{"type":"Polygon","coordinates":[[[374.47,181.65],[374.47,181.65],[374.47,181.65],[374.47,181.65]]]}},{"type":"Feature","id":"48036-504","properties":{"ridingCode":"48036","pollNumber":"504","pollType":"M","advancePollNumber":"612","sourceCode":"503-0","geometryPollNumbers":["503","504"],"code":"48036-504","resultPollNumbers":["504"],"resultStatus":"resolved-combination","result":{"electors":70,"voters":51,"totalVotes":50,"rejected":1,"turnout":72.85714285714285,"winnerId":"michael-cooper","winnerPartyId":"CPC","runnerUpId":"lucia-stachurski","runnerUpPartyId":"LIB","margin":44,"top":[{"id":"michael-cooper","name":"Michael Cooper","shortName":"Cooper","partyId":"CPC","votes":35,"share":70},{"id":"lucia-stachurski","name":"Lucia Stachurski","shortName":"Stachurski","partyId":"LIB","votes":13,"share":26},{"id":"dorothy-anderson","name":"Dorothy Anderson","shortName":"Anderson","partyId":"NDP","votes":1,"share":2},{"id":"brigitte-cecelia","name":"Brigitte Cecelia","shortName":"Cecelia","partyId":"PPC","votes":1,"share":2}],"partyVotes":{"LIB":13,"CPC":35,"BQ":0,"NDP":1,"GRN":0,"PPC":1,"OTH":0}}},"geometry":{"type":"MultiPolygon","coordinates":[[[[377.99,181.72],[377.99,181.72],[377.99,181.72],[377.99,181.72]]],[[[378.02,181.69],[378.01,181.7],[378,181.69],[378.01,181.69],[378.02,181.69],[378.02,181.69]]]]}},{"type":"Feature","id":"48036-505","properties":{"ridingCode":"48036","pollNumber":"505","pollType":"M","advancePollNumber":"610","sourceCode":"505-0","geometryPollNumbers":["505"],"code":"48036-505","resultPollNumbers":["505"],"resultStatus":"exact","result":{"electors":57,"voters":30,"totalVotes":30,"rejected":0,"turnout":52.63157894736842,"winnerId":"michael-cooper","winnerPartyId":"CPC","runnerUpId":"lucia-stachurski","runnerUpPartyId":"LIB","margin":53.333333333333336,"top":[{"id":"michael-cooper","name":"Michael Cooper","shortName":"Cooper","partyId":"CPC","votes":22,"share":73.33333333333333},{"id":"lucia-stachurski","name":"Lucia Stachurski","shortName":"Stachurski","partyId":"LIB","votes":6,"share":20},{"id":"dorothy-anderson","name":"Dorothy Anderson","shortName":"Anderson","partyId":"NDP","votes":1,"share":3.3333333333333335},{"id":"brigitte-cecelia","name":"Brigitte Cecelia","shortName":"Cecelia","partyId":"PPC","votes":1,"share":3.3333333333333335}],"partyVotes":{"LIB":6,"CPC":22,"BQ":0,"NDP":1,"GRN":0,"PPC":1,"OTH":0}}},"geometry":{"type":"Polygon","coordinates":[[[379.9,181.4],[379.91,181.41],[379.91,181.41],[379.9,181.4],[379.9,181.4]]]}},{"type":"Feature","id":"48036-507","properties":{"ridingCode":"48036","pollNumber":"507","pollType":"M","advancePollNumber":"616","sourceCode":"507-0","geometryPollNumbers":["506","507"],"code":"48036-507","resultPollNumbers":["507"],"resultStatus":"resolved-combination","result":{"electors":211,"voters":123,"totalVotes":116,"rejected":7,"turnout":58.29383886255924,"winnerId":"michael-cooper","winnerPartyId":"CPC","runnerUpId":"lucia-stachurski","runnerUpPartyId":"LIB","margin":26.72413793103448,"top":[{"id":"michael-cooper","name":"Michael Cooper","shortName":"Cooper","partyId":"CPC","votes":67,"share":57.758620689655174},{"id":"lucia-stachurski","name":"Lucia Stachurski","shortName":"Stachurski","partyId":"LIB","votes":36,"share":31.03448275862069},{"id":"dorothy-anderson","name":"Dorothy Anderson","shortName":"Anderson","partyId":"NDP","votes":9,"share":7.758620689655173},{"id":"jeff-willerton","name":"Jeff Willerton","shortName":"Willerton","partyId":"OTH","votes":4,"share":3.4482758620689653}],"partyVotes":{"LIB":36,"CPC":67,"BQ":0,"NDP":9,"GRN":0,"PPC":0,"OTH":4}}},"geometry":{"type":"MultiPolygon","coordinates":[[[[377.7,180.36],[377.7,180.36],[377.69,180.35],[377.7,180.36]]],[[[376.6,180.55],[376.6,180.55],[376.59,180.55],[376.6,180.55]]]]}},{"type":"Feature","id":"48036-509","properties":{"ridingCode":"48036","pollNumber":"509","pollType":"M","advancePollNumber":"618","sourceCode":"509-0","geometryPollNumbers":["509","510"],"code":"48036-509","resultPollNumbers":["509"],"resultStatus":"resolved-combination","result":{"electors":129,"voters":95,"totalVotes":93,"rejected":2,"turnout":73.64341085271317,"winnerId":"michael-cooper","winnerPartyId":"CPC","runnerUpId":"lucia-stachurski","runnerUpPartyId":"LIB","margin":15.053763440860216,"top":[{"id":"michael-cooper","name":"Michael Cooper","shortName":"Cooper","partyId":"CPC","votes":47,"share":50.53763440860215},{"id":"lucia-stachurski","name":"Lucia Stachurski","shortName":"Stachurski","partyId":"LIB","votes":33,"share":35.483870967741936},{"id":"dorothy-anderson","name":"Dorothy Anderson","shortName":"Anderson","partyId":"NDP","votes":10,"share":10.75268817204301},{"id":"brigitte-cecelia","name":"Brigitte Cecelia","shortName":"Cecelia","partyId":"PPC","votes":2,"share":2.1505376344086025}],"partyVotes":{"LIB":33,"CPC":47,"BQ":0,"NDP":10,"GRN":0,"PPC":2,"OTH":1}}},"geometry":{"type":"MultiPolygon","coordinates":[[[[377.69,180.24],[377.69,180.24],[377.68,180.24],[377.69,180.24],[377.69,180.24]]],[[[377.7,180.23],[377.7,180.23],[377.69,180.24],[377.69,180.23],[377.7,180.23]]]]}},{"type":"Feature","id":"48036-511","properties":{"ridingCode":"48036","pollNumber":"511","pollType":"M","advancePollNumber":"620","sourceCode":"511-0","geometryPollNumbers":["511","514"],"code":"48036-511","resultPollNumbers":["511"],"resultStatus":"resolved-combination","result":{"electors":120,"voters":64,"totalVotes":63,"rejected":1,"turnout":53.333333333333336,"winnerId":"michael-cooper","winnerPartyId":"CPC","runnerUpId":"lucia-stachurski","runnerUpPartyId":"LIB","margin":25.396825396825395,"top":[{"id":"michael-cooper","name":"Michael Cooper","shortName":"Cooper","partyId":"CPC","votes":38,"share":60.317460317460316},{"id":"lucia-stachurski","name":"Lucia Stachurski","shortName":"Stachurski","partyId":"LIB","votes":22,"share":34.92063492063492},{"id":"dorothy-anderson","name":"Dorothy Anderson","shortName":"Anderson","partyId":"NDP","votes":3,"share":4.761904761904762},{"id":"brigitte-cecelia","name":"Brigitte Cecelia","shortName":"Cecelia","partyId":"PPC","votes":0,"share":0}],"partyVotes":{"LIB":22,"CPC":38,"BQ":0,"NDP":3,"GRN":0,"PPC":0,"OTH":0}}},"geometry":{"type":"MultiPolygon","coordinates":[[[[377.58,180.08],[377.58,180.08],[377.57,180.08],[377.58,180.08]]],[[[377.62,180.05],[377.62,180.05],[377.62,180.06],[377.62,180.05]]]]}},{"type":"Feature","id":"48036-513","properties":{"ridingCode":"48036","pollNumber":"513","pollType":"M","advancePollNumber":"620","sourceCode":"512-0","geometryPollNumbers":["512","513"],"code":"48036-513","resultPollNumbers":["513"],"resultStatus":"resolved-combination","result":{"electors":103,"voters":107,"totalVotes":107,"rejected":0,"turnout":103.88349514563106,"winnerId":"michael-cooper","winnerPartyId":"CPC","runnerUpId":"lucia-stachurski","runnerUpPartyId":"LIB","margin":8.411214953271028,"top":[{"id":"michael-cooper","name":"Michael Cooper","shortName":"Cooper","partyId":"CPC","votes":55,"share":51.4018691588785},{"id":"lucia-stachurski","name":"Lucia Stachurski","shortName":"Stachurski","partyId":"LIB","votes":46,"share":42.99065420560748},{"id":"dorothy-anderson","name":"Dorothy Anderson","shortName":"Anderson","partyId":"NDP","votes":6,"share":5.607476635514018},{"id":"brigitte-cecelia","name":"Brigitte Cecelia","shortName":"Cecelia","partyId":"PPC","votes":0,"share":0}],"partyVotes":{"LIB":46,"CPC":55,"BQ":0,"NDP":6,"GRN":0,"PPC":0,"OTH":0}}},"geometry":{"type":"MultiPolygon","coordinates":[[[[377.58,180.06],[377.58,180.06],[377.58,180.06],[377.58,180.06]]],[[[377.58,180.05],[377.58,180.05],[377.58,180.06],[377.58,180.05],[377.58,180.05]]]]}},{"type":"Feature","id":"48036-517","properties":{"ridingCode":"48036","pollNumber":"517","pollType":"M","advancePollNumber":"617","sourceCode":"517-0","geometryPollNumbers":["517"],"code":"48036-517","resultPollNumbers":["517"],"resultStatus":"exact","result":{"electors":210,"voters":67,"totalVotes":66,"rejected":1,"turnout":31.9047619047619,"winnerId":"michael-cooper","winnerPartyId":"CPC","runnerUpId":"lucia-stachurski","runnerUpPartyId":"LIB","margin":4.545454545454546,"top":[{"id":"michael-cooper","name":"Michael Cooper","shortName":"Cooper","partyId":"CPC","votes":27,"share":40.909090909090914},{"id":"lucia-stachurski","name":"Lucia Stachurski","shortName":"Stachurski","partyId":"LIB","votes":24,"share":36.36363636363637},{"id":"dorothy-anderson","name":"Dorothy Anderson","shortName":"Anderson","partyId":"NDP","votes":11,"share":16.666666666666664},{"id":"jeff-willerton","name":"Jeff Willerton","shortName":"Willerton","partyId":"OTH","votes":3,"share":4.545454545454546}],"partyVotes":{"LIB":24,"CPC":27,"BQ":0,"NDP":11,"GRN":0,"PPC":1,"OTH":3}}},"geometry":{"type":"Polygon","coordinates":[[[377.59,180.04],[377.59,180.04],[377.59,180.04],[377.59,180.04],[377.59,180.04]]]}},{"type":"Feature","id":"48036-518","properties":{"ridingCode":"48036","pollNumber":"518","pollType":"M","advancePollNumber":"615","sourceCode":"518-0","geometryPollNumbers":["518"],"code":"48036-518","resultPollNumbers":["518"],"resultStatus":"exact","result":{"electors":94,"voters":66,"totalVotes":66,"rejected":0,"turnout":70.2127659574468,"winnerId":"michael-cooper","winnerPartyId":"CPC","runnerUpId":"lucia-stachurski","runnerUpPartyId":"LIB","margin":4.545454545454546,"top":[{"id":"michael-cooper","name":"Michael Cooper","shortName":"Cooper","partyId":"CPC","votes":31,"share":46.96969696969697},{"id":"lucia-stachurski","name":"Lucia Stachurski","shortName":"Stachurski","partyId":"LIB","votes":28,"share":42.42424242424242},{"id":"dorothy-anderson","name":"Dorothy Anderson","shortName":"Anderson","partyId":"NDP","votes":6,"share":9.090909090909092},{"id":"brigitte-cecelia","name":"Brigitte Cecelia","shortName":"Cecelia","partyId":"PPC","votes":1,"share":1.5151515151515151}],"partyVotes":{"LIB":28,"CPC":31,"BQ":0,"NDP":6,"GRN":0,"PPC":1,"OTH":0}}},"geometry":{"type":"Polygon","coordinates":[[[377.62,180.02],[377.6,180.01],[377.6,180.01],[377.62,180.02]]]}},{"type":"Feature","id":"48036-519","properties":{"ridingCode":"48036","pollNumber":"519","pollType":"M","advancePollNumber":"623","sourceCode":"520-0","geometryPollNumbers":["519","520"],"code":"48036-519","resultPollNumbers":["519"],"resultStatus":"resolved-combination","result":{"electors":174,"voters":163,"totalVotes":163,"rejected":0,"turnout":93.67816091954023,"winnerId":"michael-cooper","winnerPartyId":"CPC","runnerUpId":"lucia-stachurski","runnerUpPartyId":"LIB","margin":23.92638036809816,"top":[{"id":"michael-cooper","name":"Michael Cooper","shortName":"Cooper","partyId":"CPC","votes":94,"share":57.668711656441715},{"id":"lucia-stachurski","name":"Lucia Stachurski","shortName":"Stachurski","partyId":"LIB","votes":55,"share":33.74233128834356},{"id":"dorothy-anderson","name":"Dorothy Anderson","shortName":"Anderson","partyId":"NDP","votes":13,"share":7.975460122699387},{"id":"brigitte-cecelia","name":"Brigitte Cecelia","shortName":"Cecelia","partyId":"PPC","votes":1,"share":0.6134969325153374}],"partyVotes":{"LIB":55,"CPC":94,"BQ":0,"NDP":13,"GRN":0,"PPC":1,"OTH":0}}},"geometry":{"type":"MultiPolygon","coordinates":[[[[377.72,179.87],[377.72,179.87],[377.72,179.87],[377.72,179.87]]],[[[377.72,179.87],[377.72,179.87],[377.72,179.87],[377.72,179.87]]]]}}]}