{"type":"FeatureCollection","ridingCode":"59010","ridingName":"Cowichan--Malahat--Langford","result":{"electors":105698,"voters":76535,"totalVotes":76174,"rejected":361,"turnout":72.40912789267536,"winnerId":"jeff-kibble","winnerPartyId":"CPC","runnerUpId":"alistair-macgregor","runnerUpPartyId":"NDP","margin":4.652506104445086,"top":[{"id":"jeff-kibble","name":"Jeff Kibble","shortName":"Kibble","partyId":"CPC","votes":28370,"share":37.24367894557198},{"id":"alistair-macgregor","name":"Alistair MacGregor","shortName":"MacGregor","partyId":"NDP","votes":24826,"share":32.59117284112689},{"id":"blair-herbert","name":"Blair Herbert","shortName":"Herbert","partyId":"LIB","votes":21478,"share":28.195972379026962},{"id":"kathleen-code","name":"Kathleen Code","shortName":"Code","partyId":"GRN","votes":1500,"share":1.9691758342741617}],"partyVotes":{"LIB":21478,"CPC":28370,"BQ":0,"NDP":24826,"GRN":1500,"PPC":0,"OTH":0}},"buckets":[{"kind":"advance","polls":38,"electors":0,"voters":30862,"totalVotes":30749,"rejected":113,"turnout":0,"winnerId":"jeff-kibble","winnerPartyId":"CPC","runnerUpId":"blair-herbert","runnerUpPartyId":"LIB","margin":2.5626849653647272,"top":[{"id":"jeff-kibble","name":"Jeff Kibble","shortName":"Kibble","partyId":"CPC","votes":10762,"share":34.99951217925786},{"id":"blair-herbert","name":"Blair Herbert","shortName":"Herbert","partyId":"LIB","votes":9974,"share":32.43682721389313},{"id":"alistair-macgregor","name":"Alistair MacGregor","shortName":"MacGregor","partyId":"NDP","votes":9541,"share":31.028651338254903},{"id":"kathleen-code","name":"Kathleen Code","shortName":"Code","partyId":"GRN","votes":472,"share":1.5350092685941006}],"partyVotes":{"LIB":9974,"CPC":10762,"BQ":0,"NDP":9541,"GRN":472,"PPC":0,"OTH":0}},{"kind":"special","polls":2,"electors":279,"voters":7762,"totalVotes":7672,"rejected":90,"turnout":2782.078853046595,"winnerId":"jeff-kibble","winnerPartyId":"CPC","runnerUpId":"blair-herbert","runnerUpPartyId":"LIB","margin":6.139207507820647,"top":[{"id":"jeff-kibble","name":"Jeff Kibble","shortName":"Kibble","partyId":"CPC","votes":2864,"share":37.33055265901981},{"id":"blair-herbert","name":"Blair Herbert","shortName":"Herbert","partyId":"LIB","votes":2393,"share":31.19134515119917},{"id":"alistair-macgregor","name":"Alistair MacGregor","shortName":"MacGregor","partyId":"NDP","votes":2301,"share":29.99217935349322},{"id":"kathleen-code","name":"Kathleen Code","shortName":"Code","partyId":"GRN","votes":114,"share":1.4859228362877996}],"partyVotes":{"LIB":2393,"CPC":2864,"BQ":0,"NDP":2301,"GRN":114,"PPC":0,"OTH":0}}],"features":[{"type":"Feature","id":"59010-1","properties":{"ridingCode":"59010","pollNumber":"1","pollType":"N","advancePollNumber":"601","sourceCode":"1-0","geometryPollNumbers":["1"],"code":"59010-1","resultPollNumbers":["1"],"resultStatus":"exact","result":{"electors":399,"voters":189,"totalVotes":188,"rejected":1,"turnout":47.368421052631575,"winnerId":"alistair-macgregor","winnerPartyId":"NDP","runnerUpId":"jeff-kibble","runnerUpPartyId":"CPC","margin":0.5319148936170213,"top":[{"id":"alistair-macgregor","name":"Alistair MacGregor","shortName":"MacGregor","partyId":"NDP","votes":71,"share":37.765957446808514},{"id":"jeff-kibble","name":"Jeff Kibble","shortName":"Kibble","partyId":"CPC","votes":70,"share":37.234042553191486},{"id":"blair-herbert","name":"Blair Herbert","shortName":"Herbert","partyId":"LIB","votes":34,"share":18.085106382978726},{"id":"kathleen-code","name":"Kathleen Code","shortName":"Code","partyId":"GRN","votes":13,"share":6.914893617021277}],"partyVotes":{"LIB":34,"CPC":70,"BQ":0,"NDP":71,"GRN":13,"PPC":0,"OTH":0}}},"geometry":{"type":"Polygon","coordinates":[[[294.86,159.03],[294.79,159.07],[294.78,159.06],[294.78,159.05],[294.77,159.05],[294.76,159.05],[294.76,159.05],[294.76,159.07],[294.75,159.08],[294.75,159.08],[294.73,159.08],[294.72,159.09],[294.7,159.09],[294.68,159.09],[294.67,159.09],[294.67,159.09],[294.67,159.08],[294.66,159.08],[294.65,159.09],[294.64,159.09],[294.62,159.08],[294.69,159.01],[294.8,158.91],[294.84,158.87],[294.82,158.83],[295.07,158.67],[295.03,158.64],[295.13,158.58],[295.09,158.55],[295.21,158.41],[295.29,158.35],[295.47,158.16],[295.48,158.22],[295.49,158.23],[295.58,158.19],[295.59,158.18],[295.6,158.18],[295.62,158.18],[295.63,158.17],[295.64,158.17],[295.65,158.16],[295.66,158.15],[295.67,158.13],[295.67,158.11],[295.67,158.11],[295.68,158.1],[295.68,158.1],[295.69,158.08],[295.72,158.07],[295.74,158.04],[295.75,158.03],[295.76,158.03],[295.79,158.01],[295.79,158],[295.81,157.98],[295.82,157.96],[295.84,157.94],[295.88,157.89],[295.95,157.82],[295.96,157.81],[295.96,157.8],[295.93,157.77],[295.97,157.74],[295.98,157.73],[296.01,157.73],[296.02,157.74],[296.03,157.75],[296.03,157.75],[296.02,157.76],[296.03,157.78],[295.97,157.83],[296,157.88],[296.11,158.09],[296.24,158.41],[296.26,158.48],[296.27,158.49],[296.28,158.5],[296.32,158.61],[296.33,158.62],[296.29,158.63],[296.3,158.64],[296.28,158.65],[296.29,158.66],[296.28,158.66],[296.28,158.67],[296.26,158.68],[296.26,158.67],[296.24,158.68],[296.25,158.71],[296.26,158.71],[296.27,158.73],[296.26,158.74],[296.25,158.74],[296.2,158.76],[296.22,158.79],[296.18,158.82],[296.19,158.85],[296.15,158.87],[296.13,158.82],[296.14,158.81],[296.14,158.79],[296.15,158.79],[296.14,158.76],[296.12,158.77],[296.13,158.75],[296.11,158.69],[296.07,158.67],[296.03,158.69],[295.9,158.7],[295.91,158.71],[295.93,158.71],[295.95,158.71],[295.97,158.72],[296,158.74],[296.01,158.76],[296.04,158.77],[296.05,158.79],[296.05,158.81],[296.08,158.83],[296.06,158.84],[296.05,158.84],[296.05,158.84],[296.02,158.87],[295.93,158.92],[295.91,158.94],[295.85,159.04],[295.81,159.11],[295.79,159.11],[295.76,159.15],[295.74,159.16],[295.72,159.16],[295.71,159.17],[295.69,159.21],[295.63,159.26],[295.63,159.27],[295.63,159.32],[295.63,159.34],[295.62,159.37],[295.57,159.39],[295.56,159.36],[295.54,159.36],[295.53,159.36],[295.5,159.36],[295.5,159.35],[295.5,159.32],[295.45,159.27],[295.43,159.27],[295.36,159.29],[295.35,159.31],[295.35,159.34],[295.36,159.39],[295.35,159.41],[295.34,159.43],[295.32,159.45],[295.3,159.48],[295.27,159.47],[295.26,159.46],[295.24,159.54],[295.11,159.6],[295.1,159.71],[295.11,159.73],[295.12,159.74],[295.12,159.77],[295.11,159.79],[295.11,159.83],[295.11,159.85],[295.13,159.87],[295.14,159.9],[295.15,159.92],[295.15,159.94],[295.15,159.95],[295.14,159.97],[295.14,159.98],[295.12,159.99],[295.11,160],[295.11,160],[295.11,160.03],[295.11,160.07],[295.11,160.1],[295.1,160.12],[295.09,160.12],[295.05,160.12],[295.02,160.12],[295.01,160.13],[295,160.16],[294.99,160.16],[294.96,160.17],[294.94,160.18],[294.92,160.19],[294.9,160.19],[294.89,160.19],[294.88,160.2],[294.86,160.13],[294.87,160.12],[294.87,160.12],[294.89,160.1],[294.92,160.09],[294.93,160.08],[294.94,160.07],[294.96,160.04],[294.98,160.04],[294.99,160.01],[295,160],[294.99,159.99],[294.98,159.98],[294.98,159.97],[294.98,159.96],[294.98,159.95],[294.98,159.95],[294.98,159.93],[294.98,159.93],[294.98,159.9],[294.98,159.87],[294.97,159.84],[294.97,159.8],[294.96,159.78],[294.96,159.74],[294.96,159.72],[294.96,159.7],[294.96,159.69],[294.96,159.67],[294.97,159.6],[294.97,159.56],[294.98,159.54],[294.97,159.53],[294.97,159.5],[294.97,159.49],[294.96,159.48],[294.96,159.47],[294.94,159.47],[294.94,159.46],[294.93,159.44],[294.93,159.44],[294.91,159.44],[294.88,159.44],[294.87,159.44],[294.87,159.43],[294.87,159.42],[294.89,159.4],[294.89,159.39],[294.9,159.38],[294.91,159.34],[294.91,159.33],[294.9,159.33],[294.89,159.33],[294.88,159.32],[294.88,159.31],[294.87,159.29],[294.85,159.28],[294.81,159.23],[294.81,159.23],[294.82,159.21],[294.82,159.17],[294.84,159.13],[294.84,159.08],[294.86,159.03]]]}},{"type":"Feature","id":"59010-2","properties":{"ridingCode":"59010","pollNumber":"2","pollType":"N","advancePollNumber":"601","sourceCode":"2-0","geometryPollNumbers":["2"],"code":"59010-2","resultPollNumbers":["2"],"resultStatus":"exact","result":{"electors":271,"voters":130,"totalVotes":130,"rejected":0,"turnout":47.97047970479705,"winnerId":"jeff-kibble","winnerPartyId":"CPC","runnerUpId":"blair-herbert","runnerUpPartyId":"LIB","margin":16.153846153846153,"top":[{"id":"jeff-kibble","name":"Jeff Kibble","shortName":"Kibble","partyId":"CPC","votes":59,"share":45.38461538461539},{"id":"blair-herbert","name":"Blair Herbert","shortName":"Herbert","partyId":"LIB","votes":38,"share":29.230769230769234},{"id":"alistair-macgregor","name":"Alistair MacGregor","shortName":"MacGregor","partyId":"NDP","votes":31,"share":23.846153846153847},{"id":"kathleen-code","name":"Kathleen Code","shortName":"Code","partyId":"GRN","votes":2,"share":1.5384615384615385}],"partyVotes":{"LIB":38,"CPC":59,"BQ":0,"NDP":31,"GRN":2,"PPC":0,"OTH":0}}},"geometry":{"type":"Polygon","coordinates":[[[295.47,158.16],[295.52,158.12],[295.5,158.1],[295.58,158.05],[295.58,158.04],[295.62,158],[295.61,157.99],[295.67,157.88],[295.73,157.87],[295.79,157.86],[295.84,157.83],[295.93,157.77],[295.96,157.8],[295.96,157.81],[295.95,157.82],[295.88,157.89],[295.84,157.94],[295.82,157.96],[295.81,157.98],[295.79,158],[295.79,158.01],[295.76,158.03],[295.75,158.03],[295.74,158.04],[295.72,158.07],[295.69,158.08],[295.68,158.1],[295.68,158.1],[295.67,158.11],[295.67,158.11],[295.67,158.13],[295.66,158.15],[295.65,158.16],[295.64,158.17],[295.63,158.17],[295.62,158.18],[295.6,158.18],[295.59,158.18],[295.58,158.19],[295.49,158.23],[295.48,158.22],[295.47,158.16]]]}},{"type":"Feature","id":"59010-3","properties":{"ridingCode":"59010","pollNumber":"3","pollType":"N","advancePollNumber":"600","sourceCode":"3-0","geometryPollNumbers":["3"],"code":"59010-3","resultPollNumbers":["3"],"resultStatus":"exact","result":{"electors":56,"voters":36,"totalVotes":36,"rejected":0,"turnout":64.28571428571429,"winnerId":"alistair-macgregor","winnerPartyId":"NDP","runnerUpId":"blair-herbert","runnerUpPartyId":"LIB","margin":75,"top":[{"id":"alistair-macgregor","name":"Alistair MacGregor","shortName":"MacGregor","partyId":"NDP","votes":30,"share":83.33333333333334},{"id":"blair-herbert","name":"Blair Herbert","shortName":"Herbert","partyId":"LIB","votes":3,"share":8.333333333333332},{"id":"jeff-kibble","name":"Jeff Kibble","shortName":"Kibble","partyId":"CPC","votes":2,"share":5.555555555555555},{"id":"kathleen-code","name":"Kathleen Code","shortName":"Code","partyId":"GRN","votes":1,"share":2.7777777777777777}],"partyVotes":{"LIB":3,"CPC":2,"BQ":0,"NDP":30,"GRN":1,"PPC":0,"OTH":0}}},"geometry":{"type":"Polygon","coordinates":[[[290.78,158.08],[290.79,158.08],[290.78,158.07],[290.78,158.06],[290.77,158.04],[290.72,157.99],[290.25,156.88],[291.65,155.81],[291.64,155.81],[292.2,155.38],[292.38,155.76],[292.47,155.95],[292.48,155.94],[292.63,156.25],[292.7,156.22],[292.87,156.62],[292.88,156.61],[293.15,156.5],[293.11,156.42],[293.18,156.39],[293.23,156.37],[293.23,156.34],[293.27,156.34],[293.27,156.36],[293.28,156.36],[293.3,156.41],[293.31,156.4],[293.33,156.43],[293.37,156.42],[293.45,156.58],[293.5,156.69],[293.68,156.59],[293.69,156.59],[293.71,156.62],[293.73,156.63],[293.74,156.65],[293.75,156.65],[293.76,156.66],[293.76,156.67],[293.76,156.7],[293.78,156.74],[293.84,156.87],[293.99,156.8],[293.92,156.66],[294.4,156.44],[294.58,156.82],[294.88,157.47],[294.77,157.69],[294.77,157.7],[294.76,157.71],[294.58,158.02],[294.75,158.51],[294.72,158.67],[294.71,158.72],[294.8,158.91],[294.69,159.01],[294.62,159.08],[294.64,159.09],[294.65,159.09],[294.66,159.08],[294.67,159.08],[294.67,159.09],[294.67,159.09],[294.68,159.09],[294.7,159.09],[294.72,159.09],[294.73,159.08],[294.75,159.08],[294.75,159.08],[294.76,159.07],[294.76,159.05],[294.76,159.05],[294.77,159.05],[294.78,159.05],[294.78,159.06],[294.79,159.07],[294.86,159.03],[294.84,159.08],[294.84,159.13],[294.82,159.17],[294.82,159.21],[294.81,159.23],[294.81,159.23],[294.85,159.28],[294.87,159.29],[294.88,159.31],[294.88,159.32],[294.89,159.33],[294.9,159.33],[294.91,159.33],[294.91,159.34],[294.9,159.38],[294.89,159.39],[294.89,159.4],[294.87,159.42],[294.87,159.43],[294.87,159.44],[294.88,159.44],[294.91,159.44],[294.93,159.44],[294.93,159.44],[294.94,159.46],[294.94,159.47],[294.96,159.47],[294.96,159.48],[294.97,159.49],[294.97,159.5],[294.97,159.53],[294.98,159.54],[294.97,159.56],[294.97,159.6],[294.96,159.67],[294.96,159.69],[294.96,159.7],[294.96,159.72],[294.96,159.74],[294.96,159.78],[294.97,159.8],[294.97,159.84],[294.98,159.87],[294.98,159.9],[294.98,159.93],[294.98,159.93],[294.98,159.95],[294.98,159.95],[294.98,159.96],[294.98,159.97],[294.98,159.98],[294.99,159.99],[295,160],[294.99,160.01],[294.98,160.04],[294.96,160.04],[294.94,160.07],[294.93,160.08],[294.92,160.09],[294.89,160.1],[294.87,160.12],[294.87,160.12],[294.86,160.13],[294.88,160.2],[294.87,160.21],[294.88,160.25],[294.87,160.25],[294.89,160.28],[294.88,160.29],[294.89,160.3],[294.85,160.31],[294.85,160.31],[294.83,160.32],[294.83,160.31],[294.81,160.32],[294.8,160.3],[294.83,160.29],[294.83,160.28],[294.83,160.28],[294.83,160.26],[294.81,160.27],[294.81,160.26],[294.8,160.26],[294.79,160.24],[294.8,160.23],[294.79,160.22],[294.8,160.21],[294.8,160.2],[294.75,160.22],[294.76,160.22],[294.74,160.23],[294.75,160.24],[294.7,160.26],[294.71,160.27],[294.68,160.28],[294.69,160.29],[294.71,160.28],[294.72,160.29],[294.69,160.31],[294.68,160.3],[294.62,160.33],[294.63,160.36],[294.61,160.37],[294.62,160.37],[294.58,160.39],[294.59,160.41],[294.61,160.4],[294.62,160.41],[294.61,160.41],[294.62,160.45],[294.67,160.42],[294.66,160.39],[294.69,160.37],[294.69,160.38],[294.7,160.38],[294.72,160.42],[294.73,160.41],[294.74,160.44],[294.72,160.45],[294.74,160.48],[294.76,160.47],[294.77,160.48],[294.81,160.46],[294.82,160.47],[294.84,160.46],[294.84,160.45],[294.86,160.44],[294.86,160.43],[294.88,160.42],[294.89,160.43],[294.94,160.4],[294.97,160.45],[294.96,160.46],[294.96,160.47],[294.93,160.48],[294.96,160.53],[294.97,160.53],[294.99,160.56],[294.98,160.57],[294.98,160.58],[294.93,160.6],[294.92,160.59],[294.9,160.6],[294.88,160.56],[294.84,160.58],[294.84,160.59],[294.84,160.59],[294.84,160.6],[294.79,160.62],[294.79,160.61],[294.76,160.63],[294.75,160.62],[294.71,160.63],[294.72,160.64],[294.7,160.65],[294.68,160.64],[294.67,160.6],[294.68,160.59],[294.67,160.57],[294.66,160.58],[294.65,160.61],[294.64,160.62],[294.63,160.63],[294.61,160.65],[294.69,160.81],[294.67,160.82],[294.67,160.83],[294.66,160.84],[294.66,160.85],[294.65,160.86],[294.69,160.94],[294.67,160.96],[294.72,161.06],[294.69,161.08],[294.7,161.11],[294.71,161.11],[294.72,161.13],[294.73,161.13],[294.77,161.2],[294.76,161.2],[294.78,161.24],[294.74,161.26],[294.76,161.3],[294.78,161.3],[294.79,161.32],[294.8,161.31],[294.81,161.33],[294.83,161.32],[294.84,161.34],[294.85,161.34],[294.87,161.38],[294.84,161.39],[294.85,161.41],[294.83,161.41],[294.83,161.43],[294.76,161.47],[294.77,161.5],[294.75,161.51],[294.76,161.54],[294.77,161.56],[294.78,161.56],[294.8,161.57],[294.81,161.61],[294.8,161.61],[294.8,161.62],[294.77,161.64],[294.78,161.64],[294.73,161.67],[294.74,161.7],[294.73,161.71],[294.74,161.72],[294.65,161.76],[294.64,161.73],[294.63,161.73],[294.6,161.69],[294.58,161.64],[294.59,161.64],[294.58,161.6],[294.59,161.59],[294.58,161.57],[294.57,161.56],[294.56,161.55],[294.56,161.52],[294.54,161.49],[294.52,161.45],[294.5,161.44],[294.49,161.38],[294.49,161.37],[294.47,161.37],[294.44,161.34],[294.43,161.35],[294.42,161.38],[294.41,161.38],[294.41,161.4],[294.47,161.43],[294.45,161.47],[294.36,161.44],[294.36,161.41],[294.35,161.42],[294.34,161.41],[294.34,161.4],[294.34,161.37],[294.33,161.33],[294.33,161.31],[294.26,161.25],[294.25,161.24],[294.24,161.19],[294.24,161.15],[294.23,161.14],[294.22,161.12],[294.18,161.14],[294.2,161.17],[294.18,161.18],[294.19,161.2],[294.15,161.22],[294.2,161.3],[294.22,161.3],[294.24,161.36],[294.25,161.36],[294.28,161.42],[294.23,161.45],[294.19,161.42],[294.16,161.42],[294.16,161.42],[294.14,161.41],[294.12,161.42],[294.06,161.32],[294.03,161.34],[293.98,161.24],[293.96,161.25],[293.94,161.21],[293.95,161.21],[293.95,161.19],[293.97,161.18],[293.96,161.16],[293.97,161.15],[293.95,161.12],[293.96,161.11],[293.95,161.09],[293.96,161.08],[293.95,161.06],[293.94,161.07],[293.9,160.99],[293.94,160.98],[293.93,160.95],[293.96,160.93],[293.96,160.92],[293.98,160.92],[293.95,160.84],[293.95,160.84],[293.94,160.81],[293.96,160.81],[293.95,160.78],[293.98,160.76],[293.94,160.68],[293.95,160.67],[293.93,160.63],[293.94,160.62],[293.93,160.61],[293.92,160.62],[293.9,160.6],[293.92,160.59],[293.91,160.56],[293.89,160.57],[293.89,160.57],[293.87,160.57],[293.87,160.56],[293.88,160.56],[293.87,160.54],[293.87,160.54],[293.86,160.53],[293.8,160.56],[293.8,160.57],[293.8,160.57],[293.8,160.58],[293.8,160.59],[293.81,160.62],[293.79,160.62],[293.78,160.61],[293.76,160.63],[293.77,160.64],[293.75,160.65],[293.75,160.64],[293.72,160.66],[293.71,160.65],[293.69,160.66],[293.68,160.67],[293.77,160.29],[293.93,159.61],[293.93,159.61],[293.9,159.62],[293.87,159.63],[293.86,159.62],[293.85,159.61],[293.85,159.61],[293.86,159.58],[293.86,159.57],[293.86,159.57],[293.86,159.56],[293.84,159.57],[293.83,159.57],[293.83,159.57],[293.83,159.56],[293.84,159.56],[293.84,159.55],[293.83,159.54],[293.83,159.5],[293.82,159.48],[293.82,159.47],[293.79,159.4],[293.78,159.4],[293.75,159.4],[293.74,159.4],[293.73,159.39],[293.73,159.37],[293.72,159.35],[293.72,159.33],[293.71,159.33],[293.7,159.33],[293.68,159.32],[293.67,159.31],[293.64,159.31],[293.63,159.3],[293.63,159.3],[293.63,159.3],[293.62,159.31],[293.62,159.32],[293.61,159.34],[293.59,159.36],[293.58,159.37],[293.58,159.37],[293.57,159.36],[293.57,159.35],[293.55,159.34],[293.53,159.29],[293.52,159.28],[293.51,159.28],[293.5,159.29],[293.5,159.3],[293.48,159.31],[293.46,159.31],[293.45,159.31],[293.43,159.29],[293.4,159.29],[293.38,159.27],[293.39,159.25],[293.38,159.24],[293.37,159.24],[293.36,159.24],[293.34,159.24],[293.34,159.25],[293.31,159.28],[293.28,159.29],[293.27,159.29],[293.26,159.29],[293.25,159.29],[293.23,159.27],[293.22,159.28],[293.19,159.3],[293.18,159.3],[293.17,159.29],[293.15,159.29],[293.12,159.28],[293.03,159.25],[293.01,159.24],[293,159.23],[292.98,159.22],[292.98,159.23],[292.98,159.23],[292.99,159.26],[292.99,159.27],[292.98,159.29],[292.97,159.29],[292.94,159.32],[292.93,159.33],[292.92,159.32],[292.92,159.31],[292.91,159.29],[292.89,159.28],[292.89,159.27],[292.9,159.25],[292.9,159.24],[292.86,159.22],[292.86,159.22],[292.85,159.2],[292.85,159.16],[292.85,159.12],[292.83,159.08],[292.82,159.08],[292.79,159.06],[292.78,159.06],[292.76,159.05],[292.75,159.05],[292.74,159.05],[292.73,159.06],[292.73,159.06],[292.72,159.09],[292.73,159.1],[292.72,159.12],[292.71,159.12],[292.7,159.12],[292.67,159.1],[292.66,159.08],[292.65,159.06],[292.64,159.04],[292.65,159.02],[292.65,159.01],[292.64,159],[292.61,159],[292.58,159],[292.57,159],[292.55,159],[292.54,158.99],[292.54,158.98],[292.53,158.96],[292.51,158.89],[292.47,158.88],[292.45,158.86],[292.41,158.84],[292.39,158.82],[292.34,158.77],[292.3,158.76],[292.25,158.74],[292.21,158.72],[292.1,158.69],[291.99,158.64],[291.89,158.55],[291.89,158.5],[291.86,158.47],[291.81,158.43],[291.75,158.44],[291.69,158.44],[291.68,158.43],[291.55,158.4],[291.53,158.39],[291.46,158.34],[291.43,158.34],[291.39,158.31],[291.31,158.24],[291.31,158.23],[291.21,158.16],[291.15,158.15],[291.07,158.14],[290.94,158.17],[290.89,158.21],[290.87,158.21],[290.83,158.2],[290.82,158.19],[290.81,158.17],[290.81,158.16],[290.81,158.14],[290.81,158.13],[290.79,158.1],[290.79,158.09],[290.78,158.08]]]}},{"type":"Feature","id":"59010-4","properties":{"ridingCode":"59010","pollNumber":"4","pollType":"N","advancePollNumber":"610","sourceCode":"4-0","geometryPollNumbers":["4"],"code":"59010-4","resultPollNumbers":["4"],"resultStatus":"exact","result":{"electors":424,"voters":276,"totalVotes":276,"rejected":0,"turnout":65.09433962264151,"winnerId":"alistair-macgregor","winnerPartyId":"NDP","runnerUpId":"jeff-kibble","runnerUpPartyId":"CPC","margin":3.6231884057971016,"top":[{"id":"alistair-macgregor","name":"Alistair MacGregor","shortName":"MacGregor","partyId":"NDP","votes":111,"share":40.21739130434783},{"id":"jeff-kibble","name":"Jeff Kibble","shortName":"Kibble","partyId":"CPC","votes":101,"share":36.594202898550726},{"id":"blair-herbert","name":"Blair Herbert","shortName":"Herbert","partyId":"LIB","votes":54,"share":19.565217391304348},{"id":"kathleen-code","name":"Kathleen Code","shortName":"Code","partyId":"GRN","votes":10,"share":3.6231884057971016}],"partyVotes":{"LIB":54,"CPC":101,"BQ":0,"NDP":111,"GRN":10,"PPC":0,"OTH":0}}},"geometry":{"type":"Polygon","coordinates":[[[299.69,158.15],[299.46,158.42],[299.38,158.21],[299.18,157.73],[299.25,157.11],[299.54,157.36],[299.55,157.37],[299.55,157.39],[299.56,157.41],[299.55,157.48],[299.56,157.49],[299.56,157.5],[299.58,157.5],[299.59,157.5],[299.63,157.5],[299.67,157.49],[299.74,157.48],[299.78,157.48],[299.83,157.46],[299.86,157.44],[299.88,157.42],[299.88,157.4],[299.96,157.4],[300.04,157.49],[299.93,157.87],[299.69,158.15]]]}},{"type":"Feature","id":"59010-5","properties":{"ridingCode":"59010","pollNumber":"5","pollType":"N","advancePollNumber":"605","sourceCode":"5-0","geometryPollNumbers":["5"],"code":"59010-5","resultPollNumbers":["5"],"resultStatus":"exact","result":{"electors":295,"voters":113,"totalVotes":113,"rejected":0,"turnout":38.30508474576271,"winnerId":"blair-herbert","winnerPartyId":"LIB","runnerUpId":"alistair-macgregor","runnerUpPartyId":"NDP","margin":4.424778761061947,"top":[{"id":"blair-herbert","name":"Blair Herbert","shortName":"Herbert","partyId":"LIB","votes":41,"share":36.283185840707965},{"id":"alistair-macgregor","name":"Alistair MacGregor","shortName":"MacGregor","partyId":"NDP","votes":36,"share":31.858407079646017},{"id":"jeff-kibble","name":"Jeff Kibble","shortName":"Kibble","partyId":"CPC","votes":32,"share":28.31858407079646},{"id":"kathleen-code","name":"Kathleen Code","shortName":"Code","partyId":"GRN","votes":4,"share":3.5398230088495577}],"partyVotes":{"LIB":41,"CPC":32,"BQ":0,"NDP":36,"GRN":4,"PPC":0,"OTH":0}}},"geometry":{"type":"Polygon","coordinates":[[[298.92,157.22],[298.92,157.23],[298.91,157.26],[298.9,157.28],[298.81,157.33],[298.79,157.34],[298.81,157.22],[298.81,157.2],[298.8,157.17],[298.8,157.15],[298.8,157.12],[298.81,157.14],[298.86,157.17],[298.9,157.16],[298.91,157.15],[298.92,157.17],[298.92,157.18],[298.92,157.2],[298.91,157.2],[298.91,157.21],[298.9,157.21],[298.9,157.22],[298.92,157.22]]]}},{"type":"Feature","id":"59010-6","properties":{"ridingCode":"59010","pollNumber":"6","pollType":"N","advancePollNumber":"605","sourceCode":"6-0","geometryPollNumbers":["6"],"code":"59010-6","resultPollNumbers":["6"],"resultStatus":"exact","result":{"electors":568,"voters":262,"totalVotes":262,"rejected":0,"turnout":46.12676056338028,"winnerId":"alistair-macgregor","winnerPartyId":"NDP","runnerUpId":"blair-herbert","runnerUpPartyId":"LIB","margin":0.7633587786259541,"top":[{"id":"alistair-macgregor","name":"Alistair MacGregor","shortName":"MacGregor","partyId":"NDP","votes":93,"share":35.49618320610687},{"id":"blair-herbert","name":"Blair Herbert","shortName":"Herbert","partyId":"LIB","votes":91,"share":34.73282442748092},{"id":"jeff-kibble","name":"Jeff Kibble","shortName":"Kibble","partyId":"CPC","votes":70,"share":26.717557251908396},{"id":"kathleen-code","name":"Kathleen Code","shortName":"Code","partyId":"GRN","votes":8,"share":3.0534351145038165}],"partyVotes":{"LIB":91,"CPC":70,"BQ":0,"NDP":93,"GRN":8,"PPC":0,"OTH":0}}},"geometry":{"type":"Polygon","coordinates":[[[298.9,157.28],[298.91,157.26],[298.92,157.23],[298.92,157.22],[298.93,157.21],[298.95,157.2],[298.95,157.21],[298.96,157.21],[298.98,157.2],[298.98,157.19],[298.98,157.19],[298.99,157.2],[298.99,157.2],[298.99,157.18],[299,157.19],[299,157.2],[299.01,157.23],[298.96,157.26],[298.95,157.26],[298.96,157.26],[298.95,157.26],[298.95,157.26],[298.95,157.26],[298.9,157.28]]]}},{"type":"Feature","id":"59010-7","properties":{"ridingCode":"59010","pollNumber":"7","pollType":"N","advancePollNumber":"605","sourceCode":"7-0","geometryPollNumbers":["7"],"code":"59010-7","resultPollNumbers":["7"],"resultStatus":"exact","result":{"electors":244,"voters":132,"totalVotes":130,"rejected":2,"turnout":54.09836065573771,"winnerId":"jeff-kibble","winnerPartyId":"CPC","runnerUpId":"alistair-macgregor","runnerUpPartyId":"NDP","margin":7.6923076923076925,"top":[{"id":"jeff-kibble","name":"Jeff Kibble","shortName":"Kibble","partyId":"CPC","votes":52,"share":40},{"id":"alistair-macgregor","name":"Alistair MacGregor","shortName":"MacGregor","partyId":"NDP","votes":42,"share":32.30769230769231},{"id":"blair-herbert","name":"Blair Herbert","shortName":"Herbert","partyId":"LIB","votes":34,"share":26.153846153846157},{"id":"kathleen-code","name":"Kathleen Code","shortName":"Code","partyId":"GRN","votes":2,"share":1.5384615384615385}],"partyVotes":{"LIB":34,"CPC":52,"BQ":0,"NDP":42,"GRN":2,"PPC":0,"OTH":0}}},"geometry":{"type":"Polygon","coordinates":[[[298.91,157.21],[298.91,157.2],[298.92,157.2],[298.92,157.18],[298.92,157.17],[298.91,157.15],[298.93,157.15],[298.94,157.16],[298.93,157.19],[298.93,157.21],[298.92,157.22],[298.9,157.22],[298.9,157.21],[298.91,157.21]]]}},{"type":"Feature","id":"59010-8","properties":{"ridingCode":"59010","pollNumber":"8","pollType":"N","advancePollNumber":"605","sourceCode":"8-0","geometryPollNumbers":["8"],"code":"59010-8","resultPollNumbers":["8"],"resultStatus":"exact","result":{"electors":358,"voters":176,"totalVotes":175,"rejected":1,"turnout":49.162011173184354,"winnerId":"alistair-macgregor","winnerPartyId":"NDP","runnerUpId":"jeff-kibble","runnerUpPartyId":"CPC","margin":7.428571428571429,"top":[{"id":"alistair-macgregor","name":"Alistair MacGregor","shortName":"MacGregor","partyId":"NDP","votes":66,"share":37.714285714285715},{"id":"jeff-kibble","name":"Jeff Kibble","shortName":"Kibble","partyId":"CPC","votes":53,"share":30.28571428571429},{"id":"blair-herbert","name":"Blair Herbert","shortName":"Herbert","partyId":"LIB","votes":51,"share":29.142857142857142},{"id":"kathleen-code","name":"Kathleen Code","shortName":"Code","partyId":"GRN","votes":5,"share":2.857142857142857}],"partyVotes":{"LIB":51,"CPC":53,"BQ":0,"NDP":66,"GRN":5,"PPC":0,"OTH":0}}},"geometry":{"type":"Polygon","coordinates":[[[298.96,157.18],[298.96,157.17],[298.95,157.15],[298.97,157.14],[298.98,157.16],[298.99,157.18],[298.99,157.2],[298.99,157.2],[298.98,157.19],[298.98,157.19],[298.98,157.2],[298.96,157.21],[298.96,157.19],[298.96,157.18]]]}},{"type":"Feature","id":"59010-9","properties":{"ridingCode":"59010","pollNumber":"9","pollType":"N","advancePollNumber":"605","sourceCode":"9-0","geometryPollNumbers":["9"],"code":"59010-9","resultPollNumbers":["9"],"resultStatus":"exact","result":{"electors":475,"voters":241,"totalVotes":240,"rejected":1,"turnout":50.73684210526316,"winnerId":"alistair-macgregor","winnerPartyId":"NDP","runnerUpId":"jeff-kibble","runnerUpPartyId":"CPC","margin":7.916666666666666,"top":[{"id":"alistair-macgregor","name":"Alistair MacGregor","shortName":"MacGregor","partyId":"NDP","votes":97,"share":40.416666666666664},{"id":"jeff-kibble","name":"Jeff Kibble","shortName":"Kibble","partyId":"CPC","votes":78,"share":32.5},{"id":"blair-herbert","name":"Blair Herbert","shortName":"Herbert","partyId":"LIB","votes":58,"share":24.166666666666668},{"id":"kathleen-code","name":"Kathleen Code","shortName":"Code","partyId":"GRN","votes":7,"share":2.9166666666666665}],"partyVotes":{"LIB":58,"CPC":78,"BQ":0,"NDP":97,"GRN":7,"PPC":0,"OTH":0}}},"geometry":{"type":"Polygon","coordinates":[[[298.93,157.21],[298.93,157.19],[298.94,157.16],[298.95,157.14],[298.95,157.13],[298.96,157.13],[298.96,157.12],[298.98,157.1],[298.99,157.11],[299,157.11],[299.01,157.13],[299,157.14],[299.01,157.15],[299.01,157.15],[298.98,157.16],[298.97,157.14],[298.95,157.15],[298.96,157.17],[298.96,157.18],[298.96,157.19],[298.96,157.21],[298.95,157.21],[298.95,157.2],[298.93,157.21]]]}},{"type":"Feature","id":"59010-10","properties":{"ridingCode":"59010","pollNumber":"10","pollType":"N","advancePollNumber":"605","sourceCode":"10-0","geometryPollNumbers":["10"],"code":"59010-10","resultPollNumbers":["10"],"resultStatus":"exact","result":{"electors":482,"voters":246,"totalVotes":246,"rejected":0,"turnout":51.037344398340245,"winnerId":"alistair-macgregor","winnerPartyId":"NDP","runnerUpId":"jeff-kibble","runnerUpPartyId":"CPC","margin":11.38211382113821,"top":[{"id":"alistair-macgregor","name":"Alistair MacGregor","shortName":"MacGregor","partyId":"NDP","votes":104,"share":42.27642276422765},{"id":"jeff-kibble","name":"Jeff Kibble","shortName":"Kibble","partyId":"CPC","votes":76,"share":30.89430894308943},{"id":"blair-herbert","name":"Blair Herbert","shortName":"Herbert","partyId":"LIB","votes":61,"share":24.796747967479675},{"id":"kathleen-code","name":"Kathleen Code","shortName":"Code","partyId":"GRN","votes":5,"share":2.0325203252032518}],"partyVotes":{"LIB":61,"CPC":76,"BQ":0,"NDP":104,"GRN":5,"PPC":0,"OTH":0}}},"geometry":{"type":"Polygon","coordinates":[[[298.96,157.13],[298.95,157.13],[298.95,157.14],[298.96,157.12],[298.98,157.09],[298.98,157.1],[298.99,157.1],[299,157.09],[299.01,157.09],[299.02,157.1],[299.05,157.09],[299.07,157.12],[299.03,157.22],[299.01,157.23],[299,157.2],[299,157.19],[298.99,157.18],[298.98,157.16],[299.01,157.15],[299.01,157.15],[299,157.14],[299.01,157.13],[299,157.11],[298.99,157.11],[298.98,157.1],[298.96,157.12],[298.96,157.13]],[[299.03,157.12],[299.03,157.12],[299.03,157.12],[299.03,157.12]],[[299.03,157.11],[299.03,157.11],[299.03,157.11],[299.03,157.11]]]}},{"type":"Feature","id":"59010-11","properties":{"ridingCode":"59010","pollNumber":"11","pollType":"N","advancePollNumber":"605","sourceCode":"11-0","geometryPollNumbers":["11"],"code":"59010-11","resultPollNumbers":["11"],"resultStatus":"exact","result":{"electors":406,"voters":179,"totalVotes":177,"rejected":2,"turnout":44.08866995073892,"winnerId":"jeff-kibble","winnerPartyId":"CPC","runnerUpId":"blair-herbert","runnerUpPartyId":"LIB","margin":17.51412429378531,"top":[{"id":"jeff-kibble","name":"Jeff Kibble","shortName":"Kibble","partyId":"CPC","votes":78,"share":44.06779661016949},{"id":"blair-herbert","name":"Blair Herbert","shortName":"Herbert","partyId":"LIB","votes":47,"share":26.55367231638418},{"id":"alistair-macgregor","name":"Alistair MacGregor","shortName":"MacGregor","partyId":"NDP","votes":47,"share":26.55367231638418},{"id":"kathleen-code","name":"Kathleen Code","shortName":"Code","partyId":"GRN","votes":5,"share":2.824858757062147}],"partyVotes":{"LIB":47,"CPC":78,"BQ":0,"NDP":47,"GRN":5,"PPC":0,"OTH":0}}},"geometry":{"type":"Polygon","coordinates":[[[298.8,157.12],[298.8,157.09],[298.83,157.08],[298.86,157.09],[298.88,157.08],[298.89,157.07],[298.9,157.07],[298.95,157.05],[298.95,157.05],[298.96,157.06],[298.97,157.05],[298.97,157.05],[298.97,157.05],[298.98,157.04],[298.99,157.05],[299,157.05],[299,157.06],[298.99,157.09],[298.98,157.1],[298.98,157.09],[298.96,157.12],[298.95,157.14],[298.94,157.16],[298.93,157.15],[298.91,157.15],[298.9,157.16],[298.86,157.17],[298.81,157.14],[298.8,157.12]]]}},{"type":"Feature","id":"59010-12","properties":{"ridingCode":"59010","pollNumber":"12","pollType":"N","advancePollNumber":"605","sourceCode":"12-0","geometryPollNumbers":["12"],"code":"59010-12","resultPollNumbers":["12"],"resultStatus":"exact","result":{"electors":435,"voters":172,"totalVotes":172,"rejected":0,"turnout":39.54022988505747,"winnerId":"blair-herbert","winnerPartyId":"LIB","runnerUpId":"jeff-kibble","runnerUpPartyId":"CPC","margin":7.55813953488372,"top":[{"id":"blair-herbert","name":"Blair Herbert","shortName":"Herbert","partyId":"LIB","votes":73,"share":42.44186046511628},{"id":"jeff-kibble","name":"Jeff Kibble","shortName":"Kibble","partyId":"CPC","votes":60,"share":34.883720930232556},{"id":"alistair-macgregor","name":"Alistair MacGregor","shortName":"MacGregor","partyId":"NDP","votes":36,"share":20.930232558139537},{"id":"kathleen-code","name":"Kathleen Code","shortName":"Code","partyId":"GRN","votes":3,"share":1.744186046511628}],"partyVotes":{"LIB":73,"CPC":60,"BQ":0,"NDP":36,"GRN":3,"PPC":0,"OTH":0}}},"geometry":{"type":"Polygon","coordinates":[[[298.8,157.09],[298.81,157.05],[298.82,157.02],[298.84,157],[298.87,156.96],[298.88,156.94],[298.89,156.94],[298.92,156.95],[298.91,156.98],[298.92,156.98],[298.95,156.99],[298.96,157],[298.94,157],[298.94,157.01],[298.92,156.99],[298.95,157.02],[298.97,157.05],[298.97,157.05],[298.97,157.05],[298.96,157.06],[298.95,157.05],[298.95,157.05],[298.9,157.07],[298.89,157.07],[298.88,157.08],[298.86,157.09],[298.83,157.08],[298.8,157.09]]]}},{"type":"Feature","id":"59010-13","properties":{"ridingCode":"59010","pollNumber":"13","pollType":"N","advancePollNumber":"605","sourceCode":"13-0","geometryPollNumbers":["13"],"code":"59010-13","resultPollNumbers":["13"],"resultStatus":"exact","result":{"electors":360,"voters":157,"totalVotes":157,"rejected":0,"turnout":43.611111111111114,"winnerId":"jeff-kibble","winnerPartyId":"CPC","runnerUpId":"alistair-macgregor","runnerUpPartyId":"NDP","margin":1.2738853503184715,"top":[{"id":"jeff-kibble","name":"Jeff Kibble","shortName":"Kibble","partyId":"CPC","votes":60,"share":38.21656050955414},{"id":"alistair-macgregor","name":"Alistair MacGregor","shortName":"MacGregor","partyId":"NDP","votes":58,"share":36.94267515923567},{"id":"blair-herbert","name":"Blair Herbert","shortName":"Herbert","partyId":"LIB","votes":35,"share":22.29299363057325},{"id":"kathleen-code","name":"Kathleen Code","shortName":"Code","partyId":"GRN","votes":4,"share":2.547770700636943}],"partyVotes":{"LIB":35,"CPC":60,"BQ":0,"NDP":58,"GRN":4,"PPC":0,"OTH":0}}},"geometry":{"type":"Polygon","coordinates":[[[298.94,157.01],[298.94,157],[298.96,157],[298.95,156.99],[298.92,156.98],[298.91,156.98],[298.92,156.95],[299,156.95],[298.99,156.99],[299,156.99],[298.99,157],[299,157.03],[299,157.05],[298.99,157.05],[298.98,157.04],[298.97,157.05],[298.95,157.02],[298.92,156.99],[298.94,157.01]]]}},{"type":"Feature","id":"59010-14","properties":{"ridingCode":"59010","pollNumber":"14","pollType":"N","advancePollNumber":"609","sourceCode":"14-0","geometryPollNumbers":["14"],"code":"59010-14","resultPollNumbers":["14"],"resultStatus":"exact","result":{"electors":287,"voters":136,"totalVotes":130,"rejected":6,"turnout":47.386759581881535,"winnerId":"alistair-macgregor","winnerPartyId":"NDP","runnerUpId":"blair-herbert","runnerUpPartyId":"LIB","margin":86.15384615384616,"top":[{"id":"alistair-macgregor","name":"Alistair MacGregor","shortName":"MacGregor","partyId":"NDP","votes":117,"share":90},{"id":"blair-herbert","name":"Blair Herbert","shortName":"Herbert","partyId":"LIB","votes":5,"share":3.8461538461538463},{"id":"jeff-kibble","name":"Jeff Kibble","shortName":"Kibble","partyId":"CPC","votes":5,"share":3.8461538461538463},{"id":"kathleen-code","name":"Kathleen Code","shortName":"Code","partyId":"GRN","votes":3,"share":2.307692307692308}],"partyVotes":{"LIB":5,"CPC":5,"BQ":0,"NDP":117,"GRN":3,"PPC":0,"OTH":0}}},"geometry":{"type":"Polygon","coordinates":[[[299.88,157.4],[299.88,157.42],[299.86,157.44],[299.83,157.46],[299.78,157.48],[299.74,157.48],[299.67,157.49],[299.63,157.5],[299.59,157.5],[299.58,157.5],[299.56,157.5],[299.56,157.49],[299.55,157.48],[299.56,157.41],[299.55,157.39],[299.55,157.37],[299.54,157.36],[299.25,157.11],[299.44,156.49],[299.65,156.74],[299.7,156.84],[299.75,156.94],[299.82,157.39],[299.85,157.4],[299.88,157.4]]]}},{"type":"Feature","id":"59010-15","properties":{"ridingCode":"59010","pollNumber":"15","pollType":"N","advancePollNumber":"605","sourceCode":"15-0","geometryPollNumbers":["15"],"code":"59010-15","resultPollNumbers":["15"],"resultStatus":"exact","result":{"electors":521,"voters":188,"totalVotes":184,"rejected":4,"turnout":36.08445297504799,"winnerId":"jeff-kibble","winnerPartyId":"CPC","runnerUpId":"alistair-macgregor","runnerUpPartyId":"NDP","margin":20.652173913043477,"top":[{"id":"jeff-kibble","name":"Jeff Kibble","shortName":"Kibble","partyId":"CPC","votes":86,"share":46.73913043478261},{"id":"alistair-macgregor","name":"Alistair MacGregor","shortName":"MacGregor","partyId":"NDP","votes":48,"share":26.08695652173913},{"id":"blair-herbert","name":"Blair Herbert","shortName":"Herbert","partyId":"LIB","votes":44,"share":23.91304347826087},{"id":"kathleen-code","name":"Kathleen Code","shortName":"Code","partyId":"GRN","votes":6,"share":3.260869565217391}],"partyVotes":{"LIB":44,"CPC":86,"BQ":0,"NDP":48,"GRN":6,"PPC":0,"OTH":0}}},"geometry":{"type":"Polygon","coordinates":[[[297.95,157.27],[297.83,156.94],[297.93,156.9],[298.06,156.85],[298.14,156.84],[298.15,156.86],[298.17,156.85],[298.28,156.74],[298.34,156.71],[298.39,156.71],[298.39,156.71],[298.39,156.7],[298.41,156.7],[298.41,156.7],[298.41,156.69],[298.42,156.67],[298.45,156.61],[298.45,156.49],[298.46,156.47],[298.65,156.4],[298.65,156.39],[298.65,156.4],[298.66,156.41],[298.71,156.44],[298.73,156.47],[298.79,156.52],[298.82,156.56],[298.86,156.59],[298.92,156.64],[298.93,156.65],[298.93,156.67],[298.93,156.7],[298.91,156.77],[298.91,156.82],[298.89,156.9],[298.88,156.94],[298.87,156.96],[298.84,157],[298.82,157.02],[298.81,157.05],[298.8,157.09],[298.8,157.12],[298.8,157.15],[298.8,157.17],[298.81,157.2],[298.81,157.22],[298.79,157.34],[298.79,157.34],[298.76,157.35],[298.65,157.4],[298.54,157.15],[298.5,157.05],[298.47,157.06],[298.48,157.08],[298.46,157.09],[298.43,157.03],[298.42,157.04],[298.41,157.03],[298.37,157.05],[298.37,157.06],[298.37,157.06],[298.36,157.07],[298.37,157.1],[298.39,157.1],[298.41,157.15],[298.45,157.13],[298.46,157.13],[298.43,157.2],[298.12,157.33],[298.15,157.4],[298.11,157.42],[298.01,157.33],[297.97,157.28],[297.95,157.27]]]}},{"type":"Feature","id":"59010-16","properties":{"ridingCode":"59010","pollNumber":"16","pollType":"N","advancePollNumber":"605","sourceCode":"16-0","geometryPollNumbers":["16"],"code":"59010-16","resultPollNumbers":["16"],"resultStatus":"exact","result":{"electors":454,"voters":185,"totalVotes":185,"rejected":0,"turnout":40.7488986784141,"winnerId":"alistair-macgregor","winnerPartyId":"NDP","runnerUpId":"jeff-kibble","runnerUpPartyId":"CPC","margin":1.0810810810810811,"top":[{"id":"alistair-macgregor","name":"Alistair MacGregor","shortName":"MacGregor","partyId":"NDP","votes":67,"share":36.21621621621622},{"id":"jeff-kibble","name":"Jeff Kibble","shortName":"Kibble","partyId":"CPC","votes":65,"share":35.13513513513514},{"id":"blair-herbert","name":"Blair Herbert","shortName":"Herbert","partyId":"LIB","votes":52,"share":28.10810810810811},{"id":"kathleen-code","name":"Kathleen Code","shortName":"Code","partyId":"GRN","votes":1,"share":0.5405405405405406}],"partyVotes":{"LIB":52,"CPC":65,"BQ":0,"NDP":67,"GRN":1,"PPC":0,"OTH":0}}},"geometry":{"type":"Polygon","coordinates":[[[298.88,156.94],[298.89,156.9],[298.91,156.82],[298.95,156.92],[299.01,156.89],[299.01,156.88],[299.01,156.85],[299.01,156.83],[299.02,156.82],[299.02,156.84],[299.08,156.82],[299.09,156.84],[299.09,156.89],[299.13,157.09],[299.12,157.1],[299.11,157.11],[299.09,157.11],[299.07,157.11],[299.07,157.12],[299.05,157.09],[299.02,157.1],[299.01,157.09],[299,157.09],[298.99,157.1],[298.98,157.1],[298.99,157.09],[299,157.06],[299,157.05],[299,157.03],[298.99,157],[299,156.99],[298.99,156.99],[299,156.95],[298.92,156.95],[298.89,156.94],[298.88,156.94]]]}},{"type":"Feature","id":"59010-17","properties":{"ridingCode":"59010","pollNumber":"17","pollType":"N","advancePollNumber":"605","sourceCode":"17-0","geometryPollNumbers":["17"],"code":"59010-17","resultPollNumbers":["17"],"resultStatus":"exact","result":{"electors":231,"voters":183,"totalVotes":182,"rejected":1,"turnout":79.22077922077922,"winnerId":"alistair-macgregor","winnerPartyId":"NDP","runnerUpId":"jeff-kibble","runnerUpPartyId":"CPC","margin":15.384615384615385,"top":[{"id":"alistair-macgregor","name":"Alistair MacGregor","shortName":"MacGregor","partyId":"NDP","votes":88,"share":48.35164835164835},{"id":"jeff-kibble","name":"Jeff Kibble","shortName":"Kibble","partyId":"CPC","votes":60,"share":32.967032967032964},{"id":"blair-herbert","name":"Blair Herbert","shortName":"Herbert","partyId":"LIB","votes":29,"share":15.934065934065933},{"id":"kathleen-code","name":"Kathleen Code","shortName":"Code","partyId":"GRN","votes":5,"share":2.7472527472527473}],"partyVotes":{"LIB":29,"CPC":60,"BQ":0,"NDP":88,"GRN":5,"PPC":0,"OTH":0}}},"geometry":{"type":"MultiPolygon","coordinates":[[[[298.93,156.65],[298.92,156.64],[298.86,156.59],[298.89,156.57],[298.9,156.56],[298.94,156.64],[299.01,156.6],[299.01,156.57],[299.04,156.57],[299.05,156.59],[299.05,156.6],[299.05,156.6],[299.04,156.61],[299.03,156.61],[299.02,156.61],[299.01,156.62],[299.01,156.64],[299.02,156.67],[299.03,156.7],[299.03,156.73],[299.03,156.76],[299.02,156.79],[299.02,156.8],[299.01,156.81],[299.01,156.81],[299.02,156.82],[299.01,156.83],[299.01,156.85],[299.01,156.88],[299.01,156.89],[298.95,156.92],[298.91,156.82],[298.91,156.77],[298.93,156.7],[298.93,156.67],[298.93,156.65]]],[[[298.89,156.55],[298.88,156.53],[298.98,156.49],[299,156.54],[299.01,156.57],[299.01,156.6],[298.94,156.64],[298.9,156.56],[298.89,156.55]]],[[[299.01,156.81],[299.02,156.8],[299.09,156.77],[299.09,156.8],[299.08,156.82],[299.02,156.84],[299.02,156.82],[299.01,156.81],[299.01,156.81]]]]}},{"type":"Feature","id":"59010-18","properties":{"ridingCode":"59010","pollNumber":"18","pollType":"N","advancePollNumber":"612","sourceCode":"18-0","geometryPollNumbers":["18"],"code":"59010-18","resultPollNumbers":["18"],"resultStatus":"exact","result":{"electors":381,"voters":120,"totalVotes":118,"rejected":2,"turnout":31.496062992125985,"winnerId":"jeff-kibble","winnerPartyId":"CPC","runnerUpId":"blair-herbert","runnerUpPartyId":"LIB","margin":19.491525423728813,"top":[{"id":"jeff-kibble","name":"Jeff Kibble","shortName":"Kibble","partyId":"CPC","votes":53,"share":44.91525423728814},{"id":"blair-herbert","name":"Blair Herbert","shortName":"Herbert","partyId":"LIB","votes":30,"share":25.423728813559322},{"id":"alistair-macgregor","name":"Alistair MacGregor","shortName":"MacGregor","partyId":"NDP","votes":30,"share":25.423728813559322},{"id":"kathleen-code","name":"Kathleen Code","shortName":"Code","partyId":"GRN","votes":5,"share":4.23728813559322}],"partyVotes":{"LIB":30,"CPC":53,"BQ":0,"NDP":30,"GRN":5,"PPC":0,"OTH":0}}},"geometry":{"type":"Polygon","coordinates":[[[297.42,156.54],[297.42,156.55],[297.47,156.52],[297.88,156.34],[298.1,156.22],[298.06,156.13],[298.21,156.06],[298.33,156.12],[298.35,156.12],[298.37,156.12],[298.46,156.07],[298.47,156.07],[298.53,156.07],[298.62,156.25],[298.65,156.32],[298.65,156.35],[298.65,156.39],[298.65,156.4],[298.46,156.47],[298.45,156.49],[298.45,156.61],[298.42,156.67],[298.41,156.69],[298.41,156.7],[298.41,156.7],[298.39,156.7],[298.39,156.71],[298.39,156.71],[298.34,156.71],[298.28,156.74],[298.17,156.85],[298.15,156.86],[298.14,156.84],[298.06,156.85],[297.93,156.9],[297.83,156.94],[297.73,156.98],[297.64,157.02],[297.42,156.54]]]}},{"type":"Feature","id":"59010-19","properties":{"ridingCode":"59010","pollNumber":"19","pollType":"N","advancePollNumber":"612","sourceCode":"19-0","geometryPollNumbers":["19"],"code":"59010-19","resultPollNumbers":["19"],"resultStatus":"exact","result":{"electors":364,"voters":104,"totalVotes":104,"rejected":0,"turnout":28.57142857142857,"winnerId":"jeff-kibble","winnerPartyId":"CPC","runnerUpId":"alistair-macgregor","runnerUpPartyId":"NDP","margin":2.8846153846153846,"top":[{"id":"jeff-kibble","name":"Jeff Kibble","shortName":"Kibble","partyId":"CPC","votes":36,"share":34.61538461538461},{"id":"alistair-macgregor","name":"Alistair MacGregor","shortName":"MacGregor","partyId":"NDP","votes":33,"share":31.73076923076923},{"id":"blair-herbert","name":"Blair Herbert","shortName":"Herbert","partyId":"LIB","votes":32,"share":30.76923076923077},{"id":"kathleen-code","name":"Kathleen Code","shortName":"Code","partyId":"GRN","votes":3,"share":2.8846153846153846}],"partyVotes":{"LIB":32,"CPC":36,"BQ":0,"NDP":33,"GRN":3,"PPC":0,"OTH":0}}},"geometry":{"type":"Polygon","coordinates":[[[298.65,156.32],[298.62,156.25],[298.62,156.25],[298.71,156.22],[298.71,156.22],[298.7,156.24],[298.7,156.24],[298.72,156.25],[298.72,156.25],[298.74,156.26],[298.76,156.25],[298.8,156.22],[298.8,156.22],[298.81,156.23],[298.82,156.23],[298.82,156.24],[298.83,156.24],[298.83,156.26],[298.82,156.26],[298.82,156.29],[298.8,156.32],[298.8,156.33],[298.79,156.33],[298.78,156.35],[298.77,156.35],[298.76,156.36],[298.76,156.39],[298.76,156.41],[298.76,156.42],[298.77,156.43],[298.78,156.44],[298.79,156.45],[298.8,156.45],[298.83,156.46],[298.84,156.47],[298.85,156.48],[298.86,156.48],[298.87,156.51],[298.88,156.53],[298.89,156.55],[298.9,156.56],[298.89,156.57],[298.86,156.59],[298.82,156.56],[298.79,156.52],[298.73,156.47],[298.71,156.44],[298.66,156.41],[298.65,156.4],[298.65,156.39],[298.65,156.35],[298.65,156.32]]]}},{"type":"Feature","id":"59010-20","properties":{"ridingCode":"59010","pollNumber":"20","pollType":"N","advancePollNumber":"612","sourceCode":"20-0","geometryPollNumbers":["20"],"code":"59010-20","resultPollNumbers":["20"],"resultStatus":"exact","result":{"electors":422,"voters":138,"totalVotes":138,"rejected":0,"turnout":32.70142180094787,"winnerId":"jeff-kibble","winnerPartyId":"CPC","runnerUpId":"alistair-macgregor","runnerUpPartyId":"NDP","margin":1.4492753623188406,"top":[{"id":"jeff-kibble","name":"Jeff Kibble","shortName":"Kibble","partyId":"CPC","votes":59,"share":42.7536231884058},{"id":"alistair-macgregor","name":"Alistair MacGregor","shortName":"MacGregor","partyId":"NDP","votes":57,"share":41.30434782608695},{"id":"blair-herbert","name":"Blair Herbert","shortName":"Herbert","partyId":"LIB","votes":22,"share":15.942028985507244},{"id":"kathleen-code","name":"Kathleen Code","shortName":"Code","partyId":"GRN","votes":0,"share":0}],"partyVotes":{"LIB":22,"CPC":59,"BQ":0,"NDP":57,"GRN":0,"PPC":0,"OTH":0}}},"geometry":{"type":"Polygon","coordinates":[[[298.62,156.25],[298.53,156.07],[298.62,156.07],[298.65,156.06],[298.68,156.06],[298.7,156.05],[298.78,156.01],[298.79,156],[298.8,155.98],[298.8,155.98],[298.81,155.97],[298.83,155.96],[298.85,155.96],[298.89,155.95],[298.91,156],[298.92,156.02],[298.92,156.03],[298.94,156.04],[298.94,156.05],[298.9,156.08],[298.89,156.09],[298.86,156.11],[298.86,156.12],[298.85,156.13],[298.83,156.17],[298.83,156.18],[298.82,156.19],[298.82,156.19],[298.83,156.21],[298.82,156.23],[298.81,156.23],[298.8,156.22],[298.8,156.22],[298.76,156.25],[298.74,156.26],[298.72,156.25],[298.72,156.25],[298.7,156.24],[298.7,156.24],[298.71,156.22],[298.71,156.22],[298.62,156.25],[298.62,156.25]]]}},{"type":"Feature","id":"59010-21","properties":{"ridingCode":"59010","pollNumber":"21","pollType":"N","advancePollNumber":"610","sourceCode":"21-0","geometryPollNumbers":["21"],"code":"59010-21","resultPollNumbers":["21"],"resultStatus":"exact","result":{"electors":555,"voters":220,"totalVotes":220,"rejected":0,"turnout":39.63963963963964,"winnerId":"jeff-kibble","winnerPartyId":"CPC","runnerUpId":"alistair-macgregor","runnerUpPartyId":"NDP","margin":20.909090909090907,"top":[{"id":"jeff-kibble","name":"Jeff Kibble","shortName":"Kibble","partyId":"CPC","votes":107,"share":48.63636363636364},{"id":"alistair-macgregor","name":"Alistair MacGregor","shortName":"MacGregor","partyId":"NDP","votes":61,"share":27.727272727272727},{"id":"blair-herbert","name":"Blair Herbert","shortName":"Herbert","partyId":"LIB","votes":49,"share":22.272727272727273},{"id":"kathleen-code","name":"Kathleen Code","shortName":"Code","partyId":"GRN","votes":3,"share":1.3636363636363635}],"partyVotes":{"LIB":49,"CPC":107,"BQ":0,"NDP":61,"GRN":3,"PPC":0,"OTH":0}}},"geometry":{"type":"MultiPolygon","coordinates":[[[[299.02,156.61],[299.03,156.61],[299.04,156.61],[299.05,156.6],[299.05,156.6],[299.05,156.59],[299.07,156.56],[299.08,156.53],[299.09,156.51],[299.12,156.5],[299.15,156.47],[299.19,156.45],[299.2,156.43],[299.2,156.41],[299.2,156.39],[299.18,156.33],[299.23,156.31],[299.27,156.29],[299.25,156.24],[299.23,156.24],[299.2,156.25],[299.17,156.26],[299.17,156.25],[299.17,156.23],[299.18,156.23],[299.2,156.22],[299.25,156.18],[299.28,156.12],[299.38,156.14],[299.52,156.17],[299.51,156.23],[299.47,156.39],[299.44,156.49],[299.25,157.11],[299.03,157.22],[299.07,157.12],[299.07,157.11],[299.09,157.11],[299.11,157.11],[299.12,157.1],[299.13,157.09],[299.09,156.89],[299.09,156.84],[299.08,156.82],[299.09,156.8],[299.09,156.77],[299.02,156.8],[299.02,156.79],[299.03,156.76],[299.03,156.73],[299.03,156.7],[299.02,156.67],[299.01,156.64],[299.01,156.62],[299.02,156.61]],[[299.07,156.57],[299.08,156.59],[299.08,156.59],[299.08,156.59],[299.08,156.59],[299.08,156.6],[299.08,156.6],[299.12,156.59],[299.1,156.56],[299.08,156.57],[299.07,156.57]]],[[[299.1,156.56],[299.12,156.59],[299.08,156.6],[299.08,156.6],[299.08,156.59],[299.08,156.59],[299.08,156.59],[299.08,156.59],[299.07,156.57],[299.08,156.57],[299.1,156.56]]]]}},{"type":"Feature","id":"59010-22","properties":{"ridingCode":"59010","pollNumber":"22","pollType":"N","advancePollNumber":"610","sourceCode":"22-0","geometryPollNumbers":["22"],"code":"59010-22","resultPollNumbers":["22"],"resultStatus":"exact","result":{"electors":583,"voters":182,"totalVotes":180,"rejected":2,"turnout":31.217838765008576,"winnerId":"jeff-kibble","winnerPartyId":"CPC","runnerUpId":"alistair-macgregor","runnerUpPartyId":"NDP","margin":18.333333333333332,"top":[{"id":"jeff-kibble","name":"Jeff Kibble","shortName":"Kibble","partyId":"CPC","votes":85,"share":47.22222222222222},{"id":"alistair-macgregor","name":"Alistair MacGregor","shortName":"MacGregor","partyId":"NDP","votes":52,"share":28.888888888888886},{"id":"blair-herbert","name":"Blair Herbert","shortName":"Herbert","partyId":"LIB","votes":34,"share":18.88888888888889},{"id":"kathleen-code","name":"Kathleen Code","shortName":"Code","partyId":"GRN","votes":9,"share":5}],"partyVotes":{"LIB":34,"CPC":85,"BQ":0,"NDP":52,"GRN":9,"PPC":0,"OTH":0}}},"geometry":{"type":"Polygon","coordinates":[[[299.15,156.31],[299.17,156.3],[299.19,156.29],[299.19,156.31],[299.22,156.29],[299.23,156.31],[299.18,156.33],[299.2,156.39],[299.2,156.41],[299.17,156.43],[299.15,156.39],[299.13,156.4],[299.11,156.35],[299.12,156.34],[299.16,156.32],[299.15,156.31]]]}},{"type":"Feature","id":"59010-23","properties":{"ridingCode":"59010","pollNumber":"23","pollType":"N","advancePollNumber":"611","sourceCode":"23-0","geometryPollNumbers":["23"],"code":"59010-23","resultPollNumbers":["23"],"resultStatus":"exact","result":{"electors":418,"voters":130,"totalVotes":129,"rejected":1,"turnout":31.100478468899524,"winnerId":"jeff-kibble","winnerPartyId":"CPC","runnerUpId":"alistair-macgregor","runnerUpPartyId":"NDP","margin":31.782945736434108,"top":[{"id":"jeff-kibble","name":"Jeff Kibble","shortName":"Kibble","partyId":"CPC","votes":74,"share":57.36434108527132},{"id":"alistair-macgregor","name":"Alistair MacGregor","shortName":"MacGregor","partyId":"NDP","votes":33,"share":25.581395348837212},{"id":"blair-herbert","name":"Blair Herbert","shortName":"Herbert","partyId":"LIB","votes":19,"share":14.728682170542637},{"id":"kathleen-code","name":"Kathleen Code","shortName":"Code","partyId":"GRN","votes":3,"share":2.3255813953488373}],"partyVotes":{"LIB":19,"CPC":74,"BQ":0,"NDP":33,"GRN":3,"PPC":0,"OTH":0}}},"geometry":{"type":"Polygon","coordinates":[[[299.07,156.56],[299.05,156.59],[299.04,156.57],[299.01,156.57],[299,156.54],[298.98,156.49],[298.88,156.53],[298.87,156.51],[298.86,156.48],[298.85,156.48],[298.84,156.47],[298.83,156.46],[298.8,156.45],[298.79,156.45],[298.78,156.44],[298.77,156.43],[298.76,156.42],[298.76,156.41],[298.76,156.39],[298.76,156.36],[298.77,156.35],[298.78,156.35],[298.79,156.33],[298.8,156.33],[298.8,156.32],[298.82,156.29],[298.82,156.26],[298.83,156.26],[298.83,156.24],[298.82,156.24],[298.82,156.23],[298.83,156.21],[298.82,156.19],[298.82,156.19],[298.83,156.18],[298.83,156.17],[298.85,156.13],[298.86,156.12],[298.86,156.11],[298.89,156.09],[298.9,156.08],[298.94,156.05],[298.94,156.04],[298.92,156.03],[298.92,156.02],[298.91,156],[298.89,155.95],[298.95,155.97],[298.98,155.99],[299,156],[299.03,155.93],[299.04,155.94],[299.03,155.97],[299.02,155.98],[299.02,155.99],[299.03,156],[299.03,156.01],[299.05,156.02],[299.06,156.03],[299.08,156.04],[299.08,156.05],[299.07,156.08],[299.08,156.09],[299.09,156.1],[299.11,156.13],[299.13,156.15],[299.14,156.17],[299.15,156.18],[299.16,156.2],[299.17,156.2],[299.18,156.2],[299.18,156.21],[299.18,156.23],[299.17,156.23],[299.17,156.25],[299.15,156.25],[299.16,156.27],[299.15,156.27],[299.17,156.3],[299.15,156.31],[299.16,156.32],[299.12,156.34],[299.11,156.35],[299.13,156.4],[299.15,156.39],[299.17,156.43],[299.2,156.41],[299.2,156.43],[299.19,156.45],[299.15,156.47],[299.12,156.5],[299.09,156.51],[299.08,156.53],[299.07,156.56]],[[299.05,156.07],[299.05,156.07],[299.05,156.07],[299.05,156.07]]]}},{"type":"Feature","id":"59010-24","properties":{"ridingCode":"59010","pollNumber":"24","pollType":"N","advancePollNumber":"610","sourceCode":"24-0","geometryPollNumbers":["24"],"code":"59010-24","resultPollNumbers":["24"],"resultStatus":"exact","result":{"electors":569,"voters":217,"totalVotes":216,"rejected":1,"turnout":38.13708260105449,"winnerId":"jeff-kibble","winnerPartyId":"CPC","runnerUpId":"alistair-macgregor","runnerUpPartyId":"NDP","margin":15.277777777777779,"top":[{"id":"jeff-kibble","name":"Jeff Kibble","shortName":"Kibble","partyId":"CPC","votes":103,"share":47.68518518518518},{"id":"alistair-macgregor","name":"Alistair MacGregor","shortName":"MacGregor","partyId":"NDP","votes":70,"share":32.407407407407405},{"id":"blair-herbert","name":"Blair Herbert","shortName":"Herbert","partyId":"LIB","votes":36,"share":16.666666666666664},{"id":"kathleen-code","name":"Kathleen Code","shortName":"Code","partyId":"GRN","votes":7,"share":3.2407407407407405}],"partyVotes":{"LIB":36,"CPC":103,"BQ":0,"NDP":70,"GRN":7,"PPC":0,"OTH":0}}},"geometry":{"type":"Polygon","coordinates":[[[299.16,156.27],[299.15,156.25],[299.17,156.25],[299.17,156.26],[299.2,156.25],[299.22,156.29],[299.19,156.31],[299.19,156.29],[299.17,156.3],[299.15,156.27],[299.16,156.27]]]}},{"type":"Feature","id":"59010-25","properties":{"ridingCode":"59010","pollNumber":"25","pollType":"N","advancePollNumber":"610","sourceCode":"25-0","geometryPollNumbers":["25"],"code":"59010-25","resultPollNumbers":["25"],"resultStatus":"exact","result":{"electors":426,"voters":125,"totalVotes":125,"rejected":0,"turnout":29.342723004694836,"winnerId":"jeff-kibble","winnerPartyId":"CPC","runnerUpId":"alistair-macgregor","runnerUpPartyId":"NDP","margin":0.8,"top":[{"id":"jeff-kibble","name":"Jeff Kibble","shortName":"Kibble","partyId":"CPC","votes":47,"share":37.6},{"id":"alistair-macgregor","name":"Alistair MacGregor","shortName":"MacGregor","partyId":"NDP","votes":46,"share":36.8},{"id":"blair-herbert","name":"Blair Herbert","shortName":"Herbert","partyId":"LIB","votes":27,"share":21.6},{"id":"kathleen-code","name":"Kathleen Code","shortName":"Code","partyId":"GRN","votes":5,"share":4}],"partyVotes":{"LIB":27,"CPC":47,"BQ":0,"NDP":46,"GRN":5,"PPC":0,"OTH":0}}},"geometry":{"type":"Polygon","coordinates":[[[299.22,156.29],[299.2,156.25],[299.23,156.24],[299.25,156.24],[299.27,156.29],[299.23,156.31],[299.22,156.29]]]}},{"type":"Feature","id":"59010-26","properties":{"ridingCode":"59010","pollNumber":"26","pollType":"N","advancePollNumber":"618","sourceCode":"26-0","geometryPollNumbers":["26"],"code":"59010-26","resultPollNumbers":["26"],"resultStatus":"exact","result":{"electors":408,"voters":181,"totalVotes":181,"rejected":0,"turnout":44.36274509803921,"winnerId":"jeff-kibble","winnerPartyId":"CPC","runnerUpId":"alistair-macgregor","runnerUpPartyId":"NDP","margin":5.524861878453039,"top":[{"id":"jeff-kibble","name":"Jeff Kibble","shortName":"Kibble","partyId":"CPC","votes":80,"share":44.19889502762431},{"id":"alistair-macgregor","name":"Alistair MacGregor","shortName":"MacGregor","partyId":"NDP","votes":70,"share":38.67403314917127},{"id":"blair-herbert","name":"Blair Herbert","shortName":"Herbert","partyId":"LIB","votes":30,"share":16.574585635359114},{"id":"kathleen-code","name":"Kathleen Code","shortName":"Code","partyId":"GRN","votes":1,"share":0.5524861878453038}],"partyVotes":{"LIB":30,"CPC":80,"BQ":0,"NDP":70,"GRN":1,"PPC":0,"OTH":0}}},"geometry":{"type":"Polygon","coordinates":[[[299.11,155.87],[299.1,155.85],[299.11,155.84],[299.13,155.82],[299.14,155.81],[299.14,155.8],[299.15,155.8],[299.16,155.81],[299.18,155.77],[299.2,155.76],[299.22,155.76],[299.22,155.77],[299.25,155.76],[299.26,155.76],[299.26,155.77],[299.26,155.78],[299.27,155.78],[299.28,155.79],[299.3,155.78],[299.32,155.79],[299.33,155.79],[299.33,155.79],[299.35,155.78],[299.36,155.78],[299.38,155.78],[299.39,155.79],[299.44,155.77],[299.43,155.75],[299.4,155.71],[299.34,155.71],[299.32,155.75],[299.29,155.75],[299.27,155.73],[299.24,155.73],[299.21,155.63],[299.22,155.6],[299.24,155.61],[299.26,155.63],[299.32,155.64],[299.37,155.55],[299.45,155.45],[299.44,155.41],[299.42,155.38],[299.4,155.36],[299.4,155.29],[299.4,155.25],[299.37,155.24],[299.33,155.24],[299.3,155.23],[299.27,155.22],[299.31,155.21],[299.4,155.22],[299.42,155.27],[299.43,155.34],[299.46,155.42],[299.47,155.44],[299.48,155.49],[299.45,155.6],[299.45,155.69],[299.51,155.85],[299.54,155.94],[299.52,156.17],[299.38,156.14],[299.28,156.12],[299.25,156.18],[299.2,156.22],[299.18,156.23],[299.18,156.21],[299.18,156.2],[299.17,156.2],[299.16,156.2],[299.15,156.18],[299.14,156.17],[299.13,156.15],[299.11,156.13],[299.09,156.1],[299.08,156.09],[299.07,156.08],[299.08,156.05],[299.08,156.04],[299.06,156.03],[299.05,156.02],[299.03,156.01],[299.03,156],[299.02,155.99],[299.02,155.98],[299.03,155.97],[299.04,155.94],[299.03,155.93],[299.07,155.92],[299.07,155.92],[299.09,155.88],[299.11,155.87]]]}},{"type":"Feature","id":"59010-27","properties":{"ridingCode":"59010","pollNumber":"27","pollType":"N","advancePollNumber":"614","sourceCode":"27-0","geometryPollNumbers":["27"],"code":"59010-27","resultPollNumbers":["27"],"resultStatus":"exact","result":{"electors":552,"voters":211,"totalVotes":207,"rejected":4,"turnout":38.224637681159415,"winnerId":"jeff-kibble","winnerPartyId":"CPC","runnerUpId":"alistair-macgregor","runnerUpPartyId":"NDP","margin":37.19806763285024,"top":[{"id":"jeff-kibble","name":"Jeff Kibble","shortName":"Kibble","partyId":"CPC","votes":128,"share":61.83574879227053},{"id":"alistair-macgregor","name":"Alistair MacGregor","shortName":"MacGregor","partyId":"NDP","votes":51,"share":24.637681159420293},{"id":"blair-herbert","name":"Blair Herbert","shortName":"Herbert","partyId":"LIB","votes":24,"share":11.594202898550725},{"id":"kathleen-code","name":"Kathleen Code","shortName":"Code","partyId":"GRN","votes":4,"share":1.932367149758454}],"partyVotes":{"LIB":24,"CPC":128,"BQ":0,"NDP":51,"GRN":4,"PPC":0,"OTH":0}}},"geometry":{"type":"Polygon","coordinates":[[[297.35,156.4],[297.43,156.36],[297.56,156.33],[297.57,156.32],[297.59,156.31],[297.58,156.3],[297.59,156.28],[297.58,156.27],[297.6,156.24],[297.6,156.24],[297.59,156.23],[297.58,156.22],[297.56,156.19],[297.56,156.18],[297.57,156.17],[297.56,156.16],[297.56,156.15],[297.56,156.15],[297.54,156.16],[297.55,156.14],[297.59,156.05],[297.61,156.04],[297.64,156.03],[297.65,156.02],[297.68,156.01],[297.69,156],[297.71,156],[297.73,155.99],[297.74,155.98],[297.76,155.97],[297.77,155.96],[297.79,155.95],[297.8,155.95],[297.81,155.95],[297.83,155.94],[297.84,155.94],[297.89,155.97],[297.9,155.97],[297.92,155.97],[297.96,155.97],[297.99,155.96],[298.05,156.09],[298.06,156.13],[298.1,156.22],[297.88,156.34],[297.47,156.52],[297.42,156.55],[297.42,156.54],[297.35,156.4]]]}},{"type":"Feature","id":"59010-28","properties":{"ridingCode":"59010","pollNumber":"28","pollType":"N","advancePollNumber":"614","sourceCode":"28-0","geometryPollNumbers":["28"],"code":"59010-28","resultPollNumbers":["28"],"resultStatus":"exact","result":{"electors":383,"voters":143,"totalVotes":143,"rejected":0,"turnout":37.33681462140992,"winnerId":"jeff-kibble","winnerPartyId":"CPC","runnerUpId":"alistair-macgregor","runnerUpPartyId":"NDP","margin":19.58041958041958,"top":[{"id":"jeff-kibble","name":"Jeff Kibble","shortName":"Kibble","partyId":"CPC","votes":73,"share":51.048951048951054},{"id":"alistair-macgregor","name":"Alistair MacGregor","shortName":"MacGregor","partyId":"NDP","votes":45,"share":31.46853146853147},{"id":"blair-herbert","name":"Blair Herbert","shortName":"Herbert","partyId":"LIB","votes":20,"share":13.986013986013987},{"id":"kathleen-code","name":"Kathleen Code","shortName":"Code","partyId":"GRN","votes":5,"share":3.4965034965034967}],"partyVotes":{"LIB":20,"CPC":73,"BQ":0,"NDP":45,"GRN":5,"PPC":0,"OTH":0}}},"geometry":{"type":"MultiPolygon","coordinates":[[[[297.23,156.14],[297.24,156.14],[297.24,156.13],[297.24,156.12],[297.23,156.1],[297.23,156.1],[297.26,156.07],[297.31,156.05],[297.32,156.05],[297.33,156.06],[297.35,156.08],[297.36,156.08],[297.38,156.07],[297.39,156.06],[297.41,156.05],[297.41,156.04],[297.4,156.02],[297.41,156],[297.41,155.99],[297.41,155.97],[297.4,155.96],[297.39,155.95],[297.4,155.95],[297.42,155.94],[297.44,155.95],[297.45,155.94],[297.47,155.92],[297.47,155.9],[297.48,155.89],[297.48,155.88],[297.49,155.87],[297.51,155.87],[297.52,155.86],[297.52,155.85],[297.53,155.85],[297.55,155.84],[297.56,155.84],[297.57,155.86],[297.56,155.86],[297.55,155.86],[297.53,155.88],[297.61,156.04],[297.59,156.05],[297.55,156.14],[297.54,156.16],[297.56,156.15],[297.56,156.15],[297.56,156.16],[297.57,156.17],[297.56,156.18],[297.56,156.19],[297.58,156.22],[297.59,156.23],[297.6,156.24],[297.6,156.24],[297.58,156.27],[297.59,156.28],[297.58,156.3],[297.59,156.31],[297.57,156.32],[297.56,156.33],[297.43,156.36],[297.35,156.4],[297.33,156.35],[297.29,156.27],[297.29,156.26],[297.24,156.23],[297.25,156.22],[297.25,156.21],[297.23,156.2],[297.21,156.2],[297.2,156.2],[297.2,156.19],[297.19,156.18],[297.2,156.16],[297.2,156.14],[297.22,156.14],[297.23,156.14]]],[[[297.57,155.86],[297.56,155.84],[297.59,155.84],[297.59,155.84],[297.6,155.86],[297.58,155.87],[297.57,155.86]]]]}},{"type":"Feature","id":"59010-29","properties":{"ridingCode":"59010","pollNumber":"29","pollType":"N","advancePollNumber":"613","sourceCode":"29-0","geometryPollNumbers":["29"],"code":"59010-29","resultPollNumbers":["29"],"resultStatus":"exact","result":{"electors":333,"voters":91,"totalVotes":90,"rejected":1,"turnout":27.32732732732733,"winnerId":"jeff-kibble","winnerPartyId":"CPC","runnerUpId":"alistair-macgregor","runnerUpPartyId":"NDP","margin":28.888888888888886,"top":[{"id":"jeff-kibble","name":"Jeff Kibble","shortName":"Kibble","partyId":"CPC","votes":50,"share":55.55555555555556},{"id":"alistair-macgregor","name":"Alistair MacGregor","shortName":"MacGregor","partyId":"NDP","votes":24,"share":26.666666666666668},{"id":"blair-herbert","name":"Blair Herbert","shortName":"Herbert","partyId":"LIB","votes":14,"share":15.555555555555555},{"id":"kathleen-code","name":"Kathleen Code","shortName":"Code","partyId":"GRN","votes":2,"share":2.2222222222222223}],"partyVotes":{"LIB":14,"CPC":50,"BQ":0,"NDP":24,"GRN":2,"PPC":0,"OTH":0}}},"geometry":{"type":"Polygon","coordinates":[[[298.21,156.06],[298.24,156.05],[298.25,156.03],[298.35,155.99],[298.36,155.99],[298.43,155.96],[298.48,155.93],[298.48,155.94],[298.49,155.96],[298.52,156.03],[298.53,156.07],[298.47,156.07],[298.46,156.07],[298.37,156.12],[298.35,156.12],[298.33,156.12],[298.21,156.06]]]}},{"type":"Feature","id":"59010-30","properties":{"ridingCode":"59010","pollNumber":"30","pollType":"N","advancePollNumber":"614","sourceCode":"30-0","geometryPollNumbers":["30"],"code":"59010-30","resultPollNumbers":["30"],"resultStatus":"exact","result":{"electors":447,"voters":159,"totalVotes":159,"rejected":0,"turnout":35.57046979865772,"winnerId":"jeff-kibble","winnerPartyId":"CPC","runnerUpId":"alistair-macgregor","runnerUpPartyId":"NDP","margin":17.61006289308176,"top":[{"id":"jeff-kibble","name":"Jeff Kibble","shortName":"Kibble","partyId":"CPC","votes":72,"share":45.28301886792453},{"id":"alistair-macgregor","name":"Alistair MacGregor","shortName":"MacGregor","partyId":"NDP","votes":44,"share":27.67295597484277},{"id":"blair-herbert","name":"Blair Herbert","shortName":"Herbert","partyId":"LIB","votes":34,"share":21.38364779874214},{"id":"kathleen-code","name":"Kathleen Code","shortName":"Code","partyId":"GRN","votes":9,"share":5.660377358490567}],"partyVotes":{"LIB":34,"CPC":72,"BQ":0,"NDP":44,"GRN":9,"PPC":0,"OTH":0}}},"geometry":{"type":"Polygon","coordinates":[[[297.99,155.96],[298,155.96],[298.02,155.95],[298.03,155.93],[298.17,155.86],[298.15,155.8],[298.2,155.79],[298.21,155.83],[298.21,155.88],[298.21,155.89],[298.24,155.96],[298.23,155.97],[298.24,155.98],[298.24,156.01],[298.24,156.03],[298.24,156.05],[298.21,156.06],[298.06,156.13],[298.05,156.09],[297.99,155.96]]]}},{"type":"Feature","id":"59010-31","properties":{"ridingCode":"59010","pollNumber":"31","pollType":"N","advancePollNumber":"613","sourceCode":"31-0","geometryPollNumbers":["31"],"code":"59010-31","resultPollNumbers":["31"],"resultStatus":"exact","result":{"electors":598,"voters":248,"totalVotes":247,"rejected":1,"turnout":41.47157190635451,"winnerId":"jeff-kibble","winnerPartyId":"CPC","runnerUpId":"alistair-macgregor","runnerUpPartyId":"NDP","margin":22.267206477732792,"top":[{"id":"jeff-kibble","name":"Jeff Kibble","shortName":"Kibble","partyId":"CPC","votes":128,"share":51.821862348178136},{"id":"alistair-macgregor","name":"Alistair MacGregor","shortName":"MacGregor","partyId":"NDP","votes":73,"share":29.554655870445345},{"id":"blair-herbert","name":"Blair Herbert","shortName":"Herbert","partyId":"LIB","votes":43,"share":17.408906882591094},{"id":"kathleen-code","name":"Kathleen Code","shortName":"Code","partyId":"GRN","votes":3,"share":1.214574898785425}],"partyVotes":{"LIB":43,"CPC":128,"BQ":0,"NDP":73,"GRN":3,"PPC":0,"OTH":0}}},"geometry":{"type":"Polygon","coordinates":[[[298.24,155.96],[298.21,155.89],[298.21,155.88],[298.25,155.9],[298.31,155.87],[298.31,155.89],[298.27,155.9],[298.27,155.91],[298.26,155.91],[298.27,155.93],[298.29,155.92],[298.3,155.94],[298.31,155.93],[298.31,155.96],[298.32,155.96],[298.34,155.95],[298.36,155.99],[298.35,155.99],[298.25,156.03],[298.24,156.05],[298.24,156.03],[298.24,156.01],[298.24,155.98],[298.23,155.97],[298.24,155.96]]]}},{"type":"Feature","id":"59010-32","properties":{"ridingCode":"59010","pollNumber":"32","pollType":"N","advancePollNumber":"614","sourceCode":"32-0","geometryPollNumbers":["32"],"code":"59010-32","resultPollNumbers":["32"],"resultStatus":"exact","result":{"electors":402,"voters":148,"totalVotes":148,"rejected":0,"turnout":36.81592039800995,"winnerId":"jeff-kibble","winnerPartyId":"CPC","runnerUpId":"alistair-macgregor","runnerUpPartyId":"NDP","margin":21.62162162162162,"top":[{"id":"jeff-kibble","name":"Jeff Kibble","shortName":"Kibble","partyId":"CPC","votes":77,"share":52.02702702702703},{"id":"alistair-macgregor","name":"Alistair MacGregor","shortName":"MacGregor","partyId":"NDP","votes":45,"share":30.405405405405407},{"id":"blair-herbert","name":"Blair Herbert","shortName":"Herbert","partyId":"LIB","votes":22,"share":14.864864864864865},{"id":"kathleen-code","name":"Kathleen Code","shortName":"Code","partyId":"GRN","votes":4,"share":2.7027027027027026}],"partyVotes":{"LIB":22,"CPC":77,"BQ":0,"NDP":45,"GRN":4,"PPC":0,"OTH":0}}},"geometry":{"type":"Polygon","coordinates":[[[297.61,156.04],[297.53,155.88],[297.55,155.86],[297.56,155.86],[297.57,155.86],[297.58,155.87],[297.6,155.86],[297.59,155.84],[297.6,155.83],[297.61,155.82],[297.61,155.81],[297.6,155.8],[297.61,155.8],[297.62,155.8],[297.66,155.8],[297.66,155.8],[297.66,155.79],[297.67,155.79],[297.68,155.79],[297.71,155.79],[297.72,155.79],[297.73,155.8],[297.74,155.8],[297.76,155.79],[297.77,155.79],[297.78,155.79],[297.78,155.8],[297.8,155.8],[297.85,155.77],[297.86,155.76],[297.86,155.74],[297.86,155.74],[297.87,155.74],[297.88,155.74],[297.9,155.78],[297.89,155.79],[297.89,155.78],[297.87,155.79],[297.87,155.8],[297.88,155.8],[297.88,155.81],[297.9,155.81],[297.91,155.82],[297.91,155.82],[297.91,155.83],[297.92,155.84],[297.88,155.85],[297.88,155.85],[297.87,155.85],[297.86,155.85],[297.84,155.85],[297.84,155.85],[297.82,155.86],[297.8,155.85],[297.8,155.85],[297.76,155.86],[297.76,155.86],[297.77,155.87],[297.77,155.89],[297.78,155.89],[297.78,155.9],[297.78,155.91],[297.79,155.92],[297.79,155.94],[297.8,155.95],[297.79,155.95],[297.77,155.96],[297.76,155.97],[297.74,155.98],[297.73,155.99],[297.71,156],[297.69,156],[297.68,156.01],[297.65,156.02],[297.64,156.03],[297.61,156.04]]]}},{"type":"Feature","id":"59010-33","properties":{"ridingCode":"59010","pollNumber":"33","pollType":"N","advancePollNumber":"613","sourceCode":"33-0","geometryPollNumbers":["33"],"code":"59010-33","resultPollNumbers":["33"],"resultStatus":"exact","result":{"electors":530,"voters":154,"totalVotes":153,"rejected":1,"turnout":29.056603773584904,"winnerId":"jeff-kibble","winnerPartyId":"CPC","runnerUpId":"alistair-macgregor","runnerUpPartyId":"NDP","margin":3.2679738562091507,"top":[{"id":"jeff-kibble","name":"Jeff Kibble","shortName":"Kibble","partyId":"CPC","votes":64,"share":41.830065359477125},{"id":"alistair-macgregor","name":"Alistair MacGregor","shortName":"MacGregor","partyId":"NDP","votes":59,"share":38.56209150326798},{"id":"blair-herbert","name":"Blair Herbert","shortName":"Herbert","partyId":"LIB","votes":25,"share":16.33986928104575},{"id":"kathleen-code","name":"Kathleen Code","shortName":"Code","partyId":"GRN","votes":5,"share":3.2679738562091507}],"partyVotes":{"LIB":25,"CPC":64,"BQ":0,"NDP":59,"GRN":5,"PPC":0,"OTH":0}}},"geometry":{"type":"Polygon","coordinates":[[[298.27,155.9],[298.31,155.89],[298.31,155.89],[298.32,155.91],[298.33,155.94],[298.32,155.94],[298.33,155.95],[298.31,155.96],[298.31,155.93],[298.3,155.94],[298.29,155.92],[298.27,155.93],[298.26,155.91],[298.27,155.91],[298.27,155.9]]]}},{"type":"Feature","id":"59010-34","properties":{"ridingCode":"59010","pollNumber":"34","pollType":"N","advancePollNumber":"614","sourceCode":"34-0","geometryPollNumbers":["34"],"code":"59010-34","resultPollNumbers":["34"],"resultStatus":"exact","result":{"electors":361,"voters":125,"totalVotes":125,"rejected":0,"turnout":34.62603878116344,"winnerId":"jeff-kibble","winnerPartyId":"CPC","runnerUpId":"alistair-macgregor","runnerUpPartyId":"NDP","margin":11.200000000000001,"top":[{"id":"jeff-kibble","name":"Jeff Kibble","shortName":"Kibble","partyId":"CPC","votes":59,"share":47.199999999999996},{"id":"alistair-macgregor","name":"Alistair MacGregor","shortName":"MacGregor","partyId":"NDP","votes":45,"share":36},{"id":"blair-herbert","name":"Blair Herbert","shortName":"Herbert","partyId":"LIB","votes":21,"share":16.8},{"id":"kathleen-code","name":"Kathleen Code","shortName":"Code","partyId":"GRN","votes":0,"share":0}],"partyVotes":{"LIB":21,"CPC":59,"BQ":0,"NDP":45,"GRN":0,"PPC":0,"OTH":0}}},"geometry":{"type":"Polygon","coordinates":[[[297.76,155.86],[297.8,155.85],[297.8,155.85],[297.82,155.86],[297.84,155.85],[297.84,155.85],[297.86,155.85],[297.87,155.85],[297.88,155.85],[297.88,155.85],[297.92,155.84],[297.93,155.84],[297.95,155.84],[297.99,155.82],[298,155.82],[298.05,155.82],[298.08,155.82],[298.09,155.83],[298.1,155.83],[298.11,155.82],[298.12,155.81],[298.14,155.8],[298.15,155.8],[298.17,155.86],[298.03,155.93],[298.02,155.95],[298,155.96],[297.99,155.96],[297.96,155.97],[297.92,155.97],[297.9,155.97],[297.89,155.97],[297.84,155.94],[297.83,155.94],[297.81,155.95],[297.8,155.95],[297.79,155.94],[297.79,155.92],[297.78,155.91],[297.78,155.9],[297.78,155.89],[297.77,155.89],[297.77,155.87],[297.76,155.86],[297.76,155.86]]]}},{"type":"Feature","id":"59010-35","properties":{"ridingCode":"59010","pollNumber":"35","pollType":"N","advancePollNumber":"613","sourceCode":"35-0","geometryPollNumbers":["35"],"code":"59010-35","resultPollNumbers":["35"],"resultStatus":"exact","result":{"electors":681,"voters":228,"totalVotes":227,"rejected":1,"turnout":33.480176211453745,"winnerId":"jeff-kibble","winnerPartyId":"CPC","runnerUpId":"alistair-macgregor","runnerUpPartyId":"NDP","margin":8.370044052863436,"top":[{"id":"jeff-kibble","name":"Jeff Kibble","shortName":"Kibble","partyId":"CPC","votes":101,"share":44.49339207048458},{"id":"alistair-macgregor","name":"Alistair MacGregor","shortName":"MacGregor","partyId":"NDP","votes":82,"share":36.12334801762114},{"id":"blair-herbert","name":"Blair Herbert","shortName":"Herbert","partyId":"LIB","votes":40,"share":17.62114537444934},{"id":"kathleen-code","name":"Kathleen Code","shortName":"Code","partyId":"GRN","votes":4,"share":1.762114537444934}],"partyVotes":{"LIB":40,"CPC":101,"BQ":0,"NDP":82,"GRN":4,"PPC":0,"OTH":0}}},"geometry":{"type":"Polygon","coordinates":[[[298.27,155.81],[298.28,155.82],[298.3,155.83],[298.3,155.84],[298.31,155.86],[298.31,155.87],[298.25,155.9],[298.21,155.88],[298.21,155.83],[298.2,155.79],[298.21,155.79],[298.24,155.79],[298.27,155.77],[298.28,155.77],[298.28,155.77],[298.27,155.77],[298.27,155.77],[298.26,155.78],[298.27,155.81]]]}},{"type":"Feature","id":"59010-36","properties":{"ridingCode":"59010","pollNumber":"36","pollType":"N","advancePollNumber":"614","sourceCode":"36-0","geometryPollNumbers":["36"],"code":"59010-36","resultPollNumbers":["36"],"resultStatus":"exact","result":{"electors":430,"voters":125,"totalVotes":125,"rejected":0,"turnout":29.069767441860467,"winnerId":"jeff-kibble","winnerPartyId":"CPC","runnerUpId":"alistair-macgregor","runnerUpPartyId":"NDP","margin":8.799999999999999,"top":[{"id":"jeff-kibble","name":"Jeff Kibble","shortName":"Kibble","partyId":"CPC","votes":59,"share":47.199999999999996},{"id":"alistair-macgregor","name":"Alistair MacGregor","shortName":"MacGregor","partyId":"NDP","votes":48,"share":38.4},{"id":"blair-herbert","name":"Blair Herbert","shortName":"Herbert","partyId":"LIB","votes":15,"share":12},{"id":"kathleen-code","name":"Kathleen Code","shortName":"Code","partyId":"GRN","votes":3,"share":2.4}],"partyVotes":{"LIB":15,"CPC":59,"BQ":0,"NDP":48,"GRN":3,"PPC":0,"OTH":0}}},"geometry":{"type":"Polygon","coordinates":[[[298.28,155.77],[298.32,155.78],[298.31,155.8],[298.31,155.81],[298.3,155.83],[298.28,155.82],[298.27,155.81],[298.26,155.78],[298.27,155.77],[298.27,155.77],[298.28,155.77],[298.28,155.77]]]}},{"type":"Feature","id":"59010-37","properties":{"ridingCode":"59010","pollNumber":"37","pollType":"N","advancePollNumber":"614","sourceCode":"37-0","geometryPollNumbers":["37"],"code":"59010-37","resultPollNumbers":["37"],"resultStatus":"exact","result":{"electors":351,"voters":107,"totalVotes":107,"rejected":0,"turnout":30.484330484330485,"winnerId":"alistair-macgregor","winnerPartyId":"NDP","runnerUpId":"jeff-kibble","runnerUpPartyId":"CPC","margin":1.8691588785046727,"top":[{"id":"alistair-macgregor","name":"Alistair MacGregor","shortName":"MacGregor","partyId":"NDP","votes":42,"share":39.25233644859813},{"id":"jeff-kibble","name":"Jeff Kibble","shortName":"Kibble","partyId":"CPC","votes":40,"share":37.38317757009346},{"id":"blair-herbert","name":"Blair Herbert","shortName":"Herbert","partyId":"LIB","votes":24,"share":22.429906542056074},{"id":"kathleen-code","name":"Kathleen Code","shortName":"Code","partyId":"GRN","votes":1,"share":0.9345794392523363}],"partyVotes":{"LIB":24,"CPC":40,"BQ":0,"NDP":42,"GRN":1,"PPC":0,"OTH":0}}},"geometry":{"type":"Polygon","coordinates":[[[297.88,155.74],[297.88,155.74],[297.89,155.74],[297.9,155.73],[297.92,155.72],[297.93,155.71],[297.93,155.7],[297.94,155.69],[297.97,155.7],[297.98,155.7],[298.01,155.77],[298.07,155.74],[298.1,155.74],[298.1,155.74],[298.11,155.74],[298.11,155.75],[298.11,155.76],[298.13,155.8],[298.15,155.79],[298.15,155.8],[298.14,155.8],[298.12,155.81],[298.11,155.82],[298.1,155.83],[298.09,155.83],[298.08,155.82],[298.05,155.82],[298,155.82],[297.99,155.82],[297.95,155.84],[297.93,155.84],[297.92,155.84],[297.91,155.83],[297.91,155.82],[297.91,155.82],[297.9,155.81],[297.88,155.81],[297.88,155.8],[297.87,155.8],[297.87,155.79],[297.89,155.78],[297.89,155.79],[297.9,155.78],[297.88,155.74]]]}},{"type":"Feature","id":"59010-38","properties":{"ridingCode":"59010","pollNumber":"38","pollType":"N","advancePollNumber":"613","sourceCode":"38-0","geometryPollNumbers":["38"],"code":"59010-38","resultPollNumbers":["38"],"resultStatus":"exact","result":{"electors":550,"voters":203,"totalVotes":203,"rejected":0,"turnout":36.90909090909091,"winnerId":"jeff-kibble","winnerPartyId":"CPC","runnerUpId":"alistair-macgregor","runnerUpPartyId":"NDP","margin":20.19704433497537,"top":[{"id":"jeff-kibble","name":"Jeff Kibble","shortName":"Kibble","partyId":"CPC","votes":102,"share":50.24630541871922},{"id":"alistair-macgregor","name":"Alistair MacGregor","shortName":"MacGregor","partyId":"NDP","votes":61,"share":30.049261083743843},{"id":"blair-herbert","name":"Blair Herbert","shortName":"Herbert","partyId":"LIB","votes":39,"share":19.21182266009852},{"id":"kathleen-code","name":"Kathleen Code","shortName":"Code","partyId":"GRN","votes":1,"share":0.49261083743842365}],"partyVotes":{"LIB":39,"CPC":102,"BQ":0,"NDP":61,"GRN":1,"PPC":0,"OTH":0}}},"geometry":{"type":"Polygon","coordinates":[[[298.33,155.94],[298.32,155.91],[298.36,155.89],[298.37,155.91],[298.38,155.91],[298.39,155.91],[298.39,155.92],[298.41,155.91],[298.42,155.92],[298.41,155.93],[298.43,155.96],[298.36,155.99],[298.34,155.95],[298.32,155.96],[298.31,155.96],[298.33,155.95],[298.32,155.94],[298.33,155.94]]]}},{"type":"Feature","id":"59010-39A","properties":{"ridingCode":"59010","pollNumber":"39A","pollType":"N","advancePollNumber":"612","sourceCode":"39-0","geometryPollNumbers":["39"],"code":"59010-39A","resultPollNumbers":["39A"],"resultStatus":"resolved-suffix","result":{"electors":424,"voters":158,"totalVotes":158,"rejected":0,"turnout":37.264150943396224,"winnerId":"jeff-kibble","winnerPartyId":"CPC","runnerUpId":"blair-herbert","runnerUpPartyId":"LIB","margin":15.18987341772152,"top":[{"id":"jeff-kibble","name":"Jeff Kibble","shortName":"Kibble","partyId":"CPC","votes":69,"share":43.67088607594937},{"id":"blair-herbert","name":"Blair Herbert","shortName":"Herbert","partyId":"LIB","votes":45,"share":28.48101265822785},{"id":"alistair-macgregor","name":"Alistair MacGregor","shortName":"MacGregor","partyId":"NDP","votes":39,"share":24.68354430379747},{"id":"kathleen-code","name":"Kathleen Code","shortName":"Code","partyId":"GRN","votes":5,"share":3.1645569620253164}],"partyVotes":{"LIB":45,"CPC":69,"BQ":0,"NDP":39,"GRN":5,"PPC":0,"OTH":0}}},"geometry":{"type":"Polygon","coordinates":[[[298.46,155.81],[298.46,155.79],[298.46,155.77],[298.5,155.7],[298.5,155.69],[298.5,155.67],[298.5,155.69],[298.51,155.71],[298.53,155.76],[298.53,155.77],[298.52,155.78],[298.52,155.78],[298.53,155.79],[298.52,155.86],[298.53,155.87],[298.59,155.91],[298.74,155.96],[298.82,155.95],[298.83,155.96],[298.81,155.97],[298.8,155.98],[298.8,155.98],[298.79,156],[298.78,156.01],[298.7,156.05],[298.68,156.06],[298.65,156.06],[298.62,156.07],[298.53,156.07],[298.52,156.03],[298.49,155.96],[298.48,155.94],[298.49,155.93],[298.48,155.93],[298.47,155.9],[298.46,155.87],[298.46,155.85],[298.46,155.83],[298.46,155.81]]]}},{"type":"Feature","id":"59010-39B","properties":{"ridingCode":"59010","pollNumber":"39B","pollType":"M","advancePollNumber":"613","sourceCode":"503-0","geometryPollNumbers":["502","503"],"code":"59010-39B","resultPollNumbers":["39B"],"resultStatus":"resolved-combination","result":{"electors":85,"voters":83,"totalVotes":83,"rejected":0,"turnout":97.6470588235294,"winnerId":"blair-herbert","winnerPartyId":"LIB","runnerUpId":"jeff-kibble","runnerUpPartyId":"CPC","margin":2.4096385542168677,"top":[{"id":"blair-herbert","name":"Blair Herbert","shortName":"Herbert","partyId":"LIB","votes":28,"share":33.734939759036145},{"id":"jeff-kibble","name":"Jeff Kibble","shortName":"Kibble","partyId":"CPC","votes":26,"share":31.32530120481928},{"id":"alistair-macgregor","name":"Alistair MacGregor","shortName":"MacGregor","partyId":"NDP","votes":25,"share":30.120481927710845},{"id":"kathleen-code","name":"Kathleen Code","shortName":"Code","partyId":"GRN","votes":4,"share":4.819277108433735}],"partyVotes":{"LIB":28,"CPC":26,"BQ":0,"NDP":25,"GRN":4,"PPC":0,"OTH":0}}},"geometry":{"type":"MultiPolygon","coordinates":[[[[298.41,155.87],[298.41,155.87],[298.41,155.87],[298.41,155.87]]],[[[299.05,156.07],[299.05,156.07],[299.05,156.07],[299.05,156.07]]]]}},{"type":"Feature","id":"59010-40","properties":{"ridingCode":"59010","pollNumber":"40","pollType":"N","advancePollNumber":"612","sourceCode":"40-0","geometryPollNumbers":["40"],"code":"59010-40","resultPollNumbers":["40"],"resultStatus":"exact","result":{"electors":692,"voters":293,"totalVotes":293,"rejected":0,"turnout":42.34104046242775,"winnerId":"jeff-kibble","winnerPartyId":"CPC","runnerUpId":"alistair-macgregor","runnerUpPartyId":"NDP","margin":8.532423208191126,"top":[{"id":"jeff-kibble","name":"Jeff Kibble","shortName":"Kibble","partyId":"CPC","votes":124,"share":42.32081911262799},{"id":"alistair-macgregor","name":"Alistair MacGregor","shortName":"MacGregor","partyId":"NDP","votes":99,"share":33.78839590443686},{"id":"blair-herbert","name":"Blair Herbert","shortName":"Herbert","partyId":"LIB","votes":64,"share":21.843003412969285},{"id":"kathleen-code","name":"Kathleen Code","shortName":"Code","partyId":"GRN","votes":6,"share":2.04778156996587}],"partyVotes":{"LIB":64,"CPC":124,"BQ":0,"NDP":99,"GRN":6,"PPC":0,"OTH":0}}},"geometry":{"type":"Polygon","coordinates":[[[298.41,155.91],[298.38,155.88],[298.4,155.87],[298.4,155.88],[298.43,155.87],[298.44,155.89],[298.45,155.89],[298.46,155.88],[298.46,155.87],[298.46,155.87],[298.47,155.9],[298.48,155.93],[298.49,155.93],[298.48,155.94],[298.48,155.93],[298.43,155.96],[298.41,155.93],[298.42,155.92],[298.41,155.91]]]}},{"type":"Feature","id":"59010-41","properties":{"ridingCode":"59010","pollNumber":"41","pollType":"N","advancePollNumber":"613","sourceCode":"41-0","geometryPollNumbers":["41"],"code":"59010-41","resultPollNumbers":["41"],"resultStatus":"exact","result":{"electors":518,"voters":173,"totalVotes":172,"rejected":1,"turnout":33.397683397683394,"winnerId":"alistair-macgregor","winnerPartyId":"NDP","runnerUpId":"jeff-kibble","runnerUpPartyId":"CPC","margin":7.55813953488372,"top":[{"id":"alistair-macgregor","name":"Alistair MacGregor","shortName":"MacGregor","partyId":"NDP","votes":79,"share":45.93023255813954},{"id":"jeff-kibble","name":"Jeff Kibble","shortName":"Kibble","partyId":"CPC","votes":66,"share":38.372093023255815},{"id":"blair-herbert","name":"Blair Herbert","shortName":"Herbert","partyId":"LIB","votes":21,"share":12.209302325581394},{"id":"kathleen-code","name":"Kathleen Code","shortName":"Code","partyId":"GRN","votes":6,"share":3.488372093023256}],"partyVotes":{"LIB":21,"CPC":66,"BQ":0,"NDP":79,"GRN":6,"PPC":0,"OTH":0}}},"geometry":{"type":"Polygon","coordinates":[[[298.36,155.89],[298.32,155.91],[298.31,155.89],[298.37,155.86],[298.38,155.88],[298.41,155.91],[298.39,155.92],[298.39,155.91],[298.38,155.91],[298.37,155.91],[298.36,155.89]]]}},{"type":"Feature","id":"59010-42","properties":{"ridingCode":"59010","pollNumber":"42","pollType":"N","advancePollNumber":"613","sourceCode":"42-0","geometryPollNumbers":["42"],"code":"59010-42","resultPollNumbers":["42"],"resultStatus":"exact","result":{"electors":505,"voters":162,"totalVotes":161,"rejected":1,"turnout":32.07920792079208,"winnerId":"alistair-macgregor","winnerPartyId":"NDP","runnerUpId":"jeff-kibble","runnerUpPartyId":"CPC","margin":19.875776397515526,"top":[{"id":"alistair-macgregor","name":"Alistair MacGregor","shortName":"MacGregor","partyId":"NDP","votes":78,"share":48.4472049689441},{"id":"jeff-kibble","name":"Jeff Kibble","shortName":"Kibble","partyId":"CPC","votes":46,"share":28.57142857142857},{"id":"blair-herbert","name":"Blair Herbert","shortName":"Herbert","partyId":"LIB","votes":32,"share":19.875776397515526},{"id":"kathleen-code","name":"Kathleen Code","shortName":"Code","partyId":"GRN","votes":5,"share":3.1055900621118013}],"partyVotes":{"LIB":32,"CPC":46,"BQ":0,"NDP":78,"GRN":5,"PPC":0,"OTH":0}}},"geometry":{"type":"Polygon","coordinates":[[[298.37,155.86],[298.31,155.89],[298.31,155.89],[298.31,155.87],[298.31,155.86],[298.31,155.86],[298.32,155.86],[298.32,155.86],[298.32,155.85],[298.33,155.85],[298.35,155.85],[298.37,155.84],[298.38,155.85],[298.37,155.86]]]}},{"type":"Feature","id":"59010-43","properties":{"ridingCode":"59010","pollNumber":"43","pollType":"N","advancePollNumber":"613","sourceCode":"43-0","geometryPollNumbers":["43"],"code":"59010-43","resultPollNumbers":["43"],"resultStatus":"exact","result":{"electors":337,"voters":121,"totalVotes":121,"rejected":0,"turnout":35.90504451038576,"winnerId":"alistair-macgregor","winnerPartyId":"NDP","runnerUpId":"jeff-kibble","runnerUpPartyId":"CPC","margin":3.3057851239669422,"top":[{"id":"alistair-macgregor","name":"Alistair MacGregor","shortName":"MacGregor","partyId":"NDP","votes":48,"share":39.66942148760331},{"id":"jeff-kibble","name":"Jeff Kibble","shortName":"Kibble","partyId":"CPC","votes":44,"share":36.36363636363637},{"id":"blair-herbert","name":"Blair Herbert","shortName":"Herbert","partyId":"LIB","votes":27,"share":22.31404958677686},{"id":"kathleen-code","name":"Kathleen Code","shortName":"Code","partyId":"GRN","votes":2,"share":1.6528925619834711}],"partyVotes":{"LIB":27,"CPC":44,"BQ":0,"NDP":48,"GRN":2,"PPC":0,"OTH":0}}},"geometry":{"type":"Polygon","coordinates":[[[298.38,155.88],[298.37,155.86],[298.38,155.85],[298.41,155.84],[298.42,155.84],[298.43,155.87],[298.4,155.88],[298.4,155.87],[298.38,155.88]],[[298.41,155.87],[298.41,155.87],[298.41,155.87],[298.41,155.87]]]}},{"type":"Feature","id":"59010-44","properties":{"ridingCode":"59010","pollNumber":"44","pollType":"N","advancePollNumber":"613","sourceCode":"44-0","geometryPollNumbers":["44"],"code":"59010-44","resultPollNumbers":["44"],"resultStatus":"exact","result":{"electors":423,"voters":153,"totalVotes":152,"rejected":1,"turnout":36.17021276595745,"winnerId":"alistair-macgregor","winnerPartyId":"NDP","runnerUpId":"jeff-kibble","runnerUpPartyId":"CPC","margin":8.552631578947368,"top":[{"id":"alistair-macgregor","name":"Alistair MacGregor","shortName":"MacGregor","partyId":"NDP","votes":62,"share":40.78947368421053},{"id":"jeff-kibble","name":"Jeff Kibble","shortName":"Kibble","partyId":"CPC","votes":49,"share":32.23684210526316},{"id":"blair-herbert","name":"Blair Herbert","shortName":"Herbert","partyId":"LIB","votes":40,"share":26.31578947368421},{"id":"kathleen-code","name":"Kathleen Code","shortName":"Code","partyId":"GRN","votes":1,"share":0.6578947368421052}],"partyVotes":{"LIB":40,"CPC":49,"BQ":0,"NDP":62,"GRN":1,"PPC":0,"OTH":0}}},"geometry":{"type":"Polygon","coordinates":[[[298.3,155.83],[298.31,155.81],[298.31,155.8],[298.32,155.78],[298.32,155.78],[298.32,155.8],[298.32,155.81],[298.34,155.8],[298.35,155.83],[298.33,155.83],[298.33,155.84],[298.35,155.84],[298.35,155.85],[298.33,155.85],[298.32,155.85],[298.32,155.86],[298.31,155.86],[298.31,155.86],[298.3,155.84],[298.3,155.83]]]}},{"type":"Feature","id":"59010-45","properties":{"ridingCode":"59010","pollNumber":"45","pollType":"N","advancePollNumber":"612","sourceCode":"45-0","geometryPollNumbers":["45"],"code":"59010-45","resultPollNumbers":["45"],"resultStatus":"exact","result":{"electors":405,"voters":130,"totalVotes":130,"rejected":0,"turnout":32.098765432098766,"winnerId":"alistair-macgregor","winnerPartyId":"NDP","runnerUpId":"jeff-kibble","runnerUpPartyId":"CPC","margin":8.461538461538462,"top":[{"id":"alistair-macgregor","name":"Alistair MacGregor","shortName":"MacGregor","partyId":"NDP","votes":53,"share":40.76923076923077},{"id":"jeff-kibble","name":"Jeff Kibble","shortName":"Kibble","partyId":"CPC","votes":42,"share":32.30769230769231},{"id":"blair-herbert","name":"Blair Herbert","shortName":"Herbert","partyId":"LIB","votes":31,"share":23.846153846153847},{"id":"kathleen-code","name":"Kathleen Code","shortName":"Code","partyId":"GRN","votes":4,"share":3.076923076923077}],"partyVotes":{"LIB":31,"CPC":42,"BQ":0,"NDP":53,"GRN":4,"PPC":0,"OTH":0}}},"geometry":{"type":"Polygon","coordinates":[[[298.42,155.83],[298.41,155.81],[298.41,155.81],[298.41,155.81],[298.41,155.8],[298.41,155.8],[298.41,155.79],[298.43,155.79],[298.43,155.79],[298.45,155.78],[298.45,155.78],[298.45,155.81],[298.46,155.81],[298.46,155.81],[298.46,155.83],[298.46,155.85],[298.46,155.87],[298.46,155.87],[298.46,155.88],[298.45,155.89],[298.44,155.89],[298.43,155.87],[298.42,155.84],[298.41,155.84],[298.42,155.83]]]}},{"type":"Feature","id":"59010-46","properties":{"ridingCode":"59010","pollNumber":"46","pollType":"N","advancePollNumber":"613","sourceCode":"46-0","geometryPollNumbers":["46"],"code":"59010-46","resultPollNumbers":["46"],"resultStatus":"exact","result":{"electors":471,"voters":170,"totalVotes":170,"rejected":0,"turnout":36.09341825902335,"winnerId":"alistair-macgregor","winnerPartyId":"NDP","runnerUpId":"jeff-kibble","runnerUpPartyId":"CPC","margin":9.411764705882353,"top":[{"id":"alistair-macgregor","name":"Alistair MacGregor","shortName":"MacGregor","partyId":"NDP","votes":77,"share":45.294117647058826},{"id":"jeff-kibble","name":"Jeff Kibble","shortName":"Kibble","partyId":"CPC","votes":61,"share":35.88235294117647},{"id":"blair-herbert","name":"Blair Herbert","shortName":"Herbert","partyId":"LIB","votes":28,"share":16.470588235294116},{"id":"kathleen-code","name":"Kathleen Code","shortName":"Code","partyId":"GRN","votes":4,"share":2.3529411764705883}],"partyVotes":{"LIB":28,"CPC":61,"BQ":0,"NDP":77,"GRN":4,"PPC":0,"OTH":0}}},"geometry":{"type":"Polygon","coordinates":[[[298.37,155.8],[298.36,155.79],[298.36,155.78],[298.37,155.78],[298.39,155.78],[298.39,155.79],[298.4,155.8],[298.41,155.8],[298.41,155.8],[298.41,155.8],[298.41,155.81],[298.41,155.81],[298.41,155.81],[298.42,155.83],[298.41,155.84],[298.38,155.85],[298.37,155.84],[298.35,155.85],[298.35,155.84],[298.38,155.8],[298.37,155.8]]]}},{"type":"Feature","id":"59010-47","properties":{"ridingCode":"59010","pollNumber":"47","pollType":"N","advancePollNumber":"613","sourceCode":"47-0","geometryPollNumbers":["47"],"code":"59010-47","resultPollNumbers":["47"],"resultStatus":"exact","result":{"electors":337,"voters":101,"totalVotes":101,"rejected":0,"turnout":29.970326409495552,"winnerId":"jeff-kibble","winnerPartyId":"CPC","runnerUpId":"alistair-macgregor","runnerUpPartyId":"NDP","margin":0,"top":[{"id":"jeff-kibble","name":"Jeff Kibble","shortName":"Kibble","partyId":"CPC","votes":41,"share":40.5940594059406},{"id":"alistair-macgregor","name":"Alistair MacGregor","shortName":"MacGregor","partyId":"NDP","votes":41,"share":40.5940594059406},{"id":"blair-herbert","name":"Blair Herbert","shortName":"Herbert","partyId":"LIB","votes":17,"share":16.831683168316832},{"id":"kathleen-code","name":"Kathleen Code","shortName":"Code","partyId":"GRN","votes":2,"share":1.9801980198019802}],"partyVotes":{"LIB":17,"CPC":41,"BQ":0,"NDP":41,"GRN":2,"PPC":0,"OTH":0}}},"geometry":{"type":"Polygon","coordinates":[[[298.35,155.83],[298.34,155.8],[298.33,155.79],[298.35,155.78],[298.36,155.78],[298.36,155.79],[298.37,155.8],[298.38,155.8],[298.35,155.84],[298.33,155.84],[298.33,155.83],[298.35,155.83]]]}},{"type":"Feature","id":"59010-48","properties":{"ridingCode":"59010","pollNumber":"48","pollType":"N","advancePollNumber":"614","sourceCode":"48-0","geometryPollNumbers":["48"],"code":"59010-48","resultPollNumbers":["48"],"resultStatus":"exact","result":{"electors":435,"voters":129,"totalVotes":129,"rejected":0,"turnout":29.655172413793103,"winnerId":"jeff-kibble","winnerPartyId":"CPC","runnerUpId":"blair-herbert","runnerUpPartyId":"LIB","margin":4.651162790697675,"top":[{"id":"jeff-kibble","name":"Jeff Kibble","shortName":"Kibble","partyId":"CPC","votes":47,"share":36.434108527131784},{"id":"blair-herbert","name":"Blair Herbert","shortName":"Herbert","partyId":"LIB","votes":41,"share":31.782945736434108},{"id":"alistair-macgregor","name":"Alistair MacGregor","shortName":"MacGregor","partyId":"NDP","votes":40,"share":31.007751937984494},{"id":"kathleen-code","name":"Kathleen Code","shortName":"Code","partyId":"GRN","votes":1,"share":0.7751937984496124}],"partyVotes":{"LIB":41,"CPC":47,"BQ":0,"NDP":40,"GRN":1,"PPC":0,"OTH":0}}},"geometry":{"type":"Polygon","coordinates":[[[298.31,155.73],[298.3,155.73],[298.3,155.72],[298.36,155.7],[298.36,155.7],[298.35,155.7],[298.36,155.72],[298.35,155.72],[298.34,155.73],[298.33,155.73],[298.33,155.74],[298.34,155.74],[298.35,155.76],[298.35,155.76],[298.36,155.77],[298.37,155.78],[298.36,155.78],[298.35,155.78],[298.33,155.79],[298.34,155.8],[298.32,155.81],[298.32,155.8],[298.32,155.78],[298.32,155.78],[298.33,155.78],[298.31,155.73]]]}},{"type":"Feature","id":"59010-49","properties":{"ridingCode":"59010","pollNumber":"49","pollType":"N","advancePollNumber":"614","sourceCode":"49-0","geometryPollNumbers":["49"],"code":"59010-49","resultPollNumbers":["49"],"resultStatus":"exact","result":{"electors":250,"voters":75,"totalVotes":75,"rejected":0,"turnout":30,"winnerId":"alistair-macgregor","winnerPartyId":"NDP","runnerUpId":"jeff-kibble","runnerUpPartyId":"CPC","margin":28.000000000000004,"top":[{"id":"alistair-macgregor","name":"Alistair MacGregor","shortName":"MacGregor","partyId":"NDP","votes":45,"share":60},{"id":"jeff-kibble","name":"Jeff Kibble","shortName":"Kibble","partyId":"CPC","votes":24,"share":32},{"id":"blair-herbert","name":"Blair Herbert","shortName":"Herbert","partyId":"LIB","votes":4,"share":5.333333333333334},{"id":"kathleen-code","name":"Kathleen Code","shortName":"Code","partyId":"GRN","votes":2,"share":2.666666666666667}],"partyVotes":{"LIB":4,"CPC":24,"BQ":0,"NDP":45,"GRN":2,"PPC":0,"OTH":0}}},"geometry":{"type":"Polygon","coordinates":[[[298.15,155.79],[298.3,155.72],[298.3,155.73],[298.31,155.73],[298.33,155.78],[298.32,155.78],[298.28,155.77],[298.27,155.77],[298.24,155.79],[298.21,155.79],[298.2,155.79],[298.15,155.8],[298.15,155.79]]]}},{"type":"Feature","id":"59010-50","properties":{"ridingCode":"59010","pollNumber":"50","pollType":"N","advancePollNumber":"601","sourceCode":"50-0","geometryPollNumbers":["50"],"code":"59010-50","resultPollNumbers":["50"],"resultStatus":"exact","result":{"electors":344,"voters":193,"totalVotes":193,"rejected":0,"turnout":56.104651162790695,"winnerId":"jeff-kibble","winnerPartyId":"CPC","runnerUpId":"alistair-macgregor","runnerUpPartyId":"NDP","margin":18.65284974093264,"top":[{"id":"jeff-kibble","name":"Jeff Kibble","shortName":"Kibble","partyId":"CPC","votes":95,"share":49.22279792746114},{"id":"alistair-macgregor","name":"Alistair MacGregor","shortName":"MacGregor","partyId":"NDP","votes":59,"share":30.569948186528496},{"id":"blair-herbert","name":"Blair Herbert","shortName":"Herbert","partyId":"LIB","votes":32,"share":16.580310880829018},{"id":"kathleen-code","name":"Kathleen Code","shortName":"Code","partyId":"GRN","votes":7,"share":3.6269430051813467}],"partyVotes":{"LIB":32,"CPC":95,"BQ":0,"NDP":59,"GRN":7,"PPC":0,"OTH":0}}},"geometry":{"type":"Polygon","coordinates":[[[294.77,157.7],[294.77,157.7],[294.79,157.71],[294.81,157.71],[294.82,157.71],[294.83,157.72],[294.84,157.73],[294.85,157.72],[294.87,157.7],[294.88,157.7],[294.93,157.72],[294.98,157.73],[294.99,157.73],[295,157.74],[295.03,157.74],[295.06,157.72],[295.06,157.72],[295.08,157.71],[295.09,157.7],[295.1,157.7],[295.11,157.67],[295.12,157.66],[295.15,157.64],[295.15,157.63],[295.16,157.62],[295.18,157.59],[295.18,157.58],[295.2,157.57],[295.24,157.58],[295.25,157.57],[295.26,157.56],[295.28,157.56],[295.33,157.55],[295.34,157.54],[295.35,157.54],[295.36,157.54],[295.36,157.54],[295.37,157.56],[295.38,157.57],[295.39,157.57],[295.4,157.57],[295.43,157.58],[295.46,157.59],[295.48,157.61],[295.5,157.61],[295.51,157.61],[295.56,157.53],[295.57,157.52],[295.58,157.52],[295.61,157.49],[295.62,157.45],[295.62,157.41],[295.63,157.39],[295.64,157.38],[295.64,157.36],[295.65,157.35],[295.68,157.36],[295.7,157.36],[295.71,157.37],[295.71,157.38],[295.69,157.37],[295.68,157.37],[295.68,157.38],[295.69,157.39],[295.68,157.4],[295.67,157.39],[295.66,157.4],[295.68,157.41],[295.67,157.42],[295.68,157.42],[295.7,157.41],[295.71,157.4],[295.72,157.4],[295.73,157.42],[295.78,157.48],[295.76,157.49],[295.71,157.5],[295.72,157.51],[295.7,157.52],[295.71,157.53],[295.71,157.54],[295.71,157.61],[295.67,157.88],[295.61,157.99],[295.62,158],[295.58,158.04],[295.58,158.05],[295.5,158.1],[295.52,158.12],[295.47,158.16],[295.29,158.35],[295.21,158.41],[295.09,158.55],[295.13,158.58],[295.03,158.64],[295.07,158.67],[294.82,158.83],[294.84,158.87],[294.8,158.91],[294.71,158.72],[294.72,158.67],[294.75,158.51],[294.58,158.02],[294.76,157.71],[294.77,157.7]]]}},{"type":"Feature","id":"59010-51A+51B","properties":{"ridingCode":"59010","pollNumber":"51A+51B","pollType":"N","advancePollNumber":"601","sourceCode":"51-0","geometryPollNumbers":["51"],"code":"59010-51A+51B","resultPollNumbers":["51A","51B"],"resultStatus":"resolved-suffix","result":{"electors":480,"voters":250,"totalVotes":247,"rejected":3,"turnout":52.083333333333336,"winnerId":"jeff-kibble","winnerPartyId":"CPC","runnerUpId":"alistair-macgregor","runnerUpPartyId":"NDP","margin":8.097165991902834,"top":[{"id":"jeff-kibble","name":"Jeff Kibble","shortName":"Kibble","partyId":"CPC","votes":106,"share":42.91497975708502},{"id":"alistair-macgregor","name":"Alistair MacGregor","shortName":"MacGregor","partyId":"NDP","votes":86,"share":34.81781376518219},{"id":"blair-herbert","name":"Blair Herbert","shortName":"Herbert","partyId":"LIB","votes":41,"share":16.599190283400812},{"id":"kathleen-code","name":"Kathleen Code","shortName":"Code","partyId":"GRN","votes":14,"share":5.668016194331984}],"partyVotes":{"LIB":41,"CPC":106,"BQ":0,"NDP":86,"GRN":14,"PPC":0,"OTH":0}}},"geometry":{"type":"MultiPolygon","coordinates":[[[[292.19,155.35],[292.3,155.14],[292.6,154.61],[292.69,154.46],[293.08,153.61],[293.59,153.04],[294.44,153.56],[294.43,153.6],[294.45,153.59],[294.48,153.58],[294.5,153.57],[294.55,153.55],[294.57,153.54],[294.58,153.54],[294.58,153.55],[294.59,153.55],[294.61,153.57],[294.61,153.57],[294.61,153.58],[294.61,153.58],[294.62,153.59],[294.63,153.6],[294.65,153.62],[294.66,153.61],[294.67,153.62],[294.69,153.63],[294.7,153.65],[294.71,153.38],[294.87,153.29],[294.94,153.26],[294.89,153.16],[294.96,153.12],[294.95,153.1],[295.09,153.04],[295.05,152.95],[295.11,152.92],[295.1,152.88],[295.19,152.84],[295.23,152.82],[295.24,152.83],[295.31,152.81],[295.3,152.81],[295.33,152.8],[295.32,152.78],[295.4,152.74],[295.39,152.73],[295.46,152.69],[295.48,152.72],[295.61,152.63],[295.69,152.59],[295.55,152.77],[295.03,154.96],[294.79,155.96],[294.95,155.89],[294.93,155.84],[295.01,155.8],[294.99,155.77],[295.03,155.75],[295,155.68],[295.08,155.64],[295.06,155.6],[295.24,155.51],[295.3,155.65],[295.46,155.57],[295.98,156.69],[296.11,156.85],[296.21,156.99],[296.22,157.04],[296.23,157.05],[296.22,157.09],[296.17,157.11],[296.19,157.16],[296.16,157.17],[296.06,157.24],[296.11,157.31],[295.89,157.43],[295.84,157.46],[295.78,157.48],[295.73,157.42],[295.72,157.4],[295.71,157.4],[295.7,157.41],[295.68,157.42],[295.67,157.42],[295.68,157.41],[295.66,157.4],[295.67,157.39],[295.68,157.4],[295.69,157.39],[295.68,157.38],[295.68,157.37],[295.69,157.37],[295.71,157.38],[295.71,157.37],[295.7,157.36],[295.68,157.36],[295.65,157.35],[295.64,157.36],[295.64,157.38],[295.63,157.39],[295.62,157.41],[295.62,157.45],[295.61,157.49],[295.58,157.52],[295.57,157.52],[295.56,157.53],[295.51,157.61],[295.5,157.61],[295.48,157.61],[295.46,157.59],[295.43,157.58],[295.4,157.57],[295.39,157.57],[295.38,157.57],[295.37,157.56],[295.36,157.54],[295.36,157.54],[295.35,157.54],[295.34,157.54],[295.33,157.55],[295.28,157.56],[295.26,157.56],[295.25,157.57],[295.24,157.58],[295.2,157.57],[295.18,157.58],[295.18,157.59],[295.16,157.62],[295.15,157.63],[295.15,157.64],[295.12,157.66],[295.11,157.67],[295.1,157.7],[295.09,157.7],[295.08,157.71],[295.06,157.72],[295.06,157.72],[295.03,157.74],[295,157.74],[294.99,157.73],[294.98,157.73],[294.93,157.72],[294.88,157.7],[294.87,157.7],[294.85,157.72],[294.84,157.73],[294.83,157.72],[294.82,157.71],[294.81,157.71],[294.79,157.71],[294.77,157.7],[294.77,157.7],[294.77,157.69],[294.88,157.47],[294.58,156.82],[294.4,156.44],[293.92,156.66],[293.99,156.8],[293.84,156.87],[293.78,156.74],[293.76,156.7],[293.76,156.67],[293.76,156.66],[293.75,156.65],[293.74,156.65],[293.73,156.63],[293.71,156.62],[293.69,156.59],[293.68,156.59],[293.5,156.69],[293.45,156.58],[293.37,156.42],[293.33,156.43],[293.31,156.4],[293.3,156.41],[293.28,156.36],[293.27,156.36],[293.27,156.34],[293.23,156.34],[293.23,156.37],[293.18,156.39],[293.11,156.42],[293.15,156.5],[292.88,156.61],[292.87,156.62],[292.7,156.22],[292.63,156.25],[292.48,155.94],[292.47,155.95],[292.38,155.76],[292.2,155.38],[292.19,155.35]],[[293.12,155.72],[293.12,155.76],[293.11,155.81],[293.1,155.84],[293.09,155.85],[293.08,155.85],[293.09,155.86],[293.11,155.87],[293.14,155.92],[293.2,155.89],[293.17,155.82],[293.13,155.73],[293.13,155.71],[293.12,155.72]]],[[[293.12,155.72],[293.13,155.71],[293.13,155.73],[293.17,155.82],[293.2,155.89],[293.14,155.92],[293.11,155.87],[293.09,155.86],[293.08,155.85],[293.09,155.85],[293.1,155.84],[293.11,155.81],[293.12,155.76],[293.12,155.72]]]]}},{"type":"Feature","id":"59010-52","properties":{"ridingCode":"59010","pollNumber":"52","pollType":"N","advancePollNumber":"617","sourceCode":"52-0","geometryPollNumbers":["52"],"code":"59010-52","resultPollNumbers":["52"],"resultStatus":"exact","result":{"electors":364,"voters":95,"totalVotes":95,"rejected":0,"turnout":26.098901098901102,"winnerId":"jeff-kibble","winnerPartyId":"CPC","runnerUpId":"alistair-macgregor","runnerUpPartyId":"NDP","margin":5.263157894736842,"top":[{"id":"jeff-kibble","name":"Jeff Kibble","shortName":"Kibble","partyId":"CPC","votes":39,"share":41.05263157894737},{"id":"alistair-macgregor","name":"Alistair MacGregor","shortName":"MacGregor","partyId":"NDP","votes":34,"share":35.78947368421053},{"id":"blair-herbert","name":"Blair Herbert","shortName":"Herbert","partyId":"LIB","votes":21,"share":22.105263157894736},{"id":"kathleen-code","name":"Kathleen Code","shortName":"Code","partyId":"GRN","votes":1,"share":1.0526315789473684}],"partyVotes":{"LIB":21,"CPC":39,"BQ":0,"NDP":34,"GRN":1,"PPC":0,"OTH":0}}},"geometry":{"type":"Polygon","coordinates":[[[298.53,155.79],[298.52,155.78],[298.52,155.78],[298.53,155.77],[298.53,155.76],[298.53,155.75],[298.54,155.75],[298.57,155.76],[298.58,155.75],[298.58,155.73],[298.62,155.71],[298.64,155.77],[298.62,155.78],[298.6,155.79],[298.61,155.8],[298.61,155.81],[298.62,155.83],[298.56,155.86],[298.53,155.87],[298.52,155.86],[298.53,155.79]]]}},{"type":"Feature","id":"59010-53","properties":{"ridingCode":"59010","pollNumber":"53","pollType":"N","advancePollNumber":"612","sourceCode":"53-0","geometryPollNumbers":["53"],"code":"59010-53","resultPollNumbers":["53"],"resultStatus":"exact","result":{"electors":423,"voters":142,"totalVotes":140,"rejected":2,"turnout":33.56973995271868,"winnerId":"alistair-macgregor","winnerPartyId":"NDP","runnerUpId":"jeff-kibble","runnerUpPartyId":"CPC","margin":8.571428571428571,"top":[{"id":"alistair-macgregor","name":"Alistair MacGregor","shortName":"MacGregor","partyId":"NDP","votes":64,"share":45.714285714285715},{"id":"jeff-kibble","name":"Jeff Kibble","shortName":"Kibble","partyId":"CPC","votes":52,"share":37.142857142857146},{"id":"blair-herbert","name":"Blair Herbert","shortName":"Herbert","partyId":"LIB","votes":19,"share":13.571428571428571},{"id":"kathleen-code","name":"Kathleen Code","shortName":"Code","partyId":"GRN","votes":5,"share":3.571428571428571}],"partyVotes":{"LIB":19,"CPC":52,"BQ":0,"NDP":64,"GRN":5,"PPC":0,"OTH":0}}},"geometry":{"type":"Polygon","coordinates":[[[298.39,155.78],[298.39,155.77],[298.42,155.76],[298.41,155.75],[298.42,155.74],[298.42,155.74],[298.43,155.75],[298.43,155.75],[298.43,155.75],[298.44,155.78],[298.45,155.78],[298.43,155.79],[298.43,155.79],[298.41,155.79],[298.41,155.8],[298.41,155.8],[298.4,155.8],[298.39,155.79],[298.39,155.78]]]}},{"type":"Feature","id":"59010-54","properties":{"ridingCode":"59010","pollNumber":"54","pollType":"N","advancePollNumber":"616","sourceCode":"54-0","geometryPollNumbers":["54"],"code":"59010-54","resultPollNumbers":["54"],"resultStatus":"exact","result":{"electors":368,"voters":117,"totalVotes":115,"rejected":2,"turnout":31.793478260869566,"winnerId":"alistair-macgregor","winnerPartyId":"NDP","runnerUpId":"jeff-kibble","runnerUpPartyId":"CPC","margin":19.130434782608695,"top":[{"id":"alistair-macgregor","name":"Alistair MacGregor","shortName":"MacGregor","partyId":"NDP","votes":62,"share":53.91304347826087},{"id":"jeff-kibble","name":"Jeff Kibble","shortName":"Kibble","partyId":"CPC","votes":40,"share":34.78260869565217},{"id":"blair-herbert","name":"Blair Herbert","shortName":"Herbert","partyId":"LIB","votes":12,"share":10.434782608695652},{"id":"kathleen-code","name":"Kathleen Code","shortName":"Code","partyId":"GRN","votes":1,"share":0.8695652173913043}],"partyVotes":{"LIB":12,"CPC":40,"BQ":0,"NDP":62,"GRN":1,"PPC":0,"OTH":0}}},"geometry":{"type":"Polygon","coordinates":[[[298.41,155.72],[298.43,155.71],[298.44,155.71],[298.44,155.71],[298.46,155.7],[298.45,155.69],[298.49,155.67],[298.5,155.67],[298.5,155.69],[298.5,155.7],[298.46,155.77],[298.46,155.79],[298.46,155.81],[298.46,155.81],[298.45,155.81],[298.45,155.78],[298.45,155.78],[298.44,155.78],[298.43,155.75],[298.43,155.75],[298.43,155.75],[298.43,155.75],[298.42,155.74],[298.42,155.74],[298.42,155.74],[298.42,155.74],[298.42,155.73],[298.41,155.72]]]}},{"type":"Feature","id":"59010-55","properties":{"ridingCode":"59010","pollNumber":"55","pollType":"N","advancePollNumber":"617","sourceCode":"55-0","geometryPollNumbers":["55"],"code":"59010-55","resultPollNumbers":["55"],"resultStatus":"exact","result":{"electors":378,"voters":115,"totalVotes":115,"rejected":0,"turnout":30.423280423280424,"winnerId":"alistair-macgregor","winnerPartyId":"NDP","runnerUpId":"jeff-kibble","runnerUpPartyId":"CPC","margin":6.956521739130435,"top":[{"id":"alistair-macgregor","name":"Alistair MacGregor","shortName":"MacGregor","partyId":"NDP","votes":47,"share":40.869565217391305},{"id":"jeff-kibble","name":"Jeff Kibble","shortName":"Kibble","partyId":"CPC","votes":39,"share":33.91304347826087},{"id":"blair-herbert","name":"Blair Herbert","shortName":"Herbert","partyId":"LIB","votes":27,"share":23.47826086956522},{"id":"kathleen-code","name":"Kathleen Code","shortName":"Code","partyId":"GRN","votes":2,"share":1.7391304347826086}],"partyVotes":{"LIB":27,"CPC":39,"BQ":0,"NDP":47,"GRN":2,"PPC":0,"OTH":0}}},"geometry":{"type":"Polygon","coordinates":[[[298.51,155.71],[298.54,155.69],[298.57,155.68],[298.56,155.68],[298.58,155.67],[298.58,155.68],[298.6,155.67],[298.6,155.67],[298.62,155.7],[298.62,155.71],[298.58,155.73],[298.58,155.75],[298.57,155.76],[298.54,155.75],[298.53,155.75],[298.53,155.76],[298.51,155.71]]]}},{"type":"Feature","id":"59010-56","properties":{"ridingCode":"59010","pollNumber":"56","pollType":"N","advancePollNumber":"616","sourceCode":"56-0","geometryPollNumbers":["56"],"code":"59010-56","resultPollNumbers":["56"],"resultStatus":"exact","result":{"electors":437,"voters":80,"totalVotes":79,"rejected":1,"turnout":18.306636155606405,"winnerId":"jeff-kibble","winnerPartyId":"CPC","runnerUpId":"alistair-macgregor","runnerUpPartyId":"NDP","margin":10.126582278481013,"top":[{"id":"jeff-kibble","name":"Jeff Kibble","shortName":"Kibble","partyId":"CPC","votes":37,"share":46.835443037974684},{"id":"alistair-macgregor","name":"Alistair MacGregor","shortName":"MacGregor","partyId":"NDP","votes":29,"share":36.708860759493675},{"id":"blair-herbert","name":"Blair Herbert","shortName":"Herbert","partyId":"LIB","votes":9,"share":11.39240506329114},{"id":"kathleen-code","name":"Kathleen Code","shortName":"Code","partyId":"GRN","votes":4,"share":5.063291139240507}],"partyVotes":{"LIB":9,"CPC":37,"BQ":0,"NDP":29,"GRN":4,"PPC":0,"OTH":0}}},"geometry":{"type":"Polygon","coordinates":[[[298.51,155.71],[298.5,155.69],[298.53,155.67],[298.54,155.69],[298.51,155.71]]]}},{"type":"Feature","id":"59010-57","properties":{"ridingCode":"59010","pollNumber":"57","pollType":"N","advancePollNumber":"616","sourceCode":"57-0","geometryPollNumbers":["57"],"code":"59010-57","resultPollNumbers":["57"],"resultStatus":"exact","result":{"electors":342,"voters":84,"totalVotes":84,"rejected":0,"turnout":24.561403508771928,"winnerId":"alistair-macgregor","winnerPartyId":"NDP","runnerUpId":"jeff-kibble","runnerUpPartyId":"CPC","margin":2.380952380952381,"top":[{"id":"alistair-macgregor","name":"Alistair MacGregor","shortName":"MacGregor","partyId":"NDP","votes":37,"share":44.047619047619044},{"id":"jeff-kibble","name":"Jeff Kibble","shortName":"Kibble","partyId":"CPC","votes":35,"share":41.66666666666667},{"id":"blair-herbert","name":"Blair Herbert","shortName":"Herbert","partyId":"LIB","votes":10,"share":11.904761904761903},{"id":"kathleen-code","name":"Kathleen Code","shortName":"Code","partyId":"GRN","votes":2,"share":2.380952380952381}],"partyVotes":{"LIB":10,"CPC":35,"BQ":0,"NDP":37,"GRN":2,"PPC":0,"OTH":0}}},"geometry":{"type":"Polygon","coordinates":[[[298.53,155.66],[298.53,155.67],[298.5,155.69],[298.5,155.67],[298.53,155.66]]]}},{"type":"Feature","id":"59010-58","properties":{"ridingCode":"59010","pollNumber":"58","pollType":"N","advancePollNumber":"616","sourceCode":"58-0","geometryPollNumbers":["58"],"code":"59010-58","resultPollNumbers":["58"],"resultStatus":"exact","result":{"electors":365,"voters":93,"totalVotes":91,"rejected":2,"turnout":25.47945205479452,"winnerId":"jeff-kibble","winnerPartyId":"CPC","runnerUpId":"alistair-macgregor","runnerUpPartyId":"NDP","margin":7.6923076923076925,"top":[{"id":"jeff-kibble","name":"Jeff Kibble","shortName":"Kibble","partyId":"CPC","votes":40,"share":43.956043956043956},{"id":"alistair-macgregor","name":"Alistair MacGregor","shortName":"MacGregor","partyId":"NDP","votes":33,"share":36.26373626373626},{"id":"blair-herbert","name":"Blair Herbert","shortName":"Herbert","partyId":"LIB","votes":13,"share":14.285714285714285},{"id":"kathleen-code","name":"Kathleen Code","shortName":"Code","partyId":"GRN","votes":5,"share":5.4945054945054945}],"partyVotes":{"LIB":13,"CPC":40,"BQ":0,"NDP":33,"GRN":5,"PPC":0,"OTH":0}}},"geometry":{"type":"Polygon","coordinates":[[[298.53,155.67],[298.53,155.66],[298.54,155.66],[298.53,155.65],[298.55,155.64],[298.54,155.63],[298.55,155.63],[298.58,155.62],[298.58,155.63],[298.6,155.67],[298.6,155.67],[298.6,155.67],[298.58,155.68],[298.58,155.67],[298.56,155.68],[298.57,155.68],[298.54,155.69],[298.53,155.67]]]}},{"type":"Feature","id":"59010-59","properties":{"ridingCode":"59010","pollNumber":"59","pollType":"N","advancePollNumber":"616","sourceCode":"59-0","geometryPollNumbers":["59"],"code":"59010-59","resultPollNumbers":["59"],"resultStatus":"exact","result":{"electors":385,"voters":120,"totalVotes":119,"rejected":1,"turnout":31.16883116883117,"winnerId":"jeff-kibble","winnerPartyId":"CPC","runnerUpId":"alistair-macgregor","runnerUpPartyId":"NDP","margin":1.680672268907563,"top":[{"id":"jeff-kibble","name":"Jeff Kibble","shortName":"Kibble","partyId":"CPC","votes":46,"share":38.655462184873954},{"id":"alistair-macgregor","name":"Alistair MacGregor","shortName":"MacGregor","partyId":"NDP","votes":44,"share":36.97478991596639},{"id":"blair-herbert","name":"Blair Herbert","shortName":"Herbert","partyId":"LIB","votes":26,"share":21.84873949579832},{"id":"kathleen-code","name":"Kathleen Code","shortName":"Code","partyId":"GRN","votes":3,"share":2.5210084033613445}],"partyVotes":{"LIB":26,"CPC":46,"BQ":0,"NDP":44,"GRN":3,"PPC":0,"OTH":0}}},"geometry":{"type":"Polygon","coordinates":[[[298.49,155.67],[298.49,155.65],[298.49,155.65],[298.49,155.65],[298.5,155.64],[298.53,155.63],[298.54,155.63],[298.55,155.64],[298.53,155.65],[298.54,155.66],[298.53,155.66],[298.5,155.67],[298.49,155.67]]]}},{"type":"Feature","id":"59010-60","properties":{"ridingCode":"59010","pollNumber":"60","pollType":"N","advancePollNumber":"616","sourceCode":"60-0","geometryPollNumbers":["60"],"code":"59010-60","resultPollNumbers":["60"],"resultStatus":"exact","result":{"electors":350,"voters":70,"totalVotes":70,"rejected":0,"turnout":20,"winnerId":"alistair-macgregor","winnerPartyId":"NDP","runnerUpId":"jeff-kibble","runnerUpPartyId":"CPC","margin":21.428571428571427,"top":[{"id":"alistair-macgregor","name":"Alistair MacGregor","shortName":"MacGregor","partyId":"NDP","votes":36,"share":51.42857142857142},{"id":"jeff-kibble","name":"Jeff Kibble","shortName":"Kibble","partyId":"CPC","votes":21,"share":30},{"id":"blair-herbert","name":"Blair Herbert","shortName":"Herbert","partyId":"LIB","votes":13,"share":18.571428571428573},{"id":"kathleen-code","name":"Kathleen Code","shortName":"Code","partyId":"GRN","votes":0,"share":0}],"partyVotes":{"LIB":13,"CPC":21,"BQ":0,"NDP":36,"GRN":0,"PPC":0,"OTH":0}}},"geometry":{"type":"Polygon","coordinates":[[[298.48,155.62],[298.5,155.61],[298.49,155.61],[298.5,155.61],[298.5,155.61],[298.5,155.62],[298.5,155.62],[298.53,155.63],[298.5,155.64],[298.49,155.64],[298.49,155.64],[298.49,155.63],[298.48,155.63],[298.48,155.62]]]}},{"type":"Feature","id":"59010-61","properties":{"ridingCode":"59010","pollNumber":"61","pollType":"N","advancePollNumber":"616","sourceCode":"61-0","geometryPollNumbers":["61"],"code":"59010-61","resultPollNumbers":["61"],"resultStatus":"exact","result":{"electors":453,"voters":142,"totalVotes":141,"rejected":1,"turnout":31.346578366445915,"winnerId":"jeff-kibble","winnerPartyId":"CPC","runnerUpId":"alistair-macgregor","runnerUpPartyId":"NDP","margin":1.4184397163120568,"top":[{"id":"jeff-kibble","name":"Jeff Kibble","shortName":"Kibble","partyId":"CPC","votes":57,"share":40.42553191489361},{"id":"alistair-macgregor","name":"Alistair MacGregor","shortName":"MacGregor","partyId":"NDP","votes":55,"share":39.00709219858156},{"id":"blair-herbert","name":"Blair Herbert","shortName":"Herbert","partyId":"LIB","votes":26,"share":18.439716312056735},{"id":"kathleen-code","name":"Kathleen Code","shortName":"Code","partyId":"GRN","votes":3,"share":2.127659574468085}],"partyVotes":{"LIB":26,"CPC":57,"BQ":0,"NDP":55,"GRN":3,"PPC":0,"OTH":0}}},"geometry":{"type":"Polygon","coordinates":[[[298.5,155.62],[298.56,155.59],[298.55,155.58],[298.56,155.58],[298.58,155.62],[298.55,155.63],[298.54,155.63],[298.53,155.63],[298.5,155.62]]]}},{"type":"Feature","id":"59010-62","properties":{"ridingCode":"59010","pollNumber":"62","pollType":"N","advancePollNumber":"616","sourceCode":"62-0","geometryPollNumbers":["62"],"code":"59010-62","resultPollNumbers":["62"],"resultStatus":"exact","result":{"electors":426,"voters":136,"totalVotes":136,"rejected":0,"turnout":31.92488262910798,"winnerId":"alistair-macgregor","winnerPartyId":"NDP","runnerUpId":"jeff-kibble","runnerUpPartyId":"CPC","margin":6.61764705882353,"top":[{"id":"alistair-macgregor","name":"Alistair MacGregor","shortName":"MacGregor","partyId":"NDP","votes":58,"share":42.64705882352941},{"id":"jeff-kibble","name":"Jeff Kibble","shortName":"Kibble","partyId":"CPC","votes":49,"share":36.029411764705884},{"id":"blair-herbert","name":"Blair Herbert","shortName":"Herbert","partyId":"LIB","votes":25,"share":18.38235294117647},{"id":"kathleen-code","name":"Kathleen Code","shortName":"Code","partyId":"GRN","votes":4,"share":2.941176470588235}],"partyVotes":{"LIB":25,"CPC":49,"BQ":0,"NDP":58,"GRN":4,"PPC":0,"OTH":0}}},"geometry":{"type":"Polygon","coordinates":[[[298.36,155.72],[298.37,155.72],[298.39,155.71],[298.39,155.73],[298.39,155.77],[298.39,155.78],[298.37,155.78],[298.36,155.77],[298.35,155.76],[298.35,155.76],[298.34,155.74],[298.33,155.74],[298.33,155.73],[298.34,155.73],[298.35,155.72],[298.36,155.72]]]}},{"type":"Feature","id":"59010-63","properties":{"ridingCode":"59010","pollNumber":"63","pollType":"N","advancePollNumber":"616","sourceCode":"63-0","geometryPollNumbers":["63"],"code":"59010-63","resultPollNumbers":["63"],"resultStatus":"exact","result":{"electors":333,"voters":81,"totalVotes":80,"rejected":1,"turnout":24.324324324324326,"winnerId":"alistair-macgregor","winnerPartyId":"NDP","runnerUpId":"blair-herbert","runnerUpPartyId":"LIB","margin":5,"top":[{"id":"alistair-macgregor","name":"Alistair MacGregor","shortName":"MacGregor","partyId":"NDP","votes":29,"share":36.25},{"id":"blair-herbert","name":"Blair Herbert","shortName":"Herbert","partyId":"LIB","votes":25,"share":31.25},{"id":"jeff-kibble","name":"Jeff Kibble","shortName":"Kibble","partyId":"CPC","votes":24,"share":30},{"id":"kathleen-code","name":"Kathleen Code","shortName":"Code","partyId":"GRN","votes":2,"share":2.5}],"partyVotes":{"LIB":25,"CPC":24,"BQ":0,"NDP":29,"GRN":2,"PPC":0,"OTH":0}}},"geometry":{"type":"Polygon","coordinates":[[[298.39,155.71],[298.41,155.7],[298.4,155.7],[298.42,155.69],[298.43,155.71],[298.41,155.72],[298.42,155.73],[298.42,155.74],[298.42,155.74],[298.42,155.74],[298.41,155.75],[298.42,155.76],[298.39,155.77],[298.39,155.73],[298.39,155.71]],[[298.41,155.71],[298.41,155.71],[298.41,155.71],[298.41,155.71]]]}},{"type":"Feature","id":"59010-64","properties":{"ridingCode":"59010","pollNumber":"64","pollType":"N","advancePollNumber":"621","sourceCode":"64-0","geometryPollNumbers":["64"],"code":"59010-64","resultPollNumbers":["64"],"resultStatus":"exact","result":{"electors":286,"voters":104,"totalVotes":104,"rejected":0,"turnout":36.36363636363637,"winnerId":"alistair-macgregor","winnerPartyId":"NDP","runnerUpId":"jeff-kibble","runnerUpPartyId":"CPC","margin":6.730769230769231,"top":[{"id":"alistair-macgregor","name":"Alistair MacGregor","shortName":"MacGregor","partyId":"NDP","votes":40,"share":38.46153846153847},{"id":"jeff-kibble","name":"Jeff Kibble","shortName":"Kibble","partyId":"CPC","votes":33,"share":31.73076923076923},{"id":"blair-herbert","name":"Blair Herbert","shortName":"Herbert","partyId":"LIB","votes":29,"share":27.884615384615387},{"id":"kathleen-code","name":"Kathleen Code","shortName":"Code","partyId":"GRN","votes":2,"share":1.9230769230769231}],"partyVotes":{"LIB":29,"CPC":33,"BQ":0,"NDP":40,"GRN":2,"PPC":0,"OTH":0}}},"geometry":{"type":"Polygon","coordinates":[[[298.39,155.67],[298.41,155.66],[298.44,155.65],[298.45,155.67],[298.44,155.67],[298.44,155.68],[298.43,155.68],[298.44,155.71],[298.43,155.71],[298.42,155.69],[298.4,155.7],[298.39,155.67]],[[298.4,155.68],[298.4,155.68],[298.4,155.68],[298.4,155.68]],[[298.4,155.69],[298.4,155.69],[298.4,155.69],[298.4,155.69]]]}},{"type":"Feature","id":"59010-65","properties":{"ridingCode":"59010","pollNumber":"65","pollType":"N","advancePollNumber":"616","sourceCode":"65-0","geometryPollNumbers":["65"],"code":"59010-65","resultPollNumbers":["65"],"resultStatus":"exact","result":{"electors":450,"voters":107,"totalVotes":107,"rejected":0,"turnout":23.77777777777778,"winnerId":"alistair-macgregor","winnerPartyId":"NDP","runnerUpId":"jeff-kibble","runnerUpPartyId":"CPC","margin":28.971962616822427,"top":[{"id":"alistair-macgregor","name":"Alistair MacGregor","shortName":"MacGregor","partyId":"NDP","votes":55,"share":51.4018691588785},{"id":"jeff-kibble","name":"Jeff Kibble","shortName":"Kibble","partyId":"CPC","votes":24,"share":22.429906542056074},{"id":"blair-herbert","name":"Blair Herbert","shortName":"Herbert","partyId":"LIB","votes":21,"share":19.626168224299064},{"id":"kathleen-code","name":"Kathleen Code","shortName":"Code","partyId":"GRN","votes":7,"share":6.5420560747663545}],"partyVotes":{"LIB":21,"CPC":24,"BQ":0,"NDP":55,"GRN":7,"PPC":0,"OTH":0}}},"geometry":{"type":"Polygon","coordinates":[[[298.44,155.71],[298.43,155.68],[298.44,155.68],[298.44,155.67],[298.45,155.67],[298.44,155.65],[298.48,155.63],[298.49,155.65],[298.49,155.67],[298.45,155.69],[298.46,155.7],[298.44,155.71],[298.44,155.71]]]}},{"type":"Feature","id":"59010-66","properties":{"ridingCode":"59010","pollNumber":"66","pollType":"N","advancePollNumber":"616","sourceCode":"66-0","geometryPollNumbers":["66"],"code":"59010-66","resultPollNumbers":["66"],"resultStatus":"exact","result":{"electors":385,"voters":70,"totalVotes":70,"rejected":0,"turnout":18.181818181818183,"winnerId":"jeff-kibble","winnerPartyId":"CPC","runnerUpId":"blair-herbert","runnerUpPartyId":"LIB","margin":7.142857142857142,"top":[{"id":"jeff-kibble","name":"Jeff Kibble","shortName":"Kibble","partyId":"CPC","votes":28,"share":40},{"id":"blair-herbert","name":"Blair Herbert","shortName":"Herbert","partyId":"LIB","votes":23,"share":32.857142857142854},{"id":"alistair-macgregor","name":"Alistair MacGregor","shortName":"MacGregor","partyId":"NDP","votes":18,"share":25.71428571428571},{"id":"kathleen-code","name":"Kathleen Code","shortName":"Code","partyId":"GRN","votes":1,"share":1.4285714285714286}],"partyVotes":{"LIB":23,"CPC":28,"BQ":0,"NDP":18,"GRN":1,"PPC":0,"OTH":0}}},"geometry":{"type":"Polygon","coordinates":[[[298.46,155.59],[298.49,155.57],[298.49,155.59],[298.49,155.59],[298.49,155.6],[298.49,155.6],[298.49,155.6],[298.49,155.61],[298.5,155.61],[298.48,155.62],[298.48,155.63],[298.49,155.63],[298.49,155.64],[298.49,155.64],[298.49,155.64],[298.5,155.64],[298.49,155.65],[298.49,155.65],[298.49,155.65],[298.49,155.65],[298.48,155.63],[298.46,155.59]]]}},{"type":"Feature","id":"59010-67","properties":{"ridingCode":"59010","pollNumber":"67","pollType":"N","advancePollNumber":"616","sourceCode":"67-0","geometryPollNumbers":["67"],"code":"59010-67","resultPollNumbers":["67"],"resultStatus":"exact","result":{"electors":462,"voters":120,"totalVotes":120,"rejected":0,"turnout":25.97402597402597,"winnerId":"jeff-kibble","winnerPartyId":"CPC","runnerUpId":"alistair-macgregor","runnerUpPartyId":"NDP","margin":5,"top":[{"id":"jeff-kibble","name":"Jeff Kibble","shortName":"Kibble","partyId":"CPC","votes":49,"share":40.833333333333336},{"id":"alistair-macgregor","name":"Alistair MacGregor","shortName":"MacGregor","partyId":"NDP","votes":43,"share":35.833333333333336},{"id":"blair-herbert","name":"Blair Herbert","shortName":"Herbert","partyId":"LIB","votes":24,"share":20},{"id":"kathleen-code","name":"Kathleen Code","shortName":"Code","partyId":"GRN","votes":4,"share":3.3333333333333335}],"partyVotes":{"LIB":24,"CPC":49,"BQ":0,"NDP":43,"GRN":4,"PPC":0,"OTH":0}}},"geometry":{"type":"Polygon","coordinates":[[[298.49,155.61],[298.49,155.6],[298.49,155.6],[298.49,155.6],[298.49,155.59],[298.49,155.59],[298.49,155.57],[298.53,155.55],[298.55,155.55],[298.56,155.58],[298.55,155.58],[298.56,155.59],[298.5,155.62],[298.5,155.62],[298.5,155.61],[298.5,155.61],[298.49,155.61]]]}},{"type":"Feature","id":"59010-68","properties":{"ridingCode":"59010","pollNumber":"68","pollType":"N","advancePollNumber":"617","sourceCode":"68-0","geometryPollNumbers":["68"],"code":"59010-68","resultPollNumbers":["68"],"resultStatus":"exact","result":{"electors":527,"voters":178,"totalVotes":178,"rejected":0,"turnout":33.776091081593925,"winnerId":"jeff-kibble","winnerPartyId":"CPC","runnerUpId":"alistair-macgregor","runnerUpPartyId":"NDP","margin":6.179775280898876,"top":[{"id":"jeff-kibble","name":"Jeff Kibble","shortName":"Kibble","partyId":"CPC","votes":69,"share":38.764044943820224},{"id":"alistair-macgregor","name":"Alistair MacGregor","shortName":"MacGregor","partyId":"NDP","votes":58,"share":32.58426966292135},{"id":"blair-herbert","name":"Blair Herbert","shortName":"Herbert","partyId":"LIB","votes":48,"share":26.96629213483146},{"id":"kathleen-code","name":"Kathleen Code","shortName":"Code","partyId":"GRN","votes":3,"share":1.6853932584269662}],"partyVotes":{"LIB":48,"CPC":69,"BQ":0,"NDP":58,"GRN":3,"PPC":0,"OTH":0}}},"geometry":{"type":"Polygon","coordinates":[[[298.83,155.96],[298.82,155.95],[298.74,155.96],[298.59,155.91],[298.53,155.87],[298.56,155.86],[298.62,155.83],[298.66,155.81],[298.67,155.82],[298.67,155.83],[298.66,155.85],[298.67,155.86],[298.67,155.87],[298.67,155.86],[298.68,155.85],[298.7,155.89],[298.73,155.88],[298.75,155.87],[298.79,155.85],[298.82,155.89],[298.83,155.9],[298.99,155.83],[299.03,155.93],[299,156],[298.98,155.99],[298.95,155.97],[298.89,155.95],[298.85,155.96],[298.83,155.96]]]}},{"type":"Feature","id":"59010-69","properties":{"ridingCode":"59010","pollNumber":"69","pollType":"N","advancePollNumber":"617","sourceCode":"69-0","geometryPollNumbers":["69"],"code":"59010-69","resultPollNumbers":["69"],"resultStatus":"exact","result":{"electors":386,"voters":121,"totalVotes":121,"rejected":0,"turnout":31.34715025906736,"winnerId":"jeff-kibble","winnerPartyId":"CPC","runnerUpId":"alistair-macgregor","runnerUpPartyId":"NDP","margin":5.785123966942149,"top":[{"id":"jeff-kibble","name":"Jeff Kibble","shortName":"Kibble","partyId":"CPC","votes":53,"share":43.80165289256198},{"id":"alistair-macgregor","name":"Alistair MacGregor","shortName":"MacGregor","partyId":"NDP","votes":46,"share":38.01652892561984},{"id":"blair-herbert","name":"Blair Herbert","shortName":"Herbert","partyId":"LIB","votes":21,"share":17.355371900826448},{"id":"kathleen-code","name":"Kathleen Code","shortName":"Code","partyId":"GRN","votes":1,"share":0.8264462809917356}],"partyVotes":{"LIB":21,"CPC":53,"BQ":0,"NDP":46,"GRN":1,"PPC":0,"OTH":0}}},"geometry":{"type":"Polygon","coordinates":[[[298.62,155.83],[298.61,155.81],[298.61,155.8],[298.6,155.79],[298.62,155.78],[298.64,155.77],[298.65,155.79],[298.71,155.81],[298.77,155.84],[298.79,155.85],[298.75,155.87],[298.73,155.88],[298.7,155.89],[298.68,155.85],[298.67,155.86],[298.67,155.87],[298.67,155.86],[298.66,155.85],[298.67,155.83],[298.67,155.82],[298.66,155.81],[298.62,155.83]]]}},{"type":"Feature","id":"59010-70","properties":{"ridingCode":"59010","pollNumber":"70","pollType":"N","advancePollNumber":"617","sourceCode":"70-0","geometryPollNumbers":["70"],"code":"59010-70","resultPollNumbers":["70"],"resultStatus":"exact","result":{"electors":443,"voters":138,"totalVotes":138,"rejected":0,"turnout":31.15124153498871,"winnerId":"blair-herbert","winnerPartyId":"LIB","runnerUpId":"alistair-macgregor","runnerUpPartyId":"NDP","margin":0,"top":[{"id":"blair-herbert","name":"Blair Herbert","shortName":"Herbert","partyId":"LIB","votes":46,"share":33.33333333333333},{"id":"alistair-macgregor","name":"Alistair MacGregor","shortName":"MacGregor","partyId":"NDP","votes":46,"share":33.33333333333333},{"id":"jeff-kibble","name":"Jeff Kibble","shortName":"Kibble","partyId":"CPC","votes":43,"share":31.15942028985507},{"id":"kathleen-code","name":"Kathleen Code","shortName":"Code","partyId":"GRN","votes":3,"share":2.1739130434782608}],"partyVotes":{"LIB":46,"CPC":43,"BQ":0,"NDP":46,"GRN":3,"PPC":0,"OTH":0}}},"geometry":{"type":"Polygon","coordinates":[[[298.62,155.7],[298.62,155.7],[298.63,155.67],[298.63,155.66],[298.64,155.67],[298.65,155.67],[298.66,155.67],[298.68,155.64],[298.69,155.64],[298.71,155.68],[298.8,155.72],[298.85,155.74],[298.92,155.75],[298.96,155.77],[298.97,155.77],[298.99,155.83],[298.83,155.9],[298.82,155.89],[298.79,155.85],[298.77,155.84],[298.71,155.81],[298.65,155.79],[298.64,155.77],[298.62,155.71],[298.62,155.7]]]}},{"type":"Feature","id":"59010-71","properties":{"ridingCode":"59010","pollNumber":"71","pollType":"N","advancePollNumber":"618","sourceCode":"71-0","geometryPollNumbers":["71"],"code":"59010-71","resultPollNumbers":["71"],"resultStatus":"exact","result":{"electors":413,"voters":143,"totalVotes":142,"rejected":1,"turnout":34.624697336561745,"winnerId":"alistair-macgregor","winnerPartyId":"NDP","runnerUpId":"blair-herbert","runnerUpPartyId":"LIB","margin":15.492957746478872,"top":[{"id":"alistair-macgregor","name":"Alistair MacGregor","shortName":"MacGregor","partyId":"NDP","votes":62,"share":43.66197183098591},{"id":"blair-herbert","name":"Blair Herbert","shortName":"Herbert","partyId":"LIB","votes":40,"share":28.169014084507044},{"id":"jeff-kibble","name":"Jeff Kibble","shortName":"Kibble","partyId":"CPC","votes":40,"share":28.169014084507044},{"id":"kathleen-code","name":"Kathleen Code","shortName":"Code","partyId":"GRN","votes":0,"share":0}],"partyVotes":{"LIB":40,"CPC":40,"BQ":0,"NDP":62,"GRN":0,"PPC":0,"OTH":0}}},"geometry":{"type":"Polygon","coordinates":[[[298.69,155.64],[298.67,155.61],[298.68,155.6],[298.69,155.61],[298.72,155.61],[298.73,155.61],[298.74,155.62],[298.75,155.62],[298.78,155.63],[298.8,155.65],[298.81,155.66],[298.8,155.72],[298.71,155.68],[298.69,155.64]]]}},{"type":"Feature","id":"59010-72","properties":{"ridingCode":"59010","pollNumber":"72","pollType":"N","advancePollNumber":"617","sourceCode":"72-0","geometryPollNumbers":["72"],"code":"59010-72","resultPollNumbers":["72"],"resultStatus":"exact","result":{"electors":602,"voters":246,"totalVotes":244,"rejected":2,"turnout":40.863787375415285,"winnerId":"alistair-macgregor","winnerPartyId":"NDP","runnerUpId":"jeff-kibble","runnerUpPartyId":"CPC","margin":2.8688524590163933,"top":[{"id":"alistair-macgregor","name":"Alistair MacGregor","shortName":"MacGregor","partyId":"NDP","votes":104,"share":42.62295081967213},{"id":"jeff-kibble","name":"Jeff Kibble","shortName":"Kibble","partyId":"CPC","votes":97,"share":39.75409836065574},{"id":"blair-herbert","name":"Blair Herbert","shortName":"Herbert","partyId":"LIB","votes":43,"share":17.62295081967213},{"id":"kathleen-code","name":"Kathleen Code","shortName":"Code","partyId":"GRN","votes":0,"share":0}],"partyVotes":{"LIB":43,"CPC":97,"BQ":0,"NDP":104,"GRN":0,"PPC":0,"OTH":0}}},"geometry":{"type":"Polygon","coordinates":[[[298.58,155.63],[298.67,155.59],[298.67,155.59],[298.67,155.61],[298.69,155.64],[298.68,155.64],[298.66,155.67],[298.65,155.67],[298.64,155.67],[298.63,155.66],[298.63,155.67],[298.62,155.7],[298.62,155.7],[298.6,155.67],[298.6,155.67],[298.58,155.63]]]}},{"type":"Feature","id":"59010-73","properties":{"ridingCode":"59010","pollNumber":"73","pollType":"N","advancePollNumber":"618","sourceCode":"73-0","geometryPollNumbers":["73","512"],"code":"59010-73","resultPollNumbers":["73"],"resultStatus":"resolved-combination","result":{"electors":375,"voters":145,"totalVotes":145,"rejected":0,"turnout":38.666666666666664,"winnerId":"jeff-kibble","winnerPartyId":"CPC","runnerUpId":"alistair-macgregor","runnerUpPartyId":"NDP","margin":4.827586206896552,"top":[{"id":"jeff-kibble","name":"Jeff Kibble","shortName":"Kibble","partyId":"CPC","votes":60,"share":41.37931034482759},{"id":"alistair-macgregor","name":"Alistair MacGregor","shortName":"MacGregor","partyId":"NDP","votes":53,"share":36.55172413793103},{"id":"blair-herbert","name":"Blair Herbert","shortName":"Herbert","partyId":"LIB","votes":30,"share":20.689655172413794},{"id":"kathleen-code","name":"Kathleen Code","shortName":"Code","partyId":"GRN","votes":2,"share":1.3793103448275863}],"partyVotes":{"LIB":30,"CPC":60,"BQ":0,"NDP":53,"GRN":2,"PPC":0,"OTH":0}}},"geometry":{"type":"MultiPolygon","coordinates":[[[[298.67,155.61],[298.67,155.59],[298.67,155.59],[298.67,155.59],[298.67,155.59],[298.73,155.56],[298.74,155.58],[298.75,155.58],[298.75,155.58],[298.74,155.59],[298.73,155.59],[298.74,155.6],[298.73,155.61],[298.72,155.61],[298.69,155.61],[298.68,155.6],[298.67,155.61]]],[[[298.67,155.59],[298.67,155.59],[298.67,155.59],[298.67,155.59]]]]}},{"type":"Feature","id":"59010-74","properties":{"ridingCode":"59010","pollNumber":"74","pollType":"N","advancePollNumber":"618","sourceCode":"74-0","geometryPollNumbers":["74"],"code":"59010-74","resultPollNumbers":["74"],"resultStatus":"exact","result":{"electors":406,"voters":182,"totalVotes":181,"rejected":1,"turnout":44.827586206896555,"winnerId":"alistair-macgregor","winnerPartyId":"NDP","runnerUpId":"jeff-kibble","runnerUpPartyId":"CPC","margin":7.18232044198895,"top":[{"id":"alistair-macgregor","name":"Alistair MacGregor","shortName":"MacGregor","partyId":"NDP","votes":72,"share":39.77900552486188},{"id":"jeff-kibble","name":"Jeff Kibble","shortName":"Kibble","partyId":"CPC","votes":59,"share":32.59668508287293},{"id":"blair-herbert","name":"Blair Herbert","shortName":"Herbert","partyId":"LIB","votes":43,"share":23.756906077348066},{"id":"kathleen-code","name":"Kathleen Code","shortName":"Code","partyId":"GRN","votes":7,"share":3.867403314917127}],"partyVotes":{"LIB":43,"CPC":59,"BQ":0,"NDP":72,"GRN":7,"PPC":0,"OTH":0}}},"geometry":{"type":"Polygon","coordinates":[[[298.73,155.59],[298.74,155.59],[298.75,155.58],[298.75,155.58],[298.74,155.58],[298.73,155.56],[298.75,155.55],[298.77,155.54],[298.8,155.59],[298.79,155.61],[298.8,155.62],[298.79,155.63],[298.78,155.63],[298.75,155.62],[298.74,155.62],[298.73,155.61],[298.74,155.6],[298.73,155.59]]]}},{"type":"Feature","id":"59010-75","properties":{"ridingCode":"59010","pollNumber":"75","pollType":"N","advancePollNumber":"615","sourceCode":"75-0","geometryPollNumbers":["75"],"code":"59010-75","resultPollNumbers":["75"],"resultStatus":"exact","result":{"electors":148,"voters":57,"totalVotes":57,"rejected":0,"turnout":38.513513513513516,"winnerId":"alistair-macgregor","winnerPartyId":"NDP","runnerUpId":"blair-herbert","runnerUpPartyId":"LIB","margin":87.71929824561403,"top":[{"id":"alistair-macgregor","name":"Alistair MacGregor","shortName":"MacGregor","partyId":"NDP","votes":53,"share":92.98245614035088},{"id":"blair-herbert","name":"Blair Herbert","shortName":"Herbert","partyId":"LIB","votes":3,"share":5.263157894736842},{"id":"jeff-kibble","name":"Jeff Kibble","shortName":"Kibble","partyId":"CPC","votes":1,"share":1.7543859649122806},{"id":"kathleen-code","name":"Kathleen Code","shortName":"Code","partyId":"GRN","votes":0,"share":0}],"partyVotes":{"LIB":3,"CPC":1,"BQ":0,"NDP":53,"GRN":0,"PPC":0,"OTH":0}}},"geometry":{"type":"Polygon","coordinates":[[[298.56,155.58],[298.55,155.55],[298.55,155.55],[298.56,155.55],[298.58,155.56],[298.6,155.56],[298.63,155.56],[298.65,155.55],[298.66,155.53],[298.67,155.52],[298.66,155.51],[298.68,155.49],[298.69,155.47],[298.7,155.46],[298.75,155.55],[298.73,155.56],[298.67,155.59],[298.67,155.59],[298.67,155.59],[298.67,155.59],[298.58,155.63],[298.58,155.62],[298.56,155.58]]]}},{"type":"Feature","id":"59010-76","properties":{"ridingCode":"59010","pollNumber":"76","pollType":"N","advancePollNumber":"618","sourceCode":"76-0","geometryPollNumbers":["76"],"code":"59010-76","resultPollNumbers":["76"],"resultStatus":"exact","result":{"electors":256,"voters":95,"totalVotes":94,"rejected":1,"turnout":37.109375,"winnerId":"jeff-kibble","winnerPartyId":"CPC","runnerUpId":"blair-herbert","runnerUpPartyId":"LIB","margin":15.957446808510639,"top":[{"id":"jeff-kibble","name":"Jeff Kibble","shortName":"Kibble","partyId":"CPC","votes":44,"share":46.808510638297875},{"id":"blair-herbert","name":"Blair Herbert","shortName":"Herbert","partyId":"LIB","votes":29,"share":30.851063829787233},{"id":"alistair-macgregor","name":"Alistair MacGregor","shortName":"MacGregor","partyId":"NDP","votes":20,"share":21.27659574468085},{"id":"kathleen-code","name":"Kathleen Code","shortName":"Code","partyId":"GRN","votes":1,"share":1.0638297872340425}],"partyVotes":{"LIB":29,"CPC":44,"BQ":0,"NDP":20,"GRN":1,"PPC":0,"OTH":0}}},"geometry":{"type":"Polygon","coordinates":[[[298.78,155.63],[298.79,155.63],[298.8,155.62],[298.79,155.61],[298.8,155.59],[298.77,155.54],[298.84,155.51],[298.83,155.47],[298.84,155.47],[298.81,155.4],[298.83,155.39],[298.83,155.4],[298.86,155.46],[298.91,155.43],[298.9,155.4],[298.98,155.37],[299.04,155.52],[298.88,155.6],[298.9,155.63],[298.83,155.63],[298.82,155.64],[298.83,155.66],[298.82,155.66],[298.82,155.66],[298.81,155.66],[298.8,155.65],[298.78,155.63]]]}},{"type":"Feature","id":"59010-77","properties":{"ridingCode":"59010","pollNumber":"77","pollType":"N","advancePollNumber":"615","sourceCode":"77-1","geometryPollNumbers":["77"],"code":"59010-77","resultPollNumbers":["77"],"resultStatus":"resolved-combination","result":{"electors":332,"voters":121,"totalVotes":120,"rejected":1,"turnout":36.44578313253012,"winnerId":"alistair-macgregor","winnerPartyId":"NDP","runnerUpId":"jeff-kibble","runnerUpPartyId":"CPC","margin":78.33333333333333,"top":[{"id":"alistair-macgregor","name":"Alistair MacGregor","shortName":"MacGregor","partyId":"NDP","votes":103,"share":85.83333333333333},{"id":"jeff-kibble","name":"Jeff Kibble","shortName":"Kibble","partyId":"CPC","votes":9,"share":7.5},{"id":"blair-herbert","name":"Blair Herbert","shortName":"Herbert","partyId":"LIB","votes":7,"share":5.833333333333333},{"id":"kathleen-code","name":"Kathleen Code","shortName":"Code","partyId":"GRN","votes":1,"share":0.8333333333333334}],"partyVotes":{"LIB":7,"CPC":9,"BQ":0,"NDP":103,"GRN":1,"PPC":0,"OTH":0}}},"geometry":{"type":"MultiPolygon","coordinates":[[[[298.83,155.4],[298.83,155.39],[298.81,155.4],[298.8,155.38],[298.78,155.37],[298.85,155.34],[298.87,155.33],[298.88,155.36],[298.97,155.33],[298.95,155.29],[298.99,155.28],[298.95,155.2],[298.94,155.17],[298.96,155.15],[298.99,155.14],[299,155.13],[299.03,155.14],[299.04,155.15],[299.05,155.16],[299.07,155.08],[299.08,155.06],[299.09,155.05],[299.1,155.05],[299.1,154.99],[299.1,154.97],[299.12,154.96],[299.12,154.94],[299.13,154.92],[299.14,154.92],[299.15,154.94],[299.17,154.98],[299.18,155.01],[299.19,155.03],[299.18,155.08],[299.18,155.13],[299.18,155.16],[299.2,155.19],[299.27,155.22],[299.16,155.28],[299.13,155.21],[299.04,155.25],[299.04,155.25],[299.06,155.32],[298.98,155.37],[298.9,155.4],[298.91,155.43],[298.86,155.46],[298.83,155.4]],[[299.03,155.21],[299.05,155.21],[299.04,155.19],[299.04,155.17],[299.04,155.15],[299.02,155.14],[299.01,155.14],[298.99,155.15],[299.02,155.22],[299.03,155.21]]],[[[298.66,155.34],[298.64,155.31],[298.66,155.3],[298.68,155.29],[298.69,155.28],[298.69,155.29],[298.69,155.3],[298.69,155.31],[298.7,155.32],[298.74,155.3],[298.74,155.31],[298.75,155.32],[298.74,155.33],[298.74,155.33],[298.75,155.34],[298.75,155.34],[298.76,155.34],[298.77,155.36],[298.78,155.37],[298.78,155.37],[298.8,155.38],[298.81,155.4],[298.84,155.47],[298.83,155.47],[298.84,155.51],[298.77,155.54],[298.75,155.55],[298.7,155.46],[298.7,155.46],[298.72,155.44],[298.72,155.43],[298.71,155.43],[298.71,155.42],[298.71,155.42],[298.72,155.41],[298.72,155.41],[298.72,155.4],[298.72,155.39],[298.72,155.39],[298.71,155.38],[298.71,155.37],[298.71,155.37],[298.71,155.35],[298.7,155.36],[298.69,155.35],[298.68,155.36],[298.68,155.36],[298.68,155.36],[298.67,155.35],[298.67,155.34],[298.67,155.34],[298.66,155.34],[298.66,155.34],[298.66,155.34]]]]}},{"type":"Feature","id":"59010-78A+78B","properties":{"ridingCode":"59010","pollNumber":"78A+78B","pollType":"N","advancePollNumber":"621","sourceCode":"78-0","geometryPollNumbers":["78"],"code":"59010-78A+78B","resultPollNumbers":["78A","78B"],"resultStatus":"resolved-suffix","result":{"electors":743,"voters":248,"totalVotes":248,"rejected":0,"turnout":33.37819650067295,"winnerId":"jeff-kibble","winnerPartyId":"CPC","runnerUpId":"alistair-macgregor","runnerUpPartyId":"NDP","margin":22.58064516129032,"top":[{"id":"jeff-kibble","name":"Jeff Kibble","shortName":"Kibble","partyId":"CPC","votes":130,"share":52.41935483870967},{"id":"alistair-macgregor","name":"Alistair MacGregor","shortName":"MacGregor","partyId":"NDP","votes":74,"share":29.838709677419356},{"id":"blair-herbert","name":"Blair Herbert","shortName":"Herbert","partyId":"LIB","votes":36,"share":14.516129032258066},{"id":"kathleen-code","name":"Kathleen Code","shortName":"Code","partyId":"GRN","votes":8,"share":3.225806451612903}],"partyVotes":{"LIB":36,"CPC":130,"BQ":0,"NDP":74,"GRN":8,"PPC":0,"OTH":0}}},"geometry":{"type":"Polygon","coordinates":[[[297,155.66],[298,155.19],[298.05,155.17],[298.06,155.19],[298.07,155.19],[298.08,155.2],[298.09,155.2],[298.1,155.21],[298.1,155.21],[298.09,155.21],[298.08,155.22],[298.08,155.24],[298.08,155.25],[298.08,155.26],[298.08,155.27],[298.08,155.28],[298.09,155.28],[298.09,155.29],[298.08,155.3],[298.08,155.32],[298.07,155.33],[298.07,155.34],[298.07,155.35],[298.08,155.37],[298.09,155.37],[298.1,155.37],[298.11,155.37],[298.12,155.38],[298.12,155.38],[298.13,155.37],[298.14,155.37],[298.16,155.34],[298.17,155.33],[298.18,155.34],[298.19,155.35],[298.2,155.34],[298.22,155.34],[298.23,155.35],[298.24,155.35],[298.26,155.34],[298.27,155.34],[298.29,155.33],[298.31,155.33],[298.31,155.33],[298.33,155.35],[298.36,155.35],[298.38,155.35],[298.42,155.35],[298.45,155.34],[298.45,155.34],[298.48,155.36],[298.42,155.38],[298.41,155.37],[298.36,155.39],[298.36,155.39],[298.31,155.39],[298.31,155.41],[298.32,155.41],[298.26,155.47],[298.3,155.51],[297.97,155.67],[297.98,155.7],[297.97,155.7],[297.94,155.69],[297.93,155.7],[297.93,155.71],[297.92,155.72],[297.9,155.73],[297.89,155.74],[297.88,155.74],[297.88,155.74],[297.87,155.74],[297.86,155.74],[297.86,155.74],[297.86,155.76],[297.85,155.77],[297.8,155.8],[297.78,155.8],[297.78,155.79],[297.77,155.79],[297.76,155.79],[297.74,155.8],[297.73,155.8],[297.72,155.79],[297.71,155.79],[297.68,155.79],[297.67,155.79],[297.66,155.79],[297.66,155.8],[297.66,155.8],[297.62,155.8],[297.61,155.8],[297.6,155.8],[297.61,155.81],[297.61,155.82],[297.6,155.83],[297.59,155.84],[297.59,155.84],[297.56,155.84],[297.55,155.84],[297.53,155.85],[297.52,155.85],[297.52,155.86],[297.51,155.87],[297.49,155.87],[297.48,155.88],[297.48,155.89],[297.47,155.9],[297.47,155.92],[297.45,155.94],[297.44,155.95],[297.42,155.94],[297.4,155.95],[297.39,155.95],[297.4,155.96],[297.41,155.97],[297.41,155.99],[297.41,156],[297.4,156.02],[297.41,156.04],[297.41,156.05],[297.39,156.06],[297.38,156.07],[297.36,156.08],[297.35,156.08],[297.33,156.06],[297.32,156.05],[297.31,156.05],[297.26,156.07],[297.23,156.1],[297.23,156.1],[297.24,156.12],[297.24,156.13],[297.24,156.14],[297.23,156.14],[297,155.66]]]}},{"type":"Feature","id":"59010-79","properties":{"ridingCode":"59010","pollNumber":"79","pollType":"N","advancePollNumber":"615","sourceCode":"79-0","geometryPollNumbers":["79"],"code":"59010-79","resultPollNumbers":["79"],"resultStatus":"exact","result":{"electors":460,"voters":163,"totalVotes":163,"rejected":0,"turnout":35.434782608695656,"winnerId":"alistair-macgregor","winnerPartyId":"NDP","runnerUpId":"jeff-kibble","runnerUpPartyId":"CPC","margin":63.80368098159509,"top":[{"id":"alistair-macgregor","name":"Alistair MacGregor","shortName":"MacGregor","partyId":"NDP","votes":125,"share":76.68711656441718},{"id":"jeff-kibble","name":"Jeff Kibble","shortName":"Kibble","partyId":"CPC","votes":21,"share":12.883435582822086},{"id":"blair-herbert","name":"Blair Herbert","shortName":"Herbert","partyId":"LIB","votes":12,"share":7.361963190184049},{"id":"kathleen-code","name":"Kathleen Code","shortName":"Code","partyId":"GRN","votes":5,"share":3.067484662576687}],"partyVotes":{"LIB":12,"CPC":21,"BQ":0,"NDP":125,"GRN":5,"PPC":0,"OTH":0}}},"geometry":{"type":"Polygon","coordinates":[[[297.98,155.7],[297.97,155.67],[298.3,155.51],[298.31,155.5],[298.32,155.52],[298.32,155.54],[298.35,155.59],[298.36,155.6],[298.37,155.6],[298.38,155.6],[298.39,155.59],[298.4,155.59],[298.44,155.56],[298.45,155.56],[298.46,155.59],[298.48,155.63],[298.44,155.65],[298.41,155.66],[298.39,155.67],[298.4,155.7],[298.41,155.7],[298.39,155.71],[298.37,155.72],[298.36,155.72],[298.35,155.7],[298.36,155.7],[298.36,155.7],[298.3,155.72],[298.15,155.79],[298.13,155.8],[298.11,155.76],[298.11,155.75],[298.11,155.74],[298.1,155.74],[298.1,155.74],[298.07,155.74],[298.01,155.77],[297.98,155.7]],[[298.41,155.65],[298.41,155.65],[298.41,155.65],[298.41,155.65]]]}},{"type":"Feature","id":"59010-80","properties":{"ridingCode":"59010","pollNumber":"80","pollType":"N","advancePollNumber":"621","sourceCode":"80-0","geometryPollNumbers":["80"],"code":"59010-80","resultPollNumbers":["80"],"resultStatus":"exact","result":{"electors":245,"voters":35,"totalVotes":35,"rejected":0,"turnout":14.285714285714285,"winnerId":"blair-herbert","winnerPartyId":"LIB","runnerUpId":"alistair-macgregor","runnerUpPartyId":"NDP","margin":11.428571428571429,"top":[{"id":"blair-herbert","name":"Blair Herbert","shortName":"Herbert","partyId":"LIB","votes":15,"share":42.857142857142854},{"id":"alistair-macgregor","name":"Alistair MacGregor","shortName":"MacGregor","partyId":"NDP","votes":11,"share":31.428571428571427},{"id":"jeff-kibble","name":"Jeff Kibble","shortName":"Kibble","partyId":"CPC","votes":9,"share":25.71428571428571},{"id":"kathleen-code","name":"Kathleen Code","shortName":"Code","partyId":"GRN","votes":0,"share":0}],"partyVotes":{"LIB":15,"CPC":9,"BQ":0,"NDP":11,"GRN":0,"PPC":0,"OTH":0}}},"geometry":{"type":"Polygon","coordinates":[[[298.45,155.56],[298.53,155.52],[298.55,155.55],[298.55,155.55],[298.53,155.55],[298.49,155.57],[298.46,155.59],[298.45,155.56],[298.45,155.56]]]}},{"type":"Feature","id":"59010-81","properties":{"ridingCode":"59010","pollNumber":"81","pollType":"N","advancePollNumber":"621","sourceCode":"81-0","geometryPollNumbers":["81"],"code":"59010-81","resultPollNumbers":["81"],"resultStatus":"exact","result":{"electors":404,"voters":114,"totalVotes":114,"rejected":0,"turnout":28.217821782178216,"winnerId":"jeff-kibble","winnerPartyId":"CPC","runnerUpId":"alistair-macgregor","runnerUpPartyId":"NDP","margin":35.08771929824561,"top":[{"id":"jeff-kibble","name":"Jeff Kibble","shortName":"Kibble","partyId":"CPC","votes":69,"share":60.526315789473685},{"id":"alistair-macgregor","name":"Alistair MacGregor","shortName":"MacGregor","partyId":"NDP","votes":29,"share":25.438596491228072},{"id":"blair-herbert","name":"Blair Herbert","shortName":"Herbert","partyId":"LIB","votes":14,"share":12.280701754385964},{"id":"kathleen-code","name":"Kathleen Code","shortName":"Code","partyId":"GRN","votes":2,"share":1.7543859649122806}],"partyVotes":{"LIB":14,"CPC":69,"BQ":0,"NDP":29,"GRN":2,"PPC":0,"OTH":0}}},"geometry":{"type":"Polygon","coordinates":[[[298.35,155.59],[298.36,155.55],[298.36,155.55],[298.37,155.55],[298.38,155.51],[298.39,155.51],[298.38,155.53],[298.39,155.54],[298.4,155.54],[298.41,155.53],[298.42,155.53],[298.42,155.52],[298.43,155.52],[298.41,155.5],[298.42,155.48],[298.42,155.46],[298.43,155.46],[298.42,155.45],[298.57,155.38],[298.59,155.42],[298.54,155.44],[298.5,155.45],[298.52,155.49],[298.43,155.53],[298.45,155.56],[298.45,155.56],[298.44,155.56],[298.4,155.59],[298.39,155.59],[298.38,155.6],[298.37,155.6],[298.36,155.6],[298.35,155.59],[298.35,155.59]]]}},{"type":"Feature","id":"59010-82","properties":{"ridingCode":"59010","pollNumber":"82","pollType":"N","advancePollNumber":"621","sourceCode":"82-0","geometryPollNumbers":["82"],"code":"59010-82","resultPollNumbers":["82"],"resultStatus":"exact","result":{"electors":309,"voters":103,"totalVotes":103,"rejected":0,"turnout":33.33333333333333,"winnerId":"jeff-kibble","winnerPartyId":"CPC","runnerUpId":"alistair-macgregor","runnerUpPartyId":"NDP","margin":0.9708737864077669,"top":[{"id":"jeff-kibble","name":"Jeff Kibble","shortName":"Kibble","partyId":"CPC","votes":44,"share":42.71844660194174},{"id":"alistair-macgregor","name":"Alistair MacGregor","shortName":"MacGregor","partyId":"NDP","votes":43,"share":41.74757281553398},{"id":"blair-herbert","name":"Blair Herbert","shortName":"Herbert","partyId":"LIB","votes":16,"share":15.53398058252427},{"id":"kathleen-code","name":"Kathleen Code","shortName":"Code","partyId":"GRN","votes":0,"share":0}],"partyVotes":{"LIB":16,"CPC":44,"BQ":0,"NDP":43,"GRN":0,"PPC":0,"OTH":0}}},"geometry":{"type":"Polygon","coordinates":[[[298.32,155.54],[298.32,155.52],[298.31,155.5],[298.3,155.51],[298.26,155.47],[298.32,155.41],[298.37,155.52],[298.38,155.51],[298.38,155.51],[298.37,155.55],[298.36,155.55],[298.36,155.55],[298.35,155.59],[298.35,155.59],[298.32,155.54]]]}},{"type":"Feature","id":"59010-83","properties":{"ridingCode":"59010","pollNumber":"83","pollType":"N","advancePollNumber":"615","sourceCode":"83-0","geometryPollNumbers":["83"],"code":"59010-83","resultPollNumbers":["83"],"resultStatus":"exact","result":{"electors":478,"voters":147,"totalVotes":147,"rejected":0,"turnout":30.753138075313807,"winnerId":"alistair-macgregor","winnerPartyId":"NDP","runnerUpId":"jeff-kibble","runnerUpPartyId":"CPC","margin":92.51700680272108,"top":[{"id":"alistair-macgregor","name":"Alistair MacGregor","shortName":"MacGregor","partyId":"NDP","votes":140,"share":95.23809523809523},{"id":"jeff-kibble","name":"Jeff Kibble","shortName":"Kibble","partyId":"CPC","votes":4,"share":2.7210884353741496},{"id":"blair-herbert","name":"Blair Herbert","shortName":"Herbert","partyId":"LIB","votes":3,"share":2.0408163265306123},{"id":"kathleen-code","name":"Kathleen Code","shortName":"Code","partyId":"GRN","votes":0,"share":0}],"partyVotes":{"LIB":3,"CPC":4,"BQ":0,"NDP":140,"GRN":0,"PPC":0,"OTH":0}}},"geometry":{"type":"Polygon","coordinates":[[[298.45,155.56],[298.43,155.53],[298.52,155.49],[298.5,155.45],[298.54,155.44],[298.57,155.51],[298.53,155.52],[298.45,155.56]]]}},{"type":"Feature","id":"59010-84","properties":{"ridingCode":"59010","pollNumber":"84","pollType":"N","advancePollNumber":"621","sourceCode":"84-0","geometryPollNumbers":["84"],"code":"59010-84","resultPollNumbers":["84"],"resultStatus":"exact","result":{"electors":341,"voters":134,"totalVotes":132,"rejected":2,"turnout":39.29618768328446,"winnerId":"jeff-kibble","winnerPartyId":"CPC","runnerUpId":"alistair-macgregor","runnerUpPartyId":"NDP","margin":4.545454545454546,"top":[{"id":"jeff-kibble","name":"Jeff Kibble","shortName":"Kibble","partyId":"CPC","votes":56,"share":42.42424242424242},{"id":"alistair-macgregor","name":"Alistair MacGregor","shortName":"MacGregor","partyId":"NDP","votes":50,"share":37.878787878787875},{"id":"blair-herbert","name":"Blair Herbert","shortName":"Herbert","partyId":"LIB","votes":21,"share":15.909090909090908},{"id":"kathleen-code","name":"Kathleen Code","shortName":"Code","partyId":"GRN","votes":5,"share":3.787878787878788}],"partyVotes":{"LIB":21,"CPC":56,"BQ":0,"NDP":50,"GRN":5,"PPC":0,"OTH":0}}},"geometry":{"type":"Polygon","coordinates":[[[298.38,155.51],[298.37,155.52],[298.32,155.41],[298.31,155.41],[298.31,155.39],[298.36,155.39],[298.36,155.39],[298.39,155.45],[298.4,155.46],[298.42,155.45],[298.43,155.46],[298.42,155.46],[298.42,155.48],[298.41,155.5],[298.43,155.52],[298.42,155.52],[298.42,155.53],[298.41,155.53],[298.4,155.54],[298.39,155.54],[298.38,155.53],[298.39,155.51],[298.38,155.51],[298.38,155.51]]]}},{"type":"Feature","id":"59010-85","properties":{"ridingCode":"59010","pollNumber":"85","pollType":"N","advancePollNumber":"615","sourceCode":"85-0","geometryPollNumbers":["85"],"code":"59010-85","resultPollNumbers":["85"],"resultStatus":"exact","result":{"electors":314,"voters":106,"totalVotes":103,"rejected":3,"turnout":33.75796178343949,"winnerId":"alistair-macgregor","winnerPartyId":"NDP","runnerUpId":"jeff-kibble","runnerUpPartyId":"CPC","margin":65.0485436893204,"top":[{"id":"alistair-macgregor","name":"Alistair MacGregor","shortName":"MacGregor","partyId":"NDP","votes":81,"share":78.64077669902912},{"id":"jeff-kibble","name":"Jeff Kibble","shortName":"Kibble","partyId":"CPC","votes":14,"share":13.592233009708737},{"id":"blair-herbert","name":"Blair Herbert","shortName":"Herbert","partyId":"LIB","votes":5,"share":4.854368932038835},{"id":"kathleen-code","name":"Kathleen Code","shortName":"Code","partyId":"GRN","votes":3,"share":2.912621359223301}],"partyVotes":{"LIB":5,"CPC":14,"BQ":0,"NDP":81,"GRN":3,"PPC":0,"OTH":0}}},"geometry":{"type":"Polygon","coordinates":[[[298.36,155.39],[298.41,155.37],[298.42,155.38],[298.48,155.36],[298.5,155.35],[298.47,155.27],[298.47,155.26],[298.5,155.24],[298.55,155.35],[298.62,155.31],[298.64,155.31],[298.66,155.34],[298.66,155.34],[298.66,155.34],[298.67,155.34],[298.67,155.34],[298.67,155.35],[298.68,155.36],[298.68,155.36],[298.68,155.36],[298.69,155.35],[298.7,155.36],[298.71,155.35],[298.71,155.37],[298.71,155.37],[298.71,155.38],[298.72,155.39],[298.72,155.39],[298.72,155.4],[298.72,155.41],[298.72,155.41],[298.71,155.42],[298.71,155.42],[298.71,155.43],[298.72,155.43],[298.72,155.44],[298.7,155.46],[298.7,155.46],[298.69,155.47],[298.68,155.49],[298.66,155.51],[298.67,155.52],[298.66,155.53],[298.65,155.55],[298.63,155.56],[298.6,155.56],[298.58,155.56],[298.56,155.55],[298.55,155.55],[298.53,155.52],[298.57,155.51],[298.54,155.44],[298.59,155.42],[298.57,155.38],[298.42,155.45],[298.4,155.46],[298.39,155.45],[298.36,155.39]]]}},{"type":"Feature","id":"59010-86","properties":{"ridingCode":"59010","pollNumber":"86","pollType":"N","advancePollNumber":"618","sourceCode":"86-0","geometryPollNumbers":["86"],"code":"59010-86","resultPollNumbers":["86"],"resultStatus":"exact","result":{"electors":392,"voters":138,"totalVotes":138,"rejected":0,"turnout":35.204081632653065,"winnerId":"alistair-macgregor","winnerPartyId":"NDP","runnerUpId":"jeff-kibble","runnerUpPartyId":"CPC","margin":5.072463768115942,"top":[{"id":"alistair-macgregor","name":"Alistair MacGregor","shortName":"MacGregor","partyId":"NDP","votes":56,"share":40.57971014492754},{"id":"jeff-kibble","name":"Jeff Kibble","shortName":"Kibble","partyId":"CPC","votes":49,"share":35.507246376811594},{"id":"blair-herbert","name":"Blair Herbert","shortName":"Herbert","partyId":"LIB","votes":29,"share":21.014492753623188},{"id":"kathleen-code","name":"Kathleen Code","shortName":"Code","partyId":"GRN","votes":4,"share":2.898550724637681}],"partyVotes":{"LIB":29,"CPC":49,"BQ":0,"NDP":56,"GRN":4,"PPC":0,"OTH":0}}},"geometry":{"type":"Polygon","coordinates":[[[299.1,155.65],[299.12,155.65],[299.14,155.66],[299.16,155.68],[299.15,155.7],[299.16,155.7],[299.17,155.68],[299.17,155.67],[299.17,155.66],[299.17,155.66],[299.18,155.66],[299.19,155.68],[299.18,155.68],[299.19,155.69],[299.19,155.69],[299.19,155.69],[299.19,155.7],[299.19,155.71],[299.19,155.73],[299.2,155.76],[299.18,155.77],[299.16,155.81],[299.15,155.8],[299.14,155.8],[299.14,155.81],[299.13,155.82],[299.11,155.84],[299.1,155.85],[299.11,155.87],[299.09,155.88],[299.07,155.92],[299.07,155.92],[299.03,155.93],[298.99,155.83],[299.08,155.78],[299.1,155.77],[299.11,155.76],[299.1,155.74],[299.09,155.74],[299.09,155.72],[299.1,155.72],[299.11,155.71],[299.13,155.71],[299.13,155.71],[299.12,155.67],[299.11,155.67],[299.1,155.65]]]}},{"type":"Feature","id":"59010-87","properties":{"ridingCode":"59010","pollNumber":"87","pollType":"N","advancePollNumber":"618","sourceCode":"87-0","geometryPollNumbers":["87"],"code":"59010-87","resultPollNumbers":["87"],"resultStatus":"exact","result":{"electors":323,"voters":170,"totalVotes":170,"rejected":0,"turnout":52.63157894736842,"winnerId":"jeff-kibble","winnerPartyId":"CPC","runnerUpId":"alistair-macgregor","runnerUpPartyId":"NDP","margin":8.235294117647058,"top":[{"id":"jeff-kibble","name":"Jeff Kibble","shortName":"Kibble","partyId":"CPC","votes":72,"share":42.35294117647059},{"id":"alistair-macgregor","name":"Alistair MacGregor","shortName":"MacGregor","partyId":"NDP","votes":58,"share":34.11764705882353},{"id":"blair-herbert","name":"Blair Herbert","shortName":"Herbert","partyId":"LIB","votes":38,"share":22.35294117647059},{"id":"kathleen-code","name":"Kathleen Code","shortName":"Code","partyId":"GRN","votes":2,"share":1.1764705882352942}],"partyVotes":{"LIB":38,"CPC":72,"BQ":0,"NDP":58,"GRN":2,"PPC":0,"OTH":0}}},"geometry":{"type":"Polygon","coordinates":[[[298.96,155.77],[298.98,155.69],[298.98,155.69],[298.97,155.68],[298.98,155.67],[298.95,155.67],[298.93,155.68],[298.92,155.67],[298.93,155.66],[298.95,155.64],[298.96,155.65],[298.98,155.64],[298.99,155.64],[299,155.65],[299.01,155.66],[299,155.68],[299,155.71],[299.07,155.72],[299.07,155.73],[299.09,155.74],[299.1,155.74],[299.11,155.76],[299.1,155.77],[299.08,155.78],[298.99,155.83],[298.97,155.77],[298.96,155.77]]]}},{"type":"Feature","id":"59010-88","properties":{"ridingCode":"59010","pollNumber":"88","pollType":"N","advancePollNumber":"618","sourceCode":"88-0","geometryPollNumbers":["88"],"code":"59010-88","resultPollNumbers":["88"],"resultStatus":"exact","result":{"electors":443,"voters":196,"totalVotes":196,"rejected":0,"turnout":44.24379232505643,"winnerId":"jeff-kibble","winnerPartyId":"CPC","runnerUpId":"blair-herbert","runnerUpPartyId":"LIB","margin":16.3265306122449,"top":[{"id":"jeff-kibble","name":"Jeff Kibble","shortName":"Kibble","partyId":"CPC","votes":86,"share":43.87755102040816},{"id":"blair-herbert","name":"Blair Herbert","shortName":"Herbert","partyId":"LIB","votes":54,"share":27.55102040816326},{"id":"alistair-macgregor","name":"Alistair MacGregor","shortName":"MacGregor","partyId":"NDP","votes":54,"share":27.55102040816326},{"id":"kathleen-code","name":"Kathleen Code","shortName":"Code","partyId":"GRN","votes":2,"share":1.0204081632653061}],"partyVotes":{"LIB":54,"CPC":86,"BQ":0,"NDP":54,"GRN":2,"PPC":0,"OTH":0}}},"geometry":{"type":"Polygon","coordinates":[[[298.81,155.66],[298.82,155.67],[298.83,155.68],[298.88,155.68],[298.91,155.69],[298.92,155.67],[298.93,155.68],[298.95,155.67],[298.98,155.67],[298.97,155.68],[298.98,155.69],[298.98,155.69],[298.96,155.77],[298.92,155.75],[298.85,155.74],[298.8,155.72],[298.81,155.66]]]}},{"type":"Feature","id":"59010-89","properties":{"ridingCode":"59010","pollNumber":"89","pollType":"N","advancePollNumber":"618","sourceCode":"89-0","geometryPollNumbers":["89"],"code":"59010-89","resultPollNumbers":["89"],"resultStatus":"exact","result":{"electors":417,"voters":163,"totalVotes":163,"rejected":0,"turnout":39.08872901678657,"winnerId":"alistair-macgregor","winnerPartyId":"NDP","runnerUpId":"jeff-kibble","runnerUpPartyId":"CPC","margin":2.4539877300613497,"top":[{"id":"alistair-macgregor","name":"Alistair MacGregor","shortName":"MacGregor","partyId":"NDP","votes":61,"share":37.423312883435585},{"id":"jeff-kibble","name":"Jeff Kibble","shortName":"Kibble","partyId":"CPC","votes":57,"share":34.96932515337423},{"id":"blair-herbert","name":"Blair Herbert","shortName":"Herbert","partyId":"LIB","votes":39,"share":23.92638036809816},{"id":"kathleen-code","name":"Kathleen Code","shortName":"Code","partyId":"GRN","votes":6,"share":3.6809815950920246}],"partyVotes":{"LIB":39,"CPC":57,"BQ":0,"NDP":61,"GRN":6,"PPC":0,"OTH":0}}},"geometry":{"type":"Polygon","coordinates":[[[299.03,155.68],[299.04,155.68],[299.05,155.68],[299.08,155.68],[299.1,155.68],[299.11,155.67],[299.12,155.67],[299.13,155.71],[299.13,155.71],[299.11,155.71],[299.1,155.72],[299.09,155.72],[299.09,155.74],[299.07,155.73],[299.07,155.72],[299,155.71],[299,155.68],[299.02,155.68],[299.03,155.68]]]}},{"type":"Feature","id":"59010-90","properties":{"ridingCode":"59010","pollNumber":"90","pollType":"N","advancePollNumber":"618","sourceCode":"90-0","geometryPollNumbers":["90"],"code":"59010-90","resultPollNumbers":["90"],"resultStatus":"exact","result":{"electors":412,"voters":191,"totalVotes":191,"rejected":0,"turnout":46.359223300970875,"winnerId":"jeff-kibble","winnerPartyId":"CPC","runnerUpId":"alistair-macgregor","runnerUpPartyId":"NDP","margin":4.712041884816754,"top":[{"id":"jeff-kibble","name":"Jeff Kibble","shortName":"Kibble","partyId":"CPC","votes":77,"share":40.31413612565445},{"id":"alistair-macgregor","name":"Alistair MacGregor","shortName":"MacGregor","partyId":"NDP","votes":68,"share":35.602094240837694},{"id":"blair-herbert","name":"Blair Herbert","shortName":"Herbert","partyId":"LIB","votes":46,"share":24.083769633507853},{"id":"kathleen-code","name":"Kathleen Code","shortName":"Code","partyId":"GRN","votes":0,"share":0}],"partyVotes":{"LIB":46,"CPC":77,"BQ":0,"NDP":68,"GRN":0,"PPC":0,"OTH":0}}},"geometry":{"type":"Polygon","coordinates":[[[298.9,155.63],[298.91,155.63],[298.93,155.64],[298.93,155.64],[298.96,155.63],[298.97,155.64],[298.95,155.64],[298.93,155.66],[298.92,155.67],[298.91,155.69],[298.88,155.68],[298.83,155.68],[298.82,155.67],[298.81,155.66],[298.82,155.66],[298.82,155.66],[298.83,155.66],[298.82,155.64],[298.83,155.63],[298.9,155.63]]]}},{"type":"Feature","id":"59010-91","properties":{"ridingCode":"59010","pollNumber":"91","pollType":"N","advancePollNumber":"618","sourceCode":"91-0","geometryPollNumbers":["91"],"code":"59010-91","resultPollNumbers":["91"],"resultStatus":"exact","result":{"electors":470,"voters":213,"totalVotes":213,"rejected":0,"turnout":45.31914893617021,"winnerId":"jeff-kibble","winnerPartyId":"CPC","runnerUpId":"alistair-macgregor","runnerUpPartyId":"NDP","margin":9.859154929577464,"top":[{"id":"jeff-kibble","name":"Jeff Kibble","shortName":"Kibble","partyId":"CPC","votes":87,"share":40.845070422535215},{"id":"alistair-macgregor","name":"Alistair MacGregor","shortName":"MacGregor","partyId":"NDP","votes":66,"share":30.985915492957744},{"id":"blair-herbert","name":"Blair Herbert","shortName":"Herbert","partyId":"LIB","votes":55,"share":25.821596244131456},{"id":"kathleen-code","name":"Kathleen Code","shortName":"Code","partyId":"GRN","votes":5,"share":2.3474178403755865}],"partyVotes":{"LIB":55,"CPC":87,"BQ":0,"NDP":66,"GRN":5,"PPC":0,"OTH":0}}},"geometry":{"type":"Polygon","coordinates":[[[299.02,155.68],[299,155.68],[299.01,155.66],[299.02,155.66],[299.04,155.66],[299.06,155.65],[299.05,155.62],[299.05,155.6],[299.09,155.61],[299.09,155.63],[299.11,155.64],[299.1,155.65],[299.11,155.67],[299.1,155.68],[299.08,155.68],[299.05,155.68],[299.04,155.68],[299.03,155.68],[299.02,155.68]]]}},{"type":"Feature","id":"59010-92","properties":{"ridingCode":"59010","pollNumber":"92","pollType":"N","advancePollNumber":"618","sourceCode":"92-0","geometryPollNumbers":["92"],"code":"59010-92","resultPollNumbers":["92"],"resultStatus":"exact","result":{"electors":372,"voters":152,"totalVotes":150,"rejected":2,"turnout":40.86021505376344,"winnerId":"alistair-macgregor","winnerPartyId":"NDP","runnerUpId":"jeff-kibble","runnerUpPartyId":"CPC","margin":14.000000000000002,"top":[{"id":"alistair-macgregor","name":"Alistair MacGregor","shortName":"MacGregor","partyId":"NDP","votes":73,"share":48.66666666666667},{"id":"jeff-kibble","name":"Jeff Kibble","shortName":"Kibble","partyId":"CPC","votes":52,"share":34.66666666666667},{"id":"blair-herbert","name":"Blair Herbert","shortName":"Herbert","partyId":"LIB","votes":21,"share":14.000000000000002},{"id":"kathleen-code","name":"Kathleen Code","shortName":"Code","partyId":"GRN","votes":4,"share":2.666666666666667}],"partyVotes":{"LIB":21,"CPC":52,"BQ":0,"NDP":73,"GRN":4,"PPC":0,"OTH":0}}},"geometry":{"type":"Polygon","coordinates":[[[298.93,155.64],[298.94,155.63],[298.93,155.63],[298.93,155.62],[298.95,155.62],[298.97,155.62],[298.98,155.62],[299,155.62],[299,155.63],[299.02,155.62],[299.04,155.6],[299.05,155.6],[299.05,155.62],[299.06,155.65],[299.04,155.66],[299.02,155.66],[299.01,155.66],[299,155.65],[298.99,155.64],[298.98,155.64],[298.96,155.65],[298.95,155.64],[298.97,155.64],[298.96,155.63],[298.93,155.64],[298.93,155.64]]]}},{"type":"Feature","id":"59010-93","properties":{"ridingCode":"59010","pollNumber":"93","pollType":"N","advancePollNumber":"618","sourceCode":"93-0","geometryPollNumbers":["93"],"code":"59010-93","resultPollNumbers":["93"],"resultStatus":"exact","result":{"electors":523,"voters":220,"totalVotes":220,"rejected":0,"turnout":42.06500956022944,"winnerId":"jeff-kibble","winnerPartyId":"CPC","runnerUpId":"alistair-macgregor","runnerUpPartyId":"NDP","margin":8.636363636363637,"top":[{"id":"jeff-kibble","name":"Jeff Kibble","shortName":"Kibble","partyId":"CPC","votes":91,"share":41.36363636363637},{"id":"alistair-macgregor","name":"Alistair MacGregor","shortName":"MacGregor","partyId":"NDP","votes":72,"share":32.72727272727273},{"id":"blair-herbert","name":"Blair Herbert","shortName":"Herbert","partyId":"LIB","votes":54,"share":24.545454545454547},{"id":"kathleen-code","name":"Kathleen Code","shortName":"Code","partyId":"GRN","votes":3,"share":1.3636363636363635}],"partyVotes":{"LIB":54,"CPC":91,"BQ":0,"NDP":72,"GRN":3,"PPC":0,"OTH":0}}},"geometry":{"type":"Polygon","coordinates":[[[298.93,155.63],[298.94,155.63],[298.93,155.64],[298.91,155.63],[298.9,155.63],[298.88,155.6],[299.04,155.52],[299.09,155.61],[299.05,155.6],[299.04,155.6],[299.02,155.62],[299,155.63],[299,155.62],[298.98,155.62],[298.97,155.62],[298.95,155.62],[298.93,155.62],[298.93,155.63]]]}},{"type":"Feature","id":"59010-94","properties":{"ridingCode":"59010","pollNumber":"94","pollType":"N","advancePollNumber":"619","sourceCode":"94-0","geometryPollNumbers":["94"],"code":"59010-94","resultPollNumbers":["94"],"resultStatus":"exact","result":{"electors":410,"voters":146,"totalVotes":146,"rejected":0,"turnout":35.609756097560975,"winnerId":"alistair-macgregor","winnerPartyId":"NDP","runnerUpId":"blair-herbert","runnerUpPartyId":"LIB","margin":2.73972602739726,"top":[{"id":"alistair-macgregor","name":"Alistair MacGregor","shortName":"MacGregor","partyId":"NDP","votes":51,"share":34.93150684931507},{"id":"blair-herbert","name":"Blair Herbert","shortName":"Herbert","partyId":"LIB","votes":47,"share":32.19178082191781},{"id":"jeff-kibble","name":"Jeff Kibble","shortName":"Kibble","partyId":"CPC","votes":44,"share":30.136986301369863},{"id":"kathleen-code","name":"Kathleen Code","shortName":"Code","partyId":"GRN","votes":4,"share":2.73972602739726}],"partyVotes":{"LIB":47,"CPC":44,"BQ":0,"NDP":51,"GRN":4,"PPC":0,"OTH":0}}},"geometry":{"type":"Polygon","coordinates":[[[299.04,155.25],[299.13,155.21],[299.16,155.28],[299.27,155.22],[299.3,155.23],[299.33,155.24],[299.37,155.24],[299.4,155.25],[299.4,155.29],[299.4,155.36],[299.42,155.38],[299.44,155.41],[299.45,155.45],[299.37,155.55],[299.32,155.64],[299.26,155.63],[299.24,155.61],[299.22,155.6],[299.21,155.63],[299.24,155.73],[299.27,155.73],[299.29,155.75],[299.32,155.75],[299.34,155.71],[299.4,155.71],[299.43,155.75],[299.44,155.77],[299.39,155.79],[299.38,155.78],[299.36,155.78],[299.35,155.78],[299.33,155.79],[299.33,155.79],[299.32,155.79],[299.3,155.78],[299.28,155.79],[299.27,155.78],[299.26,155.78],[299.26,155.77],[299.26,155.76],[299.25,155.76],[299.22,155.77],[299.22,155.76],[299.2,155.76],[299.19,155.73],[299.19,155.71],[299.19,155.7],[299.19,155.69],[299.19,155.69],[299.19,155.69],[299.19,155.66],[299.18,155.64],[299.17,155.6],[299.17,155.59],[299.18,155.57],[299.16,155.54],[299.16,155.53],[299.15,155.52],[299.15,155.49],[299.15,155.48],[299.14,155.46],[299.13,155.45],[299.14,155.44],[299.14,155.41],[299.14,155.39],[299.15,155.37],[299.17,155.36],[299.17,155.35],[299.17,155.34],[299.16,155.33],[299.15,155.33],[299.13,155.33],[299.11,155.33],[299.11,155.33],[299.08,155.33],[299.07,155.33],[299.06,155.32],[299.04,155.25],[299.04,155.25]]]}},{"type":"Feature","id":"59010-95","properties":{"ridingCode":"59010","pollNumber":"95","pollType":"N","advancePollNumber":"619","sourceCode":"95-0","geometryPollNumbers":["95"],"code":"59010-95","resultPollNumbers":["95"],"resultStatus":"exact","result":{"electors":285,"voters":95,"totalVotes":95,"rejected":0,"turnout":33.33333333333333,"winnerId":"jeff-kibble","winnerPartyId":"CPC","runnerUpId":"alistair-macgregor","runnerUpPartyId":"NDP","margin":7.368421052631578,"top":[{"id":"jeff-kibble","name":"Jeff Kibble","shortName":"Kibble","partyId":"CPC","votes":39,"share":41.05263157894737},{"id":"alistair-macgregor","name":"Alistair MacGregor","shortName":"MacGregor","partyId":"NDP","votes":32,"share":33.68421052631579},{"id":"blair-herbert","name":"Blair Herbert","shortName":"Herbert","partyId":"LIB","votes":23,"share":24.210526315789473},{"id":"kathleen-code","name":"Kathleen Code","shortName":"Code","partyId":"GRN","votes":1,"share":1.0526315789473684}],"partyVotes":{"LIB":23,"CPC":39,"BQ":0,"NDP":32,"GRN":1,"PPC":0,"OTH":0}}},"geometry":{"type":"MultiPolygon","coordinates":[[[[298.74,155.33],[298.75,155.32],[298.74,155.31],[298.84,155.27],[298.94,155.17],[298.95,155.2],[298.99,155.28],[298.95,155.29],[298.97,155.33],[298.88,155.36],[298.87,155.33],[298.85,155.34],[298.78,155.37],[298.78,155.37],[298.77,155.36],[298.76,155.34],[298.75,155.34],[298.75,155.34],[298.74,155.33],[298.74,155.33]]],[[[299.17,155.66],[299.17,155.66],[299.17,155.67],[299.17,155.68],[299.16,155.7],[299.15,155.7],[299.16,155.68],[299.14,155.66],[299.12,155.65],[299.1,155.65],[299.11,155.64],[299.09,155.63],[299.09,155.61],[299.04,155.52],[298.98,155.37],[299.06,155.32],[299.07,155.33],[299.08,155.33],[299.11,155.33],[299.11,155.33],[299.13,155.33],[299.15,155.33],[299.16,155.33],[299.17,155.34],[299.17,155.35],[299.17,155.36],[299.15,155.37],[299.14,155.39],[299.14,155.41],[299.14,155.44],[299.13,155.45],[299.14,155.46],[299.15,155.48],[299.15,155.49],[299.15,155.52],[299.16,155.53],[299.16,155.54],[299.18,155.57],[299.17,155.59],[299.17,155.6],[299.18,155.64],[299.19,155.66],[299.19,155.69],[299.18,155.68],[299.19,155.68],[299.18,155.66],[299.17,155.66]]],[[[299.03,155.21],[299.02,155.22],[298.99,155.15],[299.01,155.14],[299.02,155.14],[299.04,155.15],[299.04,155.17],[299.04,155.19],[299.05,155.21],[299.03,155.21]]]]}},{"type":"Feature","id":"59010-96","properties":{"ridingCode":"59010","pollNumber":"96","pollType":"N","advancePollNumber":"601","sourceCode":"96-0","geometryPollNumbers":["96"],"code":"59010-96","resultPollNumbers":["96"],"resultStatus":"exact","result":{"electors":358,"voters":135,"totalVotes":135,"rejected":0,"turnout":37.709497206703915,"winnerId":"jeff-kibble","winnerPartyId":"CPC","runnerUpId":"blair-herbert","runnerUpPartyId":"LIB","margin":21.48148148148148,"top":[{"id":"jeff-kibble","name":"Jeff Kibble","shortName":"Kibble","partyId":"CPC","votes":66,"share":48.888888888888886},{"id":"blair-herbert","name":"Blair Herbert","shortName":"Herbert","partyId":"LIB","votes":37,"share":27.40740740740741},{"id":"alistair-macgregor","name":"Alistair MacGregor","shortName":"MacGregor","partyId":"NDP","votes":31,"share":22.962962962962962},{"id":"kathleen-code","name":"Kathleen Code","shortName":"Code","partyId":"GRN","votes":1,"share":0.7407407407407408}],"partyVotes":{"LIB":37,"CPC":66,"BQ":0,"NDP":31,"GRN":1,"PPC":0,"OTH":0}}},"geometry":{"type":"Polygon","coordinates":[[[295.89,157.43],[296.11,157.31],[296.12,157.33],[296.13,157.31],[296.16,157.3],[296.18,157.3],[296.19,157.29],[296.21,157.29],[296.23,157.27],[296.24,157.25],[296.25,157.25],[296.27,157.22],[296.29,157.2],[296.3,157.2],[296.31,157.19],[296.32,157.19],[296.35,157.25],[296.28,157.34],[296.26,157.36],[296.21,157.54],[296.21,157.54],[296.2,157.5],[296.18,157.51],[296.18,157.52],[296.19,157.53],[296.2,157.55],[296.2,157.56],[296.2,157.57],[296.19,157.58],[296.18,157.59],[296.18,157.6],[296.17,157.6],[296.16,157.61],[296.16,157.63],[296.15,157.63],[296.13,157.64],[296.12,157.66],[296.11,157.68],[296.09,157.68],[296.08,157.7],[296.08,157.7],[296.08,157.71],[296.05,157.72],[296.04,157.73],[296.03,157.74],[296.03,157.75],[296.02,157.74],[296.01,157.73],[295.98,157.73],[295.97,157.74],[295.93,157.77],[295.84,157.83],[295.79,157.86],[295.73,157.87],[295.67,157.88],[295.71,157.61],[295.71,157.54],[295.71,157.53],[295.7,157.52],[295.72,157.51],[295.71,157.5],[295.76,157.49],[295.78,157.48],[295.84,157.46],[295.89,157.43]]]}},{"type":"Feature","id":"59010-97","properties":{"ridingCode":"59010","pollNumber":"97","pollType":"N","advancePollNumber":"601","sourceCode":"97-0","geometryPollNumbers":["97"],"code":"59010-97","resultPollNumbers":["97"],"resultStatus":"exact","result":{"electors":402,"voters":138,"totalVotes":138,"rejected":0,"turnout":34.32835820895522,"winnerId":"jeff-kibble","winnerPartyId":"CPC","runnerUpId":"alistair-macgregor","runnerUpPartyId":"NDP","margin":27.536231884057973,"top":[{"id":"jeff-kibble","name":"Jeff Kibble","shortName":"Kibble","partyId":"CPC","votes":72,"share":52.17391304347826},{"id":"alistair-macgregor","name":"Alistair MacGregor","shortName":"MacGregor","partyId":"NDP","votes":34,"share":24.637681159420293},{"id":"blair-herbert","name":"Blair Herbert","shortName":"Herbert","partyId":"LIB","votes":29,"share":21.014492753623188},{"id":"kathleen-code","name":"Kathleen Code","shortName":"Code","partyId":"GRN","votes":3,"share":2.1739130434782608}],"partyVotes":{"LIB":29,"CPC":72,"BQ":0,"NDP":34,"GRN":3,"PPC":0,"OTH":0}}},"geometry":{"type":"Polygon","coordinates":[[[296.02,157.76],[296.03,157.75],[296.03,157.75],[296.03,157.74],[296.04,157.73],[296.05,157.72],[296.08,157.71],[296.08,157.7],[296.08,157.7],[296.09,157.68],[296.11,157.68],[296.12,157.66],[296.13,157.64],[296.15,157.63],[296.16,157.63],[296.16,157.61],[296.17,157.6],[296.18,157.6],[296.18,157.59],[296.19,157.58],[296.2,157.57],[296.2,157.56],[296.2,157.55],[296.19,157.53],[296.18,157.52],[296.18,157.51],[296.2,157.5],[296.21,157.54],[296.21,157.54],[296.26,157.36],[296.28,157.34],[296.35,157.25],[296.36,157.27],[296.4,157.25],[296.38,157.21],[296.4,157.2],[296.41,157.2],[296.42,157.2],[296.43,157.21],[296.45,157.2],[296.46,157.2],[296.49,157.19],[296.5,157.21],[296.51,157.21],[296.54,157.2],[296.58,157.18],[296.63,157.16],[296.65,157.14],[296.73,157.06],[296.84,156.91],[296.89,156.82],[296.92,156.79],[296.97,156.71],[296.98,156.68],[296.98,156.68],[296.99,156.68],[297.01,156.64],[297.02,156.63],[297.04,156.61],[297.08,156.59],[297.09,156.58],[297.1,156.57],[297.1,156.56],[297.14,156.53],[297.18,156.52],[297.2,156.49],[297.23,156.46],[297.24,156.45],[297.26,156.44],[297.27,156.43],[297.28,156.41],[297.28,156.4],[297.31,156.36],[297.33,156.35],[297.35,156.4],[297.42,156.54],[297.64,157.02],[297.73,156.98],[297.83,156.94],[297.95,157.27],[297.97,157.28],[298.01,157.33],[298.11,157.42],[297.98,157.47],[297.97,157.44],[297.86,157.49],[297.88,157.52],[297.84,157.54],[297.86,157.57],[297.59,157.69],[297.59,157.71],[297.56,157.73],[297.55,157.73],[297.43,157.79],[297.47,157.89],[297.43,157.91],[297.46,157.97],[297.17,158.1],[297.23,158.2],[297.15,158.23],[297.14,158.2],[297.11,158.21],[297.11,158.24],[297.06,158.25],[297.07,158.26],[297.06,158.26],[297.06,158.28],[297.05,158.29],[297.06,158.3],[297.05,158.3],[297.05,158.32],[297.03,158.32],[297.04,158.34],[297.03,158.34],[297.03,158.35],[296.97,158.38],[296.98,158.39],[296.97,158.39],[296.98,158.4],[296.97,158.41],[296.97,158.42],[296.97,158.42],[296.99,158.46],[296.97,158.46],[297,158.51],[296.99,158.52],[297,158.54],[296.96,158.56],[296.96,158.56],[296.92,158.48],[296.88,158.49],[296.89,158.5],[296.85,158.51],[296.86,158.52],[296.85,158.53],[296.86,158.55],[296.82,158.56],[296.81,158.55],[296.8,158.55],[296.8,158.53],[296.77,158.54],[296.76,158.51],[296.77,158.5],[296.75,158.48],[296.71,158.49],[296.7,158.48],[296.62,158.51],[296.62,158.5],[296.55,158.53],[296.54,158.51],[296.48,158.53],[296.48,158.54],[296.46,158.55],[296.45,158.5],[296.39,158.53],[296.38,158.5],[296.34,158.52],[296.34,158.52],[296.31,158.54],[296.33,158.6],[296.32,158.61],[296.28,158.5],[296.27,158.49],[296.26,158.48],[296.24,158.41],[296.11,158.09],[296,157.88],[295.97,157.83],[296.03,157.78],[296.02,157.76]]]}},{"type":"Feature","id":"59010-98","properties":{"ridingCode":"59010","pollNumber":"98","pollType":"N","advancePollNumber":"604","sourceCode":"98-0","geometryPollNumbers":["98"],"code":"59010-98","resultPollNumbers":["98"],"resultStatus":"exact","result":{"electors":313,"voters":131,"totalVotes":130,"rejected":1,"turnout":41.853035143769965,"winnerId":"jeff-kibble","winnerPartyId":"CPC","runnerUpId":"alistair-macgregor","runnerUpPartyId":"NDP","margin":0.7692307692307693,"top":[{"id":"jeff-kibble","name":"Jeff Kibble","shortName":"Kibble","partyId":"CPC","votes":44,"share":33.84615384615385},{"id":"alistair-macgregor","name":"Alistair MacGregor","shortName":"MacGregor","partyId":"NDP","votes":43,"share":33.07692307692307},{"id":"blair-herbert","name":"Blair Herbert","shortName":"Herbert","partyId":"LIB","votes":39,"share":30},{"id":"kathleen-code","name":"Kathleen Code","shortName":"Code","partyId":"GRN","votes":4,"share":3.076923076923077}],"partyVotes":{"LIB":39,"CPC":44,"BQ":0,"NDP":43,"GRN":4,"PPC":0,"OTH":0}}},"geometry":{"type":"MultiPolygon","coordinates":[[[[296.38,157.2],[296.37,157.18],[296.36,157.17],[296.38,157.16],[296.39,157.16],[296.4,157.16],[296.42,157.16],[296.43,157.17],[296.44,157.16],[296.44,157.17],[296.45,157.17],[296.46,157.18],[296.45,157.18],[296.46,157.2],[296.46,157.2],[296.45,157.2],[296.43,157.21],[296.42,157.2],[296.41,157.2],[296.4,157.2],[296.38,157.21],[296.38,157.2]]],[[[296.35,157.25],[296.32,157.19],[296.33,157.19],[296.34,157.18],[296.36,157.17],[296.36,157.17],[296.37,157.18],[296.38,157.2],[296.38,157.21],[296.4,157.25],[296.36,157.27],[296.35,157.25]]]]}},{"type":"Feature","id":"59010-99","properties":{"ridingCode":"59010","pollNumber":"99","pollType":"N","advancePollNumber":"604","sourceCode":"99-0","geometryPollNumbers":["99"],"code":"59010-99","resultPollNumbers":["99"],"resultStatus":"exact","result":{"electors":415,"voters":137,"totalVotes":137,"rejected":0,"turnout":33.01204819277108,"winnerId":"jeff-kibble","winnerPartyId":"CPC","runnerUpId":"alistair-macgregor","runnerUpPartyId":"NDP","margin":13.86861313868613,"top":[{"id":"jeff-kibble","name":"Jeff Kibble","shortName":"Kibble","partyId":"CPC","votes":59,"share":43.06569343065693},{"id":"alistair-macgregor","name":"Alistair MacGregor","shortName":"MacGregor","partyId":"NDP","votes":40,"share":29.1970802919708},{"id":"blair-herbert","name":"Blair Herbert","shortName":"Herbert","partyId":"LIB","votes":33,"share":24.087591240875913},{"id":"kathleen-code","name":"Kathleen Code","shortName":"Code","partyId":"GRN","votes":5,"share":3.64963503649635}],"partyVotes":{"LIB":33,"CPC":59,"BQ":0,"NDP":40,"GRN":5,"PPC":0,"OTH":0}}},"geometry":{"type":"Polygon","coordinates":[[[296.22,157.09],[296.23,157.05],[296.22,157.04],[296.25,157.05],[296.29,157.06],[296.31,157.06],[296.35,157.08],[296.4,157.09],[296.41,157.09],[296.41,157.11],[296.41,157.12],[296.43,157.12],[296.43,157.11],[296.46,157.11],[296.47,157.14],[296.48,157.14],[296.47,157.15],[296.46,157.16],[296.45,157.15],[296.44,157.16],[296.43,157.17],[296.42,157.16],[296.4,157.16],[296.39,157.16],[296.38,157.16],[296.36,157.17],[296.36,157.17],[296.34,157.18],[296.33,157.19],[296.32,157.19],[296.31,157.19],[296.3,157.2],[296.29,157.2],[296.27,157.22],[296.25,157.25],[296.24,157.25],[296.23,157.27],[296.21,157.29],[296.19,157.29],[296.18,157.3],[296.16,157.3],[296.13,157.31],[296.12,157.33],[296.11,157.31],[296.06,157.24],[296.16,157.17],[296.19,157.16],[296.17,157.11],[296.22,157.09]]]}},{"type":"Feature","id":"59010-100","properties":{"ridingCode":"59010","pollNumber":"100","pollType":"N","advancePollNumber":"604","sourceCode":"100-0","geometryPollNumbers":["100"],"code":"59010-100","resultPollNumbers":["100"],"resultStatus":"exact","result":{"electors":367,"voters":92,"totalVotes":92,"rejected":0,"turnout":25.068119891008173,"winnerId":"jeff-kibble","winnerPartyId":"CPC","runnerUpId":"alistair-macgregor","runnerUpPartyId":"NDP","margin":19.565217391304348,"top":[{"id":"jeff-kibble","name":"Jeff Kibble","shortName":"Kibble","partyId":"CPC","votes":46,"share":50},{"id":"alistair-macgregor","name":"Alistair MacGregor","shortName":"MacGregor","partyId":"NDP","votes":28,"share":30.434782608695656},{"id":"blair-herbert","name":"Blair Herbert","shortName":"Herbert","partyId":"LIB","votes":18,"share":19.565217391304348},{"id":"kathleen-code","name":"Kathleen Code","shortName":"Code","partyId":"GRN","votes":0,"share":0}],"partyVotes":{"LIB":18,"CPC":46,"BQ":0,"NDP":28,"GRN":0,"PPC":0,"OTH":0}}},"geometry":{"type":"Polygon","coordinates":[[[296.44,157.16],[296.45,157.15],[296.46,157.16],[296.47,157.15],[296.48,157.14],[296.48,157.13],[296.5,157.12],[296.5,157.13],[296.51,157.14],[296.51,157.14],[296.5,157.15],[296.52,157.15],[296.53,157.17],[296.53,157.18],[296.54,157.2],[296.51,157.21],[296.5,157.21],[296.49,157.19],[296.46,157.2],[296.46,157.2],[296.45,157.18],[296.46,157.18],[296.45,157.17],[296.44,157.17],[296.44,157.16]]]}},{"type":"Feature","id":"59010-101","properties":{"ridingCode":"59010","pollNumber":"101","pollType":"N","advancePollNumber":"604","sourceCode":"101-0","geometryPollNumbers":["101"],"code":"59010-101","resultPollNumbers":["101"],"resultStatus":"exact","result":{"electors":526,"voters":179,"totalVotes":178,"rejected":1,"turnout":34.030418250950575,"winnerId":"jeff-kibble","winnerPartyId":"CPC","runnerUpId":"alistair-macgregor","runnerUpPartyId":"NDP","margin":5.056179775280898,"top":[{"id":"jeff-kibble","name":"Jeff Kibble","shortName":"Kibble","partyId":"CPC","votes":76,"share":42.69662921348314},{"id":"alistair-macgregor","name":"Alistair MacGregor","shortName":"MacGregor","partyId":"NDP","votes":67,"share":37.640449438202246},{"id":"blair-herbert","name":"Blair Herbert","shortName":"Herbert","partyId":"LIB","votes":32,"share":17.97752808988764},{"id":"kathleen-code","name":"Kathleen Code","shortName":"Code","partyId":"GRN","votes":3,"share":1.6853932584269662}],"partyVotes":{"LIB":32,"CPC":76,"BQ":0,"NDP":67,"GRN":3,"PPC":0,"OTH":0}}},"geometry":{"type":"Polygon","coordinates":[[[296.51,157.14],[296.52,157.14],[296.54,157.14],[296.54,157.13],[296.54,157.14],[296.57,157.13],[296.59,157.13],[296.6,157.13],[296.61,157.14],[296.61,157.14],[296.62,157.14],[296.63,157.16],[296.58,157.18],[296.54,157.2],[296.53,157.18],[296.53,157.17],[296.52,157.15],[296.5,157.15],[296.51,157.14],[296.51,157.14]]]}},{"type":"Feature","id":"59010-102","properties":{"ridingCode":"59010","pollNumber":"102","pollType":"N","advancePollNumber":"604","sourceCode":"102-0","geometryPollNumbers":["102"],"code":"59010-102","resultPollNumbers":["102"],"resultStatus":"exact","result":{"electors":480,"voters":152,"totalVotes":152,"rejected":0,"turnout":31.666666666666664,"winnerId":"jeff-kibble","winnerPartyId":"CPC","runnerUpId":"alistair-macgregor","runnerUpPartyId":"NDP","margin":25.657894736842106,"top":[{"id":"jeff-kibble","name":"Jeff Kibble","shortName":"Kibble","partyId":"CPC","votes":82,"share":53.94736842105263},{"id":"alistair-macgregor","name":"Alistair MacGregor","shortName":"MacGregor","partyId":"NDP","votes":43,"share":28.289473684210524},{"id":"blair-herbert","name":"Blair Herbert","shortName":"Herbert","partyId":"LIB","votes":22,"share":14.473684210526317},{"id":"kathleen-code","name":"Kathleen Code","shortName":"Code","partyId":"GRN","votes":5,"share":3.289473684210526}],"partyVotes":{"LIB":22,"CPC":82,"BQ":0,"NDP":43,"GRN":5,"PPC":0,"OTH":0}}},"geometry":{"type":"Polygon","coordinates":[[[296.41,157.1],[296.42,157.09],[296.42,157.08],[296.44,157.07],[296.44,157.08],[296.46,157.09],[296.47,157.08],[296.46,157.08],[296.48,157.07],[296.49,157.07],[296.5,157.07],[296.51,157.06],[296.52,157.09],[296.52,157.1],[296.51,157.1],[296.51,157.11],[296.49,157.11],[296.5,157.12],[296.48,157.13],[296.48,157.14],[296.47,157.14],[296.46,157.11],[296.43,157.11],[296.43,157.11],[296.41,157.1]]]}},{"type":"Feature","id":"59010-103","properties":{"ridingCode":"59010","pollNumber":"103","pollType":"N","advancePollNumber":"604","sourceCode":"103-0","geometryPollNumbers":["103"],"code":"59010-103","resultPollNumbers":["103"],"resultStatus":"exact","result":{"electors":359,"voters":114,"totalVotes":113,"rejected":1,"turnout":31.75487465181058,"winnerId":"jeff-kibble","winnerPartyId":"CPC","runnerUpId":"blair-herbert","runnerUpPartyId":"LIB","margin":27.43362831858407,"top":[{"id":"jeff-kibble","name":"Jeff Kibble","shortName":"Kibble","partyId":"CPC","votes":57,"share":50.442477876106196},{"id":"blair-herbert","name":"Blair Herbert","shortName":"Herbert","partyId":"LIB","votes":26,"share":23.008849557522122},{"id":"alistair-macgregor","name":"Alistair MacGregor","shortName":"MacGregor","partyId":"NDP","votes":26,"share":23.008849557522122},{"id":"kathleen-code","name":"Kathleen Code","shortName":"Code","partyId":"GRN","votes":4,"share":3.5398230088495577}],"partyVotes":{"LIB":26,"CPC":57,"BQ":0,"NDP":26,"GRN":4,"PPC":0,"OTH":0}}},"geometry":{"type":"Polygon","coordinates":[[[296.5,157.12],[296.49,157.11],[296.51,157.11],[296.51,157.1],[296.52,157.1],[296.52,157.09],[296.54,157.08],[296.55,157.09],[296.56,157.09],[296.56,157.08],[296.57,157.08],[296.58,157.07],[296.58,157.06],[296.59,157.06],[296.61,157.05],[296.62,157.07],[296.63,157.07],[296.64,157.08],[296.63,157.11],[296.63,157.12],[296.63,157.13],[296.62,157.13],[296.61,157.13],[296.59,157.12],[296.6,157.13],[296.59,157.13],[296.57,157.13],[296.54,157.14],[296.54,157.13],[296.54,157.14],[296.52,157.14],[296.51,157.14],[296.5,157.13],[296.5,157.12]]]}},{"type":"Feature","id":"59010-104","properties":{"ridingCode":"59010","pollNumber":"104","pollType":"N","advancePollNumber":"604","sourceCode":"104-0","geometryPollNumbers":["104"],"code":"59010-104","resultPollNumbers":["104"],"resultStatus":"exact","result":{"electors":333,"voters":96,"totalVotes":96,"rejected":0,"turnout":28.82882882882883,"winnerId":"jeff-kibble","winnerPartyId":"CPC","runnerUpId":"alistair-macgregor","runnerUpPartyId":"NDP","margin":14.583333333333334,"top":[{"id":"jeff-kibble","name":"Jeff Kibble","shortName":"Kibble","partyId":"CPC","votes":45,"share":46.875},{"id":"alistair-macgregor","name":"Alistair MacGregor","shortName":"MacGregor","partyId":"NDP","votes":31,"share":32.29166666666667},{"id":"blair-herbert","name":"Blair Herbert","shortName":"Herbert","partyId":"LIB","votes":18,"share":18.75},{"id":"kathleen-code","name":"Kathleen Code","shortName":"Code","partyId":"GRN","votes":2,"share":2.083333333333333}],"partyVotes":{"LIB":18,"CPC":45,"BQ":0,"NDP":31,"GRN":2,"PPC":0,"OTH":0}}},"geometry":{"type":"Polygon","coordinates":[[[296.58,157.06],[296.58,157.07],[296.57,157.08],[296.56,157.08],[296.56,157.09],[296.55,157.09],[296.54,157.08],[296.52,157.09],[296.51,157.06],[296.52,157.05],[296.54,157.02],[296.55,157.02],[296.56,157],[296.57,157],[296.57,157.01],[296.57,157.01],[296.58,157.01],[296.57,157.02],[296.57,157.02],[296.57,157.04],[296.58,157.05],[296.57,157.06],[296.58,157.06]]]}},{"type":"Feature","id":"59010-105","properties":{"ridingCode":"59010","pollNumber":"105","pollType":"N","advancePollNumber":"604","sourceCode":"105-0","geometryPollNumbers":["105"],"code":"59010-105","resultPollNumbers":["105"],"resultStatus":"exact","result":{"electors":289,"voters":115,"totalVotes":113,"rejected":2,"turnout":39.792387543252595,"winnerId":"jeff-kibble","winnerPartyId":"CPC","runnerUpId":"alistair-macgregor","runnerUpPartyId":"NDP","margin":15.04424778761062,"top":[{"id":"jeff-kibble","name":"Jeff Kibble","shortName":"Kibble","partyId":"CPC","votes":53,"share":46.902654867256636},{"id":"alistair-macgregor","name":"Alistair MacGregor","shortName":"MacGregor","partyId":"NDP","votes":36,"share":31.858407079646017},{"id":"blair-herbert","name":"Blair Herbert","shortName":"Herbert","partyId":"LIB","votes":16,"share":14.15929203539823},{"id":"kathleen-code","name":"Kathleen Code","shortName":"Code","partyId":"GRN","votes":8,"share":7.079646017699115}],"partyVotes":{"LIB":16,"CPC":53,"BQ":0,"NDP":36,"GRN":8,"PPC":0,"OTH":0}}},"geometry":{"type":"Polygon","coordinates":[[[296.61,157.14],[296.6,157.13],[296.59,157.12],[296.61,157.13],[296.62,157.13],[296.63,157.13],[296.63,157.12],[296.63,157.11],[296.64,157.08],[296.63,157.07],[296.62,157.07],[296.61,157.05],[296.59,157.06],[296.58,157.06],[296.57,157.06],[296.58,157.05],[296.57,157.04],[296.57,157.02],[296.57,157.02],[296.58,157.01],[296.57,157.01],[296.57,157.01],[296.57,157],[296.56,157],[296.57,156.95],[296.66,156.81],[296.67,156.8],[296.69,156.79],[296.67,156.77],[296.67,156.76],[296.67,156.72],[296.68,156.71],[296.69,156.7],[296.7,156.7],[296.72,156.71],[296.73,156.71],[296.73,156.7],[296.73,156.69],[296.72,156.68],[296.71,156.68],[296.72,156.67],[296.73,156.67],[296.74,156.67],[296.74,156.66],[296.74,156.65],[296.74,156.65],[296.73,156.64],[296.72,156.65],[296.71,156.65],[296.7,156.64],[296.7,156.62],[296.7,156.61],[296.71,156.59],[296.72,156.57],[296.72,156.57],[296.74,156.55],[296.77,156.53],[296.78,156.54],[296.79,156.54],[296.8,156.54],[296.8,156.53],[296.79,156.5],[296.79,156.49],[296.79,156.48],[296.83,156.46],[296.83,156.44],[296.85,156.41],[296.87,156.4],[296.92,156.41],[296.93,156.42],[296.94,156.43],[296.94,156.44],[296.96,156.45],[296.98,156.48],[296.98,156.48],[296.97,156.51],[296.97,156.53],[296.98,156.55],[296.99,156.59],[297,156.62],[297.02,156.63],[297.01,156.64],[296.99,156.68],[296.98,156.68],[296.98,156.68],[296.97,156.71],[296.92,156.79],[296.89,156.82],[296.84,156.91],[296.73,157.06],[296.65,157.14],[296.63,157.16],[296.62,157.14],[296.61,157.14],[296.61,157.14]]]}},{"type":"Feature","id":"59010-106","properties":{"ridingCode":"59010","pollNumber":"106","pollType":"N","advancePollNumber":"601","sourceCode":"106-0","geometryPollNumbers":["106"],"code":"59010-106","resultPollNumbers":["106"],"resultStatus":"exact","result":{"electors":494,"voters":136,"totalVotes":135,"rejected":1,"turnout":27.530364372469634,"winnerId":"jeff-kibble","winnerPartyId":"CPC","runnerUpId":"alistair-macgregor","runnerUpPartyId":"NDP","margin":18.51851851851852,"top":[{"id":"jeff-kibble","name":"Jeff Kibble","shortName":"Kibble","partyId":"CPC","votes":70,"share":51.85185185185185},{"id":"alistair-macgregor","name":"Alistair MacGregor","shortName":"MacGregor","partyId":"NDP","votes":45,"share":33.33333333333333},{"id":"blair-herbert","name":"Blair Herbert","shortName":"Herbert","partyId":"LIB","votes":15,"share":11.11111111111111},{"id":"kathleen-code","name":"Kathleen Code","shortName":"Code","partyId":"GRN","votes":5,"share":3.7037037037037033}],"partyVotes":{"LIB":15,"CPC":70,"BQ":0,"NDP":45,"GRN":5,"PPC":0,"OTH":0}}},"geometry":{"type":"Polygon","coordinates":[[[295.03,154.96],[295.55,152.77],[295.69,152.59],[295.76,152.56],[295.72,152.48],[295.72,152.48],[295.7,152.44],[295.72,152.42],[295.73,152.43],[295.75,152.4],[295.87,152.33],[295.89,152.33],[296.24,152.35],[296.26,152.35],[296.29,152.36],[296.51,152.35],[296.6,152.36],[296.61,152.38],[296.6,152.38],[296.66,152.5],[296.63,152.51],[296.64,152.53],[296.66,152.52],[296.67,152.55],[296.7,152.53],[296.72,152.57],[296.76,152.65],[296.75,152.65],[296.78,152.72],[296.76,152.73],[296.77,152.76],[296.75,152.76],[296.78,152.83],[296.81,152.81],[296.83,152.85],[296.82,152.85],[296.83,152.88],[296.88,152.87],[296.83,152.76],[296.83,152.75],[296.81,152.72],[296.81,152.69],[296.81,152.68],[296.81,152.67],[296.82,152.66],[296.82,152.65],[296.81,152.63],[296.81,152.62],[296.82,152.59],[296.84,152.57],[296.85,152.52],[296.85,152.52],[296.86,152.5],[296.87,152.49],[296.87,152.48],[296.86,152.46],[296.86,152.43],[296.86,152.42],[296.85,152.41],[296.85,152.38],[296.86,152.36],[296.85,152.35],[296.88,152.33],[297.2,152.19],[297.27,152.15],[297.38,152.39],[297.45,152.39],[297.48,152.4],[297.54,152.53],[297.39,152.59],[297.43,152.69],[297.51,152.88],[297.55,152.86],[297.55,152.86],[297.54,152.85],[297.53,152.83],[297.5,152.8],[297.48,152.77],[297.46,152.74],[297.46,152.73],[297.46,152.7],[297.46,152.67],[297.46,152.66],[297.48,152.66],[297.49,152.65],[297.52,152.64],[297.52,152.63],[297.53,152.61],[297.54,152.6],[297.54,152.6],[297.55,152.6],[297.56,152.6],[297.56,152.56],[297.57,152.56],[297.58,152.56],[297.59,152.55],[297.61,152.54],[297.62,152.52],[297.62,152.51],[297.62,152.51],[297.63,152.51],[297.64,152.5],[297.65,152.5],[297.66,152.49],[297.67,152.48],[297.67,152.47],[297.66,152.44],[297.66,152.44],[297.67,152.43],[297.68,152.42],[297.68,152.45],[297.68,152.46],[297.67,152.49],[297.66,152.5],[297.66,152.53],[297.66,152.55],[297.66,152.55],[297.66,152.55],[297.67,152.57],[297.68,152.57],[297.68,152.57],[297.69,152.57],[297.68,152.55],[297.69,152.52],[297.68,152.51],[297.69,152.5],[297.69,152.5],[297.74,152.51],[297.75,152.52],[297.76,152.53],[297.78,152.54],[297.78,152.55],[297.78,152.56],[297.81,152.58],[297.81,152.57],[297.81,152.56],[297.82,152.56],[297.84,152.56],[297.85,152.56],[297.86,152.57],[297.88,152.57],[297.92,152.55],[297.94,152.55],[297.95,152.54],[297.95,152.53],[297.95,152.52],[297.96,152.51],[297.97,152.5],[297.97,152.47],[297.96,152.44],[297.97,152.43],[297.97,152.42],[297.97,152.39],[297.95,152.34],[297.96,152.32],[297.96,152.3],[297.95,152.3],[297.92,152.31],[297.91,152.3],[297.91,152.29],[297.91,152.29],[297.89,152.28],[297.85,152.28],[297.86,152.26],[297.87,152.26],[297.88,152.27],[297.89,152.27],[297.92,152.27],[297.95,152.27],[297.97,152.26],[297.99,152.26],[298,152.27],[298.02,152.31],[298.02,152.31],[298.04,152.32],[298.05,152.32],[298.07,152.35],[298.07,152.36],[298.07,152.38],[298.07,152.39],[298.07,152.4],[298.07,152.43],[298.08,152.44],[298.08,152.45],[298.09,152.47],[298.09,152.49],[298.1,152.51],[298.1,152.53],[298.13,152.55],[298.15,152.6],[298.16,152.61],[298.17,152.62],[298.18,152.61],[298.17,152.64],[298.18,152.66],[298.2,152.7],[298.26,152.78],[298.26,152.81],[298.25,152.86],[298.25,152.87],[298.26,152.88],[298.28,152.91],[298.28,152.93],[298.16,152.98],[298.15,152.94],[298.13,152.95],[298.1,152.88],[298.07,152.9],[298.05,152.87],[297.91,152.94],[297.95,153.01],[297.9,153.03],[297.91,153.06],[297.84,153.09],[297.9,153.24],[297.86,153.26],[297.93,153.39],[297.86,153.43],[297.9,153.5],[297.91,153.5],[297.92,153.53],[297.94,153.52],[297.96,153.54],[297.98,153.59],[297.93,153.61],[298,153.76],[297.97,153.78],[297.99,153.83],[297.96,153.85],[297.99,153.91],[297.93,153.93],[297.92,153.92],[297.96,153.9],[297.93,153.83],[297.88,153.85],[297.89,153.88],[297.77,153.94],[297.86,154.13],[297.83,154.14],[297.8,154.09],[297.75,154.11],[297.74,154.08],[297.65,154.12],[297.68,154.18],[297.63,154.2],[297.64,154.23],[297.5,154.3],[297.44,154.16],[297.44,154.16],[297.43,154.13],[297.39,154.15],[297.38,154.14],[297.29,154.19],[297.27,154.15],[297.24,154.17],[297.21,154.1],[297.09,154.16],[297.06,154.11],[297.1,154.09],[297.07,154.03],[297.1,154.01],[297.07,153.94],[296.81,154.07],[296.87,154.19],[297,154.14],[297.02,154.19],[297,154.2],[297.01,154.22],[296.99,154.23],[297,154.24],[296.98,154.25],[296.99,154.26],[296.96,154.28],[296.95,154.26],[296.88,154.3],[296.88,154.31],[296.85,154.33],[296.88,154.39],[296.78,154.44],[296.76,154.42],[296.73,154.43],[296.89,154.76],[296.9,154.78],[296.78,154.83],[296.78,154.84],[296.77,154.84],[296.75,154.84],[296.88,155.11],[296.74,155.18],[296.83,155.38],[296.89,155.36],[297,155.6],[296.98,155.61],[297,155.66],[297.23,156.14],[297.22,156.14],[297.2,156.14],[297.2,156.16],[297.19,156.18],[297.2,156.19],[297.2,156.2],[297.21,156.2],[297.23,156.2],[297.25,156.21],[297.25,156.22],[297.24,156.23],[297.29,156.26],[297.29,156.27],[297.33,156.35],[297.31,156.36],[297.28,156.4],[297.28,156.41],[297.27,156.43],[297.26,156.44],[297.24,156.45],[297.23,156.46],[297.2,156.49],[297.18,156.52],[297.14,156.53],[297.1,156.56],[297.1,156.57],[297.09,156.58],[297.08,156.59],[297.04,156.61],[297.02,156.63],[297,156.62],[296.99,156.59],[296.98,156.55],[296.97,156.53],[296.97,156.51],[296.98,156.48],[296.98,156.48],[296.96,156.45],[296.94,156.44],[296.94,156.43],[296.93,156.42],[296.92,156.41],[296.87,156.4],[296.85,156.41],[296.83,156.44],[296.83,156.46],[296.79,156.48],[296.79,156.49],[296.79,156.5],[296.8,156.53],[296.8,156.54],[296.79,156.54],[296.78,156.54],[296.77,156.53],[296.74,156.55],[296.72,156.57],[296.72,156.57],[296.71,156.59],[296.7,156.61],[296.7,156.62],[296.7,156.64],[296.71,156.65],[296.72,156.65],[296.73,156.64],[296.74,156.65],[296.74,156.65],[296.74,156.66],[296.74,156.67],[296.73,156.67],[296.72,156.67],[296.71,156.68],[296.72,156.68],[296.73,156.69],[296.73,156.7],[296.73,156.71],[296.72,156.71],[296.7,156.7],[296.69,156.7],[296.68,156.71],[296.67,156.72],[296.67,156.76],[296.67,156.77],[296.69,156.79],[296.67,156.8],[296.66,156.81],[296.57,156.95],[296.56,157],[296.55,157.02],[296.54,157.02],[296.52,157.05],[296.51,157.06],[296.5,157.07],[296.49,157.07],[296.48,157.07],[296.46,157.08],[296.47,157.08],[296.46,157.09],[296.44,157.08],[296.44,157.07],[296.42,157.08],[296.42,157.09],[296.41,157.1],[296.43,157.11],[296.43,157.11],[296.43,157.12],[296.41,157.12],[296.41,157.11],[296.41,157.09],[296.4,157.09],[296.35,157.08],[296.31,157.06],[296.29,157.06],[296.25,157.05],[296.22,157.04],[296.21,156.99],[296.11,156.85],[295.98,156.69],[295.46,155.57],[295.3,155.65],[295.24,155.51],[295.06,155.6],[295.08,155.64],[295,155.68],[295.03,155.75],[294.99,155.77],[295.01,155.8],[294.93,155.84],[294.95,155.89],[294.79,155.96],[295.03,154.96]]]}},{"type":"Feature","id":"59010-107","properties":{"ridingCode":"59010","pollNumber":"107","pollType":"N","advancePollNumber":"621","sourceCode":"107-0","geometryPollNumbers":["107"],"code":"59010-107","resultPollNumbers":["107"],"resultStatus":"exact","result":{"electors":445,"voters":139,"totalVotes":139,"rejected":0,"turnout":31.235955056179776,"winnerId":"alistair-macgregor","winnerPartyId":"NDP","runnerUpId":"jeff-kibble","runnerUpPartyId":"CPC","margin":5.755395683453238,"top":[{"id":"alistair-macgregor","name":"Alistair MacGregor","shortName":"MacGregor","partyId":"NDP","votes":62,"share":44.60431654676259},{"id":"jeff-kibble","name":"Jeff Kibble","shortName":"Kibble","partyId":"CPC","votes":54,"share":38.84892086330935},{"id":"blair-herbert","name":"Blair Herbert","shortName":"Herbert","partyId":"LIB","votes":18,"share":12.949640287769784},{"id":"kathleen-code","name":"Kathleen Code","shortName":"Code","partyId":"GRN","votes":5,"share":3.597122302158273}],"partyVotes":{"LIB":18,"CPC":54,"BQ":0,"NDP":62,"GRN":5,"PPC":0,"OTH":0}}},"geometry":{"type":"Polygon","coordinates":[[[298.05,155.17],[298.27,155.06],[298.39,155],[298.47,154.97],[298.47,154.99],[298.46,155],[298.45,155.01],[298.44,155.02],[298.44,155.03],[298.44,155.04],[298.45,155.05],[298.44,155.07],[298.45,155.07],[298.45,155.08],[298.46,155.09],[298.46,155.08],[298.46,155.08],[298.46,155.09],[298.46,155.09],[298.46,155.1],[298.45,155.1],[298.45,155.11],[298.45,155.14],[298.44,155.15],[298.44,155.17],[298.43,155.2],[298.43,155.21],[298.41,155.22],[298.4,155.23],[298.41,155.24],[298.41,155.25],[298.43,155.29],[298.44,155.33],[298.45,155.34],[298.42,155.35],[298.38,155.35],[298.36,155.35],[298.33,155.35],[298.31,155.33],[298.31,155.33],[298.29,155.33],[298.27,155.34],[298.26,155.34],[298.24,155.35],[298.23,155.35],[298.22,155.34],[298.2,155.34],[298.19,155.35],[298.18,155.34],[298.17,155.33],[298.16,155.34],[298.14,155.37],[298.13,155.37],[298.12,155.38],[298.12,155.38],[298.11,155.37],[298.1,155.37],[298.09,155.37],[298.08,155.37],[298.07,155.35],[298.07,155.34],[298.07,155.33],[298.08,155.32],[298.08,155.3],[298.09,155.29],[298.09,155.28],[298.08,155.28],[298.08,155.27],[298.08,155.26],[298.08,155.25],[298.08,155.24],[298.08,155.22],[298.09,155.21],[298.1,155.21],[298.1,155.21],[298.09,155.2],[298.08,155.2],[298.07,155.19],[298.06,155.19],[298.05,155.17]]]}},{"type":"Feature","id":"59010-108","properties":{"ridingCode":"59010","pollNumber":"108","pollType":"N","advancePollNumber":"619","sourceCode":"108-0","geometryPollNumbers":["108"],"code":"59010-108","resultPollNumbers":["108"],"resultStatus":"exact","result":{"electors":481,"voters":161,"totalVotes":161,"rejected":0,"turnout":33.471933471933475,"winnerId":"jeff-kibble","winnerPartyId":"CPC","runnerUpId":"alistair-macgregor","runnerUpPartyId":"NDP","margin":13.664596273291925,"top":[{"id":"jeff-kibble","name":"Jeff Kibble","shortName":"Kibble","partyId":"CPC","votes":72,"share":44.72049689440994},{"id":"alistair-macgregor","name":"Alistair MacGregor","shortName":"MacGregor","partyId":"NDP","votes":50,"share":31.05590062111801},{"id":"blair-herbert","name":"Blair Herbert","shortName":"Herbert","partyId":"LIB","votes":33,"share":20.496894409937887},{"id":"kathleen-code","name":"Kathleen Code","shortName":"Code","partyId":"GRN","votes":6,"share":3.7267080745341614}],"partyVotes":{"LIB":33,"CPC":72,"BQ":0,"NDP":50,"GRN":6,"PPC":0,"OTH":0}}},"geometry":{"type":"Polygon","coordinates":[[[298.46,155.1],[298.46,155.09],[298.47,155.09],[298.47,155.09],[298.49,155.08],[298.5,155.08],[298.51,155.07],[298.51,155.05],[298.53,155.03],[298.54,155.02],[298.54,155.01],[298.56,154.99],[298.59,154.97],[298.6,154.97],[298.61,154.98],[298.63,154.99],[298.64,154.99],[298.63,155.01],[298.63,155.01],[298.6,155.13],[298.57,155.2],[298.6,155.21],[298.61,155.21],[298.61,155.21],[298.62,155.24],[298.62,155.25],[298.66,155.3],[298.64,155.31],[298.62,155.31],[298.55,155.35],[298.5,155.24],[298.47,155.26],[298.47,155.27],[298.5,155.35],[298.48,155.36],[298.45,155.34],[298.45,155.34],[298.44,155.33],[298.43,155.29],[298.41,155.25],[298.41,155.24],[298.4,155.23],[298.41,155.22],[298.43,155.21],[298.43,155.2],[298.44,155.17],[298.44,155.15],[298.45,155.14],[298.45,155.11],[298.45,155.1],[298.46,155.1]]]}},{"type":"Feature","id":"59010-109","properties":{"ridingCode":"59010","pollNumber":"109","pollType":"N","advancePollNumber":"622","sourceCode":"109-0","geometryPollNumbers":["109"],"code":"59010-109","resultPollNumbers":["109"],"resultStatus":"exact","result":{"electors":300,"voters":120,"totalVotes":120,"rejected":0,"turnout":40,"winnerId":"jeff-kibble","winnerPartyId":"CPC","runnerUpId":"alistair-macgregor","runnerUpPartyId":"NDP","margin":8.333333333333332,"top":[{"id":"jeff-kibble","name":"Jeff Kibble","shortName":"Kibble","partyId":"CPC","votes":58,"share":48.333333333333336},{"id":"alistair-macgregor","name":"Alistair MacGregor","shortName":"MacGregor","partyId":"NDP","votes":48,"share":40},{"id":"blair-herbert","name":"Blair Herbert","shortName":"Herbert","partyId":"LIB","votes":10,"share":8.333333333333332},{"id":"kathleen-code","name":"Kathleen Code","shortName":"Code","partyId":"GRN","votes":4,"share":3.3333333333333335}],"partyVotes":{"LIB":10,"CPC":58,"BQ":0,"NDP":48,"GRN":4,"PPC":0,"OTH":0}}},"geometry":{"type":"Polygon","coordinates":[[[296.88,155.11],[296.75,154.84],[296.77,154.84],[296.78,154.84],[296.78,154.83],[296.9,154.78],[296.89,154.76],[296.73,154.43],[296.76,154.42],[296.78,154.44],[296.88,154.39],[296.94,154.53],[296.95,154.55],[296.96,154.56],[296.98,154.56],[296.99,154.59],[297.01,154.59],[297.01,154.59],[297.04,154.59],[297.06,154.58],[297.1,154.56],[297.11,154.56],[297.13,154.55],[297.15,154.55],[297.16,154.53],[297.16,154.52],[297.18,154.51],[297.2,154.51],[297.21,154.51],[297.22,154.51],[297.22,154.49],[297.23,154.49],[297.24,154.48],[297.35,154.46],[297.37,154.46],[297.4,154.45],[297.45,154.44],[297.46,154.44],[297.47,154.44],[297.48,154.44],[297.49,154.45],[297.48,154.45],[297.48,154.46],[297.5,154.47],[297.52,154.46],[297.57,154.46],[297.58,154.45],[297.59,154.45],[297.62,154.46],[297.63,154.46],[297.64,154.47],[297.64,154.48],[297.64,154.49],[297.66,154.5],[297.7,154.49],[297.73,154.48],[297.73,154.48],[297.74,154.49],[297.75,154.49],[297.76,154.48],[297.77,154.49],[297.78,154.5],[297.8,154.51],[297.81,154.51],[297.82,154.51],[297.82,154.52],[297.84,154.54],[297.85,154.54],[297.86,154.54],[297.89,154.55],[297.9,154.55],[297.9,154.55],[297.91,154.55],[297.93,154.58],[297.98,154.59],[298.01,154.6],[298.02,154.6],[298.02,154.59],[298.03,154.58],[298.05,154.58],[298.06,154.58],[298.06,154.58],[298.07,154.58],[298.1,154.57],[298.12,154.57],[298.14,154.58],[298.15,154.57],[298.17,154.59],[298.18,154.6],[298.26,154.66],[298.27,154.66],[298.3,154.66],[298.36,154.7],[298.37,154.69],[298.39,154.71],[298.4,154.73],[298.42,154.76],[298.43,154.79],[298.44,154.8],[298.45,154.82],[298.45,154.84],[298.44,154.85],[298.42,154.86],[298.42,154.88],[298.4,154.91],[298.38,154.95],[298.37,154.96],[298.37,154.98],[298.38,154.97],[298.4,154.99],[298.39,155],[298.27,155.06],[298.05,155.17],[298,155.19],[297,155.66],[296.98,155.61],[297,155.6],[296.89,155.36],[296.83,155.38],[296.74,155.18],[296.88,155.11]]]}},{"type":"Feature","id":"59010-110","properties":{"ridingCode":"59010","pollNumber":"110","pollType":"N","advancePollNumber":"622","sourceCode":"110-0","geometryPollNumbers":["110"],"code":"59010-110","resultPollNumbers":["110"],"resultStatus":"exact","result":{"electors":518,"voters":155,"totalVotes":154,"rejected":1,"turnout":29.922779922779924,"winnerId":"jeff-kibble","winnerPartyId":"CPC","runnerUpId":"alistair-macgregor","runnerUpPartyId":"NDP","margin":13.636363636363635,"top":[{"id":"jeff-kibble","name":"Jeff Kibble","shortName":"Kibble","partyId":"CPC","votes":74,"share":48.05194805194805},{"id":"alistair-macgregor","name":"Alistair MacGregor","shortName":"MacGregor","partyId":"NDP","votes":53,"share":34.41558441558442},{"id":"blair-herbert","name":"Blair Herbert","shortName":"Herbert","partyId":"LIB","votes":23,"share":14.935064935064934},{"id":"kathleen-code","name":"Kathleen Code","shortName":"Code","partyId":"GRN","votes":4,"share":2.5974025974025974}],"partyVotes":{"LIB":23,"CPC":74,"BQ":0,"NDP":53,"GRN":4,"PPC":0,"OTH":0}}},"geometry":{"type":"Polygon","coordinates":[[[298.25,154.59],[298.26,154.57],[298.27,154.56],[298.28,154.55],[298.45,154.48],[298.46,154.47],[298.47,154.48],[298.47,154.5],[298.6,154.54],[298.67,154.55],[298.67,154.68],[298.71,154.78],[298.72,154.79],[298.74,154.83],[298.72,154.84],[298.66,154.89],[298.65,154.9],[298.64,154.92],[298.64,154.95],[298.63,155.01],[298.63,155.01],[298.64,154.99],[298.63,154.99],[298.61,154.98],[298.6,154.97],[298.59,154.97],[298.56,154.99],[298.54,155.01],[298.54,155.02],[298.53,155.03],[298.51,155.05],[298.51,155.07],[298.5,155.08],[298.49,155.08],[298.47,155.09],[298.47,155.09],[298.46,155.09],[298.46,155.09],[298.46,155.08],[298.46,155.08],[298.46,155.09],[298.45,155.08],[298.45,155.07],[298.44,155.07],[298.45,155.05],[298.44,155.04],[298.44,155.03],[298.44,155.02],[298.45,155.01],[298.46,155],[298.47,154.99],[298.47,154.97],[298.39,155],[298.4,154.99],[298.38,154.97],[298.37,154.98],[298.37,154.96],[298.38,154.95],[298.4,154.91],[298.42,154.88],[298.42,154.86],[298.44,154.85],[298.45,154.84],[298.45,154.82],[298.44,154.8],[298.43,154.79],[298.42,154.76],[298.4,154.73],[298.39,154.71],[298.37,154.69],[298.36,154.7],[298.3,154.66],[298.27,154.66],[298.26,154.66],[298.18,154.6],[298.19,154.59],[298.2,154.59],[298.21,154.59],[298.23,154.6],[298.24,154.59],[298.25,154.59]]]}},{"type":"Feature","id":"59010-111","properties":{"ridingCode":"59010","pollNumber":"111","pollType":"N","advancePollNumber":"619","sourceCode":"111-0","geometryPollNumbers":["111"],"code":"59010-111","resultPollNumbers":["111"],"resultStatus":"exact","result":{"electors":557,"voters":220,"totalVotes":219,"rejected":1,"turnout":39.497307001795335,"winnerId":"jeff-kibble","winnerPartyId":"CPC","runnerUpId":"alistair-macgregor","runnerUpPartyId":"NDP","margin":0.91324200913242,"top":[{"id":"jeff-kibble","name":"Jeff Kibble","shortName":"Kibble","partyId":"CPC","votes":92,"share":42.00913242009132},{"id":"alistair-macgregor","name":"Alistair MacGregor","shortName":"MacGregor","partyId":"NDP","votes":90,"share":41.0958904109589},{"id":"blair-herbert","name":"Blair Herbert","shortName":"Herbert","partyId":"LIB","votes":28,"share":12.785388127853881},{"id":"kathleen-code","name":"Kathleen Code","shortName":"Code","partyId":"GRN","votes":9,"share":4.10958904109589}],"partyVotes":{"LIB":28,"CPC":92,"BQ":0,"NDP":90,"GRN":9,"PPC":0,"OTH":0}}},"geometry":{"type":"MultiPolygon","coordinates":[[[[298.6,155.21],[298.57,155.2],[298.6,155.13],[298.63,155.01],[298.65,155.01],[298.67,155.02],[298.68,155.03],[298.69,155.03],[298.72,155.02],[298.73,155.02],[298.73,155.02],[298.76,155.01],[298.76,155.01],[298.77,155.02],[298.79,155.03],[298.79,155.04],[298.8,155.04],[298.79,155.05],[298.78,155.07],[298.76,155.08],[298.74,155.07],[298.75,155.09],[298.66,155.13],[298.68,155.16],[298.72,155.14],[298.74,155.12],[298.74,155.12],[298.75,155.12],[298.76,155.11],[298.76,155.12],[298.76,155.12],[298.76,155.11],[298.77,155.1],[298.79,155.12],[298.94,155.17],[298.84,155.27],[298.74,155.31],[298.74,155.3],[298.7,155.32],[298.69,155.31],[298.69,155.3],[298.69,155.29],[298.69,155.28],[298.68,155.29],[298.66,155.3],[298.62,155.25],[298.62,155.24],[298.61,155.21],[298.61,155.21],[298.6,155.21]]],[[[298.73,154.76],[298.75,154.76],[298.8,154.73],[298.81,154.77],[298.81,154.77],[298.76,154.79],[298.75,154.78],[298.75,154.78],[298.75,154.77],[298.74,154.77],[298.74,154.78],[298.73,154.78],[298.72,154.79],[298.71,154.78],[298.73,154.76]]],[[[298.83,155.03],[298.82,155.01],[298.87,154.99],[298.91,154.98],[298.88,155.01],[298.87,155.03],[298.86,155.03],[298.85,155.04],[298.84,155.04],[298.83,155.03]]],[[[298.72,155.14],[298.68,155.16],[298.66,155.13],[298.75,155.09],[298.76,155.11],[298.76,155.12],[298.76,155.12],[298.76,155.11],[298.75,155.12],[298.74,155.12],[298.74,155.12],[298.72,155.14]]]]}},{"type":"Feature","id":"59010-112","properties":{"ridingCode":"59010","pollNumber":"112","pollType":"N","advancePollNumber":"619","sourceCode":"112-0","geometryPollNumbers":["112"],"code":"59010-112","resultPollNumbers":["112"],"resultStatus":"exact","result":{"electors":376,"voters":108,"totalVotes":106,"rejected":2,"turnout":28.723404255319153,"winnerId":"jeff-kibble","winnerPartyId":"CPC","runnerUpId":"alistair-macgregor","runnerUpPartyId":"NDP","margin":4.716981132075472,"top":[{"id":"jeff-kibble","name":"Jeff Kibble","shortName":"Kibble","partyId":"CPC","votes":43,"share":40.56603773584906},{"id":"alistair-macgregor","name":"Alistair MacGregor","shortName":"MacGregor","partyId":"NDP","votes":38,"share":35.84905660377358},{"id":"blair-herbert","name":"Blair Herbert","shortName":"Herbert","partyId":"LIB","votes":21,"share":19.81132075471698},{"id":"kathleen-code","name":"Kathleen Code","shortName":"Code","partyId":"GRN","votes":4,"share":3.7735849056603774}],"partyVotes":{"LIB":21,"CPC":43,"BQ":0,"NDP":38,"GRN":4,"PPC":0,"OTH":0}}},"geometry":{"type":"Polygon","coordinates":[[[298.77,155.1],[298.76,155.11],[298.75,155.09],[298.74,155.07],[298.76,155.08],[298.78,155.07],[298.79,155.05],[298.8,155.04],[298.83,155.03],[298.83,155.03],[298.84,155.04],[298.83,155.05],[298.83,155.07],[298.85,155.1],[298.91,155.14],[298.93,155.15],[298.94,155.17],[298.79,155.12],[298.77,155.1]]]}},{"type":"Feature","id":"59010-113","properties":{"ridingCode":"59010","pollNumber":"113","pollType":"N","advancePollNumber":"619","sourceCode":"113-0","geometryPollNumbers":["113"],"code":"59010-113","resultPollNumbers":["113"],"resultStatus":"exact","result":{"electors":285,"voters":98,"totalVotes":98,"rejected":0,"turnout":34.385964912280706,"winnerId":"alistair-macgregor","winnerPartyId":"NDP","runnerUpId":"jeff-kibble","runnerUpPartyId":"CPC","margin":3.061224489795918,"top":[{"id":"alistair-macgregor","name":"Alistair MacGregor","shortName":"MacGregor","partyId":"NDP","votes":41,"share":41.83673469387755},{"id":"jeff-kibble","name":"Jeff Kibble","shortName":"Kibble","partyId":"CPC","votes":38,"share":38.775510204081634},{"id":"blair-herbert","name":"Blair Herbert","shortName":"Herbert","partyId":"LIB","votes":13,"share":13.26530612244898},{"id":"kathleen-code","name":"Kathleen Code","shortName":"Code","partyId":"GRN","votes":6,"share":6.122448979591836}],"partyVotes":{"LIB":13,"CPC":38,"BQ":0,"NDP":41,"GRN":6,"PPC":0,"OTH":0}}},"geometry":{"type":"MultiPolygon","coordinates":[[[[298.82,155.01],[298.82,155.01],[298.81,155],[298.84,154.99],[298.85,154.96],[298.85,154.92],[298.88,154.9],[298.91,154.98],[298.87,154.99],[298.82,155.01]]],[[[298.88,155.01],[298.91,154.98],[298.96,155.15],[298.94,155.17],[298.93,155.15],[298.91,155.14],[298.85,155.1],[298.83,155.07],[298.83,155.05],[298.84,155.04],[298.85,155.04],[298.86,155.03],[298.87,155.03],[298.88,155.01]]]]}},{"type":"Feature","id":"59010-114","properties":{"ridingCode":"59010","pollNumber":"114","pollType":"N","advancePollNumber":"619","sourceCode":"114-0","geometryPollNumbers":["114"],"code":"59010-114","resultPollNumbers":["114"],"resultStatus":"exact","result":{"electors":383,"voters":108,"totalVotes":108,"rejected":0,"turnout":28.198433420365536,"winnerId":"alistair-macgregor","winnerPartyId":"NDP","runnerUpId":"jeff-kibble","runnerUpPartyId":"CPC","margin":16.666666666666664,"top":[{"id":"alistair-macgregor","name":"Alistair MacGregor","shortName":"MacGregor","partyId":"NDP","votes":53,"share":49.074074074074076},{"id":"jeff-kibble","name":"Jeff Kibble","shortName":"Kibble","partyId":"CPC","votes":35,"share":32.407407407407405},{"id":"blair-herbert","name":"Blair Herbert","shortName":"Herbert","partyId":"LIB","votes":19,"share":17.59259259259259},{"id":"kathleen-code","name":"Kathleen Code","shortName":"Code","partyId":"GRN","votes":1,"share":0.9259259259259258}],"partyVotes":{"LIB":19,"CPC":35,"BQ":0,"NDP":53,"GRN":1,"PPC":0,"OTH":0}}},"geometry":{"type":"Polygon","coordinates":[[[298.77,155],[298.8,154.98],[298.81,155],[298.82,155.01],[298.82,155.01],[298.83,155.03],[298.83,155.03],[298.8,155.04],[298.79,155.04],[298.79,155.03],[298.77,155.02],[298.77,155.02],[298.77,155]]]}},{"type":"Feature","id":"59010-115","properties":{"ridingCode":"59010","pollNumber":"115","pollType":"N","advancePollNumber":"620","sourceCode":"115-0","geometryPollNumbers":["115"],"code":"59010-115","resultPollNumbers":["115"],"resultStatus":"exact","result":{"electors":568,"voters":159,"totalVotes":159,"rejected":0,"turnout":27.992957746478876,"winnerId":"jeff-kibble","winnerPartyId":"CPC","runnerUpId":"alistair-macgregor","runnerUpPartyId":"NDP","margin":3.7735849056603774,"top":[{"id":"jeff-kibble","name":"Jeff Kibble","shortName":"Kibble","partyId":"CPC","votes":58,"share":36.477987421383645},{"id":"alistair-macgregor","name":"Alistair MacGregor","shortName":"MacGregor","partyId":"NDP","votes":52,"share":32.70440251572327},{"id":"blair-herbert","name":"Blair Herbert","shortName":"Herbert","partyId":"LIB","votes":42,"share":26.41509433962264},{"id":"kathleen-code","name":"Kathleen Code","shortName":"Code","partyId":"GRN","votes":7,"share":4.40251572327044}],"partyVotes":{"LIB":42,"CPC":58,"BQ":0,"NDP":52,"GRN":7,"PPC":0,"OTH":0}}},"geometry":{"type":"Polygon","coordinates":[[[298.63,155.01],[298.64,154.95],[298.64,154.92],[298.65,154.9],[298.66,154.89],[298.72,154.84],[298.74,154.83],[298.72,154.79],[298.73,154.78],[298.74,154.78],[298.74,154.77],[298.75,154.77],[298.75,154.78],[298.75,154.78],[298.76,154.79],[298.81,154.77],[298.82,154.8],[298.82,154.82],[298.82,154.84],[298.82,154.85],[298.83,154.86],[298.84,154.84],[298.84,154.84],[298.85,154.85],[298.84,154.87],[298.85,154.89],[298.85,154.92],[298.85,154.96],[298.84,154.99],[298.81,155],[298.8,154.98],[298.77,155],[298.77,155.02],[298.77,155.02],[298.76,155.01],[298.76,155.01],[298.73,155.02],[298.73,155.02],[298.72,155.02],[298.69,155.03],[298.68,155.03],[298.67,155.02],[298.65,155.01],[298.63,155.01]]]}},{"type":"Feature","id":"59010-116","properties":{"ridingCode":"59010","pollNumber":"116","pollType":"N","advancePollNumber":"620","sourceCode":"116-0","geometryPollNumbers":["116"],"code":"59010-116","resultPollNumbers":["116"],"resultStatus":"exact","result":{"electors":433,"voters":144,"totalVotes":144,"rejected":0,"turnout":33.25635103926097,"winnerId":"jeff-kibble","winnerPartyId":"CPC","runnerUpId":"alistair-macgregor","runnerUpPartyId":"NDP","margin":6.944444444444445,"top":[{"id":"jeff-kibble","name":"Jeff Kibble","shortName":"Kibble","partyId":"CPC","votes":64,"share":44.44444444444444},{"id":"alistair-macgregor","name":"Alistair MacGregor","shortName":"MacGregor","partyId":"NDP","votes":54,"share":37.5},{"id":"blair-herbert","name":"Blair Herbert","shortName":"Herbert","partyId":"LIB","votes":22,"share":15.277777777777779},{"id":"kathleen-code","name":"Kathleen Code","shortName":"Code","partyId":"GRN","votes":4,"share":2.7777777777777777}],"partyVotes":{"LIB":22,"CPC":64,"BQ":0,"NDP":54,"GRN":4,"PPC":0,"OTH":0}}},"geometry":{"type":"Polygon","coordinates":[[[298.89,154.89],[298.9,154.89],[299.01,154.84],[299.02,154.84],[299.03,154.82],[299.03,154.8],[299.05,154.77],[299.06,154.75],[299.08,154.71],[299.09,154.7],[299.09,154.68],[299.29,154.66],[299.27,154.72],[299.26,154.81],[299.22,155.03],[299.23,155.16],[299.3,155.2],[299.31,155.21],[299.27,155.22],[299.2,155.19],[299.18,155.16],[299.18,155.13],[299.18,155.08],[299.19,155.03],[299.18,155.01],[299.17,154.98],[299.15,154.94],[299.14,154.92],[299.13,154.92],[299.12,154.94],[299.12,154.96],[299.1,154.97],[299.1,154.99],[299.1,155.05],[299.09,155.05],[299.08,155.06],[299.07,155.08],[299.05,155.16],[299.04,155.15],[299.03,155.14],[299,155.13],[298.99,155.14],[298.96,155.15],[298.91,154.98],[298.88,154.9],[298.89,154.89]]]}},{"type":"Feature","id":"59010-117","properties":{"ridingCode":"59010","pollNumber":"117","pollType":"N","advancePollNumber":"620","sourceCode":"117-0","geometryPollNumbers":["117"],"code":"59010-117","resultPollNumbers":["117"],"resultStatus":"exact","result":{"electors":439,"voters":159,"totalVotes":159,"rejected":0,"turnout":36.21867881548975,"winnerId":"alistair-macgregor","winnerPartyId":"NDP","runnerUpId":"jeff-kibble","runnerUpPartyId":"CPC","margin":1.8867924528301887,"top":[{"id":"alistair-macgregor","name":"Alistair MacGregor","shortName":"MacGregor","partyId":"NDP","votes":62,"share":38.9937106918239},{"id":"jeff-kibble","name":"Jeff Kibble","shortName":"Kibble","partyId":"CPC","votes":59,"share":37.10691823899371},{"id":"blair-herbert","name":"Blair Herbert","shortName":"Herbert","partyId":"LIB","votes":35,"share":22.0125786163522},{"id":"kathleen-code","name":"Kathleen Code","shortName":"Code","partyId":"GRN","votes":3,"share":1.8867924528301887}],"partyVotes":{"LIB":35,"CPC":59,"BQ":0,"NDP":62,"GRN":3,"PPC":0,"OTH":0}}},"geometry":{"type":"Polygon","coordinates":[[[298.85,154.85],[298.88,154.82],[298.89,154.81],[298.89,154.81],[298.9,154.79],[298.91,154.76],[298.93,154.74],[298.94,154.71],[298.94,154.7],[298.95,154.67],[298.95,154.66],[298.99,154.64],[299.02,154.64],[299.04,154.63],[299.05,154.63],[299.07,154.65],[299.07,154.65],[299.08,154.67],[299.07,154.69],[299.09,154.68],[299.09,154.7],[299.08,154.71],[299.06,154.75],[299.05,154.77],[299.03,154.8],[299.03,154.82],[299.02,154.84],[299.01,154.84],[298.9,154.89],[298.89,154.89],[298.88,154.9],[298.85,154.92],[298.85,154.89],[298.84,154.87],[298.85,154.85]]]}},{"type":"Feature","id":"59010-118","properties":{"ridingCode":"59010","pollNumber":"118","pollType":"N","advancePollNumber":"620","sourceCode":"118-0","geometryPollNumbers":["118"],"code":"59010-118","resultPollNumbers":["118"],"resultStatus":"exact","result":{"electors":447,"voters":125,"totalVotes":123,"rejected":2,"turnout":27.96420581655481,"winnerId":"jeff-kibble","winnerPartyId":"CPC","runnerUpId":"alistair-macgregor","runnerUpPartyId":"NDP","margin":21.138211382113823,"top":[{"id":"jeff-kibble","name":"Jeff Kibble","shortName":"Kibble","partyId":"CPC","votes":60,"share":48.78048780487805},{"id":"alistair-macgregor","name":"Alistair MacGregor","shortName":"MacGregor","partyId":"NDP","votes":34,"share":27.64227642276423},{"id":"blair-herbert","name":"Blair Herbert","shortName":"Herbert","partyId":"LIB","votes":28,"share":22.76422764227642},{"id":"kathleen-code","name":"Kathleen Code","shortName":"Code","partyId":"GRN","votes":1,"share":0.8130081300813009}],"partyVotes":{"LIB":28,"CPC":60,"BQ":0,"NDP":34,"GRN":1,"PPC":0,"OTH":0}}},"geometry":{"type":"Polygon","coordinates":[[[298.74,154.73],[298.75,154.7],[298.79,154.56],[298.8,154.56],[298.82,154.55],[298.83,154.55],[298.84,154.55],[298.86,154.57],[298.87,154.57],[298.88,154.58],[298.89,154.58],[298.9,154.6],[298.91,154.6],[298.92,154.61],[298.93,154.61],[298.94,154.63],[298.95,154.66],[298.95,154.67],[298.94,154.7],[298.94,154.71],[298.93,154.74],[298.91,154.76],[298.9,154.79],[298.89,154.81],[298.89,154.81],[298.88,154.82],[298.85,154.85],[298.84,154.84],[298.84,154.84],[298.83,154.86],[298.82,154.85],[298.82,154.84],[298.82,154.82],[298.82,154.8],[298.81,154.77],[298.81,154.77],[298.8,154.73],[298.75,154.76],[298.74,154.73]]]}},{"type":"Feature","id":"59010-119","properties":{"ridingCode":"59010","pollNumber":"119","pollType":"N","advancePollNumber":"624","sourceCode":"119-0","geometryPollNumbers":["119"],"code":"59010-119","resultPollNumbers":["119"],"resultStatus":"exact","result":{"electors":390,"voters":170,"totalVotes":170,"rejected":0,"turnout":43.58974358974359,"winnerId":"alistair-macgregor","winnerPartyId":"NDP","runnerUpId":"jeff-kibble","runnerUpPartyId":"CPC","margin":3.5294117647058822,"top":[{"id":"alistair-macgregor","name":"Alistair MacGregor","shortName":"MacGregor","partyId":"NDP","votes":67,"share":39.411764705882355},{"id":"jeff-kibble","name":"Jeff Kibble","shortName":"Kibble","partyId":"CPC","votes":61,"share":35.88235294117647},{"id":"blair-herbert","name":"Blair Herbert","shortName":"Herbert","partyId":"LIB","votes":36,"share":21.176470588235293},{"id":"kathleen-code","name":"Kathleen Code","shortName":"Code","partyId":"GRN","votes":6,"share":3.5294117647058822}],"partyVotes":{"LIB":36,"CPC":61,"BQ":0,"NDP":67,"GRN":6,"PPC":0,"OTH":0}}},"geometry":{"type":"Polygon","coordinates":[[[298.6,154.54],[298.56,154.46],[298.63,154.43],[298.64,154.44],[298.65,154.46],[298.67,154.48],[298.67,154.49],[298.68,154.49],[298.68,154.51],[298.69,154.51],[298.69,154.51],[298.71,154.56],[298.79,154.53],[298.79,154.54],[298.79,154.54],[298.79,154.56],[298.75,154.7],[298.74,154.73],[298.75,154.76],[298.73,154.76],[298.71,154.78],[298.67,154.68],[298.67,154.55],[298.6,154.54]]]}},{"type":"Feature","id":"59010-120","properties":{"ridingCode":"59010","pollNumber":"120","pollType":"N","advancePollNumber":"620","sourceCode":"120-0","geometryPollNumbers":["120"],"code":"59010-120","resultPollNumbers":["120"],"resultStatus":"exact","result":{"electors":378,"voters":131,"totalVotes":131,"rejected":0,"turnout":34.65608465608466,"winnerId":"alistair-macgregor","winnerPartyId":"NDP","runnerUpId":"jeff-kibble","runnerUpPartyId":"CPC","margin":2.2900763358778624,"top":[{"id":"alistair-macgregor","name":"Alistair MacGregor","shortName":"MacGregor","partyId":"NDP","votes":48,"share":36.6412213740458},{"id":"jeff-kibble","name":"Jeff Kibble","shortName":"Kibble","partyId":"CPC","votes":45,"share":34.35114503816794},{"id":"blair-herbert","name":"Blair Herbert","shortName":"Herbert","partyId":"LIB","votes":35,"share":26.717557251908396},{"id":"kathleen-code","name":"Kathleen Code","shortName":"Code","partyId":"GRN","votes":3,"share":2.2900763358778624}],"partyVotes":{"LIB":35,"CPC":45,"BQ":0,"NDP":48,"GRN":3,"PPC":0,"OTH":0}}},"geometry":{"type":"Polygon","coordinates":[[[298.79,154.56],[298.79,154.54],[298.81,154.5],[298.81,154.49],[298.83,154.5],[298.84,154.47],[298.85,154.46],[298.86,154.46],[298.88,154.5],[298.94,154.47],[298.94,154.47],[298.94,154.49],[298.94,154.51],[298.89,154.53],[298.87,154.57],[298.86,154.57],[298.84,154.55],[298.83,154.55],[298.82,154.55],[298.8,154.56],[298.79,154.56]]]}},{"type":"Feature","id":"59010-121","properties":{"ridingCode":"59010","pollNumber":"121","pollType":"N","advancePollNumber":"624","sourceCode":"121-0","geometryPollNumbers":["121"],"code":"59010-121","resultPollNumbers":["121"],"resultStatus":"exact","result":{"electors":451,"voters":196,"totalVotes":195,"rejected":1,"turnout":43.45898004434589,"winnerId":"alistair-macgregor","winnerPartyId":"NDP","runnerUpId":"jeff-kibble","runnerUpPartyId":"CPC","margin":5.641025641025641,"top":[{"id":"alistair-macgregor","name":"Alistair MacGregor","shortName":"MacGregor","partyId":"NDP","votes":72,"share":36.92307692307693},{"id":"jeff-kibble","name":"Jeff Kibble","shortName":"Kibble","partyId":"CPC","votes":61,"share":31.28205128205128},{"id":"blair-herbert","name":"Blair Herbert","shortName":"Herbert","partyId":"LIB","votes":55,"share":28.205128205128204},{"id":"kathleen-code","name":"Kathleen Code","shortName":"Code","partyId":"GRN","votes":7,"share":3.5897435897435894}],"partyVotes":{"LIB":55,"CPC":61,"BQ":0,"NDP":72,"GRN":7,"PPC":0,"OTH":0}}},"geometry":{"type":"Polygon","coordinates":[[[298.68,154.51],[298.68,154.49],[298.68,154.48],[298.69,154.46],[298.69,154.45],[298.75,154.42],[298.77,154.45],[298.73,154.46],[298.76,154.52],[298.75,154.52],[298.76,154.53],[298.78,154.53],[298.79,154.53],[298.71,154.56],[298.69,154.51],[298.69,154.51],[298.68,154.51]]]}},{"type":"Feature","id":"59010-122","properties":{"ridingCode":"59010","pollNumber":"122","pollType":"N","advancePollNumber":"624","sourceCode":"122-0","geometryPollNumbers":["122"],"code":"59010-122","resultPollNumbers":["122"],"resultStatus":"exact","result":{"electors":425,"voters":188,"totalVotes":186,"rejected":2,"turnout":44.23529411764706,"winnerId":"jeff-kibble","winnerPartyId":"CPC","runnerUpId":"alistair-macgregor","runnerUpPartyId":"NDP","margin":12.365591397849462,"top":[{"id":"jeff-kibble","name":"Jeff Kibble","shortName":"Kibble","partyId":"CPC","votes":79,"share":42.473118279569896},{"id":"alistair-macgregor","name":"Alistair MacGregor","shortName":"MacGregor","partyId":"NDP","votes":56,"share":30.107526881720432},{"id":"blair-herbert","name":"Blair Herbert","shortName":"Herbert","partyId":"LIB","votes":46,"share":24.731182795698924},{"id":"kathleen-code","name":"Kathleen Code","shortName":"Code","partyId":"GRN","votes":5,"share":2.6881720430107525}],"partyVotes":{"LIB":46,"CPC":79,"BQ":0,"NDP":56,"GRN":5,"PPC":0,"OTH":0}}},"geometry":{"type":"Polygon","coordinates":[[[298.73,154.46],[298.77,154.45],[298.83,154.42],[298.84,154.38],[298.85,154.38],[298.87,154.37],[298.87,154.36],[298.88,154.34],[298.9,154.33],[298.91,154.32],[298.91,154.32],[298.92,154.34],[298.94,154.36],[298.94,154.37],[298.9,154.39],[298.85,154.41],[298.85,154.42],[298.85,154.44],[298.85,154.45],[298.85,154.46],[298.84,154.47],[298.83,154.5],[298.81,154.49],[298.81,154.5],[298.79,154.54],[298.79,154.54],[298.79,154.53],[298.78,154.53],[298.76,154.53],[298.75,154.52],[298.76,154.52],[298.73,154.46]]]}},{"type":"Feature","id":"59010-123","properties":{"ridingCode":"59010","pollNumber":"123","pollType":"N","advancePollNumber":"620","sourceCode":"123-0","geometryPollNumbers":["123"],"code":"59010-123","resultPollNumbers":["123"],"resultStatus":"exact","result":{"electors":439,"voters":139,"totalVotes":139,"rejected":0,"turnout":31.662870159453306,"winnerId":"alistair-macgregor","winnerPartyId":"NDP","runnerUpId":"jeff-kibble","runnerUpPartyId":"CPC","margin":11.510791366906476,"top":[{"id":"alistair-macgregor","name":"Alistair MacGregor","shortName":"MacGregor","partyId":"NDP","votes":63,"share":45.32374100719424},{"id":"jeff-kibble","name":"Jeff Kibble","shortName":"Kibble","partyId":"CPC","votes":47,"share":33.81294964028777},{"id":"blair-herbert","name":"Blair Herbert","shortName":"Herbert","partyId":"LIB","votes":27,"share":19.424460431654676},{"id":"kathleen-code","name":"Kathleen Code","shortName":"Code","partyId":"GRN","votes":2,"share":1.4388489208633095}],"partyVotes":{"LIB":27,"CPC":47,"BQ":0,"NDP":63,"GRN":2,"PPC":0,"OTH":0}}},"geometry":{"type":"Polygon","coordinates":[[[298.9,154.6],[298.89,154.58],[298.88,154.58],[298.87,154.57],[298.89,154.53],[298.94,154.51],[298.93,154.52],[298.93,154.53],[298.93,154.54],[298.94,154.54],[299.09,154.47],[299.09,154.48],[299.31,154.38],[299.31,154.51],[299.29,154.66],[299.09,154.68],[299.07,154.69],[299.08,154.67],[299.07,154.65],[299.07,154.65],[299.05,154.63],[299.04,154.63],[299.02,154.64],[298.99,154.64],[298.95,154.66],[298.94,154.63],[298.93,154.61],[298.92,154.61],[298.91,154.6],[298.9,154.6]]]}},{"type":"Feature","id":"59010-124","properties":{"ridingCode":"59010","pollNumber":"124","pollType":"N","advancePollNumber":"624","sourceCode":"124-0","geometryPollNumbers":["124"],"code":"59010-124","resultPollNumbers":["124"],"resultStatus":"exact","result":{"electors":367,"voters":137,"totalVotes":137,"rejected":0,"turnout":37.32970027247956,"winnerId":"jeff-kibble","winnerPartyId":"CPC","runnerUpId":"alistair-macgregor","runnerUpPartyId":"NDP","margin":13.86861313868613,"top":[{"id":"jeff-kibble","name":"Jeff Kibble","shortName":"Kibble","partyId":"CPC","votes":63,"share":45.98540145985402},{"id":"alistair-macgregor","name":"Alistair MacGregor","shortName":"MacGregor","partyId":"NDP","votes":44,"share":32.11678832116788},{"id":"blair-herbert","name":"Blair Herbert","shortName":"Herbert","partyId":"LIB","votes":28,"share":20.437956204379564},{"id":"kathleen-code","name":"Kathleen Code","shortName":"Code","partyId":"GRN","votes":2,"share":1.4598540145985401}],"partyVotes":{"LIB":28,"CPC":63,"BQ":0,"NDP":44,"GRN":2,"PPC":0,"OTH":0}}},"geometry":{"type":"Polygon","coordinates":[[[298.85,154.41],[298.9,154.39],[298.89,154.4],[298.9,154.4],[298.91,154.4],[298.92,154.42],[298.91,154.43],[298.92,154.46],[298.95,154.45],[298.96,154.43],[298.98,154.39],[299.02,154.38],[299.07,154.43],[299.09,154.45],[299.09,154.47],[298.94,154.54],[298.93,154.54],[298.93,154.53],[298.93,154.52],[298.94,154.51],[298.94,154.49],[298.94,154.47],[298.94,154.47],[298.88,154.5],[298.86,154.46],[298.85,154.46],[298.85,154.45],[298.85,154.44],[298.85,154.42],[298.85,154.41]]]}},{"type":"Feature","id":"59010-125","properties":{"ridingCode":"59010","pollNumber":"125","pollType":"N","advancePollNumber":"625","sourceCode":"125-0","geometryPollNumbers":["125"],"code":"59010-125","resultPollNumbers":["125"],"resultStatus":"exact","result":{"electors":252,"voters":84,"totalVotes":84,"rejected":0,"turnout":33.33333333333333,"winnerId":"blair-herbert","winnerPartyId":"LIB","runnerUpId":"jeff-kibble","runnerUpPartyId":"CPC","margin":5.952380952380952,"top":[{"id":"blair-herbert","name":"Blair Herbert","shortName":"Herbert","partyId":"LIB","votes":41,"share":48.80952380952381},{"id":"jeff-kibble","name":"Jeff Kibble","shortName":"Kibble","partyId":"CPC","votes":36,"share":42.857142857142854},{"id":"alistair-macgregor","name":"Alistair MacGregor","shortName":"MacGregor","partyId":"NDP","votes":6,"share":7.142857142857142},{"id":"kathleen-code","name":"Kathleen Code","shortName":"Code","partyId":"GRN","votes":1,"share":1.1904761904761905}],"partyVotes":{"LIB":41,"CPC":36,"BQ":0,"NDP":6,"GRN":1,"PPC":0,"OTH":0}}},"geometry":{"type":"Polygon","coordinates":[[[299.08,154.38],[299.09,154.38],[299.1,154.38],[299.1,154.38],[299.11,154.37],[299.11,154.36],[299.1,154.35],[299.1,154.35],[299.11,154.35],[299.13,154.36],[299.13,154.37],[299.13,154.37],[299.12,154.39],[299.11,154.4],[299.11,154.4],[299.11,154.39],[299.11,154.39],[299.1,154.39],[299.09,154.39],[299.09,154.39],[299.08,154.38]]]}},{"type":"Feature","id":"59010-126","properties":{"ridingCode":"59010","pollNumber":"126","pollType":"N","advancePollNumber":"625","sourceCode":"126-0","geometryPollNumbers":["126"],"code":"59010-126","resultPollNumbers":["126"],"resultStatus":"exact","result":{"electors":357,"voters":141,"totalVotes":141,"rejected":0,"turnout":39.49579831932773,"winnerId":"blair-herbert","winnerPartyId":"LIB","runnerUpId":"jeff-kibble","runnerUpPartyId":"CPC","margin":19.858156028368796,"top":[{"id":"blair-herbert","name":"Blair Herbert","shortName":"Herbert","partyId":"LIB","votes":74,"share":52.4822695035461},{"id":"jeff-kibble","name":"Jeff Kibble","shortName":"Kibble","partyId":"CPC","votes":46,"share":32.62411347517731},{"id":"alistair-macgregor","name":"Alistair MacGregor","shortName":"MacGregor","partyId":"NDP","votes":20,"share":14.184397163120568},{"id":"kathleen-code","name":"Kathleen Code","shortName":"Code","partyId":"GRN","votes":1,"share":0.7092198581560284}],"partyVotes":{"LIB":74,"CPC":46,"BQ":0,"NDP":20,"GRN":1,"PPC":0,"OTH":0}}},"geometry":{"type":"Polygon","coordinates":[[[299.02,154.38],[298.99,154.35],[299.03,154.33],[299.02,154.32],[299.02,154.32],[299.04,154.32],[299.05,154.31],[299.05,154.31],[299.06,154.32],[299.07,154.32],[299.07,154.32],[299.08,154.34],[299.09,154.35],[299.1,154.35],[299.11,154.36],[299.11,154.37],[299.1,154.38],[299.1,154.38],[299.09,154.38],[299.08,154.38],[299.08,154.38],[299.07,154.38],[299.06,154.38],[299.06,154.39],[299.08,154.43],[299.07,154.43],[299.02,154.38]]]}},{"type":"Feature","id":"59010-127","properties":{"ridingCode":"59010","pollNumber":"127","pollType":"N","advancePollNumber":"625","sourceCode":"127-0","geometryPollNumbers":["127"],"code":"59010-127","resultPollNumbers":["127"],"resultStatus":"exact","result":{"electors":388,"voters":141,"totalVotes":141,"rejected":0,"turnout":36.340206185567006,"winnerId":"alistair-macgregor","winnerPartyId":"NDP","runnerUpId":"jeff-kibble","runnerUpPartyId":"CPC","margin":0.7092198581560284,"top":[{"id":"alistair-macgregor","name":"Alistair MacGregor","shortName":"MacGregor","partyId":"NDP","votes":57,"share":40.42553191489361},{"id":"jeff-kibble","name":"Jeff Kibble","shortName":"Kibble","partyId":"CPC","votes":56,"share":39.71631205673759},{"id":"blair-herbert","name":"Blair Herbert","shortName":"Herbert","partyId":"LIB","votes":27,"share":19.148936170212767},{"id":"kathleen-code","name":"Kathleen Code","shortName":"Code","partyId":"GRN","votes":1,"share":0.7092198581560284}],"partyVotes":{"LIB":27,"CPC":56,"BQ":0,"NDP":57,"GRN":1,"PPC":0,"OTH":0}}},"geometry":{"type":"Polygon","coordinates":[[[298.87,154.34],[298.86,154.33],[298.86,154.33],[298.87,154.29],[298.88,154.24],[298.87,154.2],[298.86,154.16],[298.91,154.14],[298.91,154.14],[298.91,154.16],[298.91,154.16],[298.91,154.17],[298.92,154.17],[298.91,154.17],[298.92,154.18],[298.96,154.22],[298.96,154.24],[298.97,154.24],[298.98,154.26],[298.98,154.27],[298.99,154.28],[299,154.3],[299,154.33],[298.99,154.35],[299.02,154.38],[298.98,154.39],[298.96,154.43],[298.95,154.45],[298.92,154.46],[298.91,154.43],[298.92,154.42],[298.91,154.4],[298.9,154.4],[298.89,154.4],[298.9,154.39],[298.94,154.37],[298.94,154.36],[298.92,154.34],[298.91,154.32],[298.91,154.32],[298.9,154.33],[298.88,154.34],[298.87,154.36],[298.87,154.34]]]}},{"type":"Feature","id":"59010-128","properties":{"ridingCode":"59010","pollNumber":"128","pollType":"N","advancePollNumber":"625","sourceCode":"128-0","geometryPollNumbers":["128"],"code":"59010-128","resultPollNumbers":["128"],"resultStatus":"exact","result":{"electors":461,"voters":152,"totalVotes":150,"rejected":2,"turnout":32.97180043383948,"winnerId":"blair-herbert","winnerPartyId":"LIB","runnerUpId":"jeff-kibble","runnerUpPartyId":"CPC","margin":10.666666666666668,"top":[{"id":"blair-herbert","name":"Blair Herbert","shortName":"Herbert","partyId":"LIB","votes":64,"share":42.66666666666667},{"id":"jeff-kibble","name":"Jeff Kibble","shortName":"Kibble","partyId":"CPC","votes":48,"share":32},{"id":"alistair-macgregor","name":"Alistair MacGregor","shortName":"MacGregor","partyId":"NDP","votes":38,"share":25.333333333333336},{"id":"kathleen-code","name":"Kathleen Code","shortName":"Code","partyId":"GRN","votes":0,"share":0}],"partyVotes":{"LIB":64,"CPC":48,"BQ":0,"NDP":38,"GRN":0,"PPC":0,"OTH":0}}},"geometry":{"type":"Polygon","coordinates":[[[299.08,154.43],[299.06,154.39],[299.06,154.38],[299.07,154.38],[299.08,154.38],[299.08,154.38],[299.09,154.39],[299.09,154.39],[299.1,154.39],[299.11,154.39],[299.11,154.39],[299.11,154.4],[299.11,154.4],[299.12,154.39],[299.13,154.37],[299.13,154.37],[299.13,154.36],[299.11,154.35],[299.1,154.35],[299.1,154.35],[299.09,154.35],[299.08,154.34],[299.07,154.32],[299.07,154.32],[299.06,154.32],[299.05,154.31],[299.05,154.31],[299.04,154.32],[299.02,154.32],[299.02,154.32],[299.03,154.33],[298.99,154.35],[299,154.33],[299,154.3],[299.06,154.27],[299.09,154.34],[299.12,154.33],[299.12,154.32],[299.11,154.31],[299.11,154.31],[299.11,154.3],[299.11,154.29],[299.1,154.27],[299.1,154.26],[299.11,154.25],[299.11,154.24],[299.09,154.21],[299.24,154.15],[299.3,154.31],[299.31,154.37],[299.31,154.38],[299.09,154.48],[299.09,154.47],[299.09,154.45],[299.07,154.43],[299.08,154.43]]]}},{"type":"Feature","id":"59010-129","properties":{"ridingCode":"59010","pollNumber":"129","pollType":"N","advancePollNumber":"625","sourceCode":"129-0","geometryPollNumbers":["129"],"code":"59010-129","resultPollNumbers":["129"],"resultStatus":"exact","result":{"electors":340,"voters":123,"totalVotes":123,"rejected":0,"turnout":36.17647058823529,"winnerId":"jeff-kibble","winnerPartyId":"CPC","runnerUpId":"alistair-macgregor","runnerUpPartyId":"NDP","margin":12.195121951219512,"top":[{"id":"jeff-kibble","name":"Jeff Kibble","shortName":"Kibble","partyId":"CPC","votes":53,"share":43.08943089430895},{"id":"alistair-macgregor","name":"Alistair MacGregor","shortName":"MacGregor","partyId":"NDP","votes":38,"share":30.89430894308943},{"id":"blair-herbert","name":"Blair Herbert","shortName":"Herbert","partyId":"LIB","votes":30,"share":24.390243902439025},{"id":"kathleen-code","name":"Kathleen Code","shortName":"Code","partyId":"GRN","votes":2,"share":1.6260162601626018}],"partyVotes":{"LIB":30,"CPC":53,"BQ":0,"NDP":38,"GRN":2,"PPC":0,"OTH":0}}},"geometry":{"type":"Polygon","coordinates":[[[298.96,154.24],[298.96,154.22],[298.92,154.18],[298.91,154.17],[298.92,154.17],[298.91,154.17],[298.91,154.16],[298.91,154.16],[298.91,154.14],[298.91,154.14],[298.93,154.12],[298.95,154.12],[299.01,154.08],[299.2,154],[299.24,154.15],[299.09,154.21],[299.11,154.24],[299.11,154.25],[299.1,154.26],[299.1,154.27],[299.11,154.29],[299.11,154.3],[299.11,154.31],[299.11,154.31],[299.12,154.32],[299.12,154.33],[299.09,154.34],[299.06,154.27],[299,154.3],[298.99,154.28],[298.98,154.27],[298.98,154.26],[298.97,154.24],[298.96,154.24]]]}},{"type":"Feature","id":"59010-130","properties":{"ridingCode":"59010","pollNumber":"130","pollType":"N","advancePollNumber":"624","sourceCode":"130-0","geometryPollNumbers":["130"],"code":"59010-130","resultPollNumbers":["130"],"resultStatus":"exact","result":{"electors":327,"voters":130,"totalVotes":130,"rejected":0,"turnout":39.75535168195719,"winnerId":"jeff-kibble","winnerPartyId":"CPC","runnerUpId":"alistair-macgregor","runnerUpPartyId":"NDP","margin":15.384615384615385,"top":[{"id":"jeff-kibble","name":"Jeff Kibble","shortName":"Kibble","partyId":"CPC","votes":58,"share":44.61538461538462},{"id":"alistair-macgregor","name":"Alistair MacGregor","shortName":"MacGregor","partyId":"NDP","votes":38,"share":29.230769230769234},{"id":"blair-herbert","name":"Blair Herbert","shortName":"Herbert","partyId":"LIB","votes":30,"share":23.076923076923077},{"id":"kathleen-code","name":"Kathleen Code","shortName":"Code","partyId":"GRN","votes":4,"share":3.076923076923077}],"partyVotes":{"LIB":30,"CPC":58,"BQ":0,"NDP":38,"GRN":4,"PPC":0,"OTH":0}}},"geometry":{"type":"Polygon","coordinates":[[[298.7,154.42],[298.71,154.38],[298.79,154.29],[298.81,154.29],[298.84,154.31],[298.86,154.33],[298.86,154.33],[298.86,154.33],[298.87,154.34],[298.87,154.36],[298.87,154.37],[298.85,154.38],[298.84,154.38],[298.83,154.42],[298.77,154.45],[298.75,154.42],[298.69,154.45],[298.69,154.43],[298.7,154.42],[298.7,154.42],[298.7,154.42]]]}},{"type":"Feature","id":"59010-131","properties":{"ridingCode":"59010","pollNumber":"131","pollType":"N","advancePollNumber":"624","sourceCode":"131-0","geometryPollNumbers":["131","513"],"code":"59010-131","resultPollNumbers":["131"],"resultStatus":"resolved-combination","result":{"electors":430,"voters":144,"totalVotes":143,"rejected":1,"turnout":33.48837209302326,"winnerId":"jeff-kibble","winnerPartyId":"CPC","runnerUpId":"alistair-macgregor","runnerUpPartyId":"NDP","margin":11.888111888111888,"top":[{"id":"jeff-kibble","name":"Jeff Kibble","shortName":"Kibble","partyId":"CPC","votes":66,"share":46.15384615384615},{"id":"alistair-macgregor","name":"Alistair MacGregor","shortName":"MacGregor","partyId":"NDP","votes":49,"share":34.26573426573427},{"id":"blair-herbert","name":"Blair Herbert","shortName":"Herbert","partyId":"LIB","votes":21,"share":14.685314685314685},{"id":"kathleen-code","name":"Kathleen Code","shortName":"Code","partyId":"GRN","votes":7,"share":4.895104895104895}],"partyVotes":{"LIB":21,"CPC":66,"BQ":0,"NDP":49,"GRN":7,"PPC":0,"OTH":0}}},"geometry":{"type":"MultiPolygon","coordinates":[[[[298.64,154.36],[298.66,154.33],[298.69,154.32],[298.7,154.33],[298.71,154.35],[298.71,154.35],[298.72,154.34],[298.67,154.24],[298.76,154.2],[298.85,154.16],[298.82,154.11],[298.83,154.11],[298.85,154.13],[298.86,154.16],[298.87,154.2],[298.88,154.24],[298.87,154.29],[298.86,154.33],[298.86,154.33],[298.84,154.31],[298.81,154.29],[298.79,154.29],[298.71,154.38],[298.7,154.42],[298.7,154.42],[298.7,154.42],[298.69,154.43],[298.69,154.45],[298.69,154.46],[298.68,154.48],[298.68,154.49],[298.67,154.49],[298.67,154.48],[298.65,154.46],[298.64,154.44],[298.63,154.43],[298.64,154.43],[298.62,154.41],[298.61,154.4],[298.61,154.38],[298.62,154.36],[298.63,154.36],[298.64,154.36]]],[[[298.7,154.42],[298.7,154.42],[298.7,154.42],[298.7,154.42],[298.7,154.42]]]]}},{"type":"Feature","id":"59010-132","properties":{"ridingCode":"59010","pollNumber":"132","pollType":"N","advancePollNumber":"625","sourceCode":"132-0","geometryPollNumbers":["132"],"code":"59010-132","resultPollNumbers":["132"],"resultStatus":"exact","result":{"electors":423,"voters":127,"totalVotes":127,"rejected":0,"turnout":30.023640661938533,"winnerId":"jeff-kibble","winnerPartyId":"CPC","runnerUpId":"alistair-macgregor","runnerUpPartyId":"NDP","margin":11.023622047244094,"top":[{"id":"jeff-kibble","name":"Jeff Kibble","shortName":"Kibble","partyId":"CPC","votes":54,"share":42.51968503937008},{"id":"alistair-macgregor","name":"Alistair MacGregor","shortName":"MacGregor","partyId":"NDP","votes":40,"share":31.496062992125985},{"id":"blair-herbert","name":"Blair Herbert","shortName":"Herbert","partyId":"LIB","votes":31,"share":24.409448818897637},{"id":"kathleen-code","name":"Kathleen Code","shortName":"Code","partyId":"GRN","votes":2,"share":1.574803149606299}],"partyVotes":{"LIB":31,"CPC":54,"BQ":0,"NDP":40,"GRN":2,"PPC":0,"OTH":0}}},"geometry":{"type":"Polygon","coordinates":[[[298.68,154.11],[298.68,154.09],[298.66,154.08],[298.66,154.08],[298.67,154.08],[298.68,154.08],[298.68,154.08],[298.68,154.07],[298.68,154.06],[298.69,154.06],[298.71,154.04],[298.72,154.04],[298.72,154.04],[298.74,154.04],[298.76,154.04],[298.77,154.04],[298.78,154.04],[298.78,154.05],[298.77,154.06],[298.76,154.07],[298.77,154.08],[298.77,154.08],[298.78,154.08],[298.79,154.07],[298.81,154.08],[298.81,154.08],[298.8,154.04],[298.82,154.09],[298.83,154.11],[298.82,154.11],[298.85,154.16],[298.76,154.2],[298.67,154.24],[298.64,154.17],[298.63,154.13],[298.62,154.11],[298.62,154.1],[298.62,154.08],[298.63,154.09],[298.68,154.11]]]}},{"type":"Feature","id":"59010-133","properties":{"ridingCode":"59010","pollNumber":"133","pollType":"N","advancePollNumber":"625","sourceCode":"133-0","geometryPollNumbers":["133"],"code":"59010-133","resultPollNumbers":["133"],"resultStatus":"exact","result":{"electors":556,"voters":168,"totalVotes":168,"rejected":0,"turnout":30.215827338129497,"winnerId":"jeff-kibble","winnerPartyId":"CPC","runnerUpId":"alistair-macgregor","runnerUpPartyId":"NDP","margin":10.714285714285714,"top":[{"id":"jeff-kibble","name":"Jeff Kibble","shortName":"Kibble","partyId":"CPC","votes":68,"share":40.476190476190474},{"id":"alistair-macgregor","name":"Alistair MacGregor","shortName":"MacGregor","partyId":"NDP","votes":50,"share":29.761904761904763},{"id":"blair-herbert","name":"Blair Herbert","shortName":"Herbert","partyId":"LIB","votes":42,"share":25},{"id":"kathleen-code","name":"Kathleen Code","shortName":"Code","partyId":"GRN","votes":8,"share":4.761904761904762}],"partyVotes":{"LIB":42,"CPC":68,"BQ":0,"NDP":50,"GRN":8,"PPC":0,"OTH":0}}},"geometry":{"type":"Polygon","coordinates":[[[298.6,154.08],[298.58,154.03],[298.6,154.02],[298.63,154.03],[298.64,154.03],[298.65,154.02],[298.66,154.01],[298.72,153.97],[298.73,153.98],[298.73,153.99],[298.73,154],[298.74,154.01],[298.75,154.01],[298.76,154.03],[298.79,154.04],[298.8,154.04],[298.78,154.05],[298.78,154.04],[298.77,154.04],[298.76,154.04],[298.74,154.04],[298.72,154.04],[298.72,154.04],[298.71,154.04],[298.69,154.06],[298.68,154.06],[298.68,154.07],[298.68,154.08],[298.68,154.08],[298.67,154.08],[298.66,154.08],[298.66,154.08],[298.68,154.09],[298.68,154.11],[298.63,154.09],[298.62,154.08],[298.6,154.08]]]}},{"type":"Feature","id":"59010-134","properties":{"ridingCode":"59010","pollNumber":"134","pollType":"N","advancePollNumber":"626","sourceCode":"134-0","geometryPollNumbers":["134"],"code":"59010-134","resultPollNumbers":["134"],"resultStatus":"exact","result":{"electors":464,"voters":122,"totalVotes":122,"rejected":0,"turnout":26.29310344827586,"winnerId":"blair-herbert","winnerPartyId":"LIB","runnerUpId":"alistair-macgregor","runnerUpPartyId":"NDP","margin":0.819672131147541,"top":[{"id":"blair-herbert","name":"Blair Herbert","shortName":"Herbert","partyId":"LIB","votes":43,"share":35.24590163934426},{"id":"alistair-macgregor","name":"Alistair MacGregor","shortName":"MacGregor","partyId":"NDP","votes":42,"share":34.42622950819672},{"id":"jeff-kibble","name":"Jeff Kibble","shortName":"Kibble","partyId":"CPC","votes":36,"share":29.508196721311474},{"id":"kathleen-code","name":"Kathleen Code","shortName":"Code","partyId":"GRN","votes":1,"share":0.819672131147541}],"partyVotes":{"LIB":43,"CPC":36,"BQ":0,"NDP":42,"GRN":1,"PPC":0,"OTH":0}}},"geometry":{"type":"Polygon","coordinates":[[[298.79,154.04],[298.76,154.03],[298.75,154.01],[298.74,154.01],[298.73,154],[298.73,153.99],[298.73,153.98],[298.74,153.97],[298.76,153.96],[298.78,153.95],[298.77,153.93],[298.78,153.93],[298.78,153.91],[298.78,153.9],[298.78,153.89],[298.77,153.89],[298.77,153.88],[298.79,153.87],[298.79,153.87],[298.8,153.87],[298.8,153.89],[298.81,153.92],[298.8,153.92],[298.8,153.93],[298.79,153.94],[298.79,153.97],[298.81,154.01],[298.81,154.01],[298.82,154.03],[298.8,154.04],[298.81,154.08],[298.81,154.08],[298.79,154.07],[298.78,154.08],[298.77,154.08],[298.77,154.08],[298.76,154.07],[298.77,154.06],[298.78,154.05],[298.8,154.04],[298.79,154.04]]]}},{"type":"Feature","id":"59010-135","properties":{"ridingCode":"59010","pollNumber":"135","pollType":"N","advancePollNumber":"622","sourceCode":"135-0","geometryPollNumbers":["135"],"code":"59010-135","resultPollNumbers":["135"],"resultStatus":"exact","result":{"electors":255,"voters":100,"totalVotes":100,"rejected":0,"turnout":39.21568627450981,"winnerId":"alistair-macgregor","winnerPartyId":"NDP","runnerUpId":"jeff-kibble","runnerUpPartyId":"CPC","margin":5,"top":[{"id":"alistair-macgregor","name":"Alistair MacGregor","shortName":"MacGregor","partyId":"NDP","votes":40,"share":40},{"id":"jeff-kibble","name":"Jeff Kibble","shortName":"Kibble","partyId":"CPC","votes":35,"share":35},{"id":"blair-herbert","name":"Blair Herbert","shortName":"Herbert","partyId":"LIB","votes":24,"share":24},{"id":"kathleen-code","name":"Kathleen Code","shortName":"Code","partyId":"GRN","votes":1,"share":1}],"partyVotes":{"LIB":24,"CPC":35,"BQ":0,"NDP":40,"GRN":1,"PPC":0,"OTH":0}}},"geometry":{"type":"Polygon","coordinates":[[[298.03,154.58],[298.01,154.57],[298,154.59],[297.96,154.57],[297.96,154.56],[297.95,154.55],[297.96,154.53],[297.96,154.5],[297.95,154.5],[297.95,154.49],[297.93,154.49],[297.92,154.48],[297.95,154.46],[297.97,154.46],[297.98,154.46],[298,154.46],[298.02,154.46],[298.02,154.44],[298.05,154.42],[298.06,154.42],[298.1,154.41],[298.12,154.4],[298.13,154.4],[298.14,154.42],[298.15,154.42],[298.15,154.41],[298.16,154.41],[298.18,154.41],[298.2,154.4],[298.21,154.39],[298.22,154.38],[298.22,154.39],[298.23,154.41],[298.14,154.44],[298.19,154.49],[298.25,154.52],[298.28,154.55],[298.27,154.56],[298.26,154.57],[298.25,154.59],[298.24,154.59],[298.23,154.6],[298.21,154.59],[298.2,154.59],[298.19,154.59],[298.18,154.6],[298.17,154.59],[298.15,154.57],[298.14,154.58],[298.12,154.57],[298.1,154.57],[298.07,154.58],[298.06,154.58],[298.06,154.58],[298.05,154.58],[298.03,154.58]]]}},{"type":"Feature","id":"59010-136","properties":{"ridingCode":"59010","pollNumber":"136","pollType":"N","advancePollNumber":"622","sourceCode":"136-0","geometryPollNumbers":["136"],"code":"59010-136","resultPollNumbers":["136"],"resultStatus":"exact","result":{"electors":344,"voters":130,"totalVotes":130,"rejected":0,"turnout":37.7906976744186,"winnerId":"jeff-kibble","winnerPartyId":"CPC","runnerUpId":"alistair-macgregor","runnerUpPartyId":"NDP","margin":31.538461538461537,"top":[{"id":"jeff-kibble","name":"Jeff Kibble","shortName":"Kibble","partyId":"CPC","votes":72,"share":55.38461538461539},{"id":"alistair-macgregor","name":"Alistair MacGregor","shortName":"MacGregor","partyId":"NDP","votes":31,"share":23.846153846153847},{"id":"blair-herbert","name":"Blair Herbert","shortName":"Herbert","partyId":"LIB","votes":26,"share":20},{"id":"kathleen-code","name":"Kathleen Code","shortName":"Code","partyId":"GRN","votes":1,"share":0.7692307692307693}],"partyVotes":{"LIB":26,"CPC":72,"BQ":0,"NDP":31,"GRN":1,"PPC":0,"OTH":0}}},"geometry":{"type":"Polygon","coordinates":[[[298.23,154.41],[298.22,154.39],[298.23,154.41],[298.31,154.37],[298.35,154.35],[298.37,154.37],[298.38,154.37],[298.39,154.38],[298.41,154.38],[298.42,154.39],[298.42,154.39],[298.43,154.39],[298.44,154.39],[298.44,154.39],[298.45,154.4],[298.46,154.4],[298.46,154.41],[298.46,154.41],[298.47,154.4],[298.47,154.41],[298.47,154.41],[298.48,154.43],[298.46,154.47],[298.45,154.48],[298.28,154.55],[298.25,154.52],[298.19,154.49],[298.14,154.44],[298.23,154.41]]]}},{"type":"Feature","id":"59010-137","properties":{"ridingCode":"59010","pollNumber":"137","pollType":"N","advancePollNumber":"622","sourceCode":"137-0","geometryPollNumbers":["137"],"code":"59010-137","resultPollNumbers":["137"],"resultStatus":"exact","result":{"electors":418,"voters":127,"totalVotes":127,"rejected":0,"turnout":30.38277511961722,"winnerId":"jeff-kibble","winnerPartyId":"CPC","runnerUpId":"alistair-macgregor","runnerUpPartyId":"NDP","margin":6.299212598425196,"top":[{"id":"jeff-kibble","name":"Jeff Kibble","shortName":"Kibble","partyId":"CPC","votes":55,"share":43.30708661417323},{"id":"alistair-macgregor","name":"Alistair MacGregor","shortName":"MacGregor","partyId":"NDP","votes":47,"share":37.00787401574803},{"id":"blair-herbert","name":"Blair Herbert","shortName":"Herbert","partyId":"LIB","votes":24,"share":18.89763779527559},{"id":"kathleen-code","name":"Kathleen Code","shortName":"Code","partyId":"GRN","votes":1,"share":0.7874015748031495}],"partyVotes":{"LIB":24,"CPC":55,"BQ":0,"NDP":47,"GRN":1,"PPC":0,"OTH":0}}},"geometry":{"type":"Polygon","coordinates":[[[298.12,154.4],[298.11,154.38],[298.12,154.38],[298.14,154.36],[298.17,154.32],[298.19,154.29],[298.2,154.31],[298.2,154.33],[298.2,154.34],[298.19,154.35],[298.2,154.36],[298.22,154.37],[298.22,154.38],[298.21,154.39],[298.2,154.4],[298.18,154.41],[298.16,154.41],[298.15,154.41],[298.15,154.42],[298.14,154.42],[298.13,154.4],[298.12,154.4]]]}},{"type":"Feature","id":"59010-138","properties":{"ridingCode":"59010","pollNumber":"138","pollType":"N","advancePollNumber":"622","sourceCode":"138-0","geometryPollNumbers":["138"],"code":"59010-138","resultPollNumbers":["138"],"resultStatus":"exact","result":{"electors":330,"voters":131,"totalVotes":131,"rejected":0,"turnout":39.696969696969695,"winnerId":"jeff-kibble","winnerPartyId":"CPC","runnerUpId":"blair-herbert","runnerUpPartyId":"LIB","margin":25.954198473282442,"top":[{"id":"jeff-kibble","name":"Jeff Kibble","shortName":"Kibble","partyId":"CPC","votes":66,"share":50.38167938931297},{"id":"blair-herbert","name":"Blair Herbert","shortName":"Herbert","partyId":"LIB","votes":32,"share":24.427480916030532},{"id":"alistair-macgregor","name":"Alistair MacGregor","shortName":"MacGregor","partyId":"NDP","votes":31,"share":23.66412213740458},{"id":"kathleen-code","name":"Kathleen Code","shortName":"Code","partyId":"GRN","votes":2,"share":1.5267175572519083}],"partyVotes":{"LIB":32,"CPC":66,"BQ":0,"NDP":31,"GRN":2,"PPC":0,"OTH":0}}},"geometry":{"type":"Polygon","coordinates":[[[298.22,154.39],[298.22,154.38],[298.22,154.37],[298.2,154.36],[298.19,154.35],[298.2,154.34],[298.21,154.34],[298.23,154.34],[298.23,154.34],[298.24,154.35],[298.25,154.36],[298.28,154.34],[298.29,154.34],[298.31,154.36],[298.31,154.37],[298.23,154.41],[298.22,154.39]]]}},{"type":"Feature","id":"59010-139","properties":{"ridingCode":"59010","pollNumber":"139","pollType":"N","advancePollNumber":"622","sourceCode":"139-0","geometryPollNumbers":["139"],"code":"59010-139","resultPollNumbers":["139"],"resultStatus":"exact","result":{"electors":451,"voters":139,"totalVotes":138,"rejected":1,"turnout":30.820399113082043,"winnerId":"jeff-kibble","winnerPartyId":"CPC","runnerUpId":"alistair-macgregor","runnerUpPartyId":"NDP","margin":16.666666666666664,"top":[{"id":"jeff-kibble","name":"Jeff Kibble","shortName":"Kibble","partyId":"CPC","votes":70,"share":50.72463768115942},{"id":"alistair-macgregor","name":"Alistair MacGregor","shortName":"MacGregor","partyId":"NDP","votes":47,"share":34.05797101449276},{"id":"blair-herbert","name":"Blair Herbert","shortName":"Herbert","partyId":"LIB","votes":15,"share":10.869565217391305},{"id":"kathleen-code","name":"Kathleen Code","shortName":"Code","partyId":"GRN","votes":6,"share":4.3478260869565215}],"partyVotes":{"LIB":15,"CPC":70,"BQ":0,"NDP":47,"GRN":6,"PPC":0,"OTH":0}}},"geometry":{"type":"Polygon","coordinates":[[[296.94,154.53],[296.88,154.39],[296.85,154.33],[296.88,154.31],[296.88,154.3],[296.95,154.26],[296.96,154.28],[296.99,154.26],[296.98,154.25],[297,154.24],[296.99,154.23],[297.01,154.22],[297,154.2],[297.02,154.19],[297,154.14],[296.87,154.19],[296.81,154.07],[297.07,153.94],[297.1,154.01],[297.07,154.03],[297.1,154.09],[297.06,154.11],[297.09,154.16],[297.21,154.1],[297.24,154.17],[297.27,154.15],[297.29,154.19],[297.38,154.14],[297.39,154.15],[297.43,154.13],[297.44,154.16],[297.44,154.16],[297.5,154.3],[297.64,154.23],[297.63,154.2],[297.68,154.18],[297.65,154.12],[297.74,154.08],[297.75,154.11],[297.8,154.09],[297.83,154.14],[297.86,154.13],[297.77,153.94],[297.89,153.88],[297.88,153.85],[297.93,153.83],[297.96,153.9],[297.92,153.92],[297.93,153.93],[297.99,154.09],[298.13,154.05],[298.12,154.03],[298.15,154.02],[298.14,153.98],[298.15,153.97],[298.15,153.98],[298.16,153.98],[298.16,153.96],[298.16,153.96],[298.16,153.96],[298.15,153.96],[298.14,153.96],[298.17,153.94],[298.18,153.96],[298.23,154.11],[298.18,154.13],[298.16,154.14],[298.15,154.14],[298.16,154.15],[298.15,154.19],[298.14,154.18],[298.08,154.21],[298.11,154.29],[298.08,154.31],[298.11,154.38],[298.12,154.4],[298.1,154.41],[298.06,154.42],[298.05,154.42],[298.02,154.44],[298.02,154.46],[298,154.46],[297.98,154.46],[297.97,154.46],[297.95,154.46],[297.92,154.48],[297.93,154.49],[297.95,154.49],[297.95,154.5],[297.96,154.5],[297.96,154.53],[297.95,154.55],[297.96,154.56],[297.96,154.57],[298,154.59],[298.01,154.57],[298.03,154.58],[298.02,154.59],[298.02,154.6],[298.01,154.6],[297.98,154.59],[297.93,154.58],[297.91,154.55],[297.9,154.55],[297.9,154.55],[297.89,154.55],[297.86,154.54],[297.85,154.54],[297.84,154.54],[297.82,154.52],[297.82,154.51],[297.81,154.51],[297.8,154.51],[297.78,154.5],[297.77,154.49],[297.76,154.48],[297.75,154.49],[297.74,154.49],[297.73,154.48],[297.73,154.48],[297.7,154.49],[297.66,154.5],[297.64,154.49],[297.64,154.48],[297.64,154.47],[297.63,154.46],[297.62,154.46],[297.59,154.45],[297.58,154.45],[297.57,154.46],[297.52,154.46],[297.5,154.47],[297.48,154.46],[297.48,154.45],[297.49,154.45],[297.48,154.44],[297.47,154.44],[297.46,154.44],[297.45,154.44],[297.4,154.45],[297.37,154.46],[297.35,154.46],[297.24,154.48],[297.23,154.49],[297.22,154.49],[297.22,154.51],[297.21,154.51],[297.2,154.51],[297.18,154.51],[297.16,154.52],[297.16,154.53],[297.15,154.55],[297.13,154.55],[297.11,154.56],[297.1,154.56],[297.06,154.58],[297.04,154.59],[297.01,154.59],[297.01,154.59],[296.99,154.59],[296.98,154.56],[296.96,154.56],[296.95,154.55],[296.94,154.53]]]}},{"type":"Feature","id":"59010-140","properties":{"ridingCode":"59010","pollNumber":"140","pollType":"N","advancePollNumber":"622","sourceCode":"140-0","geometryPollNumbers":["140"],"code":"59010-140","resultPollNumbers":["140"],"resultStatus":"exact","result":{"electors":469,"voters":186,"totalVotes":185,"rejected":1,"turnout":39.6588486140725,"winnerId":"jeff-kibble","winnerPartyId":"CPC","runnerUpId":"alistair-macgregor","runnerUpPartyId":"NDP","margin":9.72972972972973,"top":[{"id":"jeff-kibble","name":"Jeff Kibble","shortName":"Kibble","partyId":"CPC","votes":82,"share":44.32432432432433},{"id":"alistair-macgregor","name":"Alistair MacGregor","shortName":"MacGregor","partyId":"NDP","votes":64,"share":34.5945945945946},{"id":"blair-herbert","name":"Blair Herbert","shortName":"Herbert","partyId":"LIB","votes":33,"share":17.83783783783784},{"id":"kathleen-code","name":"Kathleen Code","shortName":"Code","partyId":"GRN","votes":6,"share":3.2432432432432434}],"partyVotes":{"LIB":33,"CPC":82,"BQ":0,"NDP":64,"GRN":6,"PPC":0,"OTH":0}}},"geometry":{"type":"Polygon","coordinates":[[[298.27,154.3],[298.25,154.26],[298.26,154.25],[298.27,154.26],[298.27,154.26],[298.28,154.26],[298.29,154.25],[298.29,154.26],[298.29,154.27],[298.3,154.28],[298.31,154.28],[298.32,154.28],[298.33,154.28],[298.34,154.29],[298.35,154.32],[298.4,154.3],[298.41,154.31],[298.41,154.32],[298.35,154.35],[298.31,154.37],[298.31,154.36],[298.29,154.34],[298.28,154.34],[298.25,154.36],[298.24,154.35],[298.23,154.34],[298.23,154.34],[298.21,154.34],[298.2,154.34],[298.2,154.33],[298.27,154.3]]]}},{"type":"Feature","id":"59010-141","properties":{"ridingCode":"59010","pollNumber":"141","pollType":"N","advancePollNumber":"622","sourceCode":"141-0","geometryPollNumbers":["141"],"code":"59010-141","resultPollNumbers":["141"],"resultStatus":"exact","result":{"electors":421,"voters":138,"totalVotes":138,"rejected":0,"turnout":32.779097387173394,"winnerId":"jeff-kibble","winnerPartyId":"CPC","runnerUpId":"alistair-macgregor","runnerUpPartyId":"NDP","margin":37.68115942028986,"top":[{"id":"jeff-kibble","name":"Jeff Kibble","shortName":"Kibble","partyId":"CPC","votes":82,"share":59.42028985507246},{"id":"alistair-macgregor","name":"Alistair MacGregor","shortName":"MacGregor","partyId":"NDP","votes":30,"share":21.73913043478261},{"id":"blair-herbert","name":"Blair Herbert","shortName":"Herbert","partyId":"LIB","votes":26,"share":18.84057971014493},{"id":"kathleen-code","name":"Kathleen Code","shortName":"Code","partyId":"GRN","votes":0,"share":0}],"partyVotes":{"LIB":26,"CPC":82,"BQ":0,"NDP":30,"GRN":0,"PPC":0,"OTH":0}}},"geometry":{"type":"Polygon","coordinates":[[[298.11,154.38],[298.08,154.31],[298.11,154.29],[298.08,154.21],[298.14,154.18],[298.15,154.19],[298.16,154.15],[298.15,154.14],[298.16,154.14],[298.18,154.13],[298.23,154.11],[298.23,154.13],[298.24,154.18],[298.25,154.18],[298.29,154.22],[298.33,154.24],[298.35,154.27],[298.34,154.29],[298.33,154.28],[298.32,154.28],[298.31,154.28],[298.3,154.28],[298.29,154.27],[298.29,154.26],[298.29,154.25],[298.28,154.26],[298.27,154.26],[298.27,154.26],[298.26,154.25],[298.25,154.26],[298.27,154.3],[298.2,154.33],[298.2,154.31],[298.19,154.29],[298.17,154.32],[298.14,154.36],[298.12,154.38],[298.11,154.38]]]}},{"type":"Feature","id":"59010-142","properties":{"ridingCode":"59010","pollNumber":"142","pollType":"N","advancePollNumber":"626","sourceCode":"142-0","geometryPollNumbers":["142"],"code":"59010-142","resultPollNumbers":["142"],"resultStatus":"exact","result":{"electors":325,"voters":109,"totalVotes":109,"rejected":0,"turnout":33.53846153846154,"winnerId":"jeff-kibble","winnerPartyId":"CPC","runnerUpId":"blair-herbert","runnerUpPartyId":"LIB","margin":26.605504587155966,"top":[{"id":"jeff-kibble","name":"Jeff Kibble","shortName":"Kibble","partyId":"CPC","votes":57,"share":52.293577981651374},{"id":"blair-herbert","name":"Blair Herbert","shortName":"Herbert","partyId":"LIB","votes":28,"share":25.688073394495415},{"id":"alistair-macgregor","name":"Alistair MacGregor","shortName":"MacGregor","partyId":"NDP","votes":23,"share":21.100917431192663},{"id":"kathleen-code","name":"Kathleen Code","shortName":"Code","partyId":"GRN","votes":1,"share":0.9174311926605505}],"partyVotes":{"LIB":28,"CPC":57,"BQ":0,"NDP":23,"GRN":1,"PPC":0,"OTH":0}}},"geometry":{"type":"Polygon","coordinates":[[[297.93,153.93],[297.99,153.91],[297.96,153.85],[297.99,153.83],[297.97,153.78],[298,153.76],[297.93,153.61],[297.98,153.59],[297.96,153.54],[297.96,153.54],[297.98,153.54],[297.99,153.55],[298.02,153.56],[298.04,153.57],[298.06,153.56],[298.06,153.56],[298.08,153.57],[298.08,153.58],[298.09,153.58],[298.12,153.59],[298.13,153.6],[298.13,153.61],[298.13,153.64],[298.11,153.66],[298.13,153.68],[298.13,153.69],[298.13,153.7],[298.14,153.72],[298.15,153.75],[298.14,153.79],[298.12,153.86],[298.12,153.88],[298.12,153.89],[298.16,153.91],[298.17,153.94],[298.14,153.96],[298.15,153.96],[298.16,153.96],[298.16,153.96],[298.16,153.96],[298.16,153.98],[298.15,153.98],[298.15,153.97],[298.14,153.98],[298.15,154.02],[298.12,154.03],[298.13,154.05],[297.99,154.09],[297.93,153.93]]]}},{"type":"Feature","id":"59010-143","properties":{"ridingCode":"59010","pollNumber":"143","pollType":"N","advancePollNumber":"626","sourceCode":"143-0","geometryPollNumbers":["143"],"code":"59010-143","resultPollNumbers":["143"],"resultStatus":"exact","result":{"electors":420,"voters":119,"totalVotes":119,"rejected":0,"turnout":28.333333333333332,"winnerId":"jeff-kibble","winnerPartyId":"CPC","runnerUpId":"alistair-macgregor","runnerUpPartyId":"NDP","margin":36.97478991596639,"top":[{"id":"jeff-kibble","name":"Jeff Kibble","shortName":"Kibble","partyId":"CPC","votes":68,"share":57.14285714285714},{"id":"alistair-macgregor","name":"Alistair MacGregor","shortName":"MacGregor","partyId":"NDP","votes":24,"share":20.168067226890756},{"id":"blair-herbert","name":"Blair Herbert","shortName":"Herbert","partyId":"LIB","votes":23,"share":19.327731092436977},{"id":"kathleen-code","name":"Kathleen Code","shortName":"Code","partyId":"GRN","votes":4,"share":3.361344537815126}],"partyVotes":{"LIB":23,"CPC":68,"BQ":0,"NDP":24,"GRN":4,"PPC":0,"OTH":0}}},"geometry":{"type":"Polygon","coordinates":[[[297.9,153.24],[297.84,153.09],[297.91,153.06],[297.9,153.03],[297.95,153.01],[297.91,152.94],[298.05,152.87],[298.07,152.9],[298.1,152.88],[298.13,152.95],[298.15,152.94],[298.16,152.98],[298.28,152.93],[298.29,152.96],[298.28,153],[298.28,153.01],[298.3,153.04],[298.3,153.05],[298.3,153.09],[298.29,153.14],[298.3,153.16],[298.34,153.2],[298.33,153.21],[298.31,153.21],[298.3,153.21],[298.29,153.22],[298.29,153.23],[298.28,153.24],[298.27,153.25],[298.26,153.25],[298.25,153.26],[298.24,153.26],[298.24,153.26],[298.23,153.27],[298.2,153.31],[298.2,153.32],[298.18,153.33],[298.16,153.35],[298.14,153.38],[298.15,153.41],[298.14,153.45],[298.14,153.46],[298.15,153.46],[298.16,153.48],[298.15,153.49],[298.15,153.5],[298.15,153.53],[298.15,153.54],[298.14,153.55],[298.14,153.56],[298.13,153.58],[298.13,153.61],[298.13,153.61],[298.13,153.6],[298.12,153.59],[298.09,153.58],[298.08,153.58],[298.08,153.57],[298.06,153.56],[298.06,153.56],[298.04,153.57],[298.02,153.56],[297.99,153.55],[297.98,153.54],[297.96,153.54],[297.96,153.54],[297.94,153.52],[297.92,153.53],[297.91,153.5],[297.9,153.5],[297.86,153.43],[297.93,153.39],[297.86,153.26],[297.9,153.24]]]}},{"type":"Feature","id":"59010-144","properties":{"ridingCode":"59010","pollNumber":"144","pollType":"N","advancePollNumber":"624","sourceCode":"144-0","geometryPollNumbers":["144"],"code":"59010-144","resultPollNumbers":["144"],"resultStatus":"exact","result":{"electors":453,"voters":136,"totalVotes":134,"rejected":2,"turnout":30.022075055187635,"winnerId":"jeff-kibble","winnerPartyId":"CPC","runnerUpId":"blair-herbert","runnerUpPartyId":"LIB","margin":14.17910447761194,"top":[{"id":"jeff-kibble","name":"Jeff Kibble","shortName":"Kibble","partyId":"CPC","votes":58,"share":43.28358208955223},{"id":"blair-herbert","name":"Blair Herbert","shortName":"Herbert","partyId":"LIB","votes":39,"share":29.1044776119403},{"id":"alistair-macgregor","name":"Alistair MacGregor","shortName":"MacGregor","partyId":"NDP","votes":35,"share":26.119402985074625},{"id":"kathleen-code","name":"Kathleen Code","shortName":"Code","partyId":"GRN","votes":2,"share":1.4925373134328357}],"partyVotes":{"LIB":39,"CPC":58,"BQ":0,"NDP":35,"GRN":2,"PPC":0,"OTH":0}}},"geometry":{"type":"Polygon","coordinates":[[[298.46,154.47],[298.48,154.43],[298.47,154.41],[298.47,154.41],[298.47,154.4],[298.47,154.4],[298.49,154.4],[298.5,154.4],[298.51,154.4],[298.51,154.4],[298.51,154.41],[298.54,154.4],[298.55,154.4],[298.56,154.41],[298.56,154.41],[298.61,154.42],[298.62,154.42],[298.63,154.43],[298.56,154.46],[298.6,154.54],[298.47,154.5],[298.47,154.48],[298.46,154.47]]]}},{"type":"Feature","id":"59010-145","properties":{"ridingCode":"59010","pollNumber":"145","pollType":"N","advancePollNumber":"623","sourceCode":"145-0","geometryPollNumbers":["145"],"code":"59010-145","resultPollNumbers":["145"],"resultStatus":"exact","result":{"electors":273,"voters":100,"totalVotes":100,"rejected":0,"turnout":36.63003663003663,"winnerId":"jeff-kibble","winnerPartyId":"CPC","runnerUpId":"alistair-macgregor","runnerUpPartyId":"NDP","margin":15,"top":[{"id":"jeff-kibble","name":"Jeff Kibble","shortName":"Kibble","partyId":"CPC","votes":44,"share":44},{"id":"alistair-macgregor","name":"Alistair MacGregor","shortName":"MacGregor","partyId":"NDP","votes":29,"share":28.999999999999996},{"id":"blair-herbert","name":"Blair Herbert","shortName":"Herbert","partyId":"LIB","votes":24,"share":24},{"id":"kathleen-code","name":"Kathleen Code","shortName":"Code","partyId":"GRN","votes":3,"share":3}],"partyVotes":{"LIB":24,"CPC":44,"BQ":0,"NDP":29,"GRN":3,"PPC":0,"OTH":0}}},"geometry":{"type":"Polygon","coordinates":[[[298.35,154.35],[298.41,154.32],[298.41,154.31],[298.4,154.3],[298.46,154.27],[298.47,154.29],[298.52,154.27],[298.51,154.28],[298.53,154.28],[298.55,154.31],[298.56,154.34],[298.55,154.34],[298.56,154.37],[298.55,154.37],[298.51,154.4],[298.51,154.4],[298.5,154.4],[298.49,154.4],[298.47,154.4],[298.47,154.4],[298.46,154.41],[298.46,154.41],[298.46,154.4],[298.45,154.4],[298.44,154.39],[298.44,154.39],[298.43,154.39],[298.42,154.39],[298.42,154.39],[298.41,154.38],[298.39,154.38],[298.38,154.37],[298.37,154.37],[298.35,154.35]]]}},{"type":"Feature","id":"59010-146","properties":{"ridingCode":"59010","pollNumber":"146","pollType":"N","advancePollNumber":"625","sourceCode":"146-0","geometryPollNumbers":["146"],"code":"59010-146","resultPollNumbers":["146"],"resultStatus":"exact","result":{"electors":355,"voters":108,"totalVotes":108,"rejected":0,"turnout":30.422535211267604,"winnerId":"alistair-macgregor","winnerPartyId":"NDP","runnerUpId":"jeff-kibble","runnerUpPartyId":"CPC","margin":3.7037037037037033,"top":[{"id":"alistair-macgregor","name":"Alistair MacGregor","shortName":"MacGregor","partyId":"NDP","votes":46,"share":42.592592592592595},{"id":"jeff-kibble","name":"Jeff Kibble","shortName":"Kibble","partyId":"CPC","votes":42,"share":38.88888888888889},{"id":"blair-herbert","name":"Blair Herbert","shortName":"Herbert","partyId":"LIB","votes":19,"share":17.59259259259259},{"id":"kathleen-code","name":"Kathleen Code","shortName":"Code","partyId":"GRN","votes":1,"share":0.9259259259259258}],"partyVotes":{"LIB":19,"CPC":42,"BQ":0,"NDP":46,"GRN":1,"PPC":0,"OTH":0}}},"geometry":{"type":"Polygon","coordinates":[[[298.52,154.27],[298.54,154.18],[298.55,154.17],[298.57,154.15],[298.57,154.14],[298.57,154.12],[298.57,154.08],[298.57,154.07],[298.57,154.04],[298.57,154.04],[298.6,154.08],[298.62,154.08],[298.62,154.1],[298.62,154.11],[298.63,154.13],[298.64,154.17],[298.67,154.24],[298.72,154.34],[298.71,154.35],[298.71,154.35],[298.7,154.33],[298.69,154.32],[298.66,154.33],[298.64,154.36],[298.63,154.36],[298.62,154.36],[298.61,154.38],[298.61,154.4],[298.62,154.41],[298.64,154.43],[298.63,154.43],[298.62,154.42],[298.61,154.42],[298.56,154.41],[298.56,154.41],[298.55,154.4],[298.54,154.4],[298.51,154.41],[298.51,154.4],[298.55,154.37],[298.56,154.37],[298.55,154.34],[298.56,154.34],[298.55,154.31],[298.53,154.28],[298.51,154.28],[298.52,154.27]]]}},{"type":"Feature","id":"59010-147","properties":{"ridingCode":"59010","pollNumber":"147","pollType":"N","advancePollNumber":"623","sourceCode":"147-0","geometryPollNumbers":["147"],"code":"59010-147","resultPollNumbers":["147"],"resultStatus":"exact","result":{"electors":352,"voters":129,"totalVotes":129,"rejected":0,"turnout":36.64772727272727,"winnerId":"jeff-kibble","winnerPartyId":"CPC","runnerUpId":"alistair-macgregor","runnerUpPartyId":"NDP","margin":8.527131782945736,"top":[{"id":"jeff-kibble","name":"Jeff Kibble","shortName":"Kibble","partyId":"CPC","votes":53,"share":41.08527131782946},{"id":"alistair-macgregor","name":"Alistair MacGregor","shortName":"MacGregor","partyId":"NDP","votes":42,"share":32.55813953488372},{"id":"blair-herbert","name":"Blair Herbert","shortName":"Herbert","partyId":"LIB","votes":31,"share":24.031007751937985},{"id":"kathleen-code","name":"Kathleen Code","shortName":"Code","partyId":"GRN","votes":3,"share":2.3255813953488373}],"partyVotes":{"LIB":31,"CPC":53,"BQ":0,"NDP":42,"GRN":3,"PPC":0,"OTH":0}}},"geometry":{"type":"Polygon","coordinates":[[[298.29,154.22],[298.34,154.19],[298.37,154.22],[298.38,154.21],[298.4,154.22],[298.4,154.21],[298.42,154.2],[298.42,154.2],[298.43,154.19],[298.44,154.2],[298.45,154.19],[298.46,154.18],[298.47,154.18],[298.47,154.18],[298.48,154.17],[298.48,154.18],[298.49,154.18],[298.46,154.21],[298.45,154.22],[298.44,154.23],[298.42,154.23],[298.43,154.24],[298.42,154.24],[298.41,154.24],[298.41,154.24],[298.39,154.24],[298.4,154.25],[298.37,154.27],[298.35,154.27],[298.33,154.24],[298.29,154.22]]]}},{"type":"Feature","id":"59010-148","properties":{"ridingCode":"59010","pollNumber":"148","pollType":"N","advancePollNumber":"623","sourceCode":"148-0","geometryPollNumbers":["148"],"code":"59010-148","resultPollNumbers":["148"],"resultStatus":"exact","result":{"electors":392,"voters":125,"totalVotes":125,"rejected":0,"turnout":31.887755102040817,"winnerId":"jeff-kibble","winnerPartyId":"CPC","runnerUpId":"alistair-macgregor","runnerUpPartyId":"NDP","margin":0.8,"top":[{"id":"jeff-kibble","name":"Jeff Kibble","shortName":"Kibble","partyId":"CPC","votes":50,"share":40},{"id":"alistair-macgregor","name":"Alistair MacGregor","shortName":"MacGregor","partyId":"NDP","votes":49,"share":39.2},{"id":"blair-herbert","name":"Blair Herbert","shortName":"Herbert","partyId":"LIB","votes":21,"share":16.8},{"id":"kathleen-code","name":"Kathleen Code","shortName":"Code","partyId":"GRN","votes":5,"share":4}],"partyVotes":{"LIB":21,"CPC":50,"BQ":0,"NDP":49,"GRN":5,"PPC":0,"OTH":0}}},"geometry":{"type":"Polygon","coordinates":[[[298.34,154.29],[298.35,154.27],[298.37,154.27],[298.4,154.25],[298.39,154.24],[298.41,154.24],[298.41,154.24],[298.42,154.24],[298.43,154.24],[298.42,154.23],[298.44,154.23],[298.45,154.22],[298.46,154.21],[298.49,154.18],[298.49,154.17],[298.5,154.14],[298.5,154.13],[298.52,154.12],[298.53,154.13],[298.55,154.1],[298.57,154.08],[298.57,154.12],[298.57,154.14],[298.57,154.15],[298.55,154.17],[298.54,154.18],[298.52,154.27],[298.47,154.29],[298.46,154.27],[298.4,154.3],[298.35,154.32],[298.34,154.29]]]}},{"type":"Feature","id":"59010-149","properties":{"ridingCode":"59010","pollNumber":"149","pollType":"N","advancePollNumber":"623","sourceCode":"149-0","geometryPollNumbers":["149"],"code":"59010-149","resultPollNumbers":["149"],"resultStatus":"exact","result":{"electors":377,"voters":127,"totalVotes":127,"rejected":0,"turnout":33.687002652519894,"winnerId":"alistair-macgregor","winnerPartyId":"NDP","runnerUpId":"jeff-kibble","runnerUpPartyId":"CPC","margin":0.7874015748031495,"top":[{"id":"alistair-macgregor","name":"Alistair MacGregor","shortName":"MacGregor","partyId":"NDP","votes":51,"share":40.15748031496063},{"id":"jeff-kibble","name":"Jeff Kibble","shortName":"Kibble","partyId":"CPC","votes":50,"share":39.37007874015748},{"id":"blair-herbert","name":"Blair Herbert","shortName":"Herbert","partyId":"LIB","votes":20,"share":15.748031496062993},{"id":"kathleen-code","name":"Kathleen Code","shortName":"Code","partyId":"GRN","votes":6,"share":4.724409448818897}],"partyVotes":{"LIB":20,"CPC":50,"BQ":0,"NDP":51,"GRN":6,"PPC":0,"OTH":0}}},"geometry":{"type":"Polygon","coordinates":[[[298.25,154.18],[298.32,154.15],[298.32,154.15],[298.34,154.13],[298.35,154.14],[298.36,154.16],[298.37,154.18],[298.43,154.15],[298.45,154.19],[298.44,154.2],[298.43,154.19],[298.42,154.2],[298.42,154.2],[298.4,154.21],[298.4,154.22],[298.38,154.21],[298.37,154.22],[298.34,154.19],[298.29,154.22],[298.25,154.18]],[[298.38,154.2],[298.38,154.2],[298.38,154.2],[298.38,154.2]]]}},{"type":"Feature","id":"59010-150","properties":{"ridingCode":"59010","pollNumber":"150","pollType":"N","advancePollNumber":"623","sourceCode":"150-0","geometryPollNumbers":["150"],"code":"59010-150","resultPollNumbers":["150"],"resultStatus":"exact","result":{"electors":316,"voters":105,"totalVotes":104,"rejected":1,"turnout":33.22784810126582,"winnerId":"jeff-kibble","winnerPartyId":"CPC","runnerUpId":"alistair-macgregor","runnerUpPartyId":"NDP","margin":14.423076923076922,"top":[{"id":"jeff-kibble","name":"Jeff Kibble","shortName":"Kibble","partyId":"CPC","votes":48,"share":46.15384615384615},{"id":"alistair-macgregor","name":"Alistair MacGregor","shortName":"MacGregor","partyId":"NDP","votes":33,"share":31.73076923076923},{"id":"blair-herbert","name":"Blair Herbert","shortName":"Herbert","partyId":"LIB","votes":20,"share":19.230769230769234},{"id":"kathleen-code","name":"Kathleen Code","shortName":"Code","partyId":"GRN","votes":3,"share":2.8846153846153846}],"partyVotes":{"LIB":20,"CPC":48,"BQ":0,"NDP":33,"GRN":3,"PPC":0,"OTH":0}}},"geometry":{"type":"Polygon","coordinates":[[[298.35,154.09],[298.42,154.05],[298.49,154.02],[298.51,154.06],[298.5,154.08],[298.51,154.11],[298.52,154.12],[298.5,154.13],[298.5,154.14],[298.49,154.17],[298.49,154.18],[298.48,154.18],[298.48,154.17],[298.47,154.18],[298.47,154.18],[298.46,154.18],[298.45,154.19],[298.43,154.15],[298.37,154.18],[298.36,154.16],[298.35,154.14],[298.37,154.13],[298.38,154.12],[298.37,154.1],[298.36,154.09],[298.35,154.09],[298.35,154.09]]]}},{"type":"Feature","id":"59010-151","properties":{"ridingCode":"59010","pollNumber":"151","pollType":"N","advancePollNumber":"623","sourceCode":"151-0","geometryPollNumbers":["151"],"code":"59010-151","resultPollNumbers":["151"],"resultStatus":"exact","result":{"electors":401,"voters":139,"totalVotes":138,"rejected":1,"turnout":34.66334164588529,"winnerId":"jeff-kibble","winnerPartyId":"CPC","runnerUpId":"blair-herbert","runnerUpPartyId":"LIB","margin":12.318840579710146,"top":[{"id":"jeff-kibble","name":"Jeff Kibble","shortName":"Kibble","partyId":"CPC","votes":57,"share":41.30434782608695},{"id":"blair-herbert","name":"Blair Herbert","shortName":"Herbert","partyId":"LIB","votes":40,"share":28.985507246376812},{"id":"alistair-macgregor","name":"Alistair MacGregor","shortName":"MacGregor","partyId":"NDP","votes":36,"share":26.08695652173913},{"id":"kathleen-code","name":"Kathleen Code","shortName":"Code","partyId":"GRN","votes":5,"share":3.6231884057971016}],"partyVotes":{"LIB":40,"CPC":57,"BQ":0,"NDP":36,"GRN":5,"PPC":0,"OTH":0}}},"geometry":{"type":"Polygon","coordinates":[[[298.18,153.96],[298.2,153.95],[298.22,153.94],[298.22,153.92],[298.23,153.91],[298.24,153.91],[298.24,153.95],[298.23,153.98],[298.23,153.99],[298.23,154],[298.23,154.01],[298.25,154.02],[298.25,154.03],[298.25,154.03],[298.28,154.04],[298.28,154.05],[298.29,154.05],[298.3,154.04],[298.32,154.04],[298.34,154.02],[298.35,154.02],[298.38,154.02],[298.4,154.01],[298.41,154],[298.42,153.98],[298.42,153.98],[298.42,153.98],[298.42,154],[298.41,154.02],[298.41,154.03],[298.42,154.05],[298.35,154.09],[298.35,154.09],[298.36,154.09],[298.37,154.1],[298.38,154.12],[298.37,154.13],[298.35,154.14],[298.34,154.13],[298.32,154.15],[298.32,154.15],[298.25,154.18],[298.24,154.18],[298.23,154.13],[298.23,154.11],[298.18,153.96]]]}},{"type":"Feature","id":"59010-152","properties":{"ridingCode":"59010","pollNumber":"152","pollType":"N","advancePollNumber":"623","sourceCode":"152-0","geometryPollNumbers":["152"],"code":"59010-152","resultPollNumbers":["152"],"resultStatus":"exact","result":{"electors":484,"voters":155,"totalVotes":155,"rejected":0,"turnout":32.02479338842975,"winnerId":"jeff-kibble","winnerPartyId":"CPC","runnerUpId":"alistair-macgregor","runnerUpPartyId":"NDP","margin":21.935483870967744,"top":[{"id":"jeff-kibble","name":"Jeff Kibble","shortName":"Kibble","partyId":"CPC","votes":79,"share":50.967741935483865},{"id":"alistair-macgregor","name":"Alistair MacGregor","shortName":"MacGregor","partyId":"NDP","votes":45,"share":29.03225806451613},{"id":"blair-herbert","name":"Blair Herbert","shortName":"Herbert","partyId":"LIB","votes":29,"share":18.70967741935484},{"id":"kathleen-code","name":"Kathleen Code","shortName":"Code","partyId":"GRN","votes":2,"share":1.2903225806451613}],"partyVotes":{"LIB":29,"CPC":79,"BQ":0,"NDP":45,"GRN":2,"PPC":0,"OTH":0}}},"geometry":{"type":"Polygon","coordinates":[[[298.13,153.68],[298.11,153.66],[298.13,153.64],[298.13,153.61],[298.13,153.61],[298.13,153.58],[298.14,153.56],[298.14,153.55],[298.15,153.54],[298.15,153.53],[298.15,153.5],[298.15,153.49],[298.16,153.48],[298.15,153.46],[298.14,153.46],[298.14,153.45],[298.15,153.41],[298.14,153.38],[298.16,153.35],[298.18,153.33],[298.2,153.32],[298.2,153.31],[298.23,153.27],[298.24,153.26],[298.24,153.26],[298.25,153.26],[298.24,153.26],[298.23,153.29],[298.21,153.31],[298.19,153.33],[298.17,153.35],[298.16,153.36],[298.15,153.39],[298.15,153.4],[298.15,153.41],[298.15,153.43],[298.15,153.45],[298.17,153.48],[298.18,153.53],[298.37,153.43],[298.47,153.38],[298.54,153.56],[298.64,153.51],[298.67,153.56],[298.68,153.56],[298.68,153.54],[298.69,153.53],[298.69,153.53],[298.7,153.53],[298.71,153.52],[298.72,153.51],[298.73,153.5],[298.74,153.5],[298.75,153.57],[298.74,153.57],[298.74,153.57],[298.72,153.58],[298.71,153.58],[298.71,153.58],[298.68,153.6],[298.69,153.61],[298.62,153.64],[298.66,153.72],[298.47,153.81],[298.5,153.88],[298.57,154.02],[298.57,154.04],[298.57,154.07],[298.57,154.08],[298.55,154.1],[298.53,154.13],[298.52,154.12],[298.51,154.11],[298.5,154.08],[298.51,154.06],[298.49,154.02],[298.42,154.05],[298.41,154.03],[298.41,154.02],[298.42,154],[298.42,153.98],[298.42,153.98],[298.42,153.98],[298.41,154],[298.4,154.01],[298.38,154.02],[298.35,154.02],[298.34,154.02],[298.32,154.04],[298.3,154.04],[298.29,154.05],[298.28,154.05],[298.28,154.04],[298.25,154.03],[298.25,154.03],[298.25,154.02],[298.23,154.01],[298.23,154],[298.23,153.99],[298.23,153.98],[298.24,153.95],[298.24,153.91],[298.23,153.91],[298.22,153.92],[298.22,153.94],[298.2,153.95],[298.18,153.96],[298.17,153.94],[298.16,153.91],[298.12,153.89],[298.12,153.88],[298.12,153.86],[298.14,153.79],[298.15,153.75],[298.14,153.72],[298.13,153.7],[298.13,153.69],[298.13,153.68]]]}},{"type":"Feature","id":"59010-153","properties":{"ridingCode":"59010","pollNumber":"153","pollType":"N","advancePollNumber":"625","sourceCode":"153-0","geometryPollNumbers":["153"],"code":"59010-153","resultPollNumbers":["153"],"resultStatus":"exact","result":{"electors":242,"voters":104,"totalVotes":104,"rejected":0,"turnout":42.97520661157025,"winnerId":"alistair-macgregor","winnerPartyId":"NDP","runnerUpId":"jeff-kibble","runnerUpPartyId":"CPC","margin":26.923076923076923,"top":[{"id":"alistair-macgregor","name":"Alistair MacGregor","shortName":"MacGregor","partyId":"NDP","votes":54,"share":51.92307692307693},{"id":"jeff-kibble","name":"Jeff Kibble","shortName":"Kibble","partyId":"CPC","votes":26,"share":25},{"id":"blair-herbert","name":"Blair Herbert","shortName":"Herbert","partyId":"LIB","votes":21,"share":20.192307692307693},{"id":"kathleen-code","name":"Kathleen Code","shortName":"Code","partyId":"GRN","votes":3,"share":2.8846153846153846}],"partyVotes":{"LIB":21,"CPC":26,"BQ":0,"NDP":54,"GRN":3,"PPC":0,"OTH":0}}},"geometry":{"type":"Polygon","coordinates":[[[298.82,154.09],[298.8,154.04],[298.82,154.03],[298.81,154.01],[299.15,153.86],[299.2,154],[299.01,154.08],[298.95,154.12],[298.93,154.12],[298.91,154.14],[298.86,154.16],[298.85,154.13],[298.83,154.11],[298.82,154.09]]]}},{"type":"Feature","id":"59010-154","properties":{"ridingCode":"59010","pollNumber":"154","pollType":"N","advancePollNumber":"626","sourceCode":"154-0","geometryPollNumbers":["154"],"code":"59010-154","resultPollNumbers":["154"],"resultStatus":"exact","result":{"electors":340,"voters":97,"totalVotes":96,"rejected":1,"turnout":28.52941176470588,"winnerId":"blair-herbert","winnerPartyId":"LIB","runnerUpId":"alistair-macgregor","runnerUpPartyId":"NDP","margin":1.0416666666666665,"top":[{"id":"blair-herbert","name":"Blair Herbert","shortName":"Herbert","partyId":"LIB","votes":33,"share":34.375},{"id":"alistair-macgregor","name":"Alistair MacGregor","shortName":"MacGregor","partyId":"NDP","votes":32,"share":33.33333333333333},{"id":"jeff-kibble","name":"Jeff Kibble","shortName":"Kibble","partyId":"CPC","votes":28,"share":29.166666666666668},{"id":"kathleen-code","name":"Kathleen Code","shortName":"Code","partyId":"GRN","votes":3,"share":3.125}],"partyVotes":{"LIB":33,"CPC":28,"BQ":0,"NDP":32,"GRN":3,"PPC":0,"OTH":0}}},"geometry":{"type":"Polygon","coordinates":[[[298.79,153.97],[298.79,153.94],[298.8,153.93],[298.8,153.92],[298.81,153.92],[298.8,153.89],[298.8,153.87],[298.82,153.86],[298.83,153.88],[298.83,153.89],[298.84,153.9],[298.85,153.9],[298.84,153.93],[298.82,153.96],[298.81,154.01],[298.79,153.97]]]}},{"type":"Feature","id":"59010-155","properties":{"ridingCode":"59010","pollNumber":"155","pollType":"N","advancePollNumber":"626","sourceCode":"155-0","geometryPollNumbers":["155"],"code":"59010-155","resultPollNumbers":["155"],"resultStatus":"exact","result":{"electors":335,"voters":108,"totalVotes":108,"rejected":0,"turnout":32.23880597014925,"winnerId":"alistair-macgregor","winnerPartyId":"NDP","runnerUpId":"blair-herbert","runnerUpPartyId":"LIB","margin":7.4074074074074066,"top":[{"id":"alistair-macgregor","name":"Alistair MacGregor","shortName":"MacGregor","partyId":"NDP","votes":41,"share":37.96296296296296},{"id":"blair-herbert","name":"Blair Herbert","shortName":"Herbert","partyId":"LIB","votes":33,"share":30.555555555555557},{"id":"jeff-kibble","name":"Jeff Kibble","shortName":"Kibble","partyId":"CPC","votes":33,"share":30.555555555555557},{"id":"kathleen-code","name":"Kathleen Code","shortName":"Code","partyId":"GRN","votes":1,"share":0.9259259259259258}],"partyVotes":{"LIB":33,"CPC":33,"BQ":0,"NDP":41,"GRN":1,"PPC":0,"OTH":0}}},"geometry":{"type":"Polygon","coordinates":[[[298.73,153.98],[298.72,153.97],[298.73,153.95],[298.74,153.94],[298.74,153.93],[298.74,153.92],[298.73,153.91],[298.73,153.92],[298.73,153.9],[298.74,153.9],[298.73,153.88],[298.73,153.85],[298.76,153.84],[298.78,153.82],[298.78,153.81],[298.76,153.77],[298.76,153.77],[298.77,153.78],[298.78,153.81],[298.79,153.87],[298.77,153.88],[298.77,153.89],[298.78,153.89],[298.78,153.9],[298.78,153.91],[298.78,153.93],[298.77,153.93],[298.78,153.95],[298.76,153.96],[298.74,153.97],[298.73,153.98]]]}},{"type":"Feature","id":"59010-156","properties":{"ridingCode":"59010","pollNumber":"156","pollType":"N","advancePollNumber":"626","sourceCode":"156-0","geometryPollNumbers":["156"],"code":"59010-156","resultPollNumbers":["156"],"resultStatus":"exact","result":{"electors":320,"voters":91,"totalVotes":91,"rejected":0,"turnout":28.4375,"winnerId":"alistair-macgregor","winnerPartyId":"NDP","runnerUpId":"blair-herbert","runnerUpPartyId":"LIB","margin":1.098901098901099,"top":[{"id":"alistair-macgregor","name":"Alistair MacGregor","shortName":"MacGregor","partyId":"NDP","votes":32,"share":35.16483516483517},{"id":"blair-herbert","name":"Blair Herbert","shortName":"Herbert","partyId":"LIB","votes":31,"share":34.065934065934066},{"id":"jeff-kibble","name":"Jeff Kibble","shortName":"Kibble","partyId":"CPC","votes":25,"share":27.472527472527474},{"id":"kathleen-code","name":"Kathleen Code","shortName":"Code","partyId":"GRN","votes":3,"share":3.296703296703297}],"partyVotes":{"LIB":31,"CPC":25,"BQ":0,"NDP":32,"GRN":3,"PPC":0,"OTH":0}}},"geometry":{"type":"Polygon","coordinates":[[[298.57,154.04],[298.57,154.02],[298.5,153.88],[298.47,153.81],[298.66,153.72],[298.62,153.64],[298.69,153.61],[298.68,153.6],[298.71,153.58],[298.71,153.58],[298.72,153.58],[298.74,153.57],[298.74,153.57],[298.75,153.57],[298.76,153.72],[298.77,153.78],[298.78,153.82],[298.79,153.87],[298.79,153.87],[298.78,153.81],[298.77,153.78],[298.76,153.77],[298.76,153.77],[298.78,153.81],[298.78,153.82],[298.76,153.84],[298.73,153.85],[298.73,153.88],[298.74,153.9],[298.73,153.9],[298.73,153.92],[298.73,153.91],[298.74,153.92],[298.74,153.93],[298.74,153.94],[298.73,153.95],[298.72,153.97],[298.66,154.01],[298.65,154.02],[298.64,154.03],[298.63,154.03],[298.6,154.02],[298.58,154.03],[298.6,154.08],[298.57,154.04],[298.57,154.04]]]}},{"type":"Feature","id":"59010-157","properties":{"ridingCode":"59010","pollNumber":"157","pollType":"N","advancePollNumber":"626","sourceCode":"157-0","geometryPollNumbers":["157"],"code":"59010-157","resultPollNumbers":["157"],"resultStatus":"exact","result":{"electors":402,"voters":115,"totalVotes":114,"rejected":1,"turnout":28.60696517412935,"winnerId":"blair-herbert","winnerPartyId":"LIB","runnerUpId":"alistair-macgregor","runnerUpPartyId":"NDP","margin":0.8771929824561403,"top":[{"id":"blair-herbert","name":"Blair Herbert","shortName":"Herbert","partyId":"LIB","votes":41,"share":35.96491228070175},{"id":"alistair-macgregor","name":"Alistair MacGregor","shortName":"MacGregor","partyId":"NDP","votes":40,"share":35.08771929824561},{"id":"jeff-kibble","name":"Jeff Kibble","shortName":"Kibble","partyId":"CPC","votes":30,"share":26.31578947368421},{"id":"kathleen-code","name":"Kathleen Code","shortName":"Code","partyId":"GRN","votes":3,"share":2.631578947368421}],"partyVotes":{"LIB":41,"CPC":30,"BQ":0,"NDP":40,"GRN":3,"PPC":0,"OTH":0}}},"geometry":{"type":"Polygon","coordinates":[[[298.84,153.49],[298.84,153.48],[298.97,153.42],[299,153.49],[299.11,153.73],[299.15,153.86],[298.81,154.01],[298.81,154.01],[298.82,153.96],[298.84,153.93],[298.85,153.9],[298.84,153.9],[298.83,153.89],[298.83,153.88],[298.82,153.86],[298.87,153.84],[298.87,153.82],[298.88,153.82],[298.89,153.8],[298.9,153.75],[298.9,153.75],[298.9,153.75],[298.89,153.74],[298.89,153.73],[298.89,153.72],[298.89,153.7],[298.89,153.67],[298.89,153.62],[298.89,153.61],[298.89,153.6],[298.9,153.56],[298.88,153.54],[298.88,153.52],[298.84,153.54],[298.84,153.53],[298.82,153.53],[298.81,153.53],[298.78,153.55],[298.77,153.57],[298.76,153.57],[298.77,153.56],[298.77,153.55],[298.79,153.54],[298.81,153.51],[298.83,153.5],[298.83,153.5],[298.84,153.5],[298.84,153.49]]]}},{"type":"Feature","id":"59010-158","properties":{"ridingCode":"59010","pollNumber":"158","pollType":"N","advancePollNumber":"626","sourceCode":"158-0","geometryPollNumbers":["158"],"code":"59010-158","resultPollNumbers":["158"],"resultStatus":"exact","result":{"electors":305,"voters":116,"totalVotes":115,"rejected":1,"turnout":38.0327868852459,"winnerId":"alistair-macgregor","winnerPartyId":"NDP","runnerUpId":"jeff-kibble","runnerUpPartyId":"CPC","margin":10.434782608695652,"top":[{"id":"alistair-macgregor","name":"Alistair MacGregor","shortName":"MacGregor","partyId":"NDP","votes":50,"share":43.47826086956522},{"id":"jeff-kibble","name":"Jeff Kibble","shortName":"Kibble","partyId":"CPC","votes":38,"share":33.04347826086956},{"id":"blair-herbert","name":"Blair Herbert","shortName":"Herbert","partyId":"LIB","votes":24,"share":20.869565217391305},{"id":"kathleen-code","name":"Kathleen Code","shortName":"Code","partyId":"GRN","votes":3,"share":2.608695652173913}],"partyVotes":{"LIB":24,"CPC":38,"BQ":0,"NDP":50,"GRN":3,"PPC":0,"OTH":0}}},"geometry":{"type":"MultiPolygon","coordinates":[[[[298.75,153.57],[298.75,153.57],[298.76,153.57],[298.77,153.57],[298.78,153.55],[298.81,153.53],[298.82,153.53],[298.84,153.53],[298.84,153.54],[298.76,153.58],[298.87,153.82],[298.87,153.84],[298.82,153.86],[298.8,153.87],[298.79,153.87],[298.78,153.82],[298.77,153.78],[298.76,153.72],[298.75,153.57]]],[[[298.84,153.54],[298.88,153.52],[298.88,153.54],[298.9,153.56],[298.89,153.6],[298.89,153.61],[298.89,153.62],[298.89,153.67],[298.89,153.7],[298.89,153.72],[298.89,153.73],[298.89,153.74],[298.9,153.75],[298.9,153.75],[298.9,153.75],[298.89,153.8],[298.88,153.82],[298.87,153.82],[298.76,153.58],[298.84,153.54]]]]}},{"type":"Feature","id":"59010-159","properties":{"ridingCode":"59010","pollNumber":"159","pollType":"N","advancePollNumber":"626","sourceCode":"159-0","geometryPollNumbers":["159"],"code":"59010-159","resultPollNumbers":["159"],"resultStatus":"exact","result":{"electors":387,"voters":122,"totalVotes":120,"rejected":2,"turnout":31.52454780361757,"winnerId":"jeff-kibble","winnerPartyId":"CPC","runnerUpId":"alistair-macgregor","runnerUpPartyId":"NDP","margin":10,"top":[{"id":"jeff-kibble","name":"Jeff Kibble","shortName":"Kibble","partyId":"CPC","votes":52,"share":43.333333333333336},{"id":"alistair-macgregor","name":"Alistair MacGregor","shortName":"MacGregor","partyId":"NDP","votes":40,"share":33.33333333333333},{"id":"blair-herbert","name":"Blair Herbert","shortName":"Herbert","partyId":"LIB","votes":25,"share":20.833333333333336},{"id":"kathleen-code","name":"Kathleen Code","shortName":"Code","partyId":"GRN","votes":3,"share":2.5}],"partyVotes":{"LIB":25,"CPC":52,"BQ":0,"NDP":40,"GRN":3,"PPC":0,"OTH":0}}},"geometry":{"type":"Polygon","coordinates":[[[298.18,153.53],[298.17,153.48],[298.15,153.45],[298.15,153.43],[298.15,153.41],[298.15,153.4],[298.15,153.39],[298.16,153.36],[298.17,153.35],[298.19,153.33],[298.21,153.31],[298.23,153.29],[298.24,153.26],[298.25,153.26],[298.26,153.25],[298.27,153.25],[298.28,153.24],[298.29,153.23],[298.29,153.22],[298.3,153.21],[298.31,153.21],[298.33,153.21],[298.34,153.2],[298.3,153.16],[298.29,153.14],[298.3,153.09],[298.3,153.05],[298.3,153.04],[298.28,153.01],[298.28,153],[298.29,152.96],[298.28,152.93],[298.31,152.92],[298.38,152.88],[298.42,152.99],[298.46,153.02],[298.52,153.03],[298.7,153.03],[298.76,153.07],[298.81,153.12],[298.84,153.13],[298.97,153.42],[298.84,153.48],[298.84,153.49],[298.84,153.5],[298.83,153.5],[298.83,153.5],[298.81,153.51],[298.79,153.54],[298.77,153.55],[298.77,153.56],[298.76,153.57],[298.75,153.57],[298.75,153.57],[298.74,153.5],[298.73,153.5],[298.72,153.51],[298.71,153.52],[298.7,153.53],[298.69,153.53],[298.69,153.53],[298.68,153.54],[298.68,153.56],[298.67,153.56],[298.64,153.51],[298.54,153.56],[298.47,153.38],[298.37,153.43],[298.18,153.53]]]}},{"type":"Feature","id":"59010-160","properties":{"ridingCode":"59010","pollNumber":"160","pollType":"N","advancePollNumber":"628","sourceCode":"160-0","geometryPollNumbers":["160"],"code":"59010-160","resultPollNumbers":["160"],"resultStatus":"exact","result":{"electors":382,"voters":160,"totalVotes":159,"rejected":1,"turnout":41.8848167539267,"winnerId":"jeff-kibble","winnerPartyId":"CPC","runnerUpId":"alistair-macgregor","runnerUpPartyId":"NDP","margin":27.67295597484277,"top":[{"id":"jeff-kibble","name":"Jeff Kibble","shortName":"Kibble","partyId":"CPC","votes":81,"share":50.943396226415096},{"id":"alistair-macgregor","name":"Alistair MacGregor","shortName":"MacGregor","partyId":"NDP","votes":37,"share":23.270440251572328},{"id":"blair-herbert","name":"Blair Herbert","shortName":"Herbert","partyId":"LIB","votes":33,"share":20.754716981132077},{"id":"kathleen-code","name":"Kathleen Code","shortName":"Code","partyId":"GRN","votes":8,"share":5.031446540880504}],"partyVotes":{"LIB":33,"CPC":81,"BQ":0,"NDP":37,"GRN":8,"PPC":0,"OTH":0}}},"geometry":{"type":"Polygon","coordinates":[[[298.19,152.52],[298.29,152.5],[298.29,152.5],[298.29,152.5],[298.29,152.52],[298.29,152.52],[298.3,152.54],[298.31,152.54],[298.32,152.55],[298.33,152.55],[298.35,152.55],[298.36,152.55],[298.36,152.56],[298.37,152.57],[298.4,152.56],[298.41,152.59],[298.42,152.6],[298.42,152.61],[298.44,152.61],[298.47,152.63],[298.47,152.62],[298.47,152.62],[298.48,152.59],[298.52,152.56],[298.52,152.57],[298.53,152.57],[298.54,152.57],[298.54,152.57],[298.55,152.58],[298.56,152.59],[298.57,152.6],[298.57,152.61],[298.58,152.62],[298.58,152.63],[298.58,152.64],[298.58,152.65],[298.58,152.66],[298.58,152.67],[298.59,152.67],[298.6,152.69],[298.62,152.71],[298.63,152.72],[298.63,152.73],[298.65,152.73],[298.66,152.72],[298.66,152.72],[298.67,152.73],[298.67,152.75],[298.7,152.78],[298.72,152.8],[298.72,152.81],[298.72,152.81],[298.73,152.8],[298.73,152.8],[298.73,152.81],[298.74,152.83],[298.75,152.84],[298.76,152.83],[298.76,152.85],[298.77,152.84],[298.77,152.85],[298.78,152.86],[298.79,152.86],[298.8,152.86],[298.77,152.87],[298.8,152.95],[298.73,152.98],[298.58,152.97],[298.48,152.98],[298.44,152.98],[298.42,152.94],[298.4,152.9],[298.38,152.85],[298.37,152.81],[298.37,152.8],[298.37,152.77],[298.36,152.74],[298.34,152.71],[298.3,152.66],[298.28,152.64],[298.28,152.63],[298.27,152.63],[298.27,152.64],[298.27,152.63],[298.26,152.62],[298.24,152.6],[298.21,152.58],[298.2,152.57],[298.18,152.55],[298.18,152.54],[298.18,152.53],[298.19,152.52]]]}},{"type":"Feature","id":"59010-161","properties":{"ridingCode":"59010","pollNumber":"161","pollType":"N","advancePollNumber":"628","sourceCode":"161-0","geometryPollNumbers":["161"],"code":"59010-161","resultPollNumbers":["161"],"resultStatus":"exact","result":{"electors":389,"voters":162,"totalVotes":161,"rejected":1,"turnout":41.645244215938305,"winnerId":"alistair-macgregor","winnerPartyId":"NDP","runnerUpId":"jeff-kibble","runnerUpPartyId":"CPC","margin":6.832298136645963,"top":[{"id":"alistair-macgregor","name":"Alistair MacGregor","shortName":"MacGregor","partyId":"NDP","votes":66,"share":40.993788819875775},{"id":"jeff-kibble","name":"Jeff Kibble","shortName":"Kibble","partyId":"CPC","votes":55,"share":34.161490683229815},{"id":"blair-herbert","name":"Blair Herbert","shortName":"Herbert","partyId":"LIB","votes":37,"share":22.981366459627328},{"id":"kathleen-code","name":"Kathleen Code","shortName":"Code","partyId":"GRN","votes":3,"share":1.8633540372670807}],"partyVotes":{"LIB":37,"CPC":55,"BQ":0,"NDP":66,"GRN":3,"PPC":0,"OTH":0}}},"geometry":{"type":"Polygon","coordinates":[[[298.38,152.54],[298.39,152.54],[298.4,152.53],[298.41,152.53],[298.42,152.53],[298.42,152.51],[298.43,152.51],[298.43,152.5],[298.43,152.48],[298.43,152.47],[298.44,152.47],[298.44,152.47],[298.46,152.46],[298.46,152.48],[298.47,152.48],[298.48,152.49],[298.5,152.51],[298.5,152.51],[298.54,152.52],[298.57,152.54],[298.58,152.55],[298.58,152.55],[298.59,152.55],[298.59,152.55],[298.59,152.56],[298.61,152.55],[298.62,152.55],[298.63,152.55],[298.65,152.55],[298.65,152.54],[298.65,152.55],[298.66,152.57],[298.66,152.58],[298.66,152.59],[298.66,152.6],[298.66,152.63],[298.67,152.64],[298.66,152.68],[298.66,152.69],[298.66,152.69],[298.67,152.7],[298.67,152.71],[298.66,152.72],[298.66,152.72],[298.65,152.73],[298.63,152.73],[298.63,152.72],[298.62,152.71],[298.6,152.69],[298.59,152.67],[298.58,152.67],[298.58,152.66],[298.58,152.65],[298.58,152.64],[298.58,152.63],[298.58,152.62],[298.57,152.61],[298.57,152.6],[298.56,152.59],[298.55,152.58],[298.54,152.57],[298.54,152.57],[298.53,152.57],[298.52,152.57],[298.52,152.56],[298.48,152.59],[298.47,152.62],[298.47,152.62],[298.47,152.63],[298.44,152.61],[298.42,152.61],[298.42,152.6],[298.41,152.59],[298.4,152.56],[298.37,152.57],[298.36,152.56],[298.36,152.55],[298.37,152.54],[298.38,152.54]]]}},{"type":"Feature","id":"59010-162","properties":{"ridingCode":"59010","pollNumber":"162","pollType":"N","advancePollNumber":"628","sourceCode":"162-0","geometryPollNumbers":["162"],"code":"59010-162","resultPollNumbers":["162"],"resultStatus":"exact","result":{"electors":357,"voters":181,"totalVotes":181,"rejected":0,"turnout":50.700280112044815,"winnerId":"alistair-macgregor","winnerPartyId":"NDP","runnerUpId":"jeff-kibble","runnerUpPartyId":"CPC","margin":9.392265193370166,"top":[{"id":"alistair-macgregor","name":"Alistair MacGregor","shortName":"MacGregor","partyId":"NDP","votes":72,"share":39.77900552486188},{"id":"jeff-kibble","name":"Jeff Kibble","shortName":"Kibble","partyId":"CPC","votes":55,"share":30.386740331491712},{"id":"blair-herbert","name":"Blair Herbert","shortName":"Herbert","partyId":"LIB","votes":47,"share":25.96685082872928},{"id":"kathleen-code","name":"Kathleen Code","shortName":"Code","partyId":"GRN","votes":7,"share":3.867403314917127}],"partyVotes":{"LIB":47,"CPC":55,"BQ":0,"NDP":72,"GRN":7,"PPC":0,"OTH":0}}},"geometry":{"type":"Polygon","coordinates":[[[298.65,152.54],[298.68,152.53],[298.7,152.53],[298.7,152.53],[298.71,152.5],[298.7,152.48],[298.69,152.46],[298.69,152.46],[298.68,152.44],[298.69,152.43],[298.69,152.42],[298.66,152.41],[298.66,152.4],[298.65,152.34],[298.65,152.34],[298.66,152.34],[298.68,152.34],[298.69,152.34],[298.7,152.33],[298.72,152.33],[298.74,152.33],[298.74,152.32],[298.74,152.31],[298.73,152.31],[298.72,152.29],[298.72,152.28],[298.72,152.27],[298.71,152.26],[298.71,152.26],[298.73,152.24],[298.73,152.24],[298.74,152.23],[298.75,152.22],[298.77,152.26],[298.76,152.28],[298.79,152.32],[298.83,152.43],[298.8,152.44],[298.84,152.53],[298.78,152.55],[298.84,152.69],[298.81,152.7],[298.84,152.77],[298.77,152.8],[298.8,152.86],[298.79,152.86],[298.78,152.86],[298.77,152.85],[298.77,152.84],[298.76,152.85],[298.76,152.83],[298.75,152.84],[298.74,152.83],[298.73,152.81],[298.73,152.8],[298.73,152.8],[298.72,152.81],[298.72,152.81],[298.72,152.8],[298.7,152.78],[298.67,152.75],[298.67,152.73],[298.66,152.72],[298.67,152.71],[298.67,152.7],[298.66,152.69],[298.66,152.69],[298.66,152.68],[298.67,152.64],[298.66,152.63],[298.66,152.6],[298.66,152.59],[298.66,152.58],[298.66,152.57],[298.65,152.55],[298.65,152.54]]]}},{"type":"Feature","id":"59010-163","properties":{"ridingCode":"59010","pollNumber":"163","pollType":"N","advancePollNumber":"628","sourceCode":"163-0","geometryPollNumbers":["163"],"code":"59010-163","resultPollNumbers":["163"],"resultStatus":"exact","result":{"electors":368,"voters":107,"totalVotes":107,"rejected":0,"turnout":29.076086956521742,"winnerId":"jeff-kibble","winnerPartyId":"CPC","runnerUpId":"blair-herbert","runnerUpPartyId":"LIB","margin":23.364485981308412,"top":[{"id":"jeff-kibble","name":"Jeff Kibble","shortName":"Kibble","partyId":"CPC","votes":51,"share":47.66355140186916},{"id":"blair-herbert","name":"Blair Herbert","shortName":"Herbert","partyId":"LIB","votes":26,"share":24.299065420560748},{"id":"alistair-macgregor","name":"Alistair MacGregor","shortName":"MacGregor","partyId":"NDP","votes":26,"share":24.299065420560748},{"id":"kathleen-code","name":"Kathleen Code","shortName":"Code","partyId":"GRN","votes":4,"share":3.7383177570093453}],"partyVotes":{"LIB":26,"CPC":51,"BQ":0,"NDP":26,"GRN":4,"PPC":0,"OTH":0}}},"geometry":{"type":"Polygon","coordinates":[[[298.14,152.39],[298.14,152.38],[298.13,152.36],[298.13,152.36],[298.13,152.35],[298.12,152.34],[298.1,152.34],[298.1,152.33],[298.19,152.29],[298.2,152.29],[298.21,152.29],[298.21,152.28],[298.2,152.27],[298.21,152.27],[298.22,152.25],[298.22,152.25],[298.23,152.26],[298.23,152.28],[298.24,152.29],[298.2,152.31],[298.23,152.38],[298.25,152.37],[298.28,152.45],[298.29,152.5],[298.19,152.52],[298.19,152.51],[298.18,152.51],[298.18,152.5],[298.17,152.5],[298.16,152.49],[298.15,152.48],[298.16,152.48],[298.15,152.47],[298.14,152.46],[298.14,152.46],[298.15,152.45],[298.15,152.44],[298.14,152.42],[298.13,152.41],[298.14,152.4],[298.13,152.4],[298.14,152.39]]]}},{"type":"Feature","id":"59010-164","properties":{"ridingCode":"59010","pollNumber":"164","pollType":"N","advancePollNumber":"629","sourceCode":"164-0","geometryPollNumbers":["164"],"code":"59010-164","resultPollNumbers":["164"],"resultStatus":"exact","result":{"electors":382,"voters":175,"totalVotes":175,"rejected":0,"turnout":45.811518324607334,"winnerId":"jeff-kibble","winnerPartyId":"CPC","runnerUpId":"blair-herbert","runnerUpPartyId":"LIB","margin":19.428571428571427,"top":[{"id":"jeff-kibble","name":"Jeff Kibble","shortName":"Kibble","partyId":"CPC","votes":80,"share":45.714285714285715},{"id":"blair-herbert","name":"Blair Herbert","shortName":"Herbert","partyId":"LIB","votes":46,"share":26.285714285714285},{"id":"alistair-macgregor","name":"Alistair MacGregor","shortName":"MacGregor","partyId":"NDP","votes":43,"share":24.571428571428573},{"id":"kathleen-code","name":"Kathleen Code","shortName":"Code","partyId":"GRN","votes":6,"share":3.428571428571429}],"partyVotes":{"LIB":46,"CPC":80,"BQ":0,"NDP":43,"GRN":6,"PPC":0,"OTH":0}}},"geometry":{"type":"Polygon","coordinates":[[[298.28,152.45],[298.25,152.37],[298.23,152.38],[298.2,152.31],[298.24,152.29],[298.25,152.29],[298.25,152.29],[298.26,152.29],[298.27,152.28],[298.29,152.28],[298.29,152.28],[298.3,152.27],[298.32,152.26],[298.33,152.26],[298.34,152.25],[298.34,152.26],[298.35,152.26],[298.37,152.27],[298.38,152.31],[298.38,152.33],[298.4,152.34],[298.4,152.36],[298.4,152.38],[298.41,152.39],[298.41,152.4],[298.41,152.42],[298.42,152.43],[298.43,152.44],[298.43,152.45],[298.43,152.46],[298.43,152.47],[298.43,152.48],[298.43,152.5],[298.43,152.51],[298.42,152.51],[298.42,152.53],[298.41,152.53],[298.4,152.53],[298.39,152.54],[298.38,152.54],[298.37,152.54],[298.36,152.55],[298.35,152.55],[298.33,152.55],[298.32,152.55],[298.31,152.54],[298.3,152.54],[298.29,152.52],[298.29,152.52],[298.29,152.5],[298.29,152.5],[298.29,152.5],[298.28,152.45]]]}},{"type":"Feature","id":"59010-165","properties":{"ridingCode":"59010","pollNumber":"165","pollType":"N","advancePollNumber":"630","sourceCode":"165-0","geometryPollNumbers":["165"],"code":"59010-165","resultPollNumbers":["165"],"resultStatus":"exact","result":{"electors":647,"voters":193,"totalVotes":191,"rejected":2,"turnout":29.82998454404946,"winnerId":"jeff-kibble","winnerPartyId":"CPC","runnerUpId":"blair-herbert","runnerUpPartyId":"LIB","margin":9.424083769633508,"top":[{"id":"jeff-kibble","name":"Jeff Kibble","shortName":"Kibble","partyId":"CPC","votes":84,"share":43.97905759162304},{"id":"blair-herbert","name":"Blair Herbert","shortName":"Herbert","partyId":"LIB","votes":66,"share":34.55497382198953},{"id":"alistair-macgregor","name":"Alistair MacGregor","shortName":"MacGregor","partyId":"NDP","votes":40,"share":20.94240837696335},{"id":"kathleen-code","name":"Kathleen Code","shortName":"Code","partyId":"GRN","votes":1,"share":0.5235602094240838}],"partyVotes":{"LIB":66,"CPC":84,"BQ":0,"NDP":40,"GRN":1,"PPC":0,"OTH":0}}},"geometry":{"type":"Polygon","coordinates":[[[298.13,152.23],[298.14,152.24],[298.19,152.22],[298.2,152.22],[298.22,152.23],[298.23,152.23],[298.25,152.24],[298.24,152.24],[298.24,152.25],[298.24,152.25],[298.23,152.25],[298.22,152.25],[298.22,152.25],[298.21,152.27],[298.2,152.27],[298.21,152.28],[298.21,152.29],[298.2,152.29],[298.19,152.29],[298.1,152.33],[298.1,152.34],[298.09,152.33],[298.08,152.31],[298.08,152.3],[298.06,152.29],[298.05,152.29],[298.13,152.23]]]}},{"type":"Feature","id":"59010-166","properties":{"ridingCode":"59010","pollNumber":"166","pollType":"N","advancePollNumber":"630","sourceCode":"166-0","geometryPollNumbers":["166"],"code":"59010-166","resultPollNumbers":["166"],"resultStatus":"exact","result":{"electors":565,"voters":187,"totalVotes":187,"rejected":0,"turnout":33.097345132743364,"winnerId":"jeff-kibble","winnerPartyId":"CPC","runnerUpId":"blair-herbert","runnerUpPartyId":"LIB","margin":26.203208556149733,"top":[{"id":"jeff-kibble","name":"Jeff Kibble","shortName":"Kibble","partyId":"CPC","votes":97,"share":51.87165775401069},{"id":"blair-herbert","name":"Blair Herbert","shortName":"Herbert","partyId":"LIB","votes":48,"share":25.668449197860966},{"id":"alistair-macgregor","name":"Alistair MacGregor","shortName":"MacGregor","partyId":"NDP","votes":41,"share":21.92513368983957},{"id":"kathleen-code","name":"Kathleen Code","shortName":"Code","partyId":"GRN","votes":1,"share":0.53475935828877}],"partyVotes":{"LIB":48,"CPC":97,"BQ":0,"NDP":41,"GRN":1,"PPC":0,"OTH":0}}},"geometry":{"type":"Polygon","coordinates":[[[298.23,152.25],[298.24,152.25],[298.24,152.25],[298.24,152.24],[298.25,152.24],[298.26,152.23],[298.27,152.23],[298.28,152.22],[298.29,152.22],[298.3,152.22],[298.31,152.22],[298.31,152.21],[298.33,152.21],[298.34,152.2],[298.34,152.22],[298.34,152.23],[298.34,152.25],[298.35,152.26],[298.34,152.26],[298.34,152.25],[298.33,152.26],[298.32,152.26],[298.3,152.27],[298.29,152.28],[298.29,152.28],[298.27,152.28],[298.26,152.29],[298.25,152.29],[298.25,152.29],[298.24,152.29],[298.23,152.28],[298.23,152.26],[298.22,152.25],[298.23,152.25]]]}},{"type":"Feature","id":"59010-167","properties":{"ridingCode":"59010","pollNumber":"167","pollType":"N","advancePollNumber":"630","sourceCode":"167-0","geometryPollNumbers":["167"],"code":"59010-167","resultPollNumbers":["167"],"resultStatus":"exact","result":{"electors":216,"voters":64,"totalVotes":64,"rejected":0,"turnout":29.629629629629626,"winnerId":"jeff-kibble","winnerPartyId":"CPC","runnerUpId":"blair-herbert","runnerUpPartyId":"LIB","margin":17.1875,"top":[{"id":"jeff-kibble","name":"Jeff Kibble","shortName":"Kibble","partyId":"CPC","votes":31,"share":48.4375},{"id":"blair-herbert","name":"Blair Herbert","shortName":"Herbert","partyId":"LIB","votes":20,"share":31.25},{"id":"alistair-macgregor","name":"Alistair MacGregor","shortName":"MacGregor","partyId":"NDP","votes":12,"share":18.75},{"id":"kathleen-code","name":"Kathleen Code","shortName":"Code","partyId":"GRN","votes":1,"share":1.5625}],"partyVotes":{"LIB":20,"CPC":31,"BQ":0,"NDP":12,"GRN":1,"PPC":0,"OTH":0}}},"geometry":{"type":"Polygon","coordinates":[[[298.08,152.2],[298.19,152.15],[298.2,152.17],[298.2,152.18],[298.2,152.19],[298.21,152.19],[298.21,152.21],[298.19,152.21],[298.19,152.22],[298.14,152.24],[298.13,152.23],[298.05,152.29],[298.02,152.22],[298.02,152.21],[298.02,152.2],[298.06,152.16],[298.07,152.15],[298.08,152.2]]]}},{"type":"Feature","id":"59010-168","properties":{"ridingCode":"59010","pollNumber":"168","pollType":"N","advancePollNumber":"630","sourceCode":"168-0","geometryPollNumbers":["168"],"code":"59010-168","resultPollNumbers":["168"],"resultStatus":"exact","result":{"electors":502,"voters":163,"totalVotes":162,"rejected":1,"turnout":32.47011952191235,"winnerId":"jeff-kibble","winnerPartyId":"CPC","runnerUpId":"blair-herbert","runnerUpPartyId":"LIB","margin":10.493827160493826,"top":[{"id":"jeff-kibble","name":"Jeff Kibble","shortName":"Kibble","partyId":"CPC","votes":79,"share":48.76543209876543},{"id":"blair-herbert","name":"Blair Herbert","shortName":"Herbert","partyId":"LIB","votes":62,"share":38.2716049382716},{"id":"alistair-macgregor","name":"Alistair MacGregor","shortName":"MacGregor","partyId":"NDP","votes":18,"share":11.11111111111111},{"id":"kathleen-code","name":"Kathleen Code","shortName":"Code","partyId":"GRN","votes":3,"share":1.8518518518518516}],"partyVotes":{"LIB":62,"CPC":79,"BQ":0,"NDP":18,"GRN":3,"PPC":0,"OTH":0}}},"geometry":{"type":"Polygon","coordinates":[[[298.22,152.19],[298.23,152.18],[298.24,152.18],[298.26,152.19],[298.28,152.2],[298.28,152.22],[298.27,152.23],[298.26,152.23],[298.25,152.24],[298.23,152.23],[298.22,152.23],[298.2,152.22],[298.19,152.22],[298.19,152.21],[298.21,152.21],[298.21,152.19],[298.21,152.18],[298.21,152.18],[298.21,152.17],[298.21,152.18],[298.21,152.19],[298.22,152.19],[298.22,152.19]]]}},{"type":"Feature","id":"59010-169","properties":{"ridingCode":"59010","pollNumber":"169","pollType":"N","advancePollNumber":"630","sourceCode":"169-0","geometryPollNumbers":["169"],"code":"59010-169","resultPollNumbers":["169"],"resultStatus":"exact","result":{"electors":509,"voters":164,"totalVotes":163,"rejected":1,"turnout":32.220039292730846,"winnerId":"jeff-kibble","winnerPartyId":"CPC","runnerUpId":"alistair-macgregor","runnerUpPartyId":"NDP","margin":15.337423312883436,"top":[{"id":"jeff-kibble","name":"Jeff Kibble","shortName":"Kibble","partyId":"CPC","votes":71,"share":43.558282208588956},{"id":"alistair-macgregor","name":"Alistair MacGregor","shortName":"MacGregor","partyId":"NDP","votes":46,"share":28.22085889570552},{"id":"blair-herbert","name":"Blair Herbert","shortName":"Herbert","partyId":"LIB","votes":44,"share":26.993865030674847},{"id":"kathleen-code","name":"Kathleen Code","shortName":"Code","partyId":"GRN","votes":2,"share":1.2269938650306749}],"partyVotes":{"LIB":44,"CPC":71,"BQ":0,"NDP":46,"GRN":2,"PPC":0,"OTH":0}}},"geometry":{"type":"Polygon","coordinates":[[[298.26,152.13],[298.28,152.14],[298.29,152.12],[298.3,152.12],[298.3,152.13],[298.31,152.13],[298.31,152.14],[298.31,152.15],[298.31,152.14],[298.3,152.15],[298.29,152.15],[298.29,152.18],[298.32,152.2],[298.31,152.21],[298.31,152.22],[298.3,152.22],[298.29,152.22],[298.28,152.22],[298.28,152.2],[298.26,152.19],[298.24,152.18],[298.23,152.18],[298.22,152.19],[298.22,152.19],[298.21,152.19],[298.21,152.18],[298.21,152.17],[298.21,152.18],[298.21,152.18],[298.21,152.19],[298.2,152.19],[298.2,152.18],[298.2,152.17],[298.19,152.15],[298.26,152.13]]]}},{"type":"Feature","id":"59010-170","properties":{"ridingCode":"59010","pollNumber":"170","pollType":"N","advancePollNumber":"630","sourceCode":"170-0","geometryPollNumbers":["170"],"code":"59010-170","resultPollNumbers":["170"],"resultStatus":"exact","result":{"electors":421,"voters":122,"totalVotes":121,"rejected":1,"turnout":28.978622327790976,"winnerId":"blair-herbert","winnerPartyId":"LIB","runnerUpId":"jeff-kibble","runnerUpPartyId":"CPC","margin":7.43801652892562,"top":[{"id":"blair-herbert","name":"Blair Herbert","shortName":"Herbert","partyId":"LIB","votes":46,"share":38.01652892561984},{"id":"jeff-kibble","name":"Jeff Kibble","shortName":"Kibble","partyId":"CPC","votes":37,"share":30.57851239669421},{"id":"alistair-macgregor","name":"Alistair MacGregor","shortName":"MacGregor","partyId":"NDP","votes":36,"share":29.75206611570248},{"id":"kathleen-code","name":"Kathleen Code","shortName":"Code","partyId":"GRN","votes":2,"share":1.6528925619834711}],"partyVotes":{"LIB":46,"CPC":37,"BQ":0,"NDP":36,"GRN":2,"PPC":0,"OTH":0}}},"geometry":{"type":"Polygon","coordinates":[[[298.25,152.1],[298.24,152.1],[298.23,152.09],[298.26,152.08],[298.26,152.08],[298.29,152.1],[298.29,152.1],[298.3,152.11],[298.3,152.11],[298.31,152.12],[298.31,152.13],[298.3,152.13],[298.3,152.12],[298.29,152.12],[298.29,152.11],[298.28,152.1],[298.28,152.11],[298.28,152.11],[298.28,152.12],[298.27,152.11],[298.27,152.1],[298.26,152.1],[298.25,152.1]]]}},{"type":"Feature","id":"59010-171","properties":{"ridingCode":"59010","pollNumber":"171","pollType":"N","advancePollNumber":"631","sourceCode":"171-0","geometryPollNumbers":["171"],"code":"59010-171","resultPollNumbers":["171"],"resultStatus":"exact","result":{"electors":514,"voters":124,"totalVotes":123,"rejected":1,"turnout":24.124513618677042,"winnerId":"jeff-kibble","winnerPartyId":"CPC","runnerUpId":"blair-herbert","runnerUpPartyId":"LIB","margin":17.88617886178862,"top":[{"id":"jeff-kibble","name":"Jeff Kibble","shortName":"Kibble","partyId":"CPC","votes":57,"share":46.34146341463415},{"id":"blair-herbert","name":"Blair Herbert","shortName":"Herbert","partyId":"LIB","votes":35,"share":28.455284552845526},{"id":"alistair-macgregor","name":"Alistair MacGregor","shortName":"MacGregor","partyId":"NDP","votes":27,"share":21.951219512195124},{"id":"kathleen-code","name":"Kathleen Code","shortName":"Code","partyId":"GRN","votes":4,"share":3.2520325203252036}],"partyVotes":{"LIB":35,"CPC":57,"BQ":0,"NDP":27,"GRN":4,"PPC":0,"OTH":0}}},"geometry":{"type":"Polygon","coordinates":[[[298.26,152.08],[298.26,152.05],[298.26,152.03],[298.27,152.04],[298.28,152.04],[298.28,152.05],[298.29,152.06],[298.3,152.06],[298.3,152.07],[298.29,152.07],[298.28,152.06],[298.28,152.07],[298.28,152.07],[298.31,152.08],[298.31,152.1],[298.3,152.11],[298.3,152.11],[298.29,152.1],[298.29,152.1],[298.26,152.08],[298.26,152.08]]]}},{"type":"Feature","id":"59010-172","properties":{"ridingCode":"59010","pollNumber":"172","pollType":"N","advancePollNumber":"628","sourceCode":"172-0","geometryPollNumbers":["172"],"code":"59010-172","resultPollNumbers":["172"],"resultStatus":"exact","result":{"electors":251,"voters":91,"totalVotes":90,"rejected":1,"turnout":36.254980079681275,"winnerId":"jeff-kibble","winnerPartyId":"CPC","runnerUpId":"blair-herbert","runnerUpPartyId":"LIB","margin":25.555555555555554,"top":[{"id":"jeff-kibble","name":"Jeff Kibble","shortName":"Kibble","partyId":"CPC","votes":46,"share":51.11111111111111},{"id":"blair-herbert","name":"Blair Herbert","shortName":"Herbert","partyId":"LIB","votes":23,"share":25.555555555555554},{"id":"alistair-macgregor","name":"Alistair MacGregor","shortName":"MacGregor","partyId":"NDP","votes":20,"share":22.22222222222222},{"id":"kathleen-code","name":"Kathleen Code","shortName":"Code","partyId":"GRN","votes":1,"share":1.1111111111111112}],"partyVotes":{"LIB":23,"CPC":46,"BQ":0,"NDP":20,"GRN":1,"PPC":0,"OTH":0}}},"geometry":{"type":"Polygon","coordinates":[[[297.87,152.26],[297.87,152.25],[297.87,152.23],[297.91,152.21],[297.91,152.22],[297.92,152.21],[297.96,152.18],[297.97,152.18],[297.98,152.19],[297.98,152.18],[297.97,152.17],[297.98,152.16],[297.99,152.16],[297.99,152.18],[298,152.17],[298.01,152.17],[298.02,152.17],[298.03,152.17],[298.05,152.16],[298.06,152.16],[298.02,152.2],[298.02,152.21],[298.02,152.22],[298.05,152.29],[298.06,152.29],[298.08,152.3],[298.08,152.31],[298.09,152.33],[298.1,152.34],[298.12,152.34],[298.13,152.35],[298.13,152.36],[298.13,152.36],[298.14,152.38],[298.14,152.39],[298.13,152.4],[298.14,152.4],[298.13,152.41],[298.14,152.42],[298.15,152.44],[298.15,152.45],[298.14,152.46],[298.14,152.46],[298.15,152.47],[298.16,152.48],[298.15,152.48],[298.16,152.49],[298.17,152.5],[298.18,152.5],[298.18,152.51],[298.19,152.51],[298.19,152.52],[298.18,152.53],[298.18,152.54],[298.18,152.55],[298.2,152.57],[298.21,152.58],[298.24,152.6],[298.26,152.62],[298.27,152.63],[298.27,152.64],[298.27,152.63],[298.28,152.63],[298.28,152.64],[298.3,152.66],[298.34,152.71],[298.36,152.74],[298.37,152.77],[298.37,152.8],[298.37,152.81],[298.38,152.88],[298.31,152.92],[298.28,152.93],[298.28,152.91],[298.26,152.88],[298.25,152.87],[298.25,152.86],[298.26,152.81],[298.26,152.78],[298.2,152.7],[298.18,152.66],[298.17,152.64],[298.18,152.61],[298.17,152.62],[298.16,152.61],[298.15,152.6],[298.13,152.55],[298.1,152.53],[298.1,152.51],[298.09,152.49],[298.09,152.47],[298.08,152.45],[298.08,152.44],[298.07,152.43],[298.07,152.4],[298.07,152.39],[298.07,152.38],[298.07,152.36],[298.07,152.35],[298.05,152.32],[298.04,152.32],[298.02,152.31],[298.02,152.31],[298,152.27],[297.99,152.26],[297.97,152.26],[297.95,152.27],[297.92,152.27],[297.89,152.27],[297.88,152.27],[297.87,152.26]]]}},{"type":"Feature","id":"59010-173","properties":{"ridingCode":"59010","pollNumber":"173","pollType":"N","advancePollNumber":"635","sourceCode":"173-0","geometryPollNumbers":["173"],"code":"59010-173","resultPollNumbers":["173"],"resultStatus":"exact","result":{"electors":539,"voters":176,"totalVotes":174,"rejected":2,"turnout":32.6530612244898,"winnerId":"jeff-kibble","winnerPartyId":"CPC","runnerUpId":"blair-herbert","runnerUpPartyId":"LIB","margin":7.471264367816093,"top":[{"id":"jeff-kibble","name":"Jeff Kibble","shortName":"Kibble","partyId":"CPC","votes":66,"share":37.93103448275862},{"id":"blair-herbert","name":"Blair Herbert","shortName":"Herbert","partyId":"LIB","votes":53,"share":30.45977011494253},{"id":"alistair-macgregor","name":"Alistair MacGregor","shortName":"MacGregor","partyId":"NDP","votes":53,"share":30.45977011494253},{"id":"kathleen-code","name":"Kathleen Code","shortName":"Code","partyId":"GRN","votes":2,"share":1.1494252873563218}],"partyVotes":{"LIB":53,"CPC":66,"BQ":0,"NDP":53,"GRN":2,"PPC":0,"OTH":0}}},"geometry":{"type":"Polygon","coordinates":[[[297.27,152.15],[297.25,152.12],[297.66,151.93],[297.67,151.94],[297.7,151.92],[297.72,151.91],[297.72,151.9],[297.74,151.91],[297.75,151.91],[297.78,151.88],[297.79,151.89],[297.79,151.88],[297.8,151.86],[297.81,151.85],[297.82,151.85],[297.85,151.84],[297.9,151.84],[297.92,151.86],[297.92,151.86],[297.95,151.85],[297.96,151.86],[298.02,151.92],[298.03,151.93],[298.03,151.93],[298.03,151.93],[298.05,151.93],[298.05,151.94],[298.04,151.94],[298.03,151.95],[298.03,151.96],[298.02,151.95],[298.02,151.96],[298.02,151.96],[298.02,151.97],[298.01,151.98],[298.01,151.98],[298.01,151.98],[297.98,152],[297.98,152.01],[297.95,152.06],[297.94,152.07],[297.94,152.07],[297.94,152.08],[297.95,152.1],[297.95,152.1],[297.95,152.11],[297.97,152.13],[297.96,152.14],[297.94,152.16],[297.94,152.16],[297.93,152.2],[297.92,152.2],[297.91,152.21],[297.87,152.23],[297.87,152.25],[297.87,152.26],[297.86,152.26],[297.85,152.28],[297.89,152.28],[297.91,152.29],[297.91,152.29],[297.91,152.3],[297.92,152.31],[297.95,152.3],[297.96,152.3],[297.96,152.32],[297.95,152.34],[297.97,152.39],[297.97,152.42],[297.97,152.43],[297.96,152.44],[297.97,152.47],[297.97,152.5],[297.96,152.51],[297.95,152.52],[297.95,152.53],[297.95,152.54],[297.94,152.55],[297.92,152.55],[297.88,152.57],[297.86,152.57],[297.85,152.56],[297.84,152.56],[297.82,152.56],[297.81,152.56],[297.81,152.57],[297.81,152.58],[297.78,152.56],[297.78,152.55],[297.78,152.54],[297.76,152.53],[297.75,152.52],[297.74,152.51],[297.69,152.5],[297.69,152.5],[297.68,152.51],[297.69,152.52],[297.68,152.55],[297.69,152.57],[297.68,152.57],[297.68,152.57],[297.67,152.57],[297.66,152.55],[297.66,152.55],[297.66,152.55],[297.66,152.53],[297.66,152.5],[297.67,152.49],[297.68,152.46],[297.68,152.45],[297.68,152.42],[297.67,152.43],[297.66,152.44],[297.66,152.44],[297.67,152.47],[297.67,152.48],[297.66,152.49],[297.65,152.5],[297.64,152.5],[297.63,152.51],[297.62,152.51],[297.62,152.51],[297.62,152.52],[297.61,152.54],[297.59,152.55],[297.58,152.56],[297.57,152.56],[297.56,152.56],[297.56,152.6],[297.55,152.6],[297.54,152.6],[297.54,152.6],[297.53,152.61],[297.52,152.63],[297.52,152.64],[297.49,152.65],[297.48,152.66],[297.46,152.66],[297.46,152.67],[297.46,152.7],[297.46,152.73],[297.46,152.74],[297.48,152.77],[297.5,152.8],[297.53,152.83],[297.54,152.85],[297.55,152.86],[297.55,152.86],[297.51,152.88],[297.43,152.69],[297.39,152.59],[297.54,152.53],[297.48,152.4],[297.45,152.39],[297.38,152.39],[297.27,152.15]]]}},{"type":"Feature","id":"59010-174","properties":{"ridingCode":"59010","pollNumber":"174","pollType":"N","advancePollNumber":"635","sourceCode":"174-0","geometryPollNumbers":["174"],"code":"59010-174","resultPollNumbers":["174"],"resultStatus":"exact","result":{"electors":427,"voters":199,"totalVotes":199,"rejected":0,"turnout":46.604215456674474,"winnerId":"alistair-macgregor","winnerPartyId":"NDP","runnerUpId":"jeff-kibble","runnerUpPartyId":"CPC","margin":7.537688442211055,"top":[{"id":"alistair-macgregor","name":"Alistair MacGregor","shortName":"MacGregor","partyId":"NDP","votes":87,"share":43.71859296482412},{"id":"jeff-kibble","name":"Jeff Kibble","shortName":"Kibble","partyId":"CPC","votes":72,"share":36.18090452261307},{"id":"blair-herbert","name":"Blair Herbert","shortName":"Herbert","partyId":"LIB","votes":38,"share":19.09547738693467},{"id":"kathleen-code","name":"Kathleen Code","shortName":"Code","partyId":"GRN","votes":2,"share":1.0050251256281406}],"partyVotes":{"LIB":38,"CPC":72,"BQ":0,"NDP":87,"GRN":2,"PPC":0,"OTH":0}}},"geometry":{"type":"Polygon","coordinates":[[[297.97,152.13],[297.98,152.14],[297.99,152.16],[297.98,152.16],[297.97,152.17],[297.98,152.18],[297.98,152.19],[297.97,152.18],[297.96,152.18],[297.92,152.21],[297.91,152.22],[297.91,152.21],[297.92,152.2],[297.93,152.2],[297.94,152.16],[297.94,152.16],[297.96,152.14],[297.97,152.13]]]}},{"type":"Feature","id":"59010-175","properties":{"ridingCode":"59010","pollNumber":"175","pollType":"N","advancePollNumber":"635","sourceCode":"175-0","geometryPollNumbers":["175"],"code":"59010-175","resultPollNumbers":["175"],"resultStatus":"exact","result":{"electors":448,"voters":291,"totalVotes":290,"rejected":1,"turnout":64.95535714285714,"winnerId":"jeff-kibble","winnerPartyId":"CPC","runnerUpId":"blair-herbert","runnerUpPartyId":"LIB","margin":7.586206896551724,"top":[{"id":"jeff-kibble","name":"Jeff Kibble","shortName":"Kibble","partyId":"CPC","votes":113,"share":38.96551724137931},{"id":"blair-herbert","name":"Blair Herbert","shortName":"Herbert","partyId":"LIB","votes":91,"share":31.379310344827587},{"id":"alistair-macgregor","name":"Alistair MacGregor","shortName":"MacGregor","partyId":"NDP","votes":79,"share":27.241379310344826},{"id":"kathleen-code","name":"Kathleen Code","shortName":"Code","partyId":"GRN","votes":7,"share":2.413793103448276}],"partyVotes":{"LIB":91,"CPC":113,"BQ":0,"NDP":79,"GRN":7,"PPC":0,"OTH":0}}},"geometry":{"type":"Polygon","coordinates":[[[297.98,152.14],[297.99,152.14],[297.99,152.12],[298,152.12],[298,152.12],[298.03,152.14],[298.03,152.15],[298.02,152.16],[298.02,152.17],[298.01,152.17],[298,152.17],[297.99,152.18],[297.99,152.16],[297.98,152.14]]]}},{"type":"Feature","id":"59010-176","properties":{"ridingCode":"59010","pollNumber":"176","pollType":"N","advancePollNumber":"635","sourceCode":"176-0","geometryPollNumbers":["176"],"code":"59010-176","resultPollNumbers":["176"],"resultStatus":"exact","result":{"electors":592,"voters":246,"totalVotes":246,"rejected":0,"turnout":41.55405405405405,"winnerId":"jeff-kibble","winnerPartyId":"CPC","runnerUpId":"blair-herbert","runnerUpPartyId":"LIB","margin":18.69918699186992,"top":[{"id":"jeff-kibble","name":"Jeff Kibble","shortName":"Kibble","partyId":"CPC","votes":112,"share":45.52845528455284},{"id":"blair-herbert","name":"Blair Herbert","shortName":"Herbert","partyId":"LIB","votes":66,"share":26.82926829268293},{"id":"alistair-macgregor","name":"Alistair MacGregor","shortName":"MacGregor","partyId":"NDP","votes":65,"share":26.422764227642276},{"id":"kathleen-code","name":"Kathleen Code","shortName":"Code","partyId":"GRN","votes":3,"share":1.2195121951219512}],"partyVotes":{"LIB":66,"CPC":112,"BQ":0,"NDP":65,"GRN":3,"PPC":0,"OTH":0}}},"geometry":{"type":"Polygon","coordinates":[[[298.02,152.17],[298.02,152.16],[298.03,152.15],[298.03,152.14],[298,152.12],[298,152.12],[297.99,152.12],[297.99,152.14],[297.98,152.14],[297.97,152.13],[298.02,152.05],[298.03,152.07],[298.03,152.08],[298.05,152.1],[298.06,152.11],[298.06,152.11],[298.08,152.12],[298.07,152.15],[298.06,152.16],[298.05,152.16],[298.03,152.17],[298.02,152.17]],[[298.01,152.11],[298.01,152.11],[298.02,152.12],[298.03,152.11],[298.03,152.1],[298.03,152.1],[298.02,152.08],[298.03,152.08],[298.02,152.07],[298.01,152.1],[298.01,152.1],[298,152.1],[298.01,152.11],[298.01,152.11],[298.01,152.11]]]}},{"type":"Feature","id":"59010-177","properties":{"ridingCode":"59010","pollNumber":"177","pollType":"N","advancePollNumber":"635","sourceCode":"177-0","geometryPollNumbers":["177"],"code":"59010-177","resultPollNumbers":["177"],"resultStatus":"exact","result":{"electors":364,"voters":157,"totalVotes":157,"rejected":0,"turnout":43.13186813186813,"winnerId":"blair-herbert","winnerPartyId":"LIB","runnerUpId":"jeff-kibble","runnerUpPartyId":"CPC","margin":0,"top":[{"id":"blair-herbert","name":"Blair Herbert","shortName":"Herbert","partyId":"LIB","votes":53,"share":33.75796178343949},{"id":"jeff-kibble","name":"Jeff Kibble","shortName":"Kibble","partyId":"CPC","votes":53,"share":33.75796178343949},{"id":"alistair-macgregor","name":"Alistair MacGregor","shortName":"MacGregor","partyId":"NDP","votes":48,"share":30.573248407643312},{"id":"kathleen-code","name":"Kathleen Code","shortName":"Code","partyId":"GRN","votes":3,"share":1.910828025477707}],"partyVotes":{"LIB":53,"CPC":53,"BQ":0,"NDP":48,"GRN":3,"PPC":0,"OTH":0}}},"geometry":{"type":"Polygon","coordinates":[[[298.01,152.1],[298.01,152.1],[298.02,152.07],[298.03,152.08],[298.02,152.08],[298.03,152.1],[298.03,152.1],[298.03,152.11],[298.02,152.12],[298.01,152.11],[298.01,152.11],[298.01,152.11],[298.01,152.11],[298,152.1],[298.01,152.1]]]}},{"type":"Feature","id":"59010-178A+178B","properties":{"ridingCode":"59010","pollNumber":"178A+178B","pollType":"N","advancePollNumber":"634","sourceCode":"178-0","geometryPollNumbers":["178"],"code":"59010-178A+178B","resultPollNumbers":["178A","178B"],"resultStatus":"resolved-suffix","result":{"electors":747,"voters":293,"totalVotes":292,"rejected":1,"turnout":39.223560910307896,"winnerId":"jeff-kibble","winnerPartyId":"CPC","runnerUpId":"blair-herbert","runnerUpPartyId":"LIB","margin":2.3972602739726026,"top":[{"id":"jeff-kibble","name":"Jeff Kibble","shortName":"Kibble","partyId":"CPC","votes":111,"share":38.013698630136986},{"id":"blair-herbert","name":"Blair Herbert","shortName":"Herbert","partyId":"LIB","votes":104,"share":35.61643835616438},{"id":"alistair-macgregor","name":"Alistair MacGregor","shortName":"MacGregor","partyId":"NDP","votes":71,"share":24.315068493150687},{"id":"kathleen-code","name":"Kathleen Code","shortName":"Code","partyId":"GRN","votes":6,"share":2.054794520547945}],"partyVotes":{"LIB":104,"CPC":111,"BQ":0,"NDP":71,"GRN":6,"PPC":0,"OTH":0}}},"geometry":{"type":"Polygon","coordinates":[[[297.95,152.06],[297.98,152.01],[297.98,152],[298.01,151.98],[298.01,151.98],[298.01,151.98],[298.01,151.98],[298.02,151.99],[298.02,151.99],[298.02,151.98],[298.03,151.98],[298.02,151.99],[298.01,151.99],[298.01,151.99],[298,151.99],[298,151.99],[298,152],[298,152.02],[298,152.02],[298,152.02],[298,152.03],[298.01,152.03],[298.02,152.01],[298.02,152.01],[298.02,152.04],[298.02,152.05],[297.97,152.13],[297.95,152.11],[297.95,152.1],[297.95,152.1],[297.94,152.08],[297.94,152.07],[297.94,152.07],[297.95,152.06]]]}},{"type":"Feature","id":"59010-179","properties":{"ridingCode":"59010","pollNumber":"179","pollType":"N","advancePollNumber":"635","sourceCode":"179-0","geometryPollNumbers":["179"],"code":"59010-179","resultPollNumbers":["179"],"resultStatus":"exact","result":{"electors":512,"voters":167,"totalVotes":167,"rejected":0,"turnout":32.6171875,"winnerId":"jeff-kibble","winnerPartyId":"CPC","runnerUpId":"alistair-macgregor","runnerUpPartyId":"NDP","margin":7.784431137724551,"top":[{"id":"jeff-kibble","name":"Jeff Kibble","shortName":"Kibble","partyId":"CPC","votes":68,"share":40.7185628742515},{"id":"alistair-macgregor","name":"Alistair MacGregor","shortName":"MacGregor","partyId":"NDP","votes":55,"share":32.93413173652694},{"id":"blair-herbert","name":"Blair Herbert","shortName":"Herbert","partyId":"LIB","votes":40,"share":23.952095808383234},{"id":"kathleen-code","name":"Kathleen Code","shortName":"Code","partyId":"GRN","votes":4,"share":2.3952095808383236}],"partyVotes":{"LIB":40,"CPC":68,"BQ":0,"NDP":55,"GRN":4,"PPC":0,"OTH":0}}},"geometry":{"type":"Polygon","coordinates":[[[298,151.99],[298,151.99],[298.01,151.99],[298.01,151.99],[298.02,151.99],[298.02,152],[298.03,152],[298.03,152],[298.04,151.99],[298.04,151.99],[298.06,151.98],[298.07,151.97],[298.08,151.97],[298.05,152.01],[298.1,152.04],[298.09,152.05],[298.1,152.05],[298.09,152.06],[298.1,152.06],[298.09,152.08],[298.09,152.11],[298.08,152.12],[298.06,152.11],[298.06,152.11],[298.05,152.1],[298.03,152.08],[298.03,152.07],[298.02,152.05],[298.02,152.04],[298.02,152.01],[298.02,152.01],[298.01,152.03],[298,152.03],[298,152.02],[298,152.02],[298,152.02],[298,152],[298,151.99]]]}},{"type":"Feature","id":"59010-180","properties":{"ridingCode":"59010","pollNumber":"180","pollType":"N","advancePollNumber":"634","sourceCode":"180-0","geometryPollNumbers":["180"],"code":"59010-180","resultPollNumbers":["180"],"resultStatus":"exact","result":{"electors":527,"voters":145,"totalVotes":142,"rejected":3,"turnout":27.514231499051235,"winnerId":"jeff-kibble","winnerPartyId":"CPC","runnerUpId":"alistair-macgregor","runnerUpPartyId":"NDP","margin":7.042253521126761,"top":[{"id":"jeff-kibble","name":"Jeff Kibble","shortName":"Kibble","partyId":"CPC","votes":54,"share":38.028169014084504},{"id":"alistair-macgregor","name":"Alistair MacGregor","shortName":"MacGregor","partyId":"NDP","votes":44,"share":30.985915492957744},{"id":"blair-herbert","name":"Blair Herbert","shortName":"Herbert","partyId":"LIB","votes":40,"share":28.169014084507044},{"id":"kathleen-code","name":"Kathleen Code","shortName":"Code","partyId":"GRN","votes":4,"share":2.8169014084507045}],"partyVotes":{"LIB":40,"CPC":54,"BQ":0,"NDP":44,"GRN":4,"PPC":0,"OTH":0}}},"geometry":{"type":"Polygon","coordinates":[[[298.01,151.98],[298.01,151.98],[298.02,151.97],[298.02,151.96],[298.02,151.96],[298.02,151.95],[298.03,151.96],[298.03,151.95],[298.04,151.94],[298.05,151.94],[298.04,151.96],[298.05,151.98],[298.06,151.97],[298.06,151.97],[298.07,151.97],[298.07,151.97],[298.07,151.97],[298.06,151.98],[298.04,151.99],[298.04,151.99],[298.03,152],[298.03,152],[298.02,152],[298.02,151.99],[298.03,151.98],[298.02,151.98],[298.02,151.99],[298.02,151.99],[298.01,151.98]]]}},{"type":"Feature","id":"59010-181","properties":{"ridingCode":"59010","pollNumber":"181","pollType":"N","advancePollNumber":"634","sourceCode":"181-0","geometryPollNumbers":["181"],"code":"59010-181","resultPollNumbers":["181"],"resultStatus":"exact","result":{"electors":366,"voters":128,"totalVotes":128,"rejected":0,"turnout":34.97267759562842,"winnerId":"jeff-kibble","winnerPartyId":"CPC","runnerUpId":"alistair-macgregor","runnerUpPartyId":"NDP","margin":11.71875,"top":[{"id":"jeff-kibble","name":"Jeff Kibble","shortName":"Kibble","partyId":"CPC","votes":53,"share":41.40625},{"id":"alistair-macgregor","name":"Alistair MacGregor","shortName":"MacGregor","partyId":"NDP","votes":38,"share":29.6875},{"id":"blair-herbert","name":"Blair Herbert","shortName":"Herbert","partyId":"LIB","votes":34,"share":26.5625},{"id":"kathleen-code","name":"Kathleen Code","shortName":"Code","partyId":"GRN","votes":3,"share":2.34375}],"partyVotes":{"LIB":34,"CPC":53,"BQ":0,"NDP":38,"GRN":3,"PPC":0,"OTH":0}}},"geometry":{"type":"Polygon","coordinates":[[[298.04,151.96],[298.05,151.94],[298.05,151.93],[298.03,151.93],[298.03,151.93],[298.05,151.93],[298.06,151.93],[298.07,151.92],[298.07,151.93],[298.08,151.93],[298.07,151.94],[298.06,151.97],[298.06,151.97],[298.05,151.98],[298.04,151.96]]]}},{"type":"Feature","id":"59010-182","properties":{"ridingCode":"59010","pollNumber":"182","pollType":"N","advancePollNumber":"636","sourceCode":"182-0","geometryPollNumbers":["182"],"code":"59010-182","resultPollNumbers":["182"],"resultStatus":"exact","result":{"electors":262,"voters":83,"totalVotes":83,"rejected":0,"turnout":31.679389312977097,"winnerId":"jeff-kibble","winnerPartyId":"CPC","runnerUpId":"alistair-macgregor","runnerUpPartyId":"NDP","margin":14.457831325301203,"top":[{"id":"jeff-kibble","name":"Jeff Kibble","shortName":"Kibble","partyId":"CPC","votes":39,"share":46.98795180722892},{"id":"alistair-macgregor","name":"Alistair MacGregor","shortName":"MacGregor","partyId":"NDP","votes":27,"share":32.53012048192771},{"id":"blair-herbert","name":"Blair Herbert","shortName":"Herbert","partyId":"LIB","votes":17,"share":20.481927710843372},{"id":"kathleen-code","name":"Kathleen Code","shortName":"Code","partyId":"GRN","votes":0,"share":0}],"partyVotes":{"LIB":17,"CPC":39,"BQ":0,"NDP":27,"GRN":0,"PPC":0,"OTH":0}}},"geometry":{"type":"Polygon","coordinates":[[[298.11,151.86],[298.13,151.87],[298.12,151.88],[298.1,151.92],[298.1,151.93],[298.09,151.94],[298.07,151.94],[298.08,151.93],[298.07,151.93],[298.1,151.85],[298.11,151.86]]]}},{"type":"Feature","id":"59010-183","properties":{"ridingCode":"59010","pollNumber":"183","pollType":"N","advancePollNumber":"636","sourceCode":"183-0","geometryPollNumbers":["183"],"code":"59010-183","resultPollNumbers":["183"],"resultStatus":"exact","result":{"electors":491,"voters":154,"totalVotes":154,"rejected":0,"turnout":31.364562118126273,"winnerId":"jeff-kibble","winnerPartyId":"CPC","runnerUpId":"alistair-macgregor","runnerUpPartyId":"NDP","margin":2.5974025974025974,"top":[{"id":"jeff-kibble","name":"Jeff Kibble","shortName":"Kibble","partyId":"CPC","votes":59,"share":38.311688311688314},{"id":"alistair-macgregor","name":"Alistair MacGregor","shortName":"MacGregor","partyId":"NDP","votes":55,"share":35.714285714285715},{"id":"blair-herbert","name":"Blair Herbert","shortName":"Herbert","partyId":"LIB","votes":35,"share":22.727272727272727},{"id":"kathleen-code","name":"Kathleen Code","shortName":"Code","partyId":"GRN","votes":5,"share":3.2467532467532463}],"partyVotes":{"LIB":35,"CPC":59,"BQ":0,"NDP":55,"GRN":5,"PPC":0,"OTH":0}}},"geometry":{"type":"Polygon","coordinates":[[[297.98,151.86],[297.98,151.85],[298.04,151.85],[298.05,151.85],[298.06,151.85],[298.05,151.86],[298.06,151.86],[298.06,151.87],[298.06,151.9],[298.05,151.93],[298.03,151.93],[298.03,151.93],[298.02,151.92],[297.96,151.86],[297.97,151.86],[297.98,151.86]]]}},{"type":"Feature","id":"59010-184","properties":{"ridingCode":"59010","pollNumber":"184","pollType":"N","advancePollNumber":"636","sourceCode":"184-0","geometryPollNumbers":["184"],"code":"59010-184","resultPollNumbers":["184"],"resultStatus":"exact","result":{"electors":243,"voters":90,"totalVotes":89,"rejected":1,"turnout":37.03703703703704,"winnerId":"blair-herbert","winnerPartyId":"LIB","runnerUpId":"jeff-kibble","runnerUpPartyId":"CPC","margin":4.49438202247191,"top":[{"id":"blair-herbert","name":"Blair Herbert","shortName":"Herbert","partyId":"LIB","votes":34,"share":38.20224719101123},{"id":"jeff-kibble","name":"Jeff Kibble","shortName":"Kibble","partyId":"CPC","votes":30,"share":33.70786516853933},{"id":"alistair-macgregor","name":"Alistair MacGregor","shortName":"MacGregor","partyId":"NDP","votes":24,"share":26.96629213483146},{"id":"kathleen-code","name":"Kathleen Code","shortName":"Code","partyId":"GRN","votes":1,"share":1.1235955056179776}],"partyVotes":{"LIB":34,"CPC":30,"BQ":0,"NDP":24,"GRN":1,"PPC":0,"OTH":0}}},"geometry":{"type":"Polygon","coordinates":[[[298.05,151.84],[298.06,151.85],[298.06,151.84],[298.08,151.85],[298.09,151.85],[298.1,151.85],[298.07,151.93],[298.07,151.92],[298.06,151.93],[298.05,151.93],[298.06,151.9],[298.06,151.87],[298.06,151.86],[298.05,151.86],[298.06,151.85],[298.05,151.85],[298.05,151.84]]]}},{"type":"Feature","id":"59010-185","properties":{"ridingCode":"59010","pollNumber":"185","pollType":"N","advancePollNumber":"628","sourceCode":"185-0","geometryPollNumbers":["185"],"code":"59010-185","resultPollNumbers":["185"],"resultStatus":"exact","result":{"electors":404,"voters":122,"totalVotes":121,"rejected":1,"turnout":30.198019801980198,"winnerId":"jeff-kibble","winnerPartyId":"CPC","runnerUpId":"alistair-macgregor","runnerUpPartyId":"NDP","margin":14.049586776859504,"top":[{"id":"jeff-kibble","name":"Jeff Kibble","shortName":"Kibble","partyId":"CPC","votes":55,"share":45.45454545454545},{"id":"alistair-macgregor","name":"Alistair MacGregor","shortName":"MacGregor","partyId":"NDP","votes":38,"share":31.40495867768595},{"id":"blair-herbert","name":"Blair Herbert","shortName":"Herbert","partyId":"LIB","votes":25,"share":20.66115702479339},{"id":"kathleen-code","name":"Kathleen Code","shortName":"Code","partyId":"GRN","votes":3,"share":2.479338842975207}],"partyVotes":{"LIB":25,"CPC":55,"BQ":0,"NDP":38,"GRN":3,"PPC":0,"OTH":0}}},"geometry":{"type":"Polygon","coordinates":[[[298.34,152.23],[298.34,152.22],[298.34,152.2],[298.34,152.18],[298.35,152.15],[298.38,152.19],[298.41,152.17],[298.48,152.3],[298.5,152.28],[298.51,152.27],[298.52,152.27],[298.53,152.27],[298.55,152.27],[298.55,152.27],[298.56,152.26],[298.57,152.27],[298.57,152.26],[298.61,152.32],[298.66,152.32],[298.67,152.28],[298.71,152.25],[298.71,152.26],[298.71,152.26],[298.72,152.27],[298.72,152.28],[298.72,152.29],[298.73,152.31],[298.74,152.31],[298.74,152.32],[298.74,152.33],[298.72,152.33],[298.7,152.33],[298.69,152.34],[298.68,152.34],[298.66,152.34],[298.65,152.34],[298.65,152.34],[298.66,152.4],[298.66,152.41],[298.69,152.42],[298.69,152.43],[298.68,152.44],[298.69,152.46],[298.69,152.46],[298.7,152.48],[298.71,152.5],[298.7,152.53],[298.7,152.53],[298.68,152.53],[298.65,152.54],[298.65,152.55],[298.63,152.55],[298.62,152.55],[298.61,152.55],[298.59,152.56],[298.59,152.55],[298.59,152.55],[298.58,152.55],[298.58,152.55],[298.57,152.54],[298.54,152.52],[298.5,152.51],[298.5,152.51],[298.48,152.49],[298.47,152.48],[298.46,152.48],[298.46,152.46],[298.44,152.47],[298.44,152.47],[298.43,152.47],[298.43,152.46],[298.43,152.45],[298.43,152.44],[298.42,152.43],[298.41,152.42],[298.41,152.4],[298.41,152.39],[298.4,152.38],[298.4,152.36],[298.4,152.34],[298.38,152.33],[298.38,152.31],[298.37,152.27],[298.35,152.26],[298.34,152.25],[298.34,152.23]]]}},{"type":"Feature","id":"59010-186","properties":{"ridingCode":"59010","pollNumber":"186","pollType":"N","advancePollNumber":"630","sourceCode":"186-0","geometryPollNumbers":["186"],"code":"59010-186","resultPollNumbers":["186"],"resultStatus":"exact","result":{"electors":559,"voters":197,"totalVotes":195,"rejected":2,"turnout":35.241502683363144,"winnerId":"jeff-kibble","winnerPartyId":"CPC","runnerUpId":"blair-herbert","runnerUpPartyId":"LIB","margin":3.076923076923077,"top":[{"id":"jeff-kibble","name":"Jeff Kibble","shortName":"Kibble","partyId":"CPC","votes":73,"share":37.43589743589744},{"id":"blair-herbert","name":"Blair Herbert","shortName":"Herbert","partyId":"LIB","votes":67,"share":34.35897435897436},{"id":"alistair-macgregor","name":"Alistair MacGregor","shortName":"MacGregor","partyId":"NDP","votes":49,"share":25.128205128205128},{"id":"kathleen-code","name":"Kathleen Code","shortName":"Code","partyId":"GRN","votes":6,"share":3.076923076923077}],"partyVotes":{"LIB":67,"CPC":73,"BQ":0,"NDP":49,"GRN":6,"PPC":0,"OTH":0}}},"geometry":{"type":"Polygon","coordinates":[[[298.32,152.2],[298.29,152.18],[298.29,152.15],[298.3,152.15],[298.31,152.14],[298.31,152.15],[298.32,152.15],[298.32,152.15],[298.33,152.14],[298.34,152.14],[298.35,152.15],[298.34,152.18],[298.34,152.2],[298.33,152.21],[298.31,152.21],[298.32,152.2]]]}},{"type":"Feature","id":"59010-187","properties":{"ridingCode":"59010","pollNumber":"187","pollType":"N","advancePollNumber":"630","sourceCode":"187-0","geometryPollNumbers":["187"],"code":"59010-187","resultPollNumbers":["187"],"resultStatus":"exact","result":{"electors":645,"voters":232,"totalVotes":232,"rejected":0,"turnout":35.968992248062015,"winnerId":"jeff-kibble","winnerPartyId":"CPC","runnerUpId":"alistair-macgregor","runnerUpPartyId":"NDP","margin":10.775862068965516,"top":[{"id":"jeff-kibble","name":"Jeff Kibble","shortName":"Kibble","partyId":"CPC","votes":99,"share":42.672413793103445},{"id":"alistair-macgregor","name":"Alistair MacGregor","shortName":"MacGregor","partyId":"NDP","votes":74,"share":31.896551724137932},{"id":"blair-herbert","name":"Blair Herbert","shortName":"Herbert","partyId":"LIB","votes":58,"share":25},{"id":"kathleen-code","name":"Kathleen Code","shortName":"Code","partyId":"GRN","votes":1,"share":0.43103448275862066}],"partyVotes":{"LIB":58,"CPC":99,"BQ":0,"NDP":74,"GRN":1,"PPC":0,"OTH":0}}},"geometry":{"type":"Polygon","coordinates":[[[298.19,152.15],[298.08,152.2],[298.07,152.15],[298.16,152.1],[298.15,152.09],[298.16,152.09],[298.16,152.08],[298.16,152.08],[298.18,152.06],[298.19,152.07],[298.21,152.08],[298.21,152.08],[298.21,152.08],[298.2,152.07],[298.2,152.06],[298.21,152.07],[298.22,152.07],[298.22,152.09],[298.23,152.09],[298.23,152.09],[298.24,152.1],[298.25,152.1],[298.26,152.1],[298.27,152.1],[298.27,152.11],[298.28,152.12],[298.28,152.11],[298.28,152.11],[298.28,152.1],[298.29,152.11],[298.29,152.12],[298.28,152.14],[298.26,152.13],[298.19,152.15]]]}},{"type":"Feature","id":"59010-188","properties":{"ridingCode":"59010","pollNumber":"188","pollType":"N","advancePollNumber":"631","sourceCode":"188-0","geometryPollNumbers":["188"],"code":"59010-188","resultPollNumbers":["188"],"resultStatus":"exact","result":{"electors":483,"voters":196,"totalVotes":196,"rejected":0,"turnout":40.57971014492754,"winnerId":"alistair-macgregor","winnerPartyId":"NDP","runnerUpId":"jeff-kibble","runnerUpPartyId":"CPC","margin":1.0204081632653061,"top":[{"id":"alistair-macgregor","name":"Alistair MacGregor","shortName":"MacGregor","partyId":"NDP","votes":67,"share":34.183673469387756},{"id":"jeff-kibble","name":"Jeff Kibble","shortName":"Kibble","partyId":"CPC","votes":65,"share":33.16326530612245},{"id":"blair-herbert","name":"Blair Herbert","shortName":"Herbert","partyId":"LIB","votes":59,"share":30.102040816326532},{"id":"kathleen-code","name":"Kathleen Code","shortName":"Code","partyId":"GRN","votes":5,"share":2.5510204081632653}],"partyVotes":{"LIB":59,"CPC":65,"BQ":0,"NDP":67,"GRN":5,"PPC":0,"OTH":0}}},"geometry":{"type":"Polygon","coordinates":[[[298.47,152.06],[298.49,152.09],[298.49,152.11],[298.5,152.12],[298.41,152.17],[298.38,152.19],[298.35,152.15],[298.36,152.13],[298.36,152.12],[298.37,152.12],[298.38,152.11],[298.38,152.1],[298.4,152.1],[298.41,152.1],[298.42,152.11],[298.43,152.1],[298.44,152.1],[298.44,152.1],[298.42,152.09],[298.43,152.09],[298.47,152.06]]]}},{"type":"Feature","id":"59010-189","properties":{"ridingCode":"59010","pollNumber":"189","pollType":"N","advancePollNumber":"631","sourceCode":"189-0","geometryPollNumbers":["189"],"code":"59010-189","resultPollNumbers":["189"],"resultStatus":"exact","result":{"electors":560,"voters":161,"totalVotes":160,"rejected":1,"turnout":28.749999999999996,"winnerId":"jeff-kibble","winnerPartyId":"CPC","runnerUpId":"alistair-macgregor","runnerUpPartyId":"NDP","margin":11.25,"top":[{"id":"jeff-kibble","name":"Jeff Kibble","shortName":"Kibble","partyId":"CPC","votes":69,"share":43.125},{"id":"alistair-macgregor","name":"Alistair MacGregor","shortName":"MacGregor","partyId":"NDP","votes":51,"share":31.874999999999996},{"id":"blair-herbert","name":"Blair Herbert","shortName":"Herbert","partyId":"LIB","votes":35,"share":21.875},{"id":"kathleen-code","name":"Kathleen Code","shortName":"Code","partyId":"GRN","votes":5,"share":3.125}],"partyVotes":{"LIB":35,"CPC":69,"BQ":0,"NDP":51,"GRN":5,"PPC":0,"OTH":0}}},"geometry":{"type":"Polygon","coordinates":[[[298.31,152.14],[298.31,152.13],[298.31,152.12],[298.31,152.12],[298.32,152.11],[298.33,152.08],[298.35,152.07],[298.35,152.09],[298.35,152.11],[298.36,152.12],[298.36,152.13],[298.35,152.15],[298.34,152.14],[298.33,152.14],[298.32,152.15],[298.32,152.15],[298.31,152.15],[298.31,152.14]]]}},{"type":"Feature","id":"59010-190","properties":{"ridingCode":"59010","pollNumber":"190","pollType":"N","advancePollNumber":"631","sourceCode":"190-0","geometryPollNumbers":["190"],"code":"59010-190","resultPollNumbers":["190"],"resultStatus":"exact","result":{"electors":360,"voters":120,"totalVotes":120,"rejected":0,"turnout":33.33333333333333,"winnerId":"blair-herbert","winnerPartyId":"LIB","runnerUpId":"alistair-macgregor","runnerUpPartyId":"NDP","margin":0,"top":[{"id":"blair-herbert","name":"Blair Herbert","shortName":"Herbert","partyId":"LIB","votes":40,"share":33.33333333333333},{"id":"alistair-macgregor","name":"Alistair MacGregor","shortName":"MacGregor","partyId":"NDP","votes":40,"share":33.33333333333333},{"id":"jeff-kibble","name":"Jeff Kibble","shortName":"Kibble","partyId":"CPC","votes":38,"share":31.666666666666664},{"id":"kathleen-code","name":"Kathleen Code","shortName":"Code","partyId":"GRN","votes":2,"share":1.6666666666666667}],"partyVotes":{"LIB":40,"CPC":38,"BQ":0,"NDP":40,"GRN":2,"PPC":0,"OTH":0}}},"geometry":{"type":"Polygon","coordinates":[[[298.37,152.06],[298.38,152.05],[298.39,152.04],[298.39,152.05],[298.39,152.06],[298.4,152.08],[298.4,152.08],[298.41,152.08],[298.42,152.09],[298.44,152.1],[298.44,152.1],[298.43,152.1],[298.42,152.11],[298.41,152.1],[298.4,152.1],[298.38,152.1],[298.38,152.11],[298.37,152.12],[298.36,152.12],[298.35,152.11],[298.35,152.09],[298.36,152.09],[298.38,152.09],[298.38,152.08],[298.37,152.06],[298.37,152.06]]]}},{"type":"Feature","id":"59010-191","properties":{"ridingCode":"59010","pollNumber":"191","pollType":"N","advancePollNumber":"631","sourceCode":"191-0","geometryPollNumbers":["191"],"code":"59010-191","resultPollNumbers":["191"],"resultStatus":"exact","result":{"electors":552,"voters":150,"totalVotes":148,"rejected":2,"turnout":27.173913043478258,"winnerId":"jeff-kibble","winnerPartyId":"CPC","runnerUpId":"alistair-macgregor","runnerUpPartyId":"NDP","margin":2.7027027027027026,"top":[{"id":"jeff-kibble","name":"Jeff Kibble","shortName":"Kibble","partyId":"CPC","votes":52,"share":35.13513513513514},{"id":"alistair-macgregor","name":"Alistair MacGregor","shortName":"MacGregor","partyId":"NDP","votes":48,"share":32.432432432432435},{"id":"blair-herbert","name":"Blair Herbert","shortName":"Herbert","partyId":"LIB","votes":42,"share":28.37837837837838},{"id":"kathleen-code","name":"Kathleen Code","shortName":"Code","partyId":"GRN","votes":6,"share":4.054054054054054}],"partyVotes":{"LIB":42,"CPC":52,"BQ":0,"NDP":48,"GRN":6,"PPC":0,"OTH":0}}},"geometry":{"type":"Polygon","coordinates":[[[298.3,152.04],[298.35,152.07],[298.33,152.08],[298.32,152.11],[298.31,152.12],[298.31,152.12],[298.3,152.11],[298.31,152.1],[298.31,152.08],[298.28,152.07],[298.28,152.07],[298.28,152.06],[298.29,152.07],[298.3,152.07],[298.3,152.06],[298.29,152.06],[298.28,152.05],[298.3,152.04]]]}},{"type":"Feature","id":"59010-192","properties":{"ridingCode":"59010","pollNumber":"192","pollType":"N","advancePollNumber":"630","sourceCode":"192-0","geometryPollNumbers":["192"],"code":"59010-192","resultPollNumbers":["192"],"resultStatus":"exact","result":{"electors":504,"voters":192,"totalVotes":192,"rejected":0,"turnout":38.095238095238095,"winnerId":"jeff-kibble","winnerPartyId":"CPC","runnerUpId":"blair-herbert","runnerUpPartyId":"LIB","margin":21.354166666666664,"top":[{"id":"jeff-kibble","name":"Jeff Kibble","shortName":"Kibble","partyId":"CPC","votes":94,"share":48.95833333333333},{"id":"blair-herbert","name":"Blair Herbert","shortName":"Herbert","partyId":"LIB","votes":53,"share":27.604166666666668},{"id":"alistair-macgregor","name":"Alistair MacGregor","shortName":"MacGregor","partyId":"NDP","votes":44,"share":22.916666666666664},{"id":"kathleen-code","name":"Kathleen Code","shortName":"Code","partyId":"GRN","votes":1,"share":0.5208333333333333}],"partyVotes":{"LIB":53,"CPC":94,"BQ":0,"NDP":44,"GRN":1,"PPC":0,"OTH":0}}},"geometry":{"type":"Polygon","coordinates":[[[298.07,152.15],[298.08,152.12],[298.09,152.11],[298.1,152.07],[298.11,152.06],[298.12,152.05],[298.16,152.05],[298.17,152.05],[298.19,152.04],[298.23,152],[298.24,151.99],[298.27,151.99],[298.26,152],[298.26,152.01],[298.26,152.02],[298.26,152.03],[298.26,152.03],[298.26,152.05],[298.26,152.08],[298.23,152.09],[298.23,152.09],[298.22,152.09],[298.22,152.07],[298.21,152.07],[298.2,152.06],[298.2,152.07],[298.21,152.08],[298.21,152.08],[298.21,152.08],[298.19,152.07],[298.18,152.06],[298.16,152.08],[298.16,152.08],[298.16,152.09],[298.15,152.09],[298.16,152.1],[298.07,152.15]]]}},{"type":"Feature","id":"59010-193","properties":{"ridingCode":"59010","pollNumber":"193","pollType":"N","advancePollNumber":"631","sourceCode":"193-0","geometryPollNumbers":["193"],"code":"59010-193","resultPollNumbers":["193"],"resultStatus":"exact","result":{"electors":505,"voters":192,"totalVotes":192,"rejected":0,"turnout":38.01980198019802,"winnerId":"alistair-macgregor","winnerPartyId":"NDP","runnerUpId":"jeff-kibble","runnerUpPartyId":"CPC","margin":2.083333333333333,"top":[{"id":"alistair-macgregor","name":"Alistair MacGregor","shortName":"MacGregor","partyId":"NDP","votes":67,"share":34.89583333333333},{"id":"jeff-kibble","name":"Jeff Kibble","shortName":"Kibble","partyId":"CPC","votes":63,"share":32.8125},{"id":"blair-herbert","name":"Blair Herbert","shortName":"Herbert","partyId":"LIB","votes":59,"share":30.729166666666668},{"id":"kathleen-code","name":"Kathleen Code","shortName":"Code","partyId":"GRN","votes":3,"share":1.5625}],"partyVotes":{"LIB":59,"CPC":63,"BQ":0,"NDP":67,"GRN":3,"PPC":0,"OTH":0}}},"geometry":{"type":"Polygon","coordinates":[[[298.35,152.02],[298.35,152.04],[298.36,152.04],[298.36,152.02],[298.38,152.03],[298.38,152.05],[298.37,152.06],[298.37,152.06],[298.38,152.08],[298.38,152.09],[298.36,152.09],[298.35,152.09],[298.35,152.07],[298.35,152.06],[298.35,152.02]]]}},{"type":"Feature","id":"59010-194","properties":{"ridingCode":"59010","pollNumber":"194","pollType":"N","advancePollNumber":"631","sourceCode":"194-0","geometryPollNumbers":["194"],"code":"59010-194","resultPollNumbers":["194"],"resultStatus":"exact","result":{"electors":383,"voters":157,"totalVotes":156,"rejected":1,"turnout":40.992167101827675,"winnerId":"jeff-kibble","winnerPartyId":"CPC","runnerUpId":"alistair-macgregor","runnerUpPartyId":"NDP","margin":8.333333333333332,"top":[{"id":"jeff-kibble","name":"Jeff Kibble","shortName":"Kibble","partyId":"CPC","votes":61,"share":39.1025641025641},{"id":"alistair-macgregor","name":"Alistair MacGregor","shortName":"MacGregor","partyId":"NDP","votes":48,"share":30.76923076923077},{"id":"blair-herbert","name":"Blair Herbert","shortName":"Herbert","partyId":"LIB","votes":42,"share":26.923076923076923},{"id":"kathleen-code","name":"Kathleen Code","shortName":"Code","partyId":"GRN","votes":5,"share":3.205128205128205}],"partyVotes":{"LIB":42,"CPC":61,"BQ":0,"NDP":48,"GRN":5,"PPC":0,"OTH":0}}},"geometry":{"type":"Polygon","coordinates":[[[298.43,152.09],[298.42,152.09],[298.41,152.08],[298.4,152.08],[298.4,152.08],[298.41,152.07],[298.43,152.07],[298.42,152.05],[298.43,152.05],[298.44,152.03],[298.44,152.03],[298.44,152.02],[298.44,152.01],[298.46,152.02],[298.45,152.03],[298.47,152.06],[298.43,152.09]]]}},{"type":"Feature","id":"59010-195","properties":{"ridingCode":"59010","pollNumber":"195","pollType":"N","advancePollNumber":"631","sourceCode":"195-0","geometryPollNumbers":["195"],"code":"59010-195","resultPollNumbers":["195"],"resultStatus":"exact","result":{"electors":372,"voters":139,"totalVotes":138,"rejected":1,"turnout":37.365591397849464,"winnerId":"jeff-kibble","winnerPartyId":"CPC","runnerUpId":"alistair-macgregor","runnerUpPartyId":"NDP","margin":2.1739130434782608,"top":[{"id":"jeff-kibble","name":"Jeff Kibble","shortName":"Kibble","partyId":"CPC","votes":54,"share":39.130434782608695},{"id":"alistair-macgregor","name":"Alistair MacGregor","shortName":"MacGregor","partyId":"NDP","votes":51,"share":36.95652173913043},{"id":"blair-herbert","name":"Blair Herbert","shortName":"Herbert","partyId":"LIB","votes":28,"share":20.28985507246377},{"id":"kathleen-code","name":"Kathleen Code","shortName":"Code","partyId":"GRN","votes":5,"share":3.6231884057971016}],"partyVotes":{"LIB":28,"CPC":54,"BQ":0,"NDP":51,"GRN":5,"PPC":0,"OTH":0}}},"geometry":{"type":"Polygon","coordinates":[[[298.39,152.06],[298.39,152.05],[298.39,152.04],[298.41,152.04],[298.42,152.03],[298.44,152.02],[298.44,152.03],[298.44,152.03],[298.43,152.05],[298.42,152.05],[298.43,152.07],[298.41,152.07],[298.4,152.08],[298.39,152.06]]]}},{"type":"Feature","id":"59010-196","properties":{"ridingCode":"59010","pollNumber":"196","pollType":"N","advancePollNumber":"631","sourceCode":"196-0","geometryPollNumbers":["196"],"code":"59010-196","resultPollNumbers":["196"],"resultStatus":"exact","result":{"electors":390,"voters":147,"totalVotes":147,"rejected":0,"turnout":37.69230769230769,"winnerId":"jeff-kibble","winnerPartyId":"CPC","runnerUpId":"alistair-macgregor","runnerUpPartyId":"NDP","margin":12.925170068027212,"top":[{"id":"jeff-kibble","name":"Jeff Kibble","shortName":"Kibble","partyId":"CPC","votes":67,"share":45.57823129251701},{"id":"alistair-macgregor","name":"Alistair MacGregor","shortName":"MacGregor","partyId":"NDP","votes":48,"share":32.6530612244898},{"id":"blair-herbert","name":"Blair Herbert","shortName":"Herbert","partyId":"LIB","votes":29,"share":19.727891156462583},{"id":"kathleen-code","name":"Kathleen Code","shortName":"Code","partyId":"GRN","votes":3,"share":2.0408163265306123}],"partyVotes":{"LIB":29,"CPC":67,"BQ":0,"NDP":48,"GRN":3,"PPC":0,"OTH":0}}},"geometry":{"type":"Polygon","coordinates":[[[298.29,152.03],[298.33,152.03],[298.34,152.03],[298.35,152.02],[298.35,152.06],[298.35,152.07],[298.3,152.04],[298.28,152.05],[298.28,152.04],[298.27,152.04],[298.26,152.03],[298.26,152.03],[298.26,152.02],[298.26,152.01],[298.26,152],[298.26,152],[298.27,152],[298.28,152.01],[298.29,152.02],[298.29,152.03]]]}},{"type":"Feature","id":"59010-197","properties":{"ridingCode":"59010","pollNumber":"197","pollType":"N","advancePollNumber":"631","sourceCode":"197-0","geometryPollNumbers":["197"],"code":"59010-197","resultPollNumbers":["197"],"resultStatus":"exact","result":{"electors":410,"voters":148,"totalVotes":148,"rejected":0,"turnout":36.09756097560975,"winnerId":"jeff-kibble","winnerPartyId":"CPC","runnerUpId":"alistair-macgregor","runnerUpPartyId":"NDP","margin":6.081081081081082,"top":[{"id":"jeff-kibble","name":"Jeff Kibble","shortName":"Kibble","partyId":"CPC","votes":60,"share":40.54054054054054},{"id":"alistair-macgregor","name":"Alistair MacGregor","shortName":"MacGregor","partyId":"NDP","votes":51,"share":34.45945945945946},{"id":"blair-herbert","name":"Blair Herbert","shortName":"Herbert","partyId":"LIB","votes":33,"share":22.2972972972973},{"id":"kathleen-code","name":"Kathleen Code","shortName":"Code","partyId":"GRN","votes":4,"share":2.7027027027027026}],"partyVotes":{"LIB":33,"CPC":60,"BQ":0,"NDP":51,"GRN":4,"PPC":0,"OTH":0}}},"geometry":{"type":"Polygon","coordinates":[[[298.38,152.01],[298.37,151.99],[298.44,152.01],[298.44,152.02],[298.42,152.03],[298.41,152.04],[298.39,152.04],[298.38,152.05],[298.38,152.03],[298.38,152.01]]]}},{"type":"Feature","id":"59010-198","properties":{"ridingCode":"59010","pollNumber":"198","pollType":"N","advancePollNumber":"630","sourceCode":"198-0","geometryPollNumbers":["198"],"code":"59010-198","resultPollNumbers":["198"],"resultStatus":"exact","result":{"electors":509,"voters":198,"totalVotes":198,"rejected":0,"turnout":38.89980353634578,"winnerId":"jeff-kibble","winnerPartyId":"CPC","runnerUpId":"blair-herbert","runnerUpPartyId":"LIB","margin":1.0101010101010102,"top":[{"id":"jeff-kibble","name":"Jeff Kibble","shortName":"Kibble","partyId":"CPC","votes":69,"share":34.84848484848485},{"id":"blair-herbert","name":"Blair Herbert","shortName":"Herbert","partyId":"LIB","votes":67,"share":33.83838383838384},{"id":"alistair-macgregor","name":"Alistair MacGregor","shortName":"MacGregor","partyId":"NDP","votes":60,"share":30.303030303030305},{"id":"kathleen-code","name":"Kathleen Code","shortName":"Code","partyId":"GRN","votes":2,"share":1.0101010101010102}],"partyVotes":{"LIB":67,"CPC":69,"BQ":0,"NDP":60,"GRN":2,"PPC":0,"OTH":0}}},"geometry":{"type":"Polygon","coordinates":[[[298.27,152],[298.26,152],[298.26,152],[298.27,151.99],[298.31,152],[298.33,151.99],[298.34,152.01],[298.35,152.02],[298.34,152.03],[298.33,152.03],[298.29,152.03],[298.29,152.02],[298.28,152.01],[298.27,152]]]}},{"type":"Feature","id":"59010-199","properties":{"ridingCode":"59010","pollNumber":"199","pollType":"N","advancePollNumber":"631","sourceCode":"199-0","geometryPollNumbers":["199"],"code":"59010-199","resultPollNumbers":["199"],"resultStatus":"exact","result":{"electors":371,"voters":128,"totalVotes":128,"rejected":0,"turnout":34.50134770889488,"winnerId":"alistair-macgregor","winnerPartyId":"NDP","runnerUpId":"blair-herbert","runnerUpPartyId":"LIB","margin":7.03125,"top":[{"id":"alistair-macgregor","name":"Alistair MacGregor","shortName":"MacGregor","partyId":"NDP","votes":52,"share":40.625},{"id":"blair-herbert","name":"Blair Herbert","shortName":"Herbert","partyId":"LIB","votes":43,"share":33.59375},{"id":"jeff-kibble","name":"Jeff Kibble","shortName":"Kibble","partyId":"CPC","votes":30,"share":23.4375},{"id":"kathleen-code","name":"Kathleen Code","shortName":"Code","partyId":"GRN","votes":3,"share":2.34375}],"partyVotes":{"LIB":43,"CPC":30,"BQ":0,"NDP":52,"GRN":3,"PPC":0,"OTH":0}}},"geometry":{"type":"Polygon","coordinates":[[[298.34,152.01],[298.33,151.99],[298.33,151.99],[298.36,151.99],[298.37,151.99],[298.38,152.01],[298.38,152.03],[298.36,152.02],[298.36,152.04],[298.35,152.04],[298.35,152.02],[298.34,152.01]]]}},{"type":"Feature","id":"59010-200","properties":{"ridingCode":"59010","pollNumber":"200","pollType":"N","advancePollNumber":"633","sourceCode":"200-0","geometryPollNumbers":["200"],"code":"59010-200","resultPollNumbers":["200"],"resultStatus":"exact","result":{"electors":432,"voters":135,"totalVotes":134,"rejected":1,"turnout":31.25,"winnerId":"jeff-kibble","winnerPartyId":"CPC","runnerUpId":"alistair-macgregor","runnerUpPartyId":"NDP","margin":7.462686567164178,"top":[{"id":"jeff-kibble","name":"Jeff Kibble","shortName":"Kibble","partyId":"CPC","votes":56,"share":41.7910447761194},{"id":"alistair-macgregor","name":"Alistair MacGregor","shortName":"MacGregor","partyId":"NDP","votes":46,"share":34.32835820895522},{"id":"blair-herbert","name":"Blair Herbert","shortName":"Herbert","partyId":"LIB","votes":29,"share":21.641791044776117},{"id":"kathleen-code","name":"Kathleen Code","shortName":"Code","partyId":"GRN","votes":3,"share":2.2388059701492535}],"partyVotes":{"LIB":29,"CPC":56,"BQ":0,"NDP":46,"GRN":3,"PPC":0,"OTH":0}}},"geometry":{"type":"Polygon","coordinates":[[[298.11,152.04],[298.12,152.02],[298.13,152],[298.14,151.99],[298.16,151.99],[298.17,151.98],[298.19,151.97],[298.2,151.97],[298.21,151.97],[298.24,151.99],[298.27,151.99],[298.27,151.99],[298.24,151.99],[298.23,152],[298.19,152.04],[298.17,152.05],[298.16,152.05],[298.12,152.05],[298.11,152.06],[298.1,152.07],[298.09,152.11],[298.09,152.08],[298.1,152.06],[298.11,152.04]]]}},{"type":"Feature","id":"59010-201","properties":{"ridingCode":"59010","pollNumber":"201","pollType":"N","advancePollNumber":"633","sourceCode":"201-0","geometryPollNumbers":["201"],"code":"59010-201","resultPollNumbers":["201"],"resultStatus":"exact","result":{"electors":445,"voters":202,"totalVotes":200,"rejected":2,"turnout":45.39325842696629,"winnerId":"jeff-kibble","winnerPartyId":"CPC","runnerUpId":"blair-herbert","runnerUpPartyId":"LIB","margin":1.5,"top":[{"id":"jeff-kibble","name":"Jeff Kibble","shortName":"Kibble","partyId":"CPC","votes":69,"share":34.5},{"id":"blair-herbert","name":"Blair Herbert","shortName":"Herbert","partyId":"LIB","votes":66,"share":33},{"id":"alistair-macgregor","name":"Alistair MacGregor","shortName":"MacGregor","partyId":"NDP","votes":60,"share":30},{"id":"kathleen-code","name":"Kathleen Code","shortName":"Code","partyId":"GRN","votes":5,"share":2.5}],"partyVotes":{"LIB":66,"CPC":69,"BQ":0,"NDP":60,"GRN":5,"PPC":0,"OTH":0}}},"geometry":{"type":"Polygon","coordinates":[[[298.27,151.99],[298.28,151.98],[298.29,151.97],[298.32,151.99],[298.33,151.99],[298.33,151.98],[298.33,151.99],[298.33,151.99],[298.33,151.99],[298.31,152],[298.27,151.99],[298.27,151.99]]]}},{"type":"Feature","id":"59010-202","properties":{"ridingCode":"59010","pollNumber":"202","pollType":"N","advancePollNumber":"633","sourceCode":"202-0","geometryPollNumbers":["202"],"code":"59010-202","resultPollNumbers":["202"],"resultStatus":"exact","result":{"electors":508,"voters":164,"totalVotes":164,"rejected":0,"turnout":32.28346456692913,"winnerId":"alistair-macgregor","winnerPartyId":"NDP","runnerUpId":"jeff-kibble","runnerUpPartyId":"CPC","margin":7.317073170731707,"top":[{"id":"alistair-macgregor","name":"Alistair MacGregor","shortName":"MacGregor","partyId":"NDP","votes":65,"share":39.63414634146341},{"id":"jeff-kibble","name":"Jeff Kibble","shortName":"Kibble","partyId":"CPC","votes":53,"share":32.31707317073171},{"id":"blair-herbert","name":"Blair Herbert","shortName":"Herbert","partyId":"LIB","votes":41,"share":25},{"id":"kathleen-code","name":"Kathleen Code","shortName":"Code","partyId":"GRN","votes":5,"share":3.048780487804878}],"partyVotes":{"LIB":41,"CPC":53,"BQ":0,"NDP":65,"GRN":5,"PPC":0,"OTH":0}}},"geometry":{"type":"Polygon","coordinates":[[[298.24,151.99],[298.21,151.97],[298.24,151.96],[298.25,151.95],[298.28,151.98],[298.27,151.99],[298.24,151.99]]]}},{"type":"Feature","id":"59010-203","properties":{"ridingCode":"59010","pollNumber":"203","pollType":"N","advancePollNumber":"633","sourceCode":"203-0","geometryPollNumbers":["203"],"code":"59010-203","resultPollNumbers":["203"],"resultStatus":"exact","result":{"electors":352,"voters":116,"totalVotes":114,"rejected":2,"turnout":32.95454545454545,"winnerId":"alistair-macgregor","winnerPartyId":"NDP","runnerUpId":"blair-herbert","runnerUpPartyId":"LIB","margin":16.666666666666664,"top":[{"id":"alistair-macgregor","name":"Alistair MacGregor","shortName":"MacGregor","partyId":"NDP","votes":51,"share":44.73684210526316},{"id":"blair-herbert","name":"Blair Herbert","shortName":"Herbert","partyId":"LIB","votes":32,"share":28.07017543859649},{"id":"jeff-kibble","name":"Jeff Kibble","shortName":"Kibble","partyId":"CPC","votes":29,"share":25.438596491228072},{"id":"kathleen-code","name":"Kathleen Code","shortName":"Code","partyId":"GRN","votes":2,"share":1.7543859649122806}],"partyVotes":{"LIB":32,"CPC":29,"BQ":0,"NDP":51,"GRN":2,"PPC":0,"OTH":0}}},"geometry":{"type":"Polygon","coordinates":[[[298.32,151.99],[298.29,151.97],[298.3,151.96],[298.31,151.96],[298.32,151.97],[298.32,151.96],[298.33,151.95],[298.33,151.97],[298.33,151.98],[298.33,151.99],[298.32,151.99]]]}},{"type":"Feature","id":"59010-204","properties":{"ridingCode":"59010","pollNumber":"204","pollType":"N","advancePollNumber":"633","sourceCode":"204-0","geometryPollNumbers":["204"],"code":"59010-204","resultPollNumbers":["204"],"resultStatus":"exact","result":{"electors":516,"voters":217,"totalVotes":217,"rejected":0,"turnout":42.054263565891475,"winnerId":"alistair-macgregor","winnerPartyId":"NDP","runnerUpId":"jeff-kibble","runnerUpPartyId":"CPC","margin":2.3041474654377883,"top":[{"id":"alistair-macgregor","name":"Alistair MacGregor","shortName":"MacGregor","partyId":"NDP","votes":82,"share":37.78801843317972},{"id":"jeff-kibble","name":"Jeff Kibble","shortName":"Kibble","partyId":"CPC","votes":77,"share":35.483870967741936},{"id":"blair-herbert","name":"Blair Herbert","shortName":"Herbert","partyId":"LIB","votes":53,"share":24.42396313364055},{"id":"kathleen-code","name":"Kathleen Code","shortName":"Code","partyId":"GRN","votes":5,"share":2.3041474654377883}],"partyVotes":{"LIB":53,"CPC":77,"BQ":0,"NDP":82,"GRN":5,"PPC":0,"OTH":0}}},"geometry":{"type":"Polygon","coordinates":[[[298.24,151.94],[298.25,151.94],[298.25,151.95],[298.26,151.94],[298.26,151.94],[298.27,151.95],[298.28,151.94],[298.28,151.94],[298.29,151.95],[298.3,151.96],[298.29,151.97],[298.28,151.98],[298.25,151.95],[298.24,151.94],[298.24,151.94]]]}},{"type":"Feature","id":"59010-205","properties":{"ridingCode":"59010","pollNumber":"205","pollType":"N","advancePollNumber":"633","sourceCode":"205-0","geometryPollNumbers":["205"],"code":"59010-205","resultPollNumbers":["205"],"resultStatus":"exact","result":{"electors":497,"voters":175,"totalVotes":174,"rejected":1,"turnout":35.2112676056338,"winnerId":"jeff-kibble","winnerPartyId":"CPC","runnerUpId":"alistair-macgregor","runnerUpPartyId":"NDP","margin":22.988505747126435,"top":[{"id":"jeff-kibble","name":"Jeff Kibble","shortName":"Kibble","partyId":"CPC","votes":84,"share":48.275862068965516},{"id":"alistair-macgregor","name":"Alistair MacGregor","shortName":"MacGregor","partyId":"NDP","votes":44,"share":25.287356321839084},{"id":"blair-herbert","name":"Blair Herbert","shortName":"Herbert","partyId":"LIB","votes":42,"share":24.137931034482758},{"id":"kathleen-code","name":"Kathleen Code","shortName":"Code","partyId":"GRN","votes":4,"share":2.2988505747126435}],"partyVotes":{"LIB":42,"CPC":84,"BQ":0,"NDP":44,"GRN":4,"PPC":0,"OTH":0}}},"geometry":{"type":"Polygon","coordinates":[[[298.2,151.93],[298.21,151.92],[298.23,151.93],[298.24,151.94],[298.25,151.95],[298.24,151.96],[298.21,151.97],[298.2,151.97],[298.2,151.96],[298.18,151.95],[298.2,151.93]]]}},{"type":"Feature","id":"59010-206","properties":{"ridingCode":"59010","pollNumber":"206","pollType":"N","advancePollNumber":"633","sourceCode":"206-0","geometryPollNumbers":["206"],"code":"59010-206","resultPollNumbers":["206"],"resultStatus":"exact","result":{"electors":603,"voters":210,"totalVotes":209,"rejected":1,"turnout":34.82587064676617,"winnerId":"jeff-kibble","winnerPartyId":"CPC","runnerUpId":"alistair-macgregor","runnerUpPartyId":"NDP","margin":2.3923444976076556,"top":[{"id":"jeff-kibble","name":"Jeff Kibble","shortName":"Kibble","partyId":"CPC","votes":74,"share":35.406698564593306},{"id":"alistair-macgregor","name":"Alistair MacGregor","shortName":"MacGregor","partyId":"NDP","votes":69,"share":33.014354066985646},{"id":"blair-herbert","name":"Blair Herbert","shortName":"Herbert","partyId":"LIB","votes":57,"share":27.27272727272727},{"id":"kathleen-code","name":"Kathleen Code","shortName":"Code","partyId":"GRN","votes":9,"share":4.30622009569378}],"partyVotes":{"LIB":57,"CPC":74,"BQ":0,"NDP":69,"GRN":9,"PPC":0,"OTH":0}}},"geometry":{"type":"Polygon","coordinates":[[[298.3,151.94],[298.3,151.94],[298.31,151.95],[298.32,151.94],[298.32,151.95],[298.33,151.94],[298.33,151.95],[298.32,151.96],[298.32,151.97],[298.31,151.96],[298.3,151.96],[298.29,151.95],[298.28,151.94],[298.28,151.94],[298.27,151.95],[298.26,151.94],[298.28,151.93],[298.3,151.94]]]}},{"type":"Feature","id":"59010-207A","properties":{"ridingCode":"59010","pollNumber":"207A","pollType":"N","advancePollNumber":"633","sourceCode":"207-0","geometryPollNumbers":["207"],"code":"59010-207A","resultPollNumbers":["207A"],"resultStatus":"resolved-combination","result":{"electors":248,"voters":91,"totalVotes":91,"rejected":0,"turnout":36.693548387096776,"winnerId":"alistair-macgregor","winnerPartyId":"NDP","runnerUpId":"jeff-kibble","runnerUpPartyId":"CPC","margin":5.4945054945054945,"top":[{"id":"alistair-macgregor","name":"Alistair MacGregor","shortName":"MacGregor","partyId":"NDP","votes":35,"share":38.46153846153847},{"id":"jeff-kibble","name":"Jeff Kibble","shortName":"Kibble","partyId":"CPC","votes":30,"share":32.967032967032964},{"id":"blair-herbert","name":"Blair Herbert","shortName":"Herbert","partyId":"LIB","votes":24,"share":26.373626373626376},{"id":"kathleen-code","name":"Kathleen Code","shortName":"Code","partyId":"GRN","votes":2,"share":2.197802197802198}],"partyVotes":{"LIB":24,"CPC":30,"BQ":0,"NDP":35,"GRN":2,"PPC":0,"OTH":0}}},"geometry":{"type":"Polygon","coordinates":[[[298.25,151.95],[298.25,151.94],[298.27,151.92],[298.28,151.93],[298.26,151.94],[298.26,151.94],[298.25,151.95]]]}},{"type":"Feature","id":"59010-208A+208B","properties":{"ridingCode":"59010","pollNumber":"208A+208B","pollType":"N","advancePollNumber":"634","sourceCode":"208-0","geometryPollNumbers":["208"],"code":"59010-208A+208B","resultPollNumbers":["208A","208B"],"resultStatus":"resolved-suffix","result":{"electors":725,"voters":279,"totalVotes":279,"rejected":0,"turnout":38.48275862068966,"winnerId":"jeff-kibble","winnerPartyId":"CPC","runnerUpId":"alistair-macgregor","runnerUpPartyId":"NDP","margin":0,"top":[{"id":"jeff-kibble","name":"Jeff Kibble","shortName":"Kibble","partyId":"CPC","votes":97,"share":34.76702508960574},{"id":"alistair-macgregor","name":"Alistair MacGregor","shortName":"MacGregor","partyId":"NDP","votes":97,"share":34.76702508960574},{"id":"blair-herbert","name":"Blair Herbert","shortName":"Herbert","partyId":"LIB","votes":72,"share":25.806451612903224},{"id":"kathleen-code","name":"Kathleen Code","shortName":"Code","partyId":"GRN","votes":13,"share":4.659498207885305}],"partyVotes":{"LIB":72,"CPC":97,"BQ":0,"NDP":97,"GRN":13,"PPC":0,"OTH":0}}},"geometry":{"type":"Polygon","coordinates":[[[298.24,151.94],[298.24,151.94],[298.23,151.93],[298.26,151.91],[298.26,151.91],[298.27,151.92],[298.25,151.94],[298.24,151.94]]]}},{"type":"Feature","id":"59010-209","properties":{"ridingCode":"59010","pollNumber":"209","pollType":"N","advancePollNumber":"633","sourceCode":"209-0","geometryPollNumbers":["209"],"code":"59010-209","resultPollNumbers":["209"],"resultStatus":"exact","result":{"electors":241,"voters":99,"totalVotes":97,"rejected":2,"turnout":41.078838174273855,"winnerId":"alistair-macgregor","winnerPartyId":"NDP","runnerUpId":"jeff-kibble","runnerUpPartyId":"CPC","margin":1.0309278350515463,"top":[{"id":"alistair-macgregor","name":"Alistair MacGregor","shortName":"MacGregor","partyId":"NDP","votes":35,"share":36.08247422680412},{"id":"jeff-kibble","name":"Jeff Kibble","shortName":"Kibble","partyId":"CPC","votes":34,"share":35.051546391752574},{"id":"blair-herbert","name":"Blair Herbert","shortName":"Herbert","partyId":"LIB","votes":25,"share":25.773195876288657},{"id":"kathleen-code","name":"Kathleen Code","shortName":"Code","partyId":"GRN","votes":3,"share":3.0927835051546393}],"partyVotes":{"LIB":25,"CPC":34,"BQ":0,"NDP":35,"GRN":3,"PPC":0,"OTH":0}}},"geometry":{"type":"Polygon","coordinates":[[[298.28,151.93],[298.29,151.92],[298.3,151.9],[298.3,151.89],[298.31,151.9],[298.32,151.92],[298.33,151.94],[298.32,151.95],[298.32,151.94],[298.31,151.95],[298.3,151.94],[298.3,151.94],[298.28,151.93]]]}},{"type":"Feature","id":"59010-210","properties":{"ridingCode":"59010","pollNumber":"210","pollType":"N","advancePollNumber":"634","sourceCode":"210-0","geometryPollNumbers":["210"],"code":"59010-210","resultPollNumbers":["210"],"resultStatus":"exact","result":{"electors":291,"voters":122,"totalVotes":122,"rejected":0,"turnout":41.92439862542955,"winnerId":"jeff-kibble","winnerPartyId":"CPC","runnerUpId":"alistair-macgregor","runnerUpPartyId":"NDP","margin":0,"top":[{"id":"jeff-kibble","name":"Jeff Kibble","shortName":"Kibble","partyId":"CPC","votes":41,"share":33.60655737704918},{"id":"alistair-macgregor","name":"Alistair MacGregor","shortName":"MacGregor","partyId":"NDP","votes":41,"share":33.60655737704918},{"id":"blair-herbert","name":"Blair Herbert","shortName":"Herbert","partyId":"LIB","votes":36,"share":29.508196721311474},{"id":"kathleen-code","name":"Kathleen Code","shortName":"Code","partyId":"GRN","votes":4,"share":3.278688524590164}],"partyVotes":{"LIB":36,"CPC":41,"BQ":0,"NDP":41,"GRN":4,"PPC":0,"OTH":0}}},"geometry":{"type":"Polygon","coordinates":[[[298.27,151.9],[298.29,151.92],[298.28,151.93],[298.27,151.92],[298.26,151.91],[298.27,151.9]]]}},{"type":"Feature","id":"59010-211","properties":{"ridingCode":"59010","pollNumber":"211","pollType":"N","advancePollNumber":"634","sourceCode":"211-0","geometryPollNumbers":["211"],"code":"59010-211","resultPollNumbers":["211"],"resultStatus":"exact","result":{"electors":286,"voters":129,"totalVotes":129,"rejected":0,"turnout":45.10489510489511,"winnerId":"alistair-macgregor","winnerPartyId":"NDP","runnerUpId":"blair-herbert","runnerUpPartyId":"LIB","margin":7.751937984496124,"top":[{"id":"alistair-macgregor","name":"Alistair MacGregor","shortName":"MacGregor","partyId":"NDP","votes":49,"share":37.98449612403101},{"id":"blair-herbert","name":"Blair Herbert","shortName":"Herbert","partyId":"LIB","votes":39,"share":30.23255813953488},{"id":"jeff-kibble","name":"Jeff Kibble","shortName":"Kibble","partyId":"CPC","votes":39,"share":30.23255813953488},{"id":"kathleen-code","name":"Kathleen Code","shortName":"Code","partyId":"GRN","votes":2,"share":1.550387596899225}],"partyVotes":{"LIB":39,"CPC":39,"BQ":0,"NDP":49,"GRN":2,"PPC":0,"OTH":0}}},"geometry":{"type":"Polygon","coordinates":[[[298.26,151.91],[298.25,151.9],[298.3,151.89],[298.3,151.9],[298.29,151.92],[298.27,151.9],[298.26,151.91],[298.26,151.91]]]}},{"type":"Feature","id":"59010-212","properties":{"ridingCode":"59010","pollNumber":"212","pollType":"N","advancePollNumber":"632","sourceCode":"212-0","geometryPollNumbers":["212"],"code":"59010-212","resultPollNumbers":["212"],"resultStatus":"exact","result":{"electors":449,"voters":170,"totalVotes":170,"rejected":0,"turnout":37.8619153674833,"winnerId":"jeff-kibble","winnerPartyId":"CPC","runnerUpId":"alistair-macgregor","runnerUpPartyId":"NDP","margin":14.117647058823529,"top":[{"id":"jeff-kibble","name":"Jeff Kibble","shortName":"Kibble","partyId":"CPC","votes":78,"share":45.88235294117647},{"id":"alistair-macgregor","name":"Alistair MacGregor","shortName":"MacGregor","partyId":"NDP","votes":54,"share":31.76470588235294},{"id":"blair-herbert","name":"Blair Herbert","shortName":"Herbert","partyId":"LIB","votes":36,"share":21.176470588235293},{"id":"kathleen-code","name":"Kathleen Code","shortName":"Code","partyId":"GRN","votes":2,"share":1.1764705882352942}],"partyVotes":{"LIB":36,"CPC":78,"BQ":0,"NDP":54,"GRN":2,"PPC":0,"OTH":0}}},"geometry":{"type":"Polygon","coordinates":[[[298.32,151.92],[298.31,151.9],[298.35,151.89],[298.38,151.89],[298.38,151.89],[298.37,151.89],[298.36,151.91],[298.34,151.91],[298.32,151.91],[298.33,151.92],[298.32,151.92]]]}},{"type":"Feature","id":"59010-213","properties":{"ridingCode":"59010","pollNumber":"213","pollType":"N","advancePollNumber":"633","sourceCode":"213-0","geometryPollNumbers":["213"],"code":"59010-213","resultPollNumbers":["213"],"resultStatus":"exact","result":{"electors":399,"voters":159,"totalVotes":159,"rejected":0,"turnout":39.849624060150376,"winnerId":"jeff-kibble","winnerPartyId":"CPC","runnerUpId":"alistair-macgregor","runnerUpPartyId":"NDP","margin":8.176100628930817,"top":[{"id":"jeff-kibble","name":"Jeff Kibble","shortName":"Kibble","partyId":"CPC","votes":66,"share":41.509433962264154},{"id":"alistair-macgregor","name":"Alistair MacGregor","shortName":"MacGregor","partyId":"NDP","votes":53,"share":33.33333333333333},{"id":"blair-herbert","name":"Blair Herbert","shortName":"Herbert","partyId":"LIB","votes":38,"share":23.89937106918239},{"id":"kathleen-code","name":"Kathleen Code","shortName":"Code","partyId":"GRN","votes":2,"share":1.257861635220126}],"partyVotes":{"LIB":38,"CPC":66,"BQ":0,"NDP":53,"GRN":2,"PPC":0,"OTH":0}}},"geometry":{"type":"Polygon","coordinates":[[[298.07,151.97],[298.07,151.97],[298.08,151.95],[298.14,151.92],[298.16,151.91],[298.19,151.89],[298.21,151.91],[298.2,151.91],[298.19,151.92],[298.15,151.96],[298.17,151.98],[298.16,151.99],[298.14,151.99],[298.13,152],[298.12,152.02],[298.11,152.04],[298.1,152.06],[298.09,152.06],[298.1,152.05],[298.09,152.05],[298.1,152.04],[298.05,152.01],[298.08,151.97],[298.07,151.97]]]}},{"type":"Feature","id":"59010-214A+214B","properties":{"ridingCode":"59010","pollNumber":"214A+214B","pollType":"N","advancePollNumber":"633","sourceCode":"214-0","geometryPollNumbers":["214"],"code":"59010-214A+214B","resultPollNumbers":["214A","214B"],"resultStatus":"resolved-suffix","result":{"electors":711,"voters":252,"totalVotes":251,"rejected":1,"turnout":35.44303797468354,"winnerId":"jeff-kibble","winnerPartyId":"CPC","runnerUpId":"alistair-macgregor","runnerUpPartyId":"NDP","margin":6.374501992031872,"top":[{"id":"jeff-kibble","name":"Jeff Kibble","shortName":"Kibble","partyId":"CPC","votes":95,"share":37.84860557768924},{"id":"alistair-macgregor","name":"Alistair MacGregor","shortName":"MacGregor","partyId":"NDP","votes":79,"share":31.47410358565737},{"id":"blair-herbert","name":"Blair Herbert","shortName":"Herbert","partyId":"LIB","votes":72,"share":28.68525896414343},{"id":"kathleen-code","name":"Kathleen Code","shortName":"Code","partyId":"GRN","votes":5,"share":1.9920318725099602}],"partyVotes":{"LIB":72,"CPC":95,"BQ":0,"NDP":79,"GRN":5,"PPC":0,"OTH":0}}},"geometry":{"type":"Polygon","coordinates":[[[298.17,151.98],[298.15,151.96],[298.19,151.92],[298.19,151.93],[298.2,151.93],[298.18,151.95],[298.2,151.96],[298.2,151.97],[298.19,151.97],[298.17,151.98]]]}},{"type":"Feature","id":"59010-215","properties":{"ridingCode":"59010","pollNumber":"215","pollType":"N","advancePollNumber":"634","sourceCode":"215-0","geometryPollNumbers":["215"],"code":"59010-215","resultPollNumbers":["215"],"resultStatus":"exact","result":{"electors":405,"voters":138,"totalVotes":138,"rejected":0,"turnout":34.074074074074076,"winnerId":"jeff-kibble","winnerPartyId":"CPC","runnerUpId":"blair-herbert","runnerUpPartyId":"LIB","margin":2.1739130434782608,"top":[{"id":"jeff-kibble","name":"Jeff Kibble","shortName":"Kibble","partyId":"CPC","votes":52,"share":37.68115942028986},{"id":"blair-herbert","name":"Blair Herbert","shortName":"Herbert","partyId":"LIB","votes":49,"share":35.507246376811594},{"id":"alistair-macgregor","name":"Alistair MacGregor","shortName":"MacGregor","partyId":"NDP","votes":35,"share":25.36231884057971},{"id":"kathleen-code","name":"Kathleen Code","shortName":"Code","partyId":"GRN","votes":2,"share":1.4492753623188406}],"partyVotes":{"LIB":49,"CPC":52,"BQ":0,"NDP":35,"GRN":2,"PPC":0,"OTH":0}}},"geometry":{"type":"Polygon","coordinates":[[[298.21,151.91],[298.21,151.91],[298.25,151.9],[298.25,151.9],[298.25,151.9],[298.25,151.9],[298.26,151.91],[298.23,151.93],[298.21,151.92],[298.2,151.93],[298.19,151.93],[298.19,151.92],[298.2,151.91],[298.21,151.91]]]}},{"type":"Feature","id":"59010-216A","properties":{"ridingCode":"59010","pollNumber":"216A","pollType":"N","advancePollNumber":"634","sourceCode":"216-0","geometryPollNumbers":["216"],"code":"59010-216A","resultPollNumbers":["216A"],"resultStatus":"resolved-suffix","result":{"electors":418,"voters":142,"totalVotes":141,"rejected":1,"turnout":33.97129186602871,"winnerId":"blair-herbert","winnerPartyId":"LIB","runnerUpId":"alistair-macgregor","runnerUpPartyId":"NDP","margin":4.964539007092199,"top":[{"id":"blair-herbert","name":"Blair Herbert","shortName":"Herbert","partyId":"LIB","votes":51,"share":36.17021276595745},{"id":"alistair-macgregor","name":"Alistair MacGregor","shortName":"MacGregor","partyId":"NDP","votes":44,"share":31.20567375886525},{"id":"jeff-kibble","name":"Jeff Kibble","shortName":"Kibble","partyId":"CPC","votes":43,"share":30.49645390070922},{"id":"kathleen-code","name":"Kathleen Code","shortName":"Code","partyId":"GRN","votes":3,"share":2.127659574468085}],"partyVotes":{"LIB":51,"CPC":43,"BQ":0,"NDP":44,"GRN":3,"PPC":0,"OTH":0}}},"geometry":{"type":"Polygon","coordinates":[[[298.1,151.92],[298.12,151.88],[298.13,151.87],[298.14,151.88],[298.14,151.87],[298.14,151.87],[298.15,151.85],[298.17,151.87],[298.14,151.9],[298.11,151.92],[298.1,151.92]]]}},{"type":"Feature","id":"59010-216B","properties":{"ridingCode":"59010","pollNumber":"216B","pollType":"M","advancePollNumber":"623","sourceCode":"514-0","geometryPollNumbers":["514"],"code":"59010-216B","resultPollNumbers":["216B"],"resultStatus":"resolved-combination","result":{"electors":150,"voters":54,"totalVotes":53,"rejected":1,"turnout":36,"winnerId":"blair-herbert","winnerPartyId":"LIB","runnerUpId":"alistair-macgregor","runnerUpPartyId":"NDP","margin":28.30188679245283,"top":[{"id":"blair-herbert","name":"Blair Herbert","shortName":"Herbert","partyId":"LIB","votes":28,"share":52.83018867924528},{"id":"alistair-macgregor","name":"Alistair MacGregor","shortName":"MacGregor","partyId":"NDP","votes":13,"share":24.528301886792452},{"id":"jeff-kibble","name":"Jeff Kibble","shortName":"Kibble","partyId":"CPC","votes":11,"share":20.754716981132077},{"id":"kathleen-code","name":"Kathleen Code","shortName":"Code","partyId":"GRN","votes":1,"share":1.8867924528301887}],"partyVotes":{"LIB":28,"CPC":11,"BQ":0,"NDP":13,"GRN":1,"PPC":0,"OTH":0}}},"geometry":{"type":"Polygon","coordinates":[[[298.38,154.2],[298.38,154.2],[298.38,154.2],[298.38,154.2]]]}},{"type":"Feature","id":"59010-217","properties":{"ridingCode":"59010","pollNumber":"217","pollType":"N","advancePollNumber":"634","sourceCode":"217-0","geometryPollNumbers":["217"],"code":"59010-217","resultPollNumbers":["217"],"resultStatus":"exact","result":{"electors":383,"voters":106,"totalVotes":106,"rejected":0,"turnout":27.676240208877285,"winnerId":"blair-herbert","winnerPartyId":"LIB","runnerUpId":"jeff-kibble","runnerUpPartyId":"CPC","margin":1.8867924528301887,"top":[{"id":"blair-herbert","name":"Blair Herbert","shortName":"Herbert","partyId":"LIB","votes":36,"share":33.9622641509434},{"id":"jeff-kibble","name":"Jeff Kibble","shortName":"Kibble","partyId":"CPC","votes":34,"share":32.075471698113205},{"id":"alistair-macgregor","name":"Alistair MacGregor","shortName":"MacGregor","partyId":"NDP","votes":34,"share":32.075471698113205},{"id":"kathleen-code","name":"Kathleen Code","shortName":"Code","partyId":"GRN","votes":2,"share":1.8867924528301887}],"partyVotes":{"LIB":36,"CPC":34,"BQ":0,"NDP":34,"GRN":2,"PPC":0,"OTH":0}}},"geometry":{"type":"Polygon","coordinates":[[[298.06,151.97],[298.07,151.94],[298.09,151.94],[298.1,151.93],[298.1,151.92],[298.11,151.92],[298.14,151.9],[298.17,151.87],[298.18,151.87],[298.18,151.86],[298.19,151.84],[298.2,151.83],[298.2,151.83],[298.2,151.83],[298.21,151.83],[298.22,151.83],[298.22,151.83],[298.23,151.84],[298.23,151.84],[298.23,151.85],[298.24,151.85],[298.24,151.85],[298.25,151.86],[298.26,151.86],[298.25,151.86],[298.27,151.86],[298.28,151.87],[298.25,151.9],[298.25,151.9],[298.25,151.9],[298.21,151.91],[298.21,151.91],[298.19,151.89],[298.16,151.91],[298.14,151.92],[298.08,151.95],[298.07,151.97],[298.07,151.97],[298.06,151.97]]]}},{"type":"Feature","id":"59010-218","properties":{"ridingCode":"59010","pollNumber":"218","pollType":"N","advancePollNumber":"634","sourceCode":"218-0","geometryPollNumbers":["218"],"code":"59010-218","resultPollNumbers":["218"],"resultStatus":"exact","result":{"electors":440,"voters":195,"totalVotes":194,"rejected":1,"turnout":44.31818181818182,"winnerId":"alistair-macgregor","winnerPartyId":"NDP","runnerUpId":"blair-herbert","runnerUpPartyId":"LIB","margin":3.608247422680412,"top":[{"id":"alistair-macgregor","name":"Alistair MacGregor","shortName":"MacGregor","partyId":"NDP","votes":72,"share":37.11340206185567},{"id":"blair-herbert","name":"Blair Herbert","shortName":"Herbert","partyId":"LIB","votes":65,"share":33.50515463917525},{"id":"jeff-kibble","name":"Jeff Kibble","shortName":"Kibble","partyId":"CPC","votes":49,"share":25.257731958762886},{"id":"kathleen-code","name":"Kathleen Code","shortName":"Code","partyId":"GRN","votes":8,"share":4.123711340206185}],"partyVotes":{"LIB":65,"CPC":49,"BQ":0,"NDP":72,"GRN":8,"PPC":0,"OTH":0}}},"geometry":{"type":"Polygon","coordinates":[[[298.25,151.9],[298.28,151.87],[298.27,151.86],[298.28,151.87],[298.28,151.87],[298.3,151.89],[298.3,151.9],[298.3,151.89],[298.25,151.9],[298.25,151.9]]]}},{"type":"Feature","id":"59010-219","properties":{"ridingCode":"59010","pollNumber":"219","pollType":"N","advancePollNumber":"632","sourceCode":"219-0","geometryPollNumbers":["219"],"code":"59010-219","resultPollNumbers":["219"],"resultStatus":"exact","result":{"electors":463,"voters":197,"totalVotes":197,"rejected":0,"turnout":42.54859611231102,"winnerId":"alistair-macgregor","winnerPartyId":"NDP","runnerUpId":"jeff-kibble","runnerUpPartyId":"CPC","margin":14.213197969543149,"top":[{"id":"alistair-macgregor","name":"Alistair MacGregor","shortName":"MacGregor","partyId":"NDP","votes":87,"share":44.16243654822335},{"id":"jeff-kibble","name":"Jeff Kibble","shortName":"Kibble","partyId":"CPC","votes":59,"share":29.949238578680205},{"id":"blair-herbert","name":"Blair Herbert","shortName":"Herbert","partyId":"LIB","votes":48,"share":24.36548223350254},{"id":"kathleen-code","name":"Kathleen Code","shortName":"Code","partyId":"GRN","votes":3,"share":1.5228426395939088}],"partyVotes":{"LIB":48,"CPC":59,"BQ":0,"NDP":87,"GRN":3,"PPC":0,"OTH":0}}},"geometry":{"type":"Polygon","coordinates":[[[298.34,151.87],[298.35,151.89],[298.31,151.9],[298.3,151.89],[298.32,151.88],[298.34,151.87],[298.34,151.87]]]}},{"type":"Feature","id":"59010-220","properties":{"ridingCode":"59010","pollNumber":"220","pollType":"N","advancePollNumber":"632","sourceCode":"220-0","geometryPollNumbers":["220"],"code":"59010-220","resultPollNumbers":["220"],"resultStatus":"exact","result":{"electors":358,"voters":126,"totalVotes":126,"rejected":0,"turnout":35.19553072625698,"winnerId":"alistair-macgregor","winnerPartyId":"NDP","runnerUpId":"jeff-kibble","runnerUpPartyId":"CPC","margin":3.968253968253968,"top":[{"id":"alistair-macgregor","name":"Alistair MacGregor","shortName":"MacGregor","partyId":"NDP","votes":44,"share":34.92063492063492},{"id":"jeff-kibble","name":"Jeff Kibble","shortName":"Kibble","partyId":"CPC","votes":39,"share":30.952380952380953},{"id":"blair-herbert","name":"Blair Herbert","shortName":"Herbert","partyId":"LIB","votes":38,"share":30.158730158730158},{"id":"kathleen-code","name":"Kathleen Code","shortName":"Code","partyId":"GRN","votes":5,"share":3.968253968253968}],"partyVotes":{"LIB":38,"CPC":39,"BQ":0,"NDP":44,"GRN":5,"PPC":0,"OTH":0}}},"geometry":{"type":"Polygon","coordinates":[[[298.3,151.89],[298.28,151.87],[298.29,151.87],[298.32,151.87],[298.32,151.87],[298.32,151.87],[298.32,151.87],[298.33,151.86],[298.34,151.84],[298.35,151.85],[298.35,151.85],[298.35,151.85],[298.35,151.86],[298.35,151.86],[298.35,151.86],[298.34,151.87],[298.32,151.88],[298.3,151.89]]]}},{"type":"Feature","id":"59010-221","properties":{"ridingCode":"59010","pollNumber":"221","pollType":"N","advancePollNumber":"637","sourceCode":"221-0","geometryPollNumbers":["221"],"code":"59010-221","resultPollNumbers":["221"],"resultStatus":"exact","result":{"electors":310,"voters":108,"totalVotes":108,"rejected":0,"turnout":34.83870967741935,"winnerId":"jeff-kibble","winnerPartyId":"CPC","runnerUpId":"alistair-macgregor","runnerUpPartyId":"NDP","margin":9.25925925925926,"top":[{"id":"jeff-kibble","name":"Jeff Kibble","shortName":"Kibble","partyId":"CPC","votes":46,"share":42.592592592592595},{"id":"alistair-macgregor","name":"Alistair MacGregor","shortName":"MacGregor","partyId":"NDP","votes":36,"share":33.33333333333333},{"id":"blair-herbert","name":"Blair Herbert","shortName":"Herbert","partyId":"LIB","votes":25,"share":23.14814814814815},{"id":"kathleen-code","name":"Kathleen Code","shortName":"Code","partyId":"GRN","votes":1,"share":0.9259259259259258}],"partyVotes":{"LIB":25,"CPC":46,"BQ":0,"NDP":36,"GRN":1,"PPC":0,"OTH":0}}},"geometry":{"type":"Polygon","coordinates":[[[298.13,151.84],[298.14,151.84],[298.15,151.85],[298.14,151.87],[298.14,151.87],[298.14,151.88],[298.13,151.87],[298.11,151.86],[298.13,151.84]]]}},{"type":"Feature","id":"59010-222","properties":{"ridingCode":"59010","pollNumber":"222","pollType":"N","advancePollNumber":"632","sourceCode":"222-0","geometryPollNumbers":["222"],"code":"59010-222","resultPollNumbers":["222"],"resultStatus":"exact","result":{"electors":251,"voters":97,"totalVotes":97,"rejected":0,"turnout":38.645418326693225,"winnerId":"blair-herbert","winnerPartyId":"LIB","runnerUpId":"alistair-macgregor","runnerUpPartyId":"NDP","margin":5.154639175257731,"top":[{"id":"blair-herbert","name":"Blair Herbert","shortName":"Herbert","partyId":"LIB","votes":40,"share":41.23711340206185},{"id":"alistair-macgregor","name":"Alistair MacGregor","shortName":"MacGregor","partyId":"NDP","votes":35,"share":36.08247422680412},{"id":"jeff-kibble","name":"Jeff Kibble","shortName":"Kibble","partyId":"CPC","votes":21,"share":21.649484536082475},{"id":"kathleen-code","name":"Kathleen Code","shortName":"Code","partyId":"GRN","votes":1,"share":1.0309278350515463}],"partyVotes":{"LIB":40,"CPC":21,"BQ":0,"NDP":35,"GRN":1,"PPC":0,"OTH":0}}},"geometry":{"type":"Polygon","coordinates":[[[298.38,151.89],[298.35,151.89],[298.34,151.87],[298.34,151.87],[298.35,151.86],[298.35,151.86],[298.35,151.86],[298.37,151.85],[298.38,151.87],[298.38,151.87],[298.38,151.87],[298.37,151.88],[298.38,151.89],[298.38,151.89]]]}},{"type":"Feature","id":"59010-223","properties":{"ridingCode":"59010","pollNumber":"223","pollType":"N","advancePollNumber":"634","sourceCode":"223-0","geometryPollNumbers":["223"],"code":"59010-223","resultPollNumbers":["223"],"resultStatus":"exact","result":{"electors":576,"voters":137,"totalVotes":137,"rejected":0,"turnout":23.78472222222222,"winnerId":"jeff-kibble","winnerPartyId":"CPC","runnerUpId":"alistair-macgregor","runnerUpPartyId":"NDP","margin":11.678832116788321,"top":[{"id":"jeff-kibble","name":"Jeff Kibble","shortName":"Kibble","partyId":"CPC","votes":57,"share":41.605839416058394},{"id":"alistair-macgregor","name":"Alistair MacGregor","shortName":"MacGregor","partyId":"NDP","votes":41,"share":29.927007299270077},{"id":"blair-herbert","name":"Blair Herbert","shortName":"Herbert","partyId":"LIB","votes":39,"share":28.467153284671532},{"id":"kathleen-code","name":"Kathleen Code","shortName":"Code","partyId":"GRN","votes":0,"share":0}],"partyVotes":{"LIB":39,"CPC":57,"BQ":0,"NDP":41,"GRN":0,"PPC":0,"OTH":0}}},"geometry":{"type":"Polygon","coordinates":[[[298.15,151.85],[298.14,151.84],[298.19,151.84],[298.2,151.83],[298.2,151.83],[298.19,151.84],[298.18,151.86],[298.18,151.87],[298.17,151.87],[298.15,151.85]]]}},{"type":"Feature","id":"59010-224","properties":{"ridingCode":"59010","pollNumber":"224","pollType":"N","advancePollNumber":"636","sourceCode":"224-0","geometryPollNumbers":["224"],"code":"59010-224","resultPollNumbers":["224"],"resultStatus":"exact","result":{"electors":669,"voters":226,"totalVotes":225,"rejected":1,"turnout":33.78176382660688,"winnerId":"jeff-kibble","winnerPartyId":"CPC","runnerUpId":"blair-herbert","runnerUpPartyId":"LIB","margin":12.444444444444445,"top":[{"id":"jeff-kibble","name":"Jeff Kibble","shortName":"Kibble","partyId":"CPC","votes":94,"share":41.77777777777778},{"id":"blair-herbert","name":"Blair Herbert","shortName":"Herbert","partyId":"LIB","votes":66,"share":29.333333333333332},{"id":"alistair-macgregor","name":"Alistair MacGregor","shortName":"MacGregor","partyId":"NDP","votes":62,"share":27.555555555555557},{"id":"kathleen-code","name":"Kathleen Code","shortName":"Code","partyId":"GRN","votes":3,"share":1.3333333333333335}],"partyVotes":{"LIB":66,"CPC":94,"BQ":0,"NDP":62,"GRN":3,"PPC":0,"OTH":0}}},"geometry":{"type":"Polygon","coordinates":[[[298.03,151.83],[298.04,151.82],[298.04,151.83],[298.05,151.82],[298.06,151.83],[298.07,151.83],[298.08,151.83],[298.09,151.83],[298.09,151.83],[298.09,151.85],[298.08,151.85],[298.06,151.84],[298.06,151.85],[298.05,151.84],[298.03,151.83]]]}},{"type":"Feature","id":"59010-225","properties":{"ridingCode":"59010","pollNumber":"225","pollType":"N","advancePollNumber":"637","sourceCode":"225-0","geometryPollNumbers":["225"],"code":"59010-225","resultPollNumbers":["225"],"resultStatus":"exact","result":{"electors":302,"voters":96,"totalVotes":96,"rejected":0,"turnout":31.788079470198678,"winnerId":"blair-herbert","winnerPartyId":"LIB","runnerUpId":"alistair-macgregor","runnerUpPartyId":"NDP","margin":0,"top":[{"id":"blair-herbert","name":"Blair Herbert","shortName":"Herbert","partyId":"LIB","votes":32,"share":33.33333333333333},{"id":"alistair-macgregor","name":"Alistair MacGregor","shortName":"MacGregor","partyId":"NDP","votes":32,"share":33.33333333333333},{"id":"jeff-kibble","name":"Jeff Kibble","shortName":"Kibble","partyId":"CPC","votes":30,"share":31.25},{"id":"kathleen-code","name":"Kathleen Code","shortName":"Code","partyId":"GRN","votes":2,"share":2.083333333333333}],"partyVotes":{"LIB":32,"CPC":30,"BQ":0,"NDP":32,"GRN":2,"PPC":0,"OTH":0}}},"geometry":{"type":"Polygon","coordinates":[[[298.09,151.85],[298.09,151.83],[298.09,151.83],[298.1,151.83],[298.11,151.82],[298.13,151.84],[298.11,151.86],[298.1,151.85],[298.09,151.85]]]}},{"type":"Feature","id":"59010-226","properties":{"ridingCode":"59010","pollNumber":"226","pollType":"N","advancePollNumber":"637","sourceCode":"226-0","geometryPollNumbers":["226"],"code":"59010-226","resultPollNumbers":["226"],"resultStatus":"exact","result":{"electors":646,"voters":241,"totalVotes":241,"rejected":0,"turnout":37.306501547987615,"winnerId":"jeff-kibble","winnerPartyId":"CPC","runnerUpId":"alistair-macgregor","runnerUpPartyId":"NDP","margin":10.78838174273859,"top":[{"id":"jeff-kibble","name":"Jeff Kibble","shortName":"Kibble","partyId":"CPC","votes":99,"share":41.078838174273855},{"id":"alistair-macgregor","name":"Alistair MacGregor","shortName":"MacGregor","partyId":"NDP","votes":73,"share":30.29045643153527},{"id":"blair-herbert","name":"Blair Herbert","shortName":"Herbert","partyId":"LIB","votes":62,"share":25.72614107883817},{"id":"kathleen-code","name":"Kathleen Code","shortName":"Code","partyId":"GRN","votes":7,"share":2.904564315352697}],"partyVotes":{"LIB":62,"CPC":99,"BQ":0,"NDP":73,"GRN":7,"PPC":0,"OTH":0}}},"geometry":{"type":"Polygon","coordinates":[[[298.06,151.8],[298.06,151.79],[298.08,151.79],[298.09,151.8],[298.09,151.8],[298.11,151.82],[298.1,151.83],[298.09,151.83],[298.08,151.83],[298.07,151.83],[298.06,151.83],[298.05,151.82],[298.04,151.83],[298.04,151.82],[298.04,151.8],[298.05,151.79],[298.06,151.8]]]}},{"type":"Feature","id":"59010-227","properties":{"ridingCode":"59010","pollNumber":"227","pollType":"N","advancePollNumber":"632","sourceCode":"227-0","geometryPollNumbers":["227"],"code":"59010-227","resultPollNumbers":["227"],"resultStatus":"exact","result":{"electors":226,"voters":90,"totalVotes":90,"rejected":0,"turnout":39.823008849557525,"winnerId":"jeff-kibble","winnerPartyId":"CPC","runnerUpId":"alistair-macgregor","runnerUpPartyId":"NDP","margin":21.11111111111111,"top":[{"id":"jeff-kibble","name":"Jeff Kibble","shortName":"Kibble","partyId":"CPC","votes":45,"share":50},{"id":"alistair-macgregor","name":"Alistair MacGregor","shortName":"MacGregor","partyId":"NDP","votes":26,"share":28.888888888888886},{"id":"blair-herbert","name":"Blair Herbert","shortName":"Herbert","partyId":"LIB","votes":18,"share":20},{"id":"kathleen-code","name":"Kathleen Code","shortName":"Code","partyId":"GRN","votes":1,"share":1.1111111111111112}],"partyVotes":{"LIB":18,"CPC":45,"BQ":0,"NDP":26,"GRN":1,"PPC":0,"OTH":0}}},"geometry":{"type":"Polygon","coordinates":[[[298.33,151.99],[298.33,151.99],[298.36,151.98],[298.38,151.99],[298.38,151.98],[298.38,151.97],[298.4,151.95],[298.4,151.94],[298.4,151.94],[298.42,151.94],[298.42,151.95],[298.41,151.97],[298.41,151.98],[298.41,151.99],[298.41,151.99],[298.41,152],[298.46,152.02],[298.46,152.02],[298.44,152.01],[298.37,151.99],[298.36,151.99],[298.33,151.99]]]}},{"type":"Feature","id":"59010-228","properties":{"ridingCode":"59010","pollNumber":"228","pollType":"N","advancePollNumber":"632","sourceCode":"228-0","geometryPollNumbers":["228"],"code":"59010-228","resultPollNumbers":["228"],"resultStatus":"exact","result":{"electors":516,"voters":202,"totalVotes":201,"rejected":1,"turnout":39.14728682170542,"winnerId":"alistair-macgregor","winnerPartyId":"NDP","runnerUpId":"jeff-kibble","runnerUpPartyId":"CPC","margin":7.960199004975125,"top":[{"id":"alistair-macgregor","name":"Alistair MacGregor","shortName":"MacGregor","partyId":"NDP","votes":82,"share":40.79601990049751},{"id":"jeff-kibble","name":"Jeff Kibble","shortName":"Kibble","partyId":"CPC","votes":66,"share":32.83582089552239},{"id":"blair-herbert","name":"Blair Herbert","shortName":"Herbert","partyId":"LIB","votes":46,"share":22.885572139303484},{"id":"kathleen-code","name":"Kathleen Code","shortName":"Code","partyId":"GRN","votes":7,"share":3.482587064676617}],"partyVotes":{"LIB":46,"CPC":66,"BQ":0,"NDP":82,"GRN":7,"PPC":0,"OTH":0}}},"geometry":{"type":"Polygon","coordinates":[[[298.41,152],[298.41,151.99],[298.41,151.99],[298.41,151.98],[298.41,151.97],[298.42,151.95],[298.42,151.94],[298.46,151.93],[298.47,151.93],[298.46,152.02],[298.41,152]]]}},{"type":"Feature","id":"59010-229","properties":{"ridingCode":"59010","pollNumber":"229","pollType":"N","advancePollNumber":"632","sourceCode":"229-0","geometryPollNumbers":["229"],"code":"59010-229","resultPollNumbers":["229"],"resultStatus":"exact","result":{"electors":511,"voters":182,"totalVotes":180,"rejected":2,"turnout":35.61643835616438,"winnerId":"jeff-kibble","winnerPartyId":"CPC","runnerUpId":"alistair-macgregor","runnerUpPartyId":"NDP","margin":1.6666666666666667,"top":[{"id":"jeff-kibble","name":"Jeff Kibble","shortName":"Kibble","partyId":"CPC","votes":65,"share":36.11111111111111},{"id":"alistair-macgregor","name":"Alistair MacGregor","shortName":"MacGregor","partyId":"NDP","votes":62,"share":34.44444444444444},{"id":"blair-herbert","name":"Blair Herbert","shortName":"Herbert","partyId":"LIB","votes":45,"share":25},{"id":"kathleen-code","name":"Kathleen Code","shortName":"Code","partyId":"GRN","votes":8,"share":4.444444444444445}],"partyVotes":{"LIB":45,"CPC":65,"BQ":0,"NDP":62,"GRN":8,"PPC":0,"OTH":0}}},"geometry":{"type":"Polygon","coordinates":[[[298.33,151.98],[298.33,151.97],[298.34,151.97],[298.34,151.97],[298.33,151.95],[298.35,151.94],[298.35,151.94],[298.35,151.94],[298.37,151.95],[298.38,151.97],[298.38,151.98],[298.38,151.99],[298.36,151.98],[298.33,151.99],[298.33,151.98]]]}},{"type":"Feature","id":"59010-230","properties":{"ridingCode":"59010","pollNumber":"230","pollType":"N","advancePollNumber":"632","sourceCode":"230-0","geometryPollNumbers":["230"],"code":"59010-230","resultPollNumbers":["230"],"resultStatus":"exact","result":{"electors":264,"voters":88,"totalVotes":88,"rejected":0,"turnout":33.33333333333333,"winnerId":"alistair-macgregor","winnerPartyId":"NDP","runnerUpId":"jeff-kibble","runnerUpPartyId":"CPC","margin":18.181818181818183,"top":[{"id":"alistair-macgregor","name":"Alistair MacGregor","shortName":"MacGregor","partyId":"NDP","votes":42,"share":47.72727272727273},{"id":"jeff-kibble","name":"Jeff Kibble","shortName":"Kibble","partyId":"CPC","votes":26,"share":29.545454545454547},{"id":"blair-herbert","name":"Blair Herbert","shortName":"Herbert","partyId":"LIB","votes":19,"share":21.59090909090909},{"id":"kathleen-code","name":"Kathleen Code","shortName":"Code","partyId":"GRN","votes":1,"share":1.1363636363636365}],"partyVotes":{"LIB":19,"CPC":26,"BQ":0,"NDP":42,"GRN":1,"PPC":0,"OTH":0}}},"geometry":{"type":"Polygon","coordinates":[[[298.32,151.92],[298.33,151.92],[298.32,151.91],[298.34,151.91],[298.34,151.91],[298.35,151.91],[298.35,151.92],[298.35,151.92],[298.35,151.93],[298.35,151.94],[298.35,151.94],[298.33,151.95],[298.34,151.97],[298.34,151.97],[298.33,151.97],[298.33,151.95],[298.33,151.94],[298.32,151.92]]]}},{"type":"Feature","id":"59010-231","properties":{"ridingCode":"59010","pollNumber":"231","pollType":"N","advancePollNumber":"632","sourceCode":"231-0","geometryPollNumbers":["231"],"code":"59010-231","resultPollNumbers":["231"],"resultStatus":"exact","result":{"electors":501,"voters":188,"totalVotes":188,"rejected":0,"turnout":37.5249500998004,"winnerId":"alistair-macgregor","winnerPartyId":"NDP","runnerUpId":"jeff-kibble","runnerUpPartyId":"CPC","margin":10.106382978723403,"top":[{"id":"alistair-macgregor","name":"Alistair MacGregor","shortName":"MacGregor","partyId":"NDP","votes":78,"share":41.48936170212766},{"id":"jeff-kibble","name":"Jeff Kibble","shortName":"Kibble","partyId":"CPC","votes":59,"share":31.382978723404253},{"id":"blair-herbert","name":"Blair Herbert","shortName":"Herbert","partyId":"LIB","votes":42,"share":22.340425531914892},{"id":"kathleen-code","name":"Kathleen Code","shortName":"Code","partyId":"GRN","votes":9,"share":4.787234042553192}],"partyVotes":{"LIB":42,"CPC":59,"BQ":0,"NDP":78,"GRN":9,"PPC":0,"OTH":0}}},"geometry":{"type":"Polygon","coordinates":[[[298.38,151.9],[298.38,151.91],[298.39,151.94],[298.4,151.95],[298.38,151.97],[298.37,151.95],[298.35,151.94],[298.35,151.94],[298.35,151.93],[298.35,151.92],[298.35,151.92],[298.35,151.91],[298.34,151.91],[298.34,151.91],[298.36,151.91],[298.37,151.89],[298.38,151.89],[298.38,151.9]]]}},{"type":"Feature","id":"59010-232","properties":{"ridingCode":"59010","pollNumber":"232","pollType":"N","advancePollNumber":"632","sourceCode":"232-0","geometryPollNumbers":["232"],"code":"59010-232","resultPollNumbers":["232"],"resultStatus":"exact","result":{"electors":532,"voters":227,"totalVotes":226,"rejected":1,"turnout":42.66917293233083,"winnerId":"alistair-macgregor","winnerPartyId":"NDP","runnerUpId":"jeff-kibble","runnerUpPartyId":"CPC","margin":1.3274336283185841,"top":[{"id":"alistair-macgregor","name":"Alistair MacGregor","shortName":"MacGregor","partyId":"NDP","votes":76,"share":33.6283185840708},{"id":"jeff-kibble","name":"Jeff Kibble","shortName":"Kibble","partyId":"CPC","votes":73,"share":32.30088495575221},{"id":"blair-herbert","name":"Blair Herbert","shortName":"Herbert","partyId":"LIB","votes":72,"share":31.858407079646017},{"id":"kathleen-code","name":"Kathleen Code","shortName":"Code","partyId":"GRN","votes":5,"share":2.2123893805309733}],"partyVotes":{"LIB":72,"CPC":73,"BQ":0,"NDP":76,"GRN":5,"PPC":0,"OTH":0}}},"geometry":{"type":"Polygon","coordinates":[[[298.4,151.94],[298.4,151.94],[298.4,151.95],[298.39,151.94],[298.38,151.91],[298.38,151.9],[298.38,151.89],[298.38,151.89],[298.38,151.89],[298.4,151.89],[298.42,151.87],[298.43,151.87],[298.43,151.86],[298.44,151.86],[298.44,151.88],[298.45,151.88],[298.45,151.89],[298.47,151.91],[298.46,151.93],[298.42,151.94],[298.4,151.94]]]}},{"type":"Feature","id":"59010-233","properties":{"ridingCode":"59010","pollNumber":"233","pollType":"N","advancePollNumber":"632","sourceCode":"233-0","geometryPollNumbers":["233"],"code":"59010-233","resultPollNumbers":["233"],"resultStatus":"exact","result":{"electors":522,"voters":232,"totalVotes":230,"rejected":2,"turnout":44.44444444444444,"winnerId":"jeff-kibble","winnerPartyId":"CPC","runnerUpId":"blair-herbert","runnerUpPartyId":"LIB","margin":3.91304347826087,"top":[{"id":"jeff-kibble","name":"Jeff Kibble","shortName":"Kibble","partyId":"CPC","votes":84,"share":36.52173913043478},{"id":"blair-herbert","name":"Blair Herbert","shortName":"Herbert","partyId":"LIB","votes":75,"share":32.608695652173914},{"id":"alistair-macgregor","name":"Alistair MacGregor","shortName":"MacGregor","partyId":"NDP","votes":68,"share":29.565217391304348},{"id":"kathleen-code","name":"Kathleen Code","shortName":"Code","partyId":"GRN","votes":3,"share":1.3043478260869565}],"partyVotes":{"LIB":75,"CPC":84,"BQ":0,"NDP":68,"GRN":3,"PPC":0,"OTH":0}}},"geometry":{"type":"Polygon","coordinates":[[[298.46,151.84],[298.49,151.85],[298.48,151.86],[298.48,151.88],[298.47,151.93],[298.46,151.93],[298.47,151.91],[298.45,151.89],[298.45,151.88],[298.44,151.88],[298.44,151.86],[298.43,151.86],[298.43,151.87],[298.42,151.87],[298.42,151.86],[298.43,151.85],[298.43,151.84],[298.44,151.84],[298.46,151.84]]]}},{"type":"Feature","id":"59010-234","properties":{"ridingCode":"59010","pollNumber":"234","pollType":"N","advancePollNumber":"632","sourceCode":"234-0","geometryPollNumbers":["234"],"code":"59010-234","resultPollNumbers":["234"],"resultStatus":"exact","result":{"electors":513,"voters":202,"totalVotes":202,"rejected":0,"turnout":39.37621832358674,"winnerId":"alistair-macgregor","winnerPartyId":"NDP","runnerUpId":"jeff-kibble","runnerUpPartyId":"CPC","margin":1.4851485148514851,"top":[{"id":"alistair-macgregor","name":"Alistair MacGregor","shortName":"MacGregor","partyId":"NDP","votes":68,"share":33.663366336633665},{"id":"jeff-kibble","name":"Jeff Kibble","shortName":"Kibble","partyId":"CPC","votes":65,"share":32.17821782178218},{"id":"blair-herbert","name":"Blair Herbert","shortName":"Herbert","partyId":"LIB","votes":61,"share":30.198019801980198},{"id":"kathleen-code","name":"Kathleen Code","shortName":"Code","partyId":"GRN","votes":8,"share":3.9603960396039604}],"partyVotes":{"LIB":61,"CPC":65,"BQ":0,"NDP":68,"GRN":8,"PPC":0,"OTH":0}}},"geometry":{"type":"Polygon","coordinates":[[[298.37,151.85],[298.39,151.83],[298.4,151.85],[298.41,151.85],[298.41,151.83],[298.41,151.83],[298.43,151.83],[298.44,151.83],[298.45,151.83],[298.45,151.82],[298.46,151.82],[298.46,151.82],[298.47,151.82],[298.47,151.83],[298.48,151.83],[298.49,151.84],[298.49,151.85],[298.46,151.84],[298.44,151.84],[298.43,151.84],[298.43,151.85],[298.42,151.86],[298.42,151.87],[298.4,151.89],[298.38,151.89],[298.37,151.88],[298.38,151.87],[298.38,151.87],[298.38,151.87],[298.37,151.85]]]}},{"type":"Feature","id":"59010-235","properties":{"ridingCode":"59010","pollNumber":"235","pollType":"N","advancePollNumber":"636","sourceCode":"235-0","geometryPollNumbers":["235"],"code":"59010-235","resultPollNumbers":["235"],"resultStatus":"exact","result":{"electors":426,"voters":161,"totalVotes":161,"rejected":0,"turnout":37.79342723004695,"winnerId":"jeff-kibble","winnerPartyId":"CPC","runnerUpId":"alistair-macgregor","runnerUpPartyId":"NDP","margin":4.3478260869565215,"top":[{"id":"jeff-kibble","name":"Jeff Kibble","shortName":"Kibble","partyId":"CPC","votes":62,"share":38.50931677018634},{"id":"alistair-macgregor","name":"Alistair MacGregor","shortName":"MacGregor","partyId":"NDP","votes":55,"share":34.161490683229815},{"id":"blair-herbert","name":"Blair Herbert","shortName":"Herbert","partyId":"LIB","votes":41,"share":25.465838509316768},{"id":"kathleen-code","name":"Kathleen Code","shortName":"Code","partyId":"GRN","votes":3,"share":1.8633540372670807}],"partyVotes":{"LIB":41,"CPC":62,"BQ":0,"NDP":55,"GRN":3,"PPC":0,"OTH":0}}},"geometry":{"type":"Polygon","coordinates":[[[297.98,151.85],[297.97,151.84],[297.98,151.82],[297.96,151.8],[297.97,151.79],[297.99,151.82],[298,151.82],[298,151.82],[298.02,151.83],[298.03,151.83],[298.05,151.84],[298.05,151.85],[298.04,151.85],[297.98,151.85],[297.98,151.85]]]}},{"type":"Feature","id":"59010-236","properties":{"ridingCode":"59010","pollNumber":"236","pollType":"N","advancePollNumber":"636","sourceCode":"236-0","geometryPollNumbers":["236"],"code":"59010-236","resultPollNumbers":["236"],"resultStatus":"exact","result":{"electors":447,"voters":147,"totalVotes":147,"rejected":0,"turnout":32.88590604026846,"winnerId":"jeff-kibble","winnerPartyId":"CPC","runnerUpId":"alistair-macgregor","runnerUpPartyId":"NDP","margin":0.6802721088435374,"top":[{"id":"jeff-kibble","name":"Jeff Kibble","shortName":"Kibble","partyId":"CPC","votes":49,"share":33.33333333333333},{"id":"alistair-macgregor","name":"Alistair MacGregor","shortName":"MacGregor","partyId":"NDP","votes":48,"share":32.6530612244898},{"id":"blair-herbert","name":"Blair Herbert","shortName":"Herbert","partyId":"LIB","votes":45,"share":30.612244897959183},{"id":"kathleen-code","name":"Kathleen Code","shortName":"Code","partyId":"GRN","votes":5,"share":3.4013605442176873}],"partyVotes":{"LIB":45,"CPC":49,"BQ":0,"NDP":48,"GRN":5,"PPC":0,"OTH":0}}},"geometry":{"type":"Polygon","coordinates":[[[297.9,151.84],[297.85,151.84],[297.89,151.8],[297.9,151.78],[297.92,151.78],[297.92,151.78],[297.95,151.81],[297.96,151.8],[297.98,151.82],[297.97,151.84],[297.98,151.85],[297.98,151.85],[297.98,151.86],[297.97,151.86],[297.96,151.86],[297.95,151.85],[297.92,151.86],[297.92,151.86],[297.9,151.84]]]}},{"type":"Feature","id":"59010-237","properties":{"ridingCode":"59010","pollNumber":"237","pollType":"N","advancePollNumber":"637","sourceCode":"237-0","geometryPollNumbers":["237"],"code":"59010-237","resultPollNumbers":["237"],"resultStatus":"exact","result":{"electors":420,"voters":149,"totalVotes":149,"rejected":0,"turnout":35.476190476190474,"winnerId":"jeff-kibble","winnerPartyId":"CPC","runnerUpId":"alistair-macgregor","runnerUpPartyId":"NDP","margin":4.026845637583892,"top":[{"id":"jeff-kibble","name":"Jeff Kibble","shortName":"Kibble","partyId":"CPC","votes":58,"share":38.92617449664429},{"id":"alistair-macgregor","name":"Alistair MacGregor","shortName":"MacGregor","partyId":"NDP","votes":52,"share":34.899328859060404},{"id":"blair-herbert","name":"Blair Herbert","shortName":"Herbert","partyId":"LIB","votes":37,"share":24.832214765100673},{"id":"kathleen-code","name":"Kathleen Code","shortName":"Code","partyId":"GRN","votes":2,"share":1.342281879194631}],"partyVotes":{"LIB":37,"CPC":58,"BQ":0,"NDP":52,"GRN":2,"PPC":0,"OTH":0}}},"geometry":{"type":"Polygon","coordinates":[[[297.99,151.8],[298,151.79],[298,151.79],[298,151.78],[298.02,151.76],[298.06,151.79],[298.06,151.79],[298.06,151.8],[298.05,151.79],[298.04,151.8],[298.04,151.82],[298.03,151.83],[298.02,151.83],[298,151.82],[298,151.82],[297.98,151.8],[297.99,151.8],[297.99,151.8]]]}},{"type":"Feature","id":"59010-238","properties":{"ridingCode":"59010","pollNumber":"238","pollType":"N","advancePollNumber":"637","sourceCode":"238-0","geometryPollNumbers":["238"],"code":"59010-238","resultPollNumbers":["238"],"resultStatus":"exact","result":{"electors":584,"voters":213,"totalVotes":213,"rejected":0,"turnout":36.47260273972603,"winnerId":"alistair-macgregor","winnerPartyId":"NDP","runnerUpId":"blair-herbert","runnerUpPartyId":"LIB","margin":7.511737089201878,"top":[{"id":"alistair-macgregor","name":"Alistair MacGregor","shortName":"MacGregor","partyId":"NDP","votes":83,"share":38.967136150234744},{"id":"blair-herbert","name":"Blair Herbert","shortName":"Herbert","partyId":"LIB","votes":67,"share":31.455399061032864},{"id":"jeff-kibble","name":"Jeff Kibble","shortName":"Kibble","partyId":"CPC","votes":60,"share":28.169014084507044},{"id":"kathleen-code","name":"Kathleen Code","shortName":"Code","partyId":"GRN","votes":3,"share":1.4084507042253522}],"partyVotes":{"LIB":67,"CPC":60,"BQ":0,"NDP":83,"GRN":3,"PPC":0,"OTH":0}}},"geometry":{"type":"Polygon","coordinates":[[[297.97,151.79],[297.96,151.77],[297.96,151.76],[297.97,151.76],[298,151.79],[297.99,151.8],[297.99,151.8],[297.98,151.8],[298,151.82],[297.99,151.82],[297.97,151.79],[297.96,151.79],[297.97,151.79]]]}},{"type":"Feature","id":"59010-239","properties":{"ridingCode":"59010","pollNumber":"239","pollType":"N","advancePollNumber":"636","sourceCode":"239-0","geometryPollNumbers":["239"],"code":"59010-239","resultPollNumbers":["239"],"resultStatus":"exact","result":{"electors":568,"voters":229,"totalVotes":229,"rejected":0,"turnout":40.316901408450704,"winnerId":"jeff-kibble","winnerPartyId":"CPC","runnerUpId":"alistair-macgregor","runnerUpPartyId":"NDP","margin":1.3100436681222707,"top":[{"id":"jeff-kibble","name":"Jeff Kibble","shortName":"Kibble","partyId":"CPC","votes":82,"share":35.80786026200873},{"id":"alistair-macgregor","name":"Alistair MacGregor","shortName":"MacGregor","partyId":"NDP","votes":79,"share":34.49781659388647},{"id":"blair-herbert","name":"Blair Herbert","shortName":"Herbert","partyId":"LIB","votes":62,"share":27.074235807860266},{"id":"kathleen-code","name":"Kathleen Code","shortName":"Code","partyId":"GRN","votes":6,"share":2.6200873362445414}],"partyVotes":{"LIB":62,"CPC":82,"BQ":0,"NDP":79,"GRN":6,"PPC":0,"OTH":0}}},"geometry":{"type":"Polygon","coordinates":[[[297.74,151.91],[297.72,151.9],[297.76,151.86],[297.73,151.84],[297.75,151.83],[297.74,151.81],[297.74,151.81],[297.75,151.8],[297.75,151.79],[297.76,151.78],[297.75,151.74],[297.75,151.72],[297.81,151.67],[297.82,151.68],[297.85,151.66],[297.86,151.67],[297.91,151.68],[297.91,151.68],[297.93,151.71],[297.94,151.73],[297.92,151.76],[297.92,151.78],[297.9,151.78],[297.89,151.8],[297.85,151.84],[297.82,151.85],[297.81,151.85],[297.8,151.86],[297.79,151.88],[297.79,151.89],[297.78,151.88],[297.75,151.91],[297.74,151.91]]]}},{"type":"Feature","id":"59010-240","properties":{"ridingCode":"59010","pollNumber":"240","pollType":"N","advancePollNumber":"636","sourceCode":"240-0","geometryPollNumbers":["240"],"code":"59010-240","resultPollNumbers":["240"],"resultStatus":"exact","result":{"electors":358,"voters":133,"totalVotes":133,"rejected":0,"turnout":37.150837988826815,"winnerId":"jeff-kibble","winnerPartyId":"CPC","runnerUpId":"blair-herbert","runnerUpPartyId":"LIB","margin":21.804511278195488,"top":[{"id":"jeff-kibble","name":"Jeff Kibble","shortName":"Kibble","partyId":"CPC","votes":64,"share":48.1203007518797},{"id":"blair-herbert","name":"Blair Herbert","shortName":"Herbert","partyId":"LIB","votes":35,"share":26.31578947368421},{"id":"alistair-macgregor","name":"Alistair MacGregor","shortName":"MacGregor","partyId":"NDP","votes":32,"share":24.06015037593985},{"id":"kathleen-code","name":"Kathleen Code","shortName":"Code","partyId":"GRN","votes":2,"share":1.5037593984962405}],"partyVotes":{"LIB":35,"CPC":64,"BQ":0,"NDP":32,"GRN":2,"PPC":0,"OTH":0}}},"geometry":{"type":"Polygon","coordinates":[[[297.94,151.74],[297.96,151.74],[297.96,151.74],[297.96,151.75],[297.95,151.75],[297.96,151.77],[297.97,151.79],[297.96,151.79],[297.97,151.79],[297.96,151.8],[297.95,151.81],[297.92,151.78],[297.92,151.78],[297.92,151.76],[297.94,151.73],[297.94,151.74]]]}},{"type":"Feature","id":"59010-241","properties":{"ridingCode":"59010","pollNumber":"241","pollType":"N","advancePollNumber":"637","sourceCode":"241-0","geometryPollNumbers":["241"],"code":"59010-241","resultPollNumbers":["241"],"resultStatus":"exact","result":{"electors":375,"voters":151,"totalVotes":151,"rejected":0,"turnout":40.266666666666666,"winnerId":"jeff-kibble","winnerPartyId":"CPC","runnerUpId":"blair-herbert","runnerUpPartyId":"LIB","margin":5.298013245033113,"top":[{"id":"jeff-kibble","name":"Jeff Kibble","shortName":"Kibble","partyId":"CPC","votes":55,"share":36.423841059602644},{"id":"blair-herbert","name":"Blair Herbert","shortName":"Herbert","partyId":"LIB","votes":47,"share":31.125827814569533},{"id":"alistair-macgregor","name":"Alistair MacGregor","shortName":"MacGregor","partyId":"NDP","votes":47,"share":31.125827814569533},{"id":"kathleen-code","name":"Kathleen Code","shortName":"Code","partyId":"GRN","votes":2,"share":1.3245033112582782}],"partyVotes":{"LIB":47,"CPC":55,"BQ":0,"NDP":47,"GRN":2,"PPC":0,"OTH":0}}},"geometry":{"type":"Polygon","coordinates":[[[297.96,151.74],[297.96,151.73],[298,151.75],[298.02,151.76],[298,151.78],[298,151.79],[298,151.79],[297.97,151.76],[297.96,151.76],[297.96,151.77],[297.95,151.75],[297.96,151.75],[297.96,151.74]]]}},{"type":"Feature","id":"59010-242","properties":{"ridingCode":"59010","pollNumber":"242","pollType":"N","advancePollNumber":"637","sourceCode":"242-0","geometryPollNumbers":["242"],"code":"59010-242","resultPollNumbers":["242"],"resultStatus":"exact","result":{"electors":337,"voters":123,"totalVotes":123,"rejected":0,"turnout":36.49851632047478,"winnerId":"jeff-kibble","winnerPartyId":"CPC","runnerUpId":"blair-herbert","runnerUpPartyId":"LIB","margin":2.4390243902439024,"top":[{"id":"jeff-kibble","name":"Jeff Kibble","shortName":"Kibble","partyId":"CPC","votes":45,"share":36.58536585365854},{"id":"blair-herbert","name":"Blair Herbert","shortName":"Herbert","partyId":"LIB","votes":42,"share":34.146341463414636},{"id":"alistair-macgregor","name":"Alistair MacGregor","shortName":"MacGregor","partyId":"NDP","votes":32,"share":26.01626016260163},{"id":"kathleen-code","name":"Kathleen Code","shortName":"Code","partyId":"GRN","votes":4,"share":3.2520325203252036}],"partyVotes":{"LIB":42,"CPC":45,"BQ":0,"NDP":32,"GRN":4,"PPC":0,"OTH":0}}},"geometry":{"type":"Polygon","coordinates":[[[298.07,151.7],[298.1,151.74],[298.12,151.76],[298.09,151.8],[298.08,151.79],[298.06,151.79],[298.06,151.79],[298.02,151.76],[298,151.75],[298.01,151.72],[298.02,151.7],[298.02,151.68],[298.04,151.67],[298.04,151.67],[298.04,151.68],[298.05,151.68],[298.07,151.7],[298.07,151.7]]]}},{"type":"Feature","id":"59010-243","properties":{"ridingCode":"59010","pollNumber":"243","pollType":"N","advancePollNumber":"637","sourceCode":"243-0","geometryPollNumbers":["243"],"code":"59010-243","resultPollNumbers":["243"],"resultStatus":"exact","result":{"electors":479,"voters":207,"totalVotes":204,"rejected":3,"turnout":43.21503131524008,"winnerId":"jeff-kibble","winnerPartyId":"CPC","runnerUpId":"alistair-macgregor","runnerUpPartyId":"NDP","margin":21.07843137254902,"top":[{"id":"jeff-kibble","name":"Jeff Kibble","shortName":"Kibble","partyId":"CPC","votes":96,"share":47.05882352941176},{"id":"alistair-macgregor","name":"Alistair MacGregor","shortName":"MacGregor","partyId":"NDP","votes":53,"share":25.98039215686275},{"id":"blair-herbert","name":"Blair Herbert","shortName":"Herbert","partyId":"LIB","votes":51,"share":25},{"id":"kathleen-code","name":"Kathleen Code","shortName":"Code","partyId":"GRN","votes":4,"share":1.9607843137254901}],"partyVotes":{"LIB":51,"CPC":96,"BQ":0,"NDP":53,"GRN":4,"PPC":0,"OTH":0}}},"geometry":{"type":"Polygon","coordinates":[[[297.96,151.73],[297.96,151.74],[297.96,151.74],[297.94,151.74],[297.94,151.73],[297.93,151.71],[297.95,151.68],[298.01,151.72],[298,151.75],[297.96,151.73]]]}},{"type":"Feature","id":"59010-244","properties":{"ridingCode":"59010","pollNumber":"244","pollType":"N","advancePollNumber":"637","sourceCode":"244-0","geometryPollNumbers":["244"],"code":"59010-244","resultPollNumbers":["244"],"resultStatus":"exact","result":{"electors":481,"voters":212,"totalVotes":210,"rejected":2,"turnout":44.07484407484408,"winnerId":"jeff-kibble","winnerPartyId":"CPC","runnerUpId":"blair-herbert","runnerUpPartyId":"LIB","margin":22.380952380952383,"top":[{"id":"jeff-kibble","name":"Jeff Kibble","shortName":"Kibble","partyId":"CPC","votes":104,"share":49.523809523809526},{"id":"blair-herbert","name":"Blair Herbert","shortName":"Herbert","partyId":"LIB","votes":57,"share":27.142857142857142},{"id":"alistair-macgregor","name":"Alistair MacGregor","shortName":"MacGregor","partyId":"NDP","votes":48,"share":22.857142857142858},{"id":"kathleen-code","name":"Kathleen Code","shortName":"Code","partyId":"GRN","votes":1,"share":0.4761904761904762}],"partyVotes":{"LIB":57,"CPC":104,"BQ":0,"NDP":48,"GRN":1,"PPC":0,"OTH":0}}},"geometry":{"type":"Polygon","coordinates":[[[297.95,151.68],[297.93,151.71],[297.91,151.68],[297.91,151.67],[297.91,151.66],[297.92,151.65],[297.96,151.63],[297.97,151.63],[297.98,151.64],[297.99,151.65],[297.98,151.66],[297.98,151.67],[298.02,151.7],[298.01,151.72],[297.95,151.68]]]}},{"type":"Feature","id":"59010-245","properties":{"ridingCode":"59010","pollNumber":"245","pollType":"N","advancePollNumber":"637","sourceCode":"245-0","geometryPollNumbers":["245"],"code":"59010-245","resultPollNumbers":["245"],"resultStatus":"exact","result":{"electors":370,"voters":159,"totalVotes":159,"rejected":0,"turnout":42.972972972972975,"winnerId":"jeff-kibble","winnerPartyId":"CPC","runnerUpId":"blair-herbert","runnerUpPartyId":"LIB","margin":3.1446540880503147,"top":[{"id":"jeff-kibble","name":"Jeff Kibble","shortName":"Kibble","partyId":"CPC","votes":61,"share":38.36477987421384},{"id":"blair-herbert","name":"Blair Herbert","shortName":"Herbert","partyId":"LIB","votes":56,"share":35.22012578616352},{"id":"alistair-macgregor","name":"Alistair MacGregor","shortName":"MacGregor","partyId":"NDP","votes":39,"share":24.528301886792452},{"id":"kathleen-code","name":"Kathleen Code","shortName":"Code","partyId":"GRN","votes":3,"share":1.8867924528301887}],"partyVotes":{"LIB":56,"CPC":61,"BQ":0,"NDP":39,"GRN":3,"PPC":0,"OTH":0}}},"geometry":{"type":"Polygon","coordinates":[[[297.99,151.65],[298,151.63],[298,151.63],[298,151.63],[298.02,151.64],[298.02,151.63],[298.03,151.64],[298.03,151.63],[298.04,151.63],[298.04,151.63],[298.05,151.63],[298.05,151.64],[298.04,151.65],[298.04,151.66],[298.04,151.67],[298.04,151.67],[298.02,151.68],[298.02,151.7],[297.98,151.67],[297.98,151.66],[297.99,151.65]]]}},{"type":"Feature","id":"59010-246","properties":{"ridingCode":"59010","pollNumber":"246","pollType":"N","advancePollNumber":"636","sourceCode":"246-0","geometryPollNumbers":["246"],"code":"59010-246","resultPollNumbers":["246"],"resultStatus":"exact","result":{"electors":557,"voters":245,"totalVotes":242,"rejected":3,"turnout":43.98563734290844,"winnerId":"jeff-kibble","winnerPartyId":"CPC","runnerUpId":"blair-herbert","runnerUpPartyId":"LIB","margin":10.330578512396695,"top":[{"id":"jeff-kibble","name":"Jeff Kibble","shortName":"Kibble","partyId":"CPC","votes":102,"share":42.14876033057851},{"id":"blair-herbert","name":"Blair Herbert","shortName":"Herbert","partyId":"LIB","votes":77,"share":31.818181818181817},{"id":"alistair-macgregor","name":"Alistair MacGregor","shortName":"MacGregor","partyId":"NDP","votes":57,"share":23.553719008264462},{"id":"kathleen-code","name":"Kathleen Code","shortName":"Code","partyId":"GRN","votes":6,"share":2.479338842975207}],"partyVotes":{"LIB":77,"CPC":102,"BQ":0,"NDP":57,"GRN":6,"PPC":0,"OTH":0}}},"geometry":{"type":"Polygon","coordinates":[[[297.91,151.68],[297.86,151.67],[297.85,151.66],[297.85,151.65],[297.87,151.63],[297.89,151.61],[297.9,151.61],[297.91,151.68]]]}},{"type":"Feature","id":"59010-247","properties":{"ridingCode":"59010","pollNumber":"247","pollType":"N","advancePollNumber":"637","sourceCode":"247-0","geometryPollNumbers":["247"],"code":"59010-247","resultPollNumbers":["247"],"resultStatus":"exact","result":{"electors":370,"voters":158,"totalVotes":157,"rejected":1,"turnout":42.7027027027027,"winnerId":"blair-herbert","winnerPartyId":"LIB","runnerUpId":"jeff-kibble","runnerUpPartyId":"CPC","margin":0.6369426751592357,"top":[{"id":"blair-herbert","name":"Blair Herbert","shortName":"Herbert","partyId":"LIB","votes":55,"share":35.03184713375796},{"id":"jeff-kibble","name":"Jeff Kibble","shortName":"Kibble","partyId":"CPC","votes":54,"share":34.394904458598724},{"id":"alistair-macgregor","name":"Alistair MacGregor","shortName":"MacGregor","partyId":"NDP","votes":45,"share":28.662420382165603},{"id":"kathleen-code","name":"Kathleen Code","shortName":"Code","partyId":"GRN","votes":3,"share":1.910828025477707}],"partyVotes":{"LIB":55,"CPC":54,"BQ":0,"NDP":45,"GRN":3,"PPC":0,"OTH":0}}},"geometry":{"type":"Polygon","coordinates":[[[298,151.63],[298.02,151.6],[298.04,151.62],[298.05,151.61],[298.06,151.63],[298.06,151.63],[298.05,151.66],[298.06,151.67],[298.05,151.67],[298.04,151.67],[298.05,151.68],[298.05,151.68],[298.04,151.68],[298.04,151.67],[298.04,151.66],[298.04,151.65],[298.05,151.64],[298.05,151.63],[298.04,151.63],[298.04,151.63],[298.03,151.63],[298.03,151.64],[298.02,151.63],[298.02,151.64],[298,151.63],[298,151.63],[298,151.63]]]}},{"type":"Feature","id":"59010-248","properties":{"ridingCode":"59010","pollNumber":"248","pollType":"N","advancePollNumber":"636","sourceCode":"248-0","geometryPollNumbers":["248"],"code":"59010-248","resultPollNumbers":["248"],"resultStatus":"exact","result":{"electors":282,"voters":114,"totalVotes":114,"rejected":0,"turnout":40.42553191489361,"winnerId":"jeff-kibble","winnerPartyId":"CPC","runnerUpId":"blair-herbert","runnerUpPartyId":"LIB","margin":8.771929824561402,"top":[{"id":"jeff-kibble","name":"Jeff Kibble","shortName":"Kibble","partyId":"CPC","votes":48,"share":42.10526315789473},{"id":"blair-herbert","name":"Blair Herbert","shortName":"Herbert","partyId":"LIB","votes":38,"share":33.33333333333333},{"id":"alistair-macgregor","name":"Alistair MacGregor","shortName":"MacGregor","partyId":"NDP","votes":27,"share":23.684210526315788},{"id":"kathleen-code","name":"Kathleen Code","shortName":"Code","partyId":"GRN","votes":1,"share":0.8771929824561403}],"partyVotes":{"LIB":38,"CPC":48,"BQ":0,"NDP":27,"GRN":1,"PPC":0,"OTH":0}}},"geometry":{"type":"Polygon","coordinates":[[[297.91,151.68],[297.9,151.61],[297.91,151.6],[297.91,151.61],[297.93,151.57],[297.96,151.53],[298.02,151.6],[298,151.63],[297.99,151.65],[297.98,151.64],[297.97,151.63],[297.96,151.63],[297.92,151.65],[297.91,151.66],[297.91,151.67],[297.91,151.68],[297.91,151.68]]]}},{"type":"Feature","id":"59010-500","properties":{"ridingCode":"59010","pollNumber":"500","pollType":"M","advancePollNumber":"605","sourceCode":"500-0","geometryPollNumbers":["500","501"],"code":"59010-500","resultPollNumbers":["500"],"resultStatus":"resolved-combination","result":{"electors":69,"voters":47,"totalVotes":42,"rejected":5,"turnout":68.11594202898551,"winnerId":"blair-herbert","winnerPartyId":"LIB","runnerUpId":"jeff-kibble","runnerUpPartyId":"CPC","margin":9.523809523809524,"top":[{"id":"blair-herbert","name":"Blair Herbert","shortName":"Herbert","partyId":"LIB","votes":15,"share":35.714285714285715},{"id":"jeff-kibble","name":"Jeff Kibble","shortName":"Kibble","partyId":"CPC","votes":11,"share":26.190476190476193},{"id":"alistair-macgregor","name":"Alistair MacGregor","shortName":"MacGregor","partyId":"NDP","votes":11,"share":26.190476190476193},{"id":"kathleen-code","name":"Kathleen Code","shortName":"Code","partyId":"GRN","votes":5,"share":11.904761904761903}],"partyVotes":{"LIB":15,"CPC":11,"BQ":0,"NDP":11,"GRN":5,"PPC":0,"OTH":0}}},"geometry":{"type":"MultiPolygon","coordinates":[[[[299.03,157.12],[299.03,157.12],[299.03,157.12],[299.03,157.12]]],[[[299.03,157.11],[299.03,157.11],[299.03,157.11],[299.03,157.11]]]]}},{"type":"Feature","id":"59010-505","properties":{"ridingCode":"59010","pollNumber":"505","pollType":"M","advancePollNumber":"616","sourceCode":"505-0","geometryPollNumbers":["504","505"],"code":"59010-505","resultPollNumbers":["505"],"resultStatus":"resolved-combination","result":{"electors":56,"voters":56,"totalVotes":54,"rejected":2,"turnout":100,"winnerId":"alistair-macgregor","winnerPartyId":"NDP","runnerUpId":"jeff-kibble","runnerUpPartyId":"CPC","margin":20.37037037037037,"top":[{"id":"alistair-macgregor","name":"Alistair MacGregor","shortName":"MacGregor","partyId":"NDP","votes":26,"share":48.148148148148145},{"id":"jeff-kibble","name":"Jeff Kibble","shortName":"Kibble","partyId":"CPC","votes":15,"share":27.77777777777778},{"id":"blair-herbert","name":"Blair Herbert","shortName":"Herbert","partyId":"LIB","votes":9,"share":16.666666666666664},{"id":"kathleen-code","name":"Kathleen Code","shortName":"Code","partyId":"GRN","votes":4,"share":7.4074074074074066}],"partyVotes":{"LIB":9,"CPC":15,"BQ":0,"NDP":26,"GRN":4,"PPC":0,"OTH":0}}},"geometry":{"type":"MultiPolygon","coordinates":[[[[298.43,155.75],[298.43,155.75],[298.43,155.75],[298.43,155.75]]],[[[298.31,155.86],[298.32,155.86],[298.32,155.86],[298.31,155.86]]]]}},{"type":"Feature","id":"59010-506","properties":{"ridingCode":"59010","pollNumber":"506","pollType":"M","advancePollNumber":"615","sourceCode":"509-0","geometryPollNumbers":["506","509"],"code":"59010-506","resultPollNumbers":["506"],"resultStatus":"resolved-combination","result":{"electors":102,"voters":75,"totalVotes":74,"rejected":1,"turnout":73.52941176470588,"winnerId":"blair-herbert","winnerPartyId":"LIB","runnerUpId":"alistair-macgregor","runnerUpPartyId":"NDP","margin":1.3513513513513513,"top":[{"id":"blair-herbert","name":"Blair Herbert","shortName":"Herbert","partyId":"LIB","votes":30,"share":40.54054054054054},{"id":"alistair-macgregor","name":"Alistair MacGregor","shortName":"MacGregor","partyId":"NDP","votes":29,"share":39.189189189189186},{"id":"jeff-kibble","name":"Jeff Kibble","shortName":"Kibble","partyId":"CPC","votes":12,"share":16.216216216216218},{"id":"kathleen-code","name":"Kathleen Code","shortName":"Code","partyId":"GRN","votes":3,"share":4.054054054054054}],"partyVotes":{"LIB":30,"CPC":12,"BQ":0,"NDP":29,"GRN":3,"PPC":0,"OTH":0}}},"geometry":{"type":"MultiPolygon","coordinates":[[[[298.41,155.65],[298.41,155.65],[298.41,155.65],[298.41,155.65]]],[[[298.41,155.71],[298.41,155.71],[298.41,155.71],[298.41,155.71]]]]}},{"type":"Feature","id":"59010-507","properties":{"ridingCode":"59010","pollNumber":"507","pollType":"M","advancePollNumber":"621","sourceCode":"508-0","geometryPollNumbers":["507","508"],"code":"59010-507","resultPollNumbers":["507"],"resultStatus":"resolved-combination","result":{"electors":68,"voters":75,"totalVotes":73,"rejected":2,"turnout":110.29411764705883,"winnerId":"alistair-macgregor","winnerPartyId":"NDP","runnerUpId":"blair-herbert","runnerUpPartyId":"LIB","margin":2.73972602739726,"top":[{"id":"alistair-macgregor","name":"Alistair MacGregor","shortName":"MacGregor","partyId":"NDP","votes":27,"share":36.986301369863014},{"id":"blair-herbert","name":"Blair Herbert","shortName":"Herbert","partyId":"LIB","votes":25,"share":34.24657534246575},{"id":"jeff-kibble","name":"Jeff Kibble","shortName":"Kibble","partyId":"CPC","votes":18,"share":24.65753424657534},{"id":"kathleen-code","name":"Kathleen Code","shortName":"Code","partyId":"GRN","votes":3,"share":4.10958904109589}],"partyVotes":{"LIB":25,"CPC":18,"BQ":0,"NDP":27,"GRN":3,"PPC":0,"OTH":0}}},"geometry":{"type":"MultiPolygon","coordinates":[[[[298.4,155.68],[298.4,155.68],[298.4,155.68],[298.4,155.68]]],[[[298.4,155.69],[298.4,155.69],[298.4,155.69],[298.4,155.69]]]]}},{"type":"Feature","id":"59010-511","properties":{"ridingCode":"59010","pollNumber":"511","pollType":"M","advancePollNumber":"616","sourceCode":"511-0","geometryPollNumbers":["510","511"],"code":"59010-511","resultPollNumbers":["511"],"resultStatus":"resolved-combination","result":{"electors":75,"voters":57,"totalVotes":54,"rejected":3,"turnout":76,"winnerId":"alistair-macgregor","winnerPartyId":"NDP","runnerUpId":"blair-herbert","runnerUpPartyId":"LIB","margin":14.814814814814813,"top":[{"id":"alistair-macgregor","name":"Alistair MacGregor","shortName":"MacGregor","partyId":"NDP","votes":22,"share":40.74074074074074},{"id":"blair-herbert","name":"Blair Herbert","shortName":"Herbert","partyId":"LIB","votes":14,"share":25.925925925925924},{"id":"kathleen-code","name":"Kathleen Code","shortName":"Code","partyId":"GRN","votes":10,"share":18.51851851851852},{"id":"jeff-kibble","name":"Jeff Kibble","shortName":"Kibble","partyId":"CPC","votes":8,"share":14.814814814814813}],"partyVotes":{"LIB":14,"CPC":8,"BQ":0,"NDP":22,"GRN":10,"PPC":0,"OTH":0}}},"geometry":{"type":"MultiPolygon","coordinates":[[[[298.49,155.64],[298.49,155.64],[298.49,155.64],[298.49,155.64]]],[[[298.49,155.65],[298.49,155.65],[298.49,155.65],[298.49,155.65]]]]}},{"type":"Feature","id":"59010-515","properties":{"ridingCode":"59010","pollNumber":"515","pollType":"M","advancePollNumber":"632","sourceCode":"515-0","geometryPollNumbers":["515"],"code":"59010-515","resultPollNumbers":["515"],"resultStatus":"exact","result":{"electors":43,"voters":48,"totalVotes":47,"rejected":1,"turnout":111.62790697674419,"winnerId":"blair-herbert","winnerPartyId":"LIB","runnerUpId":"alistair-macgregor","runnerUpPartyId":"NDP","margin":12.76595744680851,"top":[{"id":"blair-herbert","name":"Blair Herbert","shortName":"Herbert","partyId":"LIB","votes":20,"share":42.5531914893617},{"id":"alistair-macgregor","name":"Alistair MacGregor","shortName":"MacGregor","partyId":"NDP","votes":14,"share":29.78723404255319},{"id":"jeff-kibble","name":"Jeff Kibble","shortName":"Kibble","partyId":"CPC","votes":11,"share":23.404255319148938},{"id":"kathleen-code","name":"Kathleen Code","shortName":"Code","partyId":"GRN","votes":2,"share":4.25531914893617}],"partyVotes":{"LIB":20,"CPC":11,"BQ":0,"NDP":14,"GRN":2,"PPC":0,"OTH":0}}},"geometry":{"type":"Polygon","coordinates":[[[298.35,151.86],[298.35,151.86],[298.35,151.86],[298.35,151.86],[298.35,151.86]]]}}]}